Original Sentence,Gold Sentence
"Sa Bongabon, alas-8:50 ng gabi ng Huwebes ay nanonood lang sa mga nagpapaputok sa loob ng kanilang bahay ang 8-anyos nang bigla umanong lumabas at pinulot ang isang hindi pumutok na kwitis saka inilagay sa isang bote ng softdrink.","Sa Bongabon, alas-8:50 ng gabi ng Huwebes ay nanonood lang sa mga nagpapaputok sa loob ng kanilang bahay ang 8-anyos nang bigla umanong lumabas at pinulot ang isang hindi pumutok na kwitis saka inilagay sa isang bote ng softdrink."
Magugunitang Setyembre noong nakalipas na taon nang suspendihin ni DOLE Secretary Silvestra Bello ang implementasyon ng TUPAD program sa QC-district 2 matapos na sumambulat ang anomalyang nangyayari dito.,Magugunitang Setyembre noong nakalipas na taon nang suspendihin ni DOLE Secretary Silvestra Bello ang implementasyon ng TUPAD program sa QC-district 2 matapos na sumambulat ang anomalyang nangyayari dito.
"Ipinaliwanag ni Teves na kapag nag-ghosting ang ka-partner ay apektado ang emosyon, kaisipan at pisikal na kondisyon ng isang tao kaya dapat lamang maisabatas ang iniindorso niyang É??Ghosting LawÉ??.","Ipinaliwanag ni Teves na kapag nag-ghosting ang ka-partner ay apektado ang emosyon, kaisipan at pisikal na kondisyon ng isang tao kaya dapat lamang maisabatas ang iniindorso niyang É??Ghosting LawÉ??."
Nabatid kay Gobway na isisilbi ng Philippine Drug Enforcement Agency (PDEA) ang arrest warrant laban kay Sarri nang magpaputok ang mga tauhan nito at tinamaan ang dalawang sundalo.,Nabatid kay Gobway na isisilbi ng Philippine Drug Enforcement Agency (PDEA) ang arrest warrant laban kay Sarri nang magpaputok ang mga tauhan nito at tinamaan ang dalawang sundalo.
"Kamakailan lang nang magbalik sa teleseryeng ""FPJs Ang Probinsyano"" si Nash matapos ang pitong taon, kung saan gumanap siya bilang ang batang Cardo Dalisay.","Kamakailan lang nang magbalik sa teleseryeng ""FPJs Ang Probinsyano"" si Nash matapos ang pitong taon, kung saan gumanap siya bilang ang batang Cardo Dalisay."
Bago pa pumutok ang kuwento tungkol sa pinagdadaanan ng isang kilalang male personality ay nauna nang lumabas ang balitang gusto na niyang kumalas sa kanyang karelasyon.,Bago pa pumutok ang kuwento tungkol sa pinagdadaanan ng isang kilalang male personality ay nauna nang lumabas ang balitang gusto na niyang kumalas sa kanyang karelasyon.
Tama ba ang narinig namin na hindi lang pelikula ang gagawin ng ex-couple na sina Sharon Cuneta at Gabby Concepcion?,Tama ba ang narinig namin na hindi lang pelikula ang gagawin ng ex-couple na sina Sharon Cuneta at Gabby Concepcion?
Kuha na ni Ancajas ang timbang nito na kasalukuyang may 115 pounds na bigat É?? ang eksaktong catch weight sa laban nito kay Rodriguez.,Kuha na ni Ancajas ang timbang nito na kasalukuyang may 115 pounds na bigat É?? ang eksaktong catch weight sa laban nito kay Rodriguez.
"Nobody forced me into this, aniya pa na in all fairness ay É??natamemeÉ?? naman ang ibang bashers kahapon nang lumabas na sa social media dahil ang gandang lumabas ng pictorial kahit hindi the usual na perfect body ang model.","Nobody forced me into this, aniya pa na in all fairness ay É??natamemeÉ?? naman ang ibang bashers kahapon nang lumabas na sa social media dahil ang gandang lumabas ng pictorial kahit hindi the usual na perfect body ang model."
"Taong 2020 naman nang sagutin ni Yap ang ilang akusasyon ngpagiging ""pedophile"" at ""groomer"" ng mga menor de edad, bagay na kanyang itinatanggi.","Taong 2020 naman nang sagutin ni Yap ang ilang akusasyon ngpagiging ""pedophile"" at ""groomer"" ng mga menor de edad, bagay na kanyang itinatanggi."
"Jean Fajardo, nagsimula nang mag-ikot ang mga pulis sa pakikipag-ugnayan sa local COMELEC officers upang suyurin ang mga lugar na napaulat na may ilegal na nakapaskil na campaign posters.","Jean Fajardo, nagsimula nang mag-ikot ang mga pulis sa pakikipag-ugnayan sa local COMELEC officers upang suyurin ang mga lugar na napaulat na may ilegal na nakapaskil na campaign posters."
Iniisa isa naman nang alisin ng backhoe ang mga bloke ng semento at malalaking bakal upang maclear ang area at matagpuaan ang katawan ng biktima.,Iniisa isa naman nang alisin ng backhoe ang mga bloke ng semento at malalaking bakal upang maclear ang area at matagpuaan ang katawan ng biktima.
"Ibinunyag pa ng hindi nagpakilalang empleyado na kahit yupi-yupi na ang mga face shields at mga kahon, kahit may mga dumi, naninilaw, substandard, kahit basa dahil natuluan ng tubig mula sa warehouse ay pina-repack pa rin ito sa kanila.","Ibinunyag pa ng hindi nagpakilalang empleyado na kahit yupi-yupi na ang mga face shields at mga kahon, kahit may mga dumi, naninilaw, substandard, kahit basa dahil natuluan ng tubig mula sa warehouse ay pina-repack pa rin ito sa kanila."
Sabi nila É??pambansang chickenÉ?? daw yung ayaw sumipot sa debate.,Sabi nila É??pambansang chickenÉ?? daw yung ayaw sumipot sa debate.
"É??Siguro kami sa show, siya ang ka-close ko po.","É??Siguro kami sa show, siya ang ka-close ko po."
Pero umabante pa rin ang SUV kahit nasa harap niya ang enforcer na dahilan daw para masagi at masagasaan ang biktima.,Pero umabante pa rin ang SUV kahit nasa harap niya ang enforcer na dahilan daw para masagi at masagasaan ang biktima.
Naglabas na ng bagong guidelines ang Department of Education (DepEd) sa automatic suspension ng klase at trabaho sa mga pampublikong paaralan na nasa ilalim ng anumang public storm signals.,Naglabas na ng bagong guidelines ang Department of Education (DepEd) sa automatic suspension ng klase at trabaho sa mga pampublikong paaralan na nasa ilalim ng anumang public storm signals.
"Ayon kay LKI President Vic Dimagiba, patuloy pa ring binubutas ang bulsa ng mga konsyumer dahil sa mga mas mahal na ginagamit na panggatong ng mga generation companies lalo na nang mag-shutdown ang Malampaya noong Nobyembre 24.","Ayon kay LKI President Vic Dimagiba, patuloy pa ring binubutas ang bulsa ng mga konsyumer dahil sa mga mas mahal na ginagamit na panggatong ng mga generation companies lalo na nang mag-shutdown ang Malampaya noong Nobyembre 24."
Hindi mo talaga masasabi.,Hindi mo talaga masasabi.
Bakit parang ayaw pa yata nilang maniwala na si Annette Gozon-Valdes na ang hahawak ng Sparkle?,Bakit parang ayaw pa yata nilang maniwala na si Annette Gozon-Valdes na ang hahawak ng Sparkle?
"Siguro hindi niya namalayan o hindi niya nakita yung kabilang linya, na sa pag-overtake niya ay mayroong ding motor na kasalubong niya, anang opisyal.","Siguro hindi niya namalayan o hindi niya nakita yung kabilang linya, na sa pag-overtake niya ay mayroong ding motor na kasalubong niya, anang opisyal."
Ni-locate ho namin sila at tinawagan na namin sila a week before the schedule para ho rin ma-sort natin ang boxes nila so that mas mabilis sana.,Ni-locate ho namin sila at tinawagan na namin sila a week before the schedule para ho rin ma-sort natin ang boxes nila so that mas mabilis sana.
"Yung emotional attachment mo sa alaga mo, parang ang hirap isipin.","Yung emotional attachment mo sa alaga mo, parang ang hirap isipin."
"Mula nang ipakita nila ang sasakyan, marami na umano ang umorder at mayroon na silang 12 unit na nagawa.","Mula nang ipakita nila ang sasakyan, marami na umano ang umorder at mayroon na silang 12 unit na nagawa."
"Inilinaw naman ng leadership na rerespetuhin nila kung hindi susundin ng ilan nilang kasapian ang kanilang pag-endorso, ngunit tinatawagan ang mga Kristiyanong mananampalatayangmakisangkot sa prinsipyadong pulitika gaya ng itinuturo ng Simbahan.","Inilinaw naman ng leadership na rerespetuhin nila kung hindi susundin ng ilan nilang kasapian ang kanilang pag-endorso, ngunit tinatawagan ang mga Kristiyanong mananampalatayangmakisangkot sa prinsipyadong pulitika gaya ng itinuturo ng Simbahan."
Gaganap ang aktor bilang si Mayor Isko Moreno sa Yorme: The Musical kaya naman nagkaroon ng courtesy call kamakailan para sa naturang proyekto.,Gaganap ang aktor bilang si Mayor Isko Moreno sa Yorme: The Musical kaya naman nagkaroon ng courtesy call kamakailan para sa naturang proyekto.
"Kaya nang masilip namin ang ilang unang episodes, nakakamangha naman lalo na ang special effects.","Kaya nang masilip namin ang ilang unang episodes, nakakamangha naman lalo na ang special effects."
Kasama sa BTS bloc ang ilang dating lider ng Kamara sa pangunguna nina former Deputy Speakers Camarines Sur Cong.,Kasama sa BTS bloc ang ilang dating lider ng Kamara sa pangunguna nina former Deputy Speakers Camarines Sur Cong.
Ang bibili nang maaga ay makakapanood din ng dalawang shows sa espesyal na presyong P999 o US$19.99.,Ang bibili nang maaga ay makakapanood din ng dalawang shows sa espesyal na presyong P999 o US$19.99.
Sinabi ni Go na tinitiyak ni Duterte ang maayos na paglipat ng kapangyarihan para sa susunod na mahahalal na pinakamataas na pinuno ng bansa.,Sinabi ni Go na tinitiyak ni Duterte ang maayos na paglipat ng kapangyarihan para sa susunod na mahahalal na pinakamataas na pinuno ng bansa.
Matundin ay 11-taon nang naglilingkod sa bayan bilang isang tapat na sundalo.,Matundin ay 11-taon nang naglilingkod sa bayan bilang isang tapat na sundalo.
Sasampahayan umano ng pulisya ng kaukulang reklamo ang organizer ng event at ang may-ari ng motorsiklong sangkot sa insidente.,Sasampahayan umano ng pulisya ng kaukulang reklamo ang organizer ng event at ang may-ari ng motorsiklong sangkot sa insidente.
Hanggang nga-yon may tirahan pa rin kami dyan.,Hanggang nga-yon may tirahan pa rin kami dyan.
"Ongoing pa rin ang paghahanap na gaganap bilang Pastor Apollo Quiboloy, para sa pelikulang ipu-produce ng Borracho Films ni Atty.","Ongoing pa rin ang paghahanap na gaganap bilang Pastor Apollo Quiboloy, para sa pelikulang ipu-produce ng Borracho Films ni Atty."
"Pero hindi pelikula ang una nilang gagawin, magko-concert daw sila together.","Pero hindi pelikula ang una nilang gagawin, magko-concert daw sila together."
Patuloy ang pamamayagpag niya bilang isang magaling na aktor.,Patuloy ang pamamayagpag niya bilang isang magaling na aktor.
"Olongapo CITY MANILA, Philippines É?? Pormal nang inilunsad sa lungsod na ito ang 911 emergency number kasabay ng pagdiriwang ng 55th cityhood anniversary, alinsunod na rin sa direktiba ng national government.","Olongapo CITY MANILA, Philippines É?? Pormal nang inilunsad sa lungsod na ito ang 911 emergency number kasabay ng pagdiriwang ng 55th cityhood anniversary, alinsunod na rin sa direktiba ng national government."
"Sa ulat ni John Consulta sa GMA News É??24 OrasÉ?ù nitong Biyernes, nagpasalamat sa mga awtoridad ang ina ni Princess na si Perlita Conde, sa mabilis na pagkakaaresto sa suspek na si Gaspar Maneja Jr.","Sa ulat ni John Consulta sa GMA News É??24 OrasÉ?ù nitong Biyernes, nagpasalamat sa mga awtoridad ang ina ni Princess na si Perlita Conde, sa mabilis na pagkakaaresto sa suspek na si Gaspar Maneja Jr."
"Hanggang kahapon ay nasa top 10 trending pa rin ito, at ilan sa mga post ng netizens ay ikinukumpara nila ang Darna look ni Jane kay Gal Gadot bilang si Wonder Woman.","Hanggang kahapon ay nasa top 10 trending pa rin ito, at ilan sa mga post ng netizens ay ikinukumpara nila ang Darna look ni Jane kay Gal Gadot bilang si Wonder Woman."
Sinabi naman ni Paul na hindi nila alam na pulis ang suspek dahil hindi ito unipormado.,Sinabi naman ni Paul na hindi nila alam na pulis ang suspek dahil hindi ito unipormado.
"Kahit na sana iyong barya-barya sa mga indie nakakatulong iyon sa kanya, kaso kahit na iyon ay wala na.","Kahit na sana iyong barya-barya sa mga indie nakakatulong iyon sa kanya, kaso kahit na iyon ay wala na."
"Sugatan si Barangay Kagawad Jonathan Santoalla ng Barangay Banadero, Polilio, Quezon nang mahulog habang kinukumpini ang bubong ng kanilang bahay bilang paghahanda sa bagyo nang madulas ito at mahulog Omar Padilla, Tony Sandoval.","Sugatan si Barangay Kagawad Jonathan Santoalla ng Barangay Banadero, Polilio, Quezon nang mahulog habang kinukumpini ang bubong ng kanilang bahay bilang paghahanda sa bagyo nang madulas ito at mahulog Omar Padilla, Tony Sandoval."
38 sa gilid ng kama ni Charlie na siyang ginamit nito sa pagpapatiwakal.,38 sa gilid ng kama ni Charlie na siyang ginamit nito sa pagpapatiwakal.
"Nang bumaba ng dryip sa panulukan ng Taft and United Nations Avenue, kinunan na rin ng litrato ang plate number ng dyip at maglalakad na lang nang sugurin siya ng suspek at galit na nagtanong kung bakit kinunan ng litrato ang plate number na nauwi sa sagutan hanggang sa saktan siya.","Nang bumaba ng dryip sa panulukan ng Taft and United Nations Avenue, kinunan na rin ng litrato ang plate number ng dyip at maglalakad na lang nang sugurin siya ng suspek at galit na nagtanong kung bakit kinunan ng litrato ang plate number na nauwi sa sagutan hanggang sa saktan siya."
"Nang magawa namang mapasok ng mga pulis sa bakeshop ay rito na tumambad ang walang buhay na ginang na tadtad ng saksak, habang ligtas naman ang bata kung saan sumuko na rin ang suspek.","Nang magawa namang mapasok ng mga pulis sa bakeshop ay rito na tumambad ang walang buhay na ginang na tadtad ng saksak, habang ligtas naman ang bata kung saan sumuko na rin ang suspek."
"Dalawang lalaking magkaangkas sa motorsiklo ang patay nang tambangan at pagbabarilin ng riding-in-tandem sa Binangonan, Rizal kamakalawa ng hapon.","Dalawang lalaking magkaangkas sa motorsiklo ang patay nang tambangan at pagbabarilin ng riding-in-tandem sa Binangonan, Rizal kamakalawa ng hapon."
Sinimulan nang mag-monitor ng DOH nitong Disyembre 22.,Sinimulan nang mag-monitor ng DOH nitong Disyembre 22.
Marami ang humanga kay Barbie Imperial nang mag-viral ang isang video niya while she was campaigning a partylist.,Marami ang humanga kay Barbie Imperial nang mag-viral ang isang video niya while she was campaigning a partylist.
Bukas ay magsisimula nang mag-shoot si Bembol para sa Pieta.,Bukas ay magsisimula nang mag-shoot si Bembol para sa Pieta.
Inaalam pa naman kung personal o may kaugnayan sa trabaho ang motibo sa krimen.,Inaalam pa naman kung personal o may kaugnayan sa trabaho ang motibo sa krimen.
"Siya talaga ang sandalan nating lahat, buong post ng actress na spotted recently na may ka-date na foreigner.","Siya talaga ang sandalan nating lahat, buong post ng actress na spotted recently na may ka-date na foreigner."
Tinanggal ang traditional event na arnis na naging gold mine ng Pilipinas noong 2019 SEA Games matapos kumana ng 14 gintong medalya.,Tinanggal ang traditional event na arnis na naging gold mine ng Pilipinas noong 2019 SEA Games matapos kumana ng 14 gintong medalya.
"Pero kung kami ang tatanungin, ang paniwala namin mas magiging ok kung aasikasuhin niya ang kanyang career bilang actor.","Pero kung kami ang tatanungin, ang paniwala namin mas magiging ok kung aasikasuhin niya ang kanyang career bilang actor."
Maganda naman kasi ang kinalabasan ng ginawa niyang 366 na pinagbidahan nila ni Zanjoe Marudo.,Maganda naman kasi ang kinalabasan ng ginawa niyang 366 na pinagbidahan nila ni Zanjoe Marudo.
"Balang araw makukuha mo rin ang pangarap mo,É?? payo sa kaniya ng ina.","Balang araw makukuha mo rin ang pangarap mo,É?? payo sa kaniya ng ina."
"Mas nagtulungan kami, naglalaba na rin siya, nagtutupi (ng mga damit) na rin siya,É?ù pagtatapos ng actress-singer.","Mas nagtulungan kami, naglalaba na rin siya, nagtutupi (ng mga damit) na rin siya,É?ù pagtatapos ng actress-singer."
"Maliban dito, naging aktibo rin noon si Red sa mga interview sa Pilipinas.","Maliban dito, naging aktibo rin noon si Red sa mga interview sa Pilipinas."
"Nauna nang nanawagan ang Malaca?Òang na imbestigahan ang hindi awtorisadong paglagda sa isang resolusyon ng mga miyembro ng Sugar Regulatory Administration na nag-utos sa pag-angkat ng 300,000 metric tons ng asukal.","Nauna nang nanawagan ang Malaca?Òang na imbestigahan ang hindi awtorisadong paglagda sa isang resolusyon ng mga miyembro ng Sugar Regulatory Administration na nag-utos sa pag-angkat ng 300,000 metric tons ng asukal."
Ang paglalakbay sa internasyonal ay unti-unting bumabawi habang mas maraming destinasyon tulad ng Japan at South Korea ang nag-aalis ng kanilang mahigpit na paghihigpit sa hangganan.,Ang paglalakbay sa internasyonal ay unti-unting bumabawi habang mas maraming destinasyon tulad ng Japan at South Korea ang nag-aalis ng kanilang mahigpit na paghihigpit sa hangganan.
Gustuhin man ngayon ng AlDub fans na umasa kina Alden at Maine ay wala nang pag-asa.,Gustuhin man ngayon ng AlDub fans na umasa kina Alden at Maine ay wala nang pag-asa.
"Before, kung may show ka, pupunta ka pa sa venue, dala mo lahat ng gamit mo.","Before, kung may show ka, pupunta ka pa sa venue, dala mo lahat ng gamit mo."
"Sinabi ni Bordado naang local governmentunit sa Naga City, Bicol ay gumagamit ng LSB at SEF upang palakasin ang sistema ng edukasyon sa pamamagitan ng pagtatatag ng maraming programa na naglalayong bigyang kapangyarihan ang mga tao mula pa noong panahon ng dating Mayor Jesse M.","Sinabi ni Bordado naang local governmentunit sa Naga City, Bicol ay gumagamit ng LSB at SEF upang palakasin ang sistema ng edukasyon sa pamamagitan ng pagtatatag ng maraming programa na naglalayong bigyang kapangyarihan ang mga tao mula pa noong panahon ng dating Mayor Jesse M."
"Dahil dito, pumasok ang testigo sa apartment at tumambad dito ang duguang biktima na tadtad ng saksak sa katawan.","Dahil dito, pumasok ang testigo sa apartment at tumambad dito ang duguang biktima na tadtad ng saksak sa katawan."
"Ayon kay acting Presidential Spokesman Secretary Martin Andanar, ito ang napagkasunduan sa pulong ng Inter-Agency Task Force (IATF) batay na rin sa rekomendasyon ng mga eksperto.","Ayon kay acting Presidential Spokesman Secretary Martin Andanar, ito ang napagkasunduan sa pulong ng Inter-Agency Task Force (IATF) batay na rin sa rekomendasyon ng mga eksperto."
"Mahirap, gustung-gusto kong mag-abot sa matatanda at bata, alam nyo naman na napakalapit nila sa puso ko, pero hindi ko magawa!","Mahirap, gustung-gusto kong mag-abot sa matatanda at bata, alam nyo naman na napakalapit nila sa puso ko, pero hindi ko magawa!"
"Sa nasabing bilang 17,257 (16.22%).","Sa nasabing bilang 17,257 (16.22%)."
May mga sugat sa ulo at leeg ang biktima at pinaniniwalaang ginahasa dahil walang saplot pang ibaba nang matagpuan ang bangkay nito.,May mga sugat sa ulo at leeg ang biktima at pinaniniwalaang ginahasa dahil walang saplot pang ibaba nang matagpuan ang bangkay nito.
Sabi ng doktor bukas daw.,Sabi ng doktor bukas daw.
Ayon kay Angping kanilang ikinonsidera ang Quirino Grandstand subalit mayroon pa umanong COVID-19 field hospital sa lugar.,Ayon kay Angping kanilang ikinonsidera ang Quirino Grandstand subalit mayroon pa umanong COVID-19 field hospital sa lugar.
Madaliin na ang pag-labas ng nalalabing pon-do para sa health workers at testing sa ilalim ng Bayanihan 2!,Madaliin na ang pag-labas ng nalalabing pon-do para sa health workers at testing sa ilalim ng Bayanihan 2!
"Nakita nÉ??yo yung bird flu wala naman tayo niyan, yung ASF wala naman tayo niyan eh kasi imported yung sakit eh.","Nakita nÉ??yo yung bird flu wala naman tayo niyan, yung ASF wala naman tayo niyan eh kasi imported yung sakit eh."
"Sinabi ni Yap na sa Buguias, nasa 19 pasyente ang inilikas sa Northern Benguet District Hospital kung saan sa kasalukuyan ay sinusuri ang pinsala sa imprastraktura ng hospital gayundin ang mga kagamitan dito.","Sinabi ni Yap na sa Buguias, nasa 19 pasyente ang inilikas sa Northern Benguet District Hospital kung saan sa kasalukuyan ay sinusuri ang pinsala sa imprastraktura ng hospital gayundin ang mga kagamitan dito."
Tiniyak naman ni Padilla kay Drilon na nag-aaral na siya tungkol sa paggawa ng batas subalit nilinaw nito na hindi siya natatakot na mapahiya sa Senado.,Tiniyak naman ni Padilla kay Drilon na nag-aaral na siya tungkol sa paggawa ng batas subalit nilinaw nito na hindi siya natatakot na mapahiya sa Senado.
"Kasi kung sagot sa tanong outsider ang gusto namin, eh di mag-usap na lang tayo.","Kasi kung sagot sa tanong outsider ang gusto namin, eh di mag-usap na lang tayo."
"Dinakip sa loob mismo ng opisina ng isang Immigration Prosecutor sa BI Main Office sa Intramuros, Maynila ang suspek na si Vivian Lara na nagpakilalang liason officer ng isang law office.","Dinakip sa loob mismo ng opisina ng isang Immigration Prosecutor sa BI Main Office sa Intramuros, Maynila ang suspek na si Vivian Lara na nagpakilalang liason officer ng isang law office."
Bitbit ng Lakers ang 3-2 abante sa Warriors.,Bitbit ng Lakers ang 3-2 abante sa Warriors.
Brgy RH 3 ng lungsod nang biglang pumasok ang mga hindi kilalang salarin at agad siyang pinagbabaril gamit ang kalibre.,Brgy RH 3 ng lungsod nang biglang pumasok ang mga hindi kilalang salarin at agad siyang pinagbabaril gamit ang kalibre.
"Nang tanungin si Kim kung nasa mga larawan ang nanligaw sa kaniya, Oo ang sagot ng aktres.","Nang tanungin si Kim kung nasa mga larawan ang nanligaw sa kaniya, Oo ang sagot ng aktres."
Sinabi rin ng opisyal na walang direktang epekto sa supply ng langis sa Pilipinas ang banggaan ng Russia at Ukraine dahil hindi direktang nanggaling sa Russia ang krudo na ginagamit sa bansa.,Sinabi rin ng opisyal na walang direktang epekto sa supply ng langis sa Pilipinas ang banggaan ng Russia at Ukraine dahil hindi direktang nanggaling sa Russia ang krudo na ginagamit sa bansa.
"Dating kasal ang aktor kay Song Hye Ko pero nagdiborsiyo sila dalawang taon lang matapos ang kanilang pag-iisang dibdib noong 2019 FRJ, GMA Integrated News.","Dating kasal ang aktor kay Song Hye Ko pero nagdiborsiyo sila dalawang taon lang matapos ang kanilang pag-iisang dibdib noong 2019 FRJ, GMA Integrated News."
Maging si Muntinlupa Mayor Rufino Biazon ay hindi rin nakaligtas mula sa mga personalized spam text messages na nauuso sa ngayon.,Maging si Muntinlupa Mayor Rufino Biazon ay hindi rin nakaligtas mula sa mga personalized spam text messages na nauuso sa ngayon.
"Pero ikaw nakalimutan mong mayor ka, kaya hiyang-hiya ako kasi Oh My God, si Mayor Joy pa ang lumapit sa akin, sagot ni Ogie kay mayora habang tumatawa.","Pero ikaw nakalimutan mong mayor ka, kaya hiyang-hiya ako kasi Oh My God, si Mayor Joy pa ang lumapit sa akin, sagot ni Ogie kay mayora habang tumatawa."
Buo ang Puso: NCAA Season 97 Opening Ceremonies ay mapapanood na ngayong Sabado na ang first set ng live basketball games ay mapapanood sa GTV sa ganap na 3:30 p.m.,Buo ang Puso: NCAA Season 97 Opening Ceremonies ay mapapanood na ngayong Sabado na ang first set ng live basketball games ay mapapanood sa GTV sa ganap na 3:30 p.m.
"Kaya kahit nasa top of the world na siya ngayon, e, marami pa rin siyang hanash, nagiging nega tuloy siya, dahil negative thoughts ang nasa puso niya.","Kaya kahit nasa top of the world na siya ngayon, e, marami pa rin siyang hanash, nagiging nega tuloy siya, dahil negative thoughts ang nasa puso niya."
Wala umanong É??exposureÉ?? ang magkasintahan sa isang COVID-19 positive bago umalis ng bansa.,Wala umanong É??exposureÉ?? ang magkasintahan sa isang COVID-19 positive bago umalis ng bansa.
"Ngunit ang totoong tagumpay sa buhay ay hindi sa pamamagitan ng pagkakaroon ng maraming salapi, kung hindi ang ano tayo sa pagtingin ng ating kapwa.","Ngunit ang totoong tagumpay sa buhay ay hindi sa pamamagitan ng pagkakaroon ng maraming salapi, kung hindi ang ano tayo sa pagtingin ng ating kapwa."
"Ayon sa dating ""Unang Hirit"" host na si Rhea Santos, na nagtatrabaho na rin sa abroad.","Ayon sa dating ""Unang Hirit"" host na si Rhea Santos, na nagtatrabaho na rin sa abroad."
Una nang sinabi ng World Health Organization (WHO) na dapat munang iwasan ang pagkonsumo ngayon ng alcohol dahil na rin sa pagpapahina nito sa resistensya ng katawan sa gitna ng COVID-19 pandemic.,Una nang sinabi ng World Health Organization (WHO) na dapat munang iwasan ang pagkonsumo ngayon ng alcohol dahil na rin sa pagpapahina nito sa resistensya ng katawan sa gitna ng COVID-19 pandemic.
"Nakita ko lang yan sa Japan tapos nakita ko na sa Philippines, sabi ng isang nakakita.","Nakita ko lang yan sa Japan tapos nakita ko na sa Philippines, sabi ng isang nakakita."
"Ginawa naming September 1 dapat sa Friday na kasi wala kaming inaantay na magandang balita para sa mga health workers, ayon kay Robert Mendoza, pangulo ng AHW.","Ginawa naming September 1 dapat sa Friday na kasi wala kaming inaantay na magandang balita para sa mga health workers, ayon kay Robert Mendoza, pangulo ng AHW."
"Pero last Monday, April 11, nag-tweet si Zeinab ng makahulugang mensahe na, É??Lord inaalay ko na sa inyo lahat.É?ù","Pero last Monday, April 11, nag-tweet si Zeinab ng makahulugang mensahe na, É??Lord inaalay ko na sa inyo lahat.É?ù"
"Mahigit P1,000 ang kaniyang tinangay, ayon sa pulisya.","Mahigit P1,000 ang kaniyang tinangay, ayon sa pulisya."
"Magiging mas maikli po ang pananatili ng OFW sa isang hotel, at mas liliit ang gastos para sa gobyerno, dagdag nito.","Magiging mas maikli po ang pananatili ng OFW sa isang hotel, at mas liliit ang gastos para sa gobyerno, dagdag nito."
Ang pahayag ni Zubiri ay ginawa matapos ang pahayag ng Philippine Statistics Authority (PSA) sa pagdinig ng Senado na tumaas ang bilang ng nagbubuntis na may edad na 10-14 taong gulang ng mga mas nakakatanda o adult.,Ang pahayag ni Zubiri ay ginawa matapos ang pahayag ng Philippine Statistics Authority (PSA) sa pagdinig ng Senado na tumaas ang bilang ng nagbubuntis na may edad na 10-14 taong gulang ng mga mas nakakatanda o adult.
"Sa isang panayam naman, inamin ni Tracy na wala raw talaga sa plano niya ang mag-join sa mga beauty pageant, To be honest, hindi ko siya dream (maging beauty queen) noong super bata pa ako.","Sa isang panayam naman, inamin ni Tracy na wala raw talaga sa plano niya ang mag-join sa mga beauty pageant, To be honest, hindi ko siya dream (maging beauty queen) noong super bata pa ako."
"Magkaroon man siya nang sangdamakmak na sasakyan, e, balewala rin, walang saysay ang salapi niya!","Magkaroon man siya nang sangdamakmak na sasakyan, e, balewala rin, walang saysay ang salapi niya!"
"Nitong Linggo, nag-post si Geneva ng kaniyang larawan sa Balesin suot ang red two-piece bikini.","Nitong Linggo, nag-post si Geneva ng kaniyang larawan sa Balesin suot ang red two-piece bikini."
"Dagdag ni Arcena, ilang mga pedopilya ang nag-aalok ng mga regalo para makuha ang kanilang gusto, at alam nila ang kahinaan ng isang bata.","Dagdag ni Arcena, ilang mga pedopilya ang nag-aalok ng mga regalo para makuha ang kanilang gusto, at alam nila ang kahinaan ng isang bata."
"Marami akong binigay na mga signal sa kanya na ayusin niya para kay Malia, dagdag niya pa sa nasabing interview.","Marami akong binigay na mga signal sa kanya na ayusin niya para kay Malia, dagdag niya pa sa nasabing interview."
"Nakatakdang magsumite ng kanyang COC bilang re-electtionist si Senator Kiko nung MIyerkoles, Okt.","Nakatakdang magsumite ng kanyang COC bilang re-electtionist si Senator Kiko nung MIyerkoles, Okt."
"Sabi namin huwag ka nang pumunta, hintayin mo na lang si kuya, sabi namin pero nagpumilit siya, ayon sa anak.","Sabi namin huwag ka nang pumunta, hintayin mo na lang si kuya, sabi namin pero nagpumilit siya, ayon sa anak."
"Sinabi ng TESDA na nakapagtala rin sila ng certification rate na 93% kung saan 751,500 sa 808,227 ng mga na-assess ang nagtapos at nakakuha ng national certificates sa kani-kanilang larangan.","Sinabi ng TESDA na nakapagtala rin sila ng certification rate na 93% kung saan 751,500 sa 808,227 ng mga na-assess ang nagtapos at nakakuha ng national certificates sa kani-kanilang larangan."
"Irosin, Sorsogon, Philippines É?? Kalaboso ang isang public school teacher ng bayang ito matapos mahuli sa buy-bust operation na inilatag laban sa kanya ng mga ahente ng Philippine Drug Enforcement Agency (PDEA) at pulis kamakalawa ng umaga.","Irosin, Sorsogon, Philippines É?? Kalaboso ang isang public school teacher ng bayang ito matapos mahuli sa buy-bust operation na inilatag laban sa kanya ng mga ahente ng Philippine Drug Enforcement Agency (PDEA) at pulis kamakalawa ng umaga."
Inaasahan namang gagamitin ni Cariaso ang kanyang formula sa paghawak sa Blackwater matapos giyahan ang Converge sa 5-6 baraha sa All-Filipino tournament hanggang mapatalsik ng TNT Tropang Giga sa quarterfinals.,Inaasahan namang gagamitin ni Cariaso ang kanyang formula sa paghawak sa Blackwater matapos giyahan ang Converge sa 5-6 baraha sa All-Filipino tournament hanggang mapatalsik ng TNT Tropang Giga sa quarterfinals.
"Nasakote rin ang apat pa na bumibili ng droga na sina Danilo Borja, 40; Randy Aquino, 35; Angelo Bulibuli, 20; at Denver De Jesus, 25, pawang mga nakatira sa Tondo, Maynila.","Nasakote rin ang apat pa na bumibili ng droga na sina Danilo Borja, 40; Randy Aquino, 35; Angelo Bulibuli, 20; at Denver De Jesus, 25, pawang mga nakatira sa Tondo, Maynila."
"Basketball ang unang kinahiligan ng 34-an-yos ngayong si Lizardo ngunit nang mawala ang Milo-Best Center sa kanyang eskuwelahan noon, nagka-interes ito sa taekwondo.","Basketball ang unang kinahiligan ng 34-an-yos ngayong si Lizardo ngunit nang mawala ang Milo-Best Center sa kanyang eskuwelahan noon, nagka-interes ito sa taekwondo."
Na-engaged si Kris nang mag-propose sa kaniya si Perry Pebrero noong nakaraang taon.,Na-engaged si Kris nang mag-propose sa kaniya si Perry Pebrero noong nakaraang taon.
"Layon ng panukala na magbigay ng kaginhawahan at accessibility sa mga botante na maaaring nahihirapang bumoto sa araw ng halalan, lalo na ang mga may mga isyu sa mobility tulad ng senior citizen at PWD.","Layon ng panukala na magbigay ng kaginhawahan at accessibility sa mga botante na maaaring nahihirapang bumoto sa araw ng halalan, lalo na ang mga may mga isyu sa mobility tulad ng senior citizen at PWD."
Sinabi ni Usana sa naturang bilang nasa 425 namang PNP personnel ang mga naitalang aktibong kaso ng COVID-19.,Sinabi ni Usana sa naturang bilang nasa 425 namang PNP personnel ang mga naitalang aktibong kaso ng COVID-19.
"Gayunman, nilinaw ni Remulla na inimbitahan niya si Dr. Morris Tidball-Binz, isa rin forensic pathologist, bilang bahagi ng É??capacity buildingÉ?ù sa ilalim ng United Nations Joint Programme.","Gayunman, nilinaw ni Remulla na inimbitahan niya si Dr. Morris Tidball-Binz, isa rin forensic pathologist, bilang bahagi ng É??capacity buildingÉ?ù sa ilalim ng United Nations Joint Programme."
Doon pa lang nakatunog ang caller na si Kuya Wil ang kausap niya pagkaraan ng mahaba nilang pag-uusap.,Doon pa lang nakatunog ang caller na si Kuya Wil ang kausap niya pagkaraan ng mahaba nilang pag-uusap.
Silipin ang tahanan ng mga sikat sa video ng Unang Hirit.,Silipin ang tahanan ng mga sikat sa video ng Unang Hirit.
Hindi pa malinaw ang motibo ng nurse na iniimbestigahan pero mayroon umano itong social media post ng pagdududa sa bakuna.,Hindi pa malinaw ang motibo ng nurse na iniimbestigahan pero mayroon umano itong social media post ng pagdududa sa bakuna.
Caliber pistol na pinaniniwalaang ginamit ng biktima.,Caliber pistol na pinaniniwalaang ginamit ng biktima.
"Sa 2020 report ng PCGG, sinabi ng komisyon na nakabawi na ito ng P174.23.","Sa 2020 report ng PCGG, sinabi ng komisyon na nakabawi na ito ng P174.23."
Ang SIM Card Registration Act ay ang unang batas na nilagdaan ni Marcos bilang pangulo ng Pilipinas.,Ang SIM Card Registration Act ay ang unang batas na nilagdaan ni Marcos bilang pangulo ng Pilipinas.
"Para kay Senate President Pro Tempore Ralph Recto, hindi makatwiran na alisin kay Isko ang isang mabigat na tungkulin, na tiyak namang hindi makakayang gawin ng understaffed national agencies.","Para kay Senate President Pro Tempore Ralph Recto, hindi makatwiran na alisin kay Isko ang isang mabigat na tungkulin, na tiyak namang hindi makakayang gawin ng understaffed national agencies."
"Si Ni?Òo ay ilang beses ko nang nakikita kapag nagpupunta ako sa Los Angeles, pero si Krista, after ilang years ay nakita ko uli.","Si Ni?Òo ay ilang beses ko nang nakikita kapag nagpupunta ako sa Los Angeles, pero si Krista, after ilang years ay nakita ko uli."
"Payo ni Badajos wag basta-basta magbubukas ng pinto hanggat maaari, lalo na sa mga alanganing oras upang maiwasan ang ganitong problemaLBG, GMA News.","Payo ni Badajos wag basta-basta magbubukas ng pinto hanggat maaari, lalo na sa mga alanganing oras upang maiwasan ang ganitong problemaLBG, GMA News."
"Pero takot ng ilan, hindi malayong mnasingitan ito ng pagpapahaba sa termino ng ilang gobyerno opisyal.","Pero takot ng ilan, hindi malayong mnasingitan ito ng pagpapahaba sa termino ng ilang gobyerno opisyal."
Kanyang-kanyang laban kumbaga.,Kanyang-kanyang laban kumbaga.
Bukod sa tatlong suspek na tukoy na ng QC police ay naberipika na rin nila ang plate number ng sasakyan na ginamit ng mga suspek at naimbitahan na ng pulisya ang driver at may-ari ng sasakyan na maaaring maisama sa sasampahan ng kaso ng pulisya.,Bukod sa tatlong suspek na tukoy na ng QC police ay naberipika na rin nila ang plate number ng sasakyan na ginamit ng mga suspek at naimbitahan na ng pulisya ang driver at may-ari ng sasakyan na maaaring maisama sa sasampahan ng kaso ng pulisya.
"Kailangan talaga natin ng stressless life, stress-free, at kailangan talaga natin ng healthy living, dagdag niya.","Kailangan talaga natin ng stressless life, stress-free, at kailangan talaga natin ng healthy living, dagdag niya."
Hindi maawat si Tokyo Olympics veteran Yuka Saso sa pag-angat sa mundo ng golf nang umakyat ito sa career-best No.,Hindi maawat si Tokyo Olympics veteran Yuka Saso sa pag-angat sa mundo ng golf nang umakyat ito sa career-best No.
"Ginawa naming September 1 dapat sa Friday na kasi wala kaming inaantay na magandang balita para sa mga health workers, ayon kay Robert Mendoza, pangulo ng AHW.","Ginawa naming September 1 dapat sa Friday na kasi wala kaming inaantay na magandang balita para sa mga health workers, ayon kay Robert Mendoza, pangulo ng AHW."
Pinuna rin nito ang sinasabi ni Pascua na kailangan ng P33 bilyon para mabigyan ng laptop ang lahat ng guro.,Pinuna rin nito ang sinasabi ni Pascua na kailangan ng P33 bilyon para mabigyan ng laptop ang lahat ng guro.
"Nitong Linggo, nag-post sa Facebook si Edgar H Siscar, na makikita si Mike na kumakaway at nagpapasalamat sa mga tumulong sa kaniya habang nanatiling nakaratay sa pagamutan.","Nitong Linggo, nag-post sa Facebook si Edgar H Siscar, na makikita si Mike na kumakaway at nagpapasalamat sa mga tumulong sa kaniya habang nanatiling nakaratay sa pagamutan."
Nakakatuwa sila na hindi halatang first time pa lang nilang mag-host ng isang game show.,Nakakatuwa sila na hindi halatang first time pa lang nilang mag-host ng isang game show.
Sa tingin daw niya ay malaki ang magagawa ng pagiging MMA expert niya sa pagsali niya sa Mister Supranational 2021.,Sa tingin daw niya ay malaki ang magagawa ng pagiging MMA expert niya sa pagsali niya sa Mister Supranational 2021.
"Chika pa ni Donnalyn, Walang karapatan govt diyan.","Chika pa ni Donnalyn, Walang karapatan govt diyan."
"Matapos umamin ni Gerald, naglabas na ng mga picture si Julia na lalong nagpatunay na noon pa ang kanilang relasyon.","Matapos umamin ni Gerald, naglabas na ng mga picture si Julia na lalong nagpatunay na noon pa ang kanilang relasyon."
"Sa halip na tumugon ng maayos, nagalit pa ang suspek, dinuro-duro, sinigawan at itinulak ang biktima.","Sa halip na tumugon ng maayos, nagalit pa ang suspek, dinuro-duro, sinigawan at itinulak ang biktima."
Sa tataybnus na pinalaki syang matino at may takot sa Diyos.,Sa tataybnus na pinalaki syang matino at may takot sa Diyos.
Nagposte ang 7-foot-2 na si Sotto ng mga ave-rages na 7.6.,Nagposte ang 7-foot-2 na si Sotto ng mga ave-rages na 7.6.
Sinabi ni Cabinet Secretary Karlo Alexei Nograles na nangako ang Pangulo na maglalaan ng P2 bilyon pondo sa mga gobernador na kinausap niya kamakalawa.,Sinabi ni Cabinet Secretary Karlo Alexei Nograles na nangako ang Pangulo na maglalaan ng P2 bilyon pondo sa mga gobernador na kinausap niya kamakalawa.
"Nakakuha rin ang mga awtoridad sa lugar ng ilang kawad ng telco na naputol na umano ng lalaki Jamil Santos/VBL, GMA Integrated News.","Nakakuha rin ang mga awtoridad sa lugar ng ilang kawad ng telco na naputol na umano ng lalaki Jamil Santos/VBL, GMA Integrated News."
"Nagandahan sila at nagustuhan ang ugali ng mga Ilocano kaya naman naisip nila na kahit tapos na ang taping, puwede pa rin silang pumunta dun at mag-stay ng matagal dahil nga sa ganda ng lugar.","Nagandahan sila at nagustuhan ang ugali ng mga Ilocano kaya naman naisip nila na kahit tapos na ang taping, puwede pa rin silang pumunta dun at mag-stay ng matagal dahil nga sa ganda ng lugar."
"Matanda na ako para magkaroon pa ng kaaway, ayoko rin na merong nasasaktan sa isinusulat ko na ginagawa ko lang outlet para ilabas ang nasa isip ko.","Matanda na ako para magkaroon pa ng kaaway, ayoko rin na merong nasasaktan sa isinusulat ko na ginagawa ko lang outlet para ilabas ang nasa isip ko."
"Nagawa ito ng Lady Bulldogs matapos ilampaso ang De La Salle University, 25-23, 25-20, 25-20, sa finals noong Sabado sa Rizal Memorial Coliseum.","Nagawa ito ng Lady Bulldogs matapos ilampaso ang De La Salle University, 25-23, 25-20, 25-20, sa finals noong Sabado sa Rizal Memorial Coliseum."
"Feel na feel na rin kasi ni Ate Vi ang pagiging lola, na ayaw niyang magpatawag ng lola sa kanyang magiging unang apong si Peanut.","Feel na feel na rin kasi ni Ate Vi ang pagiging lola, na ayaw niyang magpatawag ng lola sa kanyang magiging unang apong si Peanut."
"Ang problema kasi, ang mga mag-aaral natin, lalo na sa elementarya at high school ay walang mga bakuna kaya wala silang pangontra sa COVID.","Ang problema kasi, ang mga mag-aaral natin, lalo na sa elementarya at high school ay walang mga bakuna kaya wala silang pangontra sa COVID."
"Ok, ito makinig kayo.","Ok, ito makinig kayo."
"Sa panig naman ng suplay, sinabi ng NEDA chief na may mga programa ang gobyerno para palakasin ang produksyon.","Sa panig naman ng suplay, sinabi ng NEDA chief na may mga programa ang gobyerno para palakasin ang produksyon."
Kinuha ng Celtics ang isang 32-point lead sa third quarter bago nakalapit ang Hawks sa 84-96 sa pagsisimula ng fourth period mula sa inihulog na 32-12 bomba.,Kinuha ng Celtics ang isang 32-point lead sa third quarter bago nakalapit ang Hawks sa 84-96 sa pagsisimula ng fourth period mula sa inihulog na 32-12 bomba.
"Bago sumali sa NREB, nagsilbi si Dimalanta bilang senior partner sa Puyat Jacinto & Santos law firm, kung saan pinamunuan din niya ang energy practice nito hanggang Marso 2019.","Bago sumali sa NREB, nagsilbi si Dimalanta bilang senior partner sa Puyat Jacinto & Santos law firm, kung saan pinamunuan din niya ang energy practice nito hanggang Marso 2019."
"Nangako si Alvarez na ipagpapatuloy ang pagsulong ng mga reporma na kailangan upang mabawasan ang korapsyon, kahirapan, hindi pagkakapantay-pantay at pagpapalawak ng oportunidad sa bawat isa.","Nangako si Alvarez na ipagpapatuloy ang pagsulong ng mga reporma na kailangan upang mabawasan ang korapsyon, kahirapan, hindi pagkakapantay-pantay at pagpapalawak ng oportunidad sa bawat isa."
"Magkakadikit kayo, balikat to balikat, talagang, after kasi ng pandemic lalo 'yung mga kapamilya mo, na-miss mong kumain nang sabay-sabay 'yung magkakasama kayo, kasama 'yung pamilya, 'yung mga mahal mo sa buhay, sabi ni Cong.","Magkakadikit kayo, balikat to balikat, talagang, after kasi ng pandemic lalo 'yung mga kapamilya mo, na-miss mong kumain nang sabay-sabay 'yung magkakasama kayo, kasama 'yung pamilya, 'yung mga mahal mo sa buhay, sabi ni Cong."
"Nabasa niya 'yung mensahe ng lalaki na, 'Tutulungan kita' sabi niya, 'na maghanap.'","Nabasa niya 'yung mensahe ng lalaki na, 'Tutulungan kita' sabi niya, 'na maghanap.'"
"Aniya pa, urong-sulong din umano ang isang babaeng politiko sa pagtakbo sa pagka-Presidente kahit malakas ito sa masa.","Aniya pa, urong-sulong din umano ang isang babaeng politiko sa pagtakbo sa pagka-Presidente kahit malakas ito sa masa."
"Kapag natalo tayo rito, malabo na tayo sa playoffs, sabi ko sa kanila, wika ni head coach Pido Jarencio sa ikalawang sunod na panalo ng NorthPort para sa 2-5 record.","Kapag natalo tayo rito, malabo na tayo sa playoffs, sabi ko sa kanila, wika ni head coach Pido Jarencio sa ikalawang sunod na panalo ng NorthPort para sa 2-5 record."
Ang mga mangungunang manlalangoy sa Visayas leg pati na rin sa nakatakdang Mindanao leg sa Nobyembre 12-13 sa Joaquin F.,Ang mga mangungunang manlalangoy sa Visayas leg pati na rin sa nakatakdang Mindanao leg sa Nobyembre 12-13 sa Joaquin F.
"Ang inflation rate nitong Enero 2023, bagay na naging bagong pinakamabilis na pagtaas ng presyo ng bilihin sa loob ng 14 taon.","Ang inflation rate nitong Enero 2023, bagay na naging bagong pinakamabilis na pagtaas ng presyo ng bilihin sa loob ng 14 taon."
"E, ngayon ang nakarating sa atin hiniritan ng glam team nitong si Francine, si Seth nag-join sa kanila sa picture taking tapos parang ikinagalit ito ni Blythe o ni Andrea, dagdag pa niya.","E, ngayon ang nakarating sa atin hiniritan ng glam team nitong si Francine, si Seth nag-join sa kanila sa picture taking tapos parang ikinagalit ito ni Blythe o ni Andrea, dagdag pa niya."
"Sa ulat ni Luisito Santos sa Super Radyo dzBB nitong Miyerkoles, kinilala ang suspek na si Patrolman Glen Angoluan, nakatalaga sa Laguna Police Provincial Mobile Force Company.","Sa ulat ni Luisito Santos sa Super Radyo dzBB nitong Miyerkoles, kinilala ang suspek na si Patrolman Glen Angoluan, nakatalaga sa Laguna Police Provincial Mobile Force Company."
"Huwebes noong nakaraang linggo lang nang makaranas ang aktres na si Barbie Forteza ng parehong problema, noong bunuin niya ang haba ng pila bandang 4 a.m. para makapagparehistro bago ang eleksyon.","Huwebes noong nakaraang linggo lang nang makaranas ang aktres na si Barbie Forteza ng parehong problema, noong bunuin niya ang haba ng pila bandang 4 a.m. para makapagparehistro bago ang eleksyon."
Naghanda rin ng sariling game plan si Vargas na ilalatag nito sa anumang bombang pasasabugin ni Magsayo.,Naghanda rin ng sariling game plan si Vargas na ilalatag nito sa anumang bombang pasasabugin ni Magsayo.
"Hindi talaga kami nagki-kiss ni Perry kasi umuuwi kami sa kani-kaniyang bahay,"" paliwanag ni Kris sa ""Mars Pa More.","Hindi talaga kami nagki-kiss ni Perry kasi umuuwi kami sa kani-kaniyang bahay,"" paliwanag ni Kris sa ""Mars Pa More."
Nakasentro muna ang atensiyon ng PBA sa pagsisimula ng PBA Season 46 Philippine Cup bago pagtuunan ng pansin ang paglarga ng inagural season ng 3x3 basketball tournament.,Nakasentro muna ang atensiyon ng PBA sa pagsisimula ng PBA Season 46 Philippine Cup bago pagtuunan ng pansin ang paglarga ng inagural season ng 3x3 basketball tournament.
"At pagkaraan ay nakita kong lango na sina Louie de Lima at Mark dahil sa ginamit nila na powder drugs na dala ni Mark, sabi ni Dela Serna.","At pagkaraan ay nakita kong lango na sina Louie de Lima at Mark dahil sa ginamit nila na powder drugs na dala ni Mark, sabi ni Dela Serna."
"Sa programang ""Unang Hirit,"" sinabi ng feng shui consultant na si Jean Chua, na lahat ng halaman ay itinuturing lucky charm.","Sa programang ""Unang Hirit,"" sinabi ng feng shui consultant na si Jean Chua, na lahat ng halaman ay itinuturing lucky charm."
"Baka pupuwede, itong darating na barangay and SK elections magpilot muna tayo, mag-sample tayo ng ilang malls, kahit dito sa Metro Manila, upang makuha natin, kaya ba talaga, pwede ba natin talaga dalhin ang ating mga kababayan sa malls, doon sila boboto, saad ni Garcia.","Baka pupuwede, itong darating na barangay and SK elections magpilot muna tayo, mag-sample tayo ng ilang malls, kahit dito sa Metro Manila, upang makuha natin, kaya ba talaga, pwede ba natin talaga dalhin ang ating mga kababayan sa malls, doon sila boboto, saad ni Garcia."
Maya-maya ay itinutok ng suspek sa biktima ang hawak nitong improvised 12 gauge shot gun saka binaril na tumama lahat sa dibdib nito.,Maya-maya ay itinutok ng suspek sa biktima ang hawak nitong improvised 12 gauge shot gun saka binaril na tumama lahat sa dibdib nito.
Actually pag-aaralan pa po ulit yan ng LTFRB.,Actually pag-aaralan pa po ulit yan ng LTFRB.
Ang mga ecobag ay bahagi rin ng ecowaste management program kung saan iniipon ang mga materyales na puwedeng gawing bag tulad ng mga sako at katsa.,Ang mga ecobag ay bahagi rin ng ecowaste management program kung saan iniipon ang mga materyales na puwedeng gawing bag tulad ng mga sako at katsa.
At yun hindi matatanggal ng simpleng papahid-pahid lang ng sibuyas.,At yun hindi matatanggal ng simpleng papahid-pahid lang ng sibuyas.
"Pero ang sabi ng aming source, keber na raw niya kung manalo o matalo.","Pero ang sabi ng aming source, keber na raw niya kung manalo o matalo."
Sabi nga ni Vincent del Rosario pang big screen talaga ito.,Sabi nga ni Vincent del Rosario pang big screen talaga ito.
Hawak din ng Elasto Painters ang No. 11 pick na susundan ng Magnolia Hotshots.,Hawak din ng Elasto Painters ang No. 11 pick na susundan ng Magnolia Hotshots.
"""Kasi ano rin to minsan si Brianna medyo moody rin eh.","""Kasi ano rin to minsan si Brianna medyo moody rin eh."
"Sa ulat, pasado alas-7 ng gabi, magkasamang tinungo ng mag-amang Padua para kausapin at ayusin ang hindi pa malamang problema nila kay Casin.","Sa ulat, pasado alas-7 ng gabi, magkasamang tinungo ng mag-amang Padua para kausapin at ayusin ang hindi pa malamang problema nila kay Casin."
Ikinagalit ito ng mga sundalo na diumanoy naglabas ng M-16 rifle at nagpaputok sa direksyon ng mga makukulit na nambabato.,Ikinagalit ito ng mga sundalo na diumanoy naglabas ng M-16 rifle at nagpaputok sa direksyon ng mga makukulit na nambabato.
Kasama siya sa mga Kapamilya star / singer magpe-perform.,Kasama siya sa mga Kapamilya star / singer magpe-perform.
Sinabi rin ni Roque na ayaw ng Pangulo na malagay sa panganib o alanganin ang buhay ng mga mag-aaral o guro habang wala pang nababakunahan sa bansa.,Sinabi rin ni Roque na ayaw ng Pangulo na malagay sa panganib o alanganin ang buhay ng mga mag-aaral o guro habang wala pang nababakunahan sa bansa.
"Sabado ng gabi nang arestuhin ng PNP si Cuenca, 33-anyos, matapos salpukin at takbuhan ng kanyang SUV ang sasakyan ng pulisiyang ginagamit sa isang anti-illegal drug operation sa Mandaluyong City.","Sabado ng gabi nang arestuhin ng PNP si Cuenca, 33-anyos, matapos salpukin at takbuhan ng kanyang SUV ang sasakyan ng pulisiyang ginagamit sa isang anti-illegal drug operation sa Mandaluyong City."
Umabot sa 12 bahay ang natupok ng apoy habang nasa 16 na iba pa ng bahagyang napinsala.,Umabot sa 12 bahay ang natupok ng apoy habang nasa 16 na iba pa ng bahagyang napinsala.
Napag-isip-isip niya na kung nakinig lamang siya sa payo ng kaniyang magulang ay hindi sana siya hahantong sa isang masalimuot na sitwasyon.,Napag-isip-isip niya na kung nakinig lamang siya sa payo ng kaniyang magulang ay hindi sana siya hahantong sa isang masalimuot na sitwasyon.
"Katulad na lamang ng mga pasyente na may COVID-19 na nagda-dialysis pa araw-araw, mga pasyente na bumaba ang hemoglobin at mga platelets.","Katulad na lamang ng mga pasyente na may COVID-19 na nagda-dialysis pa araw-araw, mga pasyente na bumaba ang hemoglobin at mga platelets."
"Sa nakaraang limang taon, aniya, ang pamahalaang lungsod ay hindi nagkakaroon ng anumang utang mula sa anumang mga institusyon o bangko matapos na ganap na mabayaran ang utang ng nakaraang administrasyon.","Sa nakaraang limang taon, aniya, ang pamahalaang lungsod ay hindi nagkakaroon ng anumang utang mula sa anumang mga institusyon o bangko matapos na ganap na mabayaran ang utang ng nakaraang administrasyon."
"Ngunit dahil sa pagsisikap, unti-unting naibabalik ni Cruz-Behag ang solidong porma nito.","Ngunit dahil sa pagsisikap, unti-unting naibabalik ni Cruz-Behag ang solidong porma nito."
"Kailangan din niyang alamin kung ligtas ang kanyang production staff na makakasama sa remote, positibo ang karamihan sa kanyang mga kasamahan, kaya sila nag-replay sa buong linggo ng Wowowin-Tutok-To-Win.","Kailangan din niyang alamin kung ligtas ang kanyang production staff na makakasama sa remote, positibo ang karamihan sa kanyang mga kasamahan, kaya sila nag-replay sa buong linggo ng Wowowin-Tutok-To-Win."
"Inanunsyo ng Malaca?Òang ang suspensyon ng pasok para sa mga empleyado ng gobyerno pagsapit ng tanghali ng darating na Miyerkules Santo, ika-5 ng Abril, upang mabigyan ng pagkakataon ang mga nabanggit na malubos-lubos ang Semana Santat makapagbiyahe sa probinsya.","Inanunsyo ng Malaca?Òang ang suspensyon ng pasok para sa mga empleyado ng gobyerno pagsapit ng tanghali ng darating na Miyerkules Santo, ika-5 ng Abril, upang mabigyan ng pagkakataon ang mga nabanggit na malubos-lubos ang Semana Santat makapagbiyahe sa probinsya."
Matuto at ma-inspire ngayong Linggo (Mayo 16) sa pagkilala ni Angel Locsin at ng Iba Yan sa marangal na layunin ng isang grupo ng mga taong may kapansananÉ??ang paggawa ng eco-friendly uling sa pamamagitan ng charcoal briquetting.,Matuto at ma-inspire ngayong Linggo (Mayo 16) sa pagkilala ni Angel Locsin at ng Iba Yan sa marangal na layunin ng isang grupo ng mga taong may kapansananÉ??ang paggawa ng eco-friendly uling sa pamamagitan ng charcoal briquetting.
Sa sofa ito nakapuwesto.,Sa sofa ito nakapuwesto.
"Ang kanilang kasamahan na si Jorilyn Magnaye Ambrad, 22, isang high value individual ay sinampahan na rin ng kahalintulad na kaso.","Ang kanilang kasamahan na si Jorilyn Magnaye Ambrad, 22, isang high value individual ay sinampahan na rin ng kahalintulad na kaso."
Sinabi ni Barbers na sakaling mapatunayang may katotohanan ang balita laban sa mga pulitiko sa Surigao del Norte ay inirerekomenda niya ang paghahain ng kaso laban sa mga ito.,Sinabi ni Barbers na sakaling mapatunayang may katotohanan ang balita laban sa mga pulitiko sa Surigao del Norte ay inirerekomenda niya ang paghahain ng kaso laban sa mga ito.
Naghahanap na rin anya ng mga paraan ang gobyerno natin para maayos ang problema sa China ng naaayon sa batas.,Naghahanap na rin anya ng mga paraan ang gobyerno natin para maayos ang problema sa China ng naaayon sa batas.
Sa premiere night pa lang nila nung nakaraang Martes sa SM Megamall ay talagang dinagsa sila ng laksa-laksang fans.,Sa premiere night pa lang nila nung nakaraang Martes sa SM Megamall ay talagang dinagsa sila ng laksa-laksang fans.
Gatchalian na nagkaroon na sila ng pag-uusap ni Mayor Sara sa posibleng tambalan pero hindi pa nito nilinaw kung plantsado na ang kasunduan.,Gatchalian na nagkaroon na sila ng pag-uusap ni Mayor Sara sa posibleng tambalan pero hindi pa nito nilinaw kung plantsado na ang kasunduan.
Pati tuloy ang pelikulang Through Night and Day nila ay muling pinanood ng iba.,Pati tuloy ang pelikulang Through Night and Day nila ay muling pinanood ng iba.
"Na-miss ko É??yung yakap niyaÉ??, kuwento ni Andrew.","Na-miss ko É??yung yakap niyaÉ??, kuwento ni Andrew."
"Aniya, magprepresenta pa sa Huwebes pagdating sa mga ""updated recommendations"" sa paggamit nito.","Aniya, magprepresenta pa sa Huwebes pagdating sa mga ""updated recommendations"" sa paggamit nito."
Nangyari ang trahediya sa isang beach resort sa Barangay Capipisa sa Tanza.,Nangyari ang trahediya sa isang beach resort sa Barangay Capipisa sa Tanza.
Pa nakaiwas ang biktima ay walang kaabug-abog na pinagbabaril ito ng suspek hanggang duguang humandusay.,Pa nakaiwas ang biktima ay walang kaabug-abog na pinagbabaril ito ng suspek hanggang duguang humandusay.
Humingi ng paumanhin ang pamunuan ng San-En sa naging asal ni Ravena.,Humingi ng paumanhin ang pamunuan ng San-En sa naging asal ni Ravena.
Sinabi niya na sasagutin ng pamahalaan sa pamamagitan ng PhilHealth ang pagpapaospital ng pasyente at iba pang gastusin.,Sinabi niya na sasagutin ng pamahalaan sa pamamagitan ng PhilHealth ang pagpapaospital ng pasyente at iba pang gastusin.
Maria Rosario Vergeire na inihahanda pa lamang ang guidelines para sa rollout ng mga bakuna sa naturang age group.,Maria Rosario Vergeire na inihahanda pa lamang ang guidelines para sa rollout ng mga bakuna sa naturang age group.
"Nasa kanyang poder si Nanay Myrna, ang kanyang ina, may private nurse siyang kinuha at lahat ng kailangan nito ay mag-isa niyang tinutugunan.","Nasa kanyang poder si Nanay Myrna, ang kanyang ina, may private nurse siyang kinuha at lahat ng kailangan nito ay mag-isa niyang tinutugunan."
Isinugod ng mga kapatid si Jaymark sa Gat Andres Bonifacio Memorial Medical Center ngunit idineklara siyang wala nang buhay nang dumating sa ospital.,Isinugod ng mga kapatid si Jaymark sa Gat Andres Bonifacio Memorial Medical Center ngunit idineklara siyang wala nang buhay nang dumating sa ospital.
"Nabuksan ang paksang ito sa pakikipagdayalogo nina Lacson at running mate na si Senate President Tito Sotto sa mga residente ng Daet, Camarines Norte na kanilang binisita para mangampanya nitong Miyerkules.","Nabuksan ang paksang ito sa pakikipagdayalogo nina Lacson at running mate na si Senate President Tito Sotto sa mga residente ng Daet, Camarines Norte na kanilang binisita para mangampanya nitong Miyerkules."
Inabisuhan naman ang mga tagahanga ni Susan na maghintay na sa Manila North Cemetery.,Inabisuhan naman ang mga tagahanga ni Susan na maghintay na sa Manila North Cemetery.
"Sa ulat ng GMA 24 Oras Weekend nitong Linggo, makikita sa nag-viral na video ang pag-angat ng kamay ng bata na nasa loob ng delivery box na nasa likod ng motorsiklo.","Sa ulat ng GMA 24 Oras Weekend nitong Linggo, makikita sa nag-viral na video ang pag-angat ng kamay ng bata na nasa loob ng delivery box na nasa likod ng motorsiklo."
Nakasaad naman sa panukala na maaaring payagan ang mga kawani ng DepEd na ituloy ang kanilang serbisyo hanggang sa umabot ang kanilang edad sa 65 kung siya ay may 15 taon nang serbisyo sa departamento.,Nakasaad naman sa panukala na maaaring payagan ang mga kawani ng DepEd na ituloy ang kanilang serbisyo hanggang sa umabot ang kanilang edad sa 65 kung siya ay may 15 taon nang serbisyo sa departamento.
"Sa ilang larawan ni Bea sa Instagram, na makikita rin sa GMA News ""Unang Balita"" nitong Miyerkoles, sinabi ng Miss Universe Top Five finalist na gusto niyang mabigyan ng relief goods ang mga residenteng hirap maabutan ng tulong dahil nasa mga liblib na lugar.","Sa ilang larawan ni Bea sa Instagram, na makikita rin sa GMA News ""Unang Balita"" nitong Miyerkoles, sinabi ng Miss Universe Top Five finalist na gusto niyang mabigyan ng relief goods ang mga residenteng hirap maabutan ng tulong dahil nasa mga liblib na lugar."
"Bukod sa kanyang bagong iho-host na programa sa TV5, ang Sing-Galing, ay kumurot kami nang pahapyaw tungkol sa relasyon ngayon ng kanyang kapatid na si Raymart at ni Jodi Sta.","Bukod sa kanyang bagong iho-host na programa sa TV5, ang Sing-Galing, ay kumurot kami nang pahapyaw tungkol sa relasyon ngayon ng kanyang kapatid na si Raymart at ni Jodi Sta."
"Samantala, sa isang follow-up report sinabing nakalikom na ng aabot sa P1.2-milyong.","Samantala, sa isang follow-up report sinabing nakalikom na ng aabot sa P1.2-milyong."
"At kung mawawalis nito ang eliminasyon, awtomatikong uusad ang Lady Blazers sa finals.","At kung mawawalis nito ang eliminasyon, awtomatikong uusad ang Lady Blazers sa finals."
Nagtitilian ang audience paglabas ni BB habang naka-black see-through gown ito with matching big crown na gold at may bitbit na urn na diumanoy ang laman ay ang abo ni Rustom Padilla.,Nagtitilian ang audience paglabas ni BB habang naka-black see-through gown ito with matching big crown na gold at may bitbit na urn na diumanoy ang laman ay ang abo ni Rustom Padilla.
"Makalipas ng ilang taon, bumalik si Analia sa pag-aaral.","Makalipas ng ilang taon, bumalik si Analia sa pag-aaral."
"Nasa 1,000 tricycle drivers ang naayudahan ng É??Pantawid Pasada ProgramÉ?? ni Malabon City Councilor Jose Lorenzo É??EnzoÉ?? Oreta kasabay ng dalawang linggong Enhanced Community Quarantine.","Nasa 1,000 tricycle drivers ang naayudahan ng É??Pantawid Pasada ProgramÉ?? ni Malabon City Councilor Jose Lorenzo É??EnzoÉ?? Oreta kasabay ng dalawang linggong Enhanced Community Quarantine."
Nakakapag-compromise naman kami.,Nakakapag-compromise naman kami.
"Manalangin TAYO: Panginoong Hesus, naway turuan Mo po kaming magsakripisyo at magtiis upang matumbasan namin ang Iyong ginawang pagtitiis at sakripisyo para iligtas kami sa aming mga kasalanan.","Manalangin TAYO: Panginoong Hesus, naway turuan Mo po kaming magsakripisyo at magtiis upang matumbasan namin ang Iyong ginawang pagtitiis at sakripisyo para iligtas kami sa aming mga kasalanan."
"Inanunsyo na ng pamahalaang panlalawigan ng Cebu ang ""state of calamity"" kaugnay pa rin ng epekto ng Typhoon Odette.","Inanunsyo na ng pamahalaang panlalawigan ng Cebu ang ""state of calamity"" kaugnay pa rin ng epekto ng Typhoon Odette."
"Patuloy pa ng aktor, sinabi rin sa kaniya ng kanilang batikang direktor na si Laurice Guillen ang katangian ni Lianne.","Patuloy pa ng aktor, sinabi rin sa kaniya ng kanilang batikang direktor na si Laurice Guillen ang katangian ni Lianne."
Nagbukas ang palitan sa P57.70.,Nagbukas ang palitan sa P57.70.
"Kinilala ng pulisya ang nasawing si Eleazer Cameo, 62, may-asawa at residente ng Barangay Bulakin 2.","Kinilala ng pulisya ang nasawing si Eleazer Cameo, 62, may-asawa at residente ng Barangay Bulakin 2."
Nakare-relate rin si Carl sa awitin dahil lumaki siyang walang kinikilalang biological father.,Nakare-relate rin si Carl sa awitin dahil lumaki siyang walang kinikilalang biological father.
Dati nang sumusuporta ang SMC sa Philippine sports kagaya ng pagdaraos ng Southeast Asian Games noong Disyembre ng 2019 kung saan hinirang na overall champion ang bansa.,Dati nang sumusuporta ang SMC sa Philippine sports kagaya ng pagdaraos ng Southeast Asian Games noong Disyembre ng 2019 kung saan hinirang na overall champion ang bansa.
Magsisimula ang pasok simula alas-7:00 nang umaga at magtatapos alas-4:00 nang hapon o ang tinatawag na daily saving time (DST) na uumpisahan ng Department of Energy.,Magsisimula ang pasok simula alas-7:00 nang umaga at magtatapos alas-4:00 nang hapon o ang tinatawag na daily saving time (DST) na uumpisahan ng Department of Energy.
Binigyang diin ni Belmonte na kailangan ding paglaanan na ng bakuna ang mga kabataan para maingatan din ang mga ito sa hawaan ng virus.,Binigyang diin ni Belmonte na kailangan ding paglaanan na ng bakuna ang mga kabataan para maingatan din ang mga ito sa hawaan ng virus.
Ito aniya ang dahilan kung bakit kahit maraming nahahawa ng sakit sa rehiyon ay puro mild lamang ang mga ito at hindi na kailangan pang dalhin sa mga pagamutan.,Ito aniya ang dahilan kung bakit kahit maraming nahahawa ng sakit sa rehiyon ay puro mild lamang ang mga ito at hindi na kailangan pang dalhin sa mga pagamutan.
Nagpasiklab si Kurt Reyson na humataw ng career-high 31 points tampok ang 10 puntos sa fourth quarter at extra period para pamunuan ang Knights sa kanilang unang panalo.,Nagpasiklab si Kurt Reyson na humataw ng career-high 31 points tampok ang 10 puntos sa fourth quarter at extra period para pamunuan ang Knights sa kanilang unang panalo.
Nauna na ngang nag-post si KC ng.,Nauna na ngang nag-post si KC ng.
"Bagamat hindi mandatory ang vaccination laban sa COVID-19 at hindi pwedeng pilitin ang mga tao, hikayatin pa rin natin ang mga hindi pa bakunado na magpabakuna na dahil maiiwasan natin ang malubhang sakit o maging kamatayan dahil sa COVID-19.","Bagamat hindi mandatory ang vaccination laban sa COVID-19 at hindi pwedeng pilitin ang mga tao, hikayatin pa rin natin ang mga hindi pa bakunado na magpabakuna na dahil maiiwasan natin ang malubhang sakit o maging kamatayan dahil sa COVID-19."
"Kahit na kagubatan ang itinuturing kaharian ng mga unggoy, nasasanay na rin ang mga hayop na ito na magpagala-gala sa mga siyudad.","Kahit na kagubatan ang itinuturing kaharian ng mga unggoy, nasasanay na rin ang mga hayop na ito na magpagala-gala sa mga siyudad."
"Pero kung totoo umano ito, ayon kay Rodriguez dapat ay umalis na sila makalipas ang ilang araw.","Pero kung totoo umano ito, ayon kay Rodriguez dapat ay umalis na sila makalipas ang ilang araw."
Pero ang tatay.,Pero ang tatay.
Na nagsabing hindi rin nasangkot sa gulo ang anak.,Na nagsabing hindi rin nasangkot sa gulo ang anak.
"Kuwento ng aming source, May katotohanan naman kasi ang sinabi ng male personality na napakalaki ng nawala sa kanya dahil sa controversy sa kanila ng girl!","Kuwento ng aming source, May katotohanan naman kasi ang sinabi ng male personality na napakalaki ng nawala sa kanya dahil sa controversy sa kanila ng girl!"
Ang insidente ay natiyempuhan ng mga rumorondang pulis ng Quezon City police district 16 kayat mabilis na nadakip ang mga suspek.,Ang insidente ay natiyempuhan ng mga rumorondang pulis ng Quezon City police district 16 kayat mabilis na nadakip ang mga suspek.
"Dahil alam nating maraming isang kahig, isang tuka, hindi naman po pupwedeng magugutom sila nang tuluyan.","Dahil alam nating maraming isang kahig, isang tuka, hindi naman po pupwedeng magugutom sila nang tuluyan."
"Para mahikayat ang mas maraming Pilipino na makilahok sa sports, nagbigay rin ang senador ng mga bisikleta at bola para sa volleyball at basketball sa iba.Binigyang-diin.","Para mahikayat ang mas maraming Pilipino na makilahok sa sports, nagbigay rin ang senador ng mga bisikleta at bola para sa volleyball at basketball sa iba.Binigyang-diin."
"Bahagi si Marian ng selection committee para sa ika-70 na Miss Universe ngayong taon, na gaganapin na nitong Disyembre.","Bahagi si Marian ng selection committee para sa ika-70 na Miss Universe ngayong taon, na gaganapin na nitong Disyembre."
"Naisipan daw nila na sa lugar na yon kumain dahil sabi nga ni Jak, Tito Jun, kayo po ang nag-introduce ng lugar na É??yon sa akin nang pumunta po kami sa birthday party nÉ??yo.","Naisipan daw nila na sa lugar na yon kumain dahil sabi nga ni Jak, Tito Jun, kayo po ang nag-introduce ng lugar na É??yon sa akin nang pumunta po kami sa birthday party nÉ??yo."
"Matapos kasi ang ilang taon, hindi pa rin binabayaran ng Marcoses ang mga buwis dahilan para bigyan na ng BIR ng written demand ang kanilang pamilya patungkol dito.","Matapos kasi ang ilang taon, hindi pa rin binabayaran ng Marcoses ang mga buwis dahilan para bigyan na ng BIR ng written demand ang kanilang pamilya patungkol dito."
Sandali umanong umalis ang suspek at nagpunta sa kaniyang tricycle.,Sandali umanong umalis ang suspek at nagpunta sa kaniyang tricycle.
Ang lalaking pasyente na nakatira sa Quezon City ay umalis umano ng bansa at lumipad sa Dubai para sa negosyo noong December 27.,Ang lalaking pasyente na nakatira sa Quezon City ay umalis umano ng bansa at lumipad sa Dubai para sa negosyo noong December 27.
Sa susunod na buwan ay ipagdiriwang ng aktor ang kanyang ika-26 na kaarawan.,Sa susunod na buwan ay ipagdiriwang ng aktor ang kanyang ika-26 na kaarawan.
"Ayon pa sa mang-aawit, tumagal ng mahigit dalawang taon bago niya natutunan na kontrolin ang kaniyang mental health issue dulot nang pang-aabusong naranasan.","Ayon pa sa mang-aawit, tumagal ng mahigit dalawang taon bago niya natutunan na kontrolin ang kaniyang mental health issue dulot nang pang-aabusong naranasan."
Gabi na ay hindi pa umano umuuwi at nang tinatawagan ay hindi naman umano sumasagot hanggang sa tawagan sila hinggil sa pangyayari Mer Layson.,Gabi na ay hindi pa umano umuuwi at nang tinatawagan ay hindi naman umano sumasagot hanggang sa tawagan sila hinggil sa pangyayari Mer Layson.
Bukod pa ito kay Jericho Rosales na diumanoy nakikipag-negotiate na rin sa dating kalabang network ng ABS-CBN.,Bukod pa ito kay Jericho Rosales na diumanoy nakikipag-negotiate na rin sa dating kalabang network ng ABS-CBN.
Ngayong buwan lang nang sabihin ni Dela Rosa na handa siyang umatras sa presidential race kung mapag-isipan ni Davao City Mayor Sara Duterte-Carpio na tumakbo sa ilalim ng PDP-Laban para sa parehong posisyon gamit ang substitution.,Ngayong buwan lang nang sabihin ni Dela Rosa na handa siyang umatras sa presidential race kung mapag-isipan ni Davao City Mayor Sara Duterte-Carpio na tumakbo sa ilalim ng PDP-Laban para sa parehong posisyon gamit ang substitution.
Ako talaga yung magpapasalamat kasi sila ang nag-yes sa akin.,Ako talaga yung magpapasalamat kasi sila ang nag-yes sa akin.
"Samantala, ang bongga ng feedback kay Bugoy Drilon sa 10Q US Concert Tour ni Angeline Quinto at ng mga ka-grupo niya sa BuDaKhel na sina Daryl Ong at Michael Pangilinan, huh!","Samantala, ang bongga ng feedback kay Bugoy Drilon sa 10Q US Concert Tour ni Angeline Quinto at ng mga ka-grupo niya sa BuDaKhel na sina Daryl Ong at Michael Pangilinan, huh!"
Patuloy pa ang isinasagawang imbestigasyon ng pulisya upang matukoy ang suspek sa krimen.,Patuloy pa ang isinasagawang imbestigasyon ng pulisya upang matukoy ang suspek sa krimen.
Ang dami pa rin supporters ang tambalang EliKoy o CaiReel nina Elijah Canlas at Kokoy de Santos ng Gameboys.,Ang dami pa rin supporters ang tambalang EliKoy o CaiReel nina Elijah Canlas at Kokoy de Santos ng Gameboys.
"Dahil sa paulit-ulit na hindi pagsusumite ng ilang mga laboratoryo ng mga datos, napilitan ang gobyerno na parusahan na ang ilan sa kanila.","Dahil sa paulit-ulit na hindi pagsusumite ng ilang mga laboratoryo ng mga datos, napilitan ang gobyerno na parusahan na ang ilan sa kanila."
"Tumanggap ng tig-P250,000 cash ang 15 awardees mula sa Villar SIPAG.","Tumanggap ng tig-P250,000 cash ang 15 awardees mula sa Villar SIPAG."
"Aniya, hindi dapat na ipasa ang estudyante kung hindi nakakabasa dahil mas lalo lamang itong mahihirapan sa mga susunod na baitang.","Aniya, hindi dapat na ipasa ang estudyante kung hindi nakakabasa dahil mas lalo lamang itong mahihirapan sa mga susunod na baitang."
"We have to understand na may upkeep ang Manila Zoo, kahit kayo may mga pets na aso o pusa alam nyo kung gaano kamahal mag-alaga.","We have to understand na may upkeep ang Manila Zoo, kahit kayo may mga pets na aso o pusa alam nyo kung gaano kamahal mag-alaga."
"5) sa I-Witness, muling bibisitahin ni Atom Araullo ang nakilala niyang tindera sa Dangwa na dati nang naging subject ng programa.","5) sa I-Witness, muling bibisitahin ni Atom Araullo ang nakilala niyang tindera sa Dangwa na dati nang naging subject ng programa."
Ang mga papasok ay kailangan namang sumailalim sa antigen test na isasagawa ng Medical and Dental Service.,Ang mga papasok ay kailangan namang sumailalim sa antigen test na isasagawa ng Medical and Dental Service.
"Sinabi ni Roque na batay sa report ng Department of Foreign Affairs (DFA), walang Pilipinong nadamay sa malakas na lindol.","Sinabi ni Roque na batay sa report ng Department of Foreign Affairs (DFA), walang Pilipinong nadamay sa malakas na lindol."
"Ang opisyal na gigil na gigil sa dating consultant ay kilalang-kilala, araw-araw halos na nakikita at naririnig sa radio at TV at animo laging nasa fighting mood kapag nireresbakan ang mga kritiko ng administrasyon.","Ang opisyal na gigil na gigil sa dating consultant ay kilalang-kilala, araw-araw halos na nakikita at naririnig sa radio at TV at animo laging nasa fighting mood kapag nireresbakan ang mga kritiko ng administrasyon."
"Habang paparami nang paparami ang nababakunahan sa Pilipinas laban sa coronavirus disease (COVID-19), inaasahan ng Malaca?Òang na ito na ang huling beses na magbababa ng enhanced community quarantine (ECQ) sa Metro Manila.","Habang paparami nang paparami ang nababakunahan sa Pilipinas laban sa coronavirus disease (COVID-19), inaasahan ng Malaca?Òang na ito na ang huling beses na magbababa ng enhanced community quarantine (ECQ) sa Metro Manila."
"In fairness, favorable ang mga komentong nakarating sa amin tungkol sa Pasadena show ng dalawa.","In fairness, favorable ang mga komentong nakarating sa amin tungkol sa Pasadena show ng dalawa."
Na pagkatiwalaan ang pamahalaan para sa mas maayos na pamumuhay.,Na pagkatiwalaan ang pamahalaan para sa mas maayos na pamumuhay.
Sinabi ni Zamora na hindi dahilan ang pan-demya upang mahadla-ngan ang kanilang misyon na mabigyan ang mga mag-aaral sa lungsod ng de kalidad na edukasyon.,Sinabi ni Zamora na hindi dahilan ang pan-demya upang mahadla-ngan ang kanilang misyon na mabigyan ang mga mag-aaral sa lungsod ng de kalidad na edukasyon.
Si Speaker din ang nakapagtala ng pinakamalaking pag-angat sa limang pinakamataas na opisyal ng bansa.,Si Speaker din ang nakapagtala ng pinakamalaking pag-angat sa limang pinakamataas na opisyal ng bansa.
"Dead-on-th-spot dahil sa mga tinamong tama ng bala sa likod ang biktima na kinilala bilang si Mandeep Dhaliwal Singh, 33, ng Arguelles, Quezon City.","Dead-on-th-spot dahil sa mga tinamong tama ng bala sa likod ang biktima na kinilala bilang si Mandeep Dhaliwal Singh, 33, ng Arguelles, Quezon City."
"Dinala na ang mga biktima sa bayan ng Atimonan, Quezon.","Dinala na ang mga biktima sa bayan ng Atimonan, Quezon."
"Sa ngayon, wala nang showbiz project si aktor kaya naisipan niyang mag-call center agent muna.","Sa ngayon, wala nang showbiz project si aktor kaya naisipan niyang mag-call center agent muna."
Bakit kulang ang supply?,Bakit kulang ang supply?
Binigyang-diin pa ni Tulfo na sinasamantala ng mga property developerang mga magsasaka dahil maliit ang kanilang kinikita dahil sa mataas napresyo ng mga fertilizer at iba pang gamit sa pagsasaka.,Binigyang-diin pa ni Tulfo na sinasamantala ng mga property developerang mga magsasaka dahil maliit ang kanilang kinikita dahil sa mataas napresyo ng mga fertilizer at iba pang gamit sa pagsasaka.
"Pero tingnan ninyo ang Korea, nakakuha sila ng buyers ng pelikula nila.","Pero tingnan ninyo ang Korea, nakakuha sila ng buyers ng pelikula nila."
"Nakuha ang isang 9mm na baril, granada, improvised explosive device (IED), mga bala, libro ng É??Batayang kurso ng PartidoÉ?ù, isang t-shirt na may markings na É??Rebolusyon hindi eleksyonÉ?ù at iba pang mga subersibong dokumento.","Nakuha ang isang 9mm na baril, granada, improvised explosive device (IED), mga bala, libro ng É??Batayang kurso ng PartidoÉ?ù, isang t-shirt na may markings na É??Rebolusyon hindi eleksyonÉ?ù at iba pang mga subersibong dokumento."
"Nilagay po sa peligro yung buhay namin, hirit pa nito.","Nilagay po sa peligro yung buhay namin, hirit pa nito."
Hindi na nakapalag ang mga suspect matapos na dakpin ng mga awtoridad sa aktong iniaabot ang mga antigen COVID 19 test kits na hindi rehistrado sa Food and Drugs Administration (FDA) sa poseur buyer.,Hindi na nakapalag ang mga suspect matapos na dakpin ng mga awtoridad sa aktong iniaabot ang mga antigen COVID 19 test kits na hindi rehistrado sa Food and Drugs Administration (FDA) sa poseur buyer.
"Hindi po ako naka-graduate ng elementary tsaka high school po, sabi ni Regondola.","Hindi po ako naka-graduate ng elementary tsaka high school po, sabi ni Regondola."
Marami aniyang nadiskubre si Heart tungkol sa kaniyang sarili nang mamalagi sa Paris.,Marami aniyang nadiskubre si Heart tungkol sa kaniyang sarili nang mamalagi sa Paris.
"Sisikat na naman ang bilyar, sabi ni Efren sa Kapuso Showbiz News.","Sisikat na naman ang bilyar, sabi ni Efren sa Kapuso Showbiz News."
"Hindi lang si Liza ang sumubok mag-Hollywood dream, marami na at lahat nabigo.","Hindi lang si Liza ang sumubok mag-Hollywood dream, marami na at lahat nabigo."
"Sa kuwento ng sugatang si Nadya sa mga pulis, dakong alas-10 ng gabi kasama ang nakababatang kapatid na si Joel ay natutulog na sila sa kanilang kuwarto nang magising dahil sa malakas na palahaw ng kanilang nanay.","Sa kuwento ng sugatang si Nadya sa mga pulis, dakong alas-10 ng gabi kasama ang nakababatang kapatid na si Joel ay natutulog na sila sa kanilang kuwarto nang magising dahil sa malakas na palahaw ng kanilang nanay."
Kinilig ang mga tagahanga ng tambalan na mas kilala sa tawag na É??PauNineÉ?? dahil sobrang sweet daw ng dalawa sa kanilang duet na ginawa sa concert.,Kinilig ang mga tagahanga ng tambalan na mas kilala sa tawag na É??PauNineÉ?? dahil sobrang sweet daw ng dalawa sa kanilang duet na ginawa sa concert.
Inamin ng mga suspek ang krimen.,Inamin ng mga suspek ang krimen.
Kamakailan ay mainit na pinag-usapan ang pambubugbog ni Coco kay McCoy sa isang eksena sa serye.,Kamakailan ay mainit na pinag-usapan ang pambubugbog ni Coco kay McCoy sa isang eksena sa serye.
"Nag-aaway mga babae na pangalan Marites talaga, na ikinatawa ng ibang cabinet members na andun sa briefing sa Malaca?Òang.","Nag-aaway mga babae na pangalan Marites talaga, na ikinatawa ng ibang cabinet members na andun sa briefing sa Malaca?Òang."
"Batay sa ulat, umakyat umano ang biktima, para magkumpuni, sa itaas ng water tank sa bahay ng kanyang amo na si Mark Camus, nang aksidente umanong mahawakan niya ang livewire ng kuryente na naging dahilan para ito ay mangisay at mahulog sa lupa.","Batay sa ulat, umakyat umano ang biktima, para magkumpuni, sa itaas ng water tank sa bahay ng kanyang amo na si Mark Camus, nang aksidente umanong mahawakan niya ang livewire ng kuryente na naging dahilan para ito ay mangisay at mahulog sa lupa."
Sinabi ni Ope?Òa sa mga imbestigador na napansin niya na ang Metrobank ATM machine na nakalagay sa loob ng supermarket na binabantayan ng mga guwardya ay natanggal sa orihinal nitong posisyon.,Sinabi ni Ope?Òa sa mga imbestigador na napansin niya na ang Metrobank ATM machine na nakalagay sa loob ng supermarket na binabantayan ng mga guwardya ay natanggal sa orihinal nitong posisyon.
May ilan pang mga artistang nalaman naming nag-positive rin sa COVID-19 pero tahimik na lang silang nagpapagaling sa kanilang tahanan.,May ilan pang mga artistang nalaman naming nag-positive rin sa COVID-19 pero tahimik na lang silang nagpapagaling sa kanilang tahanan.
Naka-isolate na po yong dalawang pasyente at maituturing na recovered na po sila.,Naka-isolate na po yong dalawang pasyente at maituturing na recovered na po sila.
Ika-26 ng Hulyo nang mapalanunan ng weightlifter ang gintong medalya mula sa 2021 Tokyo Olympics É?? ang una ng Pilipinas simula nang sumali ito noong 1924.,Ika-26 ng Hulyo nang mapalanunan ng weightlifter ang gintong medalya mula sa 2021 Tokyo Olympics É?? ang una ng Pilipinas simula nang sumali ito noong 1924.
Isa sa mga tinawagan niya ay 20 hanggang 30 beses pa kailangang kontakin para lang makausap ng dalawa hanggang tatlong minuto bago maputol ang tawag.,Isa sa mga tinawagan niya ay 20 hanggang 30 beses pa kailangang kontakin para lang makausap ng dalawa hanggang tatlong minuto bago maputol ang tawag.
Naaalala namin ang sinabi nung matanda.,Naaalala namin ang sinabi nung matanda.
"Sinabi niyang nanahimik siya dahil sinabihan siyang tumahimik muna para hindi magkaroon ng gulo sa taping na ginagawa nila para sa video streaming, pero napilitan siyang ilabas ang sama ng loob sa dibdib dahil mukhang walang nangyayaring aksiyon laban sa ginawa sa kanya.","Sinabi niyang nanahimik siya dahil sinabihan siyang tumahimik muna para hindi magkaroon ng gulo sa taping na ginagawa nila para sa video streaming, pero napilitan siyang ilabas ang sama ng loob sa dibdib dahil mukhang walang nangyayaring aksiyon laban sa ginawa sa kanya."
"Sabi ko, É??Ah, Bala na lang.É??","Sabi ko, É??Ah, Bala na lang.É??"
"Sa dami ng kaniyang naipagawa sa katawan, sinabi ni Joylyn na umabot na raw sa P1.3.","Sa dami ng kaniyang naipagawa sa katawan, sinabi ni Joylyn na umabot na raw sa P1.3."
Milyon lamang ito at higit na mas malaki kaysa sa P37.5.,Milyon lamang ito at higit na mas malaki kaysa sa P37.5.
Iyon nga lang hindi na yata makakita sa ngayon.,Iyon nga lang hindi na yata makakita sa ngayon.
"Pinahihintulutan naman sa batas ang tinatawag na ""dacion en pago,"" kung saan idinideklara ng nangutang sa due date na ang ari-arian na kaniyang ibinigay bilang seguridad ang kaniya na lamang ipambabayad sa kaniyang inutang.","Pinahihintulutan naman sa batas ang tinatawag na ""dacion en pago,"" kung saan idinideklara ng nangutang sa due date na ang ari-arian na kaniyang ibinigay bilang seguridad ang kaniya na lamang ipambabayad sa kaniyang inutang."
"Nang maiahon ang bato, makikita na may halo itong kulay kalawang.","Nang maiahon ang bato, makikita na may halo itong kulay kalawang."
Binaril siya ng mga suspek na sakay ng motorsiklo.,Binaril siya ng mga suspek na sakay ng motorsiklo.
Ito ang inilabas na bagong polisiya ng Bureau of Immigration (BI) makaraan na 50 bansa na ang nag-umpisa ng kanilang vaccination program.,Ito ang inilabas na bagong polisiya ng Bureau of Immigration (BI) makaraan na 50 bansa na ang nag-umpisa ng kanilang vaccination program.
"Napuruhan ng punglo sa ibat ibang bahagi ng katawan at agad nasawi ang suspek na si Rico Gerobin, residente ng naturang lugar at kasapi ng Concepcion Criminal Gang.","Napuruhan ng punglo sa ibat ibang bahagi ng katawan at agad nasawi ang suspek na si Rico Gerobin, residente ng naturang lugar at kasapi ng Concepcion Criminal Gang."
"Sinabi ni Remulla na sasailalim sa preliminary investigation ang nakababatang Teves at tiniyak niya na igagalang ang lahat ng karapatan ng lahat ng nasasangkot sa kaso, kabilang ang kanilang karapatan sa due process.","Sinabi ni Remulla na sasailalim sa preliminary investigation ang nakababatang Teves at tiniyak niya na igagalang ang lahat ng karapatan ng lahat ng nasasangkot sa kaso, kabilang ang kanilang karapatan sa due process."
"Ilang beses nag-counterflow ang sasakyan ng mag-asawa, kabuntot pa rin ang asul na sasakyan.","Ilang beses nag-counterflow ang sasakyan ng mag-asawa, kabuntot pa rin ang asul na sasakyan."
"Roque, kinakailangan lamang na ang banyaga ay mayroong pre-booked na accommodation ng anim na gabi sa isang accredited quarantine hotel o facility; kinakailangang magpa-test ng COVID-19 sa quarantine hotel o facility sa ika-anim na araw at kailangan silang magkaroon ng maximum capacity of inbound passengers at the port and date of entry.","Roque, kinakailangan lamang na ang banyaga ay mayroong pre-booked na accommodation ng anim na gabi sa isang accredited quarantine hotel o facility; kinakailangang magpa-test ng COVID-19 sa quarantine hotel o facility sa ika-anim na araw at kailangan silang magkaroon ng maximum capacity of inbound passengers at the port and date of entry."
"Duty jail officer ng mga oras na iyon si JO1 Rachel C Bergado, ngDasmari?Òas BJMP at nang kapkapan nito ang suspek ay nadiskubre ang nakasingit na isang maliit na plastic sachet ng shabu sa isang bahagi ng katawan nito sanhi ng kanyang pagkakaaresto.","Duty jail officer ng mga oras na iyon si JO1 Rachel C Bergado, ngDasmari?Òas BJMP at nang kapkapan nito ang suspek ay nadiskubre ang nakasingit na isang maliit na plastic sachet ng shabu sa isang bahagi ng katawan nito sanhi ng kanyang pagkakaaresto."
"Ang lala talaga na ginagawa nila, alang-alang sa datung.","Ang lala talaga na ginagawa nila, alang-alang sa datung."
"Ipinaliwanag ng Panginoong Hesus sa kaniyang pangangaral na hindi man bumangon ang lalaki upang ibigay ang hinihingi ng kaibigan, babangon pa rin ito para ibigay ang hinihingi ng kaniyang kaibigan dahil sa pagpupumilit nito.","Ipinaliwanag ng Panginoong Hesus sa kaniyang pangangaral na hindi man bumangon ang lalaki upang ibigay ang hinihingi ng kaibigan, babangon pa rin ito para ibigay ang hinihingi ng kaniyang kaibigan dahil sa pagpupumilit nito."
"Una nang inihayag ni Department of Energy (DOE), gagawin nito ang lahat ng makakaya upang maibalik ang kuryente sa mga apektadong lugar kasunod ng pangamba na baka abutan pa sila ng madilim na Pasko.","Una nang inihayag ni Department of Energy (DOE), gagawin nito ang lahat ng makakaya upang maibalik ang kuryente sa mga apektadong lugar kasunod ng pangamba na baka abutan pa sila ng madilim na Pasko."
"Sinusundan ng Voltes V: Legacy ang kuwento ng tatlong magkakapatid É?? sina Steve, Big Bert, at Little Jon at ang kanilang mga kaibigan na sina Jamie at Mark É?? habang sama-sama silang lumalaban sa masasamang pwersa ng Boazanian na nagbabalak na salakayin ang Earth at ilunsad ang kanilang mga beast fighter sa buong mundo.","Sinusundan ng Voltes V: Legacy ang kuwento ng tatlong magkakapatid É?? sina Steve, Big Bert, at Little Jon at ang kanilang mga kaibigan na sina Jamie at Mark É?? habang sama-sama silang lumalaban sa masasamang pwersa ng Boazanian na nagbabalak na salakayin ang Earth at ilunsad ang kanilang mga beast fighter sa buong mundo."
"Grams at aabot sa P1,022,380 ang halaga nito.","Grams at aabot sa P1,022,380 ang halaga nito."
"Tumingin ako sa salamin, inayos ko nang kaunti ang buhok ko.","Tumingin ako sa salamin, inayos ko nang kaunti ang buhok ko."
Siguro magugulat na naman si Maine Mendoza pag nalamang may binigay na regalo sa akin ang mommy niya.,Siguro magugulat na naman si Maine Mendoza pag nalamang may binigay na regalo sa akin ang mommy niya.
"Dahil dito, mananatili ang Gilas Women sa Division B sa susunod na edisyon ng torneo.","Dahil dito, mananatili ang Gilas Women sa Division B sa susunod na edisyon ng torneo."
"Magsisimla na po ang pagbabakuna sa general population itong buwan ng Oktubre, banggit ng tagapagsalita ng presidente kanina.","Magsisimla na po ang pagbabakuna sa general population itong buwan ng Oktubre, banggit ng tagapagsalita ng presidente kanina."
Kapwa rin nangako ang dalawang lider na tutulong sa pagsugpo ng COVID-19.,Kapwa rin nangako ang dalawang lider na tutulong sa pagsugpo ng COVID-19.
"Mensahe naman ni Vice Ganda, Sobrang sincere lang nun, na nawalan siya ng pag-asa, kasi it happens.","Mensahe naman ni Vice Ganda, Sobrang sincere lang nun, na nawalan siya ng pag-asa, kasi it happens."
"Kinukuya-kuya ko pa naman siya tapos ganyan, hayop pala siya, demonyo.","Kinukuya-kuya ko pa naman siya tapos ganyan, hayop pala siya, demonyo."
Naantala tuloy ang botohan sa Buluan Central School.,Naantala tuloy ang botohan sa Buluan Central School.
"Oo, kaagad na sagot ni Gil nang tanungin kung totoo bang nililigawan niya si Lexi, na katabi niya sa programa.","Oo, kaagad na sagot ni Gil nang tanungin kung totoo bang nililigawan niya si Lexi, na katabi niya sa programa."
"Limang buhay na King Cobra ang nasabat ng mga tauhan ng National Bureau of Investigation (NBI) habang ibinebenta sa isang pet shop sa Binondo, Maynila kamakalawa.","Limang buhay na King Cobra ang nasabat ng mga tauhan ng National Bureau of Investigation (NBI) habang ibinebenta sa isang pet shop sa Binondo, Maynila kamakalawa."
"Maya-maya pa, dumating ang isa pa nilang kasama, pero hindi na ito pumasok sa tindahan.","Maya-maya pa, dumating ang isa pa nilang kasama, pero hindi na ito pumasok sa tindahan."
"Sa ulat, dakong alas-7ng gabi habang magkakasabay na tumatawid sa kalsada ang mga biktima nang bigla silang salpukin ng rumaragasang tractor head na minamaneho ni Sigua.","Sa ulat, dakong alas-7ng gabi habang magkakasabay na tumatawid sa kalsada ang mga biktima nang bigla silang salpukin ng rumaragasang tractor head na minamaneho ni Sigua."
"Nabatid na isa umanong notorious drug courier ang suspek na nag-o-operate sa Region 3, NCR, Region 4A, at Mindanao na kung saan kinukuha umano nito ang kanyang supply ng droga sa isang Chinese national na mula sa Hong Kong.","Nabatid na isa umanong notorious drug courier ang suspek na nag-o-operate sa Region 3, NCR, Region 4A, at Mindanao na kung saan kinukuha umano nito ang kanyang supply ng droga sa isang Chinese national na mula sa Hong Kong."
"Higit P8-B ang nalikom nilang pondo, pinakamalaki ang É??Project UgnayanÉ?ù ng higit 36 na korporasyon na nagbigay ng 1.7.","Higit P8-B ang nalikom nilang pondo, pinakamalaki ang É??Project UgnayanÉ?ù ng higit 36 na korporasyon na nagbigay ng 1.7."
"Nauna rito, pinaalalahanan na rin ng DepEd ang mga school heads na may diskresyon silang magsuspinde ng face-to-face classes at lumipat muna sa modular distance learning kung nakakaranas ang kanilang lugar ng matinding init ng panahon at pagkawala ng suplay ng kuryente.","Nauna rito, pinaalalahanan na rin ng DepEd ang mga school heads na may diskresyon silang magsuspinde ng face-to-face classes at lumipat muna sa modular distance learning kung nakakaranas ang kanilang lugar ng matinding init ng panahon at pagkawala ng suplay ng kuryente."
Yung fiber optic cable ata nila ay nagkaroon ng diperensya kaya ang communication system network ay nag-down.,Yung fiber optic cable ata nila ay nagkaroon ng diperensya kaya ang communication system network ay nag-down.
"Samantala, nanalo naman ng tig-P24,000.00.","Samantala, nanalo naman ng tig-P24,000.00."
"Although hindi kami nag-abot sa Senado, nakita ko yung kanyang importance nung presensya niya sa Senado.","Although hindi kami nag-abot sa Senado, nakita ko yung kanyang importance nung presensya niya sa Senado."
Itoy kahit labas sa mandato ng COA ang auditing ng non-government organizations na hindi tumatanggap ng subsidyo sa pamahalaan.,Itoy kahit labas sa mandato ng COA ang auditing ng non-government organizations na hindi tumatanggap ng subsidyo sa pamahalaan.
"Aniya, hindi naman showbiz ang senado at mas maigi kung ang sasabihin ni Herbert ay ang kanyang credentials lalo na at tatakbo siya sa darating na 2022 elections.","Aniya, hindi naman showbiz ang senado at mas maigi kung ang sasabihin ni Herbert ay ang kanyang credentials lalo na at tatakbo siya sa darating na 2022 elections."
"Makalipas naman ang ilang minuto, isang puting van naman ang nakitang pumasok sa nakabukas na gate ng tahanan ng biktima.","Makalipas naman ang ilang minuto, isang puting van naman ang nakitang pumasok sa nakabukas na gate ng tahanan ng biktima."
"Parang sa kanila lang nakatutok ang buong bayan nun, walang pakialam ang manonood sa ibang programa, basta sa kanilang loveteam lang umiikot ang mundo ng mga Pinoy.","Parang sa kanila lang nakatutok ang buong bayan nun, walang pakialam ang manonood sa ibang programa, basta sa kanilang loveteam lang umiikot ang mundo ng mga Pinoy."
"Dahil dito, umapela si Pastor sa panel ng Kamara na mapondohan ang service contracting program hanggang sa susunod na taon para sa Libreng Sakay ng mga commuters.","Dahil dito, umapela si Pastor sa panel ng Kamara na mapondohan ang service contracting program hanggang sa susunod na taon para sa Libreng Sakay ng mga commuters."
Itinuro ni Vergeire ang dahilan nito sa pag-aatubili ng mga magulang na mapabakunahan ang kanilang mga anak.,Itinuro ni Vergeire ang dahilan nito sa pag-aatubili ng mga magulang na mapabakunahan ang kanilang mga anak.
"Sabi uli ng aming source, Ang maganda lang, e, magpapaalam siya sa pag-aartista nang meron siyang naipon.","Sabi uli ng aming source, Ang maganda lang, e, magpapaalam siya sa pag-aartista nang meron siyang naipon."
Ayaw ng ABS-CBN at GMA Network na malito ang viewers kung patuloy siyang napapanood sa serye ng GMA 7 at napapanood din sa teaser ng series na first collaboration ng Kapamilya at Kapuso Network.,Ayaw ng ABS-CBN at GMA Network na malito ang viewers kung patuloy siyang napapanood sa serye ng GMA 7 at napapanood din sa teaser ng series na first collaboration ng Kapamilya at Kapuso Network.
Humatak din ito ng libu-libong viewers sa TikTok.,Humatak din ito ng libu-libong viewers sa TikTok.
"Matagal na rin naman daw may sakit si Sidney, bunga na rin ng kanyang katandaan.","Matagal na rin naman daw may sakit si Sidney, bunga na rin ng kanyang katandaan."
Inaasahang dodoble pa sa isang milyon ang bibisita sa Manila North Cemetery ngayong Nobyembre 1 (All Saints Day) dahil sa pagsasara ng sementeryo nitong Sabado at Linggo dulot ng bagyong Paeng.,Inaasahang dodoble pa sa isang milyon ang bibisita sa Manila North Cemetery ngayong Nobyembre 1 (All Saints Day) dahil sa pagsasara ng sementeryo nitong Sabado at Linggo dulot ng bagyong Paeng.
Inaalam pa ng pulisya kung may kinalaman ba ito sa trabaho ng biktima o may iba pang anggulo sa naganap na insidente.,Inaalam pa ng pulisya kung may kinalaman ba ito sa trabaho ng biktima o may iba pang anggulo sa naganap na insidente.
"Sa ulat, dakong alas -9:35 ng gabi kamakalwa nang isagawa ang buy-bust operation sa Kalayaan Ave.","Sa ulat, dakong alas -9:35 ng gabi kamakalwa nang isagawa ang buy-bust operation sa Kalayaan Ave."
Sinabi naman niHidalgo na palalakasin niya ang anti-criminality campaign sa rehiyon at pagpupursigihan ang kampanya laban sa ilegal na droga.,Sinabi naman niHidalgo na palalakasin niya ang anti-criminality campaign sa rehiyon at pagpupursigihan ang kampanya laban sa ilegal na droga.
"Abangan na lang, yes, magbabalik-teleserye,É?ù paglalahad ng aktres.","Abangan na lang, yes, magbabalik-teleserye,É?ù paglalahad ng aktres."
"Sa kaniyang pag-iipon, nagawa ni Manuel na makabili ng sariling bangka na P1 milyon ang halaga kaya mas gumanda pa ang kaniyang kita sa pamamalakaya.","Sa kaniyang pag-iipon, nagawa ni Manuel na makabili ng sariling bangka na P1 milyon ang halaga kaya mas gumanda pa ang kaniyang kita sa pamamalakaya."
Aware rin kami kung papaano nagagawan ng kalokohang ganyan ang pictures.,Aware rin kami kung papaano nagagawan ng kalokohang ganyan ang pictures.
Walang scientific evidence na kapag ay kumain ng baboy o mga pagkain na mabalahibo o mga meat magkakaroon ka nito.,Walang scientific evidence na kapag ay kumain ng baboy o mga pagkain na mabalahibo o mga meat magkakaroon ka nito.
"Ayon kay Police Captain Lyndon Pang-Ag, Deputy Chief ng Aringay Police station, nagkaroon ng hindi pagkakaunawaan ang isang suspek at sinubukan nitong hawakan ang biktima pero pumiglas at umalis.","Ayon kay Police Captain Lyndon Pang-Ag, Deputy Chief ng Aringay Police station, nagkaroon ng hindi pagkakaunawaan ang isang suspek at sinubukan nitong hawakan ang biktima pero pumiglas at umalis."
Nakulong si Trillanes ng pitong taon bago siya pinagkalooban ng amnetiya ni Aquino noong 2011.,Nakulong si Trillanes ng pitong taon bago siya pinagkalooban ng amnetiya ni Aquino noong 2011.
Si Aragones ay naghain ng kanyang certificate of candidacy (COC) matapos magsimba sa Calamba Cathedral ngayong Lunes.,Si Aragones ay naghain ng kanyang certificate of candidacy (COC) matapos magsimba sa Calamba Cathedral ngayong Lunes.
Pero hindi raw siya handa na talikuran na ang lahat at napag-usapan na raw nila iyon ni David.,Pero hindi raw siya handa na talikuran na ang lahat at napag-usapan na raw nila iyon ni David.
Sinabi ng opisyal na maraming eskuwelahan ang may gusto ng kumbinasyon ng face-to-face at online para hindi pa rin magsabay-sabay ang pasok ng mga estudyante.,Sinabi ng opisyal na maraming eskuwelahan ang may gusto ng kumbinasyon ng face-to-face at online para hindi pa rin magsabay-sabay ang pasok ng mga estudyante.
Tuluyan nang sinibak sa serbisyo ang pulis na nakabaril at nakapatay sa isang teenager na may special needs sa isinagawang anti-illegal gambling operation noong Mayo sa Valenzuela City.,Tuluyan nang sinibak sa serbisyo ang pulis na nakabaril at nakapatay sa isang teenager na may special needs sa isinagawang anti-illegal gambling operation noong Mayo sa Valenzuela City.
"At noong Pasko, umabot umano sa milyong piso ang kaniyang ipinamigay.","At noong Pasko, umabot umano sa milyong piso ang kaniyang ipinamigay."
Sana ay ipagpatuloy rin ng susunod na administrasyon ang mga bagay na makapagpapasaya sa ating mga mamamayan.,Sana ay ipagpatuloy rin ng susunod na administrasyon ang mga bagay na makapagpapasaya sa ating mga mamamayan.
Dalawang bersiyon ng kuwento ang lumulutang ngayon tungkol sa sitwasyon ni Alex Gonzaga.,Dalawang bersiyon ng kuwento ang lumulutang ngayon tungkol sa sitwasyon ni Alex Gonzaga.
Hindi pa raw nila makalimutan ang pinag-usapan nilang pagkatapos ng pandemyang ito ay magku-concert daw sila uli at willing na nga si Imelda na siya na raw ang magpu-produce.,Hindi pa raw nila makalimutan ang pinag-usapan nilang pagkatapos ng pandemyang ito ay magku-concert daw sila uli at willing na nga si Imelda na siya na raw ang magpu-produce.
"Pa ito kumpirmado so yung makakapanood, pwedeng i-confirm ito o i-deny, saad ni Ogie Diaz.","Pa ito kumpirmado so yung makakapanood, pwedeng i-confirm ito o i-deny, saad ni Ogie Diaz."
Ang dami-daming kuwento tungkol sa malapit nang magpakasal na magkarelasyon.,Ang dami-daming kuwento tungkol sa malapit nang magpakasal na magkarelasyon.
May mga tinatanggihan nga ba itong regalo ng negosyante at isa ring congressman bilang representative ng Tutok to Win?,May mga tinatanggihan nga ba itong regalo ng negosyante at isa ring congressman bilang representative ng Tutok to Win?
Si Jinkee raw mismo ang nakaalam na may ginawa siyang portrait nilang mag-asawa nang tanungin ko na baka naman hindi ito aware sa ginawa niya.,Si Jinkee raw mismo ang nakaalam na may ginawa siyang portrait nilang mag-asawa nang tanungin ko na baka naman hindi ito aware sa ginawa niya.
"Pasensiya na po kung sa tingin ninyo may pandadayang maganap pero hindi ko po intensyon na mandaya, pakiusap niya.","Pasensiya na po kung sa tingin ninyo may pandadayang maganap pero hindi ko po intensyon na mandaya, pakiusap niya."
Talagang kailangan niya ng time-out para ma-sort out ang mga hinaharap niyang problema.,Talagang kailangan niya ng time-out para ma-sort out ang mga hinaharap niyang problema.
May ilan diumanong nakabantay sa social media accounts ngayon ng mga celebrity para ma-check kung nagbabayad ba sila ng tamang buwis sa rami ng endorsement nila sa social media.,May ilan diumanong nakabantay sa social media accounts ngayon ng mga celebrity para ma-check kung nagbabayad ba sila ng tamang buwis sa rami ng endorsement nila sa social media.
"Sinabi niAgriculture Undersecretary Domingo Panganibanna bagamat ang Pilipinas ay talagang nag-iimport ng asin, mas dumami ang pangangailangan ngayon sa suplay ng asin dahil hindi nagpokus ang nagdaang pangasiwaansa pagpapaunlad sa salt production sa bansa.","Sinabi niAgriculture Undersecretary Domingo Panganibanna bagamat ang Pilipinas ay talagang nag-iimport ng asin, mas dumami ang pangangailangan ngayon sa suplay ng asin dahil hindi nagpokus ang nagdaang pangasiwaansa pagpapaunlad sa salt production sa bansa."
"Bakit nalaman ng iba?,","Bakit nalaman ng iba?,"
"Lucena CITY, Philippines É?? Kulungan ang binagsakan ng mag-asawang hinihinalang tulak ng ipinagbabawal na droga at kanilang pamangking lalaki makaraang maaresto sa anti-drug operation, kamakalawa ng umaga sa Purok Little Baguio 1, Barangay Ibabang Dupay sa lungsod na ito.","Lucena CITY, Philippines É?? Kulungan ang binagsakan ng mag-asawang hinihinalang tulak ng ipinagbabawal na droga at kanilang pamangking lalaki makaraang maaresto sa anti-drug operation, kamakalawa ng umaga sa Purok Little Baguio 1, Barangay Ibabang Dupay sa lungsod na ito."
In all fairness ang dami ko nang nakikitang nagda-dine in sa mga resto ha.,In all fairness ang dami ko nang nakikitang nagda-dine in sa mga resto ha.
"Ayon sa FDA, kabilang sa makikinabang dito ang mga food business operators at cosmetics business sa lungsod na bibigyan ng tulong teknikal at pagsasanay para makakuha ng awtorisasyon at sertipikasyon, gaya ng license to operate, certificate of product registration at good manufacturing practice.","Ayon sa FDA, kabilang sa makikinabang dito ang mga food business operators at cosmetics business sa lungsod na bibigyan ng tulong teknikal at pagsasanay para makakuha ng awtorisasyon at sertipikasyon, gaya ng license to operate, certificate of product registration at good manufacturing practice."
"Nitong Pebrero 9, 2023 na lumutang ang tatlo at sumuko sa DOJ habang ini-eskortan ni Police BGen Romeo Caramat.","Nitong Pebrero 9, 2023 na lumutang ang tatlo at sumuko sa DOJ habang ini-eskortan ni Police BGen Romeo Caramat."
"Isa sa pinakamahalagang bahagi ng misyon ay tiyakin na tama ang Entry, Descent and Landing (EDL) ng spacecrafts.","Isa sa pinakamahalagang bahagi ng misyon ay tiyakin na tama ang Entry, Descent and Landing (EDL) ng spacecrafts."
Nalaman din ng pulisya na dati nang may iringan ang mga magkakaanak.,Nalaman din ng pulisya na dati nang may iringan ang mga magkakaanak.
"Kaya tuluy-tuloy pa rin ang pamimigay ng Take It Per Minute Me Ganun ng bigas, love box at wheelchair.","Kaya tuluy-tuloy pa rin ang pamimigay ng Take It Per Minute Me Ganun ng bigas, love box at wheelchair."
"Hinahanap pa ng NBI ang nagsilbing ""middleman"" sa naganap na transaksiyon.","Hinahanap pa ng NBI ang nagsilbing ""middleman"" sa naganap na transaksiyon."
"É??Medyo kakaiba ang sitwasyon dahil puro lock-in di ba at saka siyempre quarantine kaya hindi masyadong nagkikita, pero mabuti naman po.","É??Medyo kakaiba ang sitwasyon dahil puro lock-in di ba at saka siyempre quarantine kaya hindi masyadong nagkikita, pero mabuti naman po."
Matatandaang taong 2010 nang magdalang tao si Andi sa panganay nitong anak at si Albie nga ang itinurong ama.,Matatandaang taong 2010 nang magdalang tao si Andi sa panganay nitong anak at si Albie nga ang itinurong ama.
"Hindi mo kailangang sadyain, hindi mo kailangang mag-effort para lang magkaroon ng chemistry or kiligin ang audience sa mga ginagawa nÉ??yong eksena.","Hindi mo kailangang sadyain, hindi mo kailangang mag-effort para lang magkaroon ng chemistry or kiligin ang audience sa mga ginagawa nÉ??yong eksena."
Ito ang tiniyak ni Philippine delegation chef de mission Caloy Loyzaga kung saan siniguro nitong nabibigyan ng pansin ang bawat aspeto ng preparasyon.,Ito ang tiniyak ni Philippine delegation chef de mission Caloy Loyzaga kung saan siniguro nitong nabibigyan ng pansin ang bawat aspeto ng preparasyon.
"Sa ilalim ng Article 94 (c) Labor Code o Presidential Decree 442, series of 1974, sinasabi kasing dapat na ""paid holiday"" o regular holiday ang araw ng halalan.","Sa ilalim ng Article 94 (c) Labor Code o Presidential Decree 442, series of 1974, sinasabi kasing dapat na ""paid holiday"" o regular holiday ang araw ng halalan."
"Kung tunay ka na concern sa mga anak mo, dapat ay hindi mo binuksan ang mga pahina ng libro ng hiwalayan nyo ni Aljur Abrenica.","Kung tunay ka na concern sa mga anak mo, dapat ay hindi mo binuksan ang mga pahina ng libro ng hiwalayan nyo ni Aljur Abrenica."
"Nag-execute sila ng affidavit of disinterest yung pamilya ng biktima, sabi pa ni Viloria.","Nag-execute sila ng affidavit of disinterest yung pamilya ng biktima, sabi pa ni Viloria."
"Base sa pinakahuling data ng DFA, nasa 581 Filipinos ang nasa Sri Lanka na karamihan ay patuloy na nagta-trabaho sa kabila nang nangyayaring economic crisis.","Base sa pinakahuling data ng DFA, nasa 581 Filipinos ang nasa Sri Lanka na karamihan ay patuloy na nagta-trabaho sa kabila nang nangyayaring economic crisis."
"Minsan naman nangyari sa akin ala-una ng madaling araw gusto kong kumain ng lumpiang toge, É??di ba mahirap?","Minsan naman nangyari sa akin ala-una ng madaling araw gusto kong kumain ng lumpiang toge, É??di ba mahirap?"
"Sa ulat ng ""Saksi"" nitong Biyernes, inilahad ng ina ng isa sa mga bata na hindi nila napansin na umalis ng bahay ang mga batang biktima na isang lalaki at isang babae.","Sa ulat ng ""Saksi"" nitong Biyernes, inilahad ng ina ng isa sa mga bata na hindi nila napansin na umalis ng bahay ang mga batang biktima na isang lalaki at isang babae."
"Nagsanib puwersa naman sina Grace Daisog at Cherry Cuenca sa floor defense nang magrehistro ang mga ito ng 15 digs at anim na receptions, ayon sa pagkakasunod.","Nagsanib puwersa naman sina Grace Daisog at Cherry Cuenca sa floor defense nang magrehistro ang mga ito ng 15 digs at anim na receptions, ayon sa pagkakasunod."
Winakasan ng Phoenix ang kanilang tatlong sunod na kamalasan mula sa 108-97 demolisyon sa NorthPort sa 2023 PBA Governors Cup kahapon sa Philsports Arena sa Pasig City.,Winakasan ng Phoenix ang kanilang tatlong sunod na kamalasan mula sa 108-97 demolisyon sa NorthPort sa 2023 PBA Governors Cup kahapon sa Philsports Arena sa Pasig City.
"Ang sagot nito, Anong ninegosyo niya yun, e, ibinebenta nga niya nang palugi ang bahay niya kapag ayaw na niya?","Ang sagot nito, Anong ninegosyo niya yun, e, ibinebenta nga niya nang palugi ang bahay niya kapag ayaw na niya?"
Ang rekomendasyon ng 3rd party consultant ay kailangang aprubahan pa ng MWSS Board.,Ang rekomendasyon ng 3rd party consultant ay kailangang aprubahan pa ng MWSS Board.
Rumesponde naman ang mga kapitbahay sa insidente samantalang sumuko rin sa mga awtoridad ang suspek.--Jamil.,Rumesponde naman ang mga kapitbahay sa insidente samantalang sumuko rin sa mga awtoridad ang suspek.--Jamil.
Pero ang biruan nagdala sa kanilang lima sa kulungan matapos may magreklamo raw sa kanilang ginawa.,Pero ang biruan nagdala sa kanilang lima sa kulungan matapos may magreklamo raw sa kanilang ginawa.
"Ayon sa senador, magsasakripisyo ang mga Filipino para bumili ng P100 kada kilo basta lokal dahil binibili nga ngayon kahit na P650 o P700 bawat kilo ng sibuyas.","Ayon sa senador, magsasakripisyo ang mga Filipino para bumili ng P100 kada kilo basta lokal dahil binibili nga ngayon kahit na P650 o P700 bawat kilo ng sibuyas."
"Nang ibigay na ang baby kay Alice, siya na ang nag-asikaso ng lahat ng pangangailangan ng kaniyang anak, mula sa araw-araw na pangangailangan, hanggang sa pagkuha ng passport at visa.","Nang ibigay na ang baby kay Alice, siya na ang nag-asikaso ng lahat ng pangangailangan ng kaniyang anak, mula sa araw-araw na pangangailangan, hanggang sa pagkuha ng passport at visa."
"Sa exclusive report ni Emil Sumangil sa GMA News ""24 Oras"" nitong Miyerkoles, sinabi ng magkapatid na suspek na naaresto sa Batangas noong June 8, na binabayaran sila depende sa dami ng droga na makukuha sa aarestuhing drug suspect na kanilang itinuro.","Sa exclusive report ni Emil Sumangil sa GMA News ""24 Oras"" nitong Miyerkoles, sinabi ng magkapatid na suspek na naaresto sa Batangas noong June 8, na binabayaran sila depende sa dami ng droga na makukuha sa aarestuhing drug suspect na kanilang itinuro."
Hinikayat din ng Phivolcs ang mga LGUs na nakapaligid sa bulkang Taal na patuloy na suriin at pagtibayin ang kahandaan ng mga dati nang nilikas na barangay sa paligid ng Lawa ng Taal kung sakali mang magkaroon ng panibagong pag-aalburoto ang bulkan.,Hinikayat din ng Phivolcs ang mga LGUs na nakapaligid sa bulkang Taal na patuloy na suriin at pagtibayin ang kahandaan ng mga dati nang nilikas na barangay sa paligid ng Lawa ng Taal kung sakali mang magkaroon ng panibagong pag-aalburoto ang bulkan.
"Matapos naman ang may ilang oras na inspeksiyon at nang matiyak na ligtas ang kanilang mga pasilidad at hindi napinsala ng lindol, ay kaagad na ring ipinagpatuloy ng mga rail lines ang kanilang operasyon.","Matapos naman ang may ilang oras na inspeksiyon at nang matiyak na ligtas ang kanilang mga pasilidad at hindi napinsala ng lindol, ay kaagad na ring ipinagpatuloy ng mga rail lines ang kanilang operasyon."
Aminado si Carlo na talagang nahirapan siyang gawin ang Expensive Candy.,Aminado si Carlo na talagang nahirapan siyang gawin ang Expensive Candy.
"Nasa 13 kooperatiba ng mga magsasaka at mangingisda mula sa Cordillera Administrative Region, Central Luzon, Calabarzon at Bicol Region ang naimbitahang magbenta ng mga gulay, prutas, bigas at mga daily product sa naturang proyekto.","Nasa 13 kooperatiba ng mga magsasaka at mangingisda mula sa Cordillera Administrative Region, Central Luzon, Calabarzon at Bicol Region ang naimbitahang magbenta ng mga gulay, prutas, bigas at mga daily product sa naturang proyekto."
"Sa imbestigasyon niP/CMS Roldan Requioma ng Kawit Police, alas-2:00ng hapon nang sermunan ng biyenan ang kanyang manugang hanggang sa mauwi ito sa mainitang pagtatalo sa hindi pa mabatid na dahilan.","Sa imbestigasyon niP/CMS Roldan Requioma ng Kawit Police, alas-2:00ng hapon nang sermunan ng biyenan ang kanyang manugang hanggang sa mauwi ito sa mainitang pagtatalo sa hindi pa mabatid na dahilan."
"Artista si Ellen, natural lang na may hindi nagkakagusto sa mga ginagawa ng kanyang girlfriend, huwag na sana niyang sinasagot ang patutsada ng mga taong hindi naman nakakakilala sa kanila at para may masabi lang.","Artista si Ellen, natural lang na may hindi nagkakagusto sa mga ginagawa ng kanyang girlfriend, huwag na sana niyang sinasagot ang patutsada ng mga taong hindi naman nakakakilala sa kanila at para may masabi lang."
Mahalaga ito sa ibat-ibang uri ng negosyo para alam natin na ligtas tayo na pumunta sa isang restaurant.,Mahalaga ito sa ibat-ibang uri ng negosyo para alam natin na ligtas tayo na pumunta sa isang restaurant.
Beinte pesos daw ang papremyo kapag nananalo siya sa amateur contest.,Beinte pesos daw ang papremyo kapag nananalo siya sa amateur contest.
"Anna Mae Lamentillo, may prerogative ang DICT para magbigay ng 120 araw na extension bagaman at nais pa rin nilang i-maximize ang deadline.","Anna Mae Lamentillo, may prerogative ang DICT para magbigay ng 120 araw na extension bagaman at nais pa rin nilang i-maximize ang deadline."
Nauna nang sinabi ni Go na maaring ipagpaliban ang dagdag na kontribusyon sa PhilHealth sa pamamagitan ng isang probisyon sa panukalang Bayanihan 3.,Nauna nang sinabi ni Go na maaring ipagpaliban ang dagdag na kontribusyon sa PhilHealth sa pamamagitan ng isang probisyon sa panukalang Bayanihan 3.
Matagal-tagal nang hindi nakagagawa ng pelikula si Laurice Guillen bilang isang direktor.,Matagal-tagal nang hindi nakagagawa ng pelikula si Laurice Guillen bilang isang direktor.
Nagawang makipagsabayan ng Adelaide sa first half.,Nagawang makipagsabayan ng Adelaide sa first half.
"Mardelio Osting, nagbibisikleta ang binatilyong biktima sa bahagi ng Hito St.","Mardelio Osting, nagbibisikleta ang binatilyong biktima sa bahagi ng Hito St."
Ang laki ng ano...,Ang laki ng ano...
"Siyempre overwheming sa part ko yun, É??yung pagkakataon na ganuÉ??n, may maririnig ako, may magme-message sa akin na É??Ganito dapat.","Siyempre overwheming sa part ko yun, É??yung pagkakataon na ganuÉ??n, may maririnig ako, may magme-message sa akin na É??Ganito dapat."
"Gusto ko rin makaeksena si Ate Bea at Ate Angelica Panganiban,É?ù pagbabahagi ng aktres.","Gusto ko rin makaeksena si Ate Bea at Ate Angelica Panganiban,É?ù pagbabahagi ng aktres."
"Sabi nga po ng isang na-interview ni Willie Revillame sabi sa kanya, kahit po walang ulam Kuya Will, kahit kanin lang.","Sabi nga po ng isang na-interview ni Willie Revillame sabi sa kanya, kahit po walang ulam Kuya Will, kahit kanin lang."
"Nung baguhan pa ang aktor, ibang manager ang humawak sa kanya.","Nung baguhan pa ang aktor, ibang manager ang humawak sa kanya."
"Ayon kay Estrada, chairman ng Senate Committee on National Defense and Security, Peace, Unification and Reconciliation na hindi na makabuluhan ang kakarampot nilang pension na halos tatlong dekada na ang nakalipas nang huli itong dagdagan na umaabot lamang sa P1,100 hanggang P1,700.","Ayon kay Estrada, chairman ng Senate Committee on National Defense and Security, Peace, Unification and Reconciliation na hindi na makabuluhan ang kakarampot nilang pension na halos tatlong dekada na ang nakalipas nang huli itong dagdagan na umaabot lamang sa P1,100 hanggang P1,700."
Pero bakit biglang nawala ang pagkagusto ng male personality sa babae?,Pero bakit biglang nawala ang pagkagusto ng male personality sa babae?
Marami akong naririnig na magagandang programa na naka-line up sa mga local channel natin kaya abangan natin ito ngayong 2023.,Marami akong naririnig na magagandang programa na naka-line up sa mga local channel natin kaya abangan natin ito ngayong 2023.
Inaalam pa namin kung ano pinagmulan ng away nila.,Inaalam pa namin kung ano pinagmulan ng away nila.
"Posibleng pumalo sa 530,000 hanggang 540,000 ang mga kaso ng COVID-19 sa Pilipinas sa pagtatapos ng Enero.","Posibleng pumalo sa 530,000 hanggang 540,000 ang mga kaso ng COVID-19 sa Pilipinas sa pagtatapos ng Enero."
"Payo ko po sa ating mga kababayan, alamin po natin muna ang mga panuntunan na ipinatutupad ng mga lokalidad na inyong balak puntahan dahil may mga pagkakataon na naghihigpit pa rin po sila sa mga turista at may mga karagdagang sariling regulations, paliwanag ni Philippine National Police (PNP) chief General Guillermo Eleazar.","Payo ko po sa ating mga kababayan, alamin po natin muna ang mga panuntunan na ipinatutupad ng mga lokalidad na inyong balak puntahan dahil may mga pagkakataon na naghihigpit pa rin po sila sa mga turista at may mga karagdagang sariling regulations, paliwanag ni Philippine National Police (PNP) chief General Guillermo Eleazar."
"Wala namang ginawa ang mga yan kundi sinira lang nang sinira ang bayan natin, giit ng pangulo.","Wala namang ginawa ang mga yan kundi sinira lang nang sinira ang bayan natin, giit ng pangulo."
"Ayon sa pulisya, Sabado ng gabi nang pagbabarilin ang biktima matapos na lumabas ng kaniyang bahay para kumuha sana ng tanglad.","Ayon sa pulisya, Sabado ng gabi nang pagbabarilin ang biktima matapos na lumabas ng kaniyang bahay para kumuha sana ng tanglad."
"É??Ang sinabi ni Gil, magkaibigan kami.","É??Ang sinabi ni Gil, magkaibigan kami."
"Maliban sa pananakit ng katawan, hanggang ngayon ay dama pa rin daw ni Floralde ang trauma mula sa pananagasa: ""Parang kumikibot 'yung katawan ko tuwing makakakita ng sasakyan lalo na 'pag malapit sa akin,"" sabi niya.","Maliban sa pananakit ng katawan, hanggang ngayon ay dama pa rin daw ni Floralde ang trauma mula sa pananagasa: ""Parang kumikibot 'yung katawan ko tuwing makakakita ng sasakyan lalo na 'pag malapit sa akin,"" sabi niya."
Naghihintay pa umano siya ng É??protein-basedÉ?? na bakuna na wala pa ngayon sa Pilipinas.,Naghihintay pa umano siya ng É??protein-basedÉ?? na bakuna na wala pa ngayon sa Pilipinas.
"Sa ilalim ng batas, maaaring palawigin ng 120 pang araw ang pagpaparehistro matapos ang deadline bastat maaprubahan.","Sa ilalim ng batas, maaaring palawigin ng 120 pang araw ang pagpaparehistro matapos ang deadline bastat maaprubahan."
Maganda naman dahil siyemprepag nag-uusap sila tiyak na ang kalagayan ng bansa ang top topic nila at pinag-iisipan nila ng solusyon.,Maganda naman dahil siyemprepag nag-uusap sila tiyak na ang kalagayan ng bansa ang top topic nila at pinag-iisipan nila ng solusyon.
Depende pa rin naman daw kung maaprubahan.,Depende pa rin naman daw kung maaprubahan.
"Sa isa pang operasyon dakong ala-7:24 ng gabi nang masakote ng mga buy-bust operation sa Purok Lubi, Brgy.","Sa isa pang operasyon dakong ala-7:24 ng gabi nang masakote ng mga buy-bust operation sa Purok Lubi, Brgy."
"Subukan mong kausapin, parang nakikinig din sila.","Subukan mong kausapin, parang nakikinig din sila."
Si Yen yung literal na tinatawag na babaeng may brilyante sa pinakamahalagang bahagi.,Si Yen yung literal na tinatawag na babaeng may brilyante sa pinakamahalagang bahagi.
City proper at paglalakbay papuntang Grace Park sa Caloocan at muling sasakay ng public transport sa Manila venue.,City proper at paglalakbay papuntang Grace Park sa Caloocan at muling sasakay ng public transport sa Manila venue.
"Dito rin titira nanay ko, lagyan namin sya ng room nya na diretso na sa garden.","Dito rin titira nanay ko, lagyan namin sya ng room nya na diretso na sa garden."
Ang inaalala lamang aniya ng OCTA ay ang mga pasaherong nagmumula sa mga lalawigan na nagtatrabaho sa Metro Manila dahil hindi pa lahat ng mga nasa lalawigan ay nabigyan na ng COVID vaccine.,Ang inaalala lamang aniya ng OCTA ay ang mga pasaherong nagmumula sa mga lalawigan na nagtatrabaho sa Metro Manila dahil hindi pa lahat ng mga nasa lalawigan ay nabigyan na ng COVID vaccine.
"Ang gulo na ng dreamland ko, hindi ko na alam kung sino ang leading man ko.","Ang gulo na ng dreamland ko, hindi ko na alam kung sino ang leading man ko."
"Sipocot, Camarines Sur, Philippines É?? Nagkalasug-lasog ang katawan at namatay noon din ang apat na katao habang limang pasahero pa ang nasa maselang kalagayan matapos bumangga ang sinasakyan nilang van sa nakaparadang hauler truck sa tabi ng Maharlika Highway sa Brgy.","Sipocot, Camarines Sur, Philippines É?? Nagkalasug-lasog ang katawan at namatay noon din ang apat na katao habang limang pasahero pa ang nasa maselang kalagayan matapos bumangga ang sinasakyan nilang van sa nakaparadang hauler truck sa tabi ng Maharlika Highway sa Brgy."
"Ang repair station, ay bukas mula alas-5:00 ng umaga hanggang alas-9 ng gabi ay nilagyan ng basic repair at vulcanizing tools, gayundin ng mga sinanay na MMDA personnel na tutulong sa mga nasiraan ng bike at motorsiklo sa kalsada.","Ang repair station, ay bukas mula alas-5:00 ng umaga hanggang alas-9 ng gabi ay nilagyan ng basic repair at vulcanizing tools, gayundin ng mga sinanay na MMDA personnel na tutulong sa mga nasiraan ng bike at motorsiklo sa kalsada."
"Sa kabila lahat na mga nangyayaring ganito, eh constant pa rin yung communication namin tungkol sa mga bata.","Sa kabila lahat na mga nangyayaring ganito, eh constant pa rin yung communication namin tungkol sa mga bata."
Ipapaubaya na aniya kay Vaccine Czar Secretary Carlito Galvez kung paano ipapatupad ang pagbakuna ng Pfizer sa mga bata dahil mayroong list of priority na sinusunod sa national vaccination program kontra COVID ng gobyerno.,Ipapaubaya na aniya kay Vaccine Czar Secretary Carlito Galvez kung paano ipapatupad ang pagbakuna ng Pfizer sa mga bata dahil mayroong list of priority na sinusunod sa national vaccination program kontra COVID ng gobyerno.
Gustung-gusto nilang kunin na ang female personality para paglingkuran pero may malaki silang problema.,Gustung-gusto nilang kunin na ang female personality para paglingkuran pero may malaki silang problema.
Tatlong lalaki ang bumaba habang ang nagmamaneho ng tricycle ay nagsilbing lookout.,Tatlong lalaki ang bumaba habang ang nagmamaneho ng tricycle ay nagsilbing lookout.
"Mahigit 20 taon si Evasco na nagtuturo ng malikhaing pagsulat at panitikan sa Unibersidad ng Pilipinas - Diliman, at nakapaglimbag ng mga aklat, maiikling sanaysay, at mahigit 10 pananaliksik at akdang malikhain sa mga refereed literary journal.","Mahigit 20 taon si Evasco na nagtuturo ng malikhaing pagsulat at panitikan sa Unibersidad ng Pilipinas - Diliman, at nakapaglimbag ng mga aklat, maiikling sanaysay, at mahigit 10 pananaliksik at akdang malikhain sa mga refereed literary journal."
Bukod sa kabataan ay pinag-aaralan na rin ng Task Force na buksan ang pagbakuna sa general public dahil malapit na rin aniyang matapos ang target na vaccination sa mga nasa priority list ng gobyerno.,Bukod sa kabataan ay pinag-aaralan na rin ng Task Force na buksan ang pagbakuna sa general public dahil malapit na rin aniyang matapos ang target na vaccination sa mga nasa priority list ng gobyerno.
Nakaplano na rin ang pagbubukas ng ikatlong tindahan bago matapos ang 2021.,Nakaplano na rin ang pagbubukas ng ikatlong tindahan bago matapos ang 2021.
Unang naglaro si Clarkson para sa Los Angeles Lakers noong 2014 matapos ipagpalit ng Wizards sa pera sa draft night bago nalipat sa Cleveland Cavaliers noong 2018 kasunod sa Jazz noong 2019.,Unang naglaro si Clarkson para sa Los Angeles Lakers noong 2014 matapos ipagpalit ng Wizards sa pera sa draft night bago nalipat sa Cleveland Cavaliers noong 2018 kasunod sa Jazz noong 2019.
Alam mo ang dami nating pelikula na hindi na-store nang mabuti.,Alam mo ang dami nating pelikula na hindi na-store nang mabuti.
Naglagay ng tent sa gilid ng kalsada ang mga residente na nagsisilbing nilang pansamantalang silungan kasama ang mga bata.--FRJ.,Naglagay ng tent sa gilid ng kalsada ang mga residente na nagsisilbing nilang pansamantalang silungan kasama ang mga bata.--FRJ.
Napi-feed sila sa mga lumalabas sa social media.,Napi-feed sila sa mga lumalabas sa social media.
Sobrang sakit sa ulo kapag merong isa lang na mag-positive dahil lahat sa production ay kailangang ipa-swab test agad at i-quarantine ng ilang araw.,Sobrang sakit sa ulo kapag merong isa lang na mag-positive dahil lahat sa production ay kailangang ipa-swab test agad at i-quarantine ng ilang araw.
Nadawit din sa nasabing kaso sina Moises Padilla Mayor Ella Celestina Garcia-Yulo at kanyang mister pero nabasura ng korte.,Nadawit din sa nasabing kaso sina Moises Padilla Mayor Ella Celestina Garcia-Yulo at kanyang mister pero nabasura ng korte.
"Sa 130-pahinang desisyon na may petsang November 25, sinabi ng anti-graft court na inirekomenda ni Paulate ang pagkuha sa 30 katao sa ilalim ng ""job contracts"" at sumahod ng mula July hanggang December 2010, kahit pa may mga iregularidad sa Personal Data Records ng mga ito.","Sa 130-pahinang desisyon na may petsang November 25, sinabi ng anti-graft court na inirekomenda ni Paulate ang pagkuha sa 30 katao sa ilalim ng ""job contracts"" at sumahod ng mula July hanggang December 2010, kahit pa may mga iregularidad sa Personal Data Records ng mga ito."
Binigyan si Marcial ng MP Promotions ng pahinga matapos ang kanyang professional debut noong Disyembre kung saan pinataob nito si Andrew Whitfield sa bisa ng unanimous decision win sa California.,Binigyan si Marcial ng MP Promotions ng pahinga matapos ang kanyang professional debut noong Disyembre kung saan pinataob nito si Andrew Whitfield sa bisa ng unanimous decision win sa California.
"Dahil sa É??Tenement 66É?ù na isang malaking proyektong pinagkatiwala sa kanya, mas handa na ang dalaga sa mas mapaghamong mga karakter na kanyang gagawin sa mga darating na proyekto.","Dahil sa É??Tenement 66É?ù na isang malaking proyektong pinagkatiwala sa kanya, mas handa na ang dalaga sa mas mapaghamong mga karakter na kanyang gagawin sa mga darating na proyekto."
"Dalawang araw akong nagpakabait, nagdasal umaga hapon at gabi, binasa ang mga libro tungkol sa mga Santo lalo na yung librong Marcelino Pan y Vino, naging matulungin sa paga-ayos sa bahay, umiwas na magalit at laging kumilos ng mahinahon at mahinahon din magsalita sa mga kapatid at mga kasama sa bahay.","Dalawang araw akong nagpakabait, nagdasal umaga hapon at gabi, binasa ang mga libro tungkol sa mga Santo lalo na yung librong Marcelino Pan y Vino, naging matulungin sa paga-ayos sa bahay, umiwas na magalit at laging kumilos ng mahinahon at mahinahon din magsalita sa mga kapatid at mga kasama sa bahay."
"Mahirap, gustung-gusto kong mag-abot sa matatanda at bata, alam nyo naman na napakalapit nila sa puso ko, pero hindi ko magawa!","Mahirap, gustung-gusto kong mag-abot sa matatanda at bata, alam nyo naman na napakalapit nila sa puso ko, pero hindi ko magawa!"
"Pero paliwanag ng naaresto, taga-deliver lang siya at hindi siya ang supplier ng gamot.","Pero paliwanag ng naaresto, taga-deliver lang siya at hindi siya ang supplier ng gamot."
"Nauna rito, sumakay ang suspek sa naturang train station ngunit nairita nang hindi basahin ng makina ang kanyang beep card kahit ilang ulit na niya itong ipinasok.","Nauna rito, sumakay ang suspek sa naturang train station ngunit nairita nang hindi basahin ng makina ang kanyang beep card kahit ilang ulit na niya itong ipinasok."
"Gawa ng magagaling na Pinoy filmmakers at screenwriters, hatid ng mga pelikulang ito ang ibat ibang kwento ng pagsisikap at pag-asa na tiyak na magbibigay inspirasyon para sa mga taga-India sa gagawing local adaptation.","Gawa ng magagaling na Pinoy filmmakers at screenwriters, hatid ng mga pelikulang ito ang ibat ibang kwento ng pagsisikap at pag-asa na tiyak na magbibigay inspirasyon para sa mga taga-India sa gagawing local adaptation."
"No wonder, gustung-gusto ng mga kumukuha sa kanyang endorser dahil masipag na masipag siya, huh!","No wonder, gustung-gusto ng mga kumukuha sa kanyang endorser dahil masipag na masipag siya, huh!"
"Ang pinakamalakas na hangin na inabot ng bagyong Odette ay nasa 195kph sa kasagsagan ng Signal No 4 kung saan itinumba nito ang mga puno, sumira ng kabahayan, nagbagsak ng power lines at nagdulot ng matinding pagbaha.","Ang pinakamalakas na hangin na inabot ng bagyong Odette ay nasa 195kph sa kasagsagan ng Signal No 4 kung saan itinumba nito ang mga puno, sumira ng kabahayan, nagbagsak ng power lines at nagdulot ng matinding pagbaha."
Napakalaki nga naman kasi ng sinunog niyang pera nun dahil sa sugal!,Napakalaki nga naman kasi ng sinunog niyang pera nun dahil sa sugal!
"San JOSE CITY, Nueva Ecija, Philippines É?? Bitbit ang kanilang mga armas sumuko sa otoridad ang limang rebeldeng New Peoples Army (NPA) nitong Biyernes Santo.","San JOSE CITY, Nueva Ecija, Philippines É?? Bitbit ang kanilang mga armas sumuko sa otoridad ang limang rebeldeng New Peoples Army (NPA) nitong Biyernes Santo."
Na baril na may sampung bala at dalawa pang magazine na may lamang mga bala.,Na baril na may sampung bala at dalawa pang magazine na may lamang mga bala.
"Tango na parang sensual, ang sexy ng dating,É?ù nai-excite na kuwento sa amin ni Sen.","Tango na parang sensual, ang sexy ng dating,É?ù nai-excite na kuwento sa amin ni Sen."
"Hindi raw niya isisikreto sa publiko ang kanyang boto lalo nat nakita niyang may ""moral turpitude"" talaga batay sa ebidensya na magdidiin kay Marcos.","Hindi raw niya isisikreto sa publiko ang kanyang boto lalo nat nakita niyang may ""moral turpitude"" talaga batay sa ebidensya na magdidiin kay Marcos."
"Sa imbestigasyon ng Jones Police, binabagtas ng mga biktima sakay sa isang motorsiklo, na minamaneho ni Almazan, ang national highway nang mawalan ito ng kontrol sa manibela sa palikong bahagi ng daan sanhi para sumalpok sila sa kasalubong na truck (URM 282) na minamaneho ni Samuel Almario, 61, ng Brgy.","Sa imbestigasyon ng Jones Police, binabagtas ng mga biktima sakay sa isang motorsiklo, na minamaneho ni Almazan, ang national highway nang mawalan ito ng kontrol sa manibela sa palikong bahagi ng daan sanhi para sumalpok sila sa kasalubong na truck (URM 282) na minamaneho ni Samuel Almario, 61, ng Brgy."
Banca-Banca ng baying ito.,Banca-Banca ng baying ito.
"Naka-collaborate na rin ng Ben&Ben ang mga kilalang musical artist tulad nina Zild, Juan Karlos, KZ Tandingan, at Moira Dela Torre.","Naka-collaborate na rin ng Ben&Ben ang mga kilalang musical artist tulad nina Zild, Juan Karlos, KZ Tandingan, at Moira Dela Torre."
"Matatandaan na naghain ng P1bilyong kasong cyberlibel si Lim sa Prosecutors office sa Davao Occidental laban kay Dee nang mag-tweet siya na ipinapahiwatig umano na nanggaling ang perang ginamit niya sa maluhong kasalan sa Balesin island resort sa Polilo, Quezon noong nakaraang taon.","Matatandaan na naghain ng P1bilyong kasong cyberlibel si Lim sa Prosecutors office sa Davao Occidental laban kay Dee nang mag-tweet siya na ipinapahiwatig umano na nanggaling ang perang ginamit niya sa maluhong kasalan sa Balesin island resort sa Polilo, Quezon noong nakaraang taon."
Ngunit nang dahil daw sa naging resulta ng challenge mataposmagkapikunan ang ilang challengers ay nagdesisyon si Donnalyn na i-delete na lang ang nasabing vlog.,Ngunit nang dahil daw sa naging resulta ng challenge mataposmagkapikunan ang ilang challengers ay nagdesisyon si Donnalyn na i-delete na lang ang nasabing vlog.
"Tiniyak din ni Moreno na kung siya ay papalarin, makukulong ang mga drug pusher.","Tiniyak din ni Moreno na kung siya ay papalarin, makukulong ang mga drug pusher."
Pinaghahandaan na rin ng mag-asawa ngayon ang kanilang Christian wedding.,Pinaghahandaan na rin ng mag-asawa ngayon ang kanilang Christian wedding.
"Kabilang sa mga nawawala ang magkakapitbahay sa Tanay, Rizal na sina John Claude Inonog, magkapatid na Marlon at James Baccay, Mark Joseph Velasco, Ruel Gomez at si Rondel Cristorum.","Kabilang sa mga nawawala ang magkakapitbahay sa Tanay, Rizal na sina John Claude Inonog, magkapatid na Marlon at James Baccay, Mark Joseph Velasco, Ruel Gomez at si Rondel Cristorum."
"Gustuhin man nitong lumaban ng lumaban, kailangan aniyang sundin ang sinasabi ng kanyang katawan.","Gustuhin man nitong lumaban ng lumaban, kailangan aniyang sundin ang sinasabi ng kanyang katawan."
"Para sa iba, mas gumaan, mas gumaan 'yung challenge kasi 'Wow hindi ako nag-iisa, dagdag pa ni Tuazon.","Para sa iba, mas gumaan, mas gumaan 'yung challenge kasi 'Wow hindi ako nag-iisa, dagdag pa ni Tuazon."
"Sa ulat ni Denice Abante sa GMA Regional TV ""Balitang Southern Tagalog"" nitong Miyerkules, kinilala ang biktima na si Filomena Almongera, ng Barangay Manghinao.","Sa ulat ni Denice Abante sa GMA Regional TV ""Balitang Southern Tagalog"" nitong Miyerkules, kinilala ang biktima na si Filomena Almongera, ng Barangay Manghinao."
"Mga sinehan, malabo nang makapag-operate.","Mga sinehan, malabo nang makapag-operate."
"Maraming umaangkin ng ordinansa nating ito, marami ang nagsasabing sila raw ang nagpanukala at nagpasa nito, ngunit ang hiling natin sa kanila; Imbis na angkinin ang ating efforts, magsinungaling at lokohin ang ating mga ka-distrito ay, makipag-tulungan nalang upang dumami pa ang makinabang, pahayag ni Konsehal Mikey sa isang post.","Maraming umaangkin ng ordinansa nating ito, marami ang nagsasabing sila raw ang nagpanukala at nagpasa nito, ngunit ang hiling natin sa kanila; Imbis na angkinin ang ating efforts, magsinungaling at lokohin ang ating mga ka-distrito ay, makipag-tulungan nalang upang dumami pa ang makinabang, pahayag ni Konsehal Mikey sa isang post."
Inalam ko rin kung totoo yun.,Inalam ko rin kung totoo yun.
Hinimok din niya ang Kagawaran ng Kalusugan at lokal na pamahalaan ng San Jose Del Monte na magtulungan upang maitayo ang istruktura sa itinakdang panahon at itinakdang kalidad.,Hinimok din niya ang Kagawaran ng Kalusugan at lokal na pamahalaan ng San Jose Del Monte na magtulungan upang maitayo ang istruktura sa itinakdang panahon at itinakdang kalidad.
"Pinapakita ko na lang na ganito ako, saad pa ng dalaga.","Pinapakita ko na lang na ganito ako, saad pa ng dalaga."
"Kahapon lang nang sabihin ni Sara na tumanggi ang administration party na PDP-Laban, na kinapapalooban ni Digong, na iendorso ang kanyang kandidatura sa ikalawang pinakamataas na posisyon sa 2022.","Kahapon lang nang sabihin ni Sara na tumanggi ang administration party na PDP-Laban, na kinapapalooban ni Digong, na iendorso ang kanyang kandidatura sa ikalawang pinakamataas na posisyon sa 2022."
Matatandaan na sumali rin ito noong nakaraang taon kung saan nakalaban niyo ang reigning Miss Universe Philippines na si Rabiya Mateo.,Matatandaan na sumali rin ito noong nakaraang taon kung saan nakalaban niyo ang reigning Miss Universe Philippines na si Rabiya Mateo.
Pinatotohanan ito ni Ma?Òoza sa pagsasabing maraming empleyado ang umalis at hindi na lamang naghain ng reklamo.,Pinatotohanan ito ni Ma?Òoza sa pagsasabing maraming empleyado ang umalis at hindi na lamang naghain ng reklamo.
Kritikal ang kalagayan ni Guevarra at kailangang operahan.,Kritikal ang kalagayan ni Guevarra at kailangang operahan.
Walo sa mga nabanggit na mga sasakyan ay hinatak ng MMDA matapos hindi magpakita ang mga may-ari ng sasakyan.,Walo sa mga nabanggit na mga sasakyan ay hinatak ng MMDA matapos hindi magpakita ang mga may-ari ng sasakyan.
"Hanggang sa noong 1997, nakita niya ang larawan ng batang magkapatid na nakalusong sa baha.","Hanggang sa noong 1997, nakita niya ang larawan ng batang magkapatid na nakalusong sa baha."
Nag-aaral muna ako.,Nag-aaral muna ako.
"Maituturing nang isang icon si Kuya Kim sa larangan ng telebisyon sa Pilipinas, gaya ng sinundan niya sa aming primetime newscast na si Ernie Baron.","Maituturing nang isang icon si Kuya Kim sa larangan ng telebisyon sa Pilipinas, gaya ng sinundan niya sa aming primetime newscast na si Ernie Baron."
"Ayon sa pulisya, nagkaroon lang ng lakas na loob ang bata na magsumbong sa kaniyang mga magulang nang makausap niya ang mga ito mula sa ibang bansa.","Ayon sa pulisya, nagkaroon lang ng lakas na loob ang bata na magsumbong sa kaniyang mga magulang nang makausap niya ang mga ito mula sa ibang bansa."
"Taong 2018 nangireklamo ng panggagahasa ng isang alyas É??LettyÉ?ù ang suspek at nang makarating sa kaalaman ng huli, siya ay nagtago na sa batas.","Taong 2018 nangireklamo ng panggagahasa ng isang alyas É??LettyÉ?ù ang suspek at nang makarating sa kaalaman ng huli, siya ay nagtago na sa batas."
Im not against naman sa mga taong gumagawa nun.,Im not against naman sa mga taong gumagawa nun.
"Ang iba nga sa kanila, hindi na kinakaya ang mga problema sa kabila ng kanilang yaman at pinipiling wakasan ang sariling buhay.","Ang iba nga sa kanila, hindi na kinakaya ang mga problema sa kabila ng kanilang yaman at pinipiling wakasan ang sariling buhay."
Nangyari habang hindi pa rin tumitigil sa pag-jumble ang mga letra.,Nangyari habang hindi pa rin tumitigil sa pag-jumble ang mga letra.
"Sa pag-unlad nito, sinabi ng senador na magiging abot-kaya ang ligtas at masustansiyang produkto ng livestock, poultry at dairy para sa 110 milyong Pilipino.","Sa pag-unlad nito, sinabi ng senador na magiging abot-kaya ang ligtas at masustansiyang produkto ng livestock, poultry at dairy para sa 110 milyong Pilipino."
"Babalik naman si Aksyon Demokratiko bet Manila Mayor Isko Moreno sa kaniyang pinagmulan sa Moriones, Tondo ngayong Mayo 7 sa kanyang Miting de Avance kasama si Dr. Willie Ong.","Babalik naman si Aksyon Demokratiko bet Manila Mayor Isko Moreno sa kaniyang pinagmulan sa Moriones, Tondo ngayong Mayo 7 sa kanyang Miting de Avance kasama si Dr. Willie Ong."
Wala pa namang pinsala at aftershocks na inaasahan mula sa nasabing lindol hanggang sa ngayon.,Wala pa namang pinsala at aftershocks na inaasahan mula sa nasabing lindol hanggang sa ngayon.
Ayon kay Vergeire lahat ng pasyente at nakarekober na pero hinahanap pa rin ang mga naging close contacts nila.,Ayon kay Vergeire lahat ng pasyente at nakarekober na pero hinahanap pa rin ang mga naging close contacts nila.
"Kinilala ang mga naaresto na sina Mardin Nasirin Karim, 35, at Rashidin Timhar Linsahan, 21, kapwa residente ng Barangay Tubig Basag, Bongao, Tawi-Tawi na kung saan ay nakumpiska ang P1 milyon halaga ng shabu.","Kinilala ang mga naaresto na sina Mardin Nasirin Karim, 35, at Rashidin Timhar Linsahan, 21, kapwa residente ng Barangay Tubig Basag, Bongao, Tawi-Tawi na kung saan ay nakumpiska ang P1 milyon halaga ng shabu."
"Laging Handa Chairman Mari Rodriquez, nagsanib-puwersa ang dalawang kampo ng Solid BBM at Solid Joy Belmonte para mas lalo pang palakasin ang kombinasyon ng dalawang prominenteng lider.","Laging Handa Chairman Mari Rodriquez, nagsanib-puwersa ang dalawang kampo ng Solid BBM at Solid Joy Belmonte para mas lalo pang palakasin ang kombinasyon ng dalawang prominenteng lider."
Kapuso na rin si Jayson matapos pumirma ng kontrata sa Sparkle Nobyembre noong nakaraang taon.,Kapuso na rin si Jayson matapos pumirma ng kontrata sa Sparkle Nobyembre noong nakaraang taon.
"Nagsisimula yun sa pagkaburyong, sa anxiety, sa walang pahingang pag-iisip.","Nagsisimula yun sa pagkaburyong, sa anxiety, sa walang pahingang pag-iisip."
Kaagad naman umanong tumugon ang eZConsult at tiniyak na naayos na nila ang kanilang sistema.,Kaagad naman umanong tumugon ang eZConsult at tiniyak na naayos na nila ang kanilang sistema.
"Batay sa inisyal na imbestigasyon ng pulisya, dakong alas-11 ng umaga nitongHuwebes nang mangyari ang insidente.","Batay sa inisyal na imbestigasyon ng pulisya, dakong alas-11 ng umaga nitongHuwebes nang mangyari ang insidente."
Kaya maingat din sila.,Kaya maingat din sila.
"Sa pamamagitan ng nasabing mga sites, binibiktima sa phishing ang mga target na sa sandaling i-click ang link sa sites ay iha-hack naman ng mga ito ang bank account ng mga potensyal na target.","Sa pamamagitan ng nasabing mga sites, binibiktima sa phishing ang mga target na sa sandaling i-click ang link sa sites ay iha-hack naman ng mga ito ang bank account ng mga potensyal na target."
Sinabi niyang nakakataba ng puso na makuha ang tiwala at suporta ng pinakamataas na lider ng bansa.,Sinabi niyang nakakataba ng puso na makuha ang tiwala at suporta ng pinakamataas na lider ng bansa.
Hindi pa rin naman nasisimulan ang malaki niyang project kundi isinama lang siya sa isang sikat na teleserye.,Hindi pa rin naman nasisimulan ang malaki niyang project kundi isinama lang siya sa isang sikat na teleserye.
"Pero ito 'yung kumbaga 'yung magkasama kami sa trabaho tapos na-starstruck pa rin ako, tapos mawawala ako sa sarili ko.","Pero ito 'yung kumbaga 'yung magkasama kami sa trabaho tapos na-starstruck pa rin ako, tapos mawawala ako sa sarili ko."
Kinilig si Eala sa post ni Nadal kayat agad niya itong na-ishare sa kanyang sariling social media account.,Kinilig si Eala sa post ni Nadal kayat agad niya itong na-ishare sa kanyang sariling social media account.
"Gumagawa kami nang marami pang ibang paraan para maging mas magaang sa bulsa ng ating mga kababayan itong napakabilis na pagtaas ng presyo ng kung anu-anong mga bilihin, sabi pa ni Bongbong.","Gumagawa kami nang marami pang ibang paraan para maging mas magaang sa bulsa ng ating mga kababayan itong napakabilis na pagtaas ng presyo ng kung anu-anong mga bilihin, sabi pa ni Bongbong."
Pinasinayaan na kahapon at ipinasa sa pamamahala sa lokal na pamahalaan ng Pasig ang isa sa 24 na parke na itinatayo ng Metropolitan Manila Development Authority (MMDA) sa ibat ibang siyudad sa National Capital Region.,Pinasinayaan na kahapon at ipinasa sa pamamahala sa lokal na pamahalaan ng Pasig ang isa sa 24 na parke na itinatayo ng Metropolitan Manila Development Authority (MMDA) sa ibat ibang siyudad sa National Capital Region.
"Ayon sa isa pang anak ng mag-asawang Catalonia na si Retchiel, nakita na lamang niya ang kanyang mga magulang at kapatid na wala nang buhay sa loob ng kanilang bahay na naliligo sa sariling dugo dahil sa mga palo sa ibat ibang katawan.","Ayon sa isa pang anak ng mag-asawang Catalonia na si Retchiel, nakita na lamang niya ang kanyang mga magulang at kapatid na wala nang buhay sa loob ng kanilang bahay na naliligo sa sariling dugo dahil sa mga palo sa ibat ibang katawan."
Suportado nina Karina at Aljon ang ginagawa ng bawat isa.,Suportado nina Karina at Aljon ang ginagawa ng bawat isa.
"Sa pagtataya ng S&P, aabot sa $2.8.","Sa pagtataya ng S&P, aabot sa $2.8."
Ang dapat abangan dito ay bakit itinuloy ang kuwento?,Ang dapat abangan dito ay bakit itinuloy ang kuwento?
"Ganito rin ang pananaw ni Allan Valiente Para?Òal, isang secretary and technical documentation specialist.","Ganito rin ang pananaw ni Allan Valiente Para?Òal, isang secretary and technical documentation specialist."
"Imus CITY, Cavite, Philippines É?? Naaresto ng mga otoridad sa isang drug buy-bust operation ang 34-anyos na negosyante kamakalawa ng hapon sa loob ng isang subdivision,Brgy.","Imus CITY, Cavite, Philippines É?? Naaresto ng mga otoridad sa isang drug buy-bust operation ang 34-anyos na negosyante kamakalawa ng hapon sa loob ng isang subdivision,Brgy."
"Ang mga biktima na kapwa nagtamo ng mga tama ng bala ng hindi pa batid na kalibre ng baril sa ulo at katawan ay nakilalang sina Bryan Castillo, 38, binata ng nasabing barangay at sinasabing nasa talaan ng national watchlist on illegal drugs (NWID) at high value individual (HVI) at kalalaya lamang sa pamamagitan ng piyansa noong Disyembre 2019 sa kasong droga at Arvin Bacera, 38, ng Barangay Opias at kabilang sa HVI.","Ang mga biktima na kapwa nagtamo ng mga tama ng bala ng hindi pa batid na kalibre ng baril sa ulo at katawan ay nakilalang sina Bryan Castillo, 38, binata ng nasabing barangay at sinasabing nasa talaan ng national watchlist on illegal drugs (NWID) at high value individual (HVI) at kalalaya lamang sa pamamagitan ng piyansa noong Disyembre 2019 sa kasong droga at Arvin Bacera, 38, ng Barangay Opias at kabilang sa HVI."
"Patay ang tatlong Chinese na responsable sa pagdukot sakanilang kapwa Chinese nang maka-engkuwentro ang mga tauhan ng PNP- Anti Kidnapping Group (AKG) kasabay sa pagkakaligtas sa dalawang biktima ng mga ito, kamakalawa ng hapon sa Para?Òaque City.","Patay ang tatlong Chinese na responsable sa pagdukot sakanilang kapwa Chinese nang maka-engkuwentro ang mga tauhan ng PNP- Anti Kidnapping Group (AKG) kasabay sa pagkakaligtas sa dalawang biktima ng mga ito, kamakalawa ng hapon sa Para?Òaque City."
"Halos maiyak ang ilan sa mga supporters at attendees dahil hindi nila inaasahan na mawawalan sila ng gamit gaya na lamang ng cellphone at wallet na naglalaman ng mahahalagang dokumento tulad ng ID, matapos ang rally.","Halos maiyak ang ilan sa mga supporters at attendees dahil hindi nila inaasahan na mawawalan sila ng gamit gaya na lamang ng cellphone at wallet na naglalaman ng mahahalagang dokumento tulad ng ID, matapos ang rally."
"Pero sa kabila nito, pumasok pa rin sa isip niya ang paghahanap ng kaniyang tunay na pamilya.","Pero sa kabila nito, pumasok pa rin sa isip niya ang paghahanap ng kaniyang tunay na pamilya."
"Hindi pa nagtatapos ang halalan, naabot na umano nila ang naturang target mula nang mag-umpisa ang OAV nitong Abril 10.","Hindi pa nagtatapos ang halalan, naabot na umano nila ang naturang target mula nang mag-umpisa ang OAV nitong Abril 10."
Isa ang reigning US Womens Open champion na si Saso sa mga inaasahang magbibigay ng medalya para sa Pilipinas sa Paris Olympics.,Isa ang reigning US Womens Open champion na si Saso sa mga inaasahang magbibigay ng medalya para sa Pilipinas sa Paris Olympics.
Inaasahan niya na makapag-record at maglabas ng kanyang sariling album at maging bahagi ng isang rom-com movie or TV series.,Inaasahan niya na makapag-record at maglabas ng kanyang sariling album at maging bahagi ng isang rom-com movie or TV series.
"Bukod sa malalaking malls, maglulunsad din ng COVID vaccination sa mga komunidad at upang maiwasan ang anumang aberya, maglalagay ng mga satellite clinic sa ibat ibang lugar.","Bukod sa malalaking malls, maglulunsad din ng COVID vaccination sa mga komunidad at upang maiwasan ang anumang aberya, maglalagay ng mga satellite clinic sa ibat ibang lugar."
Hinabol ng suspek ng itak ang biktima na sa kasamaang palad ay nadapa kaya kanyang naabutan.,Hinabol ng suspek ng itak ang biktima na sa kasamaang palad ay nadapa kaya kanyang naabutan.
Sinabi ito ni Malapitan sa isinagawang regular Peace and Order Council (POC) meeting kasama ang mga miyembro ng konseho.,Sinabi ito ni Malapitan sa isinagawang regular Peace and Order Council (POC) meeting kasama ang mga miyembro ng konseho.
Kasama na ng Chery Tiggo si wing spiker EJ Laure na nagdesisyong lisanin na ang UST para tuluyan nang maging professional player.,Kasama na ng Chery Tiggo si wing spiker EJ Laure na nagdesisyong lisanin na ang UST para tuluyan nang maging professional player.
Naghihintay na lang daw sila ng pag-release ng pondo mula sa provincial government ng Quezon para maipaayos ang lugar.,Naghihintay na lang daw sila ng pag-release ng pondo mula sa provincial government ng Quezon para maipaayos ang lugar.
"Kagaya ng mga national athletes na sasabak sa Olympic Games, makakatanggap din ng parehong suporta ang mga lalahok sa Paralympic Games sa Tokyo, Japan.","Kagaya ng mga national athletes na sasabak sa Olympic Games, makakatanggap din ng parehong suporta ang mga lalahok sa Paralympic Games sa Tokyo, Japan."
"Tinatayang aabot sa P70 milyon ang halaga ng mga ari-arian na tinupok ng apoy habang isang bumbero ang sugatan, nang sumiklab ang isang sunog sa isang plastic warehouse sa Novaliches, Quezon City, kahapon.","Tinatayang aabot sa P70 milyon ang halaga ng mga ari-arian na tinupok ng apoy habang isang bumbero ang sugatan, nang sumiklab ang isang sunog sa isang plastic warehouse sa Novaliches, Quezon City, kahapon."
Ang puno't dulo nito ay e-sabong?,Ang puno't dulo nito ay e-sabong?
"Kinilala ang mga nadakip na sina Melvin Isip, 25, itinuturong maintainer at operator ng e-sabong; Mark Jorge Reyes, 27, cashier; at Archie Balmes, kubrador.","Kinilala ang mga nadakip na sina Melvin Isip, 25, itinuturong maintainer at operator ng e-sabong; Mark Jorge Reyes, 27, cashier; at Archie Balmes, kubrador."
"Sa pamamagitan nito, sinabi ni Azurin na maraming buhay ang maililigtas subalit maipakukulong ang responsable sa bentahan at gumagawa ng ilegal na droga.","Sa pamamagitan nito, sinabi ni Azurin na maraming buhay ang maililigtas subalit maipakukulong ang responsable sa bentahan at gumagawa ng ilegal na droga."
"Magugunitang sinasabing nagsimula ang COVID-19 outbreak sa wholesale traditional food market sa Wuhan, China.","Magugunitang sinasabing nagsimula ang COVID-19 outbreak sa wholesale traditional food market sa Wuhan, China."
"Mayroon ding gumagawa ng fake news, hindi lamang mula sa isa kundi sa lahat halos sa kanila.","Mayroon ding gumagawa ng fake news, hindi lamang mula sa isa kundi sa lahat halos sa kanila."
"Nakumpiska sa suspek ang tinatayang nasa 2 kilo ng hinihinalang shabu na nagkakahalaga ng P13,600,000.","Nakumpiska sa suspek ang tinatayang nasa 2 kilo ng hinihinalang shabu na nagkakahalaga ng P13,600,000."
Matatandaang naaksidente ang sasakyan nina Philippine Ambassador to Egypt Ezzedin Tago at Vice Consul Bojer Capati habang tumatawid sa Sudan-Egypt border para tulungan ang mga Filipino evacuees.,Matatandaang naaksidente ang sasakyan nina Philippine Ambassador to Egypt Ezzedin Tago at Vice Consul Bojer Capati habang tumatawid sa Sudan-Egypt border para tulungan ang mga Filipino evacuees.
"Napatawad ko na po siya,É?ù matipid na sagot ni Ana.","Napatawad ko na po siya,É?ù matipid na sagot ni Ana."
"Sinabi ni Laguesma na bagamat batid ng gobyerno na kailangan ang pagtaas ng suweldo, ito ay isang bagay na hindi maaaring gawin sa isang iglap lamang at dahil dito, tinitingnan ang magbigay ng mga non-wage benefit upang hikayatin ang mga manggagawa na magtrabaho sa Pilipinas kaysa magtrabaho sa ibang bansa.","Sinabi ni Laguesma na bagamat batid ng gobyerno na kailangan ang pagtaas ng suweldo, ito ay isang bagay na hindi maaaring gawin sa isang iglap lamang at dahil dito, tinitingnan ang magbigay ng mga non-wage benefit upang hikayatin ang mga manggagawa na magtrabaho sa Pilipinas kaysa magtrabaho sa ibang bansa."
"Kaagad na nahawakan siya ng isa pang lalaking sasakay sa tren, at mabilis ding tumakbo patungo sa kanila ang isang police marshal.","Kaagad na nahawakan siya ng isa pang lalaking sasakay sa tren, at mabilis ding tumakbo patungo sa kanila ang isang police marshal."
Haharap ang Lady Spikers sa Lady Red Warriors na wala pang panalo sa tatlong pagsalang.,Haharap ang Lady Spikers sa Lady Red Warriors na wala pang panalo sa tatlong pagsalang.
Hindi basta-basta ginagawa yon ng kahit sinong host.,Hindi basta-basta ginagawa yon ng kahit sinong host.
"Batay sa sketchy report ng PDEA, nabatid na dakong alas-10:00 ng umaga nitong Lunes nang maganap ang madugong buy-bust operation sa Punta Verde Subdivision, Brgy.","Batay sa sketchy report ng PDEA, nabatid na dakong alas-10:00 ng umaga nitong Lunes nang maganap ang madugong buy-bust operation sa Punta Verde Subdivision, Brgy."
Bumaba ng nasa 14 porsiyento ang crime rate sa bansa.,Bumaba ng nasa 14 porsiyento ang crime rate sa bansa.
"Kinatigan ng CA ang revocation ng certificates of incorporation ng kumpanya nang ilang beses, noong Hulyo 2018, Pebrero 2019 at Disyembre 2019, ngunit inutusan nito ang SEC na tignan kung nasolusyonan ng pag-donate ng Omidyar Network ng Philippine Depositary Receipts sa staff ng Rappler.","Kinatigan ng CA ang revocation ng certificates of incorporation ng kumpanya nang ilang beses, noong Hulyo 2018, Pebrero 2019 at Disyembre 2019, ngunit inutusan nito ang SEC na tignan kung nasolusyonan ng pag-donate ng Omidyar Network ng Philippine Depositary Receipts sa staff ng Rappler."
"Pero ang hindi ko talaga inasahan, na tiyak ko na utang na loob ko na naman kay Usec Honey Rose iyon pagdating ng isang PSG sa bahay ko na may dalang ayuda mula sa Office of the President.","Pero ang hindi ko talaga inasahan, na tiyak ko na utang na loob ko na naman kay Usec Honey Rose iyon pagdating ng isang PSG sa bahay ko na may dalang ayuda mula sa Office of the President."
Beses na rin umanongnatatakasan nito ang mga inilalatag na anti-drug operation laban sa kanya subalit sa pagkakataong ito ay hindi na siya nakawala.,Beses na rin umanongnatatakasan nito ang mga inilalatag na anti-drug operation laban sa kanya subalit sa pagkakataong ito ay hindi na siya nakawala.
"Nitong Miyerkules, sinabi ni Cusi na may mungkahi sa partido na tumakbong senador sa darating na halalan si Duterte, at maging campaign manager ng tambalan nina Sens.","Nitong Miyerkules, sinabi ni Cusi na may mungkahi sa partido na tumakbong senador sa darating na halalan si Duterte, at maging campaign manager ng tambalan nina Sens."
Nag-sorry siya dahil ayaw raw niyang magpakaplastik at mali raw ang naging paninita niya.,Nag-sorry siya dahil ayaw raw niyang magpakaplastik at mali raw ang naging paninita niya.
"Sa puntong ito, napagbalingan ni Vice ang beauty queen, É??Uy, si Kylie nag-iisip.","Sa puntong ito, napagbalingan ni Vice ang beauty queen, É??Uy, si Kylie nag-iisip."
"Hindi pa rin kinikilala ng Beijing ang 2016 arbitral ruling hanggang sa ngayon, dahilan para imintena pa rin nila ang mga Chinese military bases sa mga itinayong artificial islands doon, maliban pa sa daan-daang Tsinong militia na nagpapaikot-ikot sa naturang katubigan.","Hindi pa rin kinikilala ng Beijing ang 2016 arbitral ruling hanggang sa ngayon, dahilan para imintena pa rin nila ang mga Chinese military bases sa mga itinayong artificial islands doon, maliban pa sa daan-daang Tsinong militia na nagpapaikot-ikot sa naturang katubigan."
Nabatid na si Valdez ay nakakuha ng 48% boto sa Ontario sa naganap na Federal election noong Setyembre 20.,Nabatid na si Valdez ay nakakuha ng 48% boto sa Ontario sa naganap na Federal election noong Setyembre 20.
Umaasa si Roach na madadala ito ni Pacquiao sa kanyang political career.,Umaasa si Roach na madadala ito ni Pacquiao sa kanyang political career.
"Gayunpaman, kaya naman daw umasenso basta may sipag at tiyaga.","Gayunpaman, kaya naman daw umasenso basta may sipag at tiyaga."
Ipinasok ni Sam Hauser ang game-tying triple sa huling tatlong segundo sa regulation para ihatid ang Boston sa overtime kung saan iniskor ni Derrick White ang unang limang puntos sa overtime.,Ipinasok ni Sam Hauser ang game-tying triple sa huling tatlong segundo sa regulation para ihatid ang Boston sa overtime kung saan iniskor ni Derrick White ang unang limang puntos sa overtime.
Pinaigting ngLand Transportation Office (LTO)angkampanya laban sa overloading ng mga sasakyansa bansa.,Pinaigting ngLand Transportation Office (LTO)angkampanya laban sa overloading ng mga sasakyansa bansa.
"Ayon sa United Nations Environment Programme, ang pagbabago ng klima o climate change ay tunay na nakakaapekto sa lahat ng buhay ng mga naninirahan sa mga siyudad.","Ayon sa United Nations Environment Programme, ang pagbabago ng klima o climate change ay tunay na nakakaapekto sa lahat ng buhay ng mga naninirahan sa mga siyudad."
"Pinag-usapan din namin ang kontrobersiyang kinasasangkutan ngayon nina Diego at Barbie Imperial, ang self-proclaimed influencer-Maritess ang nagpalaki ng sunog, kaibigan daw kasi ni AJ Raval ang taong yun na puro kuryente naman ang mga ikinukuwento.","Pinag-usapan din namin ang kontrobersiyang kinasasangkutan ngayon nina Diego at Barbie Imperial, ang self-proclaimed influencer-Maritess ang nagpalaki ng sunog, kaibigan daw kasi ni AJ Raval ang taong yun na puro kuryente naman ang mga ikinukuwento."
Kaya naman nag-isip agad silang mag-asawa ng iba pang pwedeng pagkakitaan na may konek din sa pagbebenta ng pagkain.,Kaya naman nag-isip agad silang mag-asawa ng iba pang pwedeng pagkakitaan na may konek din sa pagbebenta ng pagkain.
"Kaya nung celebration ng 6th wedding anniversary nila nung nakaraang Linggo, tinanong ko si Pauleen kung iyun ba ang wish niya sa anibersaryo nila ni Bossing Vic.","Kaya nung celebration ng 6th wedding anniversary nila nung nakaraang Linggo, tinanong ko si Pauleen kung iyun ba ang wish niya sa anibersaryo nila ni Bossing Vic."
"Lumilitaw na 14 ang initiate, tatlo ang sumailalim sa welcome rites habang 1 ang neophyte.","Lumilitaw na 14 ang initiate, tatlo ang sumailalim sa welcome rites habang 1 ang neophyte."
Saan ka kukuha ng malalaking artista?,Saan ka kukuha ng malalaking artista?
"Gayunpaman, prayoridad pa rin naman daw na unahin sa vaccine ang mga healthcare workers, senior citizens at mga may iba pang karamdaman.","Gayunpaman, prayoridad pa rin naman daw na unahin sa vaccine ang mga healthcare workers, senior citizens at mga may iba pang karamdaman."
Pero hindi na ito pinapansin ni Jervy dahil ang laki ng kinikita niya.,Pero hindi na ito pinapansin ni Jervy dahil ang laki ng kinikita niya.
"Ngayon biglang bumababa hanggang sa 10% na lang, hindi mo na alam kung sino ang kasama niya, ano ang ginawa niya, or may gaps doon sa araw na nangyari tapos hindi mo alam kung ano ang nangyari sa partner mo, sabi ni Tabayoyong.","Ngayon biglang bumababa hanggang sa 10% na lang, hindi mo na alam kung sino ang kasama niya, ano ang ginawa niya, or may gaps doon sa araw na nangyari tapos hindi mo alam kung ano ang nangyari sa partner mo, sabi ni Tabayoyong."
"Hindi pa rin masabi ni Kaye kung magiging active na siya uli sa pagtanggap ng movie offers o drama series, dahil mas priority pa rin nito ang kanyang pamilya sa Cebu.","Hindi pa rin masabi ni Kaye kung magiging active na siya uli sa pagtanggap ng movie offers o drama series, dahil mas priority pa rin nito ang kanyang pamilya sa Cebu."
Sinang-ayunan ni Senator Christopher É??BongÉ?ù Go ang sentimyento at paninindigan ni Pangulong Duterte na wala pang mangyayaring face-to-face classes sa mga paaralan hanggang hindi pa nababakunahan ang maraming Filipino at hindi nakakamit ng bansa ang herd immunity laban sa COVID-19 pandemic.,Sinang-ayunan ni Senator Christopher É??BongÉ?ù Go ang sentimyento at paninindigan ni Pangulong Duterte na wala pang mangyayaring face-to-face classes sa mga paaralan hanggang hindi pa nababakunahan ang maraming Filipino at hindi nakakamit ng bansa ang herd immunity laban sa COVID-19 pandemic.
Ang dami ngang naiisip na bagong kanta ng mister ni Regine habang nasa isolation siya.,Ang dami ngang naiisip na bagong kanta ng mister ni Regine habang nasa isolation siya.
Sinundan din ito ng iba pang mga miyembro ng Makabayan bloc.,Sinundan din ito ng iba pang mga miyembro ng Makabayan bloc.
"Ilang saglit pa, hinambalos na ng alon ang bangka na nagkalasog-lasog.","Ilang saglit pa, hinambalos na ng alon ang bangka na nagkalasog-lasog."
"Sa isang panayam kay Maine, natanong ng kaibigan nating vlogger na si Allan Sancon kung handa na ba siyang matawag na É??First LadyÉ?ù ng QC.","Sa isang panayam kay Maine, natanong ng kaibigan nating vlogger na si Allan Sancon kung handa na ba siyang matawag na É??First LadyÉ?ù ng QC."
"Yung tatlo pong namatay sa Delta variant dito sa ating 199 cases, dalawa po sa kanila ang unvaccinated.","Yung tatlo pong namatay sa Delta variant dito sa ating 199 cases, dalawa po sa kanila ang unvaccinated."
"Samantala sa target naman na importasyon ng sibuyas, sinabi naman ni Villar na dapat magkaroon ng sapat na justification na kulang ang supply ng sibuyas bago umangkat nito ang gobyerno.","Samantala sa target naman na importasyon ng sibuyas, sinabi naman ni Villar na dapat magkaroon ng sapat na justification na kulang ang supply ng sibuyas bago umangkat nito ang gobyerno."
Dumating si Lacson sa UST nang naka-Barong Tagalog ilang oras bago magsimula ang debate.,Dumating si Lacson sa UST nang naka-Barong Tagalog ilang oras bago magsimula ang debate.
"Ipagpasalamat ang mga biyayang natatanggap, maging ang maliliit na bagay - Kahit na lumaki siyang walang pamilya, hindi ito naging hadlang para kay Mira na magkaroon ng positibong pananaw sa buhay.","Ipagpasalamat ang mga biyayang natatanggap, maging ang maliliit na bagay - Kahit na lumaki siyang walang pamilya, hindi ito naging hadlang para kay Mira na magkaroon ng positibong pananaw sa buhay."
"Virgilio Jopia, acting chief of police ng PNP-Bi?Òan, pinaghahanap na rin ang isang 24-anyos na alumni ng Adamson University at may-ari ng SUV na pinagsakyan kay Salilig bago ito ibaon sa Imus, Cavite nitong Martes.","Virgilio Jopia, acting chief of police ng PNP-Bi?Òan, pinaghahanap na rin ang isang 24-anyos na alumni ng Adamson University at may-ari ng SUV na pinagsakyan kay Salilig bago ito ibaon sa Imus, Cavite nitong Martes."
"Naapula ang apoy alas-7:04 ng gabi at nasa humigit-kumulang sa P50,000 halaga ng ari-arian ang napinsala.","Naapula ang apoy alas-7:04 ng gabi at nasa humigit-kumulang sa P50,000 halaga ng ari-arian ang napinsala."
"Im sure mami-miss ko, mami-miss ako ng mga tao.","Im sure mami-miss ko, mami-miss ako ng mga tao."
"Speculative"" pa rin naman daw na aabusuhin ng mga civilian volunteer groups ang posibleng kapangyarihang iatang sa kanila bilang ""vigilante groups, lalo nat wala pang ganap na polisiya rito.","Speculative"" pa rin naman daw na aabusuhin ng mga civilian volunteer groups ang posibleng kapangyarihang iatang sa kanila bilang ""vigilante groups, lalo nat wala pang ganap na polisiya rito."
"Matatandaan noong May 23,isang fast craft na M/V Mercraft 2 ang nasunoghabang papalapit sa Real Port na ikinasawi ng 9 na pasahero.","Matatandaan noong May 23,isang fast craft na M/V Mercraft 2 ang nasunoghabang papalapit sa Real Port na ikinasawi ng 9 na pasahero."
Umamin kaya siya si Jayzam at ano ang magiging reaksyon ni Camille?,Umamin kaya siya si Jayzam at ano ang magiging reaksyon ni Camille?
Ipinaliwanag naman ni Taiwan Ministry of Foreign Affairs (MOFA) spokesperson Joane Ou na hindi nila sinuspinde ang nasabing sistema dahil natapos na ang kasunduan nila sa Pilipinas nitong Hulyo pero muli nila itong kinukonsidera.,Ipinaliwanag naman ni Taiwan Ministry of Foreign Affairs (MOFA) spokesperson Joane Ou na hindi nila sinuspinde ang nasabing sistema dahil natapos na ang kasunduan nila sa Pilipinas nitong Hulyo pero muli nila itong kinukonsidera.
Alam ng kanyang mga tagasuporta ang matinding pinagdadaanan ngayon ng kilalang female personality.,Alam ng kanyang mga tagasuporta ang matinding pinagdadaanan ngayon ng kilalang female personality.
Bumaba ang revenues ng BSP ng first quarter ng taong ito sa P41.62.,Bumaba ang revenues ng BSP ng first quarter ng taong ito sa P41.62.
"Tawagin niyo rin po ako na loyalist po, ang proud na proud pang sabi ni Diego.","Tawagin niyo rin po ako na loyalist po, ang proud na proud pang sabi ni Diego."
Upang malibang ay kinailangan umanong bumili ng komedyante ng badminton net at basketball ding upang mayroon silang mapaglibangan ng kasintahang si Ion Perez sa bahay.,Upang malibang ay kinailangan umanong bumili ng komedyante ng badminton net at basketball ding upang mayroon silang mapaglibangan ng kasintahang si Ion Perez sa bahay.
"Sa ulat ni Vonne Aquino sa GMA News ""24 Oras Weekend"" nitong Sabado, sinabing maaaring napadpad ang sawa sa bahay sa Barangay Lugam dahil lubog sa tubig ang bukid sa lugar.","Sa ulat ni Vonne Aquino sa GMA News ""24 Oras Weekend"" nitong Sabado, sinabing maaaring napadpad ang sawa sa bahay sa Barangay Lugam dahil lubog sa tubig ang bukid sa lugar."
"Nang makausap na ni Brenda Mage si Kuya sa loob ng confession room, sinabi nga niya na na-cast na raw siya sa É??DarnaÉ?ù bago pa dumating ang offer sa kanya na maging celebrity housemate sa season 10 ng PBB.","Nang makausap na ni Brenda Mage si Kuya sa loob ng confession room, sinabi nga niya na na-cast na raw siya sa É??DarnaÉ?ù bago pa dumating ang offer sa kanya na maging celebrity housemate sa season 10 ng PBB."
Muli ring iginiit ni Lacson at kanyang running mate na si Senate President Vicente É??TitoÉ?? Sotto III ang kanilang pangako na magiging lider sila na may mabuting ehemplo sakaling sila ang magiging susunod na presidente at bise presidente.,Muli ring iginiit ni Lacson at kanyang running mate na si Senate President Vicente É??TitoÉ?? Sotto III ang kanilang pangako na magiging lider sila na may mabuting ehemplo sakaling sila ang magiging susunod na presidente at bise presidente.
Bigla tuloy niyang naalala ang mga dating kasamahan sa programa at pinasalamatan ito.,Bigla tuloy niyang naalala ang mga dating kasamahan sa programa at pinasalamatan ito.
"Sa 2022 edisyon ng PBA Rookie Draft, may apat na mahuhugot ang Bossing.","Sa 2022 edisyon ng PBA Rookie Draft, may apat na mahuhugot ang Bossing."
"É??I play Diana, a city girl from Manila na lumipat sa province at É??yon, sheÉ??s a game changer kaya na-threaten sa akin yung mean girls doon sa school and hina-harass nila ako,É?ù pagbabahagi ng aktres.","É??I play Diana, a city girl from Manila na lumipat sa province at É??yon, sheÉ??s a game changer kaya na-threaten sa akin yung mean girls doon sa school and hina-harass nila ako,É?ù pagbabahagi ng aktres."
"Mula Enero 17 ay inilunsad nito ang Angat Pinoy Tulong Negosyo Program na magbibigay ng P10,000 para sa mga kwalipikadong SMEs.","Mula Enero 17 ay inilunsad nito ang Angat Pinoy Tulong Negosyo Program na magbibigay ng P10,000 para sa mga kwalipikadong SMEs."
"Maganda ka nga, wala namang laman ang utak mo, siyempre damay na rin ang pagiging matigas ng puso mo.","Maganda ka nga, wala namang laman ang utak mo, siyempre damay na rin ang pagiging matigas ng puso mo."
"Nagsumula to sa naggulo ng pag-iinuman tapos nagka-mayroon sila ng hindi magandang pag-uunawaan or pag-uusapan na nangyari sa pananaga sa kapatid, pahayag ni Calatagan Police Station chief Police Major Von Eric Gualberto.","Nagsumula to sa naggulo ng pag-iinuman tapos nagka-mayroon sila ng hindi magandang pag-uunawaan or pag-uusapan na nangyari sa pananaga sa kapatid, pahayag ni Calatagan Police Station chief Police Major Von Eric Gualberto."
Mas malaki ang bilang na yan ng anim kumpara sa naitala ng DOH kahapon.,Mas malaki ang bilang na yan ng anim kumpara sa naitala ng DOH kahapon.
Ito ang ikalawang sunod na kabiguan ng Flying Titans para mahulog sa 1-2 rekord.,Ito ang ikalawang sunod na kabiguan ng Flying Titans para mahulog sa 1-2 rekord.
Matatandaang taong 2019 lang nang magkaroon naman ng outbreak ng polio sa Pilipinasmatapos manumbalik ng sakit sa bansa matapos ang 19 taon.,Matatandaang taong 2019 lang nang magkaroon naman ng outbreak ng polio sa Pilipinasmatapos manumbalik ng sakit sa bansa matapos ang 19 taon.
"Nang mapunta ang usapan sa pag-aaring wallet ni Cassy, dito na ibinuking ni Carmina kung paano inilalagay ng anak ang kanyang pera at card sa wallet.","Nang mapunta ang usapan sa pag-aaring wallet ni Cassy, dito na ibinuking ni Carmina kung paano inilalagay ng anak ang kanyang pera at card sa wallet."
"Para hindi naman maantala ang pagpapalabas ng pondo, mag-iisyu COA ng Certificate of Pre-Audit sa loob ng 15-araw sa oras na matanggap na ang mga kaukulang dokumento.","Para hindi naman maantala ang pagpapalabas ng pondo, mag-iisyu COA ng Certificate of Pre-Audit sa loob ng 15-araw sa oras na matanggap na ang mga kaukulang dokumento."
"Kabilang din sa nakilahok sa karera ang nakababatang kapatid niyang si Xander, 10-anyos.","Kabilang din sa nakilahok sa karera ang nakababatang kapatid niyang si Xander, 10-anyos."
Kung saan nagkayayaan silang mag-inuman.,Kung saan nagkayayaan silang mag-inuman.
"Nakahubad 'yung isa nating suspek and then kasama yung other gay friends niya, mga suspek din, sabi ni Police Colonel Jynleo Yasay Bautista ng CIDG-NPD.","Nakahubad 'yung isa nating suspek and then kasama yung other gay friends niya, mga suspek din, sabi ni Police Colonel Jynleo Yasay Bautista ng CIDG-NPD."
"Kami naman, parang eh di, okay, É??di next time,É?? ganyan, patuloy ni Coco.","Kami naman, parang eh di, okay, É??di next time,É?? ganyan, patuloy ni Coco."
Ito anya ay noong panahon na ginawang mandatory ang pagsusuot ng face shield sa ilalim ng IATF Resolution No.,Ito anya ay noong panahon na ginawang mandatory ang pagsusuot ng face shield sa ilalim ng IATF Resolution No.
Pag-aari na ba niya ang male personality?,Pag-aari na ba niya ang male personality?
Masayang-masaya si Noel Trinidad dahil sa edad na walumput isang taong gulang ay nakapagbida pa sa Family Matters.,Masayang-masaya si Noel Trinidad dahil sa edad na walumput isang taong gulang ay nakapagbida pa sa Family Matters.
"Kung hindi kami nagkakamali, ang dalawang na-link noon kay Bela ay sina Jason Abalos at Neil Arce.","Kung hindi kami nagkakamali, ang dalawang na-link noon kay Bela ay sina Jason Abalos at Neil Arce."
"Ngayong araw nang i-reaffirm ng Amerika ang kanilang July 13, 2020 policy sa South China Sea kasabay ng anibersaryo ng pagkapanalo ng Pilipinas sa sovereign right sa West Philippine Sea, bagay na kanilang exclusive economic zone (EEZ) sa international law.","Ngayong araw nang i-reaffirm ng Amerika ang kanilang July 13, 2020 policy sa South China Sea kasabay ng anibersaryo ng pagkapanalo ng Pilipinas sa sovereign right sa West Philippine Sea, bagay na kanilang exclusive economic zone (EEZ) sa international law."
"Pinigilan din daw ng mga sundalo ang mga residenteng asikasuhin ang kanilang mga palayan na binansagang ""communal farm ng NPA.""","Pinigilan din daw ng mga sundalo ang mga residenteng asikasuhin ang kanilang mga palayan na binansagang ""communal farm ng NPA."""
"Inilabas na ng Korte Suprema ang resulta ng nagdaang 2020/2021 Philippine Bar exams kung saan 8,241 ang pumasa.","Inilabas na ng Korte Suprema ang resulta ng nagdaang 2020/2021 Philippine Bar exams kung saan 8,241 ang pumasa."
Isang benepisyaryo ng E-Konsulta program ng Office of the Vice President ang gumawa ng É??dress me upÉ?ù dolls para kay Vice President Leni Robredo bilang pagpapasalamat at suporta sa kanyang kandidatura bilang pangulo sa 2022.,Isang benepisyaryo ng E-Konsulta program ng Office of the Vice President ang gumawa ng É??dress me upÉ?ù dolls para kay Vice President Leni Robredo bilang pagpapasalamat at suporta sa kanyang kandidatura bilang pangulo sa 2022.
Ibinahagi ng dalawa na effortless ang kanilang tambalan at kung ano ang nakikita on screen at sa social media ng mga manonood ay ganito talaga sila kahit off-cam.,Ibinahagi ng dalawa na effortless ang kanilang tambalan at kung ano ang nakikita on screen at sa social media ng mga manonood ay ganito talaga sila kahit off-cam.
"Kumpara sa lalaki na mas bata ang karelasyon, sinasabing mas nakatatanggap ng panghuhusga ang mga babae kapag nagkakaroon ng karelasyon na mas bata sa kaniya ang lalaki.","Kumpara sa lalaki na mas bata ang karelasyon, sinasabing mas nakatatanggap ng panghuhusga ang mga babae kapag nagkakaroon ng karelasyon na mas bata sa kaniya ang lalaki."
Dito na humingi ng tulong ang kapatid ng biktima.,Dito na humingi ng tulong ang kapatid ng biktima.
Kaya kung ano ang ginawa at pagtrato sa kanila ng kanilang nanay noong bata pa sila at ganoon din ang ginagawa nila ngayon sa kanilang mga anak.,Kaya kung ano ang ginawa at pagtrato sa kanila ng kanilang nanay noong bata pa sila at ganoon din ang ginagawa nila ngayon sa kanilang mga anak.
"Pag-ingatan natin kung sino ang pakikinggan natin, aniya.","Pag-ingatan natin kung sino ang pakikinggan natin, aniya."
"Pag may curfew, hindi rin lalabas ang virus?","Pag may curfew, hindi rin lalabas ang virus?"
Tinanong ko siya kung pupunta ba siya sa presscon?,Tinanong ko siya kung pupunta ba siya sa presscon?
"Natiyempuhan naman ang suspek sa tinutuluyan nito sa Barangay Amaya, Tanza, Cavite na hindi na nakapalag pa nang posasan ng grupo.","Natiyempuhan naman ang suspek sa tinutuluyan nito sa Barangay Amaya, Tanza, Cavite na hindi na nakapalag pa nang posasan ng grupo."
"Ayon kay Major Ernie Bilog Delos Santos, hepe ng pulisya, ang katawan ng biktima ay nagsisimula nang maagnas nang matagpuan sa nasabing lugar.","Ayon kay Major Ernie Bilog Delos Santos, hepe ng pulisya, ang katawan ng biktima ay nagsisimula nang maagnas nang matagpuan sa nasabing lugar."
"Bagamat duty pa rin ang mga pulis ngayong Kuwaresma, hindi naman matututukan ng mga pulis ang lahat ng mga bahay kayat nais din nila ang kooperasyon ng mga pamilya at bakasyunista.","Bagamat duty pa rin ang mga pulis ngayong Kuwaresma, hindi naman matututukan ng mga pulis ang lahat ng mga bahay kayat nais din nila ang kooperasyon ng mga pamilya at bakasyunista."
Nakipag-usap na rin ang Maynilad saMetropolitan Waterworks and Sewerage System (MWSS) atManila Waterkahapon para talakayin ang sitwasyon.,Nakipag-usap na rin ang Maynilad saMetropolitan Waterworks and Sewerage System (MWSS) atManila Waterkahapon para talakayin ang sitwasyon.
"Kaugnay nito, sinabi ng National Economic and Development Authority (NEDA) na daang bilyong piso ang mawawala sa ekonomiya ng bansa sa panibagong pagpapatupad ng ECQ sa Metro Manila.","Kaugnay nito, sinabi ng National Economic and Development Authority (NEDA) na daang bilyong piso ang mawawala sa ekonomiya ng bansa sa panibagong pagpapatupad ng ECQ sa Metro Manila."
"Sinabi ni BI port operations division chief Carlos Capulong na doble ang bilang ng mga dumating sa bansa nitong December 24 at 25, kumpara sa kaparehong panahon noong 2020.","Sinabi ni BI port operations division chief Carlos Capulong na doble ang bilang ng mga dumating sa bansa nitong December 24 at 25, kumpara sa kaparehong panahon noong 2020."
"Pawang katatawanan ang paghahatid ng balita na ang mag-a-anchor ay sina Wally Bayola, Alex Calleja at KaladKaren.","Pawang katatawanan ang paghahatid ng balita na ang mag-a-anchor ay sina Wally Bayola, Alex Calleja at KaladKaren."
"Marami nga ang naloka sa sinabi niyang, Tanggalin na rin nila ako.","Marami nga ang naloka sa sinabi niyang, Tanggalin na rin nila ako."
Abala ngayon si James sa sariling record label na Careless. Hindi rin naging madali para kay James ang magkaroon ng sariling negosyo.,Abala ngayon si James sa sariling record label na Careless. Hindi rin naging madali para kay James ang magkaroon ng sariling negosyo.
"Sa ulat ni Trace de Leon sa GMA Regional TV ""Balitang Amianan"" nitong Biyernes, sinabing isang taon nang nakadetine ang lalaki sa Sto.","Sa ulat ni Trace de Leon sa GMA Regional TV ""Balitang Amianan"" nitong Biyernes, sinabing isang taon nang nakadetine ang lalaki sa Sto."
Mukhang napaka-exciting ng serye na ito na talagang focus si Alden na binigay buong panahon niya kahit pa nga napakarami ng side jobs na ginagawa.,Mukhang napaka-exciting ng serye na ito na talagang focus si Alden na binigay buong panahon niya kahit pa nga napakarami ng side jobs na ginagawa.
"Horseshoe, Quezon City ay mawawalan ng suplay ng tubig mula alas-10:00 ng gabi ng Hulyo 5 hanggang alas-5:00 ng madaling araw ng Hulyo 6.","Horseshoe, Quezon City ay mawawalan ng suplay ng tubig mula alas-10:00 ng gabi ng Hulyo 5 hanggang alas-5:00 ng madaling araw ng Hulyo 6."
Kaya pati sa Instagram post niya ay naiiyak pa rin daw siya.,Kaya pati sa Instagram post niya ay naiiyak pa rin daw siya.
"Lumabas ang mas maraming detalye nang si Alice ay maging guest sa Eat Bulaga noong Sabado, at doon ay natanong nga siya tungkol sa buhay-buhay.","Lumabas ang mas maraming detalye nang si Alice ay maging guest sa Eat Bulaga noong Sabado, at doon ay natanong nga siya tungkol sa buhay-buhay."
Sinasabing mula nang gawin daw siyang É??food ambassadorÉ?ù ng Department of Agriculture ay bumagsak iyon.,Sinasabing mula nang gawin daw siyang É??food ambassadorÉ?ù ng Department of Agriculture ay bumagsak iyon.
"Mga kababayan hindi po tayo nagkakaganyan sa mahabang panahon, eh baka lang nakakaligtaan ninyo na meron pa ring COVID-19 at ito ay maaa-ring mabilis na kumalat dala ng mga napabalita na mga bagong variants, ayon kay Moreno.","Mga kababayan hindi po tayo nagkakaganyan sa mahabang panahon, eh baka lang nakakaligtaan ninyo na meron pa ring COVID-19 at ito ay maaa-ring mabilis na kumalat dala ng mga napabalita na mga bagong variants, ayon kay Moreno."
"Labindalawang menor-de-edad na pawang biktima ng human trafficking ang nailigtas ngmga tauhan ng pulisya, habang dalawang umanoy nagsisilbing É??bugawÉ?? ang nadakip sa Taguig City, nitong Abril 5.","Labindalawang menor-de-edad na pawang biktima ng human trafficking ang nailigtas ngmga tauhan ng pulisya, habang dalawang umanoy nagsisilbing É??bugawÉ?? ang nadakip sa Taguig City, nitong Abril 5."
Nagtatanim din siya na ngayon lang niya nagagawa kaya nag-e-enjoy rin siya.,Nagtatanim din siya na ngayon lang niya nagagawa kaya nag-e-enjoy rin siya.
"Pero malaking risk din iyan, papaano kung walang pumasok sa sinehan after all inaasahan na nilang ilalabas din agad iyan sa TV?","Pero malaking risk din iyan, papaano kung walang pumasok sa sinehan after all inaasahan na nilang ilalabas din agad iyan sa TV?"
"Una nang sinabi ng Kagawaran ng Kalusugan na aabot sa ""walong beses"" na mas nakahahawa ang Omicron kaysa sa highly transmissible na Delta variant.","Una nang sinabi ng Kagawaran ng Kalusugan na aabot sa ""walong beses"" na mas nakahahawa ang Omicron kaysa sa highly transmissible na Delta variant."
Hindi naman siya pinalad sa finals ng parallel bars nang makuntento sa silver medal sa kanyang total score na 15.300.,Hindi naman siya pinalad sa finals ng parallel bars nang makuntento sa silver medal sa kanyang total score na 15.300.
Ang ibang bansa ay gumagamit na rin umano ng sarili nilang strategic oil reserves habang ang Libya ay muling bumalik sa oil production.,Ang ibang bansa ay gumagamit na rin umano ng sarili nilang strategic oil reserves habang ang Libya ay muling bumalik sa oil production.
"Binigyang kapangyarihan ng Bayanihan 1 ang pamahalaan na mag-reallocate, mag-realign at mag-reprogram ng P275 bilyong pondo mula sa pambansang budget bilang tugon sa COVID-19.","Binigyang kapangyarihan ng Bayanihan 1 ang pamahalaan na mag-reallocate, mag-realign at mag-reprogram ng P275 bilyong pondo mula sa pambansang budget bilang tugon sa COVID-19."
"Patuloy pa niya, Sa pinagdadaanan ko ngayon, may tao bang gustong pag-usapan pa ang kanyang paghihiwalay?","Patuloy pa niya, Sa pinagdadaanan ko ngayon, may tao bang gustong pag-usapan pa ang kanyang paghihiwalay?"
SInasabi kasi ng ilang netizens na hindi lang daw siya tatlong araw roon kundi mahigit pa.,SInasabi kasi ng ilang netizens na hindi lang daw siya tatlong araw roon kundi mahigit pa.
Hindi lang ako siguro sanay na walang ginagawa.,Hindi lang ako siguro sanay na walang ginagawa.
"Natural, may mga anak na silang kailangan nilang paghandaan ang kinabukasan, kaya pinapayuhan din ng female personality ang kanyang mister na magbanat ng buto.","Natural, may mga anak na silang kailangan nilang paghandaan ang kinabukasan, kaya pinapayuhan din ng female personality ang kanyang mister na magbanat ng buto."
Plano niya rin gumawa ng anti-bullying video campaign video at hikayatin ang mga tao na itigil ang mga komentong nakasasakit ng damdamin.,Plano niya rin gumawa ng anti-bullying video campaign video at hikayatin ang mga tao na itigil ang mga komentong nakasasakit ng damdamin.
"Sa pamamagitan umano ng pag-alis sa tagging at alarm ay maari nang makapag-renew o mailipat ang registration sa LTO, aniya pa.","Sa pamamagitan umano ng pag-alis sa tagging at alarm ay maari nang makapag-renew o mailipat ang registration sa LTO, aniya pa."
"Dahil ang mountaineer na si Nico David, nakuhanan pa raw ng video ang mga mata ng pinaniniwalaan nilang misteryosong nilala sa naturang bundok.","Dahil ang mountaineer na si Nico David, nakuhanan pa raw ng video ang mga mata ng pinaniniwalaan nilang misteryosong nilala sa naturang bundok."
Ngunit hindi natatapos sa pagkuha lang ng tubig ang sakripisyo ni Matinde dahil kailangan naman niyang bumaba ng bundok bitbit ang nasa 12 litro ng tubig.,Ngunit hindi natatapos sa pagkuha lang ng tubig ang sakripisyo ni Matinde dahil kailangan naman niyang bumaba ng bundok bitbit ang nasa 12 litro ng tubig.
"Humahalakhak pa raw si Kim, tuwang-tuwa pa siya habang kinukunan yun, kaya todo-todo ang galit sa kanya ng mga tagasuporta ni Bea.","Humahalakhak pa raw si Kim, tuwang-tuwa pa siya habang kinukunan yun, kaya todo-todo ang galit sa kanya ng mga tagasuporta ni Bea."
Matagal nang nasa Pilipinas si Baldwin at naitanim na sa puso nito ang bandila ng Pilipinas.,Matagal nang nasa Pilipinas si Baldwin at naitanim na sa puso nito ang bandila ng Pilipinas.
"Manny Pacquiao ang huling na-interview ni Kuya Boy nung nakaraang Biyernes, at mataas din ang viewership nito.","Manny Pacquiao ang huling na-interview ni Kuya Boy nung nakaraang Biyernes, at mataas din ang viewership nito."
"Kuwento ni Jillian, magkasama na sila ni Elijah sa mga commercial kahit hindi pa sila nag-aartista.","Kuwento ni Jillian, magkasama na sila ni Elijah sa mga commercial kahit hindi pa sila nag-aartista."
Nabawi na rin ng mga otoridad ang nawawalang wallet at Iphone 11 ng biktima sa tinutuluyang apartment ng suspek.,Nabawi na rin ng mga otoridad ang nawawalang wallet at Iphone 11 ng biktima sa tinutuluyang apartment ng suspek.
"Sa ngayon, aabutin ka ng libu-libo para lang makakuha ng COVID-19 test sa Pilipinas, dahilan para hindi na lang magpa-test ang ilan kahit na nakararamdam na ng sintomas o na-expose.","Sa ngayon, aabutin ka ng libu-libo para lang makakuha ng COVID-19 test sa Pilipinas, dahilan para hindi na lang magpa-test ang ilan kahit na nakararamdam na ng sintomas o na-expose."
"Ang sabi nila, lumaki ang utang dahil sa COVID-19 response.","Ang sabi nila, lumaki ang utang dahil sa COVID-19 response."
Nakatakda ang 2023 Cambodia SEA Games sa Mayo 5 hanggang 17 kung saan hangad ng tinatawag na É??Redeem TeamÉ?? na mabawi ang nawalang korona laban sa Indonesia sa Vietnam edition noong nakalipas na taon.,Nakatakda ang 2023 Cambodia SEA Games sa Mayo 5 hanggang 17 kung saan hangad ng tinatawag na É??Redeem TeamÉ?? na mabawi ang nawalang korona laban sa Indonesia sa Vietnam edition noong nakalipas na taon.
"Ay pakikilala kita sa magulang, naku, siguro ano na to.","Ay pakikilala kita sa magulang, naku, siguro ano na to."
"Pero nang patuloy na nahihirapan ang pamangkin, ginawa na niya ang ginagawa sa mga batang nabubulunan.","Pero nang patuloy na nahihirapan ang pamangkin, ginawa na niya ang ginagawa sa mga batang nabubulunan."
Si Hontiveros ang nagprisenta ng testigo sa Senado na isang lalaking manggagawa na nauna nang nagbunyag na binago nila ang expiration date ng mga face shield na dinala ng Pharmally sa Department of Health (DOH) noong nagdaang taon.,Si Hontiveros ang nagprisenta ng testigo sa Senado na isang lalaking manggagawa na nauna nang nagbunyag na binago nila ang expiration date ng mga face shield na dinala ng Pharmally sa Department of Health (DOH) noong nagdaang taon.
Diretso na ang mga kumalat na isyung baluktot.,Diretso na ang mga kumalat na isyung baluktot.
"Na coral reef area, 3, 339 species ng isda na maaaring makita, 35 snorkeling tours na mayroon ang 7, 640 na isla ng bansa.","Na coral reef area, 3, 339 species ng isda na maaaring makita, 35 snorkeling tours na mayroon ang 7, 640 na isla ng bansa."
"Siguro nga gusto na rin niya ng kasama sa buhay, at nakikita niya rin na parang mas maganda para sa dalawang anak na lalaki ang meron father figure sa tabi nila.","Siguro nga gusto na rin niya ng kasama sa buhay, at nakikita niya rin na parang mas maganda para sa dalawang anak na lalaki ang meron father figure sa tabi nila."
Huwebes lang nang atasan nila ang Nationa Bureau of Investigation na simulang silipin ang pagkamatay ni Dolorosa habang nakikipag-ugnayan ang DOJ sa Bacolod City government at Philippine National Police sa pangangalap ng impormasyon.,Huwebes lang nang atasan nila ang Nationa Bureau of Investigation na simulang silipin ang pagkamatay ni Dolorosa habang nakikipag-ugnayan ang DOJ sa Bacolod City government at Philippine National Police sa pangangalap ng impormasyon.
Natatakot kasi ako mag-hello sa kanya kasi baka isipin nya feeling close ako.,Natatakot kasi ako mag-hello sa kanya kasi baka isipin nya feeling close ako.
"Mababa po ang posibilidad na magkaroon ng allergy or severe allergy sa bakunang ito, dagdag ni Domingo.","Mababa po ang posibilidad na magkaroon ng allergy or severe allergy sa bakunang ito, dagdag ni Domingo."
Nagpakita rin siya ng kaunting skin sa kaniyang photoshoot na may temang pagka-vintage na kinunan ng kilalang fashion photographer na si Shaira Luna.,Nagpakita rin siya ng kaunting skin sa kaniyang photoshoot na may temang pagka-vintage na kinunan ng kilalang fashion photographer na si Shaira Luna.
Kaya sinubukan ni Kristian ang camouflage tattoo at malaki na ang kanyang pinagbago matapos ang kanyang pang-apat na session.,Kaya sinubukan ni Kristian ang camouflage tattoo at malaki na ang kanyang pinagbago matapos ang kanyang pang-apat na session.
Sino ba ang nagkukuwento na pinababayaan lang silang mag-ina nung male personality?,Sino ba ang nagkukuwento na pinababayaan lang silang mag-ina nung male personality?
Pinagbabaril hanggang sa mapatay ng riding-in-tandem ang isang barangay chairman at president ng Association of Barangay Captains (ABC)sa labas ng barangay hall noong Huwebes ng hapon sa lalawigan ng Capiz.,Pinagbabaril hanggang sa mapatay ng riding-in-tandem ang isang barangay chairman at president ng Association of Barangay Captains (ABC)sa labas ng barangay hall noong Huwebes ng hapon sa lalawigan ng Capiz.
"Ayon kay Vega, kaagad siyang bumaba ng motorsiklo at pinuntahan niya ang babae.Hinawakan.","Ayon kay Vega, kaagad siyang bumaba ng motorsiklo at pinuntahan niya ang babae.Hinawakan."
Hindi pa nakakalayo ang biktima nang sundan na siya ng salarin at inagaw ang kaniyang bag.,Hindi pa nakakalayo ang biktima nang sundan na siya ng salarin at inagaw ang kaniyang bag.
Pagtalon ng biktima sa 7 feet na lalim ng swimming pool ay hindi na ito lumutang at nang tingnan ng mga kaibigan ay nasa ilalim ito ng tubig at wala ng malay.,Pagtalon ng biktima sa 7 feet na lalim ng swimming pool ay hindi na ito lumutang at nang tingnan ng mga kaibigan ay nasa ilalim ito ng tubig at wala ng malay.
Nagkaroon din ng maikling progrma ang PNP kung saan ay ginawaran ng medalya ng kadakilaan ang limang nasawing pulis.,Nagkaroon din ng maikling progrma ang PNP kung saan ay ginawaran ng medalya ng kadakilaan ang limang nasawing pulis.
Bukod sa pagiging aktres sa harap ng kamera ay gusto namang subukan ni Meryll ngayon ang pagiging isang direktor.,Bukod sa pagiging aktres sa harap ng kamera ay gusto namang subukan ni Meryll ngayon ang pagiging isang direktor.
"Katuwa nga pala ang karamihan sa entertainment press dahil marami sa kanila ang excited na manood ng Virtually Yours, KilaboTitos.","Katuwa nga pala ang karamihan sa entertainment press dahil marami sa kanila ang excited na manood ng Virtually Yours, KilaboTitos."
"Pinadapa ng Meralco ang Ginebra, 90-73, sa eliminasyon noong Hulyo 13.","Pinadapa ng Meralco ang Ginebra, 90-73, sa eliminasyon noong Hulyo 13."
"Kaya nga sabi ko, GMA 'yung nagbigay sa akin no'n, yung nag-risk talaga, ani AndreaLBG, GMA News.","Kaya nga sabi ko, GMA 'yung nagbigay sa akin no'n, yung nag-risk talaga, ani AndreaLBG, GMA News."
"Sa ganitong yugto, nagiging mas makalilimutin na rin ang tao at paulit-ulit ang kaniyang pagtatanong, ngunit nagagawa pa rin nila ang karaniwang ginagawa niya.","Sa ganitong yugto, nagiging mas makalilimutin na rin ang tao at paulit-ulit ang kaniyang pagtatanong, ngunit nagagawa pa rin nila ang karaniwang ginagawa niya."
"Umaasa ang ating frontliners na makakagawa ng paraan ang gobyerno para ibigay na ang benepisyong para sa kanila habang matiyaga silang nag-aalaga sa may sakit, sabi nito.","Umaasa ang ating frontliners na makakagawa ng paraan ang gobyerno para ibigay na ang benepisyong para sa kanila habang matiyaga silang nag-aalaga sa may sakit, sabi nito."
"Pero rito sa kaso ni Salve kay Dina, nagtataka ako na hanggang ngayon pala hindi pa natatapos, ilang taon na yun at nag-pandemic na.","Pero rito sa kaso ni Salve kay Dina, nagtataka ako na hanggang ngayon pala hindi pa natatapos, ilang taon na yun at nag-pandemic na."
May mga pribadong ospital na rin ang nagsimula ng COVID-19 home program kung saan maaari nang hindi pumunta sa ospital ang itinuturing na suspected COVID-19 case pa lang o may mild symptoms.,May mga pribadong ospital na rin ang nagsimula ng COVID-19 home program kung saan maaari nang hindi pumunta sa ospital ang itinuturing na suspected COVID-19 case pa lang o may mild symptoms.
Nilapitan siya ng fan na gigil sa kaniyang karakter na si Trixie.,Nilapitan siya ng fan na gigil sa kaniyang karakter na si Trixie.
"Dahil dito, tinatapos na ni Jane ang mga natitira niyang eksena sa FPJs Ang Probinsyano, kung saan niya ginagampanan ang karakter ni Capt.","Dahil dito, tinatapos na ni Jane ang mga natitira niyang eksena sa FPJs Ang Probinsyano, kung saan niya ginagampanan ang karakter ni Capt."
Una nang sinabi ni Pimentel na dapat kapartido at hindi mula sa labas ang magiging pambato ng PDP-Laban sa 2022 elections.,Una nang sinabi ni Pimentel na dapat kapartido at hindi mula sa labas ang magiging pambato ng PDP-Laban sa 2022 elections.
"Caption ng singer-actress, na pinatutungkulan ang hit song niyang ""Bakit Pa?","Caption ng singer-actress, na pinatutungkulan ang hit song niyang ""Bakit Pa?"
"Darating din naman siguro ang panahon na magkakasundo sila, at hindi natin kailangang pakialaman iyon.","Darating din naman siguro ang panahon na magkakasundo sila, at hindi natin kailangang pakialaman iyon."
Agad na nagsagawa ng follow-up ang Tagaytay City Police at sa tulong ng misis nito ay natunton ang pinagtataguan ng suspek na nagtago sa bahay ng kanyang kapatid sa Las Pi?Òas City.,Agad na nagsagawa ng follow-up ang Tagaytay City Police at sa tulong ng misis nito ay natunton ang pinagtataguan ng suspek na nagtago sa bahay ng kanyang kapatid sa Las Pi?Òas City.
"At kahapon, officially ay nag-withdraw na siya ng kanyang candidacy.","At kahapon, officially ay nag-withdraw na siya ng kanyang candidacy."
"Sabi pa niya, nabawasan ng mga taong pumapasok sa mga kongregasyon para magpari o madre noong magkapandemya.","Sabi pa niya, nabawasan ng mga taong pumapasok sa mga kongregasyon para magpari o madre noong magkapandemya."
Pinasusuri rin ang accessiblity ng mga kalsada at pinaghahanda ang mga nabanggit kung sakaling magkaroon ng mga panibagong pagkaligalig.,Pinasusuri rin ang accessiblity ng mga kalsada at pinaghahanda ang mga nabanggit kung sakaling magkaroon ng mga panibagong pagkaligalig.
Si Manoy ay ang namayapang si Eddie Garcia na talagang noon pa man ay nagdadala nitong partylist.,Si Manoy ay ang namayapang si Eddie Garcia na talagang noon pa man ay nagdadala nitong partylist.
"Sa pag-aaral na inilabas noong Pebrero 2021, nabatid na ang mga Pinoy ay umuubos ng average na apat na oras at 15 minuto kada araw sa social media na mas mataas sa tatlong oras at 53 minuto noong 2020.","Sa pag-aaral na inilabas noong Pebrero 2021, nabatid na ang mga Pinoy ay umuubos ng average na apat na oras at 15 minuto kada araw sa social media na mas mataas sa tatlong oras at 53 minuto noong 2020."
Nagdagdag si CJ McCollum ng 21 points para sa pag-akyat ng Portland (38-29) sa No. 6 spot sa West at ipinalasap ang ikalawang sunod na kabiguan ng Los Angeles.,Nagdagdag si CJ McCollum ng 21 points para sa pag-akyat ng Portland (38-29) sa No. 6 spot sa West at ipinalasap ang ikalawang sunod na kabiguan ng Los Angeles.
"Pagdating nila ng Dubai, dumalo sila sa ilang business meeting at namasyal sa mga mall at parke.","Pagdating nila ng Dubai, dumalo sila sa ilang business meeting at namasyal sa mga mall at parke."
"Patuloy sa pagtaas ang kaso ng dengue sa bansa matapos makapagtala ng mahigit 23,000 noong Hulyo 2022.","Patuloy sa pagtaas ang kaso ng dengue sa bansa matapos makapagtala ng mahigit 23,000 noong Hulyo 2022."
Maluha-luha namang tinanggap ni Edimar ang pagtulong ng mga bumubuo ng palabas.,Maluha-luha namang tinanggap ni Edimar ang pagtulong ng mga bumubuo ng palabas.
"Sa gitna ng kanilang umpukan, tila inaasahan nilang may sasakyan na titigil sa kanilang tapat upang mag-abot ng tulong gaya ng pagkain.","Sa gitna ng kanilang umpukan, tila inaasahan nilang may sasakyan na titigil sa kanilang tapat upang mag-abot ng tulong gaya ng pagkain."
Sinusubukan pang makukuhanan ng pahayag ang drayber ng bus at pamilya ng nasawing biktima ukol sa insidente.,Sinusubukan pang makukuhanan ng pahayag ang drayber ng bus at pamilya ng nasawing biktima ukol sa insidente.
"So malalaman din naman nila, anang Kapuso hunk.","So malalaman din naman nila, anang Kapuso hunk."
Lumitaw sa record ng BTr na umakyat ng P331.1.,Lumitaw sa record ng BTr na umakyat ng P331.1.
Maganda rin kasing balikan natin ang hit songs noon na pinasikat nila.,Maganda rin kasing balikan natin ang hit songs noon na pinasikat nila.
"Sabi naman ni Blaster Salonga ng IV of Spades, Kailanman hindi mangyayari ito, ngayon pa lang ay sinusunog ko na ang tulay.","Sabi naman ni Blaster Salonga ng IV of Spades, Kailanman hindi mangyayari ito, ngayon pa lang ay sinusunog ko na ang tulay."
"Anyway, fast forward tayo, kamakailan lang, nabuking ng misis ni premyadong aktor na hanggang ngayon pala ay karelasyon pa niya ang nasabing FA.","Anyway, fast forward tayo, kamakailan lang, nabuking ng misis ni premyadong aktor na hanggang ngayon pala ay karelasyon pa niya ang nasabing FA."
"Base sa sumbong ng mga biktimang sina Evelyn, 16; Princess, 14 at Dave Vertucio, 21, kasalukuyan silang nagdya-jogging sa may C-6 Road nang harangin sila ng suspek na sakay ng Mio Yamaha na kulay gray at nagpakilalang pulis.","Base sa sumbong ng mga biktimang sina Evelyn, 16; Princess, 14 at Dave Vertucio, 21, kasalukuyan silang nagdya-jogging sa may C-6 Road nang harangin sila ng suspek na sakay ng Mio Yamaha na kulay gray at nagpakilalang pulis."
Ikinuwento ni Janna na mayroon din siyang naririnig.,Ikinuwento ni Janna na mayroon din siyang naririnig.
"Hindi rin nawala ang pagpapakilig ni Lloydie sa mga linya niyang ""Muntik ka nang ma-fall"" at ""Gusto mo lang akong maka-date, no?""","Hindi rin nawala ang pagpapakilig ni Lloydie sa mga linya niyang ""Muntik ka nang ma-fall"" at ""Gusto mo lang akong maka-date, no?"""
Tiniyak ni Dizon na magkakaroon ng mas malinaw na desisyon sa mga susunod na araw.,Tiniyak ni Dizon na magkakaroon ng mas malinaw na desisyon sa mga susunod na araw.
"Papaano namang magiging kay Billy Crawford ng premyo, e, nangangailangan din naman si Billy Crawford.","Papaano namang magiging kay Billy Crawford ng premyo, e, nangangailangan din naman si Billy Crawford."
Bong Revilla angnakahinga nang matiwasay dahil talagang kinarir niya nang todo ang pangangampanya sa Agimat partylist na ngayon pa lang sumali sa eleksyon.,Bong Revilla angnakahinga nang matiwasay dahil talagang kinarir niya nang todo ang pangangampanya sa Agimat partylist na ngayon pa lang sumali sa eleksyon.
Isa na rito ang pagsasagawa ng training camp sa Europa partikular na sa mga bansang may malalakas na teams upang mas lalo pang mahasa ang Pinoy cagers.,Isa na rito ang pagsasagawa ng training camp sa Europa partikular na sa mga bansang may malalakas na teams upang mas lalo pang mahasa ang Pinoy cagers.
"Sabi ko noon, my next tattoo will be my most memorable tattoo na hindi ko pagsisisihan, caption ni Aquino sa kaniyang video na ikinaantig ng netizens.","Sabi ko noon, my next tattoo will be my most memorable tattoo na hindi ko pagsisisihan, caption ni Aquino sa kaniyang video na ikinaantig ng netizens."
Nakasaad din sa Joint Memorandum na pinagbabawal ang online selling ng mga nasabing gamot maliban na lamang kung pinapayagan ng FDA.,Nakasaad din sa Joint Memorandum na pinagbabawal ang online selling ng mga nasabing gamot maliban na lamang kung pinapayagan ng FDA.
Kaya nag-decide silang magsama pa rin sa isang bubong.,Kaya nag-decide silang magsama pa rin sa isang bubong.
"Ang mga mayor, gaya ng mga pari at hukom, ay may kapangyarihang magkasal ng mga magsing-irog.","Ang mga mayor, gaya ng mga pari at hukom, ay may kapangyarihang magkasal ng mga magsing-irog."
Nang mag-isyu ng emergency use authorization sa Sinovac vaccine noong nakalipas na Pebrero ay hindi ito inirekomenda ng FDA para sa mga senior dahil sa kakulangan ng pag-aaral.,Nang mag-isyu ng emergency use authorization sa Sinovac vaccine noong nakalipas na Pebrero ay hindi ito inirekomenda ng FDA para sa mga senior dahil sa kakulangan ng pag-aaral.
"Bogtong, dito kamakalawa ng gabi.","Bogtong, dito kamakalawa ng gabi."
"Aniya, É??wala namang gustong magka-COVID pero kung kumakalam na ang sikmura ng iyong pamilya, hahayaan mo na lang ba, lalo na kung ikaw ay isang ama at asawaÉ?ù?","Aniya, É??wala namang gustong magka-COVID pero kung kumakalam na ang sikmura ng iyong pamilya, hahayaan mo na lang ba, lalo na kung ikaw ay isang ama at asawaÉ?ù?"
"Makikita rin ang sa lugar na tila may reception ng kasal na ginaganap base sa outfit ng ilang bisita, set up ng lugar, pati na rin ang party music na pinatutugtog.","Makikita rin ang sa lugar na tila may reception ng kasal na ginaganap base sa outfit ng ilang bisita, set up ng lugar, pati na rin ang party music na pinatutugtog."
"Iniintriga kasi ang pagpunta ng Megastar sa New York City, USA para i-surprise visit ang kapatid ni KC na si Frankie Pangilinan na kasalukuyang nag-aaral doon.","Iniintriga kasi ang pagpunta ng Megastar sa New York City, USA para i-surprise visit ang kapatid ni KC na si Frankie Pangilinan na kasalukuyang nag-aaral doon."
"Kinilala ng Bontoc-PNP ang mga nasugatang sina Banayan Saowad, 66; Betty Fararao, 65; Rosita Awingan, 65, kabilang ang driver ng jeep na si Clifford Chamkas, 46, pawang residente ng Barangay Dalican sa nasabing bayan.","Kinilala ng Bontoc-PNP ang mga nasugatang sina Banayan Saowad, 66; Betty Fararao, 65; Rosita Awingan, 65, kabilang ang driver ng jeep na si Clifford Chamkas, 46, pawang residente ng Barangay Dalican sa nasabing bayan."
Ang bongga lang dahil sa interbyung yon ni Toni kay Maricar ay nabanggit niyang from cover to cover ay binasa talaga niya ang libro ng Kapamilya actress na isang taon pa lang sa showbiz industry ay dumaan na sa matinding intriga dahil sa sex scandal videos nito na kumalat.,Ang bongga lang dahil sa interbyung yon ni Toni kay Maricar ay nabanggit niyang from cover to cover ay binasa talaga niya ang libro ng Kapamilya actress na isang taon pa lang sa showbiz industry ay dumaan na sa matinding intriga dahil sa sex scandal videos nito na kumalat.
Ang mga HEIs naman na naglalayong mag-operate ng graduate at undergraduate programs sa pamamagitan ng distance learning ay dapat na humingi muna ng pahintulot mula sa CHED.,Ang mga HEIs naman na naglalayong mag-operate ng graduate at undergraduate programs sa pamamagitan ng distance learning ay dapat na humingi muna ng pahintulot mula sa CHED.
Iginiit ni Salceda na ang mga imported na prutas ay banta sa kabuhayan ng mga lokal na magsasaka.,Iginiit ni Salceda na ang mga imported na prutas ay banta sa kabuhayan ng mga lokal na magsasaka.
Si Arci ay matagal-tagal na rin na nasa Tate samantalang si Piolo ay nagpunta roon last week pagkatapos ng cycle 2 ng lock-in taping nila ni Lovi Poe ng Flower of Evil ng ABS-CBN.,Si Arci ay matagal-tagal na rin na nasa Tate samantalang si Piolo ay nagpunta roon last week pagkatapos ng cycle 2 ng lock-in taping nila ni Lovi Poe ng Flower of Evil ng ABS-CBN.
"Oo nga at may mga dating box office stars na sumali, pero hindi na rin naman kasi sila ganoon kasikat ngayon eh.","Oo nga at may mga dating box office stars na sumali, pero hindi na rin naman kasi sila ganoon kasikat ngayon eh."
Kabilang sa mga kasong hindi na iimbestigahan ng DOJ ay nangyari noon pang 2002.,Kabilang sa mga kasong hindi na iimbestigahan ng DOJ ay nangyari noon pang 2002.
"Hindi man daw sila nagkausap ni Kuya Kim bago ito lumipat sa GMA 7, pero nung dumating daw siya galing sa ilang buwang bakasyon sa kanyang pamilya sa Australia, nagkita raw silang dalawa at nagkausap.","Hindi man daw sila nagkausap ni Kuya Kim bago ito lumipat sa GMA 7, pero nung dumating daw siya galing sa ilang buwang bakasyon sa kanyang pamilya sa Australia, nagkita raw silang dalawa at nagkausap."
"Baka nga mas marami pang kagulat-gulat na reveal sa October pag nag-declare na lahat ng candidacy, doon na natin mababasa ang pangalan ng lahat ng sasali sa eleksyon at kung anong position.","Baka nga mas marami pang kagulat-gulat na reveal sa October pag nag-declare na lahat ng candidacy, doon na natin mababasa ang pangalan ng lahat ng sasali sa eleksyon at kung anong position."
"Kabilang sa mga prayoridad na sektor ay ang edukasyon, imprastraktura, kalusugan, agrikultura at social safety nets.","Kabilang sa mga prayoridad na sektor ay ang edukasyon, imprastraktura, kalusugan, agrikultura at social safety nets."
"Ayon kay Gatchalian, ang hakbang ay reaksyon sa lumabas na survey ng Social Weather Stations (SWS) noog nagdaang buwan na nagsasabing may 3 milyong pamilya ay nakakaranas ng kagutuman.","Ayon kay Gatchalian, ang hakbang ay reaksyon sa lumabas na survey ng Social Weather Stations (SWS) noog nagdaang buwan na nagsasabing may 3 milyong pamilya ay nakakaranas ng kagutuman."
Gusto nilang ipakita na malakas pa ang following ng kanilang anime.,Gusto nilang ipakita na malakas pa ang following ng kanilang anime.
"Binigyang importansyta ni Mayor Domagoso ang pagkakaroon ng helipad para sa emergency cases mula sa labas ng Manila o vice-versa, dahil hindi sa lahat ng pagkakataon ay maaring umasa lamang sa mga ambulance sa mga hindi inaasahang pagkakataon.","Binigyang importansyta ni Mayor Domagoso ang pagkakaroon ng helipad para sa emergency cases mula sa labas ng Manila o vice-versa, dahil hindi sa lahat ng pagkakataon ay maaring umasa lamang sa mga ambulance sa mga hindi inaasahang pagkakataon."
"Ani Cruz, hindi lang sa pag-transport ng mga relief goods ng Pitmaster kundi malaking tulong din ang mga Marines sa pagre-repack ng mga pagkain at hygiene kits para sa initial target namin na 100,000 families sa Surigao, Bohol, Negros at Palawan.","Ani Cruz, hindi lang sa pag-transport ng mga relief goods ng Pitmaster kundi malaking tulong din ang mga Marines sa pagre-repack ng mga pagkain at hygiene kits para sa initial target namin na 100,000 families sa Surigao, Bohol, Negros at Palawan."
Wala pang balita kung kinubra ng nanalo ang kanang premyo.,Wala pang balita kung kinubra ng nanalo ang kanang premyo.
"Sabi ko nga, gagawa ng paraan ang Diyos basta maganda ang hangarin mo,É?ù pagtatapos ng binata.","Sabi ko nga, gagawa ng paraan ang Diyos basta maganda ang hangarin mo,É?ù pagtatapos ng binata."
"Sa mga opisyal at tauhan ng kagawaran bilang tugon sa panawagan ng Twitter user na si Carin Alexandria, na tulungan siyang mapabilis ang pagpapalabas sa passport ng kanyang anak.","Sa mga opisyal at tauhan ng kagawaran bilang tugon sa panawagan ng Twitter user na si Carin Alexandria, na tulungan siyang mapabilis ang pagpapalabas sa passport ng kanyang anak."
Nagtala si Ompod ng 95.0.,Nagtala si Ompod ng 95.0.
Inaalam pa ng awtoridad kung saan nakuha ng isang residente sa Maconacon ang virus gayong wala naman siyang travel history.,Inaalam pa ng awtoridad kung saan nakuha ng isang residente sa Maconacon ang virus gayong wala naman siyang travel history.
"At dahil dito, ang mga highest-ranked boxers lamang ng Asia-Oceana, Americas, Europe at Africa ang bibigyan ng Olympic spot.","At dahil dito, ang mga highest-ranked boxers lamang ng Asia-Oceana, Americas, Europe at Africa ang bibigyan ng Olympic spot."
"Mabagsik ang College of Saint Benilde nang matikas nitong payukuin ang Lyceum of the Philippines University, 25-21, 25-8, 25-13, para hablutin ang kanilang ikalawang sunod na panalo sa NCAA Season 97 womens volleyball tournament kahapon sa Paco Arena.","Mabagsik ang College of Saint Benilde nang matikas nitong payukuin ang Lyceum of the Philippines University, 25-21, 25-8, 25-13, para hablutin ang kanilang ikalawang sunod na panalo sa NCAA Season 97 womens volleyball tournament kahapon sa Paco Arena."
"Ipinaliwanag ng korte na sa isang controlled delivery, ang designation o pagtanggap ng package na naglalaman ng iligal na bagay ay hindi sapat upang patunayan na ang tatanggap ay sangkot sa isang unlawful activities.","Ipinaliwanag ng korte na sa isang controlled delivery, ang designation o pagtanggap ng package na naglalaman ng iligal na bagay ay hindi sapat upang patunayan na ang tatanggap ay sangkot sa isang unlawful activities."
Magiging live rin ito sa GLife ng GCash app simula Mayo 28.,Magiging live rin ito sa GLife ng GCash app simula Mayo 28.
"Apat na ulit nang nagdaos ng nationwide vaccination drive ang pamahalaan, na tinawag na É??Bayanihan, Bakunahan,É?ù sa layuning mas maraming mamamayan ang maprotektahan laban sa COVID-19.","Apat na ulit nang nagdaos ng nationwide vaccination drive ang pamahalaan, na tinawag na É??Bayanihan, Bakunahan,É?ù sa layuning mas maraming mamamayan ang maprotektahan laban sa COVID-19."
"Ayon sa Paradigm, ito ang opisyal na mag-aanunsiyo sa susunod na laban ni Pacquiao.","Ayon sa Paradigm, ito ang opisyal na mag-aanunsiyo sa susunod na laban ni Pacquiao."
Iginiit din ni San Agustin na mahalaga rin ang magpakonsulta sa tamang espesyalista at huwag maniwala sa mga haka-haka.,Iginiit din ni San Agustin na mahalaga rin ang magpakonsulta sa tamang espesyalista at huwag maniwala sa mga haka-haka.
"Sunod nang nagka-COVID-19 ang ina, ang bunsong 1-anyos, at yaya ng mga bata.","Sunod nang nagka-COVID-19 ang ina, ang bunsong 1-anyos, at yaya ng mga bata."
Desisyon anya ng partido ang pagkaka-endorso kay Marcos at dumaan ito sa mga konsultasyon.,Desisyon anya ng partido ang pagkaka-endorso kay Marcos at dumaan ito sa mga konsultasyon.
"Ang champion team ng first leg ay tatanggap ng P100,000 at ang second at third-placers ay may P50,000 at P30,000, ayon sa pagkakasunod.","Ang champion team ng first leg ay tatanggap ng P100,000 at ang second at third-placers ay may P50,000 at P30,000, ayon sa pagkakasunod."
Nais ko sanang humingi ng tawad.,Nais ko sanang humingi ng tawad.
Totoo na sayang at nag-uumpisa pa lang sa kanyang showbiz career si Joaquin pero mas pangit naman na ilihim ang isang inosenteng bata.,Totoo na sayang at nag-uumpisa pa lang sa kanyang showbiz career si Joaquin pero mas pangit naman na ilihim ang isang inosenteng bata.
Nang silipin ay nagulantang sila nang makita ang isang patay na babae sa backseat ng kotse.,Nang silipin ay nagulantang sila nang makita ang isang patay na babae sa backseat ng kotse.
"Pero kapag nawala aniya at tumaas ang mobility ay maaaring tumaas muli ang aktibong kaso sa buong Pilipinas sa 52,393.","Pero kapag nawala aniya at tumaas ang mobility ay maaaring tumaas muli ang aktibong kaso sa buong Pilipinas sa 52,393."
"Hindi naman tinukoy ng kalihim kung ilan ang bilang ng mga refugees subalit sinabi nitong welcome ang mga Afghan nationals sa bansa na gustong makatakas sa kaguluhan, pang-aabuso at kamatayan sa kanilang lugar.","Hindi naman tinukoy ng kalihim kung ilan ang bilang ng mga refugees subalit sinabi nitong welcome ang mga Afghan nationals sa bansa na gustong makatakas sa kaguluhan, pang-aabuso at kamatayan sa kanilang lugar."
"Naka-relate naman si Iya sa kuwento ni Lexi, dahil siya rin daw ang gumawa noon ng hakbang para mapalapit sa asawa na niya ngayong si Drew Arellano.","Naka-relate naman si Iya sa kuwento ni Lexi, dahil siya rin daw ang gumawa noon ng hakbang para mapalapit sa asawa na niya ngayong si Drew Arellano."
"Lahat nagsasabi na yung dalawang anak ng mga Dantes, sina Zia at Ziggy, mukhang talagang papunta sa showbiz, dahil mga bata pa ay ang gaganda at puno na ng energy.","Lahat nagsasabi na yung dalawang anak ng mga Dantes, sina Zia at Ziggy, mukhang talagang papunta sa showbiz, dahil mga bata pa ay ang gaganda at puno na ng energy."
"Sa naturang episode, ibinahagi ni Hidilyn ang kaniyang mga sakripisyo sa pagsasanay at ang unti-unting pag-abot sa kaniyang mga pangarap bilang isang atleta na magbibigay ng karangalan sa bansa.","Sa naturang episode, ibinahagi ni Hidilyn ang kaniyang mga sakripisyo sa pagsasanay at ang unti-unting pag-abot sa kaniyang mga pangarap bilang isang atleta na magbibigay ng karangalan sa bansa."
Kung saan mahigit 700 katao ang nasawi at libu-libo ang nasaktan o sugatan.,Kung saan mahigit 700 katao ang nasawi at libu-libo ang nasaktan o sugatan.
May pinansiyal na problemado rin umano si Depp at humingi ito ng $20 million sa kanilang agency noong January 2016.,May pinansiyal na problemado rin umano si Depp at humingi ito ng $20 million sa kanilang agency noong January 2016.
"Hindi ko nga alam kung alam nina Vhong Kasi nung nag-uusap-usap tayo, sinabi ninyong lahat, hindi rin ninyo alam di ba?","Hindi ko nga alam kung alam nina Vhong Kasi nung nag-uusap-usap tayo, sinabi ninyong lahat, hindi rin ninyo alam di ba?"
"Tinanong muna ni Lea?Òo kung nagsasama ba si Jenny at ng kaniyang ex-boyfriend, bagay na itinanggi ng babae.","Tinanong muna ni Lea?Òo kung nagsasama ba si Jenny at ng kaniyang ex-boyfriend, bagay na itinanggi ng babae."
Paulit-ulit umanong tinanong ng Majority leader ang kanyang apat na kaibigan kung sigurado sila na si Teves ang nakikita nilang kumakain sa naturang lugar at kinupirma naman nila.,Paulit-ulit umanong tinanong ng Majority leader ang kanyang apat na kaibigan kung sigurado sila na si Teves ang nakikita nilang kumakain sa naturang lugar at kinupirma naman nila.
"Dalawa pang kasama ni Roldan sa sinasakyan nitong jeep, kabilang ang isang batang babae, ang nasawi rin nang mahulog sa bangin ang kanilang sasakyan.","Dalawa pang kasama ni Roldan sa sinasakyan nitong jeep, kabilang ang isang batang babae, ang nasawi rin nang mahulog sa bangin ang kanilang sasakyan."
"Maraming information na dumadating sa amin, maraming trolls na nag-operate para siraan yong mga posibleng mga makakalaban hindi lang limitado sa amin kundi pati sa mga ibang hindi aligned sa administrasyon, pahayag ni Lacson sa online interview ng mga reporter.","Maraming information na dumadating sa amin, maraming trolls na nag-operate para siraan yong mga posibleng mga makakalaban hindi lang limitado sa amin kundi pati sa mga ibang hindi aligned sa administrasyon, pahayag ni Lacson sa online interview ng mga reporter."
"Inulat ng gallery sa pulisya ang insidente pero hindi nagsagawa ng imbestigasyon ang pulisya dahil itinuring na ""insignificant"" ang halaga ng pinsala na aabot sa 250,000 rubles o $3,300.","Inulat ng gallery sa pulisya ang insidente pero hindi nagsagawa ng imbestigasyon ang pulisya dahil itinuring na ""insignificant"" ang halaga ng pinsala na aabot sa 250,000 rubles o $3,300."
"Kaugnay pa rin ng COVID-19 pandemic, kinumpirma naman ng Department of Education na nakabalik na sa mahigit 26 milyon, gaya noong 2020, ang enrolment sa mga K-12 schools.","Kaugnay pa rin ng COVID-19 pandemic, kinumpirma naman ng Department of Education na nakabalik na sa mahigit 26 milyon, gaya noong 2020, ang enrolment sa mga K-12 schools."
Sinabi rin ng Pangulo na natupad niya ang pangako na aayusin ang libreng irigasyon at sapat na suplay ng malinis at murang tubig na kinakailangan ng mga mamamayan.,Sinabi rin ng Pangulo na natupad niya ang pangako na aayusin ang libreng irigasyon at sapat na suplay ng malinis at murang tubig na kinakailangan ng mga mamamayan.
"Napunta ang puso ng sanggol sa isa ring baby mula sa San Diego, California, habang ang kanyang atay at bato ay kasama rin sa nai-donate para gumaling ang ibang pasyente.","Napunta ang puso ng sanggol sa isa ring baby mula sa San Diego, California, habang ang kanyang atay at bato ay kasama rin sa nai-donate para gumaling ang ibang pasyente."
"É??May mga tao na talagang ginamit si Lord, natuloy siya.","É??May mga tao na talagang ginamit si Lord, natuloy siya."
Tawa nang tawang pagtatapos ng makyondi rin naming source.,Tawa nang tawang pagtatapos ng makyondi rin naming source.
Sa ilalim ng Senate Bill 2123 o tinawag na Expan-ded Stimulus Package Act of 2021 ay maglalaan ang pamahalaan ng P335 bilyon na karagdagang pondo.,Sa ilalim ng Senate Bill 2123 o tinawag na Expan-ded Stimulus Package Act of 2021 ay maglalaan ang pamahalaan ng P335 bilyon na karagdagang pondo.
At bongga nga pala itong si AJ Raval na walang kiyeme sa hubaran.,At bongga nga pala itong si AJ Raval na walang kiyeme sa hubaran.
"Hindi reklamo ang mag-aahon sa atin sa kahirapan, kundi ang pananampalataya, pagtitiwala sa Diyos, at pagsisikap.","Hindi reklamo ang mag-aahon sa atin sa kahirapan, kundi ang pananampalataya, pagtitiwala sa Diyos, at pagsisikap."
"Dagdag ng BSP, bumaba rin ang GIR dahil nagmura ang presyo ng ginto sa international market kaya bumaba ang halaga ng gintong pinanghahawakan nito.","Dagdag ng BSP, bumaba rin ang GIR dahil nagmura ang presyo ng ginto sa international market kaya bumaba ang halaga ng gintong pinanghahawakan nito."
Kamakailan lang ay pinag-usapan itong si showbiz gay na namataan sa labas ng isang kilalang university na inaabangan ang paglabas ng isang kilalang basketball player doon.,Kamakailan lang ay pinag-usapan itong si showbiz gay na namataan sa labas ng isang kilalang university na inaabangan ang paglabas ng isang kilalang basketball player doon.
Ilang kadikit umano ni Mayor Isko ang lantarang tumutol sa planong pagtakbo ng huli sa pagka-presidente dahil alam nilang hindi mananalo si Vice Mayor Honey Lacuna kung ito ang itutulak nilang kumandidato sa pagka-mayor.,Ilang kadikit umano ni Mayor Isko ang lantarang tumutol sa planong pagtakbo ng huli sa pagka-presidente dahil alam nilang hindi mananalo si Vice Mayor Honey Lacuna kung ito ang itutulak nilang kumandidato sa pagka-mayor.
"Yong hindi natuloy na pagpapadala ng bakuna noong Lunes mula sa AstraZZene??ca ay meron nang liham na darating na sana bukas ng gabi yong 487,200 doses, sabi ni Go.","Yong hindi natuloy na pagpapadala ng bakuna noong Lunes mula sa AstraZZene??ca ay meron nang liham na darating na sana bukas ng gabi yong 487,200 doses, sabi ni Go."
"Huwag na nating hintayin na maghingalo pa ang ating mga ospital at mahirapan pa ang ating mga nars at doktor bago umaksyon, ayon kay Hontiveros.","Huwag na nating hintayin na maghingalo pa ang ating mga ospital at mahirapan pa ang ating mga nars at doktor bago umaksyon, ayon kay Hontiveros."
"Parang kelan lang iyon, ngayon malapit nang matapos ang nine days.","Parang kelan lang iyon, ngayon malapit nang matapos ang nine days."
"Sa hiwalay na panayam, sinabi ni Magalong na hindi na siya nagulat sa naging hakbang at nominasyon sa kanya dahil may alam na siya patungkol sa mga ilang pulis na sangkot sa droga.","Sa hiwalay na panayam, sinabi ni Magalong na hindi na siya nagulat sa naging hakbang at nominasyon sa kanya dahil may alam na siya patungkol sa mga ilang pulis na sangkot sa droga."
"Ayon kay Datu Saudi Ampatuan IP Mandatory Representative Bello Jovel Tenorio, dakong alas-3 ng hapon nang maganap ang insidente sa bahay ng biktima sa nasabing lugar.","Ayon kay Datu Saudi Ampatuan IP Mandatory Representative Bello Jovel Tenorio, dakong alas-3 ng hapon nang maganap ang insidente sa bahay ng biktima sa nasabing lugar."
"Sa paliwanag ng DPWH, maaari daw na nasira ang bahagi ng kalsada sa dami ng mga sasakyang dumadaan doon.","Sa paliwanag ng DPWH, maaari daw na nasira ang bahagi ng kalsada sa dami ng mga sasakyang dumadaan doon."
"Sa mga nagdasal para kay Dad, maraming salamat.","Sa mga nagdasal para kay Dad, maraming salamat."
"Ibat ibang grupo na nga ang umaapela na sakopin na ng nasabing ahensiya ng pamahalaan ang movies, programs, and videos na ipinalalabas sa ibat ibang streaming platforms na ang sabi nga ng ibang mga magulang ay panahon na.","Ibat ibang grupo na nga ang umaapela na sakopin na ng nasabing ahensiya ng pamahalaan ang movies, programs, and videos na ipinalalabas sa ibat ibang streaming platforms na ang sabi nga ng ibang mga magulang ay panahon na."
Binibigyan ng sugary water ang mga bubuyog bilang pabuya kapag nakapagbigay sila ng sample na infected ng COVID-19.,Binibigyan ng sugary water ang mga bubuyog bilang pabuya kapag nakapagbigay sila ng sample na infected ng COVID-19.
Ang pagsuway sa payo ng ating mga magulang ay isang malinaw na indikasyon na hindi tayo natatakot sa ating ama at ina.,Ang pagsuway sa payo ng ating mga magulang ay isang malinaw na indikasyon na hindi tayo natatakot sa ating ama at ina.
"Pero ngayon ibinalik sa kanya, perfect timing siya sabi nung team nung inuming nakakataranta na ngayon niya tinanggap kasi napapanahon at reding-ready na siya kaya esaktong-esakto, nakangiting tsika ni Romel.","Pero ngayon ibinalik sa kanya, perfect timing siya sabi nung team nung inuming nakakataranta na ngayon niya tinanggap kasi napapanahon at reding-ready na siya kaya esaktong-esakto, nakangiting tsika ni Romel."
Limitado Lang nman bumuboto Dyan..Hindi.,Limitado Lang nman bumuboto Dyan..Hindi.
"Tungkol sa appointment ni Erwin bilang DSWD secretary, sinabi ni Senate President Miguel Zubiri na wala pang sapat na ebidensya si Erwin para masabing hindi na siya American citizen.","Tungkol sa appointment ni Erwin bilang DSWD secretary, sinabi ni Senate President Miguel Zubiri na wala pang sapat na ebidensya si Erwin para masabing hindi na siya American citizen."
Sumisilip din ang nakagapang na bulubunduking lugar sa Mindoro.,Sumisilip din ang nakagapang na bulubunduking lugar sa Mindoro.
"Ayon kay Trisha, sinabi ng kaniyang ama, isang project engineer, na kaagad daw silang umalis ng mga kasamahang OFW sa kanilang kompanya nang makontrol na ng Taliban ang Afghanistan.","Ayon kay Trisha, sinabi ng kaniyang ama, isang project engineer, na kaagad daw silang umalis ng mga kasamahang OFW sa kanilang kompanya nang makontrol na ng Taliban ang Afghanistan."
Inilawan daw ito ng mga bata at may napansin silang parte ng katawan ng tao.,Inilawan daw ito ng mga bata at may napansin silang parte ng katawan ng tao.
Agad din umanong inilabas ng mga suspek ang biktima at dinala sa nirerentahang bahay sa may Brgy.,Agad din umanong inilabas ng mga suspek ang biktima at dinala sa nirerentahang bahay sa may Brgy.
Layunin umano nito na alamin kung kailangan ba talagang mag-angkat ng asukal at kung makakaapekto ba ito sa panahon ng anihan sa Setyembre.,Layunin umano nito na alamin kung kailangan ba talagang mag-angkat ng asukal at kung makakaapekto ba ito sa panahon ng anihan sa Setyembre.
Pero pinili pa rin niya ang ibang way na nakakatulong naman siya na hindi na niya kailangang pumunta sa posisyon na to.,Pero pinili pa rin niya ang ibang way na nakakatulong naman siya na hindi na niya kailangang pumunta sa posisyon na to.
"Aabot lamang umano sa 100 vials ng COVID-19 vaccine ang nasayang sa pagtama ng bagyong Odette sa Visayas, ayon sa Department of Health.","Aabot lamang umano sa 100 vials ng COVID-19 vaccine ang nasayang sa pagtama ng bagyong Odette sa Visayas, ayon sa Department of Health."
"Sa imbestigasyon ng Angono Municipal Police Station, bago naganap ang ambush, alas-11:10 ng umaga kamakalawa sa Baytown Road, Brgy Kalayaan, Angono, Rizal ay minamaneho ng biktima ang kanyang kulay maroon na Mitsubishi Montero (ZRX 971) nang tabihan ng isang motorsiklo lulan ang dalawang lalaki ay kaagad na pinagbabaril ito.","Sa imbestigasyon ng Angono Municipal Police Station, bago naganap ang ambush, alas-11:10 ng umaga kamakalawa sa Baytown Road, Brgy Kalayaan, Angono, Rizal ay minamaneho ng biktima ang kanyang kulay maroon na Mitsubishi Montero (ZRX 971) nang tabihan ng isang motorsiklo lulan ang dalawang lalaki ay kaagad na pinagbabaril ito."
"Bukod dito, naghahanda na rin sila sa posibleng epekto ng paglabas ng nakalalasong gas, volcanic tsunami at pagbagsak ng debris mula sa bunganga ng bulkan.","Bukod dito, naghahanda na rin sila sa posibleng epekto ng paglabas ng nakalalasong gas, volcanic tsunami at pagbagsak ng debris mula sa bunganga ng bulkan."
Simula noong nag-Alert Level 1 dire-diretso na 'yung couples.,Simula noong nag-Alert Level 1 dire-diretso na 'yung couples.
Arestado ang tatlo sa limang lalaki na sinasabing kumuyog at nambugbogsa isang pulis nang magkapikunan habang naglalaro ng basketball kahapon ng madaling araw sa Sto.,Arestado ang tatlo sa limang lalaki na sinasabing kumuyog at nambugbogsa isang pulis nang magkapikunan habang naglalaro ng basketball kahapon ng madaling araw sa Sto.
Pero hindi lahat ng nakukuha ni Sam ay kaniyang naibebenta dahil ang iba sa mga ito ay itinatago niya.,Pero hindi lahat ng nakukuha ni Sam ay kaniyang naibebenta dahil ang iba sa mga ito ay itinatago niya.
Nakausap din sa programang É??i-Abante MoÉ?? ang may-ari ng wallet na si Mariel Canaoag.,Nakausap din sa programang É??i-Abante MoÉ?? ang may-ari ng wallet na si Mariel Canaoag.
Isa kasi aniya sa dahilan kung bakit umaabot ang konsumo ng krudo ng hanggang 30 litro ay dahil kung saan-saan tumitigil ang mga jeep.,Isa kasi aniya sa dahilan kung bakit umaabot ang konsumo ng krudo ng hanggang 30 litro ay dahil kung saan-saan tumitigil ang mga jeep.
Una nang sinabi Vergeire na hindi nagiging sanhi ng kritikal o malalang sakit ang BA.5.,Una nang sinabi Vergeire na hindi nagiging sanhi ng kritikal o malalang sakit ang BA.5.
"Hindi lang kay Bitoy mangyayari iyan kundi sa iba pa ring mga dating artista ng GMA, na posibleng masagasaan ng mga lilipat na stars ng ABS-CBN, lalo ngayong lumipat na rin ang ibang executives ng Dos sa dati nilang kalaban.","Hindi lang kay Bitoy mangyayari iyan kundi sa iba pa ring mga dating artista ng GMA, na posibleng masagasaan ng mga lilipat na stars ng ABS-CBN, lalo ngayong lumipat na rin ang ibang executives ng Dos sa dati nilang kalaban."
Umaasa ang dalaga na bukod sa pagiging aktres ay makilala rin siya bilang isang singer.,Umaasa ang dalaga na bukod sa pagiging aktres ay makilala rin siya bilang isang singer.
"Samantala tiklo rin sa buy-bust operation ang isang 34-year old na lalaki sa Bacolod City, Sabado ng gabi.","Samantala tiklo rin sa buy-bust operation ang isang 34-year old na lalaki sa Bacolod City, Sabado ng gabi."
Nagkataong nasa loob ng kanilang bahay ang pamangking si Kier John at nakumpiskahan ng ilang plastic sachet ng hinihinalang shabu kaya inaresto na rin ito dakong alas-7:41 ng umaga.,Nagkataong nasa loob ng kanilang bahay ang pamangking si Kier John at nakumpiskahan ng ilang plastic sachet ng hinihinalang shabu kaya inaresto na rin ito dakong alas-7:41 ng umaga.
Kaya naman naitanong tuloy ng marami kung wala bang ibinibigay na sustento si Aljur Abrenica dahil kailangan pang magtrabaho ni Kylie.,Kaya naman naitanong tuloy ng marami kung wala bang ibinibigay na sustento si Aljur Abrenica dahil kailangan pang magtrabaho ni Kylie.
Sa ngayon anya ang reproduction number ng kaso ng COVID-19 ay 1.24.,Sa ngayon anya ang reproduction number ng kaso ng COVID-19 ay 1.24.
"Ilang buwan nang magkatrabaho ngayon sina Cherry Pie at Edu para sa teleseryeng Marry Me, Marry You na pinagbibidahan nina Janine Gutierrez at Paulo Avelino.","Ilang buwan nang magkatrabaho ngayon sina Cherry Pie at Edu para sa teleseryeng Marry Me, Marry You na pinagbibidahan nina Janine Gutierrez at Paulo Avelino."
Sinabi ni Health Undersecretary Maria Rosario Vergeire na hindi naman dapat ipangamba ng publiko ang naitalang 1.6%.,Sinabi ni Health Undersecretary Maria Rosario Vergeire na hindi naman dapat ipangamba ng publiko ang naitalang 1.6%.
Ang pagtataas ay bunsod umano ng mas mataas na hango nila sa mga supplier at dahil na rin sa kakulangan sa suplay.,Ang pagtataas ay bunsod umano ng mas mataas na hango nila sa mga supplier at dahil na rin sa kakulangan sa suplay.
"Nang nakapanayam namin si Maui sa DZRH noong nakaraang Martes ng gabi, binanggit na niyang gusto na raw sana niyang ipatanggal ang nakasaksak na silicone sa dibdib niya.","Nang nakapanayam namin si Maui sa DZRH noong nakaraang Martes ng gabi, binanggit na niyang gusto na raw sana niyang ipatanggal ang nakasaksak na silicone sa dibdib niya."
"Sa Facebook page ng dating senador ngayong Miyerkules, makikita ang mga larawan ni Bongbong na nag-alay ng bulaklak sa puntod ng nakatatandang Marcos nang magtungo siya sa Libingan nitong Martes.","Sa Facebook page ng dating senador ngayong Miyerkules, makikita ang mga larawan ni Bongbong na nag-alay ng bulaklak sa puntod ng nakatatandang Marcos nang magtungo siya sa Libingan nitong Martes."
"Ayon kay Migrante-Hong Kong chairperson Dolores Balladares, hindi tinatanggap ng mga ospital ang mga OFW kapag nalaman na tinapos ng kanilang amo ang kanilang kontrata.","Ayon kay Migrante-Hong Kong chairperson Dolores Balladares, hindi tinatanggap ng mga ospital ang mga OFW kapag nalaman na tinapos ng kanilang amo ang kanilang kontrata."
Una nang sinabi ng Integrated Bar of the Philippines na walang kapangyarihan ang NTC na limitahan ang access ng publiko sa mga websites at miyembro ng press gamit ang mga hindi mapatunayang kuneksyon sa mga rebelde.,Una nang sinabi ng Integrated Bar of the Philippines na walang kapangyarihan ang NTC na limitahan ang access ng publiko sa mga websites at miyembro ng press gamit ang mga hindi mapatunayang kuneksyon sa mga rebelde.
"Samantala, siniguro ng mga magbabalik eskuwla na susundin nila ang readiness requirements para sa in-person classes kabilang ang well-ventilated classrooms at hand-washing facilities.","Samantala, siniguro ng mga magbabalik eskuwla na susundin nila ang readiness requirements para sa in-person classes kabilang ang well-ventilated classrooms at hand-washing facilities."
"Sabi ko, ayaw ko nang maglaro sa Alaska at mag-secure na kayo ng trade.","Sabi ko, ayaw ko nang maglaro sa Alaska at mag-secure na kayo ng trade."
"Mayroon din siyang binatilyong anak na si Nathaniel, na anak niya sa namayapang unang asawa na si Anthony Linsangan.--.","Mayroon din siyang binatilyong anak na si Nathaniel, na anak niya sa namayapang unang asawa na si Anthony Linsangan.--."
Kumpiyansa ang Department of Agriculture (DA) na bababa hanggang sa?,Kumpiyansa ang Department of Agriculture (DA) na bababa hanggang sa?
"So makikita natin pag may party na, say ng actor na matagal nang sinasabing karelasyon ng actress.","So makikita natin pag may party na, say ng actor na matagal nang sinasabing karelasyon ng actress."
"Ayon sa pag-aaral ng Kontra Daya, 44 sa mga party-list groups sa 2022 national elections ay ""kontrolado"" ng political clans habang nasa 21 naman ang may kuneksyon sa mga dambuhalang negosyo.","Ayon sa pag-aaral ng Kontra Daya, 44 sa mga party-list groups sa 2022 national elections ay ""kontrolado"" ng political clans habang nasa 21 naman ang may kuneksyon sa mga dambuhalang negosyo."
"Timbog ang dalawang É??tulakÉ?? sa isinagawang buy-bust operation ng pulisya sa Valenzuela City, kahapon ng madaling araw.","Timbog ang dalawang É??tulakÉ?? sa isinagawang buy-bust operation ng pulisya sa Valenzuela City, kahapon ng madaling araw."
Napaulat na plano ng China na paigtingin ang military exercises malapit sa Taiwan na pinangangambahan na magdudulot ng panibagong krisis sa rehiyon.,Napaulat na plano ng China na paigtingin ang military exercises malapit sa Taiwan na pinangangambahan na magdudulot ng panibagong krisis sa rehiyon.
Nangyari ang insidente dakong alas-2 ng madaling araw dahil sa malakas na alon.,Nangyari ang insidente dakong alas-2 ng madaling araw dahil sa malakas na alon.
"Ayon kay Pangilinan, hindi makatwiran na ipaubaya pa sa motorcycle riders ang pag-aabono sa order gayong sagot na nila ang motor at gasolina.","Ayon kay Pangilinan, hindi makatwiran na ipaubaya pa sa motorcycle riders ang pag-aabono sa order gayong sagot na nila ang motor at gasolina."
"Pero kung ano man ang maging intriga, harapin nila tutal mag-syota na sila.","Pero kung ano man ang maging intriga, harapin nila tutal mag-syota na sila."
"Paalala ni Doria, maaaring magsampa ng kasong paglabag sa Republic Act no.","Paalala ni Doria, maaaring magsampa ng kasong paglabag sa Republic Act no."
Para kay Diego ay hindi dapat balewalain nino man ang covid-19 dahil marami na ang namatay rito.,Para kay Diego ay hindi dapat balewalain nino man ang covid-19 dahil marami na ang namatay rito.
Dionardo Carlos na magkakaroon ng holiday break ang mga pulis upang makasama ang kanilang mga pamilya.,Dionardo Carlos na magkakaroon ng holiday break ang mga pulis upang makasama ang kanilang mga pamilya.
"Batay sa ulat ng Quezon City Bureau of Fire Protection (BFP), alas-4:15 ng madaling araw habang mahimbing na natutulog ang mag-anak nang sumiklab ang apoy sa isang bakanteng silid ng tatlong palapag na tahanan na matatagpuan sa 96 Kaliraya St.","Batay sa ulat ng Quezon City Bureau of Fire Protection (BFP), alas-4:15 ng madaling araw habang mahimbing na natutulog ang mag-anak nang sumiklab ang apoy sa isang bakanteng silid ng tatlong palapag na tahanan na matatagpuan sa 96 Kaliraya St."
Natagpuang humihinga pa ang babae nang buksan ang kinalalagyan nitong body bag sa Ankeny Funeral Home & Crematory noong Enero 3 kung kayat agad nila itong itinawag sa 911.,Natagpuang humihinga pa ang babae nang buksan ang kinalalagyan nitong body bag sa Ankeny Funeral Home & Crematory noong Enero 3 kung kayat agad nila itong itinawag sa 911.
Binalaan na rin aniya ng DILG ang mga local government units (LGUs) na gumawa ng mga pamamaraan upang maabot ang naturang target upang hindi sila maisyuhan ng show cause order at masampahan ng kaso.,Binalaan na rin aniya ng DILG ang mga local government units (LGUs) na gumawa ng mga pamamaraan upang maabot ang naturang target upang hindi sila maisyuhan ng show cause order at masampahan ng kaso.
"Pag nanalo ka, magtutuloy-tuloy ka,É?ù kwento niya.","Pag nanalo ka, magtutuloy-tuloy ka,É?ù kwento niya."
Itoy matapos na mag-viral sa social media ang post ng isang muntik mabiktima ng grupo ng limang kalalakihan na magkakasabwat sa loob ng isang pampasaherong jeep.,Itoy matapos na mag-viral sa social media ang post ng isang muntik mabiktima ng grupo ng limang kalalakihan na magkakasabwat sa loob ng isang pampasaherong jeep.
"Ani Pacman, alam naman daw ng lahat na sinasalamin ng pananaw niya ang ""tunay na pulso"" ng mga Pilipino pagdating sa pagprotekta ng sovereign rights sa West Philippine Sea, bagay na matagal nang nababatikos sa presidente.","Ani Pacman, alam naman daw ng lahat na sinasalamin ng pananaw niya ang ""tunay na pulso"" ng mga Pilipino pagdating sa pagprotekta ng sovereign rights sa West Philippine Sea, bagay na matagal nang nababatikos sa presidente."
Lumaki umano ang puso nito na tumimbang ng may 500 grams samantalang 300 grams ang normal na timbang ng puso.,Lumaki umano ang puso nito na tumimbang ng may 500 grams samantalang 300 grams ang normal na timbang ng puso.
"Aabot na sa 1,600 empleyado sa pampublikong sektor ang nasawi dahil sa COVID-19 mula nang tumama ang pandemya sa Pilipinas noong 2020, ayon sa Confederation for Unity, Recognition and Advancement of Government Employees.","Aabot na sa 1,600 empleyado sa pampublikong sektor ang nasawi dahil sa COVID-19 mula nang tumama ang pandemya sa Pilipinas noong 2020, ayon sa Confederation for Unity, Recognition and Advancement of Government Employees."
Isa pa ang pinakasumikat ngang love team ni Claudine ay noong sila ni Rico.,Isa pa ang pinakasumikat ngang love team ni Claudine ay noong sila ni Rico.
"Nandon, umakyat siya nang nakatayo, nakangiti nang malaking-malaki.","Nandon, umakyat siya nang nakatayo, nakangiti nang malaking-malaki."
"Winters ay tungkol sa isang Pinay bio-forensic assistant cleaner sa Canada na si Charity at gagampanan ni Judy Ann, na sinumpa matapos itago ang diary ng isang matandang babae na nag-commit ng suicide.","Winters ay tungkol sa isang Pinay bio-forensic assistant cleaner sa Canada na si Charity at gagampanan ni Judy Ann, na sinumpa matapos itago ang diary ng isang matandang babae na nag-commit ng suicide."
Ano naman po ang ginagawa ng gobyerno?,Ano naman po ang ginagawa ng gobyerno?
"Kailangan natin ang dagdag na pondo para sa mga ayuda, libreng pang-ospital, edukasyon, transportasyon, paglikha ng mga trabaho sa pamamagitan ng infrastructure projects at iba pang mga programa na makakatulong sa taong bayan, sabi ni Romualdez.","Kailangan natin ang dagdag na pondo para sa mga ayuda, libreng pang-ospital, edukasyon, transportasyon, paglikha ng mga trabaho sa pamamagitan ng infrastructure projects at iba pang mga programa na makakatulong sa taong bayan, sabi ni Romualdez."
"Kasabay nito, tiniyak din ng pulisya na ligtas pa ring puntahan ng mga turista ang Marinduque, ayon sa ulat.","Kasabay nito, tiniyak din ng pulisya na ligtas pa ring puntahan ng mga turista ang Marinduque, ayon sa ulat."
Dalawang lalaki ang inaresto makaraang magtangkang magbenta online sa ninakaw na reel ng telecommunication cable wire na nagkakahalaga ng isang milyong piso.,Dalawang lalaki ang inaresto makaraang magtangkang magbenta online sa ninakaw na reel ng telecommunication cable wire na nagkakahalaga ng isang milyong piso.
"Walong taong punong-puno ng buhay, kulay, at ligaya.","Walong taong punong-puno ng buhay, kulay, at ligaya."
Matapang namang inilahad ni Bea na hindi umano nagsasabi ng totoo si Gerald noon sa interview.,Matapang namang inilahad ni Bea na hindi umano nagsasabi ng totoo si Gerald noon sa interview.
Una nang sinabi ni Robles na walang talo sa pagtaya sa lotto dahil hindi man aniya palaring manalo ay tiyak namang makakatulong ka sa kawanggawa.,Una nang sinabi ni Robles na walang talo sa pagtaya sa lotto dahil hindi man aniya palaring manalo ay tiyak namang makakatulong ka sa kawanggawa.
Wag matigas ang ulo at wag mag-feeling agad na kaya na nila ang sarili nila o alam na nila ang lahat.,Wag matigas ang ulo at wag mag-feeling agad na kaya na nila ang sarili nila o alam na nila ang lahat.
"Umaasa si Abalos na mas mapapabuti pa ang sitwasyon sa Metro Manila sa ikalawang linggo nang ipinaiiral na Alert Level 4, na magtatapos sa Setyembre 30.","Umaasa si Abalos na mas mapapabuti pa ang sitwasyon sa Metro Manila sa ikalawang linggo nang ipinaiiral na Alert Level 4, na magtatapos sa Setyembre 30."
Mananatili pa ring blended learning ang gagamiting sistema sa pag-aaral ng mga estudyante dahil patuloy pa ring ipinagbabawal ang pagdaraos ng face-to-face classes dahil sa pandemya.,Mananatili pa ring blended learning ang gagamiting sistema sa pag-aaral ng mga estudyante dahil patuloy pa ring ipinagbabawal ang pagdaraos ng face-to-face classes dahil sa pandemya.
"Ayon sa may ari na si Norly Cuarton sa nasabing baragay sa bayan ng Banga, napansin agad nila ng isang mistulang pakpak sa lalaking baka mula nang ipanganak ito noong nakaraang linggo.","Ayon sa may ari na si Norly Cuarton sa nasabing baragay sa bayan ng Banga, napansin agad nila ng isang mistulang pakpak sa lalaking baka mula nang ipanganak ito noong nakaraang linggo."
"Finally, tinapos na ang interview sa kanya, nag-promote na lang siya ng bagong show niya, may inis pa ring kuwento ng aming source.","Finally, tinapos na ang interview sa kanya, nag-promote na lang siya ng bagong show niya, may inis pa ring kuwento ng aming source."
Pero nagtataka lang kami bakit tila wala pa siyang gustong gawin sa GMA 7.,Pero nagtataka lang kami bakit tila wala pa siyang gustong gawin sa GMA 7.
Dalawang beses tinalo ng TNT ang Magnolia para makaabante sa kanilang best-of-seven duel at makalapit sa inaasam na ika-21 PBA Finals appearance.,Dalawang beses tinalo ng TNT ang Magnolia para makaabante sa kanilang best-of-seven duel at makalapit sa inaasam na ika-21 PBA Finals appearance.
"Hindi na umabot pa sa ospital ang biktimang si Muslimin Behemino, 35, habang nakaligtas ang kasama nitongsi alyas É??AlinorÉ?ù, kapwa residente ng Pansacala Street, Cotabato City.","Hindi na umabot pa sa ospital ang biktimang si Muslimin Behemino, 35, habang nakaligtas ang kasama nitongsi alyas É??AlinorÉ?ù, kapwa residente ng Pansacala Street, Cotabato City."
Nang makita ang video na nakunan ng kapitbahay ay agad na humingi ng tulong sa pulisya sa pulisya.,Nang makita ang video na nakunan ng kapitbahay ay agad na humingi ng tulong sa pulisya sa pulisya.
Kabilang din sa bagong proyekto sina Dimples Romana at Jake Cuenca.,Kabilang din sa bagong proyekto sina Dimples Romana at Jake Cuenca.
"Sasabihin niya talaga ang gusto niya, at tawang-tawa ako sa kaniya, ani Mosang.","Sasabihin niya talaga ang gusto niya, at tawang-tawa ako sa kaniya, ani Mosang."
"Sa kabila ng pandemya ay magbubukas na ang mga sinehan, malaya nang makapanonood ang ating mga kababayan, balik na sa dati ang sistema ng panonood.","Sa kabila ng pandemya ay magbubukas na ang mga sinehan, malaya nang makapanonood ang ating mga kababayan, balik na sa dati ang sistema ng panonood."
Magkakaroon din sila ng mass testing at pagpapabakuna sa kanilang mga manggagawa.,Magkakaroon din sila ng mass testing at pagpapabakuna sa kanilang mga manggagawa.
"Si Isang ay huling namataan ng Pagasa sa layong 1,410 kilometro silangan ng Northern Luzon taglay ang lakas ng hangin na umaabot sa 45 kph at bugso na 55 kph.","Si Isang ay huling namataan ng Pagasa sa layong 1,410 kilometro silangan ng Northern Luzon taglay ang lakas ng hangin na umaabot sa 45 kph at bugso na 55 kph."
"Pero, hindi rin mapipigilan ng ibang artista minsan lalo nat ang iba ay hindi naman nagagamit sa taping ng araw-araw.","Pero, hindi rin mapipigilan ng ibang artista minsan lalo nat ang iba ay hindi naman nagagamit sa taping ng araw-araw."
Magbi-break daw sila bandang mid of April dahil sisimulan naman ni Alden ang drama series niya sa GMA 7.,Magbi-break daw sila bandang mid of April dahil sisimulan naman ni Alden ang drama series niya sa GMA 7.
"Sa kabilang banda, huling lumaban si Ancajas noong Abril 10 sa Mohegan Sun Arena sa Montville, Connecticut kung saan nakuha rin nito ang unanimous decision win kontra naman kay Mexican Jonathan Javier Rodriguez.","Sa kabilang banda, huling lumaban si Ancajas noong Abril 10 sa Mohegan Sun Arena sa Montville, Connecticut kung saan nakuha rin nito ang unanimous decision win kontra naman kay Mexican Jonathan Javier Rodriguez."
"48, walang trabaho ay sumugod na armado ng baril sa bahay ng mga biktima at hinagisan sila ng mga bato sa Purok 2, Brgy.","48, walang trabaho ay sumugod na armado ng baril sa bahay ng mga biktima at hinagisan sila ng mga bato sa Purok 2, Brgy."
"Iniulat ng GMA Regional TV One North Central Luzon, na inilabas din sa Unang Balita nitong Biyernes na sa susunod na linggo pa dapat sila maghahango, pero dahil umano sa pabigla-bigla ang ulan sa gitna ng mainit na panahon, baka masayang daw ang kanilang mga isda kapag hindi sila magsagawa ng forced harvest.","Iniulat ng GMA Regional TV One North Central Luzon, na inilabas din sa Unang Balita nitong Biyernes na sa susunod na linggo pa dapat sila maghahango, pero dahil umano sa pabigla-bigla ang ulan sa gitna ng mainit na panahon, baka masayang daw ang kanilang mga isda kapag hindi sila magsagawa ng forced harvest."
"Batay sa update ng PAGASA Hydrometeorology Division, kahapon ng alas-6 ng umaga ay bumaba pa sa 195.99.","Batay sa update ng PAGASA Hydrometeorology Division, kahapon ng alas-6 ng umaga ay bumaba pa sa 195.99."
Sure ako na magtatagal pa ang Family Feud dahil mas lalo pang gumaganda ang bawat episode.,Sure ako na magtatagal pa ang Family Feud dahil mas lalo pang gumaganda ang bawat episode.
"Tinatayang 10 hanggang 15 milyong doses ng bakuna ang darating sa Pilipinas sa Mayo at Hunyo sa pagtatag ng produksyon ng bakuna ng mga internasyunal drug makers, ayon kay National Task Force Against COVID-19 head Secretary Carlito Galvez Jr.","Tinatayang 10 hanggang 15 milyong doses ng bakuna ang darating sa Pilipinas sa Mayo at Hunyo sa pagtatag ng produksyon ng bakuna ng mga internasyunal drug makers, ayon kay National Task Force Against COVID-19 head Secretary Carlito Galvez Jr."
"Madaming nawalan ng trabaho, maraming naghahanap ng trabaho,É?ù bungad ni Paulo.","Madaming nawalan ng trabaho, maraming naghahanap ng trabaho,É?ù bungad ni Paulo."
"Sa huling ulat ng DOH nitong Huwebes, umabot na sa 2.82.","Sa huling ulat ng DOH nitong Huwebes, umabot na sa 2.82."
"Awa ng Diyos, taon-taon naman talaga may award siya, ayon naman kay Jocelyn Malinao, residente ng Miag-ao.","Awa ng Diyos, taon-taon naman talaga may award siya, ayon naman kay Jocelyn Malinao, residente ng Miag-ao."
Pero naging senti bigla si Janine na hindi niya napigilang maluha.,Pero naging senti bigla si Janine na hindi niya napigilang maluha.
"Ayon sa ulat, nagsasagawa ng anti-criminality operation ang mga pulis sa lugar dahil piyesta roon at maraming nag-iinuman.","Ayon sa ulat, nagsasagawa ng anti-criminality operation ang mga pulis sa lugar dahil piyesta roon at maraming nag-iinuman."
"Ang mga religious gathering, lamay o burol, libing at kasalan ay limitado pa rin sa 10% ang venue capacity.","Ang mga religious gathering, lamay o burol, libing at kasalan ay limitado pa rin sa 10% ang venue capacity."
"Ayon kay Romero, hindi matatapatan ang naging sakripisyo ng 30-anyos na national weightlifter para makamit ang kauna-unahang Olympic gold ng Pinas matapos ang 97 taon.","Ayon kay Romero, hindi matatapatan ang naging sakripisyo ng 30-anyos na national weightlifter para makamit ang kauna-unahang Olympic gold ng Pinas matapos ang 97 taon."
"Kung matatandaan natin yung sa issue ng electoral posters, hindi ba Comelec mismo ang nagsasabi sa taumbayan na kakasuhan namin kayo?","Kung matatandaan natin yung sa issue ng electoral posters, hindi ba Comelec mismo ang nagsasabi sa taumbayan na kakasuhan namin kayo?"
"Una namang sinilip at binusisi ni Pacquiao ang lahat ng mga binili ng Department of Health (DOH) na rapid test kits, PPE, mask at iba pa.","Una namang sinilip at binusisi ni Pacquiao ang lahat ng mga binili ng Department of Health (DOH) na rapid test kits, PPE, mask at iba pa."
Tinapos ng Nets ang kanilang five-game home losing skid.,Tinapos ng Nets ang kanilang five-game home losing skid.
"Saka yun nga po ang ating mga pribadong hospitals po, ang mga nakahanda po yan sa mga moderate severe and critical na kaso no.","Saka yun nga po ang ating mga pribadong hospitals po, ang mga nakahanda po yan sa mga moderate severe and critical na kaso no."
"Samantala, inanunsyo rin ni Estomo na lomobo na rin mula sa P500,000 tungo sa P1.5.","Samantala, inanunsyo rin ni Estomo na lomobo na rin mula sa P500,000 tungo sa P1.5."
May isang malapit naman kay Pops ang nagkuwento sa akin na ipinagkatiwala ng Concert Queen sa isang nag-aayos ng kanyang page and password non at doon na raw nagsimula ang agony ng singer-actress.,May isang malapit naman kay Pops ang nagkuwento sa akin na ipinagkatiwala ng Concert Queen sa isang nag-aayos ng kanyang page and password non at doon na raw nagsimula ang agony ng singer-actress.
Wala pang pahayag ang mga naghain ng disqualification case kung ano ang susunod nilang gagawin matapos ang pagbasura sa mga isinampa nilang kaso sa Comelec.,Wala pang pahayag ang mga naghain ng disqualification case kung ano ang susunod nilang gagawin matapos ang pagbasura sa mga isinampa nilang kaso sa Comelec.
"Hindi mo masusuntok ang buwan kung hindi ka susuntok, at karamihan diyan, ang aming suntok sa buwan, dahil suportado ng sambayanang Pilipino, nasusuntok namin yung buwan, dagdag pa ni Colmenares, na pang-ilang beses nang tatakbo sa pagkasenador ngayong 2022.","Hindi mo masusuntok ang buwan kung hindi ka susuntok, at karamihan diyan, ang aming suntok sa buwan, dahil suportado ng sambayanang Pilipino, nasusuntok namin yung buwan, dagdag pa ni Colmenares, na pang-ilang beses nang tatakbo sa pagkasenador ngayong 2022."
Nakamit ng lungsod ang Safe City Award nitong Agosto mula naman sa resulta ng kanilang Kaayusan program bunsod ng pinaigting na police visibility at paglalatag ng checkpoint dahilan para bumaba ang krimen sa siyudad.,Nakamit ng lungsod ang Safe City Award nitong Agosto mula naman sa resulta ng kanilang Kaayusan program bunsod ng pinaigting na police visibility at paglalatag ng checkpoint dahilan para bumaba ang krimen sa siyudad.
"Patuloy ng aming source, Iba na ang ipinagmamaneho niya ngayon, umuwi kasi siya sa probinsiya at nung bumalik, e, may bago nang driver ang male personality.","Patuloy ng aming source, Iba na ang ipinagmamaneho niya ngayon, umuwi kasi siya sa probinsiya at nung bumalik, e, may bago nang driver ang male personality."
"Una nang sinabi ng Department of Health (DOH) na nangangailangan ng 106,000 nurse ang mga pampubliko at pribadong pagamutan sa bansa.","Una nang sinabi ng Department of Health (DOH) na nangangailangan ng 106,000 nurse ang mga pampubliko at pribadong pagamutan sa bansa."
"Not yet, pag-amin ni Sharon Cuneta sa pinagagawa nilang bahay / mansion sa Laguna.","Not yet, pag-amin ni Sharon Cuneta sa pinagagawa nilang bahay / mansion sa Laguna."
"Samantala, nagsagawa na rin ng inspeksyon ang MMDA sa pangunguna ni Artes, sa Para?Òaque Integrated Terminal Exchange.","Samantala, nagsagawa na rin ng inspeksyon ang MMDA sa pangunguna ni Artes, sa Para?Òaque Integrated Terminal Exchange."
Dapat din na ihanda ng mga employer ang hotel na magiging quarantine facility ng mga darating na migrant worker.,Dapat din na ihanda ng mga employer ang hotel na magiging quarantine facility ng mga darating na migrant worker.
Wala naman daw siyang natanggap na tawag mula sa komedyante.,Wala naman daw siyang natanggap na tawag mula sa komedyante.
"Samantala, sa 3,284 namang personnel ng MRT-3 ay 860 ang nasuri at 131 sa kanila ang nagpositibo sa sakit.","Samantala, sa 3,284 namang personnel ng MRT-3 ay 860 ang nasuri at 131 sa kanila ang nagpositibo sa sakit."
Nahulog naman daw ang loob ni Dexter sa lalaki at naging magkarelasyon sila.,Nahulog naman daw ang loob ni Dexter sa lalaki at naging magkarelasyon sila.
"Matapos ang pamamaril, parang walang anumang nangyari na umalis ang armadong grupo sa lugar.","Matapos ang pamamaril, parang walang anumang nangyari na umalis ang armadong grupo sa lugar."
Dahil sa makasaysayang kampanya ng Pilipinas sa nakaraang Tokyo Olympics ay pararangalan sa San Miguel Corporation-Philippine Sportswriters Association (SMC-PSA) Annual Awards Night ang dalawang sports association.,Dahil sa makasaysayang kampanya ng Pilipinas sa nakaraang Tokyo Olympics ay pararangalan sa San Miguel Corporation-Philippine Sportswriters Association (SMC-PSA) Annual Awards Night ang dalawang sports association.
Nagtungo kahapon ang Pangulo sa Abra upang suriin ang sitwasyon sa lugar na naging sentro ng lindol kung saan nagkaroon din ng briefing mula sa mga opisyal sa rescue at relief operations sa lalawigan.,Nagtungo kahapon ang Pangulo sa Abra upang suriin ang sitwasyon sa lugar na naging sentro ng lindol kung saan nagkaroon din ng briefing mula sa mga opisyal sa rescue at relief operations sa lalawigan.
"Pangalawa, parang hindi naman kasi tuloy-tuloy pa rin kaming nagte-taping at mayroon nga kaming bagong episodes ngayon, pagkukwento niya.","Pangalawa, parang hindi naman kasi tuloy-tuloy pa rin kaming nagte-taping at mayroon nga kaming bagong episodes ngayon, pagkukwento niya."
"Tinanong nga niya ako kung ano ang sex-comedy, na may tinuro pa raw siyang movie para panoorin nito.","Tinanong nga niya ako kung ano ang sex-comedy, na may tinuro pa raw siyang movie para panoorin nito."
"Anang opisyal, maaaring kasuhan ng obstruction of justice ang mga magtatago ng impormasyon tungkol sa mangyari kay Dacera.","Anang opisyal, maaaring kasuhan ng obstruction of justice ang mga magtatago ng impormasyon tungkol sa mangyari kay Dacera."
Ngunit kailangan pa niyang hintayin ang official announcement ng International Judo Federation (IJF) sa susunod na buwan.,Ngunit kailangan pa niyang hintayin ang official announcement ng International Judo Federation (IJF) sa susunod na buwan.
Dapat ituloy natin ang ating buhay na ikalulugod ng Diyos at ng taong nagmamahal sa atin.,Dapat ituloy natin ang ating buhay na ikalulugod ng Diyos at ng taong nagmamahal sa atin.
"Ibinunyag din ng independent pollster na sa darating na halalan sa Mayo 2022, ang labing isang nanunungkulan na alkalde sa National Capital Region (NCR) na naghahangad na muling mahalal o tumakbo para sa iba pang posisyon ay may É??commanding leadÉ?ù.","Ibinunyag din ng independent pollster na sa darating na halalan sa Mayo 2022, ang labing isang nanunungkulan na alkalde sa National Capital Region (NCR) na naghahangad na muling mahalal o tumakbo para sa iba pang posisyon ay may É??commanding leadÉ?ù."
"Una nang lumabas na maraming Pilipino pa rin ang nagdadalawang-isip o ayaw magpaturok ng COVID-19 vaccinesmatapos sabihinngOCTA Research survey na 46% ng mga Pilipino ang ayaw rito, habang 35% ang hindi pa nakakapagdesisyon.","Una nang lumabas na maraming Pilipino pa rin ang nagdadalawang-isip o ayaw magpaturok ng COVID-19 vaccinesmatapos sabihinngOCTA Research survey na 46% ng mga Pilipino ang ayaw rito, habang 35% ang hindi pa nakakapagdesisyon."
Subalit nakapasok pa rin ang India sa next round matapos madiskwalipika ang South Korea.,Subalit nakapasok pa rin ang India sa next round matapos madiskwalipika ang South Korea.
Ipinaalam na ng POC sa mga National Sports Associations (NSAs) kung sinong mga atleta ang kanilang uunahing isama sa vaccination program.,Ipinaalam na ng POC sa mga National Sports Associations (NSAs) kung sinong mga atleta ang kanilang uunahing isama sa vaccination program.
Tuluyan nang sinuspinde kahapon ni Valenzuela City Mayor Rex Gatchalian ang business ng Nexgreen Enterprise ang kompanyang nagpasahod ng barya sa kanyang empleyado.,Tuluyan nang sinuspinde kahapon ni Valenzuela City Mayor Rex Gatchalian ang business ng Nexgreen Enterprise ang kompanyang nagpasahod ng barya sa kanyang empleyado.
Maging sa mga miyembro ng media na magko-kober ng inagurasyon ay naging mahigpit din dahil sa kinailangan pa ng akreditasyon at negatibong RT-PCR test.,Maging sa mga miyembro ng media na magko-kober ng inagurasyon ay naging mahigpit din dahil sa kinailangan pa ng akreditasyon at negatibong RT-PCR test.
Pinaniniwalaan na nagkaroon ng malakas na buhos ng ulan sa kabundukan.,Pinaniniwalaan na nagkaroon ng malakas na buhos ng ulan sa kabundukan.
Sinasabing 30 taon nang tumataya sa lotto ang ama galiong sa Laguna habang nasa limang taon naman na itong ginagawa ng kanyang anak.,Sinasabing 30 taon nang tumataya sa lotto ang ama galiong sa Laguna habang nasa limang taon naman na itong ginagawa ng kanyang anak.
"Sa naturang EO, inuutusan ang lahat ng kawani at opisyal ng bawat departamento, tanggapan, units at sections ng lokal na pamahalaan na laging ngumiti kapag nagsisilbi sa kanilang mga kababayan.","Sa naturang EO, inuutusan ang lahat ng kawani at opisyal ng bawat departamento, tanggapan, units at sections ng lokal na pamahalaan na laging ngumiti kapag nagsisilbi sa kanilang mga kababayan."
"Tanging si import Laura Condotta lamang ang nagtala ng double digits para sa Army matapos magtala ng 12 puntos, pitong digs at anim na receptions.","Tanging si import Laura Condotta lamang ang nagtala ng double digits para sa Army matapos magtala ng 12 puntos, pitong digs at anim na receptions."
"Kahit na naghihigpit ang barangay, ilang residente pa rin ang hindi sumusunod sa ordinansa, dahil wala silang mapagsampayan.","Kahit na naghihigpit ang barangay, ilang residente pa rin ang hindi sumusunod sa ordinansa, dahil wala silang mapagsampayan."
"Hiniling din ng grupo sa DepEd na pag-aralan ang opsyon na panatilihin ang blended learning, o ang sabay na paggamit ng face-to-face classes at distance learning modality.","Hiniling din ng grupo sa DepEd na pag-aralan ang opsyon na panatilihin ang blended learning, o ang sabay na paggamit ng face-to-face classes at distance learning modality."
Pero nagbago na raw siya nang makilala niya si Jasmina na kaniyang naging nobya matapos ang dalawang buwan na ligawan.,Pero nagbago na raw siya nang makilala niya si Jasmina na kaniyang naging nobya matapos ang dalawang buwan na ligawan.
"Ngayon naresolba na ang gulo, sinabi ng PSC na hihirangin na ng PATAFA si Obiena na kinatawan ng Pilipinas sa major international tournaments tulad ng biennial meet, kung saan reigning gold medalist nag Pinoy pole vaulterFRJ, GMA News.","Ngayon naresolba na ang gulo, sinabi ng PSC na hihirangin na ng PATAFA si Obiena na kinatawan ng Pilipinas sa major international tournaments tulad ng biennial meet, kung saan reigning gold medalist nag Pinoy pole vaulterFRJ, GMA News."
Wala pang malinaw sa isinagawang imbestigasyon ng Philippine National Police kung É??ridoÉ?ù o may kaugnayan ang pagpatay sa nakatatandang Yumol sa naganap na pamamaslang naman ng anak nito sa dating alkalde ng Lamitan.,Wala pang malinaw sa isinagawang imbestigasyon ng Philippine National Police kung É??ridoÉ?ù o may kaugnayan ang pagpatay sa nakatatandang Yumol sa naganap na pamamaslang naman ng anak nito sa dating alkalde ng Lamitan.
"Sinusubukan pang makuha ang pahayag ng pamilya ng biktima at ng rider, ayon sa ulat.--.","Sinusubukan pang makuha ang pahayag ng pamilya ng biktima at ng rider, ayon sa ulat.--."
"Makipaglaro man ako sa mga lalaki noong araw, siguro natatandaan ito ng mga kalaro ko, cowboy-indian, ako yung kinikidnap, natatawa niyang kuwento.","Makipaglaro man ako sa mga lalaki noong araw, siguro natatandaan ito ng mga kalaro ko, cowboy-indian, ako yung kinikidnap, natatawa niyang kuwento."
Subalit sinabi ni Zubiri na short-term solution lang ang suspensiyon ng excise tax sa produktong petrolyo at mas mainam na palakasin ang alternatibong gasolina tulad ng biodiesel at bioethanol na sa Pilipinas naman ginagawa.,Subalit sinabi ni Zubiri na short-term solution lang ang suspensiyon ng excise tax sa produktong petrolyo at mas mainam na palakasin ang alternatibong gasolina tulad ng biodiesel at bioethanol na sa Pilipinas naman ginagawa.
Hindi pa naglalabas ng pahayag ang Gammeeok sa resulta ng imbestigasyon.,Hindi pa naglalabas ng pahayag ang Gammeeok sa resulta ng imbestigasyon.
"Tinalo rin ng Lady Tamaraws ang Lady Warriors sa kanilang huling laro sa pamamagitan ng dikdikang 25-19, 18-25, 25-12, 22-25, 15-5 tagumpay.","Tinalo rin ng Lady Tamaraws ang Lady Warriors sa kanilang huling laro sa pamamagitan ng dikdikang 25-19, 18-25, 25-12, 22-25, 15-5 tagumpay."
Sa ilalim ng MOA ay itatayo ang mga beach volleyball courts sa Club Laiya kung saan magkakaroon ng seven-day a week na training camp ang 10 sa 18 miyembro ng national men at women teams sa Batangas.,Sa ilalim ng MOA ay itatayo ang mga beach volleyball courts sa Club Laiya kung saan magkakaroon ng seven-day a week na training camp ang 10 sa 18 miyembro ng national men at women teams sa Batangas.
Libu-libong rice farmers ang sinanay at naabot ng information campaign na ipinapatupad ng Rice Competitiveness Extension Fund-Rice Extension Services Program (RCEF-RESP) mula nang lagdaan ang Rice Tariffication Law noong 2019.,Libu-libong rice farmers ang sinanay at naabot ng information campaign na ipinapatupad ng Rice Competitiveness Extension Fund-Rice Extension Services Program (RCEF-RESP) mula nang lagdaan ang Rice Tariffication Law noong 2019.
"Nobyembre 2018 lang din nang iutos ng anti-graft court na Sandiganbayan ang pag-aresto sa kanyang inang si Imelda, matapos mahatulang guilty ""beyond reasonable doubt"" sa pitong counts ng graft.","Nobyembre 2018 lang din nang iutos ng anti-graft court na Sandiganbayan ang pag-aresto sa kanyang inang si Imelda, matapos mahatulang guilty ""beyond reasonable doubt"" sa pitong counts ng graft."
Matagumpay nang nakuha at naibaba ang lahat na apat na labi na biktima sa crash site nang bumagsak na Cessna plane 340A malapit sa crater ng Mt.Mayon.,Matagumpay nang nakuha at naibaba ang lahat na apat na labi na biktima sa crash site nang bumagsak na Cessna plane 340A malapit sa crater ng Mt.Mayon.
"Ayon sa source, diumanoy nagkaroon pa sila ng problema sa suweldo dahil nga sa pag-uunahan daw sa nasabing posisyon.","Ayon sa source, diumanoy nagkaroon pa sila ng problema sa suweldo dahil nga sa pag-uunahan daw sa nasabing posisyon."
"Ngayon, kahit na wala ang prangkisa, maganda yung ratings na ibinibigay nung show.","Ngayon, kahit na wala ang prangkisa, maganda yung ratings na ibinibigay nung show."
"Maliban sa mga entertaintment events, marami rin silang naka-line up na mga socio civic programs May special tribute na gagawin si Lara Maigue at ang Philippine Madrigal Singers (baka kakanta ng É??balutin mo akoÉ?ù) Hindi rin mawawala ang mga sports activities (na dinaig ang Olympics sa rami ng kategorya!).","Maliban sa mga entertaintment events, marami rin silang naka-line up na mga socio civic programs May special tribute na gagawin si Lara Maigue at ang Philippine Madrigal Singers (baka kakanta ng É??balutin mo akoÉ?ù) Hindi rin mawawala ang mga sports activities (na dinaig ang Olympics sa rami ng kategorya!)."
Sinabi ng negosyante na nagsisimula nang umusad ang bansa kaya mahalagang magtuloy-tuloy ito para ganap na makabawi ang ekonomiya gaya ng magandang ipinakita noong last quarter ng 2021 na 7.7%.,Sinabi ng negosyante na nagsisimula nang umusad ang bansa kaya mahalagang magtuloy-tuloy ito para ganap na makabawi ang ekonomiya gaya ng magandang ipinakita noong last quarter ng 2021 na 7.7%.
"Aabot naman sa 122 bata at personnel ng Gentlehands Orphanage sa Quezon City ang naiulat na nagpositibo sa COVID-19, pag-uulat ng QC local government ngayong araw.","Aabot naman sa 122 bata at personnel ng Gentlehands Orphanage sa Quezon City ang naiulat na nagpositibo sa COVID-19, pag-uulat ng QC local government ngayong araw."
"Samantala, ganito rin ang palagay ng political analyst na si Victor Andres Manhit, presidente ng think-tank Albert del Rosario Institute for Strategic and International Studies na ang naranasang kahirapan, gutom, kawalang trabaho, pagtaas ng presyo ng bilihin at pandemic ang malaking isyu sa 2022 election.","Samantala, ganito rin ang palagay ng political analyst na si Victor Andres Manhit, presidente ng think-tank Albert del Rosario Institute for Strategic and International Studies na ang naranasang kahirapan, gutom, kawalang trabaho, pagtaas ng presyo ng bilihin at pandemic ang malaking isyu sa 2022 election."
"Sa ulat, patungo sanang Rzeszow, southeastern na bahagi ng Poland si Polish President Andrzej Duda nang biglang mag-emergency landing ang kinalululanan nitong eroplano at bumalik sa Warsaw.","Sa ulat, patungo sanang Rzeszow, southeastern na bahagi ng Poland si Polish President Andrzej Duda nang biglang mag-emergency landing ang kinalululanan nitong eroplano at bumalik sa Warsaw."
Sinabi ni Munsayac na pag-uusapan sa fellowship lunch ang pagkakaroon ng security detail ng mga bise presidente at ang panukala na magtayo ng Vice Presidents Museum.,Sinabi ni Munsayac na pag-uusapan sa fellowship lunch ang pagkakaroon ng security detail ng mga bise presidente at ang panukala na magtayo ng Vice Presidents Museum.
"Sa ilalim ng Section 4 ng 25th Amendment ng US Constitution, maaaring i-takeover ng bise presidente ang trabaho ng pangulo kung itoy wala nang kakayahang patakbuhin pa ang gobyerno.","Sa ilalim ng Section 4 ng 25th Amendment ng US Constitution, maaaring i-takeover ng bise presidente ang trabaho ng pangulo kung itoy wala nang kakayahang patakbuhin pa ang gobyerno."
"Kaagad na umalis ang lalaki nang makuha ang P1,000, habang nalaman ng nagtitinda na nabiktima siya ng modus nang suriin ang CCTV.--FRJ.","Kaagad na umalis ang lalaki nang makuha ang P1,000, habang nalaman ng nagtitinda na nabiktima siya ng modus nang suriin ang CCTV.--FRJ."
Nagsimula raw ito mula nang gawing libre ang pamasahe ng authorized persons outside of residence o APOR sa EDSA Carousel Bus may isang buwan na ang nakararaan.,Nagsimula raw ito mula nang gawing libre ang pamasahe ng authorized persons outside of residence o APOR sa EDSA Carousel Bus may isang buwan na ang nakararaan.
"Nang tanungin siya kahapon sa media conference ng comeback teleserye niya sa GMA 7 na Bolera, ok siya sa idea na tumanggap ng manliligaw.","Nang tanungin siya kahapon sa media conference ng comeback teleserye niya sa GMA 7 na Bolera, ok siya sa idea na tumanggap ng manliligaw."
"Ang biktima ay kinilalang si Lin Zhihao, tubong China, may-asawa at residente ng naturang lugar.","Ang biktima ay kinilalang si Lin Zhihao, tubong China, may-asawa at residente ng naturang lugar."
"Kung hindi pa rin umano mareresolba ang problema sa naturang pulong para matulungan ang mga OFWs, irerekomenda na umano ni Bello kay Pangulong Rodrigo Duterte na magpatupad ng OFW deployment ban sa Saudi Arabia.","Kung hindi pa rin umano mareresolba ang problema sa naturang pulong para matulungan ang mga OFWs, irerekomenda na umano ni Bello kay Pangulong Rodrigo Duterte na magpatupad ng OFW deployment ban sa Saudi Arabia."
"Sa kabila ng pag-aresto sa mga umatakeng guwardya, agad silang pinakawalan ng pulisya na ngayoy inaalam na ng mga nagrereklamo ang dahilan.","Sa kabila ng pag-aresto sa mga umatakeng guwardya, agad silang pinakawalan ng pulisya na ngayoy inaalam na ng mga nagrereklamo ang dahilan."
"Sa ulat, alas-12:30 ng hapon nang madakma ng pinagsanib na puwersa ngTaguig Warrant and Subpoena Unitat Tanza Police ang suspek sa tinutuluyan nito sa Tanza.","Sa ulat, alas-12:30 ng hapon nang madakma ng pinagsanib na puwersa ngTaguig Warrant and Subpoena Unitat Tanza Police ang suspek sa tinutuluyan nito sa Tanza."
Magandang bawi rin ito para kay Asusano matapos madiskwalipika sa discus throw noong Martes.,Magandang bawi rin ito para kay Asusano matapos madiskwalipika sa discus throw noong Martes.
"Karumal-dumal ang sinapit na kamatayan ng isang misis matapos pagsasaksakin ng sariling mister nang tumangging makipagtalik ang una habang namamasyal sa tabing dagat sa Oslob, Cebu kamakalawa.","Karumal-dumal ang sinapit na kamatayan ng isang misis matapos pagsasaksakin ng sariling mister nang tumangging makipagtalik ang una habang namamasyal sa tabing dagat sa Oslob, Cebu kamakalawa."
"Sa isang episode ng ""Kapuso Mo, Jessica Soho,"" napag-alaman na 83-anyos na ngayon si Mang Jaime, na unang nagsilbing vice mayor ng Victoria nang ma-appoint siya noong 1986.","Sa isang episode ng ""Kapuso Mo, Jessica Soho,"" napag-alaman na 83-anyos na ngayon si Mang Jaime, na unang nagsilbing vice mayor ng Victoria nang ma-appoint siya noong 1986."
Hiniwalayan ni Kylie si Aljur at hiniwalayan din naman ni Carla si Tom.,Hiniwalayan ni Kylie si Aljur at hiniwalayan din naman ni Carla si Tom.
"Ayon sa ulat ng Bureau of Fire Protection (BFP)-Tuguegarao City, ang nasabing bahay na tinupok ng apoy ay pag-aari ni Benjamin Daquial Collado, 39, na matatagpuan sa Main Avenue corner Lakandula sa nasabing lugar.","Ayon sa ulat ng Bureau of Fire Protection (BFP)-Tuguegarao City, ang nasabing bahay na tinupok ng apoy ay pag-aari ni Benjamin Daquial Collado, 39, na matatagpuan sa Main Avenue corner Lakandula sa nasabing lugar."
"Kung ang ibang gumagamit ng drugs, e, takot sa sikat ng araw, sa tubig naman siya inaatake ng takot!","Kung ang ibang gumagamit ng drugs, e, takot sa sikat ng araw, sa tubig naman siya inaatake ng takot!"
"Ayon sa pulisya, tumawag at humingi sa kanila ng tulong ang OFW noong Nobyembre 5, at doon ay inabutan ang babae pero nakatakas ang kalaguyo nitong pulis.","Ayon sa pulisya, tumawag at humingi sa kanila ng tulong ang OFW noong Nobyembre 5, at doon ay inabutan ang babae pero nakatakas ang kalaguyo nitong pulis."
Natapos na ng National Bureau of Investigation (NBI) ang awtopsiya sa labi ng pintor na si Bree Jonson habang patuloy pa rin ang iba pang uri ng imbestigasyon ukol sa kaniyang pagkamatay.,Natapos na ng National Bureau of Investigation (NBI) ang awtopsiya sa labi ng pintor na si Bree Jonson habang patuloy pa rin ang iba pang uri ng imbestigasyon ukol sa kaniyang pagkamatay.
"Five years na silang mag-asawa at until now, never pa raw silang nagkaroon ng away.","Five years na silang mag-asawa at until now, never pa raw silang nagkaroon ng away."
"Tunghayan sa video ng ""Stories of Hope"" ang buong kuwento ng kanilang pag-iibigan.","Tunghayan sa video ng ""Stories of Hope"" ang buong kuwento ng kanilang pag-iibigan."
"Ngayon, unti-unti nang bumubuti ang pakiramdam ni Jewel, na nais na rin magampanan muli ang tungkulin niya bilang ina.","Ngayon, unti-unti nang bumubuti ang pakiramdam ni Jewel, na nais na rin magampanan muli ang tungkulin niya bilang ina."
"Dati raw kasi ay ayaw raw niya ng daily show, pero dahil sa kasundo niya ang mga kasamahan niya sa LOL, gustung-gusto na niya ang hosting job niya rito.","Dati raw kasi ay ayaw raw niya ng daily show, pero dahil sa kasundo niya ang mga kasamahan niya sa LOL, gustung-gusto na niya ang hosting job niya rito."
"Ayon kay Azurin, umaasa siyang magco-comply ang mga ito dahil hanggang Enero 31, 2023 pa naman ang deadline sa paghahain ng courtesy resignation.","Ayon kay Azurin, umaasa siyang magco-comply ang mga ito dahil hanggang Enero 31, 2023 pa naman ang deadline sa paghahain ng courtesy resignation."
"Pinapurihan din ni Major General Nolasco Mempin, commander ng 10thID ang desisyon ng mag-asawang NPA at mga dating top leaders ng nabuwag na Guerilla Front (GF) 2 na sumuko sa batas sa halip na lumaban at makipagbarilan pa sa security forces.","Pinapurihan din ni Major General Nolasco Mempin, commander ng 10thID ang desisyon ng mag-asawang NPA at mga dating top leaders ng nabuwag na Guerilla Front (GF) 2 na sumuko sa batas sa halip na lumaban at makipagbarilan pa sa security forces."
"Noong 2015, 2016, ganito rin ang sitwasyon sa vice presidential race noon.","Noong 2015, 2016, ganito rin ang sitwasyon sa vice presidential race noon."
Reaksiyon pa ng aming source.,Reaksiyon pa ng aming source.
Nagtala rin si Winston ng 5 rebounds at 6 assists para sa La Salle na kinuha ang 83-78 abante sa huling pitong segundo ng fourth quarter mula sa dalawang free throws ni Evan Nelle.,Nagtala rin si Winston ng 5 rebounds at 6 assists para sa La Salle na kinuha ang 83-78 abante sa huling pitong segundo ng fourth quarter mula sa dalawang free throws ni Evan Nelle.
"Hindi lang namin alam ang buong pangyayari, pero hindi nagkasundo sa GMA Artists Center na nag-handle sa kanya, kaya naghanap uli ng ibang aktres na gaganap, at napunta na ito kay Charlie.","Hindi lang namin alam ang buong pangyayari, pero hindi nagkasundo sa GMA Artists Center na nag-handle sa kanya, kaya naghanap uli ng ibang aktres na gaganap, at napunta na ito kay Charlie."
"Nasa pag-iingat na ngayon ng 90IB ang mga nasamsam na mga armas at kagamitan na kinabibilangan ng isang M14 rifle, limang.","Nasa pag-iingat na ngayon ng 90IB ang mga nasamsam na mga armas at kagamitan na kinabibilangan ng isang M14 rifle, limang."
Kailangan ni Erika na sumailalim sa cornea transplant para maayos ang kaniyang paningin.,Kailangan ni Erika na sumailalim sa cornea transplant para maayos ang kaniyang paningin.
"Nitong Martes, sinabi ni Health Secretary Francisco Duque III na sumasailalim na review ng HTAC ang Sinovac.","Nitong Martes, sinabi ni Health Secretary Francisco Duque III na sumasailalim na review ng HTAC ang Sinovac."
Nakabaon sa 33-34 ang Chiefs sa pagtatapos ng first half.,Nakabaon sa 33-34 ang Chiefs sa pagtatapos ng first half.
"Paglilinaw niya, exempted sa curfew ang mga essential travel, kabilang ang mga deliveries.","Paglilinaw niya, exempted sa curfew ang mga essential travel, kabilang ang mga deliveries."
Sinundan ito nang biglang pagbukas ng kinalalagyan nitong na salaming eskaparete at naka-lock.,Sinundan ito nang biglang pagbukas ng kinalalagyan nitong na salaming eskaparete at naka-lock.
"Batay sa imbestigasyon, bandang ala-1:00 ng hapon ay huling nakitang buhay ang biktima na kinokompronta ng suspek dahil sa nawawala nitong pera habang sila ay nagsusugal ng cara y cruz.","Batay sa imbestigasyon, bandang ala-1:00 ng hapon ay huling nakitang buhay ang biktima na kinokompronta ng suspek dahil sa nawawala nitong pera habang sila ay nagsusugal ng cara y cruz."
Biniro ko nga si Morissette na parang honeymoon pa rin nila ng mister dahil last year lang sila ikinasal.,Biniro ko nga si Morissette na parang honeymoon pa rin nila ng mister dahil last year lang sila ikinasal.
Sibak ang hepe ng Caloocan City Police mataposna kasuhan ng libel ang isang dalaga naunang humingi ngtulongmatapos na tangkang dukutin ng isang lalaki na nagpakilalang pulis kamakailan sa nasabing lungsod.,Sibak ang hepe ng Caloocan City Police mataposna kasuhan ng libel ang isang dalaga naunang humingi ngtulongmatapos na tangkang dukutin ng isang lalaki na nagpakilalang pulis kamakailan sa nasabing lungsod.
"Nahalal sina Belmonte at Sotto É?? pinsan nina Pasig City Mayor Vico Sotto at aktor na si Oyo Sotto É?? samga naturang pwesto noong 2019 midterm elections, matapos talunin sina Vincent Crisologo at Jopet Sison ng PDP-Laban, atbp.","Nahalal sina Belmonte at Sotto É?? pinsan nina Pasig City Mayor Vico Sotto at aktor na si Oyo Sotto É?? samga naturang pwesto noong 2019 midterm elections, matapos talunin sina Vincent Crisologo at Jopet Sison ng PDP-Laban, atbp."
Hawak ng St.,Hawak ng St.
Dapat tinatanggap ko na lang na lahat ng bagay na nangyayari may dahilan.,Dapat tinatanggap ko na lang na lahat ng bagay na nangyayari may dahilan.
"Samantala, inaasahan naman ng gobyerno na mas maraming Pilipino ang balik-trabaho ngayong niluwagan pa ang mga protocol laban sa COVID.","Samantala, inaasahan naman ng gobyerno na mas maraming Pilipino ang balik-trabaho ngayong niluwagan pa ang mga protocol laban sa COVID."
"Unang ipinataw ng Australian government ang anti-dumping measure sa loob ng limang taon noong 2006 matapos hilingin ng nag-iisang gumagawa ng canned pineapple sa Australia na Golden Circle Limited, na i-ban ang mga de-latang pinya mula sa Pilipinas.","Unang ipinataw ng Australian government ang anti-dumping measure sa loob ng limang taon noong 2006 matapos hilingin ng nag-iisang gumagawa ng canned pineapple sa Australia na Golden Circle Limited, na i-ban ang mga de-latang pinya mula sa Pilipinas."
Tuwang-tuwa si Paolo dahil napapayag nila ang kaibigan niya sa Tabing Ilog na tanggapin itong project dahil halos limang taon din silang natigil sa pag-aartista.,Tuwang-tuwa si Paolo dahil napapayag nila ang kaibigan niya sa Tabing Ilog na tanggapin itong project dahil halos limang taon din silang natigil sa pag-aartista.
Tunghayan ang buong kuwento at ang paliwanag ng duktor sa naging sitwasyon o kalagayan ni Jhon Rex.,Tunghayan ang buong kuwento at ang paliwanag ng duktor sa naging sitwasyon o kalagayan ni Jhon Rex.
Kaloka yung mga comment tungkol sa Instagram account ko sa nag-uumpisa na namang very public na paghingi ng sustento ng ex ni Jomari Yllana.,Kaloka yung mga comment tungkol sa Instagram account ko sa nag-uumpisa na namang very public na paghingi ng sustento ng ex ni Jomari Yllana.
"Ang paniwala namin, ganoon ang nangyari kina Aljur at Kylie.","Ang paniwala namin, ganoon ang nangyari kina Aljur at Kylie."
"Pero yun nga, naghahabol ang fans ni Rico at tinatalakan si Claudine na gumagawa ng kuwento para pag-usapan.","Pero yun nga, naghahabol ang fans ni Rico at tinatalakan si Claudine na gumagawa ng kuwento para pag-usapan."
"Batay sa imbestigasyon, naganap ang pangmomolestiya nang pumasok sa trabaho ang ama ng bata at umalis naman ang lola para magtrabaho bilang labandera.","Batay sa imbestigasyon, naganap ang pangmomolestiya nang pumasok sa trabaho ang ama ng bata at umalis naman ang lola para magtrabaho bilang labandera."
"Patay ang isang 25-anyos na dating seaman makaraang barilin ng isang hindi nakilalang salarin habang naglalakad ang una sa may Malate, Maynila nitong Linggo ng gabi.","Patay ang isang 25-anyos na dating seaman makaraang barilin ng isang hindi nakilalang salarin habang naglalakad ang una sa may Malate, Maynila nitong Linggo ng gabi."
"Nilaslas na pala ng babae ang bag ni Amorin at natangay ang kaniyang pitaka na naglalaman ng pera na aabot sa P10,000 ang laman.","Nilaslas na pala ng babae ang bag ni Amorin at natangay ang kaniyang pitaka na naglalaman ng pera na aabot sa P10,000 ang laman."
"Sa inisyal na ulat nitong Lunes, sinabi ng Tambler Police Station ng General Santos City Police Office na malubhang nasugatan ang dalawa pang kasamahan ng mga nasawi na sina Uday Acad at Ressan Alawadi Uday sa naturang pag-atake at naka-confine ngayon sa isang opsital.","Sa inisyal na ulat nitong Lunes, sinabi ng Tambler Police Station ng General Santos City Police Office na malubhang nasugatan ang dalawa pang kasamahan ng mga nasawi na sina Uday Acad at Ressan Alawadi Uday sa naturang pag-atake at naka-confine ngayon sa isang opsital."
Matagal-tagal nang hindi bumibili ng sapatos si Iza Calzado.,Matagal-tagal nang hindi bumibili ng sapatos si Iza Calzado.
Mag-aanim na taon nang mag-asawa sina Toni Gonzaga at Paul Soriano.,Mag-aanim na taon nang mag-asawa sina Toni Gonzaga at Paul Soriano.
Marami aniyang mga lugar sa bansa ang natukoy na mga hotspot sa online na sekswal na pang-aabuso sa mga bata.,Marami aniyang mga lugar sa bansa ang natukoy na mga hotspot sa online na sekswal na pang-aabuso sa mga bata.
"Kaya kung ano ang nasa puso at isip ninyo, iyon ang iboto nyo, huwag padala sa sasabihin nila.","Kaya kung ano ang nasa puso at isip ninyo, iyon ang iboto nyo, huwag padala sa sasabihin nila."
"Sinabi ni Burris na maliban sa mental health condition, malusog ang pangangatawan ni Quinto.","Sinabi ni Burris na maliban sa mental health condition, malusog ang pangangatawan ni Quinto."
"Target sana itong ganapin sa Enero o Pebrero sa susunod na taon sa Dubai, United Arab Emirates.","Target sana itong ganapin sa Enero o Pebrero sa susunod na taon sa Dubai, United Arab Emirates."
Patay ang isang taxi driver nang barilin ng riding-in-tandem sa harapan mismo ng kanyang pasahero sa Brgy.,Patay ang isang taxi driver nang barilin ng riding-in-tandem sa harapan mismo ng kanyang pasahero sa Brgy.
"Kinilala ang mga namatay na sina Orly Abpit na nasa listahan ng Inter-Agency Drug Information Database at Jay-Ar Abpit; kapwa residente ng Barangay Polonuling, Tupi, South Cotabato ngunit pansamantalang nakatira sa Barangay Sumbakil ng bayan.","Kinilala ang mga namatay na sina Orly Abpit na nasa listahan ng Inter-Agency Drug Information Database at Jay-Ar Abpit; kapwa residente ng Barangay Polonuling, Tupi, South Cotabato ngunit pansamantalang nakatira sa Barangay Sumbakil ng bayan."
"Noong Disyembre 2020 ay ni-raid na rin ng PNP operatives ang bahay ni Adviento sa Baggao, Cagayan.","Noong Disyembre 2020 ay ni-raid na rin ng PNP operatives ang bahay ni Adviento sa Baggao, Cagayan."
"Nakikipagbuno pa rin naman ngayon sa sakit ang nasa 29,817 sa bansa, o 'yung mga ""aktibong kasong"" 'di pa gumagaling o namamatay.","Nakikipagbuno pa rin naman ngayon sa sakit ang nasa 29,817 sa bansa, o 'yung mga ""aktibong kasong"" 'di pa gumagaling o namamatay."
Swak kay Angelica ang nasabing show dahil sa pagiging open ng kanyang lovelife.,Swak kay Angelica ang nasabing show dahil sa pagiging open ng kanyang lovelife.
"Sa ulat ni Bernadette Reyes sa GMA News ""State of the Nation,"" sinabing ang ""Ocdron"" ay binuo ng mga estudyanteng sina Jean Michel Gomez, Allain Vincent Gaspar, Mel Ivan Magsino at Christian Gaspar bilang kanilang thesis.","Sa ulat ni Bernadette Reyes sa GMA News ""State of the Nation,"" sinabing ang ""Ocdron"" ay binuo ng mga estudyanteng sina Jean Michel Gomez, Allain Vincent Gaspar, Mel Ivan Magsino at Christian Gaspar bilang kanilang thesis."
"Bagamat sugatan, nagawa pa umano ng biktima na makahingi ng tulong sa duty na security guard ng RDL Factory na si Jamil Usman, na siyang nagsugod sa kanya sa pagamutan ngunit binawian din ng buhay.","Bagamat sugatan, nagawa pa umano ng biktima na makahingi ng tulong sa duty na security guard ng RDL Factory na si Jamil Usman, na siyang nagsugod sa kanya sa pagamutan ngunit binawian din ng buhay."
"Yun din naman ang gustong mangyari ng mga supporters nila, pero hindi ba naman nakakaloka ang girl na É??yun?","Yun din naman ang gustong mangyari ng mga supporters nila, pero hindi ba naman nakakaloka ang girl na É??yun?"
"Ayon kay NBI Director Eric Distor, magsasagawa sila ng backtrack sa lahat ng aktibidad at katransaksiyon ni Tee para matukoy ang mga personalidad na nakikinabang sa kaniyang operasyon ng drogaLBG, GMA News.","Ayon kay NBI Director Eric Distor, magsasagawa sila ng backtrack sa lahat ng aktibidad at katransaksiyon ni Tee para matukoy ang mga personalidad na nakikinabang sa kaniyang operasyon ng drogaLBG, GMA News."
Napag-alaman na dati ring nakatira sa Bulacan ang suspek bago lumipat sa Leyte.,Napag-alaman na dati ring nakatira sa Bulacan ang suspek bago lumipat sa Leyte.
"Sa ilalim ng Iskolar ng Landbank program ang bawat scholar ay makatatanggap ng P100,000 kada taon para sa allowance, uniporme, pambili ng libro at iba pang gamit sa pag-aaral.","Sa ilalim ng Iskolar ng Landbank program ang bawat scholar ay makatatanggap ng P100,000 kada taon para sa allowance, uniporme, pambili ng libro at iba pang gamit sa pag-aaral."
Isa si Eian sa mga napili ng taumbayan na tuluyan nang lumabas sa Bahay ni Kuya kasama ang kapwa housemate na si Jordan Andrews.,Isa si Eian sa mga napili ng taumbayan na tuluyan nang lumabas sa Bahay ni Kuya kasama ang kapwa housemate na si Jordan Andrews.
"Nang sumulpot at magpakilala ang mga pulis, nagtatakbo ang dalawang lalaki ngunit nagawang makorner ng mga pulis si Delos Santos.","Nang sumulpot at magpakilala ang mga pulis, nagtatakbo ang dalawang lalaki ngunit nagawang makorner ng mga pulis si Delos Santos."
"Cavite, Philippines É?? Nasa malubhang kalagayan ngayon ang isang babae matapos siyang magtamo ng maraming saksak sa katawan nang magtangka siyang manlaban sa isang lalaki na nagtangkang humalay sa kanya habang naglalakad pauwi, kamakalawa ng gabi sa Barangay Paradahan 1, Tanza, Cavite.","Cavite, Philippines É?? Nasa malubhang kalagayan ngayon ang isang babae matapos siyang magtamo ng maraming saksak sa katawan nang magtangka siyang manlaban sa isang lalaki na nagtangkang humalay sa kanya habang naglalakad pauwi, kamakalawa ng gabi sa Barangay Paradahan 1, Tanza, Cavite."
"Hanggang sa pagtulog ko, suot ko ang jacket na suot ko sa pelikula,É?ù bulalas ni Mon.","Hanggang sa pagtulog ko, suot ko ang jacket na suot ko sa pelikula,É?ù bulalas ni Mon."
"Unang ipinakita ang bagong dance challenge sa ASAP Natin To, na napapanood na rin sa buong bansa sa free TV sa TV5 sa pamamagitan ng pag rescan ng anumang digital TV box na ginagamit sa bahay, gaya ng TVplus box.","Unang ipinakita ang bagong dance challenge sa ASAP Natin To, na napapanood na rin sa buong bansa sa free TV sa TV5 sa pamamagitan ng pag rescan ng anumang digital TV box na ginagamit sa bahay, gaya ng TVplus box."
"Umaabot sa 300,000 Pinoy na naturukan ng Sputnik V ang hanggang ngayon ay naghihintay pa ng 2nd dose ng bakuna.","Umaabot sa 300,000 Pinoy na naturukan ng Sputnik V ang hanggang ngayon ay naghihintay pa ng 2nd dose ng bakuna."
Parang cooking lang yan.,Parang cooking lang yan.
Sinabi naman ni Presidential Spokesperson Salvador Panelo na posibleng magkaroon ng Go-Duterte tandem bagamat nauna nang sinabi ng baguhan senador na hindi pa siya handang tumakbo sa mataas na posisyon ng bansa.,Sinabi naman ni Presidential Spokesperson Salvador Panelo na posibleng magkaroon ng Go-Duterte tandem bagamat nauna nang sinabi ng baguhan senador na hindi pa siya handang tumakbo sa mataas na posisyon ng bansa.
"Sobrang hirap dahil wala akong katuwang kasi pagdating namin sa bahay, meron na kaming pagkain.","Sobrang hirap dahil wala akong katuwang kasi pagdating namin sa bahay, meron na kaming pagkain."
Pito katao naman ang naaresto pero itinanggi nila na may kinalaman sila sa krimen.,Pito katao naman ang naaresto pero itinanggi nila na may kinalaman sila sa krimen.
(Nasecore) sa mga commissioner ng ERC pati na kay ERC chair Agnes Devanadera para ipahayag ang kanilang mariing pagtutol sa ERC Resolution No.,(Nasecore) sa mga commissioner ng ERC pati na kay ERC chair Agnes Devanadera para ipahayag ang kanilang mariing pagtutol sa ERC Resolution No.
"Hingal din Yung Kasama Niya na 26year old hahahaha,É?ù ayon kay AJ kasama ang isang video habang tumatakbo ang kanyang mom sa White Plains.","Hingal din Yung Kasama Niya na 26year old hahahaha,É?ù ayon kay AJ kasama ang isang video habang tumatakbo ang kanyang mom sa White Plains."
"Tandaan ninyo, kahit na may bakuna kayo, tatamaan pa rin kayo ng COVID-19, wala pang maibibigay sa inyong booster dose dahil wala na raw pera para diyan ang gobyerno.","Tandaan ninyo, kahit na may bakuna kayo, tatamaan pa rin kayo ng COVID-19, wala pang maibibigay sa inyong booster dose dahil wala na raw pera para diyan ang gobyerno."
Marami rin ang nakapansin ng pagiging overly thoughtful ni Joshua sa kanyang mga katrabaho.,Marami rin ang nakapansin ng pagiging overly thoughtful ni Joshua sa kanyang mga katrabaho.
"Oo, kahit ano Ewan ko, natatakot akong mag-isa, oh my God!","Oo, kahit ano Ewan ko, natatakot akong mag-isa, oh my God!"
Sinabi ni Alvina na nalampasan ng Para?Òaque ang P 4.8.,Sinabi ni Alvina na nalampasan ng Para?Òaque ang P 4.8.
"Sa katunayan, dinaig pa ni Robredo ang ilang ahensya na di hamak na may mas malaking pondo kaysa sa kanyang tanggapan, at ito ang É??skill setÉ?ù na kailangan ng bansa na pilit bumabangon mula sa masamang epekto ng pandemya.","Sa katunayan, dinaig pa ni Robredo ang ilang ahensya na di hamak na may mas malaking pondo kaysa sa kanyang tanggapan, at ito ang É??skill setÉ?ù na kailangan ng bansa na pilit bumabangon mula sa masamang epekto ng pandemya."
"Sa napi??pintong pagkumpleto ng ating committee report, umaapela ako kay Pangulong Rodrigo Duterte na sertipikahan bilang urgent ang pagpapasa ng early voting law at gawing maayos at ligtas ang paglilipat ng liderato bilang bahagi ng kanyang pamana, panawagan ni Marcos.","Sa napi??pintong pagkumpleto ng ating committee report, umaapela ako kay Pangulong Rodrigo Duterte na sertipikahan bilang urgent ang pagpapasa ng early voting law at gawing maayos at ligtas ang paglilipat ng liderato bilang bahagi ng kanyang pamana, panawagan ni Marcos."
Sa ngayon ay nanatili muna pansamantala sa kustodiya ng terminal 1 ang babae habang sila ay nakikipag-ugnayan pa sa Department of Social Welfare and Development DSWD upang pormal na itong mae-endorso sa kanila.,Sa ngayon ay nanatili muna pansamantala sa kustodiya ng terminal 1 ang babae habang sila ay nakikipag-ugnayan pa sa Department of Social Welfare and Development DSWD upang pormal na itong mae-endorso sa kanila.
"Mas chill kami, kuwento ni Chariz.","Mas chill kami, kuwento ni Chariz."
Nagpasalamat din sila sa mga bumoto kay Aquino mula pa noong unang itong tumakbo sa pagkakongresista hanggang sa manalo sa pagkapangulo noong 2010.,Nagpasalamat din sila sa mga bumoto kay Aquino mula pa noong unang itong tumakbo sa pagkakongresista hanggang sa manalo sa pagkapangulo noong 2010.
"Ang inaasahan nga noong mga nakaraang araw ay baka ilagay na ang malaking bahagi ng Pilipinas sa alert level 1, pero dahil sa biglang pasok na naman ng panibagong variant ng COVID na inaasahan na nilang tiyak namang darating din sa Pilipinas, mukhang magkakahigpitan na naman, at si Ate Vi, natural umurong na naman sa balak niyang paglabas-labas.","Ang inaasahan nga noong mga nakaraang araw ay baka ilagay na ang malaking bahagi ng Pilipinas sa alert level 1, pero dahil sa biglang pasok na naman ng panibagong variant ng COVID na inaasahan na nilang tiyak namang darating din sa Pilipinas, mukhang magkakahigpitan na naman, at si Ate Vi, natural umurong na naman sa balak niyang paglabas-labas."
Gulat sila na iba ang hitsura nito in person kesa sa mga pino-post niyang photos sa social media.,Gulat sila na iba ang hitsura nito in person kesa sa mga pino-post niyang photos sa social media.
Hinihintay na lang nila kung ano na ang mangyayari sa susunod na araw ngayong pataas pa rin nang pataas ang COVID cases.,Hinihintay na lang nila kung ano na ang mangyayari sa susunod na araw ngayong pataas pa rin nang pataas ang COVID cases.
"Ayon kay PAGASA Administrator Vicente Malano, kumawala na ang hanging amihan sa bansa na senyales ng pag-init na ng klima sa ating bansa.","Ayon kay PAGASA Administrator Vicente Malano, kumawala na ang hanging amihan sa bansa na senyales ng pag-init na ng klima sa ating bansa."
Sinabi ng mambabatas na inatasan na ni President Duterte ang Department of Justice at ang National Bureau of Investigation na pangunahan ang imbestigasyon sa insidente.,Sinabi ng mambabatas na inatasan na ni President Duterte ang Department of Justice at ang National Bureau of Investigation na pangunahan ang imbestigasyon sa insidente.
Gamit ang metagenomics technique É?? ang pag-aaral sa specific group ng microorganisms É?? sinusuri ang genetic material ng sample mula sa superworms.,Gamit ang metagenomics technique É?? ang pag-aaral sa specific group ng microorganisms É?? sinusuri ang genetic material ng sample mula sa superworms.
"Pero sa aming tsikahan, nag-throwback muna kami nung panahong kainitan ng kanyang career sa GMA 7, na kung saan tinangkilik din ang mga drama series na pinagsamahan nila ni Alden Richards.","Pero sa aming tsikahan, nag-throwback muna kami nung panahong kainitan ng kanyang career sa GMA 7, na kung saan tinangkilik din ang mga drama series na pinagsamahan nila ni Alden Richards."
"Sabi ko na sa iyo, Salve at Gorgy, Baguio, Tagaytay, Boracay, Palawan na lang tayo ngayon, wala na munang travel abroad, local tours muna ang i-enjoy natin.","Sabi ko na sa iyo, Salve at Gorgy, Baguio, Tagaytay, Boracay, Palawan na lang tayo ngayon, wala na munang travel abroad, local tours muna ang i-enjoy natin."
"Kasabay nito, tiniyak din ng pulisya na ligtas pa ring puntahan ng mga turista ang Marinduque, ayon sa ulat.","Kasabay nito, tiniyak din ng pulisya na ligtas pa ring puntahan ng mga turista ang Marinduque, ayon sa ulat."
Hangarin kasi ni Mam Betty Go na magkaroon ng disenteng diyaryo na abot-kaya ng bulsa ng masang Pilipino sa lengguwaheng mas naiintindihan nila.,Hangarin kasi ni Mam Betty Go na magkaroon ng disenteng diyaryo na abot-kaya ng bulsa ng masang Pilipino sa lengguwaheng mas naiintindihan nila.
"Sige nga, isa-isahin natin ang mga myembro ng noontime show kung mayroon maglalakas ng loob kahit isa lang na magsasabi na hindi na tama ang pinaggagagawa ni Vice?","Sige nga, isa-isahin natin ang mga myembro ng noontime show kung mayroon maglalakas ng loob kahit isa lang na magsasabi na hindi na tama ang pinaggagagawa ni Vice?"
"Siyempre iniisip ko, kahit anong mangyari hindi ko naman pababayaan yan, siyempre kapatid ko yan.","Siyempre iniisip ko, kahit anong mangyari hindi ko naman pababayaan yan, siyempre kapatid ko yan."
Nagpaalala rin si Rabiya sa publiko na mag-ingat sa mga binu-book online para maiwasan ang scam.,Nagpaalala rin si Rabiya sa publiko na mag-ingat sa mga binu-book online para maiwasan ang scam.
"Tinatayang aabot sa 1,500 taekwondo jins mula sa mahigit 50 koponan ang magbabalik aksyon sa face-to-face competition sa pagratsada ng 2022 SMART/MVP Sports Foundation National Taekwondo Poomsae Championships simula ngayon hanggang bukas sa Ayala Malls sa Manila.","Tinatayang aabot sa 1,500 taekwondo jins mula sa mahigit 50 koponan ang magbabalik aksyon sa face-to-face competition sa pagratsada ng 2022 SMART/MVP Sports Foundation National Taekwondo Poomsae Championships simula ngayon hanggang bukas sa Ayala Malls sa Manila."
"Pasok din daw sa cast ang dati kong alagang si Mark Herras at Katrina Halili, at makakasama rin ang batikang singer at aktor na si Buboy Garovillo.","Pasok din daw sa cast ang dati kong alagang si Mark Herras at Katrina Halili, at makakasama rin ang batikang singer at aktor na si Buboy Garovillo."
Narito naman ang opinyon ng adult Filipinos pagdating sa polisiya ng voluntary face mask use.,Narito naman ang opinyon ng adult Filipinos pagdating sa polisiya ng voluntary face mask use.
Sumusunod naman umano siya sa kanilang kasunduan na hindi siya magdedeklara ng suporta sa sinumang kalaban ng dalawa at hindi rin siya dumalo sa kahit aling pagtitipon ng mga kandidato.,Sumusunod naman umano siya sa kanilang kasunduan na hindi siya magdedeklara ng suporta sa sinumang kalaban ng dalawa at hindi rin siya dumalo sa kahit aling pagtitipon ng mga kandidato.
"Kasabay nang mahigpit na kapit sa kawayan, tatagain ni Lola Gloria ang bagong usbong na kawayan na kakailangan niya sa paggawa ng basket.","Kasabay nang mahigpit na kapit sa kawayan, tatagain ni Lola Gloria ang bagong usbong na kawayan na kakailangan niya sa paggawa ng basket."
"Paliwanag naman ni Steve Dailisan, spokesperson ng AirAsia Philippines, ang mga nakukuha nilang talent ay sa pamamagitan lamang ng ex-deal at ginawa umano ito para matulungan na bumangon ang airline industry sa kabila ng COVID-19 pandemic.","Paliwanag naman ni Steve Dailisan, spokesperson ng AirAsia Philippines, ang mga nakukuha nilang talent ay sa pamamagitan lamang ng ex-deal at ginawa umano ito para matulungan na bumangon ang airline industry sa kabila ng COVID-19 pandemic."
"Samantala, pinag-usapan din kahapon na marami siyang kinuhang É??kapamilyaÉ?? nung nawalan ng prangkisa ang ABS-CBN kung saan nga libu-libo ang nawalan ng trabaho at isa talaga siya sa nagbukas ng pinto para sa mga nawalan ng trabaho.","Samantala, pinag-usapan din kahapon na marami siyang kinuhang É??kapamilyaÉ?? nung nawalan ng prangkisa ang ABS-CBN kung saan nga libu-libo ang nawalan ng trabaho at isa talaga siya sa nagbukas ng pinto para sa mga nawalan ng trabaho."
Inalis ng pangulo si Masongsong sa serbisyo dahil sa isyu ng katiwalian matapos imbestigahan ng Presidential Anti-Corruption Commission (PACC) at irekomenda ang pagsibak dito.,Inalis ng pangulo si Masongsong sa serbisyo dahil sa isyu ng katiwalian matapos imbestigahan ng Presidential Anti-Corruption Commission (PACC) at irekomenda ang pagsibak dito.
"Kinilala ni Binag ang anim na nahuling suspek na sina Ryan Cadorniga, 33-anyos, may-asawa; Dionisio Cadorniga, 65, may-asawa; Marlon Cadorniga, 39, binata; Robert Cadorniga, 30, binata; Rodolfo Cadorniga, 65, may-asawa; at Allan Cadorniga, 36, may-asawa; pawang residente ng Purok Pinyahan, Sitio Duplas, Brgy.","Kinilala ni Binag ang anim na nahuling suspek na sina Ryan Cadorniga, 33-anyos, may-asawa; Dionisio Cadorniga, 65, may-asawa; Marlon Cadorniga, 39, binata; Robert Cadorniga, 30, binata; Rodolfo Cadorniga, 65, may-asawa; at Allan Cadorniga, 36, may-asawa; pawang residente ng Purok Pinyahan, Sitio Duplas, Brgy."
"Sa nasabing confirmation hearing ng CA, tinanong din ni Sagip party-list Representative Rodante Marcoleta si Solidum, kung maaari bang gawin sa Pilipinas ang mga food pill na tulad ng kinakain ng mga astronaut sa kalawakan para maipamahagi sa mga mahihirap nang hindi sila magutom.","Sa nasabing confirmation hearing ng CA, tinanong din ni Sagip party-list Representative Rodante Marcoleta si Solidum, kung maaari bang gawin sa Pilipinas ang mga food pill na tulad ng kinakain ng mga astronaut sa kalawakan para maipamahagi sa mga mahihirap nang hindi sila magutom."
"Iginiit pa ni Gatchalian na pagdating sa sahod, napag-iwanan na ang mga guro ng bansa kung ikukumpara sa mga guro sa ASEAN region.","Iginiit pa ni Gatchalian na pagdating sa sahod, napag-iwanan na ang mga guro ng bansa kung ikukumpara sa mga guro sa ASEAN region."
"Sunod na itinanong sa aktres ay ano ang pinaka-pinandidirihan niya sa lalaki: may mahabang kuko, may mahabang buhok sa dibdib, o may mahabang leeg?","Sunod na itinanong sa aktres ay ano ang pinaka-pinandidirihan niya sa lalaki: may mahabang kuko, may mahabang buhok sa dibdib, o may mahabang leeg?"
"Sanggol, may nakadikit na mga binti sa dibdib mula sa hindi naubong kambal.","Sanggol, may nakadikit na mga binti sa dibdib mula sa hindi naubong kambal."
Agad-agad nilinaw ni Ruffa Gutierrez na may pinalayas siyang dalawang kasambahay na hindi binayaran ng suweldo.,Agad-agad nilinaw ni Ruffa Gutierrez na may pinalayas siyang dalawang kasambahay na hindi binayaran ng suweldo.
"Kailangan mag-effort talaga at magpakita ng panibago palagi or interesting na kakapitan ka pa rin nila, paliwanag niya.","Kailangan mag-effort talaga at magpakita ng panibago palagi or interesting na kakapitan ka pa rin nila, paliwanag niya."
"Gcq pa rin dapat at iyong mga low-risk areas na, low risk towns or cities of Metro Manila, puwede silang mag-MGCQ, paliwanag ni Pernia sa isang panayam.","Gcq pa rin dapat at iyong mga low-risk areas na, low risk towns or cities of Metro Manila, puwede silang mag-MGCQ, paliwanag ni Pernia sa isang panayam."
"Sa programang ""Mars Pa More,"" sinabi ni Jon na hindi siya gumawa o hindi siya nagkaroon ng intimate scenes sa mga proyekto na kaniyang ginagawa.","Sa programang ""Mars Pa More,"" sinabi ni Jon na hindi siya gumawa o hindi siya nagkaroon ng intimate scenes sa mga proyekto na kaniyang ginagawa."
Solidong tulong ang ibinibigay ng Manny V.,Solidong tulong ang ibinibigay ng Manny V.
"Bago naganap ang aksidente, ala-1:00 ng hapon ay mabilis na binabagtas ng kotseng Nissan Cefiro (JCZ-888) na minamaneho ni Melchor ang kahabaan ng highway pauwi mula Naga City.","Bago naganap ang aksidente, ala-1:00 ng hapon ay mabilis na binabagtas ng kotseng Nissan Cefiro (JCZ-888) na minamaneho ni Melchor ang kahabaan ng highway pauwi mula Naga City."
"Ang mananalo ay mag-uuwi ng P100,000 at additional P100,000 kung mananalo pa sila sa jackpot round.","Ang mananalo ay mag-uuwi ng P100,000 at additional P100,000 kung mananalo pa sila sa jackpot round."
"But that's natural, doon din naman talaga pupunta, dagdag ni Carla.--FRJ.","But that's natural, doon din naman talaga pupunta, dagdag ni Carla.--FRJ."
Hindi umano niya kilala ang kanyang biktima.,Hindi umano niya kilala ang kanyang biktima.
Ayon dito ay worth P32 million nga ang napiling insurance policy ng vlogger para sa kanyang dyowa at kung sakali mang may mangyari sa kanila ay siguradong magiging maayos pa rin ang buhay ni Tyronia dahil siya ang nakalagay na benipisyaryo ng vlogger.,Ayon dito ay worth P32 million nga ang napiling insurance policy ng vlogger para sa kanyang dyowa at kung sakali mang may mangyari sa kanila ay siguradong magiging maayos pa rin ang buhay ni Tyronia dahil siya ang nakalagay na benipisyaryo ng vlogger.
"Dito na muling tumakbo ang lalaking armado ng bolo, at dumami naman ang mga tao na humabol sa kaniya.","Dito na muling tumakbo ang lalaking armado ng bolo, at dumami naman ang mga tao na humabol sa kaniya."
"Gayunman, pumasok pa rin siya sa ibang negosyo na gasoline station, at doon na sila sinuwerte at umasenso nang tuluyan.","Gayunman, pumasok pa rin siya sa ibang negosyo na gasoline station, at doon na sila sinuwerte at umasenso nang tuluyan."
"Kasi hindi natin alam lalo na sa approaching ng pedestrian lane, hindi natin alam kung ano ang desisyon ng isang naglalakad along the highway kung tatawid o ano.","Kasi hindi natin alam lalo na sa approaching ng pedestrian lane, hindi natin alam kung ano ang desisyon ng isang naglalakad along the highway kung tatawid o ano."
"Isinailalim sa red at yellow alert ang Luzon grid noong Hunyo 1 hanggang Hunyo 4 dahil kumulang ang supply nang mag-shutdown ang ilang power plant at nabawasan ng 4,000 MW ang kuryente sa naturang grid.","Isinailalim sa red at yellow alert ang Luzon grid noong Hunyo 1 hanggang Hunyo 4 dahil kumulang ang supply nang mag-shutdown ang ilang power plant at nabawasan ng 4,000 MW ang kuryente sa naturang grid."
Una nang nakipagkasundo ang DSWD sa Department of the Interior and Local Government (DILG) upang mapangunahan ng LGUs ang paglalaan ng lugar at seguridad sa distribusyon ng ayuda.,Una nang nakipagkasundo ang DSWD sa Department of the Interior and Local Government (DILG) upang mapangunahan ng LGUs ang paglalaan ng lugar at seguridad sa distribusyon ng ayuda.
"Sa ulat ng Southern Police District (SPD), dakong alas- 7:10 ng gabi ng Disyembre 23 nang arestuhin ang suspek matapos siyang dumaan sa Cubicle No.","Sa ulat ng Southern Police District (SPD), dakong alas- 7:10 ng gabi ng Disyembre 23 nang arestuhin ang suspek matapos siyang dumaan sa Cubicle No."
Mag-isang naninirahan ngayon si Julia sa bagong bahay na kanyang naipundar.,Mag-isang naninirahan ngayon si Julia sa bagong bahay na kanyang naipundar.
Naniniwala si Tansingco na ang pekeng utos ay ginagamit ng mga sindikato na nananakot sa mga dayuhan sa bansa para i-scam sila.,Naniniwala si Tansingco na ang pekeng utos ay ginagamit ng mga sindikato na nananakot sa mga dayuhan sa bansa para i-scam sila.
É??Siyempre sina mama tinutulungan nila ako sa ngayon.,É??Siyempre sina mama tinutulungan nila ako sa ngayon.
"Ayon sa BTr, makukubra nito ang pera sa April 22.","Ayon sa BTr, makukubra nito ang pera sa April 22."
Sinubukan umano sa Spain ang lifetime validity ng pasaporte subalit ibinalik din ito sa 10-taon dahil sa problema sa mga boarders.,Sinubukan umano sa Spain ang lifetime validity ng pasaporte subalit ibinalik din ito sa 10-taon dahil sa problema sa mga boarders.
"Va-riant, 11 ang lokal na kaso at isa ang inaalam pa.","Va-riant, 11 ang lokal na kaso at isa ang inaalam pa."
Ayon kay Marcos na É??misunderstoodÉ?ù ang trabaho ni Soriano na hindi naman bahagi ng É??PR machineÉ?ù ng gobyerno kundi tagahanap ng paraan para isulong ang creative industry.,Ayon kay Marcos na É??misunderstoodÉ?ù ang trabaho ni Soriano na hindi naman bahagi ng É??PR machineÉ?ù ng gobyerno kundi tagahanap ng paraan para isulong ang creative industry.
"Sa sandali naman anilang makapagpalabas na ng mga kinakailangang regulasyon at polisiya, maaari ding tumanggap at magproseso ang Land Bank AFCS solution ng iba pang EMV contactless cards na iniisyu ng ibang local banks.","Sa sandali naman anilang makapagpalabas na ng mga kinakailangang regulasyon at polisiya, maaari ding tumanggap at magproseso ang Land Bank AFCS solution ng iba pang EMV contactless cards na iniisyu ng ibang local banks."
"Since mayroon pong cases ng ASF sa ibang lalawigan lalo na sa gawing Visayas at dumadami ang hog traders na nagpapasok ng baboy sa ating lalawigan, kailangan natin itong i-regulate upang masiguro natin na hindi tayo mapapasukan ng mga ASF positive na baboy, ani Fernando.","Since mayroon pong cases ng ASF sa ibang lalawigan lalo na sa gawing Visayas at dumadami ang hog traders na nagpapasok ng baboy sa ating lalawigan, kailangan natin itong i-regulate upang masiguro natin na hindi tayo mapapasukan ng mga ASF positive na baboy, ani Fernando."
Tiniyak din ng Pangulo sa mga lokal na pinuno ang suporta ng national government sa gitna ng kanilang paghahanda para sa ganap na paglilipat ng mga responsibilidad sa mga local government units.,Tiniyak din ng Pangulo sa mga lokal na pinuno ang suporta ng national government sa gitna ng kanilang paghahanda para sa ganap na paglilipat ng mga responsibilidad sa mga local government units.
"Ikalawa, makakaiwas ba sila sa pandemya kung ganitong wala na silang makain at wala nang pambili ng face mask, faceshield at iba pang proteksyon?","Ikalawa, makakaiwas ba sila sa pandemya kung ganitong wala na silang makain at wala nang pambili ng face mask, faceshield at iba pang proteksyon?"
Ipinakita ni Asias Nightingale Lani Misalucha ang ginagamit niyang hearing aids.,Ipinakita ni Asias Nightingale Lani Misalucha ang ginagamit niyang hearing aids.
Kalat na kalat na ang mga inimbento niyang kuwento.,Kalat na kalat na ang mga inimbento niyang kuwento.
Kinlaro namin sa kanya kung pati ba sa mga lumabas na mga nominado ay dumaan din sa matinding deliberations?,Kinlaro namin sa kanya kung pati ba sa mga lumabas na mga nominado ay dumaan din sa matinding deliberations?
Maayos ang daloy ng kuwento na nagpapaunawa sa manonood na ang tunay na pagmamahal ay hindi nanunukat kung lalaki o babae ba ang iniibig mo.,Maayos ang daloy ng kuwento na nagpapaunawa sa manonood na ang tunay na pagmamahal ay hindi nanunukat kung lalaki o babae ba ang iniibig mo.
"Taong 2018 nang makaalitan ni Pangulong Rodrigo Duterte ang istasyon matapos aniya hindi maiere ang ilan niyang patalastas noong 2016 presidential elections, dahilan para sabihin niyang hindi niya ipare-renew ang prangkisa ng network kung siya ang masusunod.","Taong 2018 nang makaalitan ni Pangulong Rodrigo Duterte ang istasyon matapos aniya hindi maiere ang ilan niyang patalastas noong 2016 presidential elections, dahilan para sabihin niyang hindi niya ipare-renew ang prangkisa ng network kung siya ang masusunod."
"Youre having fun pero hindi mo sineseryoso masyado until malaman mo na kailangan mo na pala talagang seryosohin, trabaho kasi ito, sabi ni Cogie.","Youre having fun pero hindi mo sineseryoso masyado until malaman mo na kailangan mo na pala talagang seryosohin, trabaho kasi ito, sabi ni Cogie."
"Ayon kay Liza na ina ni Benjie, nakatulog ang nagbabantay sa anak at mag-isang nagpunta sa ilog ang biktima.","Ayon kay Liza na ina ni Benjie, nakatulog ang nagbabantay sa anak at mag-isang nagpunta sa ilog ang biktima."
Kinilala ang nasawi na si Aledo Recarte Santos habang patuloy na kinikilala ang walong sugatan na karamihan ay lulan ng bus.,Kinilala ang nasawi na si Aledo Recarte Santos habang patuloy na kinikilala ang walong sugatan na karamihan ay lulan ng bus.
Nabatid pa na ang first batch na darating sa Hulyo ay para sa mga manggagawa sa pribadong sektor.,Nabatid pa na ang first batch na darating sa Hulyo ay para sa mga manggagawa sa pribadong sektor.
"Matatagpuan sa Just Love Kids section ng iWantTFC ang original animated series na Jet and the Pet Rangers, Kapamilya teleseryes na Starla, Hiwaga ng Kambat, Nang Ngumiti Ang Langit, at Agua Bendita, at ang season five ng Team YeY.","Matatagpuan sa Just Love Kids section ng iWantTFC ang original animated series na Jet and the Pet Rangers, Kapamilya teleseryes na Starla, Hiwaga ng Kambat, Nang Ngumiti Ang Langit, at Agua Bendita, at ang season five ng Team YeY."
Nakatakdang magtapos ang kontrata ni Abnett sa Disyembre ng taong ito at gusto ni ABAP president Ricky Vargas na bigyan muli ng panibagong termino ang Australian mentor.,Nakatakdang magtapos ang kontrata ni Abnett sa Disyembre ng taong ito at gusto ni ABAP president Ricky Vargas na bigyan muli ng panibagong termino ang Australian mentor.
May plano na ang bride na mangibang bansa para magtrabaho kaya tinupad muna niya ang pangarap bilang mag-asawa.,May plano na ang bride na mangibang bansa para magtrabaho kaya tinupad muna niya ang pangarap bilang mag-asawa.
Nakikita mo rin yung kanyang leadership style.,Nakikita mo rin yung kanyang leadership style.
"Bukod sa magagandang tourist spots na pinapasyalan nila, nilabas na uli ni Jinkee ang mga luxury brand niya from bags, mga damit and slippers na pinahinga niya during the campaign period.","Bukod sa magagandang tourist spots na pinapasyalan nila, nilabas na uli ni Jinkee ang mga luxury brand niya from bags, mga damit and slippers na pinahinga niya during the campaign period."
Matiyaga raw na inilalagay ng kaniyang mga anak ang naturang mga joke sa lalagyan.,Matiyaga raw na inilalagay ng kaniyang mga anak ang naturang mga joke sa lalagyan.
"Rose Marie Rosete-Liquete, mas mataas ang nasabing bilang kumpara sa mga health worker nila na nagpositibo sa COVID-19 noong nakaraang taon na wala pa sa 500.","Rose Marie Rosete-Liquete, mas mataas ang nasabing bilang kumpara sa mga health worker nila na nagpositibo sa COVID-19 noong nakaraang taon na wala pa sa 500."
Kaya naintindihan naman niyang madalas na hindi nakakasama sa mga pagtitipon nilang mag-anak dahil nga napaka-busy nito at umiiwas din dahil sa lagi siyang nai-expose sa maraming tao.,Kaya naintindihan naman niyang madalas na hindi nakakasama sa mga pagtitipon nilang mag-anak dahil nga napaka-busy nito at umiiwas din dahil sa lagi siyang nai-expose sa maraming tao.
"(Rombon News) É?? Isang bagong silang na sanggol ang inabandona ng kanyang mga magulang sa isang damuhan sa Barangay Hinag-oman, Ferrol, Romblon noong nakaraang linggo.","(Rombon News) É?? Isang bagong silang na sanggol ang inabandona ng kanyang mga magulang sa isang damuhan sa Barangay Hinag-oman, Ferrol, Romblon noong nakaraang linggo."
Barangay Nazareth ay biglang sumulpot ang mga suspek na sakay ng isang motorsiklo at walang kaabog-abog na pinagbabaril ang biktima kayat nawalan ng kontrol sa manibela at nasalpok nito ang isang motorcycle rider.,Barangay Nazareth ay biglang sumulpot ang mga suspek na sakay ng isang motorsiklo at walang kaabog-abog na pinagbabaril ang biktima kayat nawalan ng kontrol sa manibela at nasalpok nito ang isang motorcycle rider.
"Sa nasabing programa, binasa ng mga grupo at mga volunteer ang isang Manifesto of Support kung saan nagpahayag sila ng buong suporta kay VP Robredo sakaling tumakbo siya bilang pangulo sa 2022.","Sa nasabing programa, binasa ng mga grupo at mga volunteer ang isang Manifesto of Support kung saan nagpahayag sila ng buong suporta kay VP Robredo sakaling tumakbo siya bilang pangulo sa 2022."
Marahil ay ikinalulungkot ng ating Panginoon ang nakikita niya sa ibabaw ng lupa.,Marahil ay ikinalulungkot ng ating Panginoon ang nakikita niya sa ibabaw ng lupa.
Nakita raw niya ang latest video na ipinost ni LJ sa kanyang Instagram account.,Nakita raw niya ang latest video na ipinost ni LJ sa kanyang Instagram account.
"In fairness kay Papa Miguel, basta employee niya roon siya kampi, kaya kahit ano pa ang mga reklamo against sa iyo, papagalitan ka niya, pero sa iyo pa rin siya kakampi against doon sa nag-complain tungkol sa iyo na outsider sa office.","In fairness kay Papa Miguel, basta employee niya roon siya kampi, kaya kahit ano pa ang mga reklamo against sa iyo, papagalitan ka niya, pero sa iyo pa rin siya kakampi against doon sa nag-complain tungkol sa iyo na outsider sa office."
Ito ang lumabas sa isang survey kamakailan kung saan tinanong ang may 800 na taga-San Jose Del Monte tungkol sa É??job satisfactionÉ?ù at É??favorabilityÉ?ù ng mag-asawang Robes.,Ito ang lumabas sa isang survey kamakailan kung saan tinanong ang may 800 na taga-San Jose Del Monte tungkol sa É??job satisfactionÉ?ù at É??favorabilityÉ?ù ng mag-asawang Robes.
"Mula alas-12 ng hatinggabi ng Oktubre 31 hanggang alas-11:59 ng gabi sa Nobyembre 2, itatalaga ang city teams sa mga entrances ng mga sementeryo upang suriin ang vaccination cards ng mga bisita, na kinakailangan ding magpakita ng identification card na may larawan.","Mula alas-12 ng hatinggabi ng Oktubre 31 hanggang alas-11:59 ng gabi sa Nobyembre 2, itatalaga ang city teams sa mga entrances ng mga sementeryo upang suriin ang vaccination cards ng mga bisita, na kinakailangan ding magpakita ng identification card na may larawan."
Wala naman po ako naging tama ng bala.,Wala naman po ako naging tama ng bala.
"Sa pahayag naman ng Bulacan Medical Center, sinabi nitong taos-puso silang nakikiramay sa pamilya ng namatay.","Sa pahayag naman ng Bulacan Medical Center, sinabi nitong taos-puso silang nakikiramay sa pamilya ng namatay."
"Gayunman, nang lumabas ang biktima sa tindahan, dito na siya nilapitan ng suspek at sunud-sunod na pinaputukan ng baril.","Gayunman, nang lumabas ang biktima sa tindahan, dito na siya nilapitan ng suspek at sunud-sunod na pinaputukan ng baril."
Na sinasagot ang simpleng katanungan: Paano nga ba masasabing positibo sa COVID-19 ang isang tao?,Na sinasagot ang simpleng katanungan: Paano nga ba masasabing positibo sa COVID-19 ang isang tao?
Nag-iinit umano ang unit kahit hindi naka-charge kaya nais niyang irefund subalit nai-block siya ni Hang nang kulitin niya ito hanggang sa nagpasaklolo sa kaibigan na dumiskarte para maka-order ulit at maaresto sa entrapment ang delivery rider.,Nag-iinit umano ang unit kahit hindi naka-charge kaya nais niyang irefund subalit nai-block siya ni Hang nang kulitin niya ito hanggang sa nagpasaklolo sa kaibigan na dumiskarte para maka-order ulit at maaresto sa entrapment ang delivery rider.
Hindi pa rin malinaw kung maglalaro si Jaja Santiago sa All-Filipino Conference.,Hindi pa rin malinaw kung maglalaro si Jaja Santiago sa All-Filipino Conference.
Dalawang players ng team ang nakaramdam na nawalan ang mga ito ng pang-amoy at panlasa É?? bagay na ilan sa indikasyon ng pagkakaroon ng COVID-19.,Dalawang players ng team ang nakaramdam na nawalan ang mga ito ng pang-amoy at panlasa É?? bagay na ilan sa indikasyon ng pagkakaroon ng COVID-19.
Kasama na nga siya sa bagong dagdag sa lumalaking grupo ng broadcast personalities sa ALLTV ng AMBS.,Kasama na nga siya sa bagong dagdag sa lumalaking grupo ng broadcast personalities sa ALLTV ng AMBS.
Nangangalap na rin ang pulisya ng mga ebidensya kabilang na ang footages ng mga CCTV sa bisinidad ng lugar ng krimen para makilala ang gunman.,Nangangalap na rin ang pulisya ng mga ebidensya kabilang na ang footages ng mga CCTV sa bisinidad ng lugar ng krimen para makilala ang gunman.
"Sa inisyal na imbestigasyon, sinasabing minamaneho ni Celfo ang isang truck sa C6 Road, mula sa Taguig City patungong Taytay, habang si Gagarin naman ay sakay ng kanyang motorsiklo, nang pagsapit sa outer most lane ng kalsada, ay aksidente siyang nahagip ng front right bumper side ng sasakyan ni Celfo.","Sa inisyal na imbestigasyon, sinasabing minamaneho ni Celfo ang isang truck sa C6 Road, mula sa Taguig City patungong Taytay, habang si Gagarin naman ay sakay ng kanyang motorsiklo, nang pagsapit sa outer most lane ng kalsada, ay aksidente siyang nahagip ng front right bumper side ng sasakyan ni Celfo."
"Nire-review yan ngayon sapagkat yung budget na nakalaan, of course through congressional approval at nung nakaraang administrasyon, ay sasapat lang at hindi kasama yung ibang ruta na hinihiling nila ngayon, paliwanag pa ni Chavez, sa panayam sa telebisyon nitong Lunes.","Nire-review yan ngayon sapagkat yung budget na nakalaan, of course through congressional approval at nung nakaraang administrasyon, ay sasapat lang at hindi kasama yung ibang ruta na hinihiling nila ngayon, paliwanag pa ni Chavez, sa panayam sa telebisyon nitong Lunes."
"We would never have met nor reconnected had it not been for Noy Thank you to my kuya, kahit wala na sya ramdam na ramdam ko na kahit ilang beses kaming nagkatampuhan, kahit kailan gagawa talaga sya ng paraan na ma-assure kami nila kuya josh at bimb kung gaano nya kami kamahal at hindi talaga sya papayag na ma feel namin na kami ay mapapabayaan.","We would never have met nor reconnected had it not been for Noy Thank you to my kuya, kahit wala na sya ramdam na ramdam ko na kahit ilang beses kaming nagkatampuhan, kahit kailan gagawa talaga sya ng paraan na ma-assure kami nila kuya josh at bimb kung gaano nya kami kamahal at hindi talaga sya papayag na ma feel namin na kami ay mapapabayaan."
Kaagad naman umanong binuksan ng driver ang pinto ng bus upang makalabas ang mga pasahero.,Kaagad naman umanong binuksan ng driver ang pinto ng bus upang makalabas ang mga pasahero.
Sinabi pa niya na ang pasyente ay hindi nagpakita ng anumang sintomas o asymptomatic.,Sinabi pa niya na ang pasyente ay hindi nagpakita ng anumang sintomas o asymptomatic.
"At nitong kasagsagan ng CONID-19 pandemic, nagsara ang pinapasokan restaurant ni Grace.","At nitong kasagsagan ng CONID-19 pandemic, nagsara ang pinapasokan restaurant ni Grace."
"Ang kandidatura ni Roque ay tinutulan ng mahigit 150 abogadong Filipino mula sa ibat ibang organisasyon dahil hindi umano ito karapat-dapat dahil sa pagtatanggol sa umanoy hindi katanggap-tanggap na pananaw ni Pangulong Rodrigo Duterte tungkol sa karapatang pantao, hustisya at mabuting pamamahala.","Ang kandidatura ni Roque ay tinutulan ng mahigit 150 abogadong Filipino mula sa ibat ibang organisasyon dahil hindi umano ito karapat-dapat dahil sa pagtatanggol sa umanoy hindi katanggap-tanggap na pananaw ni Pangulong Rodrigo Duterte tungkol sa karapatang pantao, hustisya at mabuting pamamahala."
"Kundi ba naman siya hitad, ang ganda-ganda ng pag-aalagang ibinibigay sa kanya ng network nila, pero hindi niya naman pinahahalagahan.","Kundi ba naman siya hitad, ang ganda-ganda ng pag-aalagang ibinibigay sa kanya ng network nila, pero hindi niya naman pinahahalagahan."
Hindi siya apektado ng pandemya.,Hindi siya apektado ng pandemya.
"Naging mas challenging pa ang pag-aaral dahil nahaharap tayo sa maraming pagsubok, lalo na sa blended learning na ipinatutupad sa mga paaralan, sabi ni Go.","Naging mas challenging pa ang pag-aaral dahil nahaharap tayo sa maraming pagsubok, lalo na sa blended learning na ipinatutupad sa mga paaralan, sabi ni Go."
"Mensahe ng aktor, Gusto ko lang mag-thank you kasi pinili mo ako na samahan sa journey na ito.","Mensahe ng aktor, Gusto ko lang mag-thank you kasi pinili mo ako na samahan sa journey na ito."
"Pagkatapos, inutusan ni Robredo ang kanyang tauhan na bilhin ang tindang mais ng lalake, na nag-uumapaw sa tuwa nang personal na makaharap ang Bise Presidente.","Pagkatapos, inutusan ni Robredo ang kanyang tauhan na bilhin ang tindang mais ng lalake, na nag-uumapaw sa tuwa nang personal na makaharap ang Bise Presidente."
"Dalawang beses nagpunta rito sa Pilipinas si Nam Joo Hyuk, at sad na nang huli niyang meet and greet naging unruly at wild ang fans kaya naging kalokah ang experience niya.","Dalawang beses nagpunta rito sa Pilipinas si Nam Joo Hyuk, at sad na nang huli niyang meet and greet naging unruly at wild ang fans kaya naging kalokah ang experience niya."
Batas na ang panukala na naglalayong mabigyan ng proteksyon ang mga bata laban sa online sexual abuse at masawata ang mga exploitative materials online kung saan ginagamit din ang mga bata.,Batas na ang panukala na naglalayong mabigyan ng proteksyon ang mga bata laban sa online sexual abuse at masawata ang mga exploitative materials online kung saan ginagamit din ang mga bata.
"Hindi pa naman makapaglabas sa ngayon ng pinal na listahan ng higit 100 eskwelahang lalahok sa mga naturang pilot implementation. Gayunpaman, 638 paaralan na ang inirekomenda ng Regional Directors matapos pumasa sa eligibility criteria kasama na ang resulta ng School Readiness Assesment Tool.","Hindi pa naman makapaglabas sa ngayon ng pinal na listahan ng higit 100 eskwelahang lalahok sa mga naturang pilot implementation. Gayunpaman, 638 paaralan na ang inirekomenda ng Regional Directors matapos pumasa sa eligibility criteria kasama na ang resulta ng School Readiness Assesment Tool."
"Sa kaniyang petisyon, sinabi ni Rosal na pinagkaitan siya ng Comelec ng É??constitutional right of due processÉ?ù nang hindi pagbigyan nito ang kanyang mosyon na mailipat ang araw ng hearing ng preliminary conference.","Sa kaniyang petisyon, sinabi ni Rosal na pinagkaitan siya ng Comelec ng É??constitutional right of due processÉ?ù nang hindi pagbigyan nito ang kanyang mosyon na mailipat ang araw ng hearing ng preliminary conference."
Madalas din na ang male star na iyan ay inili-link sa pag-e-entertain ng mga gay foreign personalities na dinadala rito sa atin ng isang kumpanya.,Madalas din na ang male star na iyan ay inili-link sa pag-e-entertain ng mga gay foreign personalities na dinadala rito sa atin ng isang kumpanya.
Pinangisda sa sarili nating karagatan na bawal mangisda mga kababayan natin.,Pinangisda sa sarili nating karagatan na bawal mangisda mga kababayan natin.
"Tama nang siya na lang ang nasa gitna ng entablado, tama nang siya na lang ang humaharap sa mga camera, nasa likod na lang sina Josh at Bimby.","Tama nang siya na lang ang nasa gitna ng entablado, tama nang siya na lang ang humaharap sa mga camera, nasa likod na lang sina Josh at Bimby."
"Noong madaling araw ng July 11, bahagyang nasaktan ang isang driver nang bumangga ang minamaneho niyang taxi sa mga kongkretong harang sa EDSA-Ayala underpass.","Noong madaling araw ng July 11, bahagyang nasaktan ang isang driver nang bumangga ang minamaneho niyang taxi sa mga kongkretong harang sa EDSA-Ayala underpass."
Sinabi rin ni Jinggoy na tinanong niya ang mga doktor kung puwede bang bigyan ng gamot na ivermectin ang kaniyang ama pero hindi raw pumayag ang mga doktor.,Sinabi rin ni Jinggoy na tinanong niya ang mga doktor kung puwede bang bigyan ng gamot na ivermectin ang kaniyang ama pero hindi raw pumayag ang mga doktor.
At napagkasunduan nila magkita na muli nang personal kaya lumuwas pa-Maynila si Tatay Ben.,At napagkasunduan nila magkita na muli nang personal kaya lumuwas pa-Maynila si Tatay Ben.
Nakasungkit ng Award of Excellence ang Kapamilya Himig Handog na isang employee songwriting contest na dahilan upang makapaglunsad ang Star Music ng OPM Fresh Songwriters Series Vol.,Nakasungkit ng Award of Excellence ang Kapamilya Himig Handog na isang employee songwriting contest na dahilan upang makapaglunsad ang Star Music ng OPM Fresh Songwriters Series Vol.
"Umaariba na naman kasi ang mga posts ni Kris sa kanyang IG account, sunud-sunod na naman ang pagbabahagi niya sa publiko tungkol sa mga ginagawa nila ng kanyang boyfriend na si dating Congressman Mel Sarmiento, hindi na naman siya tumupad sa kanyang pangako.","Umaariba na naman kasi ang mga posts ni Kris sa kanyang IG account, sunud-sunod na naman ang pagbabahagi niya sa publiko tungkol sa mga ginagawa nila ng kanyang boyfriend na si dating Congressman Mel Sarmiento, hindi na naman siya tumupad sa kanyang pangako."
Parang first time siya ulit sa akin.,Parang first time siya ulit sa akin.
Habang ang pasilidad naman na kinukwestiyon ay bumalik na rin sa pag-administer ng booster shots para lamang sa mga ICP.,Habang ang pasilidad naman na kinukwestiyon ay bumalik na rin sa pag-administer ng booster shots para lamang sa mga ICP.
"Dagdag pa ni prop, Wala siyang pinalalampas na interview, sa mga lugar na pinupuntahan niya, solong-solo niya ang mikropono!","Dagdag pa ni prop, Wala siyang pinalalampas na interview, sa mga lugar na pinupuntahan niya, solong-solo niya ang mikropono!"
Pumabor kay Saludar ang dalawang hurado na nagbigay ng 115-113 at 116-112 desisyon.,Pumabor kay Saludar ang dalawang hurado na nagbigay ng 115-113 at 116-112 desisyon.
"Nauna riyan, sinabi na rin naman ni Heart na kaya gusto niyang magkaroon ng bahay o kahit apartment sa Paris ay dahil napapadalas na siya roon dahil sa kanyang trabaho bilang isang modelo, at masyadong malaki ang kanyang gastos sa hotels, o kaya ay bayad sa eroplano dahil pabalik-balik siya roon at sa Pilipinas.","Nauna riyan, sinabi na rin naman ni Heart na kaya gusto niyang magkaroon ng bahay o kahit apartment sa Paris ay dahil napapadalas na siya roon dahil sa kanyang trabaho bilang isang modelo, at masyadong malaki ang kanyang gastos sa hotels, o kaya ay bayad sa eroplano dahil pabalik-balik siya roon at sa Pilipinas."
Ayon sa binata ay marami lamang talaga ang mga naggagaling-galingan sa paligid at walang ibang ginawa kung hindi ang manira sa kapwa.,Ayon sa binata ay marami lamang talaga ang mga naggagaling-galingan sa paligid at walang ibang ginawa kung hindi ang manira sa kapwa.
"Sa ulat, dakong alas-5:00 ng hapon naglalakad pauwi ang grupo ni Mangubat galing sa isang kainan nang bigla silang paulanan ng bala ng hindi nakilalang mga NPA.","Sa ulat, dakong alas-5:00 ng hapon naglalakad pauwi ang grupo ni Mangubat galing sa isang kainan nang bigla silang paulanan ng bala ng hindi nakilalang mga NPA."
Ngayong araw na ang umpisa ng rambulan ng kampanya para sa presidential elections.,Ngayong araw na ang umpisa ng rambulan ng kampanya para sa presidential elections.
Umaasa si Cray na madaragdagan pa ang gintong medalya nito dahil sasabak pa ito sa ibang events ngayong araw.,Umaasa si Cray na madaragdagan pa ang gintong medalya nito dahil sasabak pa ito sa ibang events ngayong araw.
Baka naman may pinagdaraanan lang ang mag-asawa at nagkanya-kanya lang sila ng space lately kaya hindi nakikitang magkasama.,Baka naman may pinagdaraanan lang ang mag-asawa at nagkanya-kanya lang sila ng space lately kaya hindi nakikitang magkasama.
"Ang labas hindi na natutulog yung sabungero, 24 hours ang operation ng e-sabong, pahayag ng pangulo.","Ang labas hindi na natutulog yung sabungero, 24 hours ang operation ng e-sabong, pahayag ng pangulo."
"Matatandaan na si VP Sara ay bumaba sa nasabing lugar noong panahon ng kampanya kung saan mga drivers din ng Joyride, Angkas at iba pa ang sadya nito.","Matatandaan na si VP Sara ay bumaba sa nasabing lugar noong panahon ng kampanya kung saan mga drivers din ng Joyride, Angkas at iba pa ang sadya nito."
"Ayon sa pamilya ni Hemenz, nitong June 26 ay tapos na dapat siya sa pag-aaral.","Ayon sa pamilya ni Hemenz, nitong June 26 ay tapos na dapat siya sa pag-aaral."
Hindi pa rin nakakalimutan ang pagka-link ni Jeric sa aktres na nakasama niya noon sa Magkaagaw.,Hindi pa rin nakakalimutan ang pagka-link ni Jeric sa aktres na nakasama niya noon sa Magkaagaw.
Recently lang ay nag-abot siya ng tulong sa isang kaibigang writer na nangailangan ng pandagdag na gastusin sa hospital.,Recently lang ay nag-abot siya ng tulong sa isang kaibigang writer na nangailangan ng pandagdag na gastusin sa hospital.
"Samantala, tinutulan ni Department of Transportation (DOTr) Secretary Arthur Tugade ang panawagan ng ilang transport groups na magkaroon ng taas-pasahe sa mga jeepney, bunsod nang patuloy na pagtaas ng mga presyo ng mga produktong petrolyo sa bansa.","Samantala, tinutulan ni Department of Transportation (DOTr) Secretary Arthur Tugade ang panawagan ng ilang transport groups na magkaroon ng taas-pasahe sa mga jeepney, bunsod nang patuloy na pagtaas ng mga presyo ng mga produktong petrolyo sa bansa."
Milyong halaga ng Kush marijuana sa Subic Bay Freeport Zone sa Pampanga.,Milyong halaga ng Kush marijuana sa Subic Bay Freeport Zone sa Pampanga.
"Tatlong katao na pawang itinuturing na high-value individuals (HVIs) ang inaresto ng mga otoridad sa isang buy-bust operation sa Pasig City kamakalawa ng hapon, na nagresulta sa pagkakumpiska ng may P5.44.","Tatlong katao na pawang itinuturing na high-value individuals (HVIs) ang inaresto ng mga otoridad sa isang buy-bust operation sa Pasig City kamakalawa ng hapon, na nagresulta sa pagkakumpiska ng may P5.44."
"Tao si Klay, di bato, may isip siya, may puso.","Tao si Klay, di bato, may isip siya, may puso."
"Isama na po natin ang sales training dahil hindi lahat ng kabataan natin ay gustong mag-college, at nasasayang po ang pera ng mga pamilya kung pinapaaral ang mga anak pero titigil lang din, sabi ni Duterte sa kanyang meet and greet sa San Miguel, Bulacan noong Linggo.","Isama na po natin ang sales training dahil hindi lahat ng kabataan natin ay gustong mag-college, at nasasayang po ang pera ng mga pamilya kung pinapaaral ang mga anak pero titigil lang din, sabi ni Duterte sa kanyang meet and greet sa San Miguel, Bulacan noong Linggo."
"Kung dumaan iyan sa MTRCB, dapat ang producers niyan at ang director ay handang putulan ang kanilang pelikula.","Kung dumaan iyan sa MTRCB, dapat ang producers niyan at ang director ay handang putulan ang kanilang pelikula."
"Sabi ni Ariella; Napahanga ako ni Kuya Wil kasi siyempre sa estado nyang yun sobrang kumbaga kung gugustuhin naman talaga niyang pumasok sa pulitika, talagang nakukuha niya ang puso ng masa dahil ever since tinutulungan niya tong mga to.","Sabi ni Ariella; Napahanga ako ni Kuya Wil kasi siyempre sa estado nyang yun sobrang kumbaga kung gugustuhin naman talaga niyang pumasok sa pulitika, talagang nakukuha niya ang puso ng masa dahil ever since tinutulungan niya tong mga to."
"Agad na dinakma ng mga pulis si Olavanio sa aktong tinatanggap ang marked money mula sa complainant sa may Boni Serrano Avenue, Brgy.","Agad na dinakma ng mga pulis si Olavanio sa aktong tinatanggap ang marked money mula sa complainant sa may Boni Serrano Avenue, Brgy."
"In every victim, lagingapektado yung buong environment niya and doon ka rin talaga makakakuha ng support system.","In every victim, lagingapektado yung buong environment niya and doon ka rin talaga makakakuha ng support system."
"Milyon, isang kalibre 45 at dalawang kalibre 38 na baril.","Milyon, isang kalibre 45 at dalawang kalibre 38 na baril."
Mismong si Sotto ang nagpahayag ng interes na maglaro sa Gilas Pilipinas.,Mismong si Sotto ang nagpahayag ng interes na maglaro sa Gilas Pilipinas.
Wala siyang puhunan sa negosyo niya kundi ang sarili lang niya!,Wala siyang puhunan sa negosyo niya kundi ang sarili lang niya!
I know nasabi ko na sa yo ito bago ka pumasok ng PBB.,I know nasabi ko na sa yo ito bago ka pumasok ng PBB.
"Hindi rin namin natatandaan na si Toni ay considered sa anumang malaking event, kahit na sa laban lang sa boxing ni Manny Pacquiao na kumanta ng national anthem.","Hindi rin namin natatandaan na si Toni ay considered sa anumang malaking event, kahit na sa laban lang sa boxing ni Manny Pacquiao na kumanta ng national anthem."
"Sa kasalukuyan, sinusulit muna ni Jennylyn ang pag-aalaga kay Baby Dylan bago maging abala ulit sa showbiz Jamil Santos/VBL, GMA News.","Sa kasalukuyan, sinusulit muna ni Jennylyn ang pag-aalaga kay Baby Dylan bago maging abala ulit sa showbiz Jamil Santos/VBL, GMA News."
Hinihikayat ng board ang publiko na gumagamit ng mga TNVs na ireport ang anumang iregularidad na ginagawa ng mga nasabing ride-hairing transportations sa pamamagitan ng hotline na 1342 o sa Facebook.,Hinihikayat ng board ang publiko na gumagamit ng mga TNVs na ireport ang anumang iregularidad na ginagawa ng mga nasabing ride-hairing transportations sa pamamagitan ng hotline na 1342 o sa Facebook.
"Cavite, Philippines É?? Nalambat ng pulisya ang 38-anyos na most wanted person (MWP) dahil sa 21 bilang ng kasong panggagahasa sa isinagawang pagsalakay sa pinagtataguan nito sa Barangay Sto.","Cavite, Philippines É?? Nalambat ng pulisya ang 38-anyos na most wanted person (MWP) dahil sa 21 bilang ng kasong panggagahasa sa isinagawang pagsalakay sa pinagtataguan nito sa Barangay Sto."
Namumulat lamang ang isip ng tao sa kahalagahan ng Diyos at sa mga nagawa niyang pagkakamali sa buhay kapag nawala na sa kaniya ang kaniyang mga kayamanan.,Namumulat lamang ang isip ng tao sa kahalagahan ng Diyos at sa mga nagawa niyang pagkakamali sa buhay kapag nawala na sa kaniya ang kaniyang mga kayamanan.
"Aniya, ang paghahatid ng virus ay nangyayari sa hangin at kung malilinis ang hangin sa paligid, maiiwasang tamaan ng COVID.","Aniya, ang paghahatid ng virus ay nangyayari sa hangin at kung malilinis ang hangin sa paligid, maiiwasang tamaan ng COVID."
Matagal nang hinihintay ni Donaire na maikasa ang rematch niya sa Japanese pug.,Matagal nang hinihintay ni Donaire na maikasa ang rematch niya sa Japanese pug.
"7 ni Pangulong Bongbong Marcos nitong Oktubre 28, na nagtatanggal sa mandatoryong pagsusuot ng face mask sa indoors.","7 ni Pangulong Bongbong Marcos nitong Oktubre 28, na nagtatanggal sa mandatoryong pagsusuot ng face mask sa indoors."
Pinatalsik ng No.,Pinatalsik ng No.
"É??Isipin mo nag-high school ako, hindi naman ako taga-Maynila.","É??Isipin mo nag-high school ako, hindi naman ako taga-Maynila."
"Bunsod nito ay pumunta si Oaminal sa Kamara para sa pagbubukas ng sesyon, ilang oras bago ang SONA.","Bunsod nito ay pumunta si Oaminal sa Kamara para sa pagbubukas ng sesyon, ilang oras bago ang SONA."
Masaya naman ang aktor dahil sa pag-aalaga sa kanya ng buong production team at maging ng mga kasamahang international stars sa serye.,Masaya naman ang aktor dahil sa pag-aalaga sa kanya ng buong production team at maging ng mga kasamahang international stars sa serye.
Nagpahayag din ng suporta si Duterte sa mga food establishment na hindi tumatanggap ng mga hindi bakunadong customer.,Nagpahayag din ng suporta si Duterte sa mga food establishment na hindi tumatanggap ng mga hindi bakunadong customer.
"Dahil nandito kami sa Maynila hindi ako nakaka-training nang maayos tsaka delikado, so pupunta kami ng Rizal at doon kami magte-training, ani Diaz.","Dahil nandito kami sa Maynila hindi ako nakaka-training nang maayos tsaka delikado, so pupunta kami ng Rizal at doon kami magte-training, ani Diaz."
Itoy matapos ngang maglabas ng direktiba ang pamahalaan ng Israel tungkol sa pagbabawal sa mga foreign tourists na pumasok sa bansa dahil sa pinangangambahan ngayong Omicron COVID variant.,Itoy matapos ngang maglabas ng direktiba ang pamahalaan ng Israel tungkol sa pagbabawal sa mga foreign tourists na pumasok sa bansa dahil sa pinangangambahan ngayong Omicron COVID variant.
"Gayunman, bago magsimula ang konsyerto ay nalaglag ang isang lalaki sa open foyer sa ground floor kung saan sinasabing nabagsakan nito ang dalawang tao.","Gayunman, bago magsimula ang konsyerto ay nalaglag ang isang lalaki sa open foyer sa ground floor kung saan sinasabing nabagsakan nito ang dalawang tao."
"Kung maisasakatuparan ito, magkakaroon ng karagdagan pang 4,400 public transportation units na bibiyahe sa rehiyon, na binubuo ng 1,800 PUJs at 2,600 buses.","Kung maisasakatuparan ito, magkakaroon ng karagdagan pang 4,400 public transportation units na bibiyahe sa rehiyon, na binubuo ng 1,800 PUJs at 2,600 buses."
Matapos nito ay natuklasan ang sunog na bangkay ni Loreto sa Burnaby Park sa New Westminster.,Matapos nito ay natuklasan ang sunog na bangkay ni Loreto sa Burnaby Park sa New Westminster.
Humingi naman ng suporta ang Bulakan rescuer sa 911 para hanapin ang sinasabing si Mangio na kasamang tinangay ng mga sasakyan sa sapa.,Humingi naman ng suporta ang Bulakan rescuer sa 911 para hanapin ang sinasabing si Mangio na kasamang tinangay ng mga sasakyan sa sapa.
"Though walang kinumpirma si Heart nang tanungin siya ng crew ng TMZ pero feeling nila yes ito nang sumagot ito : É??Whatever it is, this is for the Filipinos,É?ù aniya sa ishinare niyang video clip ng TMZ sa Twitter kahapon.","Though walang kinumpirma si Heart nang tanungin siya ng crew ng TMZ pero feeling nila yes ito nang sumagot ito : É??Whatever it is, this is for the Filipinos,É?ù aniya sa ishinare niyang video clip ng TMZ sa Twitter kahapon."
Hinimok din ng pangulo ang mga maliliit na negosyante na gamitin ang teknolohiya upang mapanatili ang kanilang mga negosyo at matugunan ang lumalakas na online consumer.,Hinimok din ng pangulo ang mga maliliit na negosyante na gamitin ang teknolohiya upang mapanatili ang kanilang mga negosyo at matugunan ang lumalakas na online consumer.
"Sa pag-asang baka mabigyan ng linaw kung paano natatanggalan ng short sina Bobby at Rose, pumayag silang kabitan ng CCTV ang kanilang kuwarto at masubaybayan ang kanilang pagtulog.","Sa pag-asang baka mabigyan ng linaw kung paano natatanggalan ng short sina Bobby at Rose, pumayag silang kabitan ng CCTV ang kanilang kuwarto at masubaybayan ang kanilang pagtulog."
"Noong panahon ng kanyang termino bilang mayor ng lungsod, sinabi ni Ejercito na kinuwestiyon nila ang tax assessment ng BIR sa San Juan Medical Center at ang parking income ng city government dahil ang mga ito ay trinato bilang pribadong korporasyon.","Noong panahon ng kanyang termino bilang mayor ng lungsod, sinabi ni Ejercito na kinuwestiyon nila ang tax assessment ng BIR sa San Juan Medical Center at ang parking income ng city government dahil ang mga ito ay trinato bilang pribadong korporasyon."
"Tumigil ang mundo ng mga Pinoy partikular na ang mga mambabasa ng pahayagang Pilipino Star Ngayon (PSN) sa matinding epekto ng pandemyang dulot ng COVID-19 lalo na nang magpatupad ng lockdown ang gobyerno noong Marso 17, 2020.","Tumigil ang mundo ng mga Pinoy partikular na ang mga mambabasa ng pahayagang Pilipino Star Ngayon (PSN) sa matinding epekto ng pandemyang dulot ng COVID-19 lalo na nang magpatupad ng lockdown ang gobyerno noong Marso 17, 2020."
Nasakote ang isang pinaghihinalaang bigtime drug trafficker matapos masamsaman ng P115-milyong halaga ng shabu sa isinagawang joint buy-bust operation ng mga awtoridad sa Brgy.,Nasakote ang isang pinaghihinalaang bigtime drug trafficker matapos masamsaman ng P115-milyong halaga ng shabu sa isinagawang joint buy-bust operation ng mga awtoridad sa Brgy.
Yan din kasi ang nakikita niya sa kanyang Mommy Carmen mula nang isilang niya ang kanyang anak.,Yan din kasi ang nakikita niya sa kanyang Mommy Carmen mula nang isilang niya ang kanyang anak.
"Nasaksihan ng Kaniyang mga Alagad at mga taong nakapalibot sa Kaniya kung papaanong ginugol ni Hesus ang Kaniyang buong panahon at oras para sa mga taong pinagaling Niya, tinuruan ng Salita ng Diyos, at pinakain ang mga nagugutom.","Nasaksihan ng Kaniyang mga Alagad at mga taong nakapalibot sa Kaniya kung papaanong ginugol ni Hesus ang Kaniyang buong panahon at oras para sa mga taong pinagaling Niya, tinuruan ng Salita ng Diyos, at pinakain ang mga nagugutom."
"Hindi yata talaga mahihinto ang news about Claudine Barretto, dahil parang ang exciting ng buhay niya ngayon, dagdag pa na hindi pa rin tapos ang legal battles nila ni Raymart Santiago.","Hindi yata talaga mahihinto ang news about Claudine Barretto, dahil parang ang exciting ng buhay niya ngayon, dagdag pa na hindi pa rin tapos ang legal battles nila ni Raymart Santiago."
Sinabi ng lokal na pamahalaan na gusto nilang mahikayat pa ang maraming residente na sumunod sa ordinansa para makatulong na masolusyunan ang problema sa basura.,Sinabi ng lokal na pamahalaan na gusto nilang mahikayat pa ang maraming residente na sumunod sa ordinansa para makatulong na masolusyunan ang problema sa basura.
Nang pagbuksan ng misis ay nagsalita pa na tulungan siya saka nawalan ng malay.,Nang pagbuksan ng misis ay nagsalita pa na tulungan siya saka nawalan ng malay.
"Betita, hepe ng Legazpi City Police Station, kahit nagkaroon nang pag-uusap ang suspek at biktima ay ipinarating pa rin nila sa PRO 5 ang report para sa posibleng pagsasampa ng administrative case.","Betita, hepe ng Legazpi City Police Station, kahit nagkaroon nang pag-uusap ang suspek at biktima ay ipinarating pa rin nila sa PRO 5 ang report para sa posibleng pagsasampa ng administrative case."
Idaraos ang qualification challenge sa Abril at sa Setyembre ang National Finals sa Bislig City habang ang pinal na Laban ng Lahi Platoon Run Olympics ay sa Disyembre 16-18.,Idaraos ang qualification challenge sa Abril at sa Setyembre ang National Finals sa Bislig City habang ang pinal na Laban ng Lahi Platoon Run Olympics ay sa Disyembre 16-18.
Umaasa siDavid na makapagdesisyon ang mga kandidato kabilang na siya bago ang Comelec debate sa?April.,Umaasa siDavid na makapagdesisyon ang mga kandidato kabilang na siya bago ang Comelec debate sa?April.
Dulot na rin ito ng nakikitang pagbabalewala na marami sa mga itinakdang protocols ng IATF tulad ng social distancing partikular sa mga bus and jeepney at maging ang pagsasagawa ng temperature checks bago sumakay sa PUVs ay hindi na rin naipatutupad.,Dulot na rin ito ng nakikitang pagbabalewala na marami sa mga itinakdang protocols ng IATF tulad ng social distancing partikular sa mga bus and jeepney at maging ang pagsasagawa ng temperature checks bago sumakay sa PUVs ay hindi na rin naipatutupad.
"Nang inamin ng binata kay Kathryn na talagang seloso siyang boyfriend, tila nagulat pa ang girlfriend ni Daniel Padilla dahil parang wala nga sa personalidad nito ang pagiging seloso.","Nang inamin ng binata kay Kathryn na talagang seloso siyang boyfriend, tila nagulat pa ang girlfriend ni Daniel Padilla dahil parang wala nga sa personalidad nito ang pagiging seloso."
Marahil kaya nahihirapan ang ilan sa atin na patunayan ang kanilang pananampalataya sa Diyos ay dahil sa kanilang pananaw na ang biyaya na kanilang nakakamit ay para lamang sa kanila.,Marahil kaya nahihirapan ang ilan sa atin na patunayan ang kanilang pananampalataya sa Diyos ay dahil sa kanilang pananaw na ang biyaya na kanilang nakakamit ay para lamang sa kanila.
"Kasi naman, kung minsan kalokah din ang issues na ayaw ko namang sumawsaw nang sumawsaw dahil nga may mga bagay na talaga namang hindi ka na dapat nagbibigay ng opinyon.","Kasi naman, kung minsan kalokah din ang issues na ayaw ko namang sumawsaw nang sumawsaw dahil nga may mga bagay na talaga namang hindi ka na dapat nagbibigay ng opinyon."
Nag-acting si Tito Boy na tila isang matinee idol na hindi mailabas ang kaniyang nararamdaman sa kaniyang nililigawan.,Nag-acting si Tito Boy na tila isang matinee idol na hindi mailabas ang kaniyang nararamdaman sa kaniyang nililigawan.
"Sadyang 'yan lang talaga 'yung lumalapit sa iyo, you dont need to find it, dagdag ng binata.","Sadyang 'yan lang talaga 'yung lumalapit sa iyo, you dont need to find it, dagdag ng binata."
Pinaplantsa na rin ng koponan ang mga plays nito partikular na ang koneksiyon ng setter sa mga middle blockers gaya ni 6-foot-5 Jaja Santiago.,Pinaplantsa na rin ng koponan ang mga plays nito partikular na ang koneksiyon ng setter sa mga middle blockers gaya ni 6-foot-5 Jaja Santiago.
Naghahanda na ba ang mga grupong ito na maghain muli ng protesta sakaling matalo sila?,Naghahanda na ba ang mga grupong ito na maghain muli ng protesta sakaling matalo sila?
Nanghinayang nga siya dahil hindi raw siya makakasama sa parada ng MMFF dahil mid of December ay aalis na siya pa-Denmark para magsimula na silang mag-rehearse.,Nanghinayang nga siya dahil hindi raw siya makakasama sa parada ng MMFF dahil mid of December ay aalis na siya pa-Denmark para magsimula na silang mag-rehearse.
Biruar na dapat ay maging kumpiyansa ang publiko na anumang aprubahan ng Food and Drug Administration (FDA) ay masisigurong ligtas para sa populasyon.,Biruar na dapat ay maging kumpiyansa ang publiko na anumang aprubahan ng Food and Drug Administration (FDA) ay masisigurong ligtas para sa populasyon.
Maituturing na achievement ang pagkapili sa kanyang mag-endorse ng isang Online English education platform na 51 Talk.,Maituturing na achievement ang pagkapili sa kanyang mag-endorse ng isang Online English education platform na 51 Talk.
Sinabi ni Jose na ang long-distance relationship ang dahilan ng kanilang paghihiwalay.,Sinabi ni Jose na ang long-distance relationship ang dahilan ng kanilang paghihiwalay.
"Isinunod na inatake ng taga ng suspek ang kanyang 26-anyos na hipag na si Rose Ann, ang kanyang 1-linggong gulang na sanggol na lalaki at 7-anyos na kapatid na si Ashley.","Isinunod na inatake ng taga ng suspek ang kanyang 26-anyos na hipag na si Rose Ann, ang kanyang 1-linggong gulang na sanggol na lalaki at 7-anyos na kapatid na si Ashley."
"Maganda ang mukha niya at makinis, pero pagdating sa kamay, turn off sila, huh!","Maganda ang mukha niya at makinis, pero pagdating sa kamay, turn off sila, huh!"
Sa susunod na episode ng vlog ni Jennylyn ay ikukuwento naman nila ang mga nangyari matapos ang nangyari sa kanya at sa ipinagbubuntis niya.,Sa susunod na episode ng vlog ni Jennylyn ay ikukuwento naman nila ang mga nangyari matapos ang nangyari sa kanya at sa ipinagbubuntis niya.
Naghihimas na ng rehas sa kulungan ang suspek na sekyu makaraang maaktuhan ng kanyang misis habang nakakubabaw sa kanilang 15-anyos na anak nitong nakaraang buwan.,Naghihimas na ng rehas sa kulungan ang suspek na sekyu makaraang maaktuhan ng kanyang misis habang nakakubabaw sa kanilang 15-anyos na anak nitong nakaraang buwan.
"Bukod satulongpinansyal, sinabi ni Belmonte namakatatanggap din ng welfare assistance program ang mga solo parent.","Bukod satulongpinansyal, sinabi ni Belmonte namakatatanggap din ng welfare assistance program ang mga solo parent."
"Dahil dito, mabilis na nagtulung-tulong ang may 10 na tao na mahuli ang buwaya gamit ang lambat, kahoy at tuwalya.","Dahil dito, mabilis na nagtulung-tulong ang may 10 na tao na mahuli ang buwaya gamit ang lambat, kahoy at tuwalya."
Nagbigay ng reaksyon si Erik Santos tungkol sa ginawang pag-amin ni Angeline Quinto kamakailan.,Nagbigay ng reaksyon si Erik Santos tungkol sa ginawang pag-amin ni Angeline Quinto kamakailan.
"Nauna rito, inamin ng magdyowa na nagkakaroon din sila ng tampuhan at hindi pagkakaintindihan pero they make sure na napag-uusapan nila ang kanilang mga problema.","Nauna rito, inamin ng magdyowa na nagkakaroon din sila ng tampuhan at hindi pagkakaintindihan pero they make sure na napag-uusapan nila ang kanilang mga problema."
Una nang nag-post tungkol dito si Janine Gutierrez.,Una nang nag-post tungkol dito si Janine Gutierrez.
"Bukod sa dapat magsuot ng face mask ang mga bisita, ipatutupad din ang social distancing at paghuhugas o pag-sanitize ng kamay palagi.","Bukod sa dapat magsuot ng face mask ang mga bisita, ipatutupad din ang social distancing at paghuhugas o pag-sanitize ng kamay palagi."
Bumaba ng 11.67%.,Bumaba ng 11.67%.
May ilang friends din ako na nagsabi na 'Buti na lang lumipat ka.',May ilang friends din ako na nagsabi na 'Buti na lang lumipat ka.'
"Pero sa halip na sa kainan, dinala ang biktima sa isang bahay kung saan nag-iinuman ang dalawa pang suspek at pinainom din ang dalagita.","Pero sa halip na sa kainan, dinala ang biktima sa isang bahay kung saan nag-iinuman ang dalawa pang suspek at pinainom din ang dalagita."
É??Dream ko yon É??pag napagod na akong gumawa ng pelikula.,É??Dream ko yon É??pag napagod na akong gumawa ng pelikula.
"Bago nito, dalawang Chinese ang naaresto sa isinagawang buy-bust operation sa pagbili ng baril sa isang Chinese restaurant sa Pasay.","Bago nito, dalawang Chinese ang naaresto sa isinagawang buy-bust operation sa pagbili ng baril sa isang Chinese restaurant sa Pasay."
"Gayunpaman, posibleng ituloy muna ang ensayo ng mga PBA teams sa kani-kanyang nauna nang napagkasunduang venues habang pinaplantsa pa ang pagdaraos ng training sa NCR plus bubble areas.","Gayunpaman, posibleng ituloy muna ang ensayo ng mga PBA teams sa kani-kanyang nauna nang napagkasunduang venues habang pinaplantsa pa ang pagdaraos ng training sa NCR plus bubble areas."
Nakaipon din sila ng malaki-laking halaga dahil may cash prize ang bawat award na napanalunan nito.,Nakaipon din sila ng malaki-laking halaga dahil may cash prize ang bawat award na napanalunan nito.
"Alam mo naman ang mga artista, ang gaganda 'di ba?","Alam mo naman ang mga artista, ang gaganda 'di ba?"
"Wala pang iniisyu na department order ang DepEd hinggil sa opisyal na school calendar para sa School Year 2022-2023, ngunit ipinanukala nang nakalipas na pamunuan na simulan ito sa Agosto 22.","Wala pang iniisyu na department order ang DepEd hinggil sa opisyal na school calendar para sa School Year 2022-2023, ngunit ipinanukala nang nakalipas na pamunuan na simulan ito sa Agosto 22."
"Darating tayo sa punto na maaari nang tanggalin ang mask kapag nasigurado na ng gobyerno na protektado ang mamamayang Pilipino ng mga bakunang binibigay natin sa komunidad, dagdag pa ni Vergeire.","Darating tayo sa punto na maaari nang tanggalin ang mask kapag nasigurado na ng gobyerno na protektado ang mamamayang Pilipino ng mga bakunang binibigay natin sa komunidad, dagdag pa ni Vergeire."
Aminado si Carla Abellana na É??basagÉ?? siya noong 2022.,Aminado si Carla Abellana na É??basagÉ?? siya noong 2022.
Mukhang spoiled GF si Julia kay Gerald kaya hindi kataka-taka na may pagka-bitter si Bea Alonzo.,Mukhang spoiled GF si Julia kay Gerald kaya hindi kataka-taka na may pagka-bitter si Bea Alonzo.
Suspendido sa ngayon ang flights galing sa South Africa at iba pang mga bansa hanggang ika-15 ng Disyembre dahil na rin sa banta ng Omicron variant.,Suspendido sa ngayon ang flights galing sa South Africa at iba pang mga bansa hanggang ika-15 ng Disyembre dahil na rin sa banta ng Omicron variant.
Hindi iyan ang una nilang paghihiwalay.,Hindi iyan ang una nilang paghihiwalay.
"Isang bagay ito na talagang lagi kong ipagmamalaki, I maybe the controversial Lolit Solis, either you love or hate me, pero may mga tao pa rin na nakikita na worth akong mahalin.","Isang bagay ito na talagang lagi kong ipagmamalaki, I maybe the controversial Lolit Solis, either you love or hate me, pero may mga tao pa rin na nakikita na worth akong mahalin."
"É??Nagulat ako na ginagawa siya ng mga taga-ibang bansa, ng mga K-pop idols.","É??Nagulat ako na ginagawa siya ng mga taga-ibang bansa, ng mga K-pop idols."
"I want to clarify na hindi po yon totoo, saad ni Liza na aminadong ayaw sana niyang pag-usapan ang tungkol sa naturang usapin ng kita.","I want to clarify na hindi po yon totoo, saad ni Liza na aminadong ayaw sana niyang pag-usapan ang tungkol sa naturang usapin ng kita."
"Makikita niyo po talaga on screen kung gaano kami ka-close off cam, sabi naman ni Kyline.","Makikita niyo po talaga on screen kung gaano kami ka-close off cam, sabi naman ni Kyline."
"Dahil dito, pasaring ni Lacson kay Robredo na huwag gamitin ang bahagyang pag-angat sa survey para maging arogante.","Dahil dito, pasaring ni Lacson kay Robredo na huwag gamitin ang bahagyang pag-angat sa survey para maging arogante."
Umaapela naman ang Department of Agriculture sa publiko na iwasan muna ang pagbiyahe ng mga baboy papasok at palabas sa Carcar City Cebu upang maiwasan ang pagkalat ng virus.,Umaapela naman ang Department of Agriculture sa publiko na iwasan muna ang pagbiyahe ng mga baboy papasok at palabas sa Carcar City Cebu upang maiwasan ang pagkalat ng virus.
"Ang mga blackhawk helicopter ay dumating kamakalawa sa Edwin Andrews Airbase sa Zamboanga City kung saan tinanggap ng Tactical Operations Wing-Western Mindanao (TOW-WM), ang Philippine Air Force unit na kontrolado ng WestMinCom.","Ang mga blackhawk helicopter ay dumating kamakalawa sa Edwin Andrews Airbase sa Zamboanga City kung saan tinanggap ng Tactical Operations Wing-Western Mindanao (TOW-WM), ang Philippine Air Force unit na kontrolado ng WestMinCom."
"Kasi kapag nalagkitan na siya, gusto na niyang umuwi at maligo,É?ù kwento ng dalaga.","Kasi kapag nalagkitan na siya, gusto na niyang umuwi at maligo,É?ù kwento ng dalaga."
"Maliban sa #LeniAngatSaLahat, ginamit din ng netizens ang iba pang hashtags gaya ng #LetLeniSpeak at #AbundaBiased dahil sa paulit-ulit na pagputol ni Abunda kay Robredo habang sinasagot nito ang kanyang mga tanong.","Maliban sa #LeniAngatSaLahat, ginamit din ng netizens ang iba pang hashtags gaya ng #LetLeniSpeak at #AbundaBiased dahil sa paulit-ulit na pagputol ni Abunda kay Robredo habang sinasagot nito ang kanyang mga tanong."
Magmamahal daw tayo KUNG ang mamahalin natin ay kaya rin tayong mahalin.,Magmamahal daw tayo KUNG ang mamahalin natin ay kaya rin tayong mahalin.
"May pagkakataong nagagalit si Ricky, may tampo, may complaint, pero mas madalas yung good words ang nasasabi niya, at kahit galit, madali siyang patawanin.","May pagkakataong nagagalit si Ricky, may tampo, may complaint, pero mas madalas yung good words ang nasasabi niya, at kahit galit, madali siyang patawanin."
"Hindi na nakipag-away ang male singer, napatakbo na lang siya sa CR, saka sumuka nang sumuka.","Hindi na nakipag-away ang male singer, napatakbo na lang siya sa CR, saka sumuka nang sumuka."
Dasal din naming gumaling si Kris sa kanyang karamdaman at sana ay pakinggan ang pakiusap niya alang-alang kina Joshua at Bimby.,Dasal din naming gumaling si Kris sa kanyang karamdaman at sana ay pakinggan ang pakiusap niya alang-alang kina Joshua at Bimby.
"Pagsapit sa may Taft Avenue, bumaba ng motor ang mga suspek at nagtakbuhan pero hinabol pa rin sila ng mga pulis hanggang sa isa-isang maaresto.","Pagsapit sa may Taft Avenue, bumaba ng motor ang mga suspek at nagtakbuhan pero hinabol pa rin sila ng mga pulis hanggang sa isa-isang maaresto."
"Bukod sa mga benepisyo, sinabi ni Villafuerte na pinarami rin ang mga kuwalipikado na maging solo sa ilalim ng bagong batas.","Bukod sa mga benepisyo, sinabi ni Villafuerte na pinarami rin ang mga kuwalipikado na maging solo sa ilalim ng bagong batas."
Matalas ang pang-amoy niya!,Matalas ang pang-amoy niya!
"Hindi kami naiinis sa ibang miyembro ng AlDub Nation na sarado pa rin ang utak hanggang ngayon, awang-awa kami sa kanila, dahil 2021 na ngayon pero ang isip nila ay nakapako pa rin sa 2015 nang mabuo ang tambalan nina Alden at Maine Mendoza.","Hindi kami naiinis sa ibang miyembro ng AlDub Nation na sarado pa rin ang utak hanggang ngayon, awang-awa kami sa kanila, dahil 2021 na ngayon pero ang isip nila ay nakapako pa rin sa 2015 nang mabuo ang tambalan nina Alden at Maine Mendoza."
Pero hindi rin personal na nakadalo si Robredo dahil kailangan na kumpleto na ang bakuna laban sa COVID-19 ng lahat ng mga dumalo sa SONA.,Pero hindi rin personal na nakadalo si Robredo dahil kailangan na kumpleto na ang bakuna laban sa COVID-19 ng lahat ng mga dumalo sa SONA.
Hindi ba maganda na maiba naman ang nakikita natin na gumagawa ng mga live na game show?,Hindi ba maganda na maiba naman ang nakikita natin na gumagawa ng mga live na game show?
"Im ready to go,É?ù natatawang pahayag ng dalaga.","Im ready to go,É?ù natatawang pahayag ng dalaga."
Desidido akong labanan ang pangha-harass na ito.,Desidido akong labanan ang pangha-harass na ito.
"Dahil sa awa sa rider, binayaran na lang nila ang mga order na milk tea pero ibigay rin ito sa rider.","Dahil sa awa sa rider, binayaran na lang nila ang mga order na milk tea pero ibigay rin ito sa rider."
Dagdag pani Fajardo na maging ang mga Special Action Force ay nai-deploy na rin sa mga stations at mga detachment ng mga vulnerable sa mga pag-atake at harassments.,Dagdag pani Fajardo na maging ang mga Special Action Force ay nai-deploy na rin sa mga stations at mga detachment ng mga vulnerable sa mga pag-atake at harassments.
"Matapos ang MRI, masayang ibinalita ng pamunuan ng Creamline na walang dapat ipangamba sa injury ni Valdez dahil hindi na ito mangangailangan pa ng operasyon.","Matapos ang MRI, masayang ibinalita ng pamunuan ng Creamline na walang dapat ipangamba sa injury ni Valdez dahil hindi na ito mangangailangan pa ng operasyon."
Ibinahagi ni Liza ang ilang screenshots ng viral Facebook post sa Instagram Stories at mariing pinabulaanan na sa kanya nanggaling ang mga nasabing pahayag.,Ibinahagi ni Liza ang ilang screenshots ng viral Facebook post sa Instagram Stories at mariing pinabulaanan na sa kanya nanggaling ang mga nasabing pahayag.
"Eh anak mo É??yan,É??É?ù pagtatapat ni Melai.","Eh anak mo É??yan,É??É?ù pagtatapat ni Melai."
Hala sabi ko 'Ano ito?',Hala sabi ko 'Ano ito?'
"Minsan napipigtas ang pilik-mata at nagkakaron ng impeksyon doon sa pinaghilahan, dagdag pa ni de Tagle.","Minsan napipigtas ang pilik-mata at nagkakaron ng impeksyon doon sa pinaghilahan, dagdag pa ni de Tagle."
"Kaya sabi ko kay Bato, 'wag ka mag-ano, ituro mo ako.","Kaya sabi ko kay Bato, 'wag ka mag-ano, ituro mo ako."
"Ang nakakaalarmang kuwento, may mga pagkakataon daw na nagpupunta na siyang mag-isa sa casino.","Ang nakakaalarmang kuwento, may mga pagkakataon daw na nagpupunta na siyang mag-isa sa casino."
Una ng sinabi ni Manuel V.,Una ng sinabi ni Manuel V.
"Sa datos ng CHO, nakapagtala noong Huwebes ng 60 na bagong kaso ng COVID-19 habang mayroon namang 48 indibidwal na nakarekober sa nasabing sakit at isa ang naitalang nasawi.","Sa datos ng CHO, nakapagtala noong Huwebes ng 60 na bagong kaso ng COVID-19 habang mayroon namang 48 indibidwal na nakarekober sa nasabing sakit at isa ang naitalang nasawi."
"Ito na eh, ilalabas ko na po lahat ng pinaghirapan naming lahat, na naipon po yung pagod, hirap na ito, isang bugahan lang sa tinagal-tagal naming nag-training ng pasarela, ng Q&A, konting oras lang po namin ibibigay yun sa isang stage.","Ito na eh, ilalabas ko na po lahat ng pinaghirapan naming lahat, na naipon po yung pagod, hirap na ito, isang bugahan lang sa tinagal-tagal naming nag-training ng pasarela, ng Q&A, konting oras lang po namin ibibigay yun sa isang stage."
Ano ang pinaghugutan ni Claudine para mas maibigay niya ang hinihingi ng mga eksena?,Ano ang pinaghugutan ni Claudine para mas maibigay niya ang hinihingi ng mga eksena?
"Nauna rito, namataan ng mga residente ang buwaya at agad nilang ipinagbigay alam sa BMB-DENR nitong Hunyo, 2022 na nagbigay ng matinding takot sa mga taong naninirahan malapit sa nasabing ilog.","Nauna rito, namataan ng mga residente ang buwaya at agad nilang ipinagbigay alam sa BMB-DENR nitong Hunyo, 2022 na nagbigay ng matinding takot sa mga taong naninirahan malapit sa nasabing ilog."
"Binusalan umano ng mga ito ng tela ang kanyang bibig at saka sinaksak siya ng patalim sa kaliwang dibdib, sanhi upang mawalan siya ng malay.","Binusalan umano ng mga ito ng tela ang kanyang bibig at saka sinaksak siya ng patalim sa kaliwang dibdib, sanhi upang mawalan siya ng malay."
Hindi na sila mga bata para maapektuhan ang fans.,Hindi na sila mga bata para maapektuhan ang fans.
Natagpuan hindi kalayuan sa katawan ni Jenny ang bangkay ni Lou Anderson na nakadapa sa damuhan.,Natagpuan hindi kalayuan sa katawan ni Jenny ang bangkay ni Lou Anderson na nakadapa sa damuhan.
"Bukod sa pera na tig-P1,000, mayroon din aniyang gumagamit ng tig-P500 para kumapal ang laman ng bouquet sa parehong halagang inilalagay sa P1,000-bill bouquet.","Bukod sa pera na tig-P1,000, mayroon din aniyang gumagamit ng tig-P500 para kumapal ang laman ng bouquet sa parehong halagang inilalagay sa P1,000-bill bouquet."
Naaalala pa namin ang mga personalidad na nanira nang todo kay Willie na nagpakain sa kanya ng mga salitang mahirap lunukin tulad ng walang utang na loob.,Naaalala pa namin ang mga personalidad na nanira nang todo kay Willie na nagpakain sa kanya ng mga salitang mahirap lunukin tulad ng walang utang na loob.
Naglabas lang siya ng sarili niyang pananaw sa kasong ito.,Naglabas lang siya ng sarili niyang pananaw sa kasong ito.
"Una nang sinabi ni Lacson na ang mahirap na trabaho ay hindi lamang sa kampanya kundi kapag nanalo na dahil haharapin ng susunod na presidente ang napakaraming problema kabilang ang napakalaking utang, unemployment at patuloy na korapsiyon.","Una nang sinabi ni Lacson na ang mahirap na trabaho ay hindi lamang sa kampanya kundi kapag nanalo na dahil haharapin ng susunod na presidente ang napakaraming problema kabilang ang napakalaking utang, unemployment at patuloy na korapsiyon."
40% din ng mga nagpapakasal ay mas pinili ang civil wedding kesa gawin sa simbahan.,40% din ng mga nagpapakasal ay mas pinili ang civil wedding kesa gawin sa simbahan.
"Infanta, Quezon, Philippines É?? Patay ang isang mister makaraang pagbabarilin ng dalawang hindi nakikilalang lalaki na nagkunwaring mga obrero sa ipinagagapas na damuhan ng biktima sa Sitio Tigkay, Barangay Magsaysay sa bayang ito, kamakalawa ng gabi.","Infanta, Quezon, Philippines É?? Patay ang isang mister makaraang pagbabarilin ng dalawang hindi nakikilalang lalaki na nagkunwaring mga obrero sa ipinagagapas na damuhan ng biktima sa Sitio Tigkay, Barangay Magsaysay sa bayang ito, kamakalawa ng gabi."
Ipagpapatuloy raw ng aktor ang dating trabaho niya abroad dahil hanggang ngayon ay may license siya para sa isang dating pinagkakakitaan nang tumira siya abroad.,Ipagpapatuloy raw ng aktor ang dating trabaho niya abroad dahil hanggang ngayon ay may license siya para sa isang dating pinagkakakitaan nang tumira siya abroad.
"Matagal nang tinatrabaho ito ni Anjo at isa siya sa pinakamaagang nag-file ng candidacy sa CamSur, pero nagulat kami nung November ay nag-submit siya ng withdrawal of candidacy at nagpa-substitute na siya.","Matagal nang tinatrabaho ito ni Anjo at isa siya sa pinakamaagang nag-file ng candidacy sa CamSur, pero nagulat kami nung November ay nag-submit siya ng withdrawal of candidacy at nagpa-substitute na siya."
Alam mo noong Sunday tumawag pa siya sa akin.,Alam mo noong Sunday tumawag pa siya sa akin.
"Ayun, lumabas ang isa pang dahilan ng exodus ni Janine Gutierrez sa GMA, iyong sinasabing qualified siya pero hindi siya ang binigyan ng role sa Encantadia.","Ayun, lumabas ang isa pang dahilan ng exodus ni Janine Gutierrez sa GMA, iyong sinasabing qualified siya pero hindi siya ang binigyan ng role sa Encantadia."
Muli itong sasabak sa matinding pukpukan kontra sa mas malakas na Barueri Volleyball Club na naglalaro sa prestihiyosong Superliga A ng Brazil.,Muli itong sasabak sa matinding pukpukan kontra sa mas malakas na Barueri Volleyball Club na naglalaro sa prestihiyosong Superliga A ng Brazil.
"Sa pagkakaalam namin, talagang nangyayari naman ang ganoon, dahil hindi pa rin sanay sa breastfeeding ang bata at basta nabibigla, maaaring mabulunan din o kaya ay kapusin ng hangin.","Sa pagkakaalam namin, talagang nangyayari naman ang ganoon, dahil hindi pa rin sanay sa breastfeeding ang bata at basta nabibigla, maaaring mabulunan din o kaya ay kapusin ng hangin."
Dinarayo rin ito ng mga residente ng Pateros at Taguig dahil sa P20 hanggang P30 ang bagsak presyo ng mga paninda rito kumpara sa mga palengke.,Dinarayo rin ito ng mga residente ng Pateros at Taguig dahil sa P20 hanggang P30 ang bagsak presyo ng mga paninda rito kumpara sa mga palengke.
"Tanong ni Tito Boy kay Bianca, ""Paano ka nakakasiguro na faithful sa yo si Ruru?""","Tanong ni Tito Boy kay Bianca, ""Paano ka nakakasiguro na faithful sa yo si Ruru?"""
Wala pa dahil hindi pa rin daw naiinterbyu ang stars na kasama roon.,Wala pa dahil hindi pa rin daw naiinterbyu ang stars na kasama roon.
"Pero kinalaunan, ang nag-ayang bata na lang umuwi at hindi niya kasama ang tatlong pinsan na kasama.","Pero kinalaunan, ang nag-ayang bata na lang umuwi at hindi niya kasama ang tatlong pinsan na kasama."
Tinawag ang naturang pagtitipon na É??national councilÉ??.,Tinawag ang naturang pagtitipon na É??national councilÉ??.
Sinabi rin ng young actor na malakas din ang mensahe ng Lolong na isang buwaya.,Sinabi rin ng young actor na malakas din ang mensahe ng Lolong na isang buwaya.
Ang tutoong diwa ng BAYANIHAN ay ang pagkakapit-bisig ng mga mamamayan sa ating pamahalaan na gawa ng mga lingkod bayan na wala na yatang pahinga mula nung nagsimula ang pandemya na ito.,Ang tutoong diwa ng BAYANIHAN ay ang pagkakapit-bisig ng mga mamamayan sa ating pamahalaan na gawa ng mga lingkod bayan na wala na yatang pahinga mula nung nagsimula ang pandemya na ito.
Habang binabato nila si Marcos ng kung anu-anong paratang lalo naming ipapakita na mas matindi at matibay ang suporta namin sa kanya.,Habang binabato nila si Marcos ng kung anu-anong paratang lalo naming ipapakita na mas matindi at matibay ang suporta namin sa kanya.
"Ayon sa NBI, noong Nobyembre 19 ay isang lalaki raw ang nagpaalam upang i-test drive ang SUV na pagmamay-ari ng isang 72-anyos na overseas Filipino worker.","Ayon sa NBI, noong Nobyembre 19 ay isang lalaki raw ang nagpaalam upang i-test drive ang SUV na pagmamay-ari ng isang 72-anyos na overseas Filipino worker."
"Siguro na-loose control sila kaya ganun nangyari ang aksidente, sabi ni Police Corporal Randy Santos, duty officer, Lubao Police Station.","Siguro na-loose control sila kaya ganun nangyari ang aksidente, sabi ni Police Corporal Randy Santos, duty officer, Lubao Police Station."
Naniniwala namam si Remulla na matatagalan pa ito sa kabila na tatrabahuhin niya ito sa unang 100 araw niya sa tanggapan.,Naniniwala namam si Remulla na matatagalan pa ito sa kabila na tatrabahuhin niya ito sa unang 100 araw niya sa tanggapan.
"Sinabi ni DILG Spokesperson at Undersecretary Jonathan Malaya na sa lahat ng limang town hall sessions na isinagawa ng DILG at DOH, mayroong dumaraming trend ng mga kalahok na pumapayag nang magpabakuna matapos na dumalo sa COVID-19 vaccine town hall sessions.","Sinabi ni DILG Spokesperson at Undersecretary Jonathan Malaya na sa lahat ng limang town hall sessions na isinagawa ng DILG at DOH, mayroong dumaraming trend ng mga kalahok na pumapayag nang magpabakuna matapos na dumalo sa COVID-19 vaccine town hall sessions."
Ito ay makaraang magkasundo sina Justice Secretary Menardo Guevarra at PNP Chief Gen. Guillermo Eleazar na isagawa na ang pagsusuri sa mga anti-drug operations.,Ito ay makaraang magkasundo sina Justice Secretary Menardo Guevarra at PNP Chief Gen. Guillermo Eleazar na isagawa na ang pagsusuri sa mga anti-drug operations.
"Habang tulog na at nagpapahinga na ang mga artista, may ilang grupo ng production staff na nag-iinuman na siyempre di ipinapaalam sa iba, dahil bawal iyon.","Habang tulog na at nagpapahinga na ang mga artista, may ilang grupo ng production staff na nag-iinuman na siyempre di ipinapaalam sa iba, dahil bawal iyon."
Ginawa ni Marcos ang pahayag kasunod ng isang magnitude 7 na lindol na yumanig sa hilagang Luzon noong Hulyo 27.,Ginawa ni Marcos ang pahayag kasunod ng isang magnitude 7 na lindol na yumanig sa hilagang Luzon noong Hulyo 27.
Pinarangalan si Joan Danielle Ongchoco sa 47th annual meeting ng SPP para sa kanyang gawa na Figments of imagination: É??Scaffolded attentionÉ?? creates non-sensory object and event representations.,Pinarangalan si Joan Danielle Ongchoco sa 47th annual meeting ng SPP para sa kanyang gawa na Figments of imagination: É??Scaffolded attentionÉ?? creates non-sensory object and event representations.
"Tinatanong ko kung saan 'yung punta niya, para lang ma-memorize ko yung pangalan niya sa license, dagdag pa ng pulis.","Tinatanong ko kung saan 'yung punta niya, para lang ma-memorize ko yung pangalan niya sa license, dagdag pa ng pulis."
Kamakailan lamang ay muling pumirma ng multi-year contract si Ravena sa NeoPhoenix dahilan para muli itong hindi makalahok sa susunod na edisyon ng draft.,Kamakailan lamang ay muling pumirma ng multi-year contract si Ravena sa NeoPhoenix dahilan para muli itong hindi makalahok sa susunod na edisyon ng draft.
"Ayon sa huling ulat ng Department of Health, Lunes, umabot na sa 478,761 na ang tinatamaan ng COVID-19 sa Pilipinas.","Ayon sa huling ulat ng Department of Health, Lunes, umabot na sa 478,761 na ang tinatamaan ng COVID-19 sa Pilipinas."
"Agad na nagsagawa ng operasyon ang Tagaytay Police sa nasabing hotel, at dito naabutan ang biktima na tadtad ng sugat at pasa habang natutulog ang suspek na si Thompson.","Agad na nagsagawa ng operasyon ang Tagaytay Police sa nasabing hotel, at dito naabutan ang biktima na tadtad ng sugat at pasa habang natutulog ang suspek na si Thompson."
Ito ang inilabas na bagong polisiya ng Bureau of Immigration (BI) makaraan na 50 bansa na ang nag-umpisa ng kanilang vaccination program.,Ito ang inilabas na bagong polisiya ng Bureau of Immigration (BI) makaraan na 50 bansa na ang nag-umpisa ng kanilang vaccination program.
"Sa ilalim ng nabanggit na batas na pinirmahan ng Presidente noong December 2019, kinakailangang gumamit ng car seat ang mga batang nasa 12 taon pababa at may taas na 4 feet and 411 pababa.","Sa ilalim ng nabanggit na batas na pinirmahan ng Presidente noong December 2019, kinakailangang gumamit ng car seat ang mga batang nasa 12 taon pababa at may taas na 4 feet and 411 pababa."
"Totoong nagkaroon daw ng pag-uusap, pero nangyari daw ito bago pa nagka-show si Pokwang sa TV5.","Totoong nagkaroon daw ng pag-uusap, pero nangyari daw ito bago pa nagka-show si Pokwang sa TV5."
Bilang isang artista na nagpahinga ng ilang taon sa trabaho ay talagang nanibago umano ang aktres na makapagtanghal muli nang personal para sa mga tagahanga.,Bilang isang artista na nagpahinga ng ilang taon sa trabaho ay talagang nanibago umano ang aktres na makapagtanghal muli nang personal para sa mga tagahanga.
"Gayunman, bandang alas-3:00 ng madaling araw (Hunyo 10), matutulog na sana ang biktima sa kanyang kuwarto nang biglang kumatok sa pintuan nito si Dilem.","Gayunman, bandang alas-3:00 ng madaling araw (Hunyo 10), matutulog na sana ang biktima sa kanyang kuwarto nang biglang kumatok sa pintuan nito si Dilem."
"Tama naman ang mga sagot niya, nasa tamang hulog naman siya, pero kung bakit kailangan pa niya ng second opinion!","Tama naman ang mga sagot niya, nasa tamang hulog naman siya, pero kung bakit kailangan pa niya ng second opinion!"
"Maaaring lumagpas nang doble sa kasalukuyang aktibong COVID-19 cases ngPilipinas sa Metro Manila pagdating ng Setyembre sa isang projection ng Department of Health (DOH) kung hindi bubuti ang vaccine coverage, pagsunod sa health protocols at detection to isolation sa Kamaynilaan.","Maaaring lumagpas nang doble sa kasalukuyang aktibong COVID-19 cases ngPilipinas sa Metro Manila pagdating ng Setyembre sa isang projection ng Department of Health (DOH) kung hindi bubuti ang vaccine coverage, pagsunod sa health protocols at detection to isolation sa Kamaynilaan."
Humiling na ang PCG ng oil spill boom at karagdagang tauhan mula sa kanilang istasyon sa Cebu para tumugon sa sitwasyon.,Humiling na ang PCG ng oil spill boom at karagdagang tauhan mula sa kanilang istasyon sa Cebu para tumugon sa sitwasyon.
Sinasabi ng World Health Organization (WHO) na aabot ng hanggang 70% na mas nakahahawa kaysa normal ang nasabing variant.,Sinasabi ng World Health Organization (WHO) na aabot ng hanggang 70% na mas nakahahawa kaysa normal ang nasabing variant.
"Gayundin, pinayuhan ang mga magsasaka na ilagay sa ligtas na lugar ang kanilang mga alagang hayop, at anihin na ang mga pwede nang anihin sa kanilang mga pananim.","Gayundin, pinayuhan ang mga magsasaka na ilagay sa ligtas na lugar ang kanilang mga alagang hayop, at anihin na ang mga pwede nang anihin sa kanilang mga pananim."
Nagpasalamat ang pamilya nito sa lahat ng tulong at suportang ibinigay ni Valdez upang maging maginhawa ang kanilang buhay mula sa pagiging simple noon hanggang sa magkaroon ng magarbong tahanan.,Nagpasalamat ang pamilya nito sa lahat ng tulong at suportang ibinigay ni Valdez upang maging maginhawa ang kanilang buhay mula sa pagiging simple noon hanggang sa magkaroon ng magarbong tahanan.
"Batay sa parehong ulat ng RESU-7, nakapagtala ang Tagbilaran City ng 74 na kaso ng dengue habang ang Talibon at Ubay ay mayroong 71 at 28, ayon sa pagkakasunod.","Batay sa parehong ulat ng RESU-7, nakapagtala ang Tagbilaran City ng 74 na kaso ng dengue habang ang Talibon at Ubay ay mayroong 71 at 28, ayon sa pagkakasunod."
"Nandun pa rin talaga na kailangan natin ng sobrang pag-iingat para sa sarili natin, para sa pamilya natin.","Nandun pa rin talaga na kailangan natin ng sobrang pag-iingat para sa sarili natin, para sa pamilya natin."
"Pagpapatuloy niya, Iba ito sa É??You are in a better placeÉ??.","Pagpapatuloy niya, Iba ito sa É??You are in a better placeÉ??."
Una nang sinabi ng PNP chief na ang mga istasyon sa mga lungsod muna ang binigyan ng tig-16 na body ca-mera.,Una nang sinabi ng PNP chief na ang mga istasyon sa mga lungsod muna ang binigyan ng tig-16 na body ca-mera.
"Noong nararamdaman ko po na kahit na hirap na hirap na ako, may darating na blessing, at may natututunan ako sa mga nangyari sa buhay ko.","Noong nararamdaman ko po na kahit na hirap na hirap na ako, may darating na blessing, at may natututunan ako sa mga nangyari sa buhay ko."
Sinagot din ni Sara ang mga tanong kung posible ba silang mag-tandem ni Marcos sa susunod na taon at sinabing walang pag-uusap tungkol dito.,Sinagot din ni Sara ang mga tanong kung posible ba silang mag-tandem ni Marcos sa susunod na taon at sinabing walang pag-uusap tungkol dito.
Hindi na po tayo nagpapatupad ng granular lockdown.,Hindi na po tayo nagpapatupad ng granular lockdown.
"Ang tila hindi pare-parehong reports noon, at ang katotohanan na sinabi ng pulisya ng Makati na pinamununuan noon ni Col.","Ang tila hindi pare-parehong reports noon, at ang katotohanan na sinabi ng pulisya ng Makati na pinamununuan noon ni Col."
Inamin ni Pangulong Ferdinand Marcos Jr. na bahagi ng kanilang plano sa pagsugpo ng ilegal na droga sa bansa ang pagpapa-resign sa mga senior officials ng Philippine National Police.,Inamin ni Pangulong Ferdinand Marcos Jr. na bahagi ng kanilang plano sa pagsugpo ng ilegal na droga sa bansa ang pagpapa-resign sa mga senior officials ng Philippine National Police.
"Pero pag-amin ni Jeric, pagiging rapper na tulad ni Francis Magalona ang pangarap niya pero napunta siya sa pagiging actions star.","Pero pag-amin ni Jeric, pagiging rapper na tulad ni Francis Magalona ang pangarap niya pero napunta siya sa pagiging actions star."
"Ayon kay Sotto, ang nailathala ni Torre ay É??editedÉ?ù records.","Ayon kay Sotto, ang nailathala ni Torre ay É??editedÉ?ù records."
Isang charity event ang magiging salpukan nina Pacquiao at Yoo para makatulong sa mga pamilyang labis na naapektuhan ng giyera ng Ukraine at Russia.,Isang charity event ang magiging salpukan nina Pacquiao at Yoo para makatulong sa mga pamilyang labis na naapektuhan ng giyera ng Ukraine at Russia.
Nakainom ng alak ang mga biktima nang mangyari ang insidente.,Nakainom ng alak ang mga biktima nang mangyari ang insidente.
"I really wanted a challenge, a change sabi ni Ate Shawie sa tanong kung bakit niya tinanggap ang not-so-ordinary movie na dinirek ni Darryl Yap.","I really wanted a challenge, a change sabi ni Ate Shawie sa tanong kung bakit niya tinanggap ang not-so-ordinary movie na dinirek ni Darryl Yap."
Nagsagawa rin ng gift-giving event kung saan binigyan ng regalo ang mga batang nakatira sa paligid ng Palasyo.,Nagsagawa rin ng gift-giving event kung saan binigyan ng regalo ang mga batang nakatira sa paligid ng Palasyo.
"Nauna na rin sinabi ni Duterte, chairman ng Cusi faction, na hindi siya mag-eendorso ng presidential aspirant maliban na lamang kung mayroong É??compelling reasonÉ?ùna gawin ito.","Nauna na rin sinabi ni Duterte, chairman ng Cusi faction, na hindi siya mag-eendorso ng presidential aspirant maliban na lamang kung mayroong É??compelling reasonÉ?ùna gawin ito."
"Iginiit pa ng senador na sa maraming bansa tulad ng Estados Unidos, UK, France, Canada, Japan, South Korea, Spain at Moroco,India, at Israel kung saan binalik ang mandatory COVID-19 test at iba pang patakaran para sa mga Chinese travellers.","Iginiit pa ng senador na sa maraming bansa tulad ng Estados Unidos, UK, France, Canada, Japan, South Korea, Spain at Moroco,India, at Israel kung saan binalik ang mandatory COVID-19 test at iba pang patakaran para sa mga Chinese travellers."
"Ayon kay PCG spokesman Commodore Armand Balilo, galing Polillo Island patungong Real, Quezon ang É??Mercraft 2É?ù na sinasakyan ng may 135 katao nang biglang sumiklab ang apoy sa naturang barko.","Ayon kay PCG spokesman Commodore Armand Balilo, galing Polillo Island patungong Real, Quezon ang É??Mercraft 2É?ù na sinasakyan ng may 135 katao nang biglang sumiklab ang apoy sa naturang barko."
Pareho silang may experience na magkaroon ng kani-kanilang kliyente na kanilang kinikita sa labas.,Pareho silang may experience na magkaroon ng kani-kanilang kliyente na kanilang kinikita sa labas.
"Masakit man, pilit na tinatanggap ni Frederick ang katotohanan na wala na ang kaniyang ina at hindi na niya muling makakapiling.","Masakit man, pilit na tinatanggap ni Frederick ang katotohanan na wala na ang kaniyang ina at hindi na niya muling makakapiling."
Ito rin ang sinapit ng apat na taong gulang na si Sabel.,Ito rin ang sinapit ng apat na taong gulang na si Sabel.
"Parang lukring ang babaeng yun, kung sinu-sino ang inaabala niya sa personal problems niya, maraming naiinis sa kanya!","Parang lukring ang babaeng yun, kung sinu-sino ang inaabala niya sa personal problems niya, maraming naiinis sa kanya!"
Mas malakas din umano ang usok sa kuweba kapag may pag-ulan sa lugar.,Mas malakas din umano ang usok sa kuweba kapag may pag-ulan sa lugar.
"So kayong taga-Davao, nakita ninyo yan.","So kayong taga-Davao, nakita ninyo yan."
Tinitignan ngayon ng Palasyo ang posibilidad ng paghihiwalay ng mga may proteksyon na laban sa coronavirus disease (COVID-19) sa mga wala pa sa mga lugar ng mga trabaho habang gumugulong ang immunization effort laban sa pandemya.,Tinitignan ngayon ng Palasyo ang posibilidad ng paghihiwalay ng mga may proteksyon na laban sa coronavirus disease (COVID-19) sa mga wala pa sa mga lugar ng mga trabaho habang gumugulong ang immunization effort laban sa pandemya.
"Bilang tugon sa hamon ni Pangulong Rodrigo Duterte, ibinunyag ni Sen.","Bilang tugon sa hamon ni Pangulong Rodrigo Duterte, ibinunyag ni Sen."
Pupuntiryahin ng apat na koponan ang kani-kanilang ikalawang sunod na panalo habang dalawa naman ang babangon mula sa nalasap na kabiguan.,Pupuntiryahin ng apat na koponan ang kani-kanilang ikalawang sunod na panalo habang dalawa naman ang babangon mula sa nalasap na kabiguan.
"As you read this, papunta na si Ogie, kasama sina Paulo Avelino at Janine Gutierrez, pati ang buong entourage nila, sa Sycuan Casino Resort sa El Cajon, California para sa second show nila ng OA sa Love in the USA ngayong April 2.","As you read this, papunta na si Ogie, kasama sina Paulo Avelino at Janine Gutierrez, pati ang buong entourage nila, sa Sycuan Casino Resort sa El Cajon, California para sa second show nila ng OA sa Love in the USA ngayong April 2."
Maglulunsad din umano ng rally ang Filipino at Asian community sa Manhattan para kondenahin ang pag-atake sa mga Pinoy at iba pang Asyano rito.,Maglulunsad din umano ng rally ang Filipino at Asian community sa Manhattan para kondenahin ang pag-atake sa mga Pinoy at iba pang Asyano rito.
Todo rin ang suportang ibinibigay ng mga magulang ng dalaga sa lahat ng mga ginagawa nito ngayon.,Todo rin ang suportang ibinibigay ng mga magulang ng dalaga sa lahat ng mga ginagawa nito ngayon.
"Nagtanong si Mama Loi kay Ogie, So pareho silang at fault dito kasi yung isa (Jomari) hindi ibinigay ang buo (budget) tapos (Anjo) umatras tinanggap yung ano (offer)?","Nagtanong si Mama Loi kay Ogie, So pareho silang at fault dito kasi yung isa (Jomari) hindi ibinigay ang buo (budget) tapos (Anjo) umatras tinanggap yung ano (offer)?"
"Pero nagtataka ako sa ngayon, sumama ang loob ko sa kanila, ani Zabala, na nagtamo ng mga galos at pasa sa mukha.","Pero nagtataka ako sa ngayon, sumama ang loob ko sa kanila, ani Zabala, na nagtamo ng mga galos at pasa sa mukha."
"Kasama rito ang bigas, mga delata, kape, energy drink at hygiene/anti-COVID kit na may kasamang face masks, face shields, alcohol at sabon para masiguro na protektado ang mga tatanggap nito laban sa COVID-19 virus.","Kasama rito ang bigas, mga delata, kape, energy drink at hygiene/anti-COVID kit na may kasamang face masks, face shields, alcohol at sabon para masiguro na protektado ang mga tatanggap nito laban sa COVID-19 virus."
"Ito ang paliwanag ni Vergeire ilang araw matapos magsimula ang tag-init o ""hot dry season""na magdadala ng mas matataas na temperatura hanggang Mayo.","Ito ang paliwanag ni Vergeire ilang araw matapos magsimula ang tag-init o ""hot dry season""na magdadala ng mas matataas na temperatura hanggang Mayo."
Ngayon ay nanumbalik nang muli ang maayos na turingan ng magkapatid.,Ngayon ay nanumbalik nang muli ang maayos na turingan ng magkapatid.
Inaasahang maipapasa ang Bayanihan 3 bago mag-sine die adjournment ang Kamara sa darating na Hunyo 4.,Inaasahang maipapasa ang Bayanihan 3 bago mag-sine die adjournment ang Kamara sa darating na Hunyo 4.
"Pahayag ni Mommy Raquel: Alam ko pong nagluluksa siya, pare-pareho kaming nagluluksa.","Pahayag ni Mommy Raquel: Alam ko pong nagluluksa siya, pare-pareho kaming nagluluksa."
"Dati naalala ko sabi niya sa amin ni kuya na pag may nang-insulto sa amin na wala siya, ganyan, ngumiti lang daw po kami para at the end of the day mag-iisip yung tao, I said something bad pero bakit nag-smile pa siya sa akin?","Dati naalala ko sabi niya sa amin ni kuya na pag may nang-insulto sa amin na wala siya, ganyan, ngumiti lang daw po kami para at the end of the day mag-iisip yung tao, I said something bad pero bakit nag-smile pa siya sa akin?"
Ang mga LGU ang nangangasiwa sa mga live na sabungan habang ang Pagcor naman ang may hawak sa e-sabong.,Ang mga LGU ang nangangasiwa sa mga live na sabungan habang ang Pagcor naman ang may hawak sa e-sabong.
Talagang kailangan ang mas malawak na pang-unawa sa bahagi ng mga nagkaranas ng medyo mapait na pangyayari.,Talagang kailangan ang mas malawak na pang-unawa sa bahagi ng mga nagkaranas ng medyo mapait na pangyayari.
Karinyo-brutal itong big-time oil price hike at ikasampung linggo ng sunod-sunod na pagtaas ng presyo ng langis sa mismong Araw ng Kababaihan.,Karinyo-brutal itong big-time oil price hike at ikasampung linggo ng sunod-sunod na pagtaas ng presyo ng langis sa mismong Araw ng Kababaihan.
"Ang mga susunod na mangyayari sa lamay, na may dalang takot at hilakbot, ang susubok sa tapang, tiwala at pananampalataya ng dalawa.","Ang mga susunod na mangyayari sa lamay, na may dalang takot at hilakbot, ang susubok sa tapang, tiwala at pananampalataya ng dalawa."
"Tuluy-tuloy ang bigay ng bakuna sa lahat ng lugar, talagang gusto na ng gobyernong mabigyan ng bakuna ang lahat, libre ang bakuna, ang daming volunteer doctors and nurses, ang babait ng staff, kung ayaw pa rin ng iba ang libre na ibinibigay ng gobyerno at gusto nila ng ibang brand, sige maghintay kayo.","Tuluy-tuloy ang bigay ng bakuna sa lahat ng lugar, talagang gusto na ng gobyernong mabigyan ng bakuna ang lahat, libre ang bakuna, ang daming volunteer doctors and nurses, ang babait ng staff, kung ayaw pa rin ng iba ang libre na ibinibigay ng gobyerno at gusto nila ng ibang brand, sige maghintay kayo."
Tuluyan nang isinuko ng Road Warriors ang laban nang mapatalsik si coach Yeng Guiao sa 1:57 minuto dahil sa kanyang ikalawang technical free throw.,Tuluyan nang isinuko ng Road Warriors ang laban nang mapatalsik si coach Yeng Guiao sa 1:57 minuto dahil sa kanyang ikalawang technical free throw.
Saludo naman ang Philippine Ports Authority (PPA) sa ginawang katapatan ng dalawang pasahero.,Saludo naman ang Philippine Ports Authority (PPA) sa ginawang katapatan ng dalawang pasahero.
Sinabi pa ng opisyal na ang naturang donasyon at mga parating pa na karagdagang Sinovac vaccine ngayong buwan ay makatutulong para madagdagan ang supply ng bakuna ng Pilipinas.,Sinabi pa ng opisyal na ang naturang donasyon at mga parating pa na karagdagang Sinovac vaccine ngayong buwan ay makatutulong para madagdagan ang supply ng bakuna ng Pilipinas.
"Nang marinig ng lalaki ang sinabi ni Hesus, malungkot siya at umalis.","Nang marinig ng lalaki ang sinabi ni Hesus, malungkot siya at umalis."
"Masarap sa pakiramdam na most of my fight scenes, ako gumagawa at minsan tumutulong akong i-direct.","Masarap sa pakiramdam na most of my fight scenes, ako gumagawa at minsan tumutulong akong i-direct."
"Ayon kay Hernandez, nangangalap din sila ng 150,000 signature mula sa mga commuters at iba pang sektor upang matulungang maresolba ang mga kinahaharap na problema ng mga commuters araw- araw.","Ayon kay Hernandez, nangangalap din sila ng 150,000 signature mula sa mga commuters at iba pang sektor upang matulungang maresolba ang mga kinahaharap na problema ng mga commuters araw- araw."
"Kasalukuyang naka-enroll sina Pauline at Teri, gumagawa ng kani-kanilang school requirements, at dumadalo ng online classes.","Kasalukuyang naka-enroll sina Pauline at Teri, gumagawa ng kani-kanilang school requirements, at dumadalo ng online classes."
Matatapos na kasi ang kontrata ni Wright sa susunod na buwan at tila nag-iisip siyang maglaro sa ibang liga kagaya sa Japan o Korea.,Matatapos na kasi ang kontrata ni Wright sa susunod na buwan at tila nag-iisip siyang maglaro sa ibang liga kagaya sa Japan o Korea.
"Lumilitaw sa ulat ng Pasig City Police, dakong alas-7:00 ng gabi nang maganap ang insidente sa Dr.","Lumilitaw sa ulat ng Pasig City Police, dakong alas-7:00 ng gabi nang maganap ang insidente sa Dr."
"Hanggang ngayon, inaantay ko po yung kaso na sinasabi ng NBI Nandiyan po yung 22 na yan, under custody ko po.","Hanggang ngayon, inaantay ko po yung kaso na sinasabi ng NBI Nandiyan po yung 22 na yan, under custody ko po."
"Ayon naman sa Bulatlat, na award-winning at 21-taon nang nag-ooperate, ""prior restraint"" ito laban sa protected speech lalo na sa kanilang nagsusulat tungkol sa isyu ng mga magsasaka, katutubo, maralitang lungsod, human rights violations atbp.","Ayon naman sa Bulatlat, na award-winning at 21-taon nang nag-ooperate, ""prior restraint"" ito laban sa protected speech lalo na sa kanilang nagsusulat tungkol sa isyu ng mga magsasaka, katutubo, maralitang lungsod, human rights violations atbp."
"Sa ngayon, umaasa na lang daw ang mga residente na magkaroon pa ng malakas na pag-ulan para malunod ang mga daga.--FRJ.","Sa ngayon, umaasa na lang daw ang mga residente na magkaroon pa ng malakas na pag-ulan para malunod ang mga daga.--FRJ."
"Sa bakasyon nga nila ngayon sa Boracay, parehong nag-flex ng kanilang katawan ang mag-asawa.","Sa bakasyon nga nila ngayon sa Boracay, parehong nag-flex ng kanilang katawan ang mag-asawa."
Inihayag pa ng Kongresista na ang Pilipinas ay palaging binibisita ng mga bagyo kada taon kaya dapat lamang na gumawa ng sapat na mga hakbangin ang pamahalaan.,Inihayag pa ng Kongresista na ang Pilipinas ay palaging binibisita ng mga bagyo kada taon kaya dapat lamang na gumawa ng sapat na mga hakbangin ang pamahalaan.
"Yung iba nakatayo na, natutulog nang nakatayo, kuwento niya.","Yung iba nakatayo na, natutulog nang nakatayo, kuwento niya."
"Payo niya sa iba, dapat tumingin din sa labas ng isang relasyon para mas maging malawak ang pananaw para rin sa sarili.","Payo niya sa iba, dapat tumingin din sa labas ng isang relasyon para mas maging malawak ang pananaw para rin sa sarili."
Unang inakala ng pamilya nakauwi na si Wilmer pero nang hindi nila ito nakita ay hinanap nila.,Unang inakala ng pamilya nakauwi na si Wilmer pero nang hindi nila ito nakita ay hinanap nila.
Nakatakdang magbigay ng anunsyo si Information and Communications Technology Secretary Ivan Uy patungkol sa isyu matapos makipag-usap kay Pangulong Ferdinand Marcos Jr.,Nakatakdang magbigay ng anunsyo si Information and Communications Technology Secretary Ivan Uy patungkol sa isyu matapos makipag-usap kay Pangulong Ferdinand Marcos Jr.
"Lucban Quezon, Philippines É?? Aabot sa mahigit P90,000 halaga ng mga halaman ang ninakaw sa isang flower farm sa Sitio Spring, Brgy May It sa bayang ito, kamakalawa.","Lucban Quezon, Philippines É?? Aabot sa mahigit P90,000 halaga ng mga halaman ang ninakaw sa isang flower farm sa Sitio Spring, Brgy May It sa bayang ito, kamakalawa."
"Kahapon lang nang bumaba sa 1,038 ang bagong COVID-19 cases sa Pilipinas, dahilan para umabot na sa 3.55.","Kahapon lang nang bumaba sa 1,038 ang bagong COVID-19 cases sa Pilipinas, dahilan para umabot na sa 3.55."
Pero hindi pa nakikita ang patalim na ginamit sa krimen.,Pero hindi pa nakikita ang patalim na ginamit sa krimen.
"Nagpapatupad ang Department of Transportation (DOTr) na ""no bakuna, no sakay"" policy para sa Metro Manila habang nasa Alert Level 3 pataas ito, maliban na lang sa mga kailangang bumili ng gamot, pagkain, mga kailangang kumuha ng serbisyong medikal, nagtratrabaho atbp.","Nagpapatupad ang Department of Transportation (DOTr) na ""no bakuna, no sakay"" policy para sa Metro Manila habang nasa Alert Level 3 pataas ito, maliban na lang sa mga kailangang bumili ng gamot, pagkain, mga kailangang kumuha ng serbisyong medikal, nagtratrabaho atbp."
Gayunman hindi masabi ng kalihim kung mahaba ba o maiksi ang SONA speech ng pangulo dahil patuloy pang binubuo ang lalamanin ng kanyang talumpati na siya mismo ang gumagawa nito.,Gayunman hindi masabi ng kalihim kung mahaba ba o maiksi ang SONA speech ng pangulo dahil patuloy pang binubuo ang lalamanin ng kanyang talumpati na siya mismo ang gumagawa nito.
Napag-usapan na raw ng dalawa noong Enero na magpakasal na sa Disyembre pero naisipan pa rin ni Lyka na sorpresahin ng wedding proposal ang nobyo sa kaarawan nito.,Napag-usapan na raw ng dalawa noong Enero na magpakasal na sa Disyembre pero naisipan pa rin ni Lyka na sorpresahin ng wedding proposal ang nobyo sa kaarawan nito.
Kaabang-abang ang lahat ng sexy scenes na ginawa ni Heaven dito.,Kaabang-abang ang lahat ng sexy scenes na ginawa ni Heaven dito.
"Noong Enero 15, nakita niya ang dumarating na eroplano kaya kumuha siya ng salamin para pansenyas dito, dahilan para makita ng piloto nito ang nakaukit na salitang É??helpÉ?? sa isang bahagi ng kanyang bangka.","Noong Enero 15, nakita niya ang dumarating na eroplano kaya kumuha siya ng salamin para pansenyas dito, dahilan para makita ng piloto nito ang nakaukit na salitang É??helpÉ?? sa isang bahagi ng kanyang bangka."
"Cotabato CITY, Philippines É?? Tatlong teenager ang patay matapos umanong makipagbarilan sa mga pulis sa naganap na sinasabing É??shootoutÉ?ù sa Lambayong, Sultan Kudarat nitong Biyernes ng madlaing-araw.","Cotabato CITY, Philippines É?? Tatlong teenager ang patay matapos umanong makipagbarilan sa mga pulis sa naganap na sinasabing É??shootoutÉ?ù sa Lambayong, Sultan Kudarat nitong Biyernes ng madlaing-araw."
"Sinabi ng DepEd Sultan Kudarat na kasama ang Datu Manggong Elementary School sa listahan ng mga last mile schools o nasa isolated areas na walang kuryente, tubig at iba pa.","Sinabi ng DepEd Sultan Kudarat na kasama ang Datu Manggong Elementary School sa listahan ng mga last mile schools o nasa isolated areas na walang kuryente, tubig at iba pa."
Ibang-iba na ang hitsura ng actor lately.,Ibang-iba na ang hitsura ng actor lately.
Lagi nung nagbabakasyon sa bansa si Sandara kahit maganda ang takbo ng career niya sa Korea na unang sumikat dito sa atin para bisitahin ang mga kaibigan niya rito.,Lagi nung nagbabakasyon sa bansa si Sandara kahit maganda ang takbo ng career niya sa Korea na unang sumikat dito sa atin para bisitahin ang mga kaibigan niya rito.
Hindi raw niya matanggap ang sinapit ng kanyang ama.,Hindi raw niya matanggap ang sinapit ng kanyang ama.
"Ayon kay Eleazar, nakipag-ugnayan na siya kay Justice Secretary Menardo Guevarra kung saan sinabi ng kalihim na walang batas na gagamiting batayan sa pag-aresto sa mga ayaw magpabakuna.","Ayon kay Eleazar, nakipag-ugnayan na siya kay Justice Secretary Menardo Guevarra kung saan sinabi ng kalihim na walang batas na gagamiting batayan sa pag-aresto sa mga ayaw magpabakuna."
Present din si Marco sa mga nag-video greeting kay Ivana nang isorpresa ito ng pamilya sa kaniyang 2nd anniversary.,Present din si Marco sa mga nag-video greeting kay Ivana nang isorpresa ito ng pamilya sa kaniyang 2nd anniversary.
"Ayon kay Presidential spokesperson Harry Roque, natanggap na niya ang impormasyon na tinapos na ang preliminary investigation laban sa Pangulo at hihilingin na ang pagsisimula ng pre-trial.","Ayon kay Presidential spokesperson Harry Roque, natanggap na niya ang impormasyon na tinapos na ang preliminary investigation laban sa Pangulo at hihilingin na ang pagsisimula ng pre-trial."
Pero as much as possible ay ayaw na niyang magpabanggit ng pangalan.,Pero as much as possible ay ayaw na niyang magpabanggit ng pangalan.
"Kaya naman nang matikman ni girl ang friend naming may malaking kargada, napasabit ito ng, É??Iba talaga pag malaki!É?ù","Kaya naman nang matikman ni girl ang friend naming may malaking kargada, napasabit ito ng, É??Iba talaga pag malaki!É?ù"
"Sa pamamagitan ng Viber app, tinanong ko ang singer-songwriter kung may gagawin ba silang legal action sa produktong nanggamit kay Ian, pero ang sabi lang ng mister ni Regine Velasquez-Alcasid ay, Wait ko pa Ako rin ganyan.","Sa pamamagitan ng Viber app, tinanong ko ang singer-songwriter kung may gagawin ba silang legal action sa produktong nanggamit kay Ian, pero ang sabi lang ng mister ni Regine Velasquez-Alcasid ay, Wait ko pa Ako rin ganyan."
Ang kahulugan ng serbisyo-publiko ay isang paglilingkod na walang pagmamaliw at hindi nilalagyan ng limitasyon ang tulong na maaaring ibigay sa kapwa.,Ang kahulugan ng serbisyo-publiko ay isang paglilingkod na walang pagmamaliw at hindi nilalagyan ng limitasyon ang tulong na maaaring ibigay sa kapwa.
Post nito ay idinikit pa rin kay Zeinab lalo na at ni-reshare nito ang IG story ni Wilbert Ross na dating na-link sa vlogger nang maghiwalay sila ng Ex-Batallion member.,Post nito ay idinikit pa rin kay Zeinab lalo na at ni-reshare nito ang IG story ni Wilbert Ross na dating na-link sa vlogger nang maghiwalay sila ng Ex-Batallion member.
Prinodyus ito ng isang independent producer at ang pagkakaalam niya ay sa GMA 7 o baka sa GTV ito ipalalabas.,Prinodyus ito ng isang independent producer at ang pagkakaalam niya ay sa GMA 7 o baka sa GTV ito ipalalabas.
"Sa pag-ikot ng elesi, nagpapaandar ang generator para makagawa ng enerhiya.","Sa pag-ikot ng elesi, nagpapaandar ang generator para makagawa ng enerhiya."
Umaabot na ngayon sa 52 mula sa 81 gobernador sa bansa ang nagpahayag ng kanilang suporta sa kandidatura sa pagka-bise presidente ni Senator Christopher É??BongÉ?? Go.,Umaabot na ngayon sa 52 mula sa 81 gobernador sa bansa ang nagpahayag ng kanilang suporta sa kandidatura sa pagka-bise presidente ni Senator Christopher É??BongÉ?? Go.
Sabi ko pwede ako mag-side boob pa.,Sabi ko pwede ako mag-side boob pa.
Isa rin sa dahilan ng pagkapaso ng mga bakuna ay ang pagdadalawang-isip ng mga Pilipino na magpabakuna nitong huling bahagi ng taon nang bumaba na ang mga kaso.,Isa rin sa dahilan ng pagkapaso ng mga bakuna ay ang pagdadalawang-isip ng mga Pilipino na magpabakuna nitong huling bahagi ng taon nang bumaba na ang mga kaso.
Isama na si Matthew É??ChewÉ?ù Daves sa mga mawawala sa pagdedepensa ng Ateneo de Manila University sa kanilang UAAP crown sa Season 86.,Isama na si Matthew É??ChewÉ?ù Daves sa mga mawawala sa pagdedepensa ng Ateneo de Manila University sa kanilang UAAP crown sa Season 86.
"Lagi nating naaalala ang maliit na kasalanan ng ating kapuwa, pero nakakalimutan naman natin ang malaki nating kasalanan sa paulit-ulit nating paglabag sa 10 Utos ng Diyos.","Lagi nating naaalala ang maliit na kasalanan ng ating kapuwa, pero nakakalimutan naman natin ang malaki nating kasalanan sa paulit-ulit nating paglabag sa 10 Utos ng Diyos."
"Sa porsyento ng POGO workers, nitong 2022, umabot sa 48.87.","Sa porsyento ng POGO workers, nitong 2022, umabot sa 48.87."
"Noong isang araw, napagkuwentuhan namin ang kaso ni Dennis Da Silva na nakakulong pa rin hanggang ngayon na nahatulan ng reclusion perpetua, o habambuhay na pagkakakulong dahil sa bintang na ni-rape niya noon ang anak na babae ng kanyang live-in partner.","Noong isang araw, napagkuwentuhan namin ang kaso ni Dennis Da Silva na nakakulong pa rin hanggang ngayon na nahatulan ng reclusion perpetua, o habambuhay na pagkakakulong dahil sa bintang na ni-rape niya noon ang anak na babae ng kanyang live-in partner."
"Patungo sana sa Barangay Pasay, Del Gallego, Camarines Sur ang mga biktima upang doon mag-Bagong Taon.","Patungo sana sa Barangay Pasay, Del Gallego, Camarines Sur ang mga biktima upang doon mag-Bagong Taon."
"Sa video, makikitang naglalakad ang isang lalaki nang bigla siyang pagbabarilin ng riding in tandem sa kanto ng Pacheco at Madrid Streets nito lamang Lunes ng gabi.","Sa video, makikitang naglalakad ang isang lalaki nang bigla siyang pagbabarilin ng riding in tandem sa kanto ng Pacheco at Madrid Streets nito lamang Lunes ng gabi."
Habang ang mga pa-sahero na naka-transit na galing sa naturang bansa at lahat ng mga paparating na naririto na bago mag-12:01 ngHulyo 16 ay papasukin sa bansa subalit kailangan nilang sumailalim sa 14-day facility quarantine at kailangan din sumailalim sa negative RT-PCR test.,Habang ang mga pa-sahero na naka-transit na galing sa naturang bansa at lahat ng mga paparating na naririto na bago mag-12:01 ngHulyo 16 ay papasukin sa bansa subalit kailangan nilang sumailalim sa 14-day facility quarantine at kailangan din sumailalim sa negative RT-PCR test.
Tanong sa kanya.,Tanong sa kanya.
Pinayuhan din ni Duterte si Gordon na magpapayat muna na katulad ni Lacson ay iba na rin aniya ang hawi ng buhok.,Pinayuhan din ni Duterte si Gordon na magpapayat muna na katulad ni Lacson ay iba na rin aniya ang hawi ng buhok.
"Katuwa pa nga na pati mga konek niya like si Jaja at Happy Boink na nagluluto ng ulam, talagang pinakilala niya sa atin at binigyan din tayo ng products nila.","Katuwa pa nga na pati mga konek niya like si Jaja at Happy Boink na nagluluto ng ulam, talagang pinakilala niya sa atin at binigyan din tayo ng products nila."
"Una nang sinabi survey ng Pulse Asia na nasa 47% ng mga Pilipino ang ayaw magpabakuna laban sa COVID-19, karamihan sa pag-aalala kung epektibo ito. Mas mataas yan sa 31% na unang lumabas sa pag-aaral ng Social Weather Stations.","Una nang sinabi survey ng Pulse Asia na nasa 47% ng mga Pilipino ang ayaw magpabakuna laban sa COVID-19, karamihan sa pag-aalala kung epektibo ito. Mas mataas yan sa 31% na unang lumabas sa pag-aaral ng Social Weather Stations."
"Nakasaad din sa panukala na dapat dagdagan ng allowable deduction mula sa gross income ng mga pribadong kumpanya na tatanggap sa mga senior citizen bilang kanilang trabahador, sa 25% mula sa dating 14% ng kabuuang halagang binabayaran bilang kanilang suweldo.","Nakasaad din sa panukala na dapat dagdagan ng allowable deduction mula sa gross income ng mga pribadong kumpanya na tatanggap sa mga senior citizen bilang kanilang trabahador, sa 25% mula sa dating 14% ng kabuuang halagang binabayaran bilang kanilang suweldo."
Naalala pa niya noong panahon na nangingisda sila sa lawa at marami silang nahuhuli.,Naalala pa niya noong panahon na nangingisda sila sa lawa at marami silang nahuhuli.
Nilinaw ng Malaca?Òang na fake news ang kumakalat na ulat na hindi na maaring magamit ang P20 papel.,Nilinaw ng Malaca?Òang na fake news ang kumakalat na ulat na hindi na maaring magamit ang P20 papel.
"Bakit 146K ang followers sa Instagram eh bobo naman daw ako sa English at spelling, saka bakit 74 na para bang so É??powerfulÉ?? pa rin kaya react lahat pag may sinasabi ako na opinion ko lang naman.","Bakit 146K ang followers sa Instagram eh bobo naman daw ako sa English at spelling, saka bakit 74 na para bang so É??powerfulÉ?? pa rin kaya react lahat pag may sinasabi ako na opinion ko lang naman."
Umaasa si Fernandez na may mga LGUs pang tutulong sa training bubble ng mga national athletes na magdedepensa sa overall championship ng bansa sa Vietnam SEAG.,Umaasa si Fernandez na may mga LGUs pang tutulong sa training bubble ng mga national athletes na magdedepensa sa overall championship ng bansa sa Vietnam SEAG.
"Samantala, kung nakauwi naman si Frankie, si KC ay sa pamamagitan ng kanyang social media account tumutulong para sa mga hinagupit ng Odette.","Samantala, kung nakauwi naman si Frankie, si KC ay sa pamamagitan ng kanyang social media account tumutulong para sa mga hinagupit ng Odette."
"May mga kapatid akong lalaki, malalaki ang katawan, pero ayaw namang magsipagbanat ng buto, naluluha ring kuwento ng aming kaibigan-anak-anakan.","May mga kapatid akong lalaki, malalaki ang katawan, pero ayaw namang magsipagbanat ng buto, naluluha ring kuwento ng aming kaibigan-anak-anakan."
"Libong bangkero ng Pagsanjan, Laguna na nalugmok din sa pandemya dulot ng COVID-19 ang nabiyayaan ng tulong mula kay Senator Christopher É??BongÉ?ù Go.","Libong bangkero ng Pagsanjan, Laguna na nalugmok din sa pandemya dulot ng COVID-19 ang nabiyayaan ng tulong mula kay Senator Christopher É??BongÉ?ù Go."
"Kaugnay nito, sinabi ni Mamon na É??manageableÉ?ù pa rin umano ang Mlang Police Station at nananatiling normal ang takbo ng kanilang operasyon.","Kaugnay nito, sinabi ni Mamon na É??manageableÉ?ù pa rin umano ang Mlang Police Station at nananatiling normal ang takbo ng kanilang operasyon."
Lalagyanng stickers na É??fully vaccinatedÉ?? ang bawat bahay sa Maynila na pawang nakakumpleto na ng COVID-19 vaccines ang mga miyembro ng pamilya.,Lalagyanng stickers na É??fully vaccinatedÉ?? ang bawat bahay sa Maynila na pawang nakakumpleto na ng COVID-19 vaccines ang mga miyembro ng pamilya.
"Marami silang pinalalabas na nakapasok na raw sila sa US market, pero maliban sa ilang social media posts, walang kumagat sa gimmick na iyon.","Marami silang pinalalabas na nakapasok na raw sila sa US market, pero maliban sa ilang social media posts, walang kumagat sa gimmick na iyon."
Kinumpirma rin ni Vergeire na mayroon ng mga naiulat na namatay dahil sa sakit.,Kinumpirma rin ni Vergeire na mayroon ng mga naiulat na namatay dahil sa sakit.
Excited din ang aktres kapag napapag-usapan ang tungkol sa wedding plans nila ni Jomari Yllana.,Excited din ang aktres kapag napapag-usapan ang tungkol sa wedding plans nila ni Jomari Yllana.
"Ayon kay Claire, ""mabait"" si Glaiza pagdating sa pananampal sa mga eksena.","Ayon kay Claire, ""mabait"" si Glaiza pagdating sa pananampal sa mga eksena."
"Alinsunod sa RA 7722 at RA 9593, ginagamit daw ng CHED ang HEDF para ibigay ang mga sumusunod na grants sa higher educational institutions.","Alinsunod sa RA 7722 at RA 9593, ginagamit daw ng CHED ang HEDF para ibigay ang mga sumusunod na grants sa higher educational institutions."
Sinabi pa ng source na kabilang sa mga unang nakalawit ni Villar para sumama sa kanya ay sina game show host Willie Revillame na tapos na umano ang kontrata sa GMA Network at dating ABS-CBN President at COO Freddie Garcia.,Sinabi pa ng source na kabilang sa mga unang nakalawit ni Villar para sumama sa kanya ay sina game show host Willie Revillame na tapos na umano ang kontrata sa GMA Network at dating ABS-CBN President at COO Freddie Garcia.
"Kinumpirma rin ni Fajardo na ang nasawi sa engkwentro ay bodyguard ni Disono na nakilalang si Sandee Boy Bermudo, isang ex-marine na na-enlist noong 2008 subalit nag-Absent Without Leave (AWOL) mula pa noong 2014.","Kinumpirma rin ni Fajardo na ang nasawi sa engkwentro ay bodyguard ni Disono na nakilalang si Sandee Boy Bermudo, isang ex-marine na na-enlist noong 2008 subalit nag-Absent Without Leave (AWOL) mula pa noong 2014."
"Itinutulak ng House Committee on Ways and Means na mabigyan ng 20% diskuwento sa mga bayarin ang mga health workers sa 42,046 mga barangay sa buong bansa.","Itinutulak ng House Committee on Ways and Means na mabigyan ng 20% diskuwento sa mga bayarin ang mga health workers sa 42,046 mga barangay sa buong bansa."
"Bata pa po yung industriya, kaya ang ating mga kababayan eh nagsusumikap din po na matutunan talaga at kaya po sila ang naha-hire kasi nagiging qualified na po sila sa mga posisyon, pagbabahagi ni Danganan.","Bata pa po yung industriya, kaya ang ating mga kababayan eh nagsusumikap din po na matutunan talaga at kaya po sila ang naha-hire kasi nagiging qualified na po sila sa mga posisyon, pagbabahagi ni Danganan."
"Ang napansin ko lang, isang araw pa lang napapag-usapan ang isyung ito, pero lalong dumami ang followers niya sa Instagram.","Ang napansin ko lang, isang araw pa lang napapag-usapan ang isyung ito, pero lalong dumami ang followers niya sa Instagram."
"Huwebes nang gabi nakaramdam ng kakaiba ang kanyang piloto, maagang-maaga nung Biyernes ay nagpa-swab test sila sa St.","Huwebes nang gabi nakaramdam ng kakaiba ang kanyang piloto, maagang-maaga nung Biyernes ay nagpa-swab test sila sa St."
Ito bago matulog o mag-bonding lang sila ng barkada nila.,Ito bago matulog o mag-bonding lang sila ng barkada nila.
"Ang segment na ""Bida Ex"" ay spin-off sa segment na ""Bida Next"" ng Eat Bulaga sa paghahanap ng magiging bagong host ng programa.","Ang segment na ""Bida Ex"" ay spin-off sa segment na ""Bida Next"" ng Eat Bulaga sa paghahanap ng magiging bagong host ng programa."
Nakakalungkot yong ginagamit ng ating kasamahan sa Senado na É??buwisitÉ??.,Nakakalungkot yong ginagamit ng ating kasamahan sa Senado na É??buwisitÉ??.
"Yan ay naka-ECQ na po tayo, ani Vergeire.","Yan ay naka-ECQ na po tayo, ani Vergeire."
