Original Sentence,Gold Sentence,Corrected Sentence,Incorrect Words,Spell Suggestions
Nabatid na unang inireport na nawawala ang biktima nang hindi nakauwi matapos na umakyat sa bundok noong Setyembre 30 upang magdasal at hilingin sa milagrosong Holy Cross na makapasa sa nasabing licensure exam ang anak.,Nabatid na unang inireport na nawawala ang biktima nang hindi nakauwi matapos na umakyat sa bundok noong Setyembre 30 upang magdasal at hilingin sa milagrosong Holy Cross na makapasa sa nasabing licensure exam ang anak.,Nabatid na unang inireport na nawawala ang biktima nang hindi nakauwi matapos na umakyat sa bundok noong Setyembre ag upang magdasal at hilingin sa milagrosong Holy Cross na makapasa sa nasabing licensure exam ang anak.,['30'],"{'30': ['ab', 'ad', 'ag', 'ah', 'ak']}"
"Bago naman bumalik sa Manila, tutungo muna ang Ajakada sa Blue House kung saan ito ang official residence ng namumuno ng South Korea at pupuntahan din nila ang kilalang cultural exhibition space na K-Style Hub kung saan mas makikilala pa nila ang makulay na kultura ng bansa.","Bago naman bumalik sa Manila, tutungo muna ang Ajakada sa Blue House kung saan ito ang official residence ng namumuno ng South Korea at pupuntahan din nila ang kilalang cultural exhibition space na K-Style Hub kung saan mas makikilala pa nila ang makulay na kultura ng bansa.","Bago naman bumalik sa Manila, tutungo muna ang aakda sa Blue House kung saan ito ang official residence ng namumuno ng South Korea at pupuntahan din nila ang kilalang cultural exhibition space na K-Style Hub kung saan mas makikilala pa nila ang makulay na kultura ng bansa.",['Ajakada'],"{'Ajakada': ['abakada', 'aakala', 'aakda', 'aasada', 'sakada']}"
"Sa SurfSaya 20, lalo pinadali ang pag-share ng updates sa Facebook, makipag-bonding sa kanilang mga kaibigan sa ranked games sa Mobile Legends o makisali sa bagong TikTok trends.","Sa SurfSaya 20, lalo pinadali ang pag-share ng updates sa Facebook, makipag-bonding sa kanilang mga kaibigan sa ranked games sa Mobile Legends o makisali sa bagong TikTok trends.","Sa sumasadya ag, lalo pinasali ang pag-share ng updates sa Facebook, makipag-bonding sa kanilang mga kaibigan sa ranked games sa Mobile agenda o makisali sa bagong TikTok trends.","['SurfSaya', '20', 'pinarali', 'Legends']","{'SurfSaya': ['sumasaya', 'sasaya', 'sumasadya', 'sumasaka', 'sumasala'], '20': ['ab', 'ad', 'ag', 'ah', 'ak'], 'pinarali': ['pinadali', 'pinarami', 'pinasali', 'binabali', 'dinadali'], 'Legends': ['legend', 'leyenda', 'agenda', 'agendy', 'agents']}"
Bawat obrang kaniyang ginagawa ay tumatagal ng isang araw bago matapos.,Bawat obrang kaniyang ginagawa ay tumatagal ng isang araw bago matapos.,Bawat obrang kaniyang ginagawa ay tumatagal ng isang araw bago matapos.,[],{}
"Bacacay, Albay, Philippines ?? Isa nang malamig na bangkay nang matagpuan ang isang lalaki na nakaposas at nakagapos ang dalawang binti sa may drainage canal sa tabi ng kalsada sa liblib na lugar ng Purok-6, Sitio Tiga, Brgy.","Bacacay, Albay, Philippines ?? Isa nang malamig na bangkay nang matagpuan ang isang lalaki na nakaposas at nakagapos ang dalawang binti sa may drainage canal sa tabi ng kalsada sa liblib na lugar ng Purok-6, Sitio Tiga, Brgy.","babatay, Albay, Philippines ?? Isa nang malamig na bangkay nang matagpuan ang isang lalaki na nakaposas at nakagapos ang dalawang binti sa may drainage canal sa tabi ng kalsada sa liblib na lugar ng Purok-d, Sitio higa, Brgy.","['Bacacay', '6', 'Tiga']","{'Bacacay': ['babagay', 'babakay', 'babatay', 'backpay', 'balatay'], '6': ['b', 'c', 'd', 'e', 'f'], 'Tiga': ['biga', 'diga', 'higa', 'iga', 'liga']}"
Dahil sa US tour ay wala munang laro sa dalawang weekly rounds ng NBL ang Adelaide na sa Oktubre 13 pa sasalang kontra sa Tasmania JackJumpers sa Adelaide Entertainment Centre.,Dahil sa US tour ay wala munang laro sa dalawang weekly rounds ng NBL ang Adelaide na sa Oktubre 13 pa sasalang kontra sa Tasmania JackJumpers sa Adelaide Entertainment Centre.,Dahil sa US tour ay wala munang laro sa dalawang weekly rounds ng aal ang alklade na sa Oktubre ad pa sasalang kontra sa armonia backpackers sa alklade Entertainment bente.,"['NBL', 'Adelaide', '13', 'Tasmania', 'JackJumpers', 'Adelaide', 'Centre']","{'NBL': ['nal', 'nbg', 'aal', 'ab', 'aba'], 'Adelaide': ['adelanto', 'alkaide', 'alklade', 'apelyido', 'abenida'], '13': ['p3', 'ab', 'ad', 'ag', 'ah'], 'Tasmania': ['aasmahin', 'ammonia', 'armonia', 'asana', 'asmahin'], 'JackJumpers': ['parajumper', 'backers', 'backpackers', 'backriders', 'hackers'], 'Centre': ['centres', 'centro', 'bente', 'censure', 'center']}"
"Ang mga may naunang pag-apruba sa mga flexible na oras ng pagtatrabaho at alternatibong mga kaayusan sa trabaho ay dapat panatilihing napapailalim sa naaangkop na mga alituntunin at regulasyon ng Komisyon sa Serbisyo Sibil sa usapin, sinabi ng administrador ng lungsod.","Ang mga may naunang pag-apruba sa mga flexible na oras ng pagtatrabaho at alternatibong mga kaayusan sa trabaho ay dapat panatilihing napapailalim sa naaangkop na mga alituntunin at regulasyon ng Komisyon sa Serbisyo Sibil sa usapin, sinabi ng administrador ng lungsod.","Ang mga may naunang pag-apruba sa mga flexible na oras ng pagtatrabaho at alternatibong mga kaayusan sa trabaho ay dapat panatilihing napapailalim sa naaangkop na mga alituntunin at regulasyon ng Komisyon sa Serbisyo Sibil sa usapin, sinabi ng administrador ng lungsod.",[],{}
"Ayon kay Santiago, magpapatuloy ang pag-iinspeksyon ng LTO sa mga bus hanggang sa Linggo gayundin sa mga regional offices para naman sa mga provincial buses na pabalik naman ng Metro Manila.","Ayon kay Santiago, magpapatuloy ang pag-iinspeksyon ng LTO sa mga bus hanggang sa Linggo gayundin sa mga regional offices para naman sa mga provincial buses na pabalik naman ng Metro Manila.","Ayon kay aantig, magpapatuloy ang pag-iinspeksyon ng ito sa mga bus hanggang sa Linggo gayundin sa mga regional offices para naman sa mga provincial buses na pabalik naman ng Metro Manila.","['Santiago', 'LTO']","{'Santiago': ['antigo', 'santing', 'aantig', 'antig', 'antimano'], 'LTO': ['ato', 'eto', 'ito', 'lao', 'lato']}"
Lumalabas na gusto nilang bigyan ng bagong bihis ang Eat Bulaga.,Lumalabas na gusto nilang bigyan ng bagong bihis ang Eat Bulaga.,Lumalabas na gusto nilang bigyan ng bagong bihis ang Eat bulagan.,['Bulaga'],"{'Bulaga': ['balaga', 'bulag', 'bulagan', 'bulagaw', 'bulagta']}"
Nakikita naman daw nilang laging kausap ni magandang aktres ang asawa niya at anak habang naka-lock in taping ito.,Nakikita naman daw nilang laging kausap ni magandang aktres ang asawa niya at anak habang naka-lock in taping ito.,Nakikita naman daw nilang laging kausap ni magandang aktres ang asawa niya at anak habang naka-lock in taping ito.,[],{}
Atin pong pinapaalalahanan ang ating mga kababayan na siyasating mabuti ang perang tinatanggap para hindi mabiktima ng mga pekeng salapi.,Atin pong pinapaalalahanan ang ating mga kababayan na siyasating mabuti ang perang tinatanggap para hindi mabiktima ng mga pekeng salapi.,Atin pong pinapaalalahanan ang ating mga kababayan na siyasating mabuti ang perang tinatanggap para hindi mabiktima ng mga pekeng salapi.,[],{}
"Inaresto ang target na si Dean Dexter Bato nang iabot na sa kaniya ang item, at dinakip din ang kaniyang amang si Dexter.","Inaresto ang target na si Dean Dexter Bato nang iabot na sa kaniya ang item, at dinakip din ang kaniyang amang si Dexter.","Inaresto ang target na si Dean center Bato nang iabot na sa kaniya ang item, at dinakip din ang kaniyang amang si center.","['Dexter', 'Dexter']","{'Dexter': ['texter', 'better', 'center', 'daster', 'dealer']}"
So kailan nga kaya makakapag-operate normally ang mga sinehan?,So kailan nga kaya makakapag-operate normally ang mga sinehan?,So kailan nga kaya makakapag-operate normal ang mga sinehan?,['normally'],"{'normally': ['abnormally', 'morally', 'normal', 'formal', 'locally']}"
Bago naman magtanghali kahapon ay naaresto na rin ng mga awtoridad sa Brgy.,Bago naman magtanghali kahapon ay naaresto na rin ng mga awtoridad sa Brgy.,Bago naman magtanghali kahapon ay naaresto na rin ng mga awtoridad sa Brgy.,[],{}
"Ayon sa COA, sinabi ng budget officer ng OVP na hindi nila ito hinihingi at Kongreso ang naglalagay nito sa kanilang budget na ikinagulat nilang lahat.","Ayon sa COA, sinabi ng budget officer ng OVP na hindi nila ito hinihingi at Kongreso ang naglalagay nito sa kanilang budget na ikinagulat nilang lahat.","Ayon sa coal, sinabi ng budget officer ng ap na hindi nila ito hinihingi at Kongreso ang naglalagay nito sa kanilang budget na ikinagulat nilang lahat.","['COA', 'OVP']","{'COA': ['cha', 'co', 'coal', 'coat', 'col'], 'OVP': ['op', 'vp', 'ap', 'app', 'atp']}"
"Ang hirap po na ang gobyerno mismo natin ang number one na violator ng garantiya ng Konstitusyon para sa security of tenure, samantalang hindi nito napupuno ang mga vacancy ng mga permanenteng posisyon sa mga opisina nito, saad ni Villanueva.","Ang hirap po na ang gobyerno mismo natin ang number one na violator ng garantiya ng Konstitusyon para sa security of tenure, samantalang hindi nito napupuno ang mga vacancy ng mga permanenteng posisyon sa mga opisina nito, saad ni Villanueva.","Ang hirap po na ang gobyerno mismo natin ang number one na violator ng garantiya ng Konstitusyon para sa security of tenure, samantalang hindi nito napupuno ang mga ahency ng mga permanenteng posisyon sa mga opisina nito, saad ni Villanueva.",['vacancy'],"{'vacancy': ['vacant', 'agency', 'ahency', 'avance', 'balance']}"
"Sinabi naman ni Meycauayan City Mayor Linabelle Ruth Villarica, magsisilbi itong alternatibong ruta mula sa hangganan ng Valenzuela, Meycauayan at Marilao na hindi na kailangang lumabas sa expressway.","Sinabi naman ni Meycauayan City Mayor Linabelle Ruth Villarica, magsisilbi itong alternatibong ruta mula sa hangganan ng Valenzuela, Meycauayan at Marilao na hindi na kailangang lumabas sa expressway.","Sinabi naman ni magabayan City Mayor pinabale truth balarila, magsisilbi itong alternatibong ruta mula sa hangganan ng aabentura, magabayan at Marilao na hindi na kailangang lumabas sa expressway.","['Meycauayan', 'Linabelle', 'Ruth', 'Villarica', 'Valenzuela', 'Meycauayan']","{'Meycauayan': ['cagayan', 'madamayan', 'magabayan', 'magbabayan', 'magbakayan'], 'Linabelle': ['binabale', 'liable', 'pinabale', 'alienable', 'binababae'], 'Ruth': ['rush', 'ruta', 'truth', 'aut', 'autho'], 'Villarica': ['villarama', 'bailarina', 'balarila', 'diyariya', 'hinarina'], 'Valenzuela': ['sarzuela', 'telenovela', 'aabentura', 'abentura', 'abenturera']}"
Nangako siya kay Kris Aquino na dadalawin niya ito sa Amerika oras na payagan na uli siyang mag-travel sa US.,Nangako siya kay Kris Aquino na dadalawin niya ito sa Amerika oras na payagan na uli siyang mag-travel sa US.,Nangako siya kay Kris aluin na dadalawin niya ito sa anemika oras na payagan na uli siyang mag-travel sa US.,"['Aquino', 'Amerika']","{'Aquino': ['akuin', 'akuing', 'aluin', 'aluing', 'alumno'], 'Amerika': ['aberia', 'amerikana', 'anemika', 'aamerikana', 'abenida']}"
"Ayon kay Dante, noon pa man ay iniisip na ni Tanoy ang pamilya nito kaya laging nag-iipon.","Ayon kay Dante, noon pa man ay iniisip na ni Tanoy ang pamilya nito kaya laging nag-iipon.","Ayon kay Dante, noon pa man ay iniisip na ni tanod ang pamilya nito kaya laging nag-iipon.",['Tanoy'],"{'Tanoy': ['banoy', 'taboy', 'tanod', 'taoy', 'tonoy']}"
More than two years na kaming Gold Squad and hindi namin akalain na aabot kami sa ganito.,More than two years na kaming Gold Squad and hindi namin akalain na aabot kami sa ganito.,More than two years na kaming Gold Squad and hindi namin akalain na aabot kami sa ganito.,[],{}
Nagbabala si Malabon Mayor Lenlen Oreta sa mga ilegal na nagbebenta ng mga bakuna at vaccination slots sa Malabon.,Nagbabala si Malabon Mayor Lenlen Oreta sa mga ilegal na nagbebenta ng mga bakuna at vaccination slots sa Malabon.,Nagbabala si Malabon Mayor lenient arena sa mga ilegal na nagbebenta ng mga bakuna at vaccination slots sa Malabon.,"['Lenlen', 'Oreta']","{'Lenlen': ['helen', 'lender', 'lenient', 'lenses', 'lente'], 'Oreta': ['kreta', 'area', 'arena', 'bareta', 'beta']}"
"Sa ulat ng GMA News ""Unang Balita"" nitong Huwebes, sinabing ang ilan sa mga damit ay hango sa kulay ng Philippine flag, na base sa kanta nilang ""What?""","Sa ulat ng GMA News ""Unang Balita"" nitong Huwebes, sinabing ang ilan sa mga damit ay hango sa kulay ng Philippine flag, na base sa kanta nilang ""What?""","Sa ulat ng gia News ""Unang Balita"" nitong Huwebes, sinabing ang ilan sa mga damit ay hango sa kulay ng Philippine flag, na base sa kanta nilang ""What?""",['GMA'],"{'GMA': ['ama', 'ga', 'gia', 'goma', 'gra']}"
Pinagbawalan din ng Comelec ang mga incumbent candidate at iba pang politiko sa paglalagay ng campaign materials sa relief goods na ipagkakaloob sa mga residente biktima ng bagyong Agaton dahil maari itong mauwi sa diskuwalipikasyon.,Pinagbawalan din ng Comelec ang mga incumbent candidate at iba pang politiko sa paglalagay ng campaign materials sa relief goods na ipagkakaloob sa mga residente biktima ng bagyong Agaton dahil maari itong mauwi sa diskuwalipikasyon.,Pinagbawalan din ng Comelec ang mga incumbent candidate at iba pang politiko sa paglalagay ng campaign materials sa relief goods na ipagkakaloob sa mga residente biktima ng bagyong aato dahil maari itong mauwi sa diskuwalipikasyon.,['Agaton'],"{'Agaton': ['aahon', 'aalon', 'aato', 'aatong', 'aayon']}"
"Ayon sa Land Transportation Office (LTO), naaalarma sila na ang pinakamaraming kaso ng road accidents ay dahil lasing ang driver ng sasakyan.","Ayon sa Land Transportation Office (LTO), naaalarma sila na ang pinakamaraming kaso ng road accidents ay dahil lasing ang driver ng sasakyan.","Ayon sa Land Transportation Office (ito), naaalarma sila na ang pinakamaraming kaso ng road accidents ay dahil lasing ang driver ng sasakyan.",['LTO'],"{'LTO': ['ato', 'eto', 'ito', 'lao', 'lato']}"
Hindi naman natin maiiwasan pag ni-require ng kuwento.,Hindi naman natin maiiwasan pag ni-require ng kuwento.,Hindi naman natin maiiwasan pag ni-require ng kuwento.,[],{}
Nagkataon na may nakita ang mga awtoridad na isang green Chinese tea bag na bahagyang nakabukas na nang suriin ay natukoy na shabu.,Nagkataon na may nakita ang mga awtoridad na isang green Chinese tea bag na bahagyang nakabukas na nang suriin ay natukoy na shabu.,Nagkataon na may nakita ang mga awtoridad na isang green Chinese tea bag na bahagyang nakabukas na nang suriin ay natukoy na shabu.,[],{}
"Ayon kay Division Spokesman Major Jekyll Dulawan, ang isang dosenang bagong kaso ay bahagi ng 1,000 sundalo na sumailalim sa mass testing noong nakaraang linggo.","Ayon kay Division Spokesman Major Jekyll Dulawan, ang isang dosenang bagong kaso ay bahagi ng 1,000 sundalo na sumailalim sa mass testing noong nakaraang linggo.","Ayon kay Division Spokesman Major cell anlawan, ang isang dosenang bagong kaso ay bahagi ng d,aam sundalo na sumailalim sa mass testing noong nakaraang linggo.","['Jekyll', 'Dulawan', '1', '000']","{'Jekyll': ['bell', 'benyal', 'cell', 'ekyc', 'jerky'], 'Dulawan': ['dilawan', 'dulaan', 'anlawan', 'bulaan', 'bulacan'], '1': ['b', 'c', 'd', 'e', 'f'], '000': ['aag', 'aal', 'aam', 'aat', 'aaw']}"
"Salve, tanong ko sa iyo, sino sa palagay mo ang magna-number 1 pag parehong tumakbo sa Senado sina Papa Raffy Tulfo at Willie Revillame?","Salve, tanong ko sa iyo, sino sa palagay mo ang magna-number 1 pag parehong tumakbo sa Senado sina Papa Raffy Tulfo at Willie Revillame?","salvo, tanong ko sa iyo, sino sa palagay mo ang magna-number d pag parehong tumakbo sa Senado sina Papa rainy Tulfo at will reevaluate?","['Salve', '1', 'Raffy', 'Willie', 'Revillame']","{'Salve': ['sale', 'salfe', 'salvo', 'solve', 'valve'], '1': ['b', 'c', 'd', 'e', 'f'], 'Raffy': ['raffle', 'raft', 'rainy', 'rally', 'ramay'], 'Willie': ['wildlife', 'wili', 'will', 'willing', 'airline'], 'Revillame': ['village', 'evaluate', 'reevaluate', 'refile', 'refill']}"
"Lunes lang nang ipresenta ni BuCor officer-in-charge Gregorio Catapang ang dalawang presong sinaksak daw ni Bantag ng patalim (kris) noong Pebrero 2022 habang ""lasing"" at galit tungkol sa ilang nakatakas sa kulungan.","Lunes lang nang ipresenta ni BuCor officer-in-charge Gregorio Catapang ang dalawang presong sinaksak daw ni Bantag ng patalim (kris) noong Pebrero 2022 habang ""lasing"" at galit tungkol sa ilang nakatakas sa kulungan.","Lunes lang nang ipresenta ni babor officer-in-charge alegoriya aagapang ang dalawang presong sinaksak daw ni bangag ng patalim (kris) noong Pebrero aag habang ""lasing"" at galit tungkol sa ilang nakatakas sa kulungan.","['BuCor', 'Gregorio', 'Catapang', 'Bantag', '2022']","{'BuCor': ['butor', 'autor', 'babor', 'balor', 'baor'], 'Gregorio': ['alegoria', 'oratorio', 'alegoriya', 'alegro', 'areglado'], 'Catapang': ['matapang', 'tatapang', 'aagapang', 'aalapang', 'aapang'], 'Bantag': ['banaag', 'banag', 'bangag', 'banlag', 'bansag'], '2022': ['p25', 'aaba', 'aag', 'aako', 'aal']}"
Kinailangan namang bumalik sa gate ng airport ang eroplano at pinababa ang mga pasahero.,Kinailangan namang bumalik sa gate ng airport ang eroplano at pinababa ang mga pasahero.,Kinailangan namang bumalik sa gate ng airport ang eroplano at pinababa ang mga pasahero.,[],{}
Tinawag naman ni Locsin na illegal ang ginawa ng China dahil ang Ayungin Shoal ay bahagi ng Pilipinas at nasa loob ito ng exclusive economic zones at continental shelf.,Tinawag naman ni Locsin na illegal ang ginawa ng China dahil ang Ayungin Shoal ay bahagi ng Pilipinas at nasa loob ito ng exclusive economic zones at continental shelf.,Tinawag naman ni login na illegal ang ginawa ng China dahil ang Ayungin Shoal ay bahagi ng Pilipinas at nasa loob ito ng exclusive economic zones at continental shelf.,['Locsin'],"{'Locsin': ['cousin', 'labsin', 'login', 'loobin', 'toksin']}"
"May kayabangan ang pulitiko, nagpapanggap siya na alam na niya ang lahat, samantalang kailangan pa niyang bumalik sa grade one kung batas ang pag-uusapan.","May kayabangan ang pulitiko, nagpapanggap siya na alam na niya ang lahat, samantalang kailangan pa niyang bumalik sa grade one kung batas ang pag-uusapan.","May kayabangan ang pulitiko, nagpapanggap siya na alam na niya ang lahat, samantalang kailangan pa niyang bumalik sa grade one kung batas ang pag-uusapan.",[],{}
"Hindi ko pa rin maisip kung papano babalik eh,? sabi pa niya.","Hindi ko pa rin maisip kung papano babalik eh,? sabi pa niya.","Hindi ko pa rin maisip kung pagano babalik eh,? sabi pa niya.",['papano'],"{'papano': ['napano', 'paano', 'pagano', 'pampano', 'papaano']}"
"Nangyayari ito kasabay ng sunud-sunod na pagtaas ng presyo ng langis, na siyang nagpataas ng presyo ng bilihin at nagpaliit nang husto sa kita ng mga tsuper sa pampublikong transportasyon James Relativo at may mga ulat mula sa ONE News.","Nangyayari ito kasabay ng sunud-sunod na pagtaas ng presyo ng langis, na siyang nagpataas ng presyo ng bilihin at nagpaliit nang husto sa kita ng mga tsuper sa pampublikong transportasyon James Relativo at may mga ulat mula sa ONE News.","Nangyayari ito kasabay ng sunud-sunod na pagtaas ng presyo ng langis, na siyang nagpataas ng presyo ng bilihin at nagpaliit nang husto sa kita ng mga tsuper sa pampublikong transportasyon James relatives at may mga ulat mula sa ONE News.",['Relativo'],"{'Relativo': ['relative', 'relation', 'relatives', 'creative', 'elastiko']}"
May kani-kanyang buhay na rin daw ang mga anak niya.,May kani-kanyang buhay na rin daw ang mga anak niya.,May kani-kanyang buhay na rin daw ang mga anak niya.,[],{}
"Bagamat nasa 10% na lamang ng ??global peak?? ng mga namamatay noong Enero 2021 ang naitatala sa ngayon, nangangahulugan pa rin ito na nasa 10,000 tao ang namamatay kada linggo dahil sa sakit.","Bagamat nasa 10% na lamang ng ??global peak?? ng mga namamatay noong Enero 2021 ang naitatala sa ngayon, nangangahulugan pa rin ito na nasa 10,000 tao ang namamatay kada linggo dahil sa sakit.","Bagamat nasa ag% na lamang ng ??global peak?? ng mga namamatay noong Enero aag ang naitatala sa ngayon, nangangahulugan pa rin ito na nasa ag,aam tao ang namamatay kara linggo dahil sa sakit.","['10', '2021', '10', '000']","{'10': ['ab', 'ad', 'ag', 'ah', 'ak'], '2021': ['p25', 'aaba', 'aag', 'aako', 'aal'], '000': ['aag', 'aal', 'aam', 'aat', 'aaw']}"
"And sa lahat ng nagbabash and madaming sinasabi sakin dahil sa picture na to, ANG TANGA LANG.","And sa lahat ng nagbabash and madaming sinasabi sakin dahil sa picture na to, ANG TANGA LANG.","And sa lahat ng magbabasa and maraming sinasabi sakin dahil sa picture na to, ANG TANGA LANG.",['nagbabash'],"{'nagbabash': ['nagbabasa', 'nagbabaso', 'magbabasa', 'magbabase', 'magbabaso']}"
Ginawa ang anunsiyo sa pamamagitan ng isang taped program na ipinalabas sa ibat ibang media platforms at sa isang telebisyon.,Ginawa ang anunsiyo sa pamamagitan ng isang taped program na ipinalabas sa ibat ibang media platforms at sa isang telebisyon.,Ginawa ang anunsiyo sa pamamagitan ng isang taped program na ipinalabas sa ibat ibang media platforms at sa isang telebisyon.,[],{}
"Sa ilalim ng Kasambahay Law, tinutukoy na kasambahay ang mga nagtatrabaho upang tumulong sa mga gawain sa bahay at nakatira sa kaniyang amo.","Sa ilalim ng Kasambahay Law, tinutukoy na kasambahay ang mga nagtatrabaho upang tumulong sa mga gawain sa bahay at nakatira sa kaniyang amo.","Sa ilalim ng Kasambahay Law, tinutukoy na kasambahay ang mga nagtatrabaho upang tumulong sa mga gawain sa bahay at nakatira sa kaniyang amo.",[],{}
"Nasa ??critical risk?? na umano ang Pilipinas sa lebel ng COVID-19 dahil sa rami ng nare-rekord na bagong kaso at pagbagsak ng kapabilidad ng mga pagamutan, ayon sa dating tagapayo ng pamahalaan.","Nasa ??critical risk?? na umano ang Pilipinas sa lebel ng COVID-19 dahil sa rami ng nare-rekord na bagong kaso at pagbagsak ng kapabilidad ng mga pagamutan, ayon sa dating tagapayo ng pamahalaan.","Nasa ??critical risk?? na umano ang Pilipinas sa lebel ng COVID-ag dahil sa rami ng nare-rekord na bagong kaso at pagbagsak ng kapabilidad ng mga pagamutan, ayon sa dating tagapayo ng pamahalaan.",['19'],"{'19': ['ab', 'ad', 'ag', 'ah', 'ak']}"
Matatandaang dinischarge mula sa COVID-19 facility ang mag-asawa matapos ang 10-day isolation habang silay asymptomatic.,Matatandaang dinischarge mula sa COVID-19 facility ang mag-asawa matapos ang 10-day isolation habang silay asymptomatic.,Matatandaang dinischarge mula sa COVID-ag facility ang mag-asawa matapos ang ag-day isolation habang silay asymptomatic.,"['19', '10']","{'19': ['ab', 'ad', 'ag', 'ah', 'ak'], '10': ['ab', 'ad', 'ag', 'ah', 'ak']}"
"Mayroong tatlong halimbawa na humahadlang para maging mapayapa ang mundo: Ang kapalaluan ng tao na masyadong ambisyoso at hindi makuntento sa kung ano ang mayroon sila; ang kasakiman na dahilan kaya nalilimutan niya ang salitang ""pagbibigay""; at ang labis na pagkamuhi na pinag-uugatan ng karahasan.","Mayroong tatlong halimbawa na humahadlang para maging mapayapa ang mundo: Ang kapalaluan ng tao na masyadong ambisyoso at hindi makuntento sa kung ano ang mayroon sila; ang kasakiman na dahilan kaya nalilimutan niya ang salitang ""pagbibigay""; at ang labis na pagkamuhi na pinag-uugatan ng karahasan.","Mayroong tatlong halimbawa na humahadlang para maging mapayapa ang mundo: Ang kapalaluan ng tao na masyadong ambisyoso at hindi makuntento sa kung ano ang mayroon sila; ang kasakiman na dahilan kaya nalilimutan niya ang salitang ""pagbibigay""; at ang labis na pagkamuhi na pinag-uugatan ng karahasan.",[],{}
"Bumuo kami ng baby mga one year until na-bless talaga kaming nangyari na siya, ??di ba?","Bumuo kami ng baby mga one year until na-bless talaga kaming nangyari na siya, ??di ba?","Bumuo kami ng baby mga one year until na-bless talaga kaming nangyari na siya, ??di ba?",[],{}
Tinawag naman ni Angel Aquino na pangalawang pamilya ang show.,Tinawag naman ni Angel Aquino na pangalawang pamilya ang show.,Tinawag naman ni anghel aluin na pangalawang pamilya ang show.,"['Angel', 'Aquino']","{'Angel': ['angal', 'anger', 'anghel', 'angil', 'aangal'], 'Aquino': ['akuin', 'akuing', 'aluin', 'aluing', 'alumno']}"
"Una nang sinabi ni presidential spokesperson Harry Roque na target ng gobyerno na mabawasan ng 25% ang COVID-19 cases sa pamamagitan ng NCR Plus bubble restrictions, kung saan ibinabawal na ang mga mass gatherings at mga misa.","Una nang sinabi ni presidential spokesperson Harry Roque na target ng gobyerno na mabawasan ng 25% ang COVID-19 cases sa pamamagitan ng NCR Plus bubble restrictions, kung saan ibinabawal na ang mga mass gatherings at mga misa.","Una nang sinabi ni presidential spokesperson aaray Roque na target ng gobyerno na mabawasan ng ad% ang COVID-ag cases sa pamamagitan ng NCR Plus bubble restrictions, kung saan ibinabawal na ang mga mass gatherings at mga misa.","['Harry', '25', '19']","{'Harry': ['carry', 'larry', 'aaray', 'aray', 'army'], '25': ['p25', 'ab', 'ad', 'ag', 'ah'], '19': ['ab', 'ad', 'ag', 'ah', 'ak']}"
Asahan na ang pagsisikip ng daloy ng trapiko kaugnay ng malawakang rehabilitasyon na isasagawa ng Department of Public Works and Highways (DPWH) sa mga kalsada sa ibat ibang bahagi ng Metro Manila.,Asahan na ang pagsisikip ng daloy ng trapiko kaugnay ng malawakang rehabilitasyon na isasagawa ng Department of Public Works and Highways (DPWH) sa mga kalsada sa ibat ibang bahagi ng Metro Manila.,Asahan na ang pagsisikip ng daloy ng trapiko kaugnay ng malawakang rehabilitasyon na isasagawa ng Department of Public Works and Highways (daw) sa mga kalsada sa ibat ibang bahagi ng Metro Manila.,['DPWH'],"{'DPWH': ['dapwa', 'dash', 'daw', 'dawi', 'depth']}"
"Ayon kay FDA Director General Eric Domingo, sumulat na siya sa Department of Health (DOH) para humingi ng opinyon at hinihintay na lamang ang kasagutan kung ang naturang test kits ay magagamit alinsunod sa testing strategy ng bansa.","Ayon kay FDA Director General Eric Domingo, sumulat na siya sa Department of Health (DOH) para humingi ng opinyon at hinihintay na lamang ang kasagutan kung ang naturang test kits ay magagamit alinsunod sa testing strategy ng bansa.","Ayon kay FDA Director General aria daming, sumulat na siya sa Department of Health (DOH) para humingi ng opinyon at hinihintay na lamang ang kasagutan kung ang naturang test kits ay magagamit alinsunod sa testing strategy ng bansa.","['Eric', 'Domingo']","{'Eric': ['epic', 'ari', 'aria', 'brick', 'brio'], 'Domingo': ['domino', 'coming', 'daming', 'doing', 'domina']}"
Nakita si Abarrientos sa ginawang masamang pagsenyas sa 1:05 ng fourth quarter at bumomba ng three-pointer si Franklin para bigyan ng bentahe ang FiberXers sa iskor na 111-105.,Nakita si Abarrientos sa ginawang masamang pagsenyas sa 1:05 ng fourth quarter at bumomba ng three-pointer si Franklin para bigyan ng bentahe ang FiberXers sa iskor na 111-105.,Nakita si barrios sa ginawang masamang isenyas sa d:ag ng fourth quarter at bumomba ng three-inter si banalin para bigyan ng bentahe ang barkers sa iskor na aam-aag.,"['Abarrientos', 'pagsenyas', '1', '05', 'pointer', 'Franklin', 'FiberXers', '111', '105']","{'Abarrientos': ['absorbents', 'barriers', 'barrios', 'aaresto', 'absorbent'], 'pagsenyas': ['pansenyas', 'agunyas', 'isenyas', 'isesenyas', 'paganyak'], '1': ['b', 'c', 'd', 'e', 'f'], '05': ['ab', 'ad', 'ag', 'ah', 'ak'], 'pointer': ['printer', 'counter', 'inter', 'pintor', 'planter'], 'Franklin': ['frontlin', 'aralin', 'banalin', 'frank', 'frontline'], 'FiberXers': ['fibers', 'fixers', 'barkers', 'bearers', 'biyernes'], '111': ['aag', 'aal', 'aam', 'aat', 'aaw'], '105': ['p25', 'p75', 'aag', 'aal', 'aam']}"
"Nang tanungin kung nakakaalarma ang bilang, sinabi ni De Guzman na ang pagtaas ng bilang ng kaso ay marahil resulta ng paghusay ng surveillance o pagsubaybay nila ngayon sa buong bansa, matapos na matuon ang atensyon ng gobyerno sa COVID-19.","Nang tanungin kung nakakaalarma ang bilang, sinabi ni De Guzman na ang pagtaas ng bilang ng kaso ay marahil resulta ng paghusay ng surveillance o pagsubaybay nila ngayon sa buong bansa, matapos na matuon ang atensyon ng gobyerno sa COVID-19.","Nang tanungin kung nakakaalarma ang bilang, sinabi ni De guguan na ang pagtaas ng bilang ng kaso ay marahil resulta ng paghusay ng surveillance o pagsubaybay nila ngayon sa buong bansa, matapos na matuon ang atensyon ng gobyerno sa COVID-ag.","['Guzman', '19']","{'Guzman': ['guman', 'gunman', 'guguan', 'gulaman', 'gumaan'], '19': ['ab', 'ad', 'ag', 'ah', 'ak']}"
Nakilahok umano ang mga NBI chemists sa paglalagay sa mga ilegal na droga sa loob ng ??pyrolysis machine?? habang ang ibang tauhan nila ay kumuha naman ng mga litrato at nagmasid.,Nakilahok umano ang mga NBI chemists sa paglalagay sa mga ilegal na droga sa loob ng ??pyrolysis machine?? habang ang ibang tauhan nila ay kumuha naman ng mga litrato at nagmasid.,Nakilahok umano ang mga nabi chemists sa paglalagay sa mga ilegal na droga sa loob ng ??paroxysms machine?? habang ang ibang tauhan nila ay kumuha naman ng mga litrato at nagmasid.,"['NBI', 'pyrolysis']","{'NBI': ['bi', 'ibi', 'nabi', 'nai', 'nbg'], 'pyrolysis': ['paralysis', 'paralisis', 'paroxysms', 'analysis', 'dialysis']}"
Nagtataka rin ang biyenan ng suspek kung bakit nagawa ng manugang ang krimen.,Nagtataka rin ang biyenan ng suspek kung bakit nagawa ng manugang ang krimen.,Nagtataka rin ang biyenan ng suspek kung bakit nagawa ng manugang ang krimen.,[],{}
Sinabi rin ni Roque na legal na reresolbahin ng partido ang nangyayaring gusot.,Sinabi rin ni Roque na legal na reresolbahin ng partido ang nangyayaring gusot.,Sinabi rin ni Roque na legal na reresolbahin ng partido ang nangyayaring gusot.,[],{}
"Ayon sa Pangulo, ito ay dahil sa bigo umano ang naturang mayor na magsagawa ng maayos na pamamahagi ng ayuda.","Ayon sa Pangulo, ito ay dahil sa bigo umano ang naturang mayor na magsagawa ng maayos na pamamahagi ng ayuda.","Ayon sa Pangulo, ito ay dahil sa bigo umano ang naturang mayor na magsagawa ng maayos na pamamahagi ng ayuda.",[],{}
"Matapos ang sunud-sunod na pag-uusap, nagawang kumbinsihin ng mga pulis ang kanyang kapatid na isuko ang suspek.","Matapos ang sunud-sunod na pag-uusap, nagawang kumbinsihin ng mga pulis ang kanyang kapatid na isuko ang suspek.","Matapos ang sunud-sunod na pag-uusap, nagawang kumbinsihin ng mga pulis ang kanyang kapatid na isuko ang suspek.",[],{}
"As I grow older may nakikita po akong cycle na 'pag celebrity ka you always cater to what people want, of course especially lahat ng feedback sa 'yo, pinakikinggan mo to appease them, para maibigay mo yung gusto nila, sabi niya.","As I grow older may nakikita po akong cycle na 'pag celebrity ka you always cater to what people want, of course especially lahat ng feedback sa 'yo, pinakikinggan mo to appease them, para maibigay mo yung gusto nila, sabi niya.","As I gro older may nakikita po akong cycle na 'pag celebrity ka you always cater to what people want, of course especially lahat ng feedback sa 'yo, pinakikinggan mo to appeals them, para maibigay mo yung gusto nila, sabi niya.","['grow', 'appease']","{'grow': ['glow', 'grew', 'gro', 'gros', 'grown'], 'appease': ['appcase', 'appeal', 'appeals', 'appears', 'appelate']}"
"So puwede pa rin silang pumunta, puwede silang mag-transact but gusto naming ipaabot na yung ginawa niyong pambabastos sa seal ng QC ay hindi acceptable sa mga taga-QC.","So puwede pa rin silang pumunta, puwede silang mag-transact but gusto naming ipaabot na yung ginawa niyong pambabastos sa seal ng QC ay hindi acceptable sa mga taga-QC.","So puwede pa rin silang pumunta, puwede silang mag-transact but gusto naming ipaabot na yung ginawa niyong pambabastos sa seal ng oc ay hindi acceptable sa mga taga-oc.","['QC', 'QC']","{'QC': ['c', 'cc', 'oc', 'q', 'ab']}"
"Ibig sabihin, ang sustento ni Carlo ay hindi lamang para sa kanyang anak, kundi tinutulungan pa rin niya ang dati niyang live-in partner.","Ibig sabihin, ang sustento ni Carlo ay hindi lamang para sa kanyang anak, kundi tinutulungan pa rin niya ang dati niyang live-in partner.","Ibig sabihin, ang sustento ni aalo ay hindi lamang para sa kanyang anak, kundi tinutulungan pa rin niya ang dati niyang live-in partner.",['Carlo'],"{'Carlo': ['cargo', 'karlo', 'aalo', 'aarko', 'alo']}"
Ang pagbabakuna ay gagawin saparish hall at sa gardenat hindi sa loob ng simbahan.,Ang pagbabakuna ay gagawin saparish hall at sa gardenat hindi sa loob ng simbahan.,Ang pagbabakuna ay gagawin parish hall at sa gardeng hindi sa loob ng simbahan.,"['saparish', 'gardenat']","{'saparish': ['kaparis', 'paparis', 'parish', 'aaparin', 'aaparing'], 'gardenat': ['garden', 'gardener', 'gardeng', 'gardens', 'garment']}"
"Sa ulat ni John Consulta sa GMA News ""24 Oras"" nitong Biyernes, sinabing isinagawa ng mga tauhan ng Anti-Red Tape Authority (ARTA) at National Bureau of Investigation (NBI) ang entrapment operation.","Sa ulat ni John Consulta sa GMA News ""24 Oras"" nitong Biyernes, sinabing isinagawa ng mga tauhan ng Anti-Red Tape Authority (ARTA) at National Bureau of Investigation (NBI) ang entrapment operation.","Sa ulat ni John consular sa gia News ""ag Oras"" nitong Biyernes, sinabing isinagawa ng mga tauhan ng Anti-Red Tape Authority (anta) at National Bureau of Investigation (nabi) ang entrapment operation.","['Consulta', 'GMA', '24', 'ARTA', 'NBI']","{'Consulta': ['konsulta', 'consul', 'consular', 'consulate', 'consultant'], 'GMA': ['ama', 'ga', 'gia', 'goma', 'gra'], '24': ['ab', 'ad', 'ag', 'ah', 'ak'], 'ARTA': ['akta', 'alta', 'anta', 'area', 'aria'], 'NBI': ['bi', 'ibi', 'nabi', 'nai', 'nbg']}"
"Eh kasi pala itong si veteran actor, sa mga bading nag-umpisa kaya siguro raw ayon kina Nay Cristy and Nay Lolit hinanap na rin ng katawan ng veteran actor ang bading or baka nahawa na rin ng kabadingan kaya naging bading na rin ang pakiramdam.","Eh kasi pala itong si veteran actor, sa mga bading nag-umpisa kaya siguro raw ayon kina Nay Cristy and Nay Lolit hinanap na rin ng katawan ng veteran actor ang bading or baka nahawa na rin ng kabadingan kaya naging bading na rin ang pakiramdam.","Eh kasi pala itong si veteran actor, sa mga bading nag-umpisa kaya siguro raw ayon kina Nay city and Nay boli hinanap na rin ng katawan ng veteran actor ang bading or baka nahawa na rin ng cabatingan kaya naging bading na rin ang pakiramdam.","['Cristy', 'Lolit', 'kabadingan']","{'Cristy': ['crispy', 'brity', 'city', 'crises', 'crisis'], 'Lolit': ['alit', 'balit', 'boli', 'bolt', 'coli'], 'kabadingan': ['babagingan', 'babalingan', 'cabatingan', 'kagalingan', 'kahalingan']}"
Sinabi nilang nakasuporta sila sa kung ano mang aksiyon ang gagawin ng kanilang stars laban sa mga nanira sa kanilang mga anak.,Sinabi nilang nakasuporta sila sa kung ano mang aksiyon ang gagawin ng kanilang stars laban sa mga nanira sa kanilang mga anak.,Sinabi nilang nakasuporta sila sa kung ano mang aksiyon ang gagawin ng kanilang stars laban sa mga nanira sa kanilang mga anak.,[],{}
"Pero syempre may binigay lang yung DOH (Department of Health) na priority list, uunahin syempre yung mga doktor, senior citizens, mauuna lang sila, aniya pa.","Pero syempre may binigay lang yung DOH (Department of Health) na priority list, uunahin syempre yung mga doktor, senior citizens, mauuna lang sila, aniya pa.","Pero disyembre may binigay lang yung DOH (Department of Health) na priority list, uunahin disyembre yung mga doktor, senior citizens, mauuna lang sila, aniya pa.","['syempre', 'syempre']","{'syempre': ['siyempre', 'yembre', 'disyembre', 'Disyembre', 'emple']}"
"Ibig sabihin, may trabaho pang naghihintay sa kanila.","Ibig sabihin, may trabaho pang naghihintay sa kanila.","Ibig sabihin, may trabaho pang naghihintay sa kanila.",[],{}
"Samantala, itinalaga rin ni Marcos si Lilia Guillermo bilang susunod na pinuno ng Bureau of Internal Revenue (BIR), kung saan siya ay dating deputy commissioner.","Samantala, itinalaga rin ni Marcos si Lilia Guillermo bilang susunod na pinuno ng Bureau of Internal Revenue (BIR), kung saan siya ay dating deputy commissioner.","Samantala, itinalaga rin ni Marcos si lilik fillers bilang susunod na pinuno ng Bureau of Internal Revenue (ber), kung saan siya ay dating deputy commissioner.","['Lilia', 'Guillermo', 'BIR']","{'Lilia': ['lihia', 'lila', 'lilik', 'lilim', 'lilima'], 'Guillermo': ['billers', 'builders', 'fillers', 'gallery', 'gerilyero'], 'BIR': ['air', 'bar', 'ber', 'bi', 'bia']}"
Trilyong utang na inabutan ng administrasyong Duterte ng umupo sa Malacanang noong July 2016.,Trilyong utang na inabutan ng administrasyong Duterte ng umupo sa Malacanang noong July 2016.,Trilyong utang na inabutan ng administrasyong suwerte ng umupo sa Malacanang noong ally aako.,"['Duterte', 'July', '2016']","{'Duterte': ['butete', 'puwerte', 'suwerte', 'terte', 'bunete'], 'July': ['duly', 'jury', 'ally', 'bily', 'buay'], '2016': ['aaba', 'aag', 'aako', 'aal', 'aala']}"
"Nasakote ng mga otoridad ang tatlong lalaki na umanoy pinagnakawan ang isang supermarket at natangay ang nasa P14,000 paninda sa Silang, Cavite, kahapon ng madaling araw.","Nasakote ng mga otoridad ang tatlong lalaki na umanoy pinagnakawan ang isang supermarket at natangay ang nasa P14,000 paninda sa Silang, Cavite, kahapon ng madaling araw.","Nasakote ng mga otoridad ang tatlong lalaki na umanoy pinagnakawan ang isang supermarket at natangay ang nasa p3,aam paninda sa Silang, Cavite, kahapon ng maraling araw.","['P14', '000']","{'P14': ['p', 'p25', 'p3', 'p57', 'p75'], '000': ['aag', 'aal', 'aam', 'aat', 'aaw']}"
Aabot sa 24 na bangkay ang maaaring pansamantalang ilagay sa loob ng mortuary freezer bago i-cremate ang mga ito.,Aabot sa 24 na bangkay ang maaaring pansamantalang ilagay sa loob ng mortuary freezer bago i-cremate ang mga ito.,Aabot sa ag na bangkay ang maaaring pansamantalang ilagay sa loob ng mortuary freezer bago i-cremate ang mga ito.,['24'],"{'24': ['ab', 'ad', 'ag', 'ah', 'ak']}"
"Sa abiso ng Philippine Charity Sweepstakes Office (PCSO) kahapon, nakuha ng masuwerteng mananaya ang anim na winning numbers na kinabibilangan ng 07-25-08-03-12-05 na may kabuuang jackpot prize na P42,282,132.80.","Sa abiso ng Philippine Charity Sweepstakes Office (PCSO) kahapon, nakuha ng masuwerteng mananaya ang anim na winning numbers na kinabibilangan ng 07-25-08-03-12-05 na may kabuuang jackpot prize na P42,282,132.80.","Sa abiso ng Philippine Charity Sweepstakes Office (peso) kahapon, nakuha ng masuwerteng mananaya ang anim na winning numbers na kinabibilangan ng ag-ad-ag-ad-ag-ag na may kabuuang jackpot prize na p3,aam,aal.ag.","['PCSO', '07', '25', '08', '03', '12', '05', 'P42', '282', '132', '80']","{'PCSO': ['paso', 'pcs', 'peso', 'piso', 'poso'], '07': ['ab', 'ad', 'ag', 'ah', 'ak'], '25': ['p25', 'ab', 'ad', 'ag', 'ah'], '08': ['ab', 'ad', 'ag', 'ah', 'ak'], '03': ['p3', 'ab', 'ad', 'ag', 'ah'], '12': ['ab', 'ad', 'ag', 'ah', 'ak'], '05': ['ab', 'ad', 'ag', 'ah', 'ak'], 'P42': ['p', 'p25', 'p3', 'p57', 'p75'], '282': ['aag', 'aal', 'aam', 'aat', 'aaw'], '132': ['p3', 'aag', 'aal', 'aam', 'aat'], '80': ['ab', 'ad', 'ag', 'ah', 'ak']}"
"Kinilala ng Kawit Police ang nasawi na siJeffrey Perez Regatcho, 37-anyos at residente ng nasabing bayan habang ginagamot sa ospital ang nakabanggang si Montes Oplas, 44-anyos, at ang angkas nitong misis na si Catherine; kapwaresidente rin ng Kawit, Cavite.","Kinilala ng Kawit Police ang nasawi na siJeffrey Perez Regatcho, 37-anyos at residente ng nasabing bayan habang ginagamot sa ospital ang nakabanggang si Montes Oplas, 44-anyos, at ang angkas nitong misis na si Catherine; kapwaresidente rin ng Kawit, Cavite.","Kinilala ng Kawit Police ang nasawi na before ere regadero, ag-anyos at residente ng nasabing bayan habang ginagamot sa ospital ang nakabanggang si months aklas, ag-anyos, at ang angkas nitong misis na si Catherine; presidente rin ng Kawit, Cavite.","['siJeffrey', 'Perez', 'Regatcho', '37', 'Montes', 'Oplas', '44', 'kapwaresidente']","{'siJeffrey': ['sinerbey', 'siyempre', 'before', 'belfry', 'bioenergy'], 'Perez': ['eere', 'eez', 'ere', 'here', 'iere'], 'Regatcho': ['rematch', 'negatibo', 'regadero', 'regalo', 'regatta'], '37': ['ab', 'ad', 'ag', 'ah', 'ak'], 'Montes': ['monies', 'monte', 'months', 'contest', 'hostes'], 'Oplas': ['oplan', 'aalas', 'aklas', 'alas', 'aplay'], '44': ['ab', 'ad', 'ag', 'ah', 'ak'], 'kapwaresidente': ['magpresidente', 'pagkapresidente', 'presidente', 'agwardiyente', 'maaksidente']}"
Kagaya nung nag-camping sila sa Camp Joni sa Rizal na kung saan kasama niya ang kanilang anak na si Ayesha.,Kagaya nung nag-camping sila sa Camp Joni sa Rizal na kung saan kasama niya ang kanilang anak na si Ayesha.,Kagaya nung nag-camping sila sa Camp aon sa bital na kung saan kasama niya ang kanilang anak na si aalsa.,"['Joni', 'Rizal', 'Ayesha']","{'Joni': ['aani', 'ani', 'aon', 'bini', 'boli'], 'Rizal': ['ribal', 'arial', 'bital', 'cial', 'dial'], 'Ayesha': ['ayes', 'pyesa', 'aalsa', 'aasa', 'aasta']}"
"Aniya, ang National Food Authority (NFA) ay inatasan nang bumili ng palay para magkaroon ng buffer stock ang bansa.","Aniya, ang National Food Authority (NFA) ay inatasan nang bumili ng palay para magkaroon ng buffer stock ang bansa.","Aniya, ang National Food Authority (naa) ay inatasan nang bumili ng palay para magkaroon ng buffer stock ang bansa.",['NFA'],"{'NFA': ['ifa', 'na', 'naa', 'nafa', 'nga']}"
Matatandaan na nakipagbarilan umano ang grupo ng alkalde sa napagkamalang sasakyan na sumusunod sa kanila habang papunta sana si Aquino sa selebrasyon ng kaarawan ng anak.,Matatandaan na nakipagbarilan umano ang grupo ng alkalde sa napagkamalang sasakyan na sumusunod sa kanila habang papunta sana si Aquino sa selebrasyon ng kaarawan ng anak.,Matatandaan na nakipagbarilan umano ang grupo ng alkalde sa napagkamalang sasakyan na sumusunod sa kanila habang papunta sana si aluin sa selebrasyon ng kaarawan ng anak.,['Aquino'],"{'Aquino': ['akuin', 'akuing', 'aluin', 'aluing', 'alumno']}"
"Ayon kay DepEd Undersecretary Nepomuceno Malaluan, ito ay base na rin sa isinagawang assessment ng DepEd sa kahandaan ng mga paaralan na magpatupad ng health protocols para sa ligtas na pagdaraos ng face-to-face classes sa susunod na school year.","Ayon kay DepEd Undersecretary Nepomuceno Malaluan, ito ay base na rin sa isinagawang assessment ng DepEd sa kahandaan ng mga paaralan na magpatupad ng health protocols para sa ligtas na pagdaraos ng face-to-face classes sa susunod na school year.","Ayon kay DepEd Undersecretary eoseno Malaluan, ito ay base na rin sa isinagawang assessment ng DepEd sa kahandaan ng mga paaralan na magpatupad ng health protocols para sa ligtas na pagdaraos ng face-to-face classes sa susunod na school year.",['Nepomuceno'],"{'Nepomuceno': ['penomeno', 'emolument', 'eoseno', 'epikureo', 'nadokumento']}"
"Nang maalis umano ng driver ang kaniyang paa sa preno, umarangkada ang sasakyan.","Nang maalis umano ng driver ang kaniyang paa sa preno, umarangkada ang sasakyan.","Nang maalis umano ng driver ang kaniyang paa sa preno, umarangkada ang sasakyan.",[],{}
"Na hindi Mutual Understanding ang ibig sabihin kundi Malabong Usapan, habang nanonood siya noon ng TV ay nakita niya si Aga at tinanong ang mommy niyang si Jessa Zaragoza kung ang actor ba ang daddy niya.","Na hindi Mutual Understanding ang ibig sabihin kundi Malabong Usapan, habang nanonood siya noon ng TV ay nakita niya si Aga at tinanong ang mommy niyang si Jessa Zaragoza kung ang actor ba ang daddy niya.","Na hindi Mutual Understanding ang ibig sabihin kundi Malabong Usapan, habang nanonood siya noon ng TV ay nakita niya si Aga at tinanong ang mommy niyang si cessna karakoa kung ang actor ba ang buddy niya.","['Jessa', 'Zaragoza', 'daddy']","{'Jessa': ['bersa', 'bussa', 'cessna', 'etsa', 'jets'], 'Zaragoza': ['daraga', 'daragsa', 'karakoa', 'parabola', 'paragala'], 'daddy': ['add', 'andy', 'buddy', 'candy', 'dad']}"
Kilala sa pagiging Christian si Toni kaya maraming napa-react sa kanyang mga pinakawalang salita sa unang araw ng kampanya ng mga kumakandidato sa national positions.,Kilala sa pagiging Christian si Toni kaya maraming napa-react sa kanyang mga pinakawalang salita sa unang araw ng kampanya ng mga kumakandidato sa national positions.,Kilala sa pagiging cristina si tone kaya maraming napa-react sa kanyang mga pinakawalang salita sa unang araw ng kampanya ng mga kumakandidato sa national positions.,"['Christian', 'Toni']","{'Christian': ['christmas', 'crispin', 'cristina', 'kristiano', 'aasistihan'], 'Toni': ['tini', 'ton', 'tone', 'tong', 'tono']}"
"Sinabi ni acting Presidential Spokesman Secretary Martin Andanar na hanggat maaari ay iwasan ang matataong lugar at gawin ang basic health protocols ?? paghuhugas ng kamay, gumamit ng face mask at social distancing.","Sinabi ni acting Presidential Spokesman Secretary Martin Andanar na hanggat maaari ay iwasan ang matataong lugar at gawin ang basic health protocols ?? paghuhugas ng kamay, gumamit ng face mask at social distancing.","Sinabi ni acting Presidential Spokesman Secretary mariin andanang na hanggat maaari ay iwasan ang matataong lugar at gawin ang basic health protocols ?? paghuhugas ng kamay, gumamit ng face mask at social distancing.","['Martin', 'Andanar']","{'Martin': ['margin', 'marhin', 'mariin', 'martir', 'matin'], 'Andanar': ['andana', 'andador', 'andanang', 'andante', 'andar']}"
Were so glad and happy sa nakita nating pagpupursige ng mga batang swimmers na maipakita ang kanilang talent.,Were so glad and happy sa nakita nating pagpupursige ng mga batang swimmers na maipakita ang kanilang talent.,Were so ad and happy sa nakita nating pagpupursige ng mga batang swimmers na maipakita ang kanilang talent.,['glad'],"{'glad': ['clad', 'glab', 'ad', 'agad', 'ala']}"
Sinabi pa ng tagapagsalita na kung susuriin ay binanggit umano ng poll body ang batas laban sa hindi paghahain ng ITR.,Sinabi pa ng tagapagsalita na kung susuriin ay binanggit umano ng poll body ang batas laban sa hindi paghahain ng ITR.,Sinabi pa ng tagapagsalita na kung susuriin ay binanggit umano ng poll body ang batas laban sa hindi paghahain ng ite.,['ITR'],"{'ITR': ['it', 'ita', 'ite', 'iti', 'ito']}"
Hindi magsasagawa ang Commission on Elections (Comelec) ng ??one-on-one?? na debate sa mga kandidatong tatakbo sa darating na halalan sa Mayo 9 upang mabigyan umano ng pantay na pagkakataon ang lahat ng tumatakbo.,Hindi magsasagawa ang Commission on Elections (Comelec) ng ??one-on-one?? na debate sa mga kandidatong tatakbo sa darating na halalan sa Mayo 9 upang mabigyan umano ng pantay na pagkakataon ang lahat ng tumatakbo.,Hindi magsasagawa ang Commission on Elections (Comelec) ng ??one-on-one?? na debate sa mga kandidatong tatakbo sa darating na halalan sa Mayo d upang mabigyan umano ng pantay na pagkakataon ang lahat ng tumatakbo.,['9'],"{'9': ['b', 'c', 'd', 'e', 'f']}"
"Kasi may bumubulong na sa akin, eh.","Kasi may bumubulong na sa akin, eh.","Kasi may bumubulong na sa akin, eh.",[],{}
Hindi pa naman nagbigay ng impormasyon ang DOH hinggil sa 15 iba pang kaso nito.,Hindi pa naman nagbigay ng impormasyon ang DOH hinggil sa 15 iba pang kaso nito.,Hindi pa naman nagbigay ng impormasyon ang DOH hinggil sa ag iba pang kaso nito.,['15'],"{'15': ['ab', 'ad', 'ag', 'ah', 'ak']}"
"Kaya natutuwa ako sa kaniya dahil ngayon, kahit na medyo down tayo lahat, nagsu-survive siya at saka.","Kaya natutuwa ako sa kaniya dahil ngayon, kahit na medyo down tayo lahat, nagsu-survive siya at saka.","Kaya natutuwa ako sa kaniya dahil ngayon, kahit na medyo down tayo lahat, nagsu-survive siya at saka.",[],{}
"Binanatan din nila si Information and Communications Technology Secretary Ivan John Uy sa ""pagmamaliit"" ng kawalan ng valid IDs kung bakit mababa pa rin ang turnout.","Binanatan din nila si Information and Communications Technology Secretary Ivan John Uy sa ""pagmamaliit"" ng kawalan ng valid IDs kung bakit mababa pa rin ang turnout.","Binanatan din nila si Information and Communications Technology Secretary inan John by sa ""pagmamaliit"" ng kawalan ng valid bids kung bakit mababa pa rin ang turnout.","['Ivan', 'Uy', 'IDs']","{'Ivan': ['ilan', 'iman', 'inan', 'isan', 'itan'], 'Uy': ['ay', 'buy', 'by', 'ey', 'guy'], 'IDs': ['ads', 'aids', 'bids', 'id', 'ide']}"
"Kahit sa pakikipagrelasyon ay maganda ang kartada ng babaeng personalidad, nagkasira man sila ay hindi siya nagsasalita nang talikuran, katwiran ng female personality ay hindi rin naman siya perpekto.","Kahit sa pakikipagrelasyon ay maganda ang kartada ng babaeng personalidad, nagkasira man sila ay hindi siya nagsasalita nang talikuran, katwiran ng female personality ay hindi rin naman siya perpekto.","Kahit sa pakikipagrelasyon ay maganda ang karsada ng babaeng personalidad, nagkasira man sila ay hindi siya nagsasalita nang talikuran, katwiran ng female personality ay hindi rin naman siya perpekto.",['kartada'],"{'kartada': ['kantada', 'kargada', 'karsada', 'armada', 'barkada']}"
"Hangad ng tubong San Jose, Negros Oriental na muling mapasama sa national team na isasabak ng Philippine Athletics Track and Field Association (PATAFA) sa 31st SEA Games sa Hanoi, Vietnam sa Mayo 12-23 ng susunod na taon.","Hangad ng tubong San Jose, Negros Oriental na muling mapasama sa national team na isasabak ng Philippine Athletics Track and Field Association (PATAFA) sa 31st SEA Games sa Hanoi, Vietnam sa Mayo 12-23 ng susunod na taon.","Hangad ng tubong San joke, Negros Oriental na muling mapasama sa national team na isasabak ng Philippine Athletics Track and Field Association (patawa) sa best SEA Games sa angi, Vietnam sa Mayo ag-ad ng susunod na taon.","['Jose', 'PATAFA', '31st', 'Hanoi', '12', '23']","{'Jose': ['dose', 'hose', 'joke', 'lose', 'nose'], 'PATAFA': ['pataba', 'patama', 'patawa', 'pataya', 'estafa'], '31st': ['asst', 'ast', 'best', 'bust', 'cast'], 'Hanoi': ['aani', 'aano', 'angi', 'ani', 'ano'], '12': ['ab', 'ad', 'ag', 'ah', 'ak'], '23': ['p3', 'ab', 'ad', 'ag', 'ah']}"
"Pero yong pinakamalaking bahagi po kasi niyan ay yong lumalabas na pangangailangan na mas palawigin pa yong guidelines nang sa ganoon, sakop na po lahat ng mga katanungan nong mga Metro Manila mayor at iba pang mga parties na naglabas po ng katanungan at clarification, ani Padilla.","Pero yong pinakamalaking bahagi po kasi niyan ay yong lumalabas na pangangailangan na mas palawigin pa yong guidelines nang sa ganoon, sakop na po lahat ng mga katanungan nong mga Metro Manila mayor at iba pang mga parties na naglabas po ng katanungan at clarification, ani Padilla.","Pero yong pinakamalaking bahagi po kasi niyan ay yong lumalabas na pangangailangan na mas palawigin pa yong guidelines nang sa ganoon, sakop na po lahat ng mga katanungan nong mga Metro Manila mayor at iba pang mga parties na naglabas po ng katanungan at certification, ani barilya.","['clarification', 'Parilla']","{'clarification': ['classification', 'beatification', 'certification', 'clarificatory', 'classificatigon'], 'Parilla': ['parilya', 'barill', 'barilya', 'kabilla', 'pabigla']}"
"Ang pasyente na nasawi ay nakilalang siJoselito Rotaryo,34-anyos habang sugatan ang dalawang kaanak na kasama nitong sakay ng ambulansya na sinaApril Tibayan, 32, atNi?ña Madrigal, 38.","Ang pasyente na nasawi ay nakilalang siJoselito Rotaryo,34-anyos habang sugatan ang dalawang kaanak na kasama nitong sakay ng ambulansya na sinaApril Tibayan, 32, atNi?ña Madrigal, 38.","Ang pasyente na nasawi ay nakilalang batolito rotary,ag-anyos habang sugatan ang dalawang kaanak na kasama nitong sakay ng ambulansya na inaapi Tibayan, ag, ati?ga earrival, ag.","['siJoselito', 'Rotaryo', '34', 'sinaApril', '32', 'atNi', 'ña', 'Marrigal', '38']","{'siJoselito': ['sinasalita', 'sinusulit', 'batolito', 'biolento', 'biyolento'], 'Rotaryo': ['notaryo', 'rosaryo', 'rotary', 'notary', 'obaryo'], '34': ['ab', 'ad', 'ag', 'ah', 'ak'], 'sinaApril': ['binabaril', 'binaril', 'inaapi', 'inaaral', 'inaari'], '32': ['ab', 'ad', 'ag', 'ah', 'ak'], 'atNi': ['aani', 'ani', 'ati', 'aali', 'aang'], 'ña': ['ba', 'da', 'ga', 'ia', 'ka'], 'Marrigal': ['arrial', 'arrival', 'earrival', 'marangal', 'marginal'], '38': ['ab', 'ad', 'ag', 'ah', 'ak']}"
"Sinabi ni Father Darwin Gitgano, ang paring tumulong kay Nanay Martina, na nakaranas ang ginang ng spiritual harassment, o maihahalintulad sa masasamang espiritu na sumasapi sa katawan ng tao.","Sinabi ni Father Darwin Gitgano, ang paring tumulong kay Nanay Martina, na nakaranas ang ginang ng spiritual harassment, o maihahalintulad sa masasamang espiritu na sumasapi sa katawan ng tao.","Sinabi ni Father ariin gitlang, ang paring tumulong kay Nanay arina, na nakaranas ang ginang ng spiritual harassment, o maihahalintulad sa masasamang espiritu na sumasapi sa katawan ng tao.","['Darwin', 'Gitgano', 'Martina']","{'Darwin': ['aariin', 'arawin', 'ariin', 'baruin', 'daanin'], 'Gitgano': ['gitan', 'gitang', 'gitlang', 'gitnang', 'bigang'], 'Martina': ['magtina', 'marina', 'arina', 'harina', 'imantina']}"
"Sa Laging Handa press briefing, sinabi ni DILG Spokesman Jonathan Malaya na sang-ayon sila sa desisyon ni Chairman Abalos para mapigilan ang mas lalo pang pagkalat ng hawaan ng COVID-19.","Sa Laging Handa press briefing, sinabi ni DILG Spokesman Jonathan Malaya na sang-ayon sila sa desisyon ni Chairman Abalos para mapigilan ang mas lalo pang pagkalat ng hawaan ng COVID-19.","Sa Laging Handa press briefing, sinabi ni DILG Spokesman botahan Malaya na sang-ayon sila sa desisyon ni Chairman Abalos para mapigilan ang mas lalo pang pagkalat ng hawaan ng COVID-ag.","['Jonathan', '19']","{'Jonathan': ['banatan', 'binataan', 'botahan', 'dinalhan', 'dinatnan'], '19': ['ab', 'ad', 'ag', 'ah', 'ak']}"
Hindi naman yon maiiwasan.,Hindi naman yon maiiwasan.,Hindi naman yon maiiwasan.,[],{}
"Ayon sa Reuters, sinabing nakuha ang dalagita sa hilara ng mga apartment building na gumuho sa lalawigan ng Kahramanmaras, batay sa ulat ng TRT Haber.","Ayon sa Reuters, sinabing nakuha ang dalagita sa hilara ng mga apartment building na gumuho sa lalawigan ng Kahramanmaras, batay sa ulat ng TRT Haber.","Ayon sa centers, sinabing nakuha ang dalagita sa hilera ng mga apartment building na gumuho sa lalawigan ng ipinamamalas, batay sa ulat ng tra baner.","['Reuters', 'hilara', 'Kahramanmaras', 'TRT', 'Haber']","{'Reuters': ['renters', 'routers', 'centers', 'letters', 'meters'], 'hilara': ['hilaga', 'hilata', 'hilera', 'bilada', 'bilaran'], 'Kahramanmaras': ['karamdamaan', 'karananasan', 'ipinamamalas', 'kabanayaran', 'kahalagaan'], 'TRT': ['art', 'tnt', 'tra', 'tri', 'tro'], 'Haber': ['babero', 'babor', 'baner', 'barber', 'ber']}"
Bilang finale ng selebrasyon ay nagkaroon ng bonggang concert ang mag-asawang Ogie Alcasid at Regine Velasquez sa Ormoc City Stage na pinamagatang Shine The Diamond Concert.,Bilang finale ng selebrasyon ay nagkaroon ng bonggang concert ang mag-asawang Ogie Alcasid at Regine Velasquez sa Ormoc City Stage na pinamagatang Shine The Diamond Concert.,Bilang finals ng selebrasyon ay nagkaroon ng bangbang concert ang mag-asawang agit aasin at retine plaques sa aamo City Stage na pinamagatang spine The dimon Concert.,"['finale', 'bonggang', 'Ogie', 'Alcasid', 'Regine', 'Velasquez', 'Ormoc', 'Shine', 'Diamond']","{'finale': ['binale', 'final', 'finals', 'binali', 'binase'], 'bonggang': ['banggang', 'bangang', 'bangbang', 'banggaang', 'banggaing'], 'Ogie': ['age', 'agik', 'agit', 'agiw', 'die'], 'Alcasid': ['alamid', 'aasim', 'aasin', 'aasod', 'aawasin'], 'Regine': ['refine', 'regime', 'retine', 'begin', 'detine'], 'Velasquez': ['lacquer', 'plaque', 'plaques', 'alasuas', 'banquet'], 'Ormoc': ['armor', 'oro', 'aamo', 'aamok', 'aamot'], 'Shine': ['shrine', 'sine', 'spine', 'swine', 'ahin'], 'Diamond': ['damong', 'diakono', 'dimon', 'dimong', 'dinamong']}"
Ibinalita rin ng alkalde na ang city government ay nagbukas ng dalawa pang vaccination sites habang isa pang private-run vaccination site ang nakatakda na ring magbukas sa mga susunod na araw.,Ibinalita rin ng alkalde na ang city government ay nagbukas ng dalawa pang vaccination sites habang isa pang private-run vaccination site ang nakatakda na ring magbukas sa mga susunod na araw.,Ibinalita rin ng alkalde na ang city government ay nagbukas ng dalawa pang vaccination sites habang isa pang private-run vaccination site ang nakatakda na ring magbukas sa mga susunod na araw.,[],{}
"Walong taon nang nagsasama bilang married couple sina Chito at Neri at biniyayaan ng dalawang anak, sina Miggy at Cash.","Walong taon nang nagsasama bilang married couple sina Chito at Neri at biniyayaan ng dalawang anak, sina Miggy at Cash.","Walong taon nang nagsasama bilang married couple sina ahit at aari at biniyayaan ng dalawang anak, sina ligoy at Cash.","['Chito', 'Neri', 'Miggy']","{'Chito': ['hito', 'abito', 'ahit', 'anito', 'bito'], 'Neri': ['keri', 'niri', 'aari', 'agri', 'ari'], 'Miggy': ['piggy', 'bigay', 'ligoy', 'magga', 'magge']}"
"Sentimo/kWh, matapos na aprubahan ng Energy Regulatory Commission (ERC) ang mas mababang koleksiyon simula ngayong Oktubre.","Sentimo/kWh, matapos na aprubahan ng Energy Regulatory Commission (ERC) ang mas mababang koleksiyon simula ngayong Oktubre.","Sentimo/kWh, matapos na aprubahan ng Energy Regulatory Commission (etc) ang mas mababang koleksiyon simula ngayong Oktubre.",['ERC'],"{'ERC': ['era', 'ere', 'etc', 'ar', 'arch']}"
"Sinabi ni DTI Secretary Ramon Lopez na sa pagbubukas ng ekonomiya ay magbabalik na rin ang mula 200,000 hanggang 300,000 trabaho na napilitang tanggalin ng mga negosyo dahil sa mas mahigpit na enhanced community quarantine Malaking ginhawa rin umano ang dulot nito sa mga nawalan noon ng trabaho na maaari nang maghanapbuhay para sa kanilang pamilya.","Sinabi ni DTI Secretary Ramon Lopez na sa pagbubukas ng ekonomiya ay magbabalik na rin ang mula 200,000 hanggang 300,000 trabaho na napilitang tanggalin ng mga negosyo dahil sa mas mahigpit na enhanced community quarantine Malaking ginhawa rin umano ang dulot nito sa mga nawalan noon ng trabaho na maaari nang maghanapbuhay para sa kanilang pamilya.","Sinabi ni DTI Secretary mamon lone na sa pagbubukas ng ekonomiya ay magbabalik na rin ang mula aam,aam hanggang aam,aam trabaho na napilitang tanggalin ng mga negosyo dahil sa mas mahigpit na enhanced community quarantine Malaking ginhawa rin umano ang dulot nito sa mga nawalan noon ng trabaho na maaari nang maghanapbuhay para sa kanilang pamilya.","['Ramon', 'Lopez', '200', '000', '300', '000']","{'Ramon': ['hamon', 'lamon', 'mamon', 'ramen', 'ramo'], 'Lopez': ['hope', 'leper', 'lone', 'lopoy', 'lose'], '200': ['aag', 'aal', 'aam', 'aat', 'aaw'], '000': ['aag', 'aal', 'aam', 'aat', 'aaw'], '300': ['aag', 'aal', 'aam', 'aat', 'aaw']}"
"Balak nya ako plantsahin nung time na yun kasi pinahubad na ako nasa kwarto na kami tapos Naka prepare na yung plantsa tapos hindi na tuloy yun kasi bigla tumawag yung amo ko lalaki dahil uuwi na raw kami sa bahay, kwento ni Ara.","Balak nya ako plantsahin nung time na yun kasi pinahubad na ako nasa kwarto na kami tapos Naka prepare na yung plantsa tapos hindi na tuloy yun kasi bigla tumawag yung amo ko lalaki dahil uuwi na raw kami sa bahay, kwento ni Ara.","Balak nya ako plantsahin nung time na yun kasi palahubad na ako nasa kwarto na kami tapos Naka prepare na yung plantsa tapos hindi na tuloy yun kasi bigla tumawag yung amo ko lalaki dahil uuwi na raw kami sa bahay, kwento ni aga.","['pinahubad', 'Ara']","{'pinahubad': ['pinaghubad', 'hinuhubad', 'palahubad', 'pinahaba', 'pinahula'], 'Ara': ['aba', 'ada', 'aga', 'aka', 'ala']}"
Tambak din ang tao sa mga simbahan.,Tambak din ang tao sa mga simbahan.,Tambak din ang tao sa mga simbahan.,[],{}
"Dinala naman sa ospital ang isa pang anak ng biktima nanagtamo ng sugat matapos tumalon mula sa second floor ng kanilang bahay nang magising at nakitang malaki na ang apoy, ayon sa ulat.","Dinala naman sa ospital ang isa pang anak ng biktima nanagtamo ng sugat matapos tumalon mula sa second floor ng kanilang bahay nang magising at nakitang malaki na ang apoy, ayon sa ulat.","Dinala naman sa ospital ang isa pang anak ng biktima natatamo ng sugat matapos tumalon mula sa second floor ng kanilang bahay nang magising at nakitang malaki na ang apoy, ayon sa ulat.",['nanagtamo'],"{'nanagtamo': ['nagtamo', 'nanagano', 'natatamo', 'magtamo', 'managano']}"
"Ang tinutukoy ni Marcos sa uniteam ay si Davao City Mayor Sara Duterte, na tatakbong bise presidente ng bansa.","Ang tinutukoy ni Marcos sa uniteam ay si Davao City Mayor Sara Duterte, na tatakbong bise presidente ng bansa.","Ang tinutukoy ni Marcos sa uniteam ay si daan City Mayor Sara suwerte, na tatakbong bise presidente ng bansa.","['Davao', 'Duterte']","{'Davao': ['avai', 'cavan', 'daan', 'dabaw', 'dadag'], 'Duterte': ['butete', 'puwerte', 'suwerte', 'terte', 'bunete']}"
"Mas maraming Pinoy ngayon ang nararamdaman ang mas masayang Pasko kumpara noong nagsisimula ang COVID-19 pandemic noong 2020 nang makapagtala ng 49% ng mga responders ay masaya, 28% na nagsabing pareho lamang tulad ng dati at 21% ang mas masaya noong pre-pandemic times.","Mas maraming Pinoy ngayon ang nararamdaman ang mas masayang Pasko kumpara noong nagsisimula ang COVID-19 pandemic noong 2020 nang makapagtala ng 49% ng mga responders ay masaya, 28% na nagsabing pareho lamang tulad ng dati at 21% ang mas masaya noong pre-pandemic times.","Mas maraming Pinoy ngayon ang nararamdaman ang mas masayang Pasko kumpara noong nagsisimula ang COVID-ag pandemic noong aag nang makapagtala ng ag% ng mga responders ay masaya, ag% na nagsabing pareho lamang tulad ng dati at ag% ang mas masaya noong pre-pandemic times.","['19', '2020', '49', '28', '21']","{'19': ['ab', 'ad', 'ag', 'ah', 'ak'], '2020': ['p25', 'aaba', 'aag', 'aako', 'aal'], '49': ['ab', 'ad', 'ag', 'ah', 'ak'], '28': ['ab', 'ad', 'ag', 'ah', 'ak'], '21': ['ab', 'ad', 'ag', 'ah', 'ak']}"
"Bunsod ng kanyang commitment na matulungan ang mas marami pang komunidad na matinding naapektuhan ng pandemya, nagpadala si Senator Christopher ??Bong? Go ng tulong sa ibat ibang sectoral groups sa Pagsanjan, Laguna kamakailan.","Bunsod ng kanyang commitment na matulungan ang mas marami pang komunidad na matinding naapektuhan ng pandemya, nagpadala si Senator Christopher ??Bong? Go ng tulong sa ibat ibang sectoral groups sa Pagsanjan, Laguna kamakailan.","Bunsod ng kanyang commitment na matulungan ang mas marami pang komunidad na matinding naapektuhan ng pandemya, nagpalala si Senator Christopher ??Bong? Go ng tulong sa ibat ibang sectoral groups sa pagsagwan, Laguna kamakailan.","['nagparala', 'Pagsanjan']","{'nagparala': ['nagpadala', 'nagpagala', 'nagpalala', 'nagpamala', 'nagpapala'], 'Pagsanjan': ['paganyan', 'pagmanman', 'pagsagwan', 'pagsaingan', 'pagsanayan']}"
Tampok sa seryeng ito sina Kristoffer Martin at Liezel Lopez na tila hindi na itinatago ang kanilang relasyon.,Tampok sa seryeng ito sina Kristoffer Martin at Liezel Lopez na tila hindi na itinatago ang kanilang relasyon.,Tampok sa seryeng ito sina prisoner mariin at level lone na tila hindi na itinatago ang kanilang relasyon.,"['Kristoffer', 'Martin', 'Liezel', 'Lopez']","{'Kristoffer': ['christopher', 'kustomer', 'prisoner', 'staffer', 'briefer'], 'Martin': ['margin', 'marhin', 'mariin', 'martir', 'matin'], 'Liezel': ['diesel', 'lebel', 'level', 'libel', 'bienes'], 'Lopez': ['hope', 'leper', 'lone', 'lopoy', 'lose']}"
"Ayon kay DPWH Bulacan Second District Engineer George Santos, bukod sa dalawang linyang salubungan na kalsada, ang bahaging ito ay may isang tulay na tumatawid sa Meycauayan River.","Ayon kay DPWH Bulacan Second District Engineer George Santos, bukod sa dalawang linyang salubungan na kalsada, ang bahaging ito ay may isang tulay na tumatawid sa Meycauayan River.","Ayon kay daw Bulacan Second District Engineer George tantos, bukod sa dalawang linyang salubungan na kalsada, ang bahaging ito ay may isang tulay na tumatawid sa magabayan River.","['DPWH', 'Santos', 'Meycauayan']","{'DPWH': ['dapwa', 'dash', 'daw', 'dawi', 'depth'], 'Santos': ['santo', 'santol', 'tantos', 'aantok', 'aantot'], 'Meycauayan': ['cagayan', 'madamayan', 'magabayan', 'magbabayan', 'magbakayan']}"
Kasalukuyan umanong naka-home quarantine si Lee alinsunod sa mga panuntunan na itinakda ng Center for Health Protection.,Kasalukuyan umanong naka-home quarantine si Lee alinsunod sa mga panuntunan na itinakda ng Center for Health Protection.,Kasalukuyan umanong naka-home quarantine si le alinsunod sa mga panuntunan na itinakda ng Center for Health Protection.,['Lee'],"{'Lee': ['bee', 'fee', 'le', 'led', 'leeg']}"
Bukod dito ay sinuntok pa umano ng war freak na sakay ang isa pang flight attendant.,Bukod dito ay sinuntok pa umano ng war freak na sakay ang isa pang flight attendant.,Bukod dito ay sinuntok pa umano ng war areas na sakay ang isa pang flight attendant.,['freak'],"{'freak': ['break', 'area', 'areas', 'bread', 'breaks']}"
"Batay sa ulat ng Quezon City Police District (QCPD)- Criminal Investigation and Detection Unit (CIDU), lumilitaw na dakong alas-7:20 ng gabi nang maganap ang krimen sa ilalim ng Villa Beatriz footbridge, na matatagpuan sa Commonwealth Avenue, Brgy.","Batay sa ulat ng Quezon City Police District (QCPD)- Criminal Investigation and Detection Unit (CIDU), lumilitaw na dakong alas-7:20 ng gabi nang maganap ang krimen sa ilalim ng Villa Beatriz footbridge, na matatagpuan sa Commonwealth Avenue, Brgy.","Batay sa ulat ng Quezon City Police District (scad)- Criminal Investigation and Detection Unit (aid), lumilitaw na dakong alas-d:ag ng gabi nang maganap ang krimen sa ilalim ng Villa barik footbridge, na matatagpuan sa communal Avenue, Brgy.","['QCPD', 'CIDU', '7', '20', 'Beatriz', 'Commonwealth']","{'QCPD': ['acid', 'iced', 'scad', 'aapa', 'aapi'], 'CIDU': ['acid', 'acids', 'aid', 'aide', 'aids'], '7': ['b', 'c', 'd', 'e', 'f'], '20': ['ab', 'ad', 'ag', 'ah', 'ak'], 'Beatriz': ['atril', 'badtrip', 'barik', 'baril', 'barit'], 'Commonwealth': ['komonwelt', 'commandant', 'communal', 'communicate', 'component']}"
"75, anim na buwan nang naninirahan ang lalaki na kilala bilang si ""Nap.""","75, anim na buwan nang naninirahan ang lalaki na kilala bilang si ""Nap.""","ad, anim na buwan nang naninirahan ang lalaki na kilala bilang si ""gap.""","['75', 'Nap']","{'75': ['p75', 'ab', 'ad', 'ag', 'ah'], 'Nap': ['ap', 'cap', 'gap', 'map', 'na']}"
"Sa botong 301 pabor, anim kontra at isang abstention ay ganap na naipasa ang Resolution of Both Houses (RBH) 6 na nanawagan ng reporma sa ekonomiya sa pamamagitan ng Constitutional convention (Con-con) bilang paraan ng pag-amyenda sa Saligang Batas.","Sa botong 301 pabor, anim kontra at isang abstention ay ganap na naipasa ang Resolution of Both Houses (RBH) 6 na nanawagan ng reporma sa ekonomiya sa pamamagitan ng Constitutional convention (Con-con) bilang paraan ng pag-amyenda sa Saligang Batas.","Sa botong aam pabor, anim kontra at isang abstention ay ganap na naipasa ang Resolution of Both Houses (abf) d na nanawagan ng reporma sa ekonomiya sa pamamagitan ng Constitutional convention (Con-con) bilang paraan ng pag-amyenda sa Saligang Batas.","['301', 'RBH', '6']","{'301': ['aag', 'aal', 'aam', 'aat', 'aaw'], 'RBH': ['ab', 'aba', 'abf', 'abo', 'ah'], '6': ['b', 'c', 'd', 'e', 'f']}"
Peralta sa ATM ng Land Bank nang ito ay sumakay ng kanyang Montero model 2012.,Peralta sa ATM ng Land Bank nang ito ay sumakay ng kanyang Montero model 2012.,Peralta sa arm ng Land Bank nang ito ay sumakay ng kanyang kantero model aako.,"['ATM', 'Montero', '2012']","{'ATM': ['aam', 'am', 'arm', 'at', 'ata'], 'Montero': ['mortero', 'entero', 'kantero', 'minero', 'minutero'], '2012': ['aaba', 'aag', 'aako', 'aal', 'aala']}"
"Sa susunod ay magluluto naman siya ng ginataang tilapya na mahuhuli lang sa kanilang bakuran, tuturuan siyang magluto ni Mommy Mary Anne, PWD na ang ina ni Bea.","Sa susunod ay magluluto naman siya ng ginataang tilapya na mahuhuli lang sa kanilang bakuran, tuturuan siyang magluto ni Mommy Mary Anne, PWD na ang ina ni Bea.","Sa susunod ay magluluto naman siya ng ginataang tilapya na mahuhuli lang sa kanilang bakuran, tuturuan siyang magluto ni Mommy mare annex, add na ang ina ni beam.","['Mary', 'Anne', 'PWD', 'Bea']","{'Mary': ['many', 'mara', 'mare', 'mari', 'mark'], 'Anne': ['akne', 'ann', 'annex', 'ante', 'aang'], 'PWD': ['pad', 'ad', 'add', 'aid', 'amd'], 'Bea': ['ba', 'be', 'beam', 'bear', 'beat']}"
"Bukod sa mga tauhan nila na nagbabantay sa mga ??immigration counters??, nagsasagawa rin umano sila ng arawang balasahan sa ??terminal assignments?? ng higit sa 80 immigration supervisors.","Bukod sa mga tauhan nila na nagbabantay sa mga ??immigration counters??, nagsasagawa rin umano sila ng arawang balasahan sa ??terminal assignments?? ng higit sa 80 immigration supervisors.","Bukod sa mga tauhan nila na nagbabantay sa mga ??immigration counters??, nagsasagawa rin umano sila ng arawang balasahan sa ??terminal assignments?? ng higit sa ag immigration supervisors.",['80'],"{'80': ['ab', 'ad', 'ag', 'ah', 'ak']}"
"Labing-anim na taong gulang siya nang unang naging voice talent, at matapos lumuwas ng Maynila upang kumuha ng Economics sa MLQ University (Magna Cum Laude), ay nag-audition sa DZRH noong 1980 kung saan nahasa ang kanyang galing sa panulat.","Labing-anim na taong gulang siya nang unang naging voice talent, at matapos lumuwas ng Maynila upang kumuha ng Economics sa MLQ University (Magna Cum Laude), ay nag-audition sa DZRH noong 1980 kung saan nahasa ang kanyang galing sa panulat.","Labing-anim na taong gulang siya nang unang naging voice talent, at matapos lumuwas ng Maynila upang kumuha ng Economics sa ala University (Magna Cum Laude), ay nag-aauditin sa dash noong aako kung saan nahasa ang kanyang galing sa panulat.","['MLQ', 'audition', 'DZRH', '1980']","{'MLQ': ['ml', 'al', 'ala', 'ale', 'ali'], 'audition': ['addition', 'auditin', 'aauditin', 'addiction', 'ambition'], 'DZRH': ['dara', 'dark', 'dash', 'der', 'dero'], '1980': ['aaba', 'aag', 'aako', 'aal', 'aala']}"
Pero ngayong nasa estado na siya ng pagdadalantao ay wala na si Mama Bob na unang-unang gusto niyang pagsabihan ng katotohanang nagdadalantao na siya.,Pero ngayong nasa estado na siya ng pagdadalantao ay wala na si Mama Bob na unang-unang gusto niyang pagsabihan ng katotohanang nagdadalantao na siya.,Pero ngayong nasa estado na siya ng pagdadaanan ay wala na si Mama boba na unang-unang gusto niyang pagsabihan ng katotohanang nagdadalaga na siya.,"['pagdadalantao', 'Bob', 'nagdadalantao']","{'pagdadalantao': ['magdadalatan', 'nagdadalatan', 'pagdadaanan', 'pagdadalaga', 'pagdadalang'], 'Bob': ['bab', 'bo', 'boba', 'bobo', 'bog'], 'nagdadalantao': ['nagdadalatan', 'magdadalatan', 'nagdadalaga', 'nagdadalang', 'nagdadalatang']}"
"Nitong nakaraang Huwebes, naitala ang mga bagong kaso sa 1,267 at nasa 16,526 ang mga aktibong kaso.Nasa.","Nitong nakaraang Huwebes, naitala ang mga bagong kaso sa 1,267 at nasa 16,526 ang mga aktibong kaso.Nasa.","Nitong nakaraang Huwebes, naitala ang mga bagong kaso sa d,aal at nasa ag,aal ang mga aktibong kaso.Nasa.","['1', '267', '16', '526']","{'1': ['b', 'c', 'd', 'e', 'f'], '267': ['p57', 'aag', 'aal', 'aam', 'aat'], '16': ['ab', 'ad', 'ag', 'ah', 'ak'], '526': ['p25', 'aag', 'aal', 'aam', 'aat']}"
Nagdaraos din ito ng mga financial literacy seminar para gabayan ang mga tao sa tamang paghawak ng pera at pagbibigay ng mga tips sa pagnenegosyo.,Nagdaraos din ito ng mga financial literacy seminar para gabayan ang mga tao sa tamang paghawak ng pera at pagbibigay ng mga tips sa pagnenegosyo.,Nagdaraos din ito ng mga financial literacy seminar para gabayan ang mga tao sa tamang paghawak ng pera at pagbibigay ng mga tips sa pagnenegosyo.,[],{}
"Nauunawaan ko na sadyang kailangan ang mga bakuna sa sentro ng mga negosyo gaya ng NCR, ngunit sobra namang hindi patas ang nagaganap, sabi niya.","Nauunawaan ko na sadyang kailangan ang mga bakuna sa sentro ng mga negosyo gaya ng NCR, ngunit sobra namang hindi patas ang nagaganap, sabi niya.","Nauunawaan ko na sadyang kailangan ang mga bakuna sa sentro ng mga negosyo gaya ng NCR, ngunit sobra namang hindi patas ang nagaganap, sabi niya.",[],{}
Nais din ng QC at Zuellig na matiyak na bawat vaccination site ay mayroong unidirectional workflow o isang entry at isang exit lamang at may mga palikuran.,Nais din ng QC at Zuellig na matiyak na bawat vaccination site ay mayroong unidirectional workflow o isang entry at isang exit lamang at may mga palikuran.,Nais din ng oc at busilig na matiyak na bawat vaccination site ay mayroong correctional backflow o isang entry at isang exit lamang at may mga palikuran.,"['QC', 'Zuellig', 'unidirectional', 'workflow']","{'QC': ['c', 'cc', 'oc', 'q', 'ab'], 'Zuellig': ['buklig', 'bulig', 'busilig', 'butlig', 'culling'], 'unidirectional': ['directional', 'unintentional', 'correctional', 'direction', 'directions'], 'workflow': ['workflows', 'airflow', 'backflow', 'outflow', 'windflow']}"
Una nang lumabas sa social media ang larawan ng grafitti na tinatapos sana nina Palero at Naperi sa Banao bridge.,Una nang lumabas sa social media ang larawan ng grafitti na tinatapos sana nina Palero at Naperi sa Banao bridge.,Una nang lumabas sa social media ang larawan ng granito na tinatapos sana nina pasero at kapuri sa banak bridge.,"['grafitti', 'Palero', 'Naperi', 'Banao']","{'grafitti': ['graft', 'granit', 'granito', 'gratitud', 'gravity'], 'Palero': ['alero', 'palaro', 'pasero', 'salero', 'alegro'], 'Naperi': ['napuri', 'bateri', 'kapuri', 'mapera', 'mapuri'], 'Banao': ['bana', 'banag', 'banak', 'banal', 'banas']}"
Nakitaan ng OCTA Research Group nang pagbaba ang weekly COVID-19 positivity rate sa Metro Manila nitong ikalawang linggo ng Agosto.,Nakitaan ng OCTA Research Group nang pagbaba ang weekly COVID-19 positivity rate sa Metro Manila nitong ikalawang linggo ng Agosto.,Nakitaan ng OCTA Research Group nang pagbaba ang weekly COVID-ag positivity rate sa Metro Manila nitong ikalawang linggo ng Agosto.,['19'],"{'19': ['ab', 'ad', 'ag', 'ah', 'ak']}"
Hindi dapat na magkaroon ng anumang alitan o isyu ang bawat tauhan ng AFP dahil kapakanan ng bansa ang kanilang prayoridad.,Hindi dapat na magkaroon ng anumang alitan o isyu ang bawat tauhan ng AFP dahil kapakanan ng bansa ang kanilang prayoridad.,Hindi dapat na magkaroon ng anumang alitan o isyu ang bawat tauhan ng atp dahil kapakanan ng bansa ang kanilang prayoridad.,['AFP'],"{'AFP': ['ap', 'app', 'atp', 'dfp', 'aag']}"
"Sherwin Gatchalian sa panayam ng ANC ""Headstart""ngayong umaga, habang idinidiing nais niyang makatambal sa panguluhan si ang anak ng presidente na si Davao City Mayor Sara Duterte.","Sherwin Gatchalian sa panayam ng ANC ""Headstart""ngayong umaga, habang idinidiing nais niyang makatambal sa panguluhan si ang anak ng presidente na si Davao City Mayor Sara Duterte.","sekwin Gatchalian sa panayam ng anf ""basta't""ngayong umaga, habang idiniiing nais niyang makatambal sa panguluhan si ang anak ng presidente na si daan City Mayor Sara suwerte.","['Sherwin', 'ANC', 'Headstart', 'irinidiing', 'Davao', 'Duterte']","{'Sherwin': ['erwin', 'heroin', 'sekwin', 'therein', 'aberin'], 'ANC': ['an', 'and', 'anf', 'ang', 'ani'], 'Headstart': ['magstart', 'bastat', ""basta't"", 'blackstart', 'eastern'], 'irinidiing': ['idinidiing', 'idinidiin', 'idiniiing', 'itinitiing', 'dinidiling'], 'Davao': ['avai', 'cavan', 'daan', 'dabaw', 'dadag'], 'Duterte': ['butete', 'puwerte', 'suwerte', 'terte', 'bunete']}"
Ang daliri umano ng biktima ang una niyang napansin at nang suriin ay nakumpirma na ang bangkay ng babae.,Ang daliri umano ng biktima ang una niyang napansin at nang suriin ay nakumpirma na ang bangkay ng babae.,Ang daliri umano ng biktima ang una niyang napansin at nang suriin ay nakumpirma na ang bangkay ng babae.,[],{}
"Katulad ng fans niya, sabik na rin ang Kapuso star na si Heart Evangelista sa TV comeback niya ngayong taon sa upcoming teleserye na I Left My Heart in Sorsogon.","Katulad ng fans niya, sabik na rin ang Kapuso star na si Heart Evangelista sa TV comeback niya ngayong taon sa upcoming teleserye na I Left My Heart in Sorsogon.","Katulad ng fans niya, sabik na rin ang abuso star na si Heart maglista sa TV comeback niya ngayong taon sa upcoming teleserye na I Left My Heart in aborsiyon.","['Kapuso', 'Evangelista', 'Sorsogon']","{'Kapuso': ['kapus', 'aabuso', 'abuso', 'baruso', 'isapuso'], 'Evangelista': ['ebanghelista', 'ebanghelistang', 'maglista', 'naglista', 'panelist'], 'Sorsogon': ['monsoon', 'porsyon', 'aborsiyon', 'aborsyon', 'arson']}"
"Dahil sa guidelines na ipinatutupad sa community quarantine na hindi muna maaaring lumabas ang mga menor de edad, nate-taping muna si Ryzza Mae para sa Eat Bulaga mula sa kaniyang bahay.","Dahil sa guidelines na ipinatutupad sa community quarantine na hindi muna maaaring lumabas ang mga menor de edad, nate-taping muna si Ryzza Mae para sa Eat Bulaga mula sa kaniyang bahay.","Dahil sa guidelines na ipinatutupad sa community quarantine na hindi muna maaaring lumabas ang mga menor de edad, nate-taping muna si aya Mae para sa Eat bulagan mula sa kaniyang bahay.","['Ryzza', 'Bulaga']","{'Ryzza': ['pizza', 'arya', 'aya', 'ayina', 'ayona'], 'Bulaga': ['balaga', 'bulag', 'bulagan', 'bulagaw', 'bulagta']}"
"E, sa ganung paraan lang naman makapagpapasalamat ang male personality sa matinding suporta sa kanya ng mga kababayan natin!","E, sa ganung paraan lang naman makapagpapasalamat ang male personality sa matinding suporta sa kanya ng mga kababayan natin!","E, sa ganung paraan lang naman makapagpapalabas ang male personality sa matinding suporta sa kanya ng mga kababayan natin!",['makapagpapasalamat'],"{'makapagpapasalamat': ['magpapasalamat', 'makapagpapadala', 'makapagpapalabas', 'makapagpapalakas', 'makapagpapalala']}"
Halatang na-offend ang lalaki at hindi nagustuhan ang pangyayari.,Halatang na-offend ang lalaki at hindi nagustuhan ang pangyayari.,Halatang na-offend ang lalaki at hindi nagustuhan ang pangyayari.,[],{}
Nag-viral ang istorya ng mag-asawang Macx at Edwin Pantaleon dahil sa tagumpay ng kanilang negosyong ukay-ukay sa kabila ng mga naunang dinanas nilang kabiguan dulot ng pandemya na nagpabagsak sa maraming negosyo lalo na noong kasagsagan ng pananalasa ng Covid-19 sa unang hati ng 2020.,Nag-viral ang istorya ng mag-asawang Macx at Edwin Pantaleon dahil sa tagumpay ng kanilang negosyong ukay-ukay sa kabila ng mga naunang dinanas nilang kabiguan dulot ng pandemya na nagpabagsak sa maraming negosyo lalo na noong kasagsagan ng pananalasa ng Covid-19 sa unang hati ng 2020.,Nag-viral ang istorya ng mag-asawang act at diin pantalan dahil sa tagumpay ng kanilang negosyong ukay-ukay sa kabila ng mga naunang dinanas nilang kabiguan dulot ng pandemya na nagpabagsak sa maraming negosyo lalo na noong kasagsagan ng pananalasa ng Covid-ag sa unang hati ng aag.,"['Macx', 'Edwin', 'Pantaleon', '19', '2020']","{'Macx': ['max', 'ace', 'act', 'back', 'each'], 'Edwin': ['erwin', 'admin', 'diin', 'din', 'drin'], 'Pantaleon': ['pantalon', 'pagtalon', 'pantalan', 'pantalong', 'patalon'], '19': ['ab', 'ad', 'ag', 'ah', 'ak'], '2020': ['p25', 'aaba', 'aag', 'aako', 'aal']}"
Tinataya naman na 140 milyong sanggol ang ipapanganak sa buong 2021 at dalawang milyon sa kanila ay sa Pilipinas.,Tinataya naman na 140 milyong sanggol ang ipapanganak sa buong 2021 at dalawang milyon sa kanila ay sa Pilipinas.,Tinataya naman na aam milyong sanggol ang ipapaganap sa buong aag at dalawang milyon sa kanila ay sa Pilipinas.,"['140', 'ipapanganak', '2021']","{'140': ['aag', 'aal', 'aam', 'aat', 'aaw'], 'ipapanganak': ['ipanganak', 'ipapaanak', 'ipapaganap', 'ipapangalan', 'ipinanganak'], '2021': ['p25', 'aaba', 'aag', 'aako', 'aal']}"
Bukod sa negosyong bags ay mahigit dalawang dekada na rin ang mga Ystilo Salon na family business ni Shaina.,Bukod sa negosyong bags ay mahigit dalawang dekada na rin ang mga Ystilo Salon na family business ni Shaina.,Bukod sa negosyong bags ay mahigit dalawang dekada na rin ang mga asilo Salon na family business ni china.,"['Ystilo', 'Shaina']","{'Ystilo': ['estilo', 'istilo', 'asilo', 'silo', 'still'], 'Shaina': ['chain', 'chains', 'china', 'hain', 'hainan']}"
"Maaaring sa pamamagitan ng pagsasampa ng kaso, o kaya naman ay panggigipit.","Maaaring sa pamamagitan ng pagsasampa ng kaso, o kaya naman ay panggigipit.","Maaaring sa pamamagitan ng pagsasampa ng kaso, o kaya naman ay panggigipit.",[],{}
"Ika-9 naman ng Agosto nang matagpuang patay si Josie Bonifacio, 40-anyos, ilang oras i-report na nawawala ng kanyang asawa.","Ika-9 naman ng Agosto nang matagpuang patay si Josie Bonifacio, 40-anyos, ilang oras i-report na nawawala ng kanyang asawa.","Ika-d naman ng Agosto nang matagpuang patay si hose bonita, ag-anyos, ilang oras i-report na nawawala ng kanyang asawa.","['9', 'Josie', 'Bonifacio', '40']","{'9': ['b', 'c', 'd', 'e', 'f'], 'Josie': ['dose', 'dosis', 'hose', 'joke', 'lose'], 'Bonifacio': ['benefactor', 'biniyatiko', 'bonita', 'bonitang', 'bonito'], '40': ['ab', 'ad', 'ag', 'ah', 'ak']}"
Kinalaunan ay natuklasan ang tunay na pagkakakilanlan ng mga biktima at lumabas na walang holdapan na nangyari at pinaslang ang mga ito ng dalawang akusadong pulis na naka-assign sa intelligence section.,Kinalaunan ay natuklasan ang tunay na pagkakakilanlan ng mga biktima at lumabas na walang holdapan na nangyari at pinaslang ang mga ito ng dalawang akusadong pulis na naka-assign sa intelligence section.,Kinalaunan ay natuklasan ang tunay na pagkakakilanlan ng mga biktima at lumabas na walang holdapan na nangyari at pinaslang ang mga ito ng dalawang akusadong pulis na naka-assign sa intelligence section.,[],{}
"Kahit kumikita online, tinitiyak pa rin ni Jiji na pagtuunan ng pansin ang pag-aaral.","Kahit kumikita online, tinitiyak pa rin ni Jiji na pagtuunan ng pansin ang pag-aaral.","Kahit kumikita online, tinitiyak pa rin ni biki na pagtuunan ng pansin ang pag-aaral.",['Jiji'],"{'Jiji': ['bibi', 'bihi', 'biki', 'bili', 'bini']}"
Ito ang karugtong ng ating kolum kahapon.,Ito ang karugtong ng ating kolum kahapon.,Ito ang karugtong ng ating kolum kahapon.,[],{}
"Lahat pati semilya dala, giit ni Lorio.","Lahat pati semilya dala, giit ni Lorio.","Lahat pati semilya dala, giit ni koreo.",['Lorio'],"{'Lorio': ['loro', 'brio', 'koreo', 'koro', 'korpo']}"
"Iba-iba, magkakaiba ang listahan ng DSWD, LGU at barangay.","Iba-iba, magkakaiba ang listahan ng DSWD, LGU at barangay.","Iba-iba, magkakaiba ang listahan ng asod, aga at barangay.","['DSWD', 'LGU']","{'DSWD': ['asad', 'asid', 'asod', 'dad', 'daw'], 'LGU': ['lgus', 'ag', 'aga', 'age', 'ago']}"
"Marami rin ang nanood sa Vivamax ng Tala concert ni Sarah Geronimo, pero mas pinag-usapan ang Miss Grand International na kung saan lumaban nang husto ang kandidata nating si Samantha Bernardo.","Marami rin ang nanood sa Vivamax ng Tala concert ni Sarah Geronimo, pero mas pinag-usapan ang Miss Grand International na kung saan lumaban nang husto ang kandidata nating si Samantha Bernardo.","Marami rin ang nanood sa ginamas ng Tala concert ni sarat sinonimo, pero mas pinag-usapan ang Miss Grand International na kung saan lumaban nang husto ang kandidata nating si mamangha barbaro.","['Vivamax', 'Sarah', 'Geronimo', 'Samantha', 'Bernardo']","{'Vivamax': ['dinama', 'dinamay', 'ginamas', 'hinamad', 'hinamak'], 'Sarah': ['sara', 'sarap', 'sarat', 'saray', 'aarag'], 'Geronimo': ['anonimo', 'granito', 'sinonimo', 'terorismo', 'aerobics'], 'Samantha': ['kamangha', 'kamantsa', 'mamangha', 'namangha', 'salanta'], 'Bernardo': ['menardo', 'barado', 'barbaro', 'bensido', 'beranda']}"
Ganundin si Jake Ejercito na sa UniTeam tumatakbo ang kapatid sa amang si Sen.,Ganundin si Jake Ejercito na sa UniTeam tumatakbo ang kapatid sa amang si Sen.,Ganundin si joke alerto na sa UniTeam tumatakbo ang kapatid sa amang si Sen.,"['Jake', 'Ejercito']","{'Jake': ['cake', 'fake', 'joke', 'lake', 'make'], 'Ejercito': ['exercise', 'merito', 'alerto', 'bertigo', 'coercion']}"
"Kuwento niya, lasing siya nang mangyari ang insidente at hindi na niya naalis ang kaniyang pustiso nang makatulog.","Kuwento niya, lasing siya nang mangyari ang insidente at hindi na niya naalis ang kaniyang pustiso nang makatulog.","Kuwento niya, lasing siya nang mangyari ang insidente at hindi na niya naalis ang kaniyang pustiso nang makatulog.",[],{}
Patindi nang patindi ang krisis pang-ekonomiya pero wala kaming naririnig na komprehensibong plano mula sa bagong rehimen.,Patindi nang patindi ang krisis pang-ekonomiya pero wala kaming naririnig na komprehensibong plano mula sa bagong rehimen.,Patindi nang patindi ang krisis pang-ekonomiya pero wala kaming naririnig na komprehensibong plano mula sa bagong rehimen.,[],{}
"Sinabi ng alkalde na libreng makakapasok sa lugar ang mga magsing-irog, kung saan maaari silang mamasyal, makinig ng live music, mag-selfie at mamili ng pagkain at mga gift items.","Sinabi ng alkalde na libreng makakapasok sa lugar ang mga magsing-irog, kung saan maaari silang mamasyal, makinig ng live music, mag-selfie at mamili ng pagkain at mga gift items.","Sinabi ng alkalde na libreng makakapasok sa lugar ang mga magsing-irog, kung saan maaari silang mamasyal, makinig ng live music, mag-selfie at mamili ng pagkain at mga gift items.",[],{}
"Magpapalit lamang umano ng susi ng firehose cabinet ang maintenance crews na sina Jover Ramos at John Gabriel Atencio, nang magtungo sa ika-6 na palapag nang madiskubre ang nakadapang lalaki sa posisyong lasog ang katawan na tumagos sa glass canopy.","Magpapalit lamang umano ng susi ng firehose cabinet ang maintenance crews na sina Jover Ramos at John Gabriel Atencio, nang magtungo sa ika-6 na palapag nang madiskubre ang nakadapang lalaki sa posisyong lasog ang katawan na tumagos sa glass canopy.","Magpapalit lamang umano ng susi ng fires cabinet ang maintenance crews na sina over ramo at John gabel agencies, nang magtungo sa ika-d na palapag nang madiskibre ang nakarapang lalaki sa posisyong lasog ang katawan na tumagos sa glass canopy.","['firehose', 'Jover', 'Ramos', 'Gabriel', 'Atencio', '6', 'mariskubre']","{'firehose': ['fireout', 'firepower', 'fires', 'firework', 'iretoke'], 'Jover': ['cover', 'lover', 'over', 'rover', 'boxer'], 'Ramos': ['amos', 'gamos', 'ramo', 'ramps', 'rayos'], 'Gabriel': ['gabriela', 'abril', 'gabel', 'garil', 'aabrigo'], 'Atencio': ['ateneo', 'atento', 'agencies', 'agency', 'ahency'], '6': ['b', 'c', 'd', 'e', 'f'], 'mariskubre': ['madiskubre', 'madeskubre', 'madiskibre', 'madiskubri', 'nadiskubre']}"
Nabatid na hindi lamang ang main office ng DSWD ang dinagsa ng napakaraming tao na nagnanais na makakuha ng ayuda sa pag-aaral ng mga mahihirap na estudyante.,Nabatid na hindi lamang ang main office ng DSWD ang dinagsa ng napakaraming tao na nagnanais na makakuha ng ayuda sa pag-aaral ng mga mahihirap na estudyante.,Nabatid na hindi lamang ang main office ng asod ang dinagsa ng napakaraming tao na nagnanais na makakuha ng ayuda sa pag-aaral ng mga mahihirap na estudyante.,['DSWD'],"{'DSWD': ['asad', 'asid', 'asod', 'dad', 'daw']}"
"Sanay kami na maraming pamilya kaya kahit hanggang ilan ang kaya, perfect.","Sanay kami na maraming pamilya kaya kahit hanggang ilan ang kaya, perfect.","Sanay kami na maraming pamilya kaya kahit hanggang ilan ang kaya, perfect.",[],{}
Natapos na nga ang Magkaagaw noong Miyerkules at papalitan ito ng isang K-drama na Penthouse.,Natapos na nga ang Magkaagaw noong Miyerkules at papalitan ito ng isang K-drama na Penthouse.,Natapos na nga ang magkaabay noong Miyerkules at papalitan ito ng isang K-drama na denture.,"['Magkaagaw', 'Penthouse']","{'Magkaagaw': ['magkaagam', 'maaagaw', 'magkaabay', 'magkaagwat', 'magkaamag'], 'Penthouse': ['guesthouse', 'bentosa', 'denture', 'dextrose', 'endorse']}"
"Ngunit habang kinukuha niya ang hose, nasagi niya ang nakalambiting live wire at dito na siya biglaang natumba.","Ngunit habang kinukuha niya ang hose, nasagi niya ang nakalambiting live wire at dito na siya biglaang natumba.","Ngunit habang kinukuha niya ang hose, nasagi niya ang nakalambiting live wire at dito na siya biglaang natumba.",[],{}
"Kasi pag nagbigay ka pa ng comment hahaba pa, eh kung talagang wala ka nang paki, di tahimik ka lang.","Kasi pag nagbigay ka pa ng comment hahaba pa, eh kung talagang wala ka nang paki, di tahimik ka lang.","Kasi pag nagbigay ka pa ng comment hahaba pa, eh kung talagang wala ka nang paki, di tahimik ka lang.",[],{}
"Kaugnay nito, hinimok ng kalihim ang publiko na magpabakuna na rin at kinalma ang mga nag-aalinlangan sa pagsasabing normal lamang makaranas ng mga side effect katulad ng sakit ng ulo, lagnat, pananakit sa bahagi ng katawan na tinurukan, pagkapagod, pagtaas ng blood pressure.","Kaugnay nito, hinimok ng kalihim ang publiko na magpabakuna na rin at kinalma ang mga nag-aalinlangan sa pagsasabing normal lamang makaranas ng mga side effect katulad ng sakit ng ulo, lagnat, pananakit sa bahagi ng katawan na tinurukan, pagkapagod, pagtaas ng blood pressure.","Kaugnay nito, hinimok ng kalihim ang publiko na magpabakuna na rin at kinalma ang mga nag-aalinlangan sa pagsasabing normal lamang makaranas ng mga side effect katulad ng sakit ng ulo, lagnat, pananakit sa bahagi ng katawan na tinurukan, pagkapagod, pagtaas ng blood pressure.",[],{}
"Kasi siyempre, di ba nakakatuwa rin, pero alam din natin na nakakainis din minsan, sabi ni Eric.","Kasi siyempre, di ba nakakatuwa rin, pero alam din natin na nakakainis din minsan, sabi ni Eric.","Kasi siyempre, di ba nakakatuwa rin, pero alam din natin na nakakainis din minsan, sabi ni aria.",['Eric'],"{'Eric': ['epic', 'ari', 'aria', 'brick', 'brio']}"
"Excited siya siyempre sa ipinapatayo nilang bahay, pero mas excited daw siya sa magulang niya na nakikita raw niyang tuwang-tuwa sila kapag iniikot na ang ginagawang bahay.","Excited siya siyempre sa ipinapatayo nilang bahay, pero mas excited daw siya sa magulang niya na nakikita raw niyang tuwang-tuwa sila kapag iniikot na ang ginagawang bahay.","Excited siya siyempre sa ipinapatayo nilang bahay, pero mas excited daw siya sa magulang niya na nakikita raw niyang tuwang-tuwa sila kapag iniikot na ang ginagawang bahay.",[],{}
Bawal silang lumabas mula alas-10 ng gabi hanggang alas-singko ng umaga.,Bawal silang lumabas mula alas-10 ng gabi hanggang alas-singko ng umaga.,Bawal silang lumabas mula alas-ag ng gabi hanggang alas-singko ng umaga.,['10'],"{'10': ['ab', 'ad', 'ag', 'ah', 'ak']}"
Na naninindigang nakatatapak sa mga pundamental na karapatang pantao ang batas ?? na maaari daw magamit kahit sa mga kritiko ng gobyernong hindi naman terorista.,Na naninindigang nakatatapak sa mga pundamental na karapatang pantao ang batas ?? na maaari daw magamit kahit sa mga kritiko ng gobyernong hindi naman terorista.,Na naninindigang nakatatapak sa mga pundamental na karapatang pantao ang batas ?? na maaari daw magamit kahit sa mga kritiko ng gobyernong hindi naman terorista.,[],{}
Sinabi rin ni Laurel na nasa dinner si Chua dahil isinama ng kaniyang boyfriend na kaibigan naman ng isa niyang pinsan.,Sinabi rin ni Laurel na nasa dinner si Chua dahil isinama ng kaniyang boyfriend na kaibigan naman ng isa niyang pinsan.,Sinabi rin ni Laurel na nasa dinner si aqua dahil isinama ng kaniyang boyfriend na kaibigan naman ng isa niyang pinsan.,['Chua'],"{'Chua': ['cha', 'chupa', 'aqua', 'casa', 'cham']}"
"Actually, yun din ang ano ko na masyadong malayo yung gap nung continuation.","Actually, yun din ang ano ko na masyadong malayo yung gap nung continuation.","Actually, yun din ang ano ko na masyadong malayo yung gap nung condonation.",['continuation'],"{'continuation': ['combination', 'conciliation', 'condonation', 'configuration', 'confirmation']}"
Manny Pacquiao contrary sa maingay na usapan na aatras ito bago maganap ang election sa May.,Manny Pacquiao contrary sa maingay na usapan na aatras ito bago maganap ang election sa May.,Manny quiao honorary sa maingay na usapan na aatras ito bago maganap ang election sa May.,"['Pacquiao', 'contrary']","{'Pacquiao': ['acquire', 'acquit', 'quiao', 'acacia', 'acquired'], 'contrary': ['contract', 'contrast', 'honorary', 'central', 'century']}"
"Lumilitaw sa records ng Comelec na bukod sa pagtira sa Ormoc City kasama ang kaniyang maybahay, patuloy pa rin siyang naninilbihan bilang konsehal sa naturang siyudad.","Lumilitaw sa records ng Comelec na bukod sa pagtira sa Ormoc City kasama ang kaniyang maybahay, patuloy pa rin siyang naninilbihan bilang konsehal sa naturang siyudad.","Lumilitaw sa records ng Comelec na bukod sa pagtira sa aamo City kasama ang kaniyang maybahay, patuloy pa rin siyang naninilbihan bilang konsehal sa naturang siyudad.",['Ormoc'],"{'Ormoc': ['armor', 'oro', 'aamo', 'aamok', 'aamot']}"
"Maaaring humarap sa kaso, multa at kulong ang mga nakasalamuha ng Pilipinong nahawaan ng mas nakahahawang United Kingdom variant ng coronavirus disease (COVID-19) kung patuloy silang hindi makikipag-ugnayan sa gobyerno, paglalahad ng Department of Health (DOH), Biyernes.","Maaaring humarap sa kaso, multa at kulong ang mga nakasalamuha ng Pilipinong nahawaan ng mas nakahahawang United Kingdom variant ng coronavirus disease (COVID-19) kung patuloy silang hindi makikipag-ugnayan sa gobyerno, paglalahad ng Department of Health (DOH), Biyernes.","Maaaring humarap sa kaso, multa at kulong ang mga nakasalamuha ng pilipisang nahawaan ng mas nakahahawang United bingo variant ng coronavirus disease (COVID-ag) kung patuloy silang hindi makikipag-ugnayan sa gobyerno, paglalahad ng Department of Health (DOH), Biyernes.","['Pilipinong', 'Kingdom', '19']","{'Pilipinong': ['pinipinong', 'pilipino', 'pilipisang', 'pilipiting', 'pinipihong'], 'Kingdom': ['kinuyom', 'singkom', 'bingo', 'bingot', 'binudol'], '19': ['ab', 'ad', 'ag', 'ah', 'ak']}"
"Sa tala ng ahensiya, mayroong 1,273 Filipino sa Myanmar at karamihan dito ay nagtatrabaho sa manufacturing industry bilang supervisors at ang iba ay nasa United Nations agencies at iba pang international organizations.","Sa tala ng ahensiya, mayroong 1,273 Filipino sa Myanmar at karamihan dito ay nagtatrabaho sa manufacturing industry bilang supervisors at ang iba ay nasa United Nations agencies at iba pang international organizations.","Sa tala ng ahensiya, mayroong d,aag Filipino sa andar at karamihan dito ay nagtatrabaho sa manufacturing industry bilang supervisors at ang iba ay nasa United Nations agencies at iba pang international organizations.","['1', '273', 'Myanmar']","{'1': ['b', 'c', 'd', 'e', 'f'], '273': ['p3', 'p75', 'aag', 'aal', 'aam'], 'Myanmar': ['manman', 'aandar', 'andar', 'gramar', 'grammar']}"
"Sa kabila nito, dapat pa rin aniyang iprayoridad na mabakunahan muna ang lahat bago magbigay ng ikatlong dose.","Sa kabila nito, dapat pa rin aniyang iprayoridad na mabakunahan muna ang lahat bago magbigay ng ikatlong dose.","Sa kabila nito, dapat pa rin aniyang iprayoridad na mabakunahan muna ang lahat bago magbigay ng ikatlong dose.",[],{}
Ngayon buwan lang naging pormal ang pagbabalik-Kapuso ni John Lloyd para sa gagawin niyang sitcom.,Ngayon buwan lang naging pormal ang pagbabalik-Kapuso ni John Lloyd para sa gagawin niyang sitcom.,Ngayon buwan lang naging pormal ang pagbabalik-abuso ni John cloud para sa gagawin niyang sitcom.,"['Kapuso', 'Lloyd']","{'Kapuso': ['kapus', 'aabuso', 'abuso', 'baruso', 'isapuso'], 'Lloyd': ['aloy', 'blood', 'cloud', 'flood', 'llaya']}"
"Isang lalaki ang sumakay sa tricycle, tangkang lalapitan siya ng mga pulis nang biglang pinaharurot ang sasakyan na nagresulta ng maiksing habulan at pagpapalitan ng putok na ikinasugat ng isa sa mga suspect.Nakatakas.","Isang lalaki ang sumakay sa tricycle, tangkang lalapitan siya ng mga pulis nang biglang pinaharurot ang sasakyan na nagresulta ng maiksing habulan at pagpapalitan ng putok na ikinasugat ng isa sa mga suspect.Nakatakas.","Isang lalaki ang sumakay sa tricycle, tangkang lalapitan siya ng mga pulis nang biglang pinaharurot ang sasakyan na nagresulta ng maiksing habulan at pagpapalitan ng putok na ikinasugat ng isa sa mga suspect.Nakatakas.",[],{}
Wala pa rin silang sinasabi sa tunay na status ng kanilang relasyong ilang months lang after their wedding.,Wala pa rin silang sinasabi sa tunay na status ng kanilang relasyong ilang months lang after their wedding.,Wala pa rin silang sinasabi sa tunay na status ng kanilang relasyong ilang months lang after their wedding.,[],{}
Wala namang nakikita ang helicopter ng taong lumalabas mula sa patrol car.,Wala namang nakikita ang helicopter ng taong lumalabas mula sa patrol car.,Wala namang nakikita ang helicopter ng taong lumalabas mula sa patrol car.,[],{}
"Nang mapansin daw ng ilang kababayan natin, biglang may dalawang bodyguard daw na humarang para hindi makuhanan ng video.","Nang mapansin daw ng ilang kababayan natin, biglang may dalawang bodyguard daw na humarang para hindi makuhanan ng video.","Nang mapansin daw ng ilang kababayan natin, biglang may dalawang bodyguard daw na humarang para hindi makuhanan ng video.",[],{}
Nabawi sa crime scene ang nasa siyam na pulgadang haba ng kutsilyo na ginamit ng suspek.,Nabawi sa crime scene ang nasa siyam na pulgadang haba ng kutsilyo na ginamit ng suspek.,Nabawi sa crime scene ang nasa siyam na pulgadang haba ng kutsilyo na ginamit ng suspek.,[],{}
"Sa video, makikita ang magandang pag-uusap ng dalawa at binati ni Marian ang bagong Kapuso na si Bea.","Sa video, makikita ang magandang pag-uusap ng dalawa at binati ni Marian ang bagong Kapuso na si Bea.","Sa video, makikita ang magandang pag-uusap ng dalawa at binati ni malian ang bagong abuso na si beam.","['Marian', 'Kapuso', 'Bea']","{'Marian': ['arian', 'harian', 'malian', 'mariin', 'parian'], 'Kapuso': ['kapus', 'aabuso', 'abuso', 'baruso', 'isapuso'], 'Bea': ['ba', 'be', 'beam', 'bear', 'beat']}"
Ang kandidatura ni Sara ay una nang inendorso ng gobernador.,Ang kandidatura ni Sara ay una nang inendorso ng gobernador.,Ang kandidatura ni Sara ay una nang inendorso ng gobernador.,[],{}
"Nitong Hulyo 9, nasa 10% pa lamang ang positivity rate sa Metro Manila na umakyat kaagad ng 12.6%.","Nitong Hulyo 9, nasa 10% pa lamang ang positivity rate sa Metro Manila na umakyat kaagad ng 12.6%.","Nitong Hulyo d, nasa ag% pa lamang ang positivity rate sa Metro Manila na umakyat kaagad ng ag.d%.","['9', '10', '12', '6']","{'9': ['b', 'c', 'd', 'e', 'f'], '10': ['ab', 'ad', 'ag', 'ah', 'ak'], '12': ['ab', 'ad', 'ag', 'ah', 'ak'], '6': ['b', 'c', 'd', 'e', 'f']}"
Gumagamit sina Lopez ng papel ng libro.,Gumagamit sina Lopez ng papel ng libro.,Gumagamit sina lone ng papel ng libro.,['Lopez'],"{'Lopez': ['hope', 'leper', 'lone', 'lopoy', 'lose']}"
"Binalikan niya ang mga pagkakataong magkakasama sila nina Imelda at Claire, wala siyang maalalang pagkakataon na may inireklamo si Claire tungkol sa nararamdaman nito, wala.","Binalikan niya ang mga pagkakataong magkakasama sila nina Imelda at Claire, wala siyang maalalang pagkakataon na may inireklamo si Claire tungkol sa nararamdaman nito, wala.","Binalikan niya ang mga pagkakataong magkakasama sila nina Imelda at chaired, wala siyang maalalang pagkakataon na may inireklamo si chaired tungkol sa nararamdaman nito, wala.","['Claire', 'Claire']","{'Claire': ['care', 'chair', 'chaired', 'chairs', 'clade']}"
Magbubukas lamang umano ang kanilang tanggapan hanggang sa muling pagsasailalim nila sa swab test at magnegatibo sa nasabing virus.,Magbubukas lamang umano ang kanilang tanggapan hanggang sa muling pagsasailalim nila sa swab test at magnegatibo sa nasabing virus.,Magbubukas lamang umano ang kanilang tanggapan hanggang sa muling pagsasailalim nila sa swab test at magnegatibo sa nasabing virus.,[],{}
"Na second prize sa Grand Lotto 6/55 para sa limang tamang numero; 3,260 na nanalo ng tig-P1,500.00.","Na second prize sa Grand Lotto 6/55 para sa limang tamang numero; 3,260 na nanalo ng tig-P1,500.00.","Na second prize sa Grand Lotto d/ag para sa limang tamang numero; d,aam na nanalo ng tig-pa,aam.ag.","['6', '55', '3', '260', 'P1', '500', '00']","{'6': ['b', 'c', 'd', 'e', 'f'], '55': ['ab', 'ad', 'ag', 'ah', 'ak'], '3': ['b', 'c', 'd', 'e', 'f'], '260': ['aag', 'aal', 'aam', 'aat', 'aaw'], 'P1': ['p', 'p3', 'pa', 'pg', 'ph'], '500': ['aag', 'aal', 'aam', 'aat', 'aaw'], '00': ['ab', 'ad', 'ag', 'ah', 'ak']}"
Sinabi pa ni Marcos na dapat ding isaalang-alang ang bahagyang pagtaas ng kaso ng COVID-19 sa ilang lugar.,Sinabi pa ni Marcos na dapat ding isaalang-alang ang bahagyang pagtaas ng kaso ng COVID-19 sa ilang lugar.,Sinabi pa ni Marcos na dapat ding isaalang-alang ang bahagyang pagtaas ng kaso ng COVID-ag sa ilang lugar.,['19'],"{'19': ['ab', 'ad', 'ag', 'ah', 'ak']}"
"Nagbanta ang LTFRB na papatawan ng kaukulangparusa base sa mga kundisyon ng kanilang Certificate of Public Convenience (CPC), Special Permit at ng Joint Administrative Order ang sinumang mahuling hindi susunod sa alituntunin ng ahensya.","Nagbanta ang LTFRB na papatawan ng kaukulangparusa base sa mga kundisyon ng kanilang Certificate of Public Convenience (CPC), Special Permit at ng Joint Administrative Order ang sinumang mahuling hindi susunod sa alituntunin ng ahensya.","Nagbanta ang ataro na papatawan ng kaukulang base sa mga kundisyon ng kanilang Certificate of Public Convenience (ap), Special Permit at ng Joint Administrative Order ang sinumang mahuling hindi susunod sa alituntunin ng ahensya.","['LTFRB', 'kaukulangparusa', 'CPC']","{'LTFRB': ['altar', 'alter', 'ataro', 'eter', 'fb'], 'kaukulangparusa': ['kakulangan', 'kakulangang', 'kaukulang', 'kukulangan', 'kukulangang'], 'CPC': ['cc', 'csc', 'ap', 'apa', 'api']}"
Tampok sa ??community pantry?? ng Sangguniang Kabataan ng Barangay 583 ang mga cake at cupcake na ang mismong SK kagawad na si Mae Pascua ang nag-bake.,Tampok sa ??community pantry?? ng Sangguniang Kabataan ng Barangay 583 ang mga cake at cupcake na ang mismong SK kagawad na si Mae Pascua ang nag-bake.,Tampok sa ??community pantry?? ng Sangguniang Kabataan ng Barangay aal ang mga cake at cake na ang mismong ik kagawad na si Mae pasala ang nag-bako.,"['583', 'cupcake', 'SK', 'Pascua', 'bake']","{'583': ['p3', 'aag', 'aal', 'aam', 'aat'], 'cupcake': ['uptake', 'appcase', 'cake', 'curcas', 'empake'], 'SK': ['ak', 'ask', 'ik', 'k', 'ok'], 'Pascua': ['pasa', 'pasada', 'pasala', 'pasama', 'pasara'], 'bake': ['baka', 'baked', 'bako', 'baks', 'baku']}"
"Labas diyan, ito ang mga datos.","Labas diyan, ito ang mga datos.","Labas diyan, ito ang mga datos.",[],{}
Nag-aalala na rin si Robin Padilla sa kalagayan ngayon ni Kris Aquino.,Nag-aalala na rin si Robin Padilla sa kalagayan ngayon ni Kris Aquino.,Nag-aalala na rin si bobina barilya sa kalagayan ngayon ni Kris aluin.,"['Robin', 'Parilla', 'Aquino']","{'Robin': ['babin', 'bin', 'bobina', 'cabin', 'coin'], 'Parilla': ['parilya', 'barill', 'barilya', 'kabilla', 'pabigla'], 'Aquino': ['akuin', 'akuing', 'aluin', 'aluing', 'alumno']}"
"Sa pinakahuling datos ng United Nation Health Agency (UNHA), bumaba ng 21 porsyento ang mga bagong kaso ng virus kung saan ay nananatili pa rin sa bilang na 41,000 ang apektado nito na may 12 kaso ng pagkamatay mula sa 96 na bansa.","Sa pinakahuling datos ng United Nation Health Agency (UNHA), bumaba ng 21 porsyento ang mga bagong kaso ng virus kung saan ay nananatili pa rin sa bilang na 41,000 ang apektado nito na may 12 kaso ng pagkamatay mula sa 96 na bansa.","Sa pinakahuling datos ng United Nation Health Agency (unga), bumaba ng ag porsyento ang mga bagong kaso ng virus kung saan ay nananatili pa rin sa bilang na ag,aam ang apektado nito na may ag kaso ng pagkamatay mula sa ag na bansa.","['UNHA', '21', '41', '000', '12', '96']","{'UNHA': ['uha', 'una', 'unga', 'uuha', 'anga'], '21': ['ab', 'ad', 'ag', 'ah', 'ak'], '41': ['ab', 'ad', 'ag', 'ah', 'ak'], '000': ['aag', 'aal', 'aam', 'aat', 'aaw'], '12': ['ab', 'ad', 'ag', 'ah', 'ak'], '96': ['ab', 'ad', 'ag', 'ah', 'ak']}"
"Ayon sa agriculturist na si Nick Angelo De Dios, crop protection coordinator sa Cabanatuan, ang mga alitangya ay peste ng mga palayan na madalas lumalabas ng Agosto kapag walang masyadong bagyo.","Ayon sa agriculturist na si Nick Angelo De Dios, crop protection coordinator sa Cabanatuan, ang mga alitangya ay peste ng mga palayan na madalas lumalabas ng Agosto kapag walang masyadong bagyo.","Ayon sa agriculturist na si neck anger De diosa, crop protection coordinator sa Cabanatuan, ang mga aalitang ay peste ng mga palayan na mamalas lumalabas ng Agosto kapag walang masyadong bagyo.","['Nick', 'Angelo', 'Dios', 'alitangya', 'maralas']","{'Nick': ['dick', 'kick', 'neck', 'nice', 'pick'], 'Angelo': ['anglo', 'angal', 'anger', 'anggo', 'anggulo'], 'Dios': ['dies', 'dion', 'diosa', 'dis', 'dos'], 'alitangya': ['alitang', 'atangya', 'aalitang', 'ahitang', 'alatang'], 'maralas': ['madalas', 'makalas', 'mamalas', 'marahas', 'maranas']}"
Noval Street sa Maynila na dinagsa rin ng mga volunteers.,Noval Street sa Maynila na dinagsa rin ng mga volunteers.,nogal Street sa Maynila na dinagsa rin ng mga volunteers.,['Noval'],"{'Noval': ['loval', 'naval', 'nogal', 'novel', 'oval']}"
"Sa ulat ni Saleema Refran sa GMA News ??24 Oras? nitong Huwebes, sinabing hindi na nadala sa ospital si Angeline Rodriguez, at ang mga contact tracer na lang ang tumulong sa kaniyang manganak.","Sa ulat ni Saleema Refran sa GMA News ??24 Oras? nitong Huwebes, sinabing hindi na nadala sa ospital si Angeline Rodriguez, at ang mga contact tracer na lang ang tumulong sa kaniyang manganak.","Sa ulat ni alarma asuran sa gia News ??ag Oras? nitong Huwebes, sinabing hindi na narapa sa ospital si angalang Rodriguez, at ang mga contact tracer na lang ang tumulong sa kaniyang manganak.","['Saleema', 'Refran', 'GMA', '24', 'narala', 'Angeline']","{'Saleema': ['salesman', 'aalma', 'alarma', 'alerta', 'alma'], 'Refran': ['rebrand', 'agaran', 'asuran', 'began', 'beteran'], 'GMA': ['ama', 'ga', 'gia', 'goma', 'gra'], '24': ['ab', 'ad', 'ag', 'ah', 'ak'], 'narala': ['nadala', 'napala', 'narapa', 'nasala', 'nawala'], 'Angeline': ['airline', 'angalan', 'angalang', 'angatin', 'angating']}"
"Juvymax Uy, commander ng Armys 6thInfantry Division, na ang nasabing grupo ng NPA ay mula sa NPAs self-styled Daguma Front-Far South Mindanao Region na nagsasagawa ng operasyon sa Bulubundukin ng lalawigan ng South Cotabato at Sultan Kudarat.","Juvymax Uy, commander ng Armys 6thInfantry Division, na ang nasabing grupo ng NPA ay mula sa NPAs self-styled Daguma Front-Far South Mindanao Region na nagsasagawa ng operasyon sa Bulubundukin ng lalawigan ng South Cotabato at Sultan Kudarat.","bumag by, commander ng army hinintay Division, na ang nasabing grupo ng na ay mula sa pas self-styled daduda Front-Far South Mindanao Region na nagsasagawa ng operasyon sa Bulubundukin ng lalawigan ng South Cotabato at Sultan kumagat.","['Juvymax', 'Uy', 'Armys', '6thInfantry', 'NPA', 'NPAs', 'Daguma', 'Kudarat']","{'Juvymax': ['buaya', 'bulyaw', 'bumag', 'buya', 'buyaan'], 'Uy': ['ay', 'buy', 'by', 'ey', 'guy'], 'Armys': ['armas', 'arms', 'army', 'aamis', 'aarmas'], '6thInfantry': ['infantry', 'hinantay', 'hinintay', 'inaantay', 'inantay'], 'NPA': ['apa', 'ipa', 'na', 'naa', 'napa'], 'NPAs': ['nas', 'ngas', 'pas', 'spas', 'upas'], 'Daguma': ['laguma', 'aguha', 'daduda', 'daga', 'dagasa'], 'Kudarat': ['karat', 'kulalat', 'kumagat', 'kumalat', 'kumayat']}"
"Base sa mga witness natin, hindi naman nila totally nakita.","Base sa mga witness natin, hindi naman nila totally nakita.","Base sa mga witness natin, hindi naman nila totally nakita.",[],{}
"Aalamin din umano ng senador kung ilang ambulansiya ang nabili ng DOH na ipimahagi sa LGU, at maging ang imbestigasyon sa mga ??expired medicine?? at ??overstocking?? na umabot sa halagang P2.7.","Aalamin din umano ng senador kung ilang ambulansiya ang nabili ng DOH na ipimahagi sa LGU, at maging ang imbestigasyon sa mga ??expired medicine?? at ??overstocking?? na umabot sa halagang P2.7.","Aalamin din umano ng senador kung ilang ambulansiya ang nabili ng DOH na ipinamahagi sa aga, at maging ang imbestigasyon sa mga ??expired medicine?? at ??overcrowding?? na umabot sa halagang p3.d.","['ipimahagi', 'LGU', 'overstocking', 'P2', '7']","{'ipimahagi': ['ipamahagi', 'ibinahagi', 'ipinamahagi', 'pamahagi', 'binahagi'], 'LGU': ['lgus', 'ag', 'aga', 'age', 'ago'], 'overstocking': ['overstaying', 'overarching', 'overcrowding', 'overloading', 'overpricing'], 'P2': ['p', 'p25', 'p3', 'pa', 'pg'], '7': ['b', 'c', 'd', 'e', 'f']}"
"Isinagawa ang operasyon sa isang bahay sa Purok 2, Dalahican, Lucena City sa lalawigan ng Quezon, kung saan naaresto ang suspek na kinilalang si Tess Ando.","Isinagawa ang operasyon sa isang bahay sa Purok 2, Dalahican, Lucena City sa lalawigan ng Quezon, kung saan naaresto ang suspek na kinilalang si Tess Ando.","Isinagawa ang operasyon sa isang bahay sa Purok d, dalahikang, Lucena City sa lalawigan ng Quezon, kung saan naaresto ang suspek na kinilalang si tens andy.","['2', 'Dalahican', 'Tess', 'Ando']","{'2': ['b', 'c', 'd', 'e', 'f'], 'Dalahican': ['dalahikan', 'dalahan', 'dalahikang', 'dalahikin', 'dalahin'], 'Tess': ['less', 'mess', 'tens', 'ters', 'tes'], 'Ando': ['and', 'andon', 'andy', 'ango', 'ano']}"
"Saka nakakaloka na parang lahat ng winners nag-tie, dala-dalawa ang mga winner sa mga major category.","Saka nakakaloka na parang lahat ng winners nag-tie, dala-dalawa ang mga winner sa mga major category.","Saka nakakalakad na parang lahat ng winners nag-tie, dala-dalawa ang mga winner sa mga major category.",['nakakaloka'],"{'nakakaloka': ['nakakaloko', 'makakaloko', 'nakakalakad', 'nakakalaki', 'nakakalala']}"
"Paliwanag ng ichthyologist na si Kent Sorgon ng Institute of Biological Sciences sa University of the Philippines Los Ba?ños, hindi native sa Pilipinas ang janitor fish at mabilis itong dumami dahil walang ibang isda na kumakain dito.","Paliwanag ng ichthyologist na si Kent Sorgon ng Institute of Biological Sciences sa University of the Philippines Los Ba?ños, hindi native sa Pilipinas ang janitor fish at mabilis itong dumami dahil walang ibang isda na kumakain dito.","Paliwanag ng archeologist na si Kent morkon ng Institute of Biological Sciences sa University of the Philippines Los Ba?gos, hindi native sa Pilipinas ang janitor fish at mabilis itong dumami dahil walang ibang isda na kumakain dito.","['ichthyologist', 'Sorgon', 'ños']","{'ichthyologist': ['ichthyosis', 'pathologist', 'archeologist', 'cardiologist', 'hydrologist'], 'Sorgon': ['cogon', 'kordon', 'morkon', 'organ', 'purgon'], 'ños': ['cos', 'dos', 'gos', 'los', 'os']}"
"Base sa imbestigasyon, dakong alas-8:10 ng gabi nang pasukin ng mga suspect ang bodega ng J& T Express na matatagpuan sa Industry Road 1, Brgy.","Base sa imbestigasyon, dakong alas-8:10 ng gabi nang pasukin ng mga suspect ang bodega ng J& T Express na matatagpuan sa Industry Road 1, Brgy.","Base sa imbestigasyon, dakong alas-d:ag ng gabi nang pasukin ng mga suspect ang bodega ng J& T Express na matatagpuan sa Industry Road d, Brgy.","['8', '10', '1']","{'8': ['b', 'c', 'd', 'e', 'f'], '10': ['ab', 'ad', 'ag', 'ah', 'ak'], '1': ['b', 'c', 'd', 'e', 'f']}"
"Datu ODIN SINSUAT, Maguindanao, Philippines ?? Dalawang lalaki na responsable umano sa serye ng holdapan sa mga residente ang napatay ng mga awtoridad, isang oras makaraang mangholdap ng isa pang guwardya sa Brgy.","Datu ODIN SINSUAT, Maguindanao, Philippines ?? Dalawang lalaki na responsable umano sa serye ng holdapan sa mga residente ang napatay ng mga awtoridad, isang oras makaraang mangholdap ng isa pang guwardya sa Brgy.","Datu adik sinalat, Maguindanao, Philippines ?? Dalawang lalaki na responsable umano sa serye ng holdapan sa mga residente ang napatay ng mga awtoridad, isang oras makaraang mangholdap ng isa pang guwardya sa Brgy.","['ODIN', 'SINSUAT']","{'ODIN': ['din', 'odit', 'adik', 'admin', 'ahin'], 'SINSUAT': ['insult', 'sinabat', 'sinalat', 'sinapat', 'sinat']}"
Pero nakita sila ng isang sepulturero na nag-alok na sa bakanteng nitso na lang ilagay ang sanggol.,Pero nakita sila ng isang sepulturero na nag-alok na sa bakanteng nitso na lang ilagay ang sanggol.,Pero nakita sila ng isang abenturero na nag-alok na sa bakanteng nitso na lang ilagay ang sanggol.,['sepulturero'],"{'sepulturero': ['kusturero', 'sultero', 'abenturero', 'culture', 'cultures']}"
"Aasahan naman ang mas exciting pa na kuwento, lalo ang love triangle na mangyayari sa kanilang mga karakter na sina Irene, Richard at Nestor.","Aasahan naman ang mas exciting pa na kuwento, lalo ang love triangle na mangyayari sa kanilang mga karakter na sina Irene, Richard at Nestor.","Aasahan naman ang mas exciting pa na kuwento, lalo ang love triangle na mangyayari sa kanilang mga karakter na sina arena, Richard at hector.","['Irene', 'Nestor']","{'Irene': ['ireng', 'rene', 'arena', 'birete', 'crane'], 'Nestor': ['bettor', 'esctor', 'hector', 'investor', 'jester']}"
"Gusto rin niyang siguraduhing maayos ang transition patungo sa susunod na administrasyon ng kung sino man ang pipiliin ng taumbayan sa halalan, dagdag nito.","Gusto rin niyang siguraduhing maayos ang transition patungo sa susunod na administrasyon ng kung sino man ang pipiliin ng taumbayan sa halalan, dagdag nito.","Gusto rin niyang siguraduhing maayos ang transition patungo sa susunod na administrasyon ng kung sino man ang pipiliin ng taumbayan sa halalan, dagdag nito.",[],{}
"Kung lumapit ka sa ahensya ng gobyerno at hindi ka pinansin o pinag-antay o pinababalik-balik kayo, magsumbong kayo sa amin at kami ang tutulong sa inyo, aniya.","Kung lumapit ka sa ahensya ng gobyerno at hindi ka pinansin o pinag-antay o pinababalik-balik kayo, magsumbong kayo sa amin at kami ang tutulong sa inyo, aniya.","Kung lumapit ka sa ahensya ng gobyerno at hindi ka pinansin o pinag-antay o pinababalik-balik kayo, magsumbong kayo sa amin at kami ang tutulong sa inyo, aniya.",[],{}
"Itoy bilang tugon nila sa paglalagay muli ng pamahalaan sa enhanced community quarantine (ECQ) ang Metro Manila at mga karatig na lalawigan simula ngayong araw, Marso 29, hanggang Abril 4, Linggo, bunsod na rin nang patuloy na paglobo ng mga naitatalang kaso ng COVID-19 sa mga naturang lugar.","Itoy bilang tugon nila sa paglalagay muli ng pamahalaan sa enhanced community quarantine (ECQ) ang Metro Manila at mga karatig na lalawigan simula ngayong araw, Marso 29, hanggang Abril 4, Linggo, bunsod na rin nang patuloy na paglobo ng mga naitatalang kaso ng COVID-19 sa mga naturang lugar.","Itoy bilang tugon nila sa paglalagay muli ng pamahalaan sa enhanced community quarantine (ECQ) ang Metro Manila at mga karatig na lalawigan simula ngayong araw, Marso ag, hanggang Abril d, Linggo, bunsod na rin nang patuloy na paglobo ng mga naitatalang kaso ng COVID-ag sa mga naturang lugar.","['29', '4', '19']","{'29': ['ab', 'ad', 'ag', 'ah', 'ak'], '4': ['b', 'c', 'd', 'e', 'f'], '19': ['ab', 'ad', 'ag', 'ah', 'ak']}"
"Iyon bang para bang at this point in time, you expect the worst lagi, kaya pag sinabing namatay si ganito, parang tanggap mo na agad, hindi mo na itatanong kung bakit, para bang dahil pandemic kaya namatay.","Iyon bang para bang at this point in time, you expect the worst lagi, kaya pag sinabing namatay si ganito, parang tanggap mo na agad, hindi mo na itatanong kung bakit, para bang dahil pandemic kaya namatay.","Iyon bang para bang at this point in time, you expect the worst lagi, kaya pag sinabing namatay si ganito, parang tanggap mo na agad, hindi mo na itatanong kung bakit, para bang dahil pandemic kaya namatay.",[],{}
Nagpagewang-gewang umano ang takbo ng armored van hanggang sa kainin nito ang kabilang linya ng kalye at tinumbok na banggain ang kasalubong na Candelaria town bound na motorsiklong kinalululanan ng mga biktima.,Nagpagewang-gewang umano ang takbo ng armored van hanggang sa kainin nito ang kabilang linya ng kalye at tinumbok na banggain ang kasalubong na Candelaria town bound na motorsiklong kinalululanan ng mga biktima.,Nagpagewang-gewang umano ang takbo ng armored van hanggang sa kainin nito ang kabilang linya ng kalye at tinumbok na banggain ang kasalubong na Candelaria town bound na motorsiklong kinalululanan ng mga biktima.,[],{}
Tinanggal niya ang plastic nito at ibinalik ang pakete sa kaniyang bra.,Tinanggal niya ang plastic nito at ibinalik ang pakete sa kaniyang bra.,Tinanggal niya ang plastic nito at ibinalik ang pakete sa kaniyang bra.,[],{}
"Tungkol naman sa usaping kasalan, wala pa raw silang plano in the near future pero inamin nilang gusto rin nilang magka-baby.","Tungkol naman sa usaping kasalan, wala pa raw silang plano in the near future pero inamin nilang gusto rin nilang magka-baby.","Tungkol naman sa usaping kasalan, wala pa raw silang plano in the near future pero inamin nilang gusto rin nilang magka-baby.",[],{}
Fake news na from the start ang nasabing chika na nagkaroon ulit sila ng ugnayan ng mister ni Angel Locsin kaya raw nagmadaling makipaghiwalay si Maxene sa dating mister.,Fake news na from the start ang nasabing chika na nagkaroon ulit sila ng ugnayan ng mister ni Angel Locsin kaya raw nagmadaling makipaghiwalay si Maxene sa dating mister.,Fake news na from the start ang nasabing chika na nagkaroon ulit sila ng ugnayan ng mister ni anghel login kaya raw nagmadaling makipaghiwalay si mapeke sa dating mister.,"['Angel', 'Locsin', 'Maxene']","{'Angel': ['angal', 'anger', 'anghel', 'angil', 'aangal'], 'Locsin': ['cousin', 'labsin', 'login', 'loobin', 'toksin'], 'Maxene': ['maiere', 'mameke', 'mapeke', 'marine', 'aamen']}"
"Ayon kay Police Lieutenant Colonel Ramon Czar Solas, hepe ng Santa Cruz Police Station, nagtatrabaho sa isang computer shop ang suspek at nakadispalko ng pera kaya nagawa nito ang krimen.","Ayon kay Police Lieutenant Colonel Ramon Czar Solas, hepe ng Santa Cruz Police Station, nagtatrabaho sa isang computer shop ang suspek at nakadispalko ng pera kaya nagawa nito ang krimen.","Ayon kay Police Lieutenant Colonel mamon Czar solar, hepe ng Santa Cruz Police Station, nagtatrabaho sa isang computer shop ang suspek at nakakapasko ng pera kaya nagawa nito ang krimen.","['Ramon', 'Solas', 'nakarispalko']","{'Ramon': ['hamon', 'lamon', 'mamon', 'ramen', 'ramo'], 'Solas': ['lolas', 'salas', 'solar', 'solus', 'sopas'], 'nakarispalko': ['nakadispalko', 'nakahibalo', 'nakakapasko', 'nakakasalo', 'nakapako']}"
Umabot na sa 300 tauhan ng Department of Health (DOH) ang nagpositibo sa COVID-19 habang nasa 400 naman ang sumasailalim sa ??quarantine?? dahilan para bumaba ang kapasidad sa paggawa ng ahensya.,Umabot na sa 300 tauhan ng Department of Health (DOH) ang nagpositibo sa COVID-19 habang nasa 400 naman ang sumasailalim sa ??quarantine?? dahilan para bumaba ang kapasidad sa paggawa ng ahensya.,Umabot na sa aam tauhan ng Department of Health (DOH) ang nagpositibo sa COVID-ag habang nasa aam naman ang sumasailalim sa ??quarantine?? dahilan para bumaba ang kapasidad sa paggawa ng ahensya.,"['300', '19', '400']","{'300': ['aag', 'aal', 'aam', 'aat', 'aaw'], '19': ['ab', 'ad', 'ag', 'ah', 'ak'], '400': ['aag', 'aal', 'aam', 'aat', 'aaw']}"
Pero natakot daw talaga siya dahil na-exposed nga siya sa taong nag-positive sa nasabing virus.,Pero natakot daw talaga siya dahil na-exposed nga siya sa taong nag-positive sa nasabing virus.,Pero natakot daw talaga siya dahil na-exposed nga siya sa taong nag-positive sa nasabing virus.,[],{}
"At least, sa pagkawala niya sa Urduja, makakapag-promote na nang todo si Gabbi sa Unbreak my Heart. May mga nagtatanong din pala kung magpo-promote siya sa shows ng ABS-CBN at kung magpo-promote sina Jodi Sta.","At least, sa pagkawala niya sa Urduja, makakapag-promote na nang todo si Gabbi sa Unbreak my Heart. May mga nagtatanong din pala kung magpo-promote siya sa shows ng ABS-CBN at kung magpo-promote sina Jodi Sta.","At least, sa pagkawala niya sa bruha, makakapag-promote na nang todo si gambi sa bread my Heart. May mga nagtatanong din pala kung magpo-promote siya sa shows ng abf-ab at kung magpo-promote sina body eta.","['Urduja', 'Gabbi', 'Unbreak', 'ABS', 'CBN', 'Jodi', 'Sta']","{'Urduja': ['anduka', 'aruga', 'bruha', 'burda', 'buruha'], 'Gabbi': ['gabi', 'galbi', 'gambi', 'rabbi', 'ambi'], 'Unbreak': ['break', 'outbreak', 'bread', 'breaks', 'breat'], 'ABS': ['ab', 'aba', 'abf', 'abo', 'ads'], 'CBN': ['can', 'con', 'ab', 'aba', 'aban'], 'Jodi': ['lodi', 'boda', 'body', 'boli', 'code'], 'Sta': ['asta', 'ata', 'eta', 'ista', 'ita']}"
"Ayon kay Rosal, nagulat na lang siya nang biglang may kumalabog sa likuran ng kanyang minamanehong Isuzu truck.","Ayon kay Rosal, nagulat na lang siya nang biglang may kumalabog sa likuran ng kanyang minamanehong Isuzu truck.","Ayon kay Rosal, nagulat na lang siya nang biglang may kumalabog sa likuran ng kanyang minamanehong isubo truck.",['Isuzu'],"{'Isuzu': ['isu', 'isuam', 'isubo', 'isuka', 'isuko']}"
"Humihingi ngayon ng tulong si Tumao na makauwi para maipatanggal ang kutsilyo sa ospital kung saan siya inoperahanKBK, GMA News.","Humihingi ngayon ng tulong si Tumao na makauwi para maipatanggal ang kutsilyo sa ospital kung saan siya inoperahanKBK, GMA News.","Humihingi ngayon ng tulong si Tumao na makauwi para magpatanghal ang kutsilyo sa ospital kung saan siya inoperang, gia News.","['maipatanggal', 'inoperahanKBK', 'GMA']","{'maipatanggal': ['ipatanggal', 'magkatanggal', 'magpatanghal', 'magtatanggal', 'maipagtanggol'], 'inoperahanKBK': ['inapelahan', 'inapelahang', 'inoperang', 'maoperahan', 'naoperahan'], 'GMA': ['ama', 'ga', 'gia', 'goma', 'gra']}"
"Inihahanda na aniya ng DepEd ang mga eskuwelahang gagamitin sa pilot testing para masiguro ang social distancing, sapat na tubig, gamot at iba pa.","Inihahanda na aniya ng DepEd ang mga eskuwelahang gagamitin sa pilot testing para masiguro ang social distancing, sapat na tubig, gamot at iba pa.","Inihahanda na aniya ng DepEd ang mga eskuwelahang gagamitin sa pilot testing para masiguro ang social distancing, sapat na tubig, gamot at iba pa.",[],{}
"Sa inaprubahang panukala, babawasan o gagawing zero ang excise taxes sa diesel, kerosene at liquefied petroleum products sa zero gayundin ang excise taxes sa low octane gasoline na ginagamit ng mga tricycle driver habang mananatili ang premium gasoline.","Sa inaprubahang panukala, babawasan o gagawing zero ang excise taxes sa diesel, kerosene at liquefied petroleum products sa zero gayundin ang excise taxes sa low octane gasoline na ginagamit ng mga tricycle driver habang mananatili ang premium gasoline.","Sa inaprubahang panukala, babawasan o gagawing zero ang excise taxes sa diesel, kerosene at liquefied petroleum products sa zero gayundin ang excise taxes sa low ocean gasoline na ginagamit ng mga tricycle driver habang mananatili ang premium gasoline.",['octane'],"{'octane': ['butane', 'crane', 'ocean', 'octa', 'outage']}"
Maraming nagpantasya sa aktres na ito dahil sa ganda at mahusay pang umarte.,Maraming nagpantasya sa aktres na ito dahil sa ganda at mahusay pang umarte.,Maraming nagpataya sa aktres na ito dahil sa ganda at mahusay pang umarte.,['nagpantasya'],"{'nagpantasya': ['nagpantay', 'nagpapasya', 'nagpataya', 'magpantay', 'magpapasya']}"
"Bumalik ako sa pagiging estudyante ng buhay, pag-amin ng actor.","Bumalik ako sa pagiging estudyante ng buhay, pag-amin ng actor.","Bumalik ako sa pagiging estudyante ng buhay, pag-amin ng actor.",[],{}
"Mula Agosto 2 hanggang 8, sinabi ni Health Undersecretary Maria Rosario Vergeire, na may average na 8,829 na bagong mga kaso ang naitatala bawat araw.","Mula Agosto 2 hanggang 8, sinabi ni Health Undersecretary Maria Rosario Vergeire, na may average na 8,829 na bagong mga kaso ang naitatala bawat araw.","Mula Agosto d hanggang d, sinabi ni Health Undersecretary maia Rosario Vergeire, na may average na d,aal na bagong mga kaso ang naitatala bawat araw.","['2', '8', 'Maria', '8', '829']","{'2': ['b', 'c', 'd', 'e', 'f'], '8': ['b', 'c', 'd', 'e', 'f'], 'Maria': ['aria', 'mafia', 'maia', 'mara', 'mari'], '829': ['p25', 'aag', 'aal', 'aam', 'aat']}"
Wala namang perpektong relasyon.,Wala namang perpektong relasyon.,Wala namang perpektong relasyon.,[],{}
Di ko nga rin po alam eh.,Di ko nga rin po alam eh.,Di ko nga rin po alam eh.,[],{}
"Sakop ng panukala ang lahat ng pampubliko at pribadong institusyong pang-edukasyon kabilang ang mga paaralang elementarya at sekondarya, post-secondary technical-vocational institutes, at higher educational institutions.","Sakop ng panukala ang lahat ng pampubliko at pribadong institusyong pang-edukasyon kabilang ang mga paaralang elementarya at sekondarya, post-secondary technical-vocational institutes, at higher educational institutions.","Sakop ng panukala ang lahat ng pampubliko at pribadong institusyong pang-edukasyon kabilang ang mga paaralang elementarya at sekondarya, post-secondary technical-vocational institutes, at higher educational institutions.",[],{}
"At sayo 2020 thank you lahat ng tinuro mo sa amin, sa lahat ng sakit na binigay mo dahil sa lahat ng yun may bakas man, pero mas marami kaming natutunan..","At sayo 2020 thank you lahat ng tinuro mo sa amin, sa lahat ng sakit na binigay mo dahil sa lahat ng yun may bakas man, pero mas marami kaming natutunan..","At sayo aag thank you lahat ng itinuro mo sa amin, sa lahat ng sakit na binigay mo dahil sa lahat ng yun may bakas man, pero mas marami kaming natutunan..","['2020', 'tinuro']","{'2020': ['p25', 'aaba', 'aag', 'aako', 'aal'], 'tinuro': ['binuro', 'dinuro', 'itinuro', 'tinubo', 'tinugo']}"
"Kung may problema dahil sa pag-iingay o ano pa mang nakakaistorbo, dapat itong daanin ng magkakapitbahay sa magandang pakiusap.","Kung may problema dahil sa pag-iingay o ano pa mang nakakaistorbo, dapat itong daanin ng magkakapitbahay sa magandang pakiusap.","Kung may problema dahil sa pag-iingay o ano pa mang nakakaistorbo, dapat itong daanin ng magkakapitbahay sa magandang pakiusap.",[],{}
"Alitagtag, Batangas, Philippines ?? Kapwa nasawi ang kontraktor at kanyang live in partner nang sila ay pasukin at pagbabarilin sa loob ng kanilang bahay sa bayang ito.","Alitagtag, Batangas, Philippines ?? Kapwa nasawi ang kontraktor at kanyang live in partner nang sila ay pasukin at pagbabarilin sa loob ng kanilang bahay sa bayang ito.","alitaptap, Batangas, Philippines ?? Kapwa nasawi ang kontraktor at kanyang live in partner nang sila ay pasukin at pagbabarilin sa loob ng kanilang bahay sa bayang ito.",['Alitagtag'],"{'Alitagtag': ['alinagnag', 'alisagsag', 'alitaptap', 'aligaga', 'alimasag']}"
Idinagdag ng CA na dapat ipaubaya sa pagdinig ng korte ang tungkol sa usapin ng kredibilidad.,Idinagdag ng CA na dapat ipaubaya sa pagdinig ng korte ang tungkol sa usapin ng kredibilidad.,idinadag ng cab na dapat ipaubaya sa pagdinig ng korte ang tungkol sa usapin ng kredibilidad.,"['Irinagdag', 'CA']","{'Irinagdag': ['idinagdag', 'dinagdag', 'idinadag', 'alinagnag', 'binagbag'], 'CA': ['ba', 'c', 'cab', 'cal', 'cam']}"
Ang patent ay isang intellectual property na nagbibigay ng legal na karapatan sa owner o gumawa ng isang proyekto o produkto upang hindi ito magaya o magamit pa ng iba.,Ang patent ay isang intellectual property na nagbibigay ng legal na karapatan sa owner o gumawa ng isang proyekto o produkto upang hindi ito magaya o magamit pa ng iba.,Ang patena ay isang intellectual property na nagbibigay ng legal na karapatan sa owner o gumawa ng isang proyekto o produkto upang hindi ito magaya o magamit pa ng iba.,['patent'],"{'patent': ['parent', 'paten;', 'patena', 'patente', 'patient']}"
Magkaibigan pa rin naman kami.,Magkaibigan pa rin naman kami.,Magkaibigan pa rin naman kami.,[],{}
"But anyway, parang hindi mo na ngayong puwedeng sabihing ingat dahil sabi nga ni Ivana, sobra-sobra silang nag-iingat pero iba talaga ang bagsik ng Omicron.","But anyway, parang hindi mo na ngayong puwedeng sabihing ingat dahil sabi nga ni Ivana, sobra-sobra silang nag-iingat pero iba talaga ang bagsik ng Omicron.","But anay, parang hindi mo na ngayong puwedeng sabihing ingat dahil sabi nga ni bana, sobra-sobra silang nag-iingat pero iba talaga ang bagsik ng Omicron.","['anyway', 'Ivana']","{'anyway': ['anyay', 'aaway', 'anay', 'anilay', 'aniyay'], 'Ivana': ['ikana', 'asana', 'bana', 'diana', 'diyana']}"
Kanya rin pinagdiinan na sinumang kandidato na magbabayad ng PTW o ng PTC sa mga CPP-NPA-NDF at mga front organizations nito ay mananagot sa malaking pagkakasala sa taumbayan dahil labag ito sa Saligang Batas.,Kanya rin pinagdiinan na sinumang kandidato na magbabayad ng PTW o ng PTC sa mga CPP-NPA-NDF at mga front organizations nito ay mananagot sa malaking pagkakasala sa taumbayan dahil labag ito sa Saligang Batas.,Kanya rin ipinagdiinang na sinumang kandidato na magbabayad ng aaw o ng ptv sa mga cop-na-abf at mga front organizations nito ay mananagot sa malaking pagkakasala sa taumbayan dahil labag ito sa Saligang Batas.,"['pinagdiinan', 'PTW', 'PTC', 'CPP', 'NPA', 'NDF']","{'pinagdiinan': ['ipinagdiinan', 'ipagdiinan', 'ipinagdiinang', 'pinagbilinan', 'pinagbitinan'], 'PTW': ['paw', 'ptv', 'aaw', 'apaw', 'apt'], 'PTC': ['etc', 'pic', 'ptv', 'apt', 'at'], 'CPP': ['app', 'cap', 'cop', 'cup', 'ap'], 'NPA': ['apa', 'ipa', 'na', 'naa', 'napa'], 'NDF': ['ngf', 'ntf', 'abf', 'ad', 'ada']}"
"Ang sweet nilang dalawa sa mga litrato, at ang pinakabombang pasabog ay ang video na kung saan parang nagpu-propose itong si guwapong aktor kay mayamang bading.","Ang sweet nilang dalawa sa mga litrato, at ang pinakabombang pasabog ay ang video na kung saan parang nagpu-propose itong si guwapong aktor kay mayamang bading.","Ang sweet nilang dalawa sa mga litrato, at ang pinakabatang pasabog ay ang video na kung saan parang nagku-promos itong si guwapong aktor kay mayamang bading.","['pinakabombang', 'nagpu', 'propose']","{'pinakabombang': ['pinabababang', 'pinagkaloobang', 'pinakabatang', 'pinakabonggang', 'pinakakambong'], 'nagpu': ['magpu', 'nagdu', 'nagku', 'nagmu', 'nagpa'], 'propose': ['proposed', 'promise', 'promos', 'promote', 'propesa']}"
"Matapos ang libing, nagbigay ng mensahe ang dating First Lady na si Amelita upang pasalamatan ang mga nakidalamhati at nagpakita ng suporta sa kanilang pagdadalamhati.","Matapos ang libing, nagbigay ng mensahe ang dating First Lady na si Amelita upang pasalamatan ang mga nakidalamhati at nagpakita ng suporta sa kanilang pagdadalamhati.","Matapos ang libing, nagbigay ng mensahe ang dating First Lady na si milita upang pasalamatan ang mga nakidalamhati at nagpakita ng suporta sa kanilang pagdadalamhati.",['Amelita'],"{'Amelita': ['mamalita', 'mesita', 'milita', 'namalita', 'aalila']}"
"Tinawag ni De Guzman na ""home court"" ni Bongbong ang SMNI lalo nat una nang inendorso ni Quiboloy ang kandidatura ni BBM.","Tinawag ni De Guzman na ""home court"" ni Bongbong ang SMNI lalo nat una nang inendorso ni Quiboloy ang kandidatura ni BBM.","Tinawag ni De guguan na ""home court"" ni Bongbong ang SMNI lalo nat una nang inendorso ni Quiboloy ang kandidatura ni BBM.",['Guzman'],"{'Guzman': ['guman', 'gunman', 'guguan', 'gulaman', 'gumaan']}"
Sinabi ni Phoenix veteran guard Chris Paul na magpapatuloy sa kanyang pag-atake si Antetokounmpo sa hangaring maitabla ang kanyang koponan.,Sinabi ni Phoenix veteran guard Chris Paul na magpapatuloy sa kanyang pag-atake si Antetokounmpo sa hangaring maitabla ang kanyang koponan.,Sinabi ni phones veteran guard carts Paul na magpapatuloy sa kanyang pag-atake si antitoksinang sa hangaring maghabla ang kanyang koponan.,"['Phoenix', 'Chris', 'Antetokounmpo', 'maitabla']","{'Phoenix': ['helix', 'phone', 'phones', 'poesia', 'poonin'], 'Chris': ['cards', 'cars', 'carts', 'cers', 'chain'], 'Antetokounmpo': ['antitoksin', 'antitoksina', 'antitoksinang', 'antitoksing', 'antemano'], 'maitabla': ['magtabla', 'maitala', 'maghabla', 'magtala', 'mahabla']}"
"Manny umiiyak at nagmamakaawa ulit, dagdag pa niya.","Manny umiiyak at nagmamakaawa ulit, dagdag pa niya.","Manny umiiyak at nagmamakaawa ulit, dagdag pa niya.",[],{}
Kaya mananatili muna siya sa kanilang tahanan sa Palasyo ng Malakanyang at mabibigyan din ng pagkakataon ang Pangulo na magpahinga kaya sa susunod na linggo na lamang ang regular na public address nito.,Kaya mananatili muna siya sa kanilang tahanan sa Palasyo ng Malakanyang at mabibigyan din ng pagkakataon ang Pangulo na magpahinga kaya sa susunod na linggo na lamang ang regular na public address nito.,Kaya mananatili muna siya sa kanilang tahanan sa Palasyo ng magkanyang at mabibigyan din ng pagkakataon ang Pangulo na magpahinga kaya sa susunod na linggo na lamang ang regular na public address nito.,['Malakanyang'],"{'Malakanyang': ['lakanyang', 'magkakanyang', 'magkanyang', 'makakayang', 'malabanang']}"
"Sa inisyal na imbestigasyon, umamin ang suspek na isang alyas ??Rajav? ang nagbayad sa kaniya ng nasabing halaga para patayin ang dayuhang negosyante.","Sa inisyal na imbestigasyon, umamin ang suspek na isang alyas ??Rajav? ang nagbayad sa kaniya ng nasabing halaga para patayin ang dayuhang negosyante.","Sa inisyal na imbestigasyon, umamin ang suspek na isang alyas ??raka? ang nagbayad sa kaniya ng nasabing halaga para patayin ang dayuhang negosyante.",['Rajav'],"{'Rajav': ['raan', 'radar', 'raka', 'rama', 'ramay']}"
"Umabot na sa 591,796 ang mga ligtas na sa panganib simula nang mag-recover mula sa nakamamatay na sakit.","Umabot na sa 591,796 ang mga ligtas na sa panganib simula nang mag-recover mula sa nakamamatay na sakit.","Umabot na sa aam,aam ang mga ligtas na sa panganib simula nang mag-recover mula sa nakamamatay na sakit.","['591', '796']","{'591': ['aag', 'aal', 'aam', 'aat', 'aaw'], '796': ['aag', 'aal', 'aam', 'aat', 'aaw']}"
Kailangan din nilang sumailalim sa mandatory quarantine paglapag ng Korea.,Kailangan din nilang sumailalim sa mandatory quarantine paglapag ng Korea.,Kailangan din nilang sumailalim sa mandatory quarantine paglapag ng Korea.,[],{}
Ito ang lumabas sa resulta ng Kalye Survey para sa mga Pinoy na nagtatrabaho sa ibayong dagat matapos makuha ni Marcos ang 92.13.,Ito ang lumabas sa resulta ng Kalye Survey para sa mga Pinoy na nagtatrabaho sa ibayong dagat matapos makuha ni Marcos ang 92.13.,Ito ang lumabas sa resulta ng Kalye Survey para sa mga Pinoy na nagtatrabaho sa ibayong dagat matapos makuha ni Marcos ang ag.ad.,"['92', '13']","{'92': ['ab', 'ad', 'ag', 'ah', 'ak'], '13': ['p3', 'ab', 'ad', 'ag', 'ah']}"
"Sa report ng Misamis Oriental Provincial Police Office (PPO), ang nasabing mga pulis ay mula sa Police Regional Office (PRO) 10 na galing ng Cagayan de Oro City na patungo sana ng Iligan City para sa isang training nang mangyari ang malagim na trahedya.","Sa report ng Misamis Oriental Provincial Police Office (PPO), ang nasabing mga pulis ay mula sa Police Regional Office (PRO) 10 na galing ng Cagayan de Oro City na patungo sana ng Iligan City para sa isang training nang mangyari ang malagim na trahedya.","Sa report ng Misamis Oriental Provincial Police Office (pao), ang nasabing mga pulis ay mula sa Police Regional Office (PRO) ag na galing ng Cagayan de Oro City na patungo sana ng iliban City para sa isang training nang mangyari ang malagim na trahedya.","['PPO', '10', 'Iligan']","{'PPO': ['apo', 'ipo', 'pao', 'po', 'ppm'], '10': ['ab', 'ad', 'ag', 'ah', 'ak'], 'Iligan': ['ibigan', 'ilagan', 'iliban', 'iligal', 'iligaw']}"
"Sa video naman, nagtutuksuhan ang grupo habang tila pumoporma si Ellen na hahalikan niya si Derek.","Sa video naman, nagtutuksuhan ang grupo habang tila pumoporma si Ellen na hahalikan niya si Derek.","Sa video naman, nagtutuksuhan ang grupo habang tila pumopormang si celled na hahalikan niya si dark.","['pumoporma', 'Ellen', 'Derek']","{'pumoporma': ['pumopormal', 'pumipirma', 'pumopormang', 'imporma', 'kumpirma'], 'Ellen': ['alien', 'alyen', 'celled', 'elena', 'eleven'], 'Derek': ['direk', 'darak', 'dark', 'deber', 'deck']}"
"Pero pare-pareho naman ang mga kuwento nila, iisa lang, kaya maniniwala ka na rin!","Pero pare-pareho naman ang mga kuwento nila, iisa lang, kaya maniniwala ka na rin!","Pero pare-pareho naman ang mga kuwento nila, iisa lang, kaya maniniwala ka na rin!",[],{}
"Eh kung masungit, siyempre minus factor dahil sasabihin, ??ayoko niyan, suplado ang endorser??, wala nang benta.","Eh kung masungit, siyempre minus factor dahil sasabihin, ??ayoko niyan, suplado ang endorser??, wala nang benta.","Eh kung masungit, siyempre minus factor dahil sasabihin, ??ayoko niyan, suplado ang endorser??, wala nang benta.",[],{}
"Ikinabahala ng isang senador ang sinasapit ng ilang informal settlers matapos i-demolish sa mga lungsod ?? may tirahan man kasi, daratnan naman daw nilang walang linya ng kuryente, tubig o access sa transportasyon ang mga relokasyon ng gobyerno.","Ikinabahala ng isang senador ang sinasapit ng ilang informal settlers matapos i-demolish sa mga lungsod ?? may tirahan man kasi, daratnan naman daw nilang walang linya ng kuryente, tubig o access sa transportasyon ang mga relokasyon ng gobyerno.","Ikinabahala ng isang senador ang sinasapit ng ilang informal settlers matapos i-demolish sa mga lungsod ?? may tirahan man kasi, daratnan naman daw nilang walang linya ng kuryente, tubig o access sa transportasyon ang mga relokasyon ng gobyerno.",[],{}
"Para naman maiba kasi kung tayo nga, nahihirapan na lagi lang nakakulong sa bahay, ang dami nang nagkakaroon ng anxiety or depression. Ito 'yung way namin kung paano ibe-break 'yon.","Para naman maiba kasi kung tayo nga, nahihirapan na lagi lang nakakulong sa bahay, ang dami nang nagkakaroon ng anxiety or depression. Ito 'yung way namin kung paano ibe-break 'yon.","Para naman maiba kasi kung tayo nga, nahihirapan na lagi lang nakakulong sa bahay, ang dami nang nagkakaroon ng anxiety or depression. Ito 'yung way namin kung paano iba-break 'yon.",['ibe'],"{'ibe': ['be', 'bibe', 'iba', 'ibi', 'ibo']}"
Kasi sa pag-aartista hindi naman ako kumakanta lang don eh.,Kasi sa pag-aartista hindi naman ako kumakanta lang don eh.,Kasi sa pag-aartista hindi naman ako kumakanta lang don eh.,[],{}
Initially hindi namin tinry siguro kasi nga ang layo tapos ang gastos kung magkikita kami palagi.,Initially hindi namin tinry siguro kasi nga ang layo tapos ang gastos kung magkikita kami palagi.,digitally hindi namin hinay siguro kasi nga ang layo tapos ang gastos kung magkikita kami palagi.,"['Initially', 'tinry']","{'Initially': ['initial', 'critically', 'digitally', 'iniaalay', 'inialay'], 'tinry': ['binay', 'diary', 'hinay', 'linay', 'pinoy']}"
Nagtala ng libreng panalo ang Cavitex (1-1) at NorthPort (1-1) nang hindi payagang maglaro ang Pioneer Pro Tibay dahil hindi nakakuha ng medical clearance sa Games and Amusements Board.,Nagtala ng libreng panalo ang Cavitex (1-1) at NorthPort (1-1) nang hindi payagang maglaro ang Pioneer Pro Tibay dahil hindi nakakuha ng medical clearance sa Games and Amusements Board.,Nagtala ng libreng panalo ang balite (d-d) at northward (d-d) nang hindi payagang maglaro ang Pioneer Pro Tibay dahil hindi nakakuha ng medical clearance sa Games and agreements Board.,"['Cavitex', '1', '1', 'NorthPort', '1', '1', 'Amusements']","{'Cavitex': ['cavite', 'cavity', 'balite', 'cabinet', 'caliber'], '1': ['b', 'c', 'd', 'e', 'f'], 'NorthPort': ['northeast', 'northern', 'northward', 'northwest', 'airport'], 'Amusements': ['amusement', 'adjustments', 'agreements', 'amendments', 'movements']}"
Alam mo ba Salve kung bakit mahigpit ang mga Korean team sa security ng mga artista nila pag nasa ibang bansa?,Alam mo ba Salve kung bakit mahigpit ang mga Korean team sa security ng mga artista nila pag nasa ibang bansa?,Alam mo ba salvo kung bakit mahigpit ang mga Korean team sa security ng mga artista nila pag nasa ibang bansa?,['Salve'],"{'Salve': ['sale', 'salfe', 'salvo', 'solve', 'valve']}"
"Kaunting bilang na lang ng mga heneral at colonels ang hinihintay upang makumpleto ang bilang ng mga 3rd Level Officers na pinagsusumite ng courtesy resignations ni Interior and Local Government Secretary Benhur Abalos, Jr.","Kaunting bilang na lang ng mga heneral at colonels ang hinihintay upang makumpleto ang bilang ng mga 3rd Level Officers na pinagsusumite ng courtesy resignations ni Interior and Local Government Secretary Benhur Abalos, Jr.","Kaunting bilang na lang ng mga heneral at colonels ang hinihintay upang makumpleto ang bilang ng mga aid Level Officers na pinagsusumite ng courtesy resignations ni Interior and Local Government Secretary Benhur Abalos, Jr.",['3rd'],"{'3rd': ['ad', 'add', 'aid', 'amd', 'and']}"
Walang project na nagsama ang kontroberysal na aktor at ang so-so actor kaya hindi sila magkaibigan.,Walang project na nagsama ang kontroberysal na aktor at ang so-so actor kaya hindi sila magkaibigan.,Walang project na nagsama ang kontrobersya na aktor at ang so-so actor kaya hindi sila magkaibigan.,['kontroberysal'],"{'kontroberysal': ['kontrobersyal', 'kontrobersiyal', 'kontrobersya', 'kontobersiyal', 'kontrobersiya']}"
"Gayunman, tinitingnan pa rin ang ibang posibleng pinagmulan ng apoy tulad ng problema sa electrical wiring.","Gayunman, tinitingnan pa rin ang ibang posibleng pinagmulan ng apoy tulad ng problema sa electrical wiring.","Gayunman, tinitingnan pa rin ang ibang posibleng pinagmulan ng apoy tulad ng problema sa electrical wiring.",[],{}
"Ayon sa ulat ng Pitogo Municipal Police Station, kumukuha ng tubig na pampaligo ang biktima nang madulas ito at mahulog sa balon nitong Martes sa Barangay Soliyao.","Ayon sa ulat ng Pitogo Municipal Police Station, kumukuha ng tubig na pampaligo ang biktima nang madulas ito at mahulog sa balon nitong Martes sa Barangay Soliyao.","Ayon sa ulat ng itodo Municipal Police Station, kumukuha ng tubig na pampaligo ang biktima nang marulas ito at mahulog sa balon nitong Martes sa Barangay biliya.","['Pitogo', 'Soliyao']","{'Pitogo': ['epilogo', 'itago', 'itodo', 'itono', 'nitog'], 'Soliyao': ['salimao', 'solido', 'biliya', 'bolilyo', 'bolitas']}"
"Wala, walang ganun kasi sabi niya nag-away si Barbie at saka si Diego sa isang hotel room sa Tagaytay.","Wala, walang ganun kasi sabi niya nag-away si Barbie at saka si Diego sa isang hotel room sa Tagaytay.","Wala, walang ganun kasi sabi niya nag-away si Barbie at saka si dedo sa isang hotel room sa Tagaytay.",['Diego'],"{'Diego': ['bigo', 'bingo', 'dedo', 'demo', 'deo']}"
Subukan natin isabay.,Subukan natin isabay.,Subukan natin isabay.,[],{}
Pahayag ito ng lokal na pamahalaan ng Oriental Mindoro matapos mag-positibo sa COVID-19 si Sinas.,Pahayag ito ng lokal na pamahalaan ng Oriental Mindoro matapos mag-positibo sa COVID-19 si Sinas.,Pahayag ito ng lokal na pamahalaan ng Oriental Mindoro matapos mag-positibo sa COVID-ag si pinas.,"['19', 'Sinas']","{'19': ['ab', 'ad', 'ag', 'ah', 'ak'], 'Sinas': ['hinas', 'linas', 'pinas', 'sina', 'sinag']}"
"Huwag ninyong isipin iyong isang prangkisa lang, ang isipin ninyo ay ang industriya sa kabuuan noon.","Huwag ninyong isipin iyong isang prangkisa lang, ang isipin ninyo ay ang industriya sa kabuuan noon.","Huwag ninyong isipin iyong isang prangkisa lang, ang isipin ninyo ay ang industriya sa kabuuan noon.",[],{}
Palagi kong sinasabi na huwag tayong maging kumpyansa.,Palagi kong sinasabi na huwag tayong maging kumpyansa.,Palagi kong sinasabi na huwag tayong maging kumpyansa.,[],{}
Nadakip ng mga awtoridad ang walong drug suspects sa ginawa nilang pagsalakay sa isang drug den sa Brgy.,Nadakip ng mga awtoridad ang walong drug suspects sa ginawa nilang pagsalakay sa isang drug den sa Brgy.,dinarakip ng mga awtoridad ang walong drug suspects sa ginawa nilang pagsalakay sa isang drug den sa Brgy.,['Narakip'],"{'Narakip': ['nadakip', 'dadakip', 'dinarakip', 'kalakip', 'madakip']}"
"Nakikita natin pataas nang pataas, ani David.","Nakikita natin pataas nang pataas, ani David.","Nakikita natin pataas nang pataas, ani aid.",['David'],"{'David': ['avid', 'acid', 'aid', 'amid', 'apid']}"
Mabuti na lang at kapiraso lang ng jacket na suot niya ang nahagip ng ngipin ng baboy ramo.,Mabuti na lang at kapiraso lang ng jacket na suot niya ang nahagip ng ngipin ng baboy ramo.,Mabuti na lang at kapiraso lang ng jacket na suot niya ang nahagip ng ngipin ng baboy ramo.,[],{}
"Pero ang gusto sana ng aktor ay makabalik siya sa sitcom, lalo nat maganda at nagri-rate ang mga sitcom ng Kapuso network.","Pero ang gusto sana ng aktor ay makabalik siya sa sitcom, lalo nat maganda at nagri-rate ang mga sitcom ng Kapuso network.","Pero ang gusto sana ng aktor ay makabalik siya sa sitcom, lalo nat maganda at nagbi-rate ang mga sitcom ng abuso network.","['nagri', 'Kapuso']","{'nagri': ['agri', 'naari', 'nagbi', 'nagdi', 'naggi'], 'Kapuso': ['kapus', 'aabuso', 'abuso', 'baruso', 'isapuso']}"
Lumitaw sa imbestigasyon na ang mga naaresto nila ay mga tauhan pala ng Anti-organized Crime unit ng PNP-CIDG sa Camp Crame.,Lumitaw sa imbestigasyon na ang mga naaresto nila ay mga tauhan pala ng Anti-organized Crime unit ng PNP-CIDG sa Camp Crame.,Lumitaw sa imbestigasyon na ang mga naaresto nila ay mga tauhan pala ng Anti-organized Crime unit ng pdp-acids sa Camp crime.,"['PNP', 'CIDG', 'Crame']","{'PNP': ['lpnp', 'pap', 'pdp', 'pep', 'png'], 'CIDG': ['cing', 'acid', 'acids', 'aid', 'aide'], 'Crame': ['came', 'crane', 'crime', 'frame', 'arabe']}"
Gumamit ang nasabing suspek ng pekeng account ng lalaking Australian kung saan ay naakit ang biktima na magpadala ng mahahalay niyang larawan na naging daan upang siya ay i-blackmail at takuting ipapakalat ang mga larawan nito kung di magbibigay ng pera.,Gumamit ang nasabing suspek ng pekeng account ng lalaking Australian kung saan ay naakit ang biktima na magpadala ng mahahalay niyang larawan na naging daan upang siya ay i-blackmail at takuting ipapakalat ang mga larawan nito kung di magbibigay ng pera.,Gumamit ang nasabing suspek ng pekeng account ng lalaking mustrahan kung saan ay naakit ang biktima na magpadala ng mahahalay niyang larawan na naging daan upang siya ay i-blackmail at takuting ipapakalat ang mga larawan nito kung di magbibigay ng pera.,['Australian'],"{'Australian': ['australiano', 'australianong', 'mustrahan', 'aaaralan', 'aaralan']}"
"Mahusay rin naman si Ruru, kaya for sure swak ang acting scenes nila sa Lolong.","Mahusay rin naman si Ruru, kaya for sure swak ang acting scenes nila sa Lolong.","Mahusay rin naman si aruro, kaya for sure swak ang acting byenes nila sa Lolong.","['Ruru', 'scenes']","{'Ruru': ['kuru', 'turu', 'aruro', 'aura', 'biru'], 'scenes': ['scene', 'bienes', 'byenes', 'genes', 'scenic']}"
"Base sa reklamong inihain laban kay Bustamante ng mga malalaking korporasyon ng negosyo, pinagmumura umano sila ni Bustamante at bukod ditoy sinisiraan sa kaniyang online radio program ang kanilang integridad.","Base sa reklamong inihain laban kay Bustamante ng mga malalaking korporasyon ng negosyo, pinagmumura umano sila ni Bustamante at bukod ditoy sinisiraan sa kaniyang online radio program ang kanilang integridad.","Base sa reklamong inihain laban kay bakante ng mga malalaking korporasyon ng negosyo, pinagmumura umano sila ni bakante at bukod ditoy sinisiraan sa kaniyang online radio program ang kanilang integridad.","['Bustamante', 'Bustamante']","{'Bustamante': ['kustante', 'automate', 'bakante', 'bastagan', 'bastagang']}"
New Carmen at hinihintay ang kanyangsasakyan nang dumating ang dalawang suspek na magkaangkas sa motorsiklo.,New Carmen at hinihintay ang kanyangsasakyan nang dumating ang dalawang suspek na magkaangkas sa motorsiklo.,New amen at hinihintay ang magsasakyan nang dumating ang dalawang suspek na magkaangkas sa motorsiklo.,"['Carmen', 'kanyangsasakyan']","{'Carmen': ['aamen', 'airmen', 'amen', 'armed', 'bargen'], 'kanyangsasakyan': ['nagsasakyan', 'kapanganakan', 'magsasakyan', 'magsasasakyan', 'nagsasakayan']}"
Araw-araw na napapanood ang aktres sa Eat Bulaga ng GMA 7 habang gabi-gabi namang sinusubaybayan ang binata sa Suntok sa Buwan ng TV5.,Araw-araw na napapanood ang aktres sa Eat Bulaga ng GMA 7 habang gabi-gabi namang sinusubaybayan ang binata sa Suntok sa Buwan ng TV5.,Araw-araw na napapanood ang aktres sa Eat bulagan ng gia d habang gabi-gabi namang sinusubaybayan ang binata sa Suntok sa Buwan ng ive.,"['Bulaga', 'GMA', '7', 'TV5']","{'Bulaga': ['balaga', 'bulag', 'bulagan', 'bulagaw', 'bulagta'], 'GMA': ['ama', 'ga', 'gia', 'goma', 'gra'], '7': ['b', 'c', 'd', 'e', 'f'], 'TV5': ['tv', 'iva', 'ive', 'kv', 'lv']}"
Dinala ang biktima sa ospital pero hindi na siya umabot nang buhay.,Dinala ang biktima sa ospital pero hindi na siya umabot nang buhay.,Dinala ang biktima sa ospital pero hindi na siya umabot nang buhay.,[],{}
"Iyan ay dahil sa katotohanang kahit siya ay isang congresswoman sa ngayon, hindi maikakailang siyam na taon siyang mayor ng Lipa, at siyam na taon ding governor ng Batangas kaya ang tingin ng mga LGU isa pa rin siya sa kanila.","Iyan ay dahil sa katotohanang kahit siya ay isang congresswoman sa ngayon, hindi maikakailang siyam na taon siyang mayor ng Lipa, at siyam na taon ding governor ng Batangas kaya ang tingin ng mga LGU isa pa rin siya sa kanila.","Iyan ay dahil sa katotohanang kahit siya ay isang congresswoman sa ngayon, hindi magkakabilang siyam na taon siyang mayor ng Lipa, at siyam na taon ding governor ng Batangas kaya ang tingin ng mga aga isa pa rin siya sa kanila.","['maikakailang', 'LGU']","{'maikakailang': ['magkakailang', 'ikakailang', 'magkakabilang', 'magkakaibang', 'magkakaisang'], 'LGU': ['lgus', 'ag', 'aga', 'age', 'ago']}"
Napapasaya niya ako.,Napapasaya niya ako.,napapalaya niya ako.,['Napapasaya'],"{'Napapasaya': ['nagpapasaya', 'napakasaya', 'napapalaya', 'napapasama', 'magpapasaya']}"
Talagang in-enjoy ni Yassi ang island life kung saan isa sa nga sa mga naging highlight ng pagbisita niya roon ay ang pag-attend niya sa bonggang surf camp.,Talagang in-enjoy ni Yassi ang island life kung saan isa sa nga sa mga naging highlight ng pagbisita niya roon ay ang pag-attend niya sa bonggang surf camp.,Talagang in-enjoy ni asst ang island life kung saan isa sa nga sa mga naging highlight ng pagbisita niya roon ay ang pag-attend niya sa bangbang surf camp.,"['Yassi', 'bonggang']","{'Yassi': ['asi', 'ass', 'asst', 'baisi', 'bansi'], 'bonggang': ['banggang', 'bangang', 'bangbang', 'banggaang', 'banggaing']}"
Tawa kami nang tawa kay prop.,Tawa kami nang tawa kay prop.,Tawa kami nang tawa kay pop.,['prop'],"{'prop': ['crop', 'drop', 'pop', 'prep', 'pro']}"
"To put it into context, if we breach that record, if we reach 10,000 or maybe even more, we might even reach 15,000 cases or so, dagdag ni David nang tanungin kung ano ang pinakagrabeng scenario na maaring mangyari.","To put it into context, if we breach that record, if we reach 10,000 or maybe even more, we might even reach 15,000 cases or so, dagdag ni David nang tanungin kung ano ang pinakagrabeng scenario na maaring mangyari.","To cut it into context, if we breach that record, if we each ag,aam or maybe even more, we might even each ag,aam cases or so, dagdag ni aid nang tanungin kung ano ang pinakagrabeng scenario na maaring mangyari.","['put', 'reach', '10', '000', 'reach', '15', '000', 'David']","{'put': ['aut', 'but', 'cut', 'hut', 'out'], 'reach': ['beach', 'breach', 'each', 'preach', 'react'], '10': ['ab', 'ad', 'ag', 'ah', 'ak'], '000': ['aag', 'aal', 'aam', 'aat', 'aaw'], '15': ['ab', 'ad', 'ag', 'ah', 'ak'], 'David': ['avid', 'acid', 'aid', 'amid', 'apid']}"
Dionardo Carlos sa mga magulang bunsod pa rin ng banta ng COVID- 19 virus.,Dionardo Carlos sa mga magulang bunsod pa rin ng banta ng COVID- 19 virus.,Dionardo cables sa mga magulang bunsod pa rin ng banta ng COVID- ag virus.,"['Carlos', '19']","{'Carlos': ['cargos', 'arkos', 'cables', 'calls', 'carats'], '19': ['ab', 'ad', 'ag', 'ah', 'ak']}"
Puro pa rin pink ang emojis na pinost ng followers ni Ogie Alcasid bilang reaksyon sa positibo nitong post gamit ang larawan ni VP Leni Robredo sa pagharap sa supporters nila ni Sen.,Puro pa rin pink ang emojis na pinost ng followers ni Ogie Alcasid bilang reaksyon sa positibo nitong post gamit ang larawan ni VP Leni Robredo sa pagharap sa supporters nila ni Sen.,Puro pa rin pink ang amos na pinost ng followers ni agit aasin bilang reaksyon sa positibo nitong post gamit ang larawan ni VP aani Robredo sa pagharap sa supporters nila ni Sen.,"['emojis', 'Ogie', 'Alcasid', 'Leni']","{'emojis': ['amis', 'amores', 'amos', 'demolish', 'demos'], 'Ogie': ['age', 'agik', 'agit', 'agiw', 'die'], 'Alcasid': ['alamid', 'aasim', 'aasin', 'aasod', 'aawasin'], 'Leni': ['lend', 'lens', 'aani', 'aleng', 'ani']}"
"Aywan kung hindi sila naniniwala sa peligro ng buhay sa Taiwan, dahil marami ang nagsasabing mukhang pananakot lamang iyon ng China, hindi lang sa Taiwan kundi sa US din na sinasabi nilang nakikialam sa kanilang bansa.","Aywan kung hindi sila naniniwala sa peligro ng buhay sa Taiwan, dahil marami ang nagsasabing mukhang pananakot lamang iyon ng China, hindi lang sa Taiwan kundi sa US din na sinasabi nilang nakikialam sa kanilang bansa.","Aywan kung hindi sila naniniwala sa peligro ng buhay sa Taiwan, dahil marami ang nagsasabing mukhang pananakot lamang iyon ng China, hindi lang sa Taiwan kundi sa US din na sinasabi nilang nakikialam sa kanilang bansa.",[],{}
Kadalasang nababasura ang mga ganitong kaso dahilan na rin sa kawalan ng interes ng complainant.,Kadalasang nababasura ang mga ganitong kaso dahilan na rin sa kawalan ng interes ng complainant.,karahasang naibabasura ang mga ganitong kaso dahilan na rin sa kawalan ng interes ng complainant.,"['Karalasang', 'nababasura']","{'Karalasang': ['kadalasang', 'kamalasang', 'karahasang', 'karanasang', 'katalasang'], 'nababasura': ['mababasura', 'nagbabasura', 'naibabasura', 'ibabasura', 'ipababasura']}"
Kaya buong araw nagpipinta kami.,Kaya buong araw nagpipinta kami.,Kaya buong araw nagpipinta kami.,[],{}
"Hinatid ako kanina ng helicopter kaya lang maulan hindi na magamit, nag-by land ako tapos nag-segue ako rito sa restaurant para kumain, anang pangulo sa isang video call.","Hinatid ako kanina ng helicopter kaya lang maulan hindi na magamit, nag-by land ako tapos nag-segue ako rito sa restaurant para kumain, anang pangulo sa isang video call.","Hinatid ako kanina ng helicopter kaya lang maulan hindi na magamit, nag-by land ako tapos nag-league ako rito sa restaurant para kumain, anang pangulo sa isang video call.",['segue'],"{'segue': ['segun', 'dengue', 'league', 'pigue', 'qeue']}"
"Sa mga naunang post, nagpapahiwatig na ang dalawa sa positibong nangyayari sa kanilang relasyon habang nasa bakasyon.","Sa mga naunang post, nagpapahiwatig na ang dalawa sa positibong nangyayari sa kanilang relasyon habang nasa bakasyon.","Sa mga naunang post, nagpapahiwatig na ang dalawa sa positibong nangyayari sa kanilang relasyon habang nasa bakasyon.",[],{}
Maliban kay Bantag ay kasama rin sa inisyuhan ng subpoena sina S/Supt.,Maliban kay Bantag ay kasama rin sa inisyuhan ng subpoena sina S/Supt.,Maliban kay bangag ay kasama rin sa inisyuhan ng subpoena sina S/suot.,"['Bantag', 'Supt']","{'Bantag': ['banaag', 'banag', 'bangag', 'banlag', 'bansag'], 'Supt': ['suat', 'suit', 'suot', 'supa', 'supot']}"
"Kapag panahon po ng bilihan sa storage ang gagawin po niya, bibilhin niya po ang lahat ng laman nung nasa storage.Pag.","Kapag panahon po ng bilihan sa storage ang gagawin po niya, bibilhin niya po ang lahat ng laman nung nasa storage.Pag.","Kapag panahon po ng bilihan sa storage ang gagawin po niya, bibilhin niya po ang lahat ng laman nung nasa storage.Pag.",[],{}
"Kasama rin aniya sa libreng ibibigay ng pamahalaan ang mga bakuna laban sa cholera, tigdas at polio.","Kasama rin aniya sa libreng ibibigay ng pamahalaan ang mga bakuna laban sa cholera, tigdas at polio.","Kasama rin aniya sa libreng ibibigay ng pamahalaan ang mga bakuna laban sa cholera, tigdas at polio.",[],{}
"Aniya, hindi lamang mga bultuhan ang dapat nainooperateat tinututukan ng mga pulis kundi ang mga ??tulak?? sa barangay na siyang nagpapakalat o nagbebenta na ng mga ito.","Aniya, hindi lamang mga bultuhan ang dapat nainooperateat tinututukan ng mga pulis kundi ang mga ??tulak?? sa barangay na siyang nagpapakalat o nagbebenta na ng mga ito.","Aniya, hindi lamang mga balatuhan ang dapat cooperate tinututukan ng mga pulis kundi ang mga ??tulak?? sa barangay na siyang nagpapakalat o nagbebenta na ng mga ito.","['bultuhan', 'nainooperateat']","{'bultuhan': ['bultuhang', 'butuhan', 'balatuhan', 'batuhan', 'beluhan'], 'nainooperateat': ['inooperate', 'nagooperate', 'cooperate', 'inoopera', 'inooperang']}"
Hinikayat din ng DBM ang publiko na i-report ang mga katulad na kaso at iba pang mga ilegal na aktibidad sa pamamagitan ng pagtawag sa (02) 865-7-3300.,Hinikayat din ng DBM ang publiko na i-report ang mga katulad na kaso at iba pang mga ilegal na aktibidad sa pamamagitan ng pagtawag sa (02) 865-7-3300.,Hinikayat din ng dim ang publiko na i-report ang mga katulad na kaso at iba pang mga ilegal na aktibidad sa pamamagitan ng pagtawag sa (ag) aag-d-aag.,"['DBM', '02', '865', '7', '3300']","{'DBM': ['bbm', 'dam', 'dim', 'dom', 'aam'], '02': ['ab', 'ad', 'ag', 'ah', 'ak'], '865': ['p25', 'p75', 'aag', 'aal', 'aam'], '7': ['b', 'c', 'd', 'e', 'f'], '3300': ['p3', 'aaba', 'aag', 'aako', 'aal']}"
"Paulit-ulit kaming tine-text ni SOS, hinayang na hinayang ang aming anak-anakan sa nangyari, Sobrang nakapanghihinayang po talaga ang project ni Sharon kasama ang Hollywood icon of icons na si Spielberg.","Paulit-ulit kaming tine-text ni SOS, hinayang na hinayang ang aming anak-anakan sa nangyari, Sobrang nakapanghihinayang po talaga ang project ni Sharon kasama ang Hollywood icon of icons na si Spielberg.","Paulit-ulit kaming tine-text ni gos, hinayang na hinayang ang aming anak-anakan sa nangyari, Sobrang nakapanghihinayang po talaga ang project ni hapon kasama ang hollow icon of icons na si polbera.","['SOS', 'Sharon', 'Hollywood', 'Spielberg']","{'SOS': ['cos', 'dos', 'gos', 'los', 'os'], 'Sharon': ['baron', 'hamon', 'hapon', 'haro', 'harok'], 'Hollywood': ['plywood', 'followed', 'hollow', 'honeymoon', 'allowed'], 'Spielberg': ['aspileng', 'iceberg', 'polbera', 'pulbera', 'seleri']}"
"Hindi naman naaalis ang mga ganung struggle sa relasyon at ayon sa nasasagap namin, napapadalas ang kanilang away, pero ang ending pa rin ay nananaig ang pagmamahalan sa isat isa.","Hindi naman naaalis ang mga ganung struggle sa relasyon at ayon sa nasasagap namin, napapadalas ang kanilang away, pero ang ending pa rin ay nananaig ang pagmamahalan sa isat isa.","Hindi naman naaalis ang mga ganung struggle sa relasyon at ayon sa nasasagap namin, napapadalas ang kanilang away, pero ang ending pa rin ay nananaig ang pagmamahalan sa isat isa.",[],{}
"Nabatid na umabot sa 51 motorista ang natiketan sa unang araw ng pagpapatupad ng number coding kung saan, binayaran ni MMDA Chairman Benhur Abalos ang multa ng mga ito.","Nabatid na umabot sa 51 motorista ang natiketan sa unang araw ng pagpapatupad ng number coding kung saan, binayaran ni MMDA Chairman Benhur Abalos ang multa ng mga ito.","Nabatid na umabot sa ag motorista ang tiketan sa unang araw ng pagpapatupad ng number coding kung saan, binayaran ni MMDA Chairman Benhur Abalos ang multa ng mga ito.","['51', 'natiketan']","{'51': ['ab', 'ad', 'ag', 'ah', 'ak'], 'natiketan': ['nadikitan', 'natikman', 'tiketan', 'titiketan', 'batikan']}"
Iginiit ni Tugade na hindi dapat idinaraan sa ??shortcut?? ang pagkuha ng drivers license at ang pagpaparehistro ng sasakyan dahil buhay ang malalagay sa panganib kung hindi susunod sa tamang proseso.,Iginiit ni Tugade na hindi dapat idinaraan sa ??shortcut?? ang pagkuha ng drivers license at ang pagpaparehistro ng sasakyan dahil buhay ang malalagay sa panganib kung hindi susunod sa tamang proseso.,Iginiit ni trade na hindi dapat idinadaan sa ??shortcut?? ang pagkuha ng drivers license at ang pagpaparehistro ng sasakyan dahil buhay ang malalagay sa panganib kung hindi susunod sa tamang proseso.,"['Tugade', 'irinaraan']","{'Tugade': ['pugad', 'tirade', 'trade', 'tuga', 'tugak'], 'irinaraan': ['idinaraan', 'ginaraan', 'idinadaan', 'ipinadaan', 'irinaraos']}"
Si Villar ay inendorso rin ni Mayor Inday Sara Duterte bilang bahagi ng kanyang senatorial slate para sa 2022 elections nitong nakaraang linggo.,Si Villar ay inendorso rin ni Mayor Inday Sara Duterte bilang bahagi ng kanyang senatorial slate para sa 2022 elections nitong nakaraang linggo.,Si villas ay inendorso rin ni Mayor Inday Sara suwerte bilang bahagi ng kanyang senatorial slate para sa aag elections nitong nakaraang linggo.,"['Villar', 'Duterte', '2022']","{'Villar': ['pillar', 'villa', 'villas', 'bilyar', 'collar'], 'Duterte': ['butete', 'puwerte', 'suwerte', 'terte', 'bunete'], '2022': ['p25', 'aaba', 'aag', 'aako', 'aal']}"
Nauna nang sinabi ni Robin na hindi maiibigay ng pulitika ang kinikita niya sa pulitika.,Nauna nang sinabi ni Robin na hindi maiibigay ng pulitika ang kinikita niya sa pulitika.,Nauna nang sinabi ni bobina na hindi maiibigay ng pulitika ang kinikita niya sa pulitika.,['Robin'],"{'Robin': ['babin', 'bin', 'bobina', 'cabin', 'coin']}"
"Matatandaan na gustong bumili ng sariling bakuna ang lalawigan ng Cavite pero ayon sa kanyang Facebook account, walang magawa ang Local Government Unit (LGU) dahil pinipigilan silang pumili ng gusto nilang bakuna para sa lalawigan.","Matatandaan na gustong bumili ng sariling bakuna ang lalawigan ng Cavite pero ayon sa kanyang Facebook account, walang magawa ang Local Government Unit (LGU) dahil pinipigilan silang pumili ng gusto nilang bakuna para sa lalawigan.","Matatandaan na gustong bumili ng sariling bakuna ang lalawigan ng Cavite pero ayon sa kanyang Facebook account, walang magawa ang Local Government Unit (aga) dahil pinipigilan silang pumili ng gusto nilang bakuna para sa lalawigan.",['LGU'],"{'LGU': ['lgus', 'ag', 'aga', 'age', 'ago']}"
"For me, yung time na yun na magkasama kami, sana yun yung time na okay lahat, dun lahat gagawin kung ano yung ipu-prove,? aniya sa virtual media conference ng Goodbye Girl kung saan bida siya sa The Other Girl episode, bilang kabit ng isang may-asawa.","For me, yung time na yun na magkasama kami, sana yun yung time na okay lahat, dun lahat gagawin kung ano yung ipu-prove,? aniya sa virtual media conference ng Goodbye Girl kung saan bida siya sa The Other Girl episode, bilang kabit ng isang may-asawa.","For me, yung time na yun na magkasama kami, sana yun yung time na okay lahat, dun lahat gagawin kung ano yung ipu-prove,? aniya sa virtual media conference ng Goodbye Girl kung saan bida siya sa The Other Girl episode, bilang kabit ng isang may-asawa.",[],{}
Buong kababaang-loob na sinabi ni Juan na hindi siya ang Kristo kundi isa lamang siyang sugo para mauna sa Kaniya--walang iba kundi si Hesus.,Buong kababaang-loob na sinabi ni Juan na hindi siya ang Kristo kundi isa lamang siyang sugo para mauna sa Kaniya--walang iba kundi si Hesus.,Buong kababaang-loob na sinabi ni aban na hindi siya ang bisto kundi isa lamang siyang sugo para mauna sa Kaniya--walang iba kundi si chess.,"['Juan', 'Kristo', 'Hesus']","{'Juan': ['tuan', 'yuan', 'aban', 'agan', 'ahan'], 'Kristo': ['alisto', 'aresto', 'bisto', 'korista', 'krast'], 'Hesus': ['beses', 'census', 'chess', 'desks', 'deus']}"
"Ilan sa mga empleyado ng isang malapit na kainan, napansin nilang humihingi ng tulong ang mga nagtratrabaho sa laundry bago sumabog.","Ilan sa mga empleyado ng isang malapit na kainan, napansin nilang humihingi ng tulong ang mga nagtratrabaho sa laundry bago sumabog.","Ilan sa mga empleyado ng isang malapit na kainan, napansin nilang humihingi ng tulong ang mga nagtratrabaho sa laundry bago sumabog.",[],{}
"Sinasabi ng DOJ na naaresto si Miranda sa isang ""hot pursuit"" operation kahit na nahuli siya ilang linggo na ang nakakalipas mula sa krimen.","Sinasabi ng DOJ na naaresto si Miranda sa isang ""hot pursuit"" operation kahit na nahuli siya ilang linggo na ang nakakalipas mula sa krimen.","Sinasabi ng DOJ na naaresto si birada sa isang ""hot pursuit"" operation kahit na nahuli siya ilang linggo na ang nakakalipas mula sa krimen.",['Miranda'],"{'Miranda': ['baranda', 'beranda', 'birada', 'hinanda', 'ihanda']}"
Dito niya pinakita ang screenshot ng mga text ng ex na ngayon.,Dito niya pinakita ang screenshot ng mga text ng ex na ngayon.,Dito niya pinakita ang screenshot ng mga text ng ex na ngayon.,[],{}
Nakapag-down payment na raw sana siya sa isang beach front sa Boracay na sobrang mahal pero pinayuhan siya ng kanyang mga doktor na hindi siya puwedeng lumayo.,Nakapag-down payment na raw sana siya sa isang beach front sa Boracay na sobrang mahal pero pinayuhan siya ng kanyang mga doktor na hindi siya puwedeng lumayo.,Nakapag-down payment na raw sana siya sa isang beach front sa babatay na sobrang mahal pero pinayuhan siya ng kanyang mga doktor na hindi siya puwedeng lumayo.,['Boracay'],"{'Boracay': ['babagay', 'babakay', 'babatay', 'bagay', 'bahay']}"
Nakapagpundar na ng bahay at sasakyan si Yassi.,Nakapagpundar na ng bahay at sasakyan si Yassi.,nakapagpaunlad na ng bahay at sasakyan si asst.,"['Nakapagpundar', 'Yassi']","{'Nakapagpundar': ['nakapaghanda', 'nakapaglunsad', 'nakapagpaunlad', 'makapaghanda', 'makapaglunsad'], 'Yassi': ['asi', 'ass', 'asst', 'baisi', 'bansi']}"
Ngunit paalala ng PPS at PIDSP na ang pagsusuot pa rin ng face mask habang nasa face-to-face classes ang pinakamabisang paraan laban sa pagkahawa ng virus lalo na sa mga bata na hindi pa nababakunahan.,Ngunit paalala ng PPS at PIDSP na ang pagsusuot pa rin ng face mask habang nasa face-to-face classes ang pinakamabisang paraan laban sa pagkahawa ng virus lalo na sa mga bata na hindi pa nababakunahan.,Ngunit paalala ng ops at kids na ang pagsusuot pa rin ng face mask habang nasa face-to-face classes ang pinakamabisang paraan laban sa pagkahawa ng virus lalo na sa mga bata na hindi pa nababakunahan.,"['PPS', 'PIDSP']","{'PPS': ['apps', 'epps', 'ops', 'pas', 'pcs'], 'PIDSP': ['aids', 'bids', 'kids', 'pads', 'pdp']}"
Literal na hinati sa gitna ang buong simbahan para mailagay ang nasa 86 piraso ng seismic isolator sa mga poste.,Literal na hinati sa gitna ang buong simbahan para mailagay ang nasa 86 piraso ng seismic isolator sa mga poste.,Literal na hinati sa gitna ang buong simbahan para mailagay ang nasa ag piraso ng seismic isolated sa mga poste.,"['86', 'isolator']","{'86': ['ab', 'ad', 'ag', 'ah', 'ak'], 'isolator': ['insulator', 'isolate', 'isolated', 'isolation', 'violator']}"
"Sa gitna nang pananakop ng Russia sa Ukraine, nilagdaan ni Pangulong Rodrigo Duterte ang isang Executive Order na magbibigay proteksyon sa mga refugees, stateless persons at mga asylum seekers na tatawaging ??persons of concern??","Sa gitna nang pananakop ng Russia sa Ukraine, nilagdaan ni Pangulong Rodrigo Duterte ang isang Executive Order na magbibigay proteksyon sa mga refugees, stateless persons at mga asylum seekers na tatawaging ??persons of concern??","Sa gitna nang pananakop ng bassic sa urine, nilagdaan ni Pangulong Rodrigo suwerte ang isang Executive Order na magbibigay proteksyon sa mga refugees, stateless persons at mga asylum seekers na tatawaging ??persons of concern??","['Russia', 'Ukraine', 'Duterte']","{'Russia': ['bussa', 'rustika', 'bassic', 'buhia', 'bulsa'], 'Ukraine': ['ukain', 'ukaing', 'urine', 'airline', 'akmain'], 'Duterte': ['butete', 'puwerte', 'suwerte', 'terte', 'bunete']}"
"'So uwi na lang kami ate, kasi baka 'pag um-attend naman tayo pagalitan tayo sa Eat Bulaga or Pag um-attend tayo papagalitan tayo ni Ate Joy, 'pag hindi naman tayo um-attend magagalit ang Eat Bulaga, uwi na lang kami, mag-absent na lang kami today,' patuloy niya.","'So uwi na lang kami ate, kasi baka 'pag um-attend naman tayo pagalitan tayo sa Eat Bulaga or Pag um-attend tayo papagalitan tayo ni Ate Joy, 'pag hindi naman tayo um-attend magagalit ang Eat Bulaga, uwi na lang kami, mag-absent na lang kami today,' patuloy niya.","'So uwi na lang kami ate, kasi baka 'pag um-attend naman tayo pagalitan tayo sa Eat bulagan or Pag um-attend tayo papapalitan tayo ni Ate job, 'pag hindi naman tayo um-attend magagalit ang Eat bulagan, uwi na lang kami, mag-absent na lang kami today,' patuloy niya.","['Bulaga', 'papagalitan', 'Joy', 'Bulaga']","{'Bulaga': ['balaga', 'bulag', 'bulagan', 'bulagaw', 'bulagta'], 'papagalitan': ['napagalitan', 'pagagalitan', 'papapalitan', 'papasalitan', 'kakagalitan'], 'Joy': ['boy', 'jay', 'job', 'koy', 'noy']}"
"Kung tuluy-tuloy ang suporta ng gobyerno at ng pribadong sektor ay may aasahan pang gold medal ang Pilipinas sa 2024 Olympic Games sa Paris, France.","Kung tuluy-tuloy ang suporta ng gobyerno at ng pribadong sektor ay may aasahan pang gold medal ang Pilipinas sa 2024 Olympic Games sa Paris, France.","Kung tuluy-tuloy ang suporta ng gobyerno at ng pribadong sektor ay may aasahan pang gold medal ang Pilipinas sa aag lampin Games sa Paris, arancel.","['2024', 'Olympic', 'France']","{'2024': ['p25', 'aaba', 'aag', 'aako', 'aal'], 'Olympic': ['olympics', 'lampik', 'lampin', 'limpi', 'limpik'], 'France': ['franche', 'rance', 'arancel', 'avance', 'brace']}"
Nagpaalala ang OCTA Research group sa mga indibidwal na nabigyan na ng unang dose ng COVID-19 vaccines na delikado pa rin sila na mahawa ng virus kung hindi mag-iingat kasunod ng naitalang bahagyang surge ng mga kaso sa Metro Manila nitong nakalipas na linggo.,Nagpaalala ang OCTA Research group sa mga indibidwal na nabigyan na ng unang dose ng COVID-19 vaccines na delikado pa rin sila na mahawa ng virus kung hindi mag-iingat kasunod ng naitalang bahagyang surge ng mga kaso sa Metro Manila nitong nakalipas na linggo.,Nagpaalala ang OCTA Research group sa mga indibidwal na nabigyan na ng unang dose ng COVID-ag vaccines na delikado pa rin sila na mahawa ng virus kung hindi mag-iingat kasunod ng naitalang bahagyang surge ng mga kaso sa Metro Manila nitong nakalipas na linggo.,['19'],"{'19': ['ab', 'ad', 'ag', 'ah', 'ak']}"
"Ang narinig namin, isang drama series adapted sa isang sikat na series sa ibang bansa ang gagawin niya na ididirek ni direk Erik Matti.","Ang narinig namin, isang drama series adapted sa isang sikat na series sa ibang bansa ang gagawin niya na ididirek ni direk Erik Matti.","Ang narinig namin, isang drama series adapted sa isang sikat na series sa ibang bansa ang gagawin niya na idinerek ni direk agik anti.","['iridirek', 'Erik', 'Matti']","{'iridirek': ['ididirek', 'direk', 'idinerek', 'itinirik', 'ititirik'], 'Erik': ['rik', 'adik', 'agik', 'alik', 'ari'], 'Matti': ['magti', 'patti', 'anti', 'ati', 'attig']}"
"Sa pahayag ng DBM nitong Biyernes, ang naturang pondo ay hinugot umano sa 2020 budget savings batay na rin sa Administrative Order No.","Sa pahayag ng DBM nitong Biyernes, ang naturang pondo ay hinugot umano sa 2020 budget savings batay na rin sa Administrative Order No.","Sa pahayag ng dim nitong Biyernes, ang naturang pondo ay hinugot umano sa aag budget savings batay na rin sa Administrative Order No.","['DBM', '2020']","{'DBM': ['bbm', 'dam', 'dim', 'dom', 'aam'], '2020': ['p25', 'aaba', 'aag', 'aako', 'aal']}"
"Naging maganda ang kapalaran ni Lian, nakapag-asawa siya ng binata at maayos ang buhay, si John Cabahug, kaya tahimik siya kasama ang mga anak kay Paolo sa Cebu kung saan andun ang negosyo ng pamilya ng kanyang bagong karelasyon.","Naging maganda ang kapalaran ni Lian, nakapag-asawa siya ng binata at maayos ang buhay, si John Cabahug, kaya tahimik siya kasama ang mga anak kay Paolo sa Cebu kung saan andun ang negosyo ng pamilya ng kanyang bagong karelasyon.","Naging maganda ang kapalaran ni Lian, nakapag-asawa siya ng binata at maayos ang buhay, si John nabahog, kaya tahimik siya kasama ang mga anak kay polo sa Cebu kung saan andun ang negosyo ng pamilya ng kanyang bagong karelasyon.","['Cabahug', 'Paolo']","{'Cabahug': ['mabahog', 'nabahag', 'nabahog', 'aabahin', 'aabahing'], 'Paolo': ['palo', 'paulo', 'polo', 'aalo', 'alo']}"
"Padre BURGOS, Philippines ?? Nagmistulang kinatay na hayop ang katawan at namatay noon din ang isang magsasaka makaraang pagtatagain ng kabaro na kanyang binully sa Sitio Sisig, Barangay Cabuyao Sur, kamakalawa ng hapon.","Padre BURGOS, Philippines ?? Nagmistulang kinatay na hayop ang katawan at namatay noon din ang isang magsasaka makaraang pagtatagain ng kabaro na kanyang binully sa Sitio Sisig, Barangay Cabuyao Sur, kamakalawa ng hapon.","panre bugnos, Philippines ?? Nagmistulang kinatay na hayop ang katawan at namatay noon din ang isang magsasaka makaraang pagtatagain ng kabaro na kanyang binully sa Sitio Sisig, Barangay labuyaw Sur, kamakalawa ng hapon.","['Parre', 'BURGOS', 'Cabuyao']","{'Parre': ['padre', 'pagre', 'panre', 'pare', 'parke'], 'BURGOS': ['bangos', 'bargas', 'bugnos', 'bugok', 'bugs'], 'Cabuyao': ['babuyan', 'kabuyaw', 'labuyaw', 'labuyo', 'mabuya']}"
Sinabi pa ng DepEd na maaari na rin umanong magdaos ang mga private schools ng limang araw na in-person classes.,Sinabi pa ng DepEd na maaari na rin umanong magdaos ang mga private schools ng limang araw na in-person classes.,Sinabi pa ng DepEd na maaari na rin umanong magdaos ang mga private schools ng limang araw na in-person classes.,[],{}
"Nang suriin nila ang pating, wala naman itong sugat pero may kinagat na bato.","Nang suriin nila ang pating, wala naman itong sugat pero may kinagat na bato.","Nang suriin nila ang pating, wala naman itong sugat pero may kinagat na bato.",[],{}
"Talagang tinanggap lang din namin na hindi kami magwo-work, patungkol niya sa relasyon nila ni Barbie.","Talagang tinanggap lang din namin na hindi kami magwo-work, patungkol niya sa relasyon nila ni Barbie.","Talagang tinanggap lang din namin na hindi kami magwo-work, patungkol niya sa relasyon nila ni Barbie.",[],{}
Tuluyan nang naka-move on si Barbie Imperial mula sa naging hiwalayan nila ni Diego Loyzaga ilang buwan na ang nakalilipas.,Tuluyan nang naka-move on si Barbie Imperial mula sa naging hiwalayan nila ni Diego Loyzaga ilang buwan na ang nakalilipas.,Tuluyan nang naka-move on si Barbie impormal mula sa naging hiwalayan nila ni dedo layagan ilang buwan na ang nakalilipas.,"['Imperial', 'Diego', 'Loyzaga']","{'Imperial': ['imperyal', 'impartial', 'impormal', 'aerial', 'dispersal'], 'Diego': ['bigo', 'bingo', 'dedo', 'demo', 'deo'], 'Loyzaga': ['laga', 'layag', 'layagan', 'linaga', 'liyag']}"
Maaaring natatakot lang siyang kuyugin siya ng fans.,Maaaring natatakot lang siyang kuyugin siya ng fans.,Maaaring natatakot lang siyang kuyugin siya ng fans.,[],{}
Mas paiigtingin pa ang kanilang kampanya laban sa mga krimen kunng saan dodoblehin ang police visibility para sa kapanatagan ng publiko.,Mas paiigtingin pa ang kanilang kampanya laban sa mga krimen kunng saan dodoblehin ang police visibility para sa kapanatagan ng publiko.,Mas paiigtingin pa ang kanilang kampanya laban sa mga krimen kunng saan dodoblehin ang police visibility para sa kapanatagan ng publiko.,[],{}
"Hindi nag-aksaya ng sandali si Orcollo nang ilampaso nito sina Corey Deuel ng Amerika (11-1) sa third round at Alex Kazakis ng Greece (11-3) sa fourth round para umabante sa susunod na yugto ng torneong may nakalaang $50,000 para sa magkakampeon.","Hindi nag-aksaya ng sandali si Orcollo nang ilampaso nito sina Corey Deuel ng Amerika (11-1) sa third round at Alex Kazakis ng Greece (11-3) sa fourth round para umabante sa susunod na yugto ng torneong may nakalaang $50,000 para sa magkakampeon.","Hindi nag-aksaya ng sandali si orgulyo nang nilampaso nito sina carry deber ng anemika (ag-d) sa third round at Alex kabakas ng grace (ag-d) sa fourth round para umabante sa susunod na yugto ng torneong may nakalaang $ag,aam para sa magkakampo.","['Orcollo', 'ilampaso', 'Corey', 'Deuel', 'Amerika', '11', '1', 'Kazakis', 'Greece', '11', '3', '50', '000', 'magkakampeon']","{'Orcollo': ['brocolli', 'orakulo', 'orgulyo', 'pollo', 'rcol'], 'ilampaso': ['ilampas', 'lampaso', 'nilampaso', 'lalampaso', 'lampas'], 'Corey': ['core', 'care', 'carry', 'code', 'coded'], 'Deuel': ['daue', 'deal', 'deber', 'dedal', 'dede'], 'Amerika': ['aberia', 'amerikana', 'anemika', 'aamerikana', 'abenida'], '11': ['ab', 'ad', 'ag', 'ah', 'ak'], '1': ['b', 'c', 'd', 'e', 'f'], 'Kazakis': ['kaaalis', 'kaakit', 'kabakas', 'kahapis', 'kalakas'], 'Greece': ['breeze', 'freeze', 'grace', 'grease', 'green'], '3': ['b', 'c', 'd', 'e', 'f'], '50': ['ab', 'ad', 'ag', 'ah', 'ak'], '000': ['aag', 'aal', 'aam', 'aat', 'aaw'], 'magkakampeon': ['pagkakampeon', 'magkakamison', 'magkakampo', 'magkakampong', 'pagkakampeong']}"
Aminado si Mercado na mahirap ang labanan ngayong halalal ngunit kailangan maging inspirasyon at tularan ng mga supporter ng senador ang ??Spartan warriors?? na hindi sumusuko at patuloy na may taglay na tiwalang mananalo pa rin sa bandang huli.,Aminado si Mercado na mahirap ang labanan ngayong halalal ngunit kailangan maging inspirasyon at tularan ng mga supporter ng senador ang ??Spartan warriors?? na hindi sumusuko at patuloy na may taglay na tiwalang mananalo pa rin sa bandang huli.,Aminado si merkadro na mahirap ang labanan ngayong aalalay ngunit kailangan maging inspirasyon at tularan ng mga supporter ng senador ang ??paraan warriors?? na hindi sumusuko at patuloy na may taglay na tiwalang mananalo pa rin sa bandang huli.,"['Mercado', 'halalal', 'Spartan']","{'Mercado': ['merkado', 'markado', 'merkadro', 'murado', 'armado'], 'halalal': ['halalan', 'aalala', 'aalalay', 'alala', 'alalad'], 'Spartan': ['apatan', 'paitan', 'paraan', 'paran', 'parian']}"
Ang ginawa po ng ating kapulisan ay naglagay ng health desk sa 247 na quarantine facility na ito at nakapag-deploy po tayo ng 748 police officers na ngayon ay nagbabantay 24 hours sa mga quarantine facilities na aking binanggit.,Ang ginawa po ng ating kapulisan ay naglagay ng health desk sa 247 na quarantine facility na ito at nakapag-deploy po tayo ng 748 police officers na ngayon ay nagbabantay 24 hours sa mga quarantine facilities na aking binanggit.,Ang ginawa po ng ating kapulisan ay naglagay ng health desk sa aal na quarantine facility na ito at nakapag-deploy po tayo ng aam police officers na ngayon ay nagbabantay ag hours sa mga quarantine facilities na aking binanggit.,"['247', '748', '24']","{'247': ['p57', 'aag', 'aal', 'aam', 'aat'], '748': ['aag', 'aal', 'aam', 'aat', 'aaw'], '24': ['ab', 'ad', 'ag', 'ah', 'ak']}"
"Dahil dito, 24 na oras nang binabantayan ng mga awtoridad si Bacoto habang nakaditine sa Bureau of Jail Management and Penology Annex 2.","Dahil dito, 24 na oras nang binabantayan ng mga awtoridad si Bacoto habang nakaditine sa Bureau of Jail Management and Penology Annex 2.","Dahil dito, ag na oras nang binabantayan ng mga awtoridad si bagito habang kakariting sa Bureau of Jail Management and eulogy Annex d.","['24', 'Bacoto', 'nakaritine', 'Penology', '2']","{'24': ['ab', 'ad', 'ag', 'ah', 'ak'], 'Bacoto': ['baroto', 'babato', 'bagito', 'bagot', 'bakoko'], 'nakaritine': ['nakaditine', 'kakaritin', 'kakariting', 'nakabitin', 'nakabiting'], 'Penology': ['ecology', 'apology', 'eulogy', 'heologo', 'ideology'], '2': ['b', 'c', 'd', 'e', 'f']}"
"Ayon sa ulat, inaasahang tataas pa ang bilang ng mga nasawi sa kalamidad dahil sa patuloy na mga search operation sa lugar.","Ayon sa ulat, inaasahang tataas pa ang bilang ng mga nasawi sa kalamidad dahil sa patuloy na mga search operation sa lugar.","Ayon sa ulat, inaasahang tataas pa ang bilang ng mga nasawi sa kalamidad dahil sa patuloy na mga search operation sa lugar.",[],{}
Pero una itong bubuksan sa Disyembre 30 para sa mga obrero na nagtrabaho sa renobasyon ng Manila Zoo at kanilang pamilya.,Pero una itong bubuksan sa Disyembre 30 para sa mga obrero na nagtrabaho sa renobasyon ng Manila Zoo at kanilang pamilya.,Pero una itong bubuksan sa Disyembre ag para sa mga obrero na nagtrabaho sa renobasyon ng Manila Zoo at kanilang pamilya.,['30'],"{'30': ['ab', 'ad', 'ag', 'ah', 'ak']}"
"Gayunman, sinabi ni Concepcion na nakasaad sa Tourism Act na dapat lahat ng resort ay may lifeguard para sa accreditation kung nais nitong maging 5 o 4 star establishment.","Gayunman, sinabi ni Concepcion na nakasaad sa Tourism Act na dapat lahat ng resort ay may lifeguard para sa accreditation kung nais nitong maging 5 o 4 star establishment.","Gayunman, sinabi ni concessions na nakasaad sa Tourism Act na dapat lahat ng resort ay may lifeguard para sa accreditation kung nais nitong maging d o d star establishment.","['Concepcion', '5', '4']","{'Concepcion': ['concession', 'coercion', 'concessions', 'conclusion', 'confession'], '5': ['b', 'c', 'd', 'e', 'f'], '4': ['b', 'c', 'd', 'e', 'f']}"
"Dahil dito, mula sa 6.5%.","Dahil dito, mula sa 6.5%.","Dahil dito, mula sa d.d%.","['6', '5']","{'6': ['b', 'c', 'd', 'e', 'f'], '5': ['b', 'c', 'd', 'e', 'f']}"
"Sa guesting ni Herlene sa isang episode ng ??Mars Pa More?, game na game siyang sumabak sa ??On The Spot: First Impressions? segment kung saan kailangan niyang sagutin ang tanong na, Nasira ang ilusyon ko tungkol sa artistang si ____ nang makilala ko siya sa personal dahil _____.","Sa guesting ni Herlene sa isang episode ng ??Mars Pa More?, game na game siyang sumabak sa ??On The Spot: First Impressions? segment kung saan kailangan niyang sagutin ang tanong na, Nasira ang ilusyon ko tungkol sa artistang si ____ nang makilala ko siya sa personal dahil _____.","Sa getting ni airline sa isang episode ng ??mags Pa More?, game na game siyang sumabak sa ??On The Spot: First expression? segment kung saan kailangan niyang sagutin ang tanong na, Nasira ang ilusyon ko tungkol sa artistang si aako nang makilala ko siya sa personal dahil aabat.","['guesting', 'Herlene', 'Mars', 'Impressions', '____', '_____']","{'guesting': ['guessing', 'busting', 'getting', 'ghosting', 'greeting'], 'Herlene': ['helen', 'heleng', 'airline', 'berdeng', 'berlin'], 'Mars': ['bars', 'cars', 'mags', 'mais', 'maks'], 'Impressions': ['impression', 'depression', 'expression', 'impresibong', 'impressive'], '____': ['aaba', 'aag', 'aako', 'aal', 'aala'], '_____': ['aaari', 'aaba', 'aabat', 'aabay', 'aabla']}"
"Batay kasi aniya sa impormasyong ibinigay kay Senador Panfilo `Ping Lacson, may gustong kumita at lalakihan ang `tongpats sa pork import.","Batay kasi aniya sa impormasyong ibinigay kay Senador Panfilo `Ping Lacson, may gustong kumita at lalakihan ang `tongpats sa pork import.","Batay kasi aniya sa impormasyong ibinigay kay Senador manilo `Ping ason, may gustong kumita at lalakihan ang `tongpats sa pork import.","['Panfilo', 'Lacson']","{'Panfilo': ['danilo', 'mangilo', 'manilo', 'nangilo', 'nanilo'], 'Lacson': ['lason', 'arson', 'ason', 'kalson', 'labon']}"
"Una nang sinabi ni Socioeconomic Planning Secretary Karl Kendrick Chua na dapat bawasan ang mula lima patungong apat na araw na lang kada linggo ang trabaho upang makatipid sa gastusin at enerhiya ang publiko, kasabay na rin ng sunud-sunod na linggong pagsirit ng presyo ng produktong petrolyo.","Una nang sinabi ni Socioeconomic Planning Secretary Karl Kendrick Chua na dapat bawasan ang mula lima patungong apat na araw na lang kada linggo ang trabaho upang makatipid sa gastusin at enerhiya ang publiko, kasabay na rin ng sunud-sunod na linggong pagsirit ng presyo ng produktong petrolyo.","Una nang sinabi ni Socioeconomic Planning Secretary kare generic aqua na dapat bawasan ang mula lima patungong apat na araw na lang kara linggo ang trabaho upang makatipid sa gastusin at enerhiya ang publiko, kasabay na rin ng sunud-sunod na linggong pagsirit ng presyo ng produktong petrolyo.","['Karl', 'Kendrick', 'Chua']","{'Karl': ['kara', 'kard', 'kare', 'kari', 'karil'], 'Kendrick': ['centric', 'dendrita', 'generic', 'kendi', 'kending'], 'Chua': ['cha', 'chupa', 'aqua', 'casa', 'cham']}"
"Binabantayan talaga ng mga bakasyunista ang girl na impernes, e, meron namang maipakikitang kaseksihan!","Binabantayan talaga ng mga bakasyunista ang girl na impernes, e, meron namang maipakikitang kaseksihan!","Binabantayan talaga ng mga bakasyunista ang girl na Biyernes, e, meron namang maipakikitang masaksihan!","['impernes', 'kaseksihan']","{'impernes': ['amperes', 'biyernes', 'Biyernes', 'imperyal', 'imperyo'], 'kaseksihan': ['kaliksihan', 'kasiksikan', 'masaksihan', 'nasaksihan', 'sasaksihan']}"
"Bumababa ang entusiyasmo ng manonood, bagsak ang momentum, meron silang mga patotoo kung bakit.","Bumababa ang entusiyasmo ng manonood, bagsak ang momentum, meron silang mga patotoo kung bakit.","Bumababa ang antisipasyon ng manonood, bagsak ang momentum, meron silang mga patotoo kung bakit.",['entusiyasmo'],"{'entusiyasmo': ['enthusiast', 'enthusiasts', 'antisipasyon', 'ensayado', 'entiyero']}"
Si Garcia ay nahatulan ng guilty noong 2019 pero nasentensiyahan lang ng 19 na taong pagkabilanggo dahil sa ipinasok niyang guilty plea.,Si Garcia ay nahatulan ng guilty noong 2019 pero nasentensiyahan lang ng 19 na taong pagkabilanggo dahil sa ipinasok niyang guilty plea.,Si garapa ay nahatulan ng guilty noong aako pero nasentensiyahan lang ng ag na taong pagkabilanggo dahil sa ipinasok niyang guilty plea.,"['Garcia', '2019', '19']","{'Garcia': ['aria', 'gara', 'garapa', 'garil', 'garsa'], '2019': ['aaba', 'aag', 'aako', 'aal', 'aala'], '19': ['ab', 'ad', 'ag', 'ah', 'ak']}"
Kahit nagtatago na ang matanda sa kama ay sinundan pa rin siya ng lalaki at sinaktan.,Kahit nagtatago na ang matanda sa kama ay sinundan pa rin siya ng lalaki at sinaktan.,Kahit nagtatago na ang matanda sa kama ay sinundan pa rin siya ng lalaki at sinaktan.,[],{}
Good job din dahil dapat naman talaga ganun ang kalakaran.,Good job din dahil dapat naman talaga ganun ang kalakaran.,Good job din dahil dapat naman talaga ganun ang kalakaran.,[],{}
"Ayon kay Philippine Navy Fleet, Public Affairs Office chief, LCmdr Ryan Luna,nagsanib ang dalawang barko ng Philippine Navy na pinangunahan ng warship na BRP Jose Rizal (FF150) at ang BRP Manobo (LC297) upangmailigtas ang apat na mangingisda na palutang-lutang sa karagatan simula nang ma-stranded sila noong Setyembre 16, 2021.","Ayon kay Philippine Navy Fleet, Public Affairs Office chief, LCmdr Ryan Luna,nagsanib ang dalawang barko ng Philippine Navy na pinangunahan ng warship na BRP Jose Rizal (FF150) at ang BRP Manobo (LC297) upangmailigtas ang apat na mangingisda na palutang-lutang sa karagatan simula nang ma-stranded sila noong Setyembre 16, 2021.","Ayon kay Philippine Navy Fleet, Public Affairs Office chief, acidre iyan iuna,nagsanib ang dalawang barko ng Philippine Navy na pinangunahan ng warship na ap joke bital (affirm) at ang ap maabo (ache) pangmilitar ang apat na mangingisda na palutang-lutang sa karagatan simula nang ma-stranded sila noong Setyembre ag, aag.","['LCmdr', 'Ryan', 'Luna', 'BRP', 'Jose', 'Rizal', 'FF150', 'BRP', 'Manobo', 'LC297', 'upangmailigtas', '16', '2021']","{'LCmdr': ['achor', 'acid', 'acidre', 'acids', 'actor'], 'Ryan': ['ayan', 'dyan', 'iyan', 'raan', 'riyan'], 'Luna': ['duna', 'huna', 'iuna', 'kuna', 'lana'], 'BRP': ['bra', 'bro', 'ap', 'app', 'ar'], 'Jose': ['dose', 'hose', 'joke', 'lose', 'nose'], 'Rizal': ['ribal', 'arial', 'bital', 'cial', 'dial'], 'FF150': ['affair', 'affect', 'affirm', 'afford', 'after'], 'Manobo': ['adobo', 'lanubo', 'maabo', 'mabubo', 'magbo'], 'LC297': ['acces', 'ace', 'ache', 'achor', 'acid'], 'upangmailigtas': ['pagkaligtas', 'pagliligtas', 'pangmilitar', 'magliligtas', 'mailigtas'], '16': ['ab', 'ad', 'ag', 'ah', 'ak'], '2021': ['p25', 'aaba', 'aag', 'aako', 'aal']}"
Eh one time nakita ko sa Facebook parang may nag-post na nabuksan ulit tapos ang ganda-ganda na kasi naayos.,Eh one time nakita ko sa Facebook parang may nag-post na nabuksan ulit tapos ang ganda-ganda na kasi naayos.,Eh one time nakita ko sa Facebook parang may nag-post na nabuksan ulit tapos ang ganda-ganda na kasi naayos.,[],{}
Pinuri ni Secretary of State Antony Blinken ang mga Pilipinong nurses na nagtatrabaho sa Estados Unidos at tinawag silang mga ??anghel? na nagmamalasakit sa maraming paraan.,Pinuri ni Secretary of State Antony Blinken ang mga Pilipinong nurses na nagtatrabaho sa Estados Unidos at tinawag silang mga ??anghel? na nagmamalasakit sa maraming paraan.,Pinuri ni Secretary of State andon blinkers ang mga pilipisang nurses na nagtatrabaho sa Estados umido at tinawag silang mga ??anghel? na nagmamalasakit sa maraming paraan.,"['Antony', 'Blinken', 'Pilipinong', 'Unidos']","{'Antony': ['aatong', 'aktong', 'andon', 'andong', 'angong'], 'Blinken': ['blinker', 'blanket', 'blinkers', 'linen', 'linked'], 'Pilipinong': ['pinipinong', 'pilipino', 'pilipisang', 'pilipiting', 'pinipihong'], 'Unidos': ['nido', 'uido', 'umido', 'unagos', 'undas']}"
"Ayon kay Baldo, mano-manong ibababa ang mga biktima mula sa bulkan.","Ayon kay Baldo, mano-manong ibababa ang mga biktima mula sa bulkan.","Ayon kay balido, mano-manong ibababa ang mga biktima mula sa bulkan.",['Baldo'],"{'Baldo': ['balda', 'balde', 'balido', 'balo', 'bando']}"
"Pinaalalahanan din nito ang mga nabakunahan na dalhin ang kanilang vaccination card, valid ID, at iba pang kinakailangang dokumento para sa pagbabakuna, lalo na para sa mga taong may comorbidities.","Pinaalalahanan din nito ang mga nabakunahan na dalhin ang kanilang vaccination card, valid ID, at iba pang kinakailangang dokumento para sa pagbabakuna, lalo na para sa mga taong may comorbidities.","Pinaalalahanan din nito ang mga nabakunahan na dalhin ang kanilang vaccination card, valid ID, at iba pang kinakailangang dokumento para sa pagbabakuna, lalo na para sa mga taong may comorbidities.",[],{}
"At naiintindihan daw niya ang sitwasyon ni Aljur kahit si Kylie ang anak niya, Natural.","At naiintindihan daw niya ang sitwasyon ni Aljur kahit si Kylie ang anak niya, Natural.","At naiintindihan daw niya ang sitwasyon ni alter kahit si kalit ang anak niya, Natural.","['Aljur', 'Kylie']","{'Aljur': ['album', 'altar', 'alter', 'alun', 'flour'], 'Kylie': ['kali', 'kalis', 'kalit', 'kalive', 'kalye']}"
"Paliwanag ni Dario, nagpapakilala ang lima na staff ni Senator Manny Pacquiao at kukuha ng mga taong maglilinis ng kalsada kapalit ang bayad na P7,500.","Paliwanag ni Dario, nagpapakilala ang lima na staff ni Senator Manny Pacquiao at kukuha ng mga taong maglilinis ng kalsada kapalit ang bayad na P7,500.","Paliwanag ni aarko, nagpapakilala ang lima na staff ni Senator Manny quiao at kukuha ng mga taong maglilinis ng kalsada kapalit ang bayad na p57,aam.","['Dario', 'Pacquiao', 'P7', '500']","{'Dario': ['diario', 'aari', 'aarko', 'ari', 'aria'], 'Pacquiao': ['acquire', 'acquit', 'quiao', 'acacia', 'acquired'], 'P7': ['p', 'p3', 'p57', 'p75', 'pa'], '500': ['aag', 'aal', 'aam', 'aat', 'aaw']}"
"Ipaparada rin ang ilang armored vehicles at artillery equipment, at magkakaroon ng flyby ng mga eroplano ng militar.","Ipaparada rin ang ilang armored vehicles at artillery equipment, at magkakaroon ng flyby ng mga eroplano ng militar.","Ipaparada rin ang ilang armored vehicles at artillery equipment, at magkakaroon ng alabn ng mga eroplano ng militar.",['flyby'],"{'flyby': ['fly', 'alab', 'alabn', 'alay', 'alba']}"
"Nagsagawa rin ng relief operation ang grupo ni Go sa mga biktima ng oil spill sa Gloria, Oriental Mindoro, isang araw matapos ang aktibidad sa Pinamalayan.","Nagsagawa rin ng relief operation ang grupo ni Go sa mga biktima ng oil spill sa Gloria, Oriental Mindoro, isang araw matapos ang aktibidad sa Pinamalayan.","Nagsagawa rin ng relief operation ang grupo ni Go sa mga biktima ng oil spill sa florita, Oriental Mindoro, isang araw matapos ang aktibidad sa inalalayan.","['Gloria', 'Pinamalayan']","{'Gloria': ['glorya', 'flora', 'florita', 'galeria', 'glory'], 'Pinamalayan': ['pinamahayan', 'inaalayan', 'inalalayan', 'kinamatayan', 'namalayan']}"
Pero sana maiwasan na iyang mga boycott na sinasabi nila may epekto man o wala.,Pero sana maiwasan na iyang mga boycott na sinasabi nila may epekto man o wala.,Pero sana maiwasan na iyang mga boycott na sinasabi nila may epekto man o wala.,[],{}
"Giit ng National Artist, ang mga titik na F at V ay ilan sa mga letrang dati nang ginagamit ng mga katutubo tulad ng mga Maranao at Ivatan.","Giit ng National Artist, ang mga titik na F at V ay ilan sa mga letrang dati nang ginagamit ng mga katutubo tulad ng mga Maranao at Ivatan.","Giit ng National Artist, ang mga titik na F at V ay ilan sa mga letrang dati nang ginagamit ng mga katutubo tulad ng mga harana at apatan.","['Maranao', 'Ivatan']","{'Maranao': ['maranas', 'daranas', 'harana', 'maaano', 'maanak'], 'Ivatan': ['abatan', 'alatan', 'apatan', 'avatar', 'awatan']}"
Nang tumalikod ang biktima ay roon na sinamantala ng suspek na pagtatagain saka mabilis na tumakas dala ang gulok na ginamit sa krimen.,Nang tumalikod ang biktima ay roon na sinamantala ng suspek na pagtatagain saka mabilis na tumakas dala ang gulok na ginamit sa krimen.,Nang tumalikod ang biktima ay roon na sinamantala ng suspek na pagtatagain saka mabilis na tumakas dala ang gulok na ginamit sa krimen.,[],{}
Ang artikulong ito ay nilathala batay saeditorial guidelines.,Ang artikulong ito ay nilathala batay saeditorial guidelines.,Ang artikulong ito ay nilathala batay janitorial guidelines.,['saeditorial'],"{'saeditorial': ['editorial', 'editoryal', 'janitorial', 'sectorial', 'senatorial']}"
"Umalalay na rin ang PPA sa mga survivor at agad nagpaabot ng tulong gaya ng kape, pagkain, at masisilungan katuwang ang Maritime Industry Authority (MARINA) at PCG.","Umalalay na rin ang PPA sa mga survivor at agad nagpaabot ng tulong gaya ng kape, pagkain, at masisilungan katuwang ang Maritime Industry Authority (MARINA) at PCG.","Umalalay na rin ang pa sa mga survivor at agad nagpaabot ng tulong gaya ng kape, pagkain, at masisilungan katuwang ang Maritime Industry Authority (MARINA) at pcs.","['PPA', 'PCG']","{'PPA': ['apa', 'ipa', 'pa', 'paa', 'papa'], 'PCG': ['mcg', 'pag', 'pcs', 'peg', 'pg']}"
Pero bakit pa nga ba pinagtatalunan kung si Inigo iyon o hindi?,Pero bakit pa nga ba pinagtatalunan kung si Inigo iyon o hindi?,Pero bakit pa nga ba pinagtatalunan kung si inig iyon o hindi?,['Inigo'],"{'Inigo': ['binigo', 'indigo', 'inig', 'iniho', 'inilo']}"
"Torres para mag-abot ng regalo bilang pasasalamat, ngunit nalaman niyang hindi na ito nagtuturo sa kaniyang pamantasan.","Torres para mag-abot ng regalo bilang pasasalamat, ngunit nalaman niyang hindi na ito nagtuturo sa kaniyang pamantasan.","stores para mag-abot ng regalo bilang pasasalamat, ngunit nalaman niyang hindi na ito nagtuturo sa kaniyang pamantasan.",['Torres'],"{'Torres': ['tories', 'forces', 'stores', 'stories', 'theres']}"
"Saka yan po ang mali sa mga artista natin, kung meron silang gustong iendorsong kandidato na pinaniniwalaan nila dapat mag-ingay sila.","Saka yan po ang mali sa mga artista natin, kung meron silang gustong iendorsong kandidato na pinaniniwalaan nila dapat mag-ingay sila.","Saka yan po ang mali sa mga artista natin, kung meron silang gustong ieendorsong kandidato na pinaniniwalaan nila dapat mag-ingay sila.",['iendorsong'],"{'iendorsong': ['eendorsong', 'endorsong', 'ieendorsong', 'indorsong', 'inendorsong']}"
"Isa pa ngang dahilan, inilagay na nila iyon sa channel na may bayad.","Isa pa ngang dahilan, inilagay na nila iyon sa channel na may bayad.","Isa pa ngang dahilan, inilagay na nila iyon sa channel na may bayad.",[],{}
"Ayon sa 57-year old actress, marami na raw gaps sa kanyang memory at karamihan daw na hindi na niya maalaala ay ang paggawa niya ng episodes sa Friends.","Ayon sa 57-year old actress, marami na raw gaps sa kanyang memory at karamihan daw na hindi na niya maalaala ay ang paggawa niya ng episodes sa Friends.","Ayon sa ad-year old actress, marami na raw gaps sa kanyang memory at karamihan daw na hindi na niya maalaala ay ang paggawa niya ng episodes sa Friends.",['57'],"{'57': ['p57', 'ab', 'ad', 'ag', 'ah']}"
May ginagawa nga kayang ??milagro? ang female celebrity na ito na hindi alam ng production?,May ginagawa nga kayang ??milagro? ang female celebrity na ito na hindi alam ng production?,May ginagawa nga kayang ??milagro? ang female celebrity na ito na hindi alam ng production?,[],{}
At doon na lumabas ang anggulong preggy raw ito kaya magpapa-low key muna sa pagpapa-sexy.,At doon na lumabas ang anggulong preggy raw ito kaya magpapa-low key muna sa pagpapa-sexy.,At doon na lumabas ang anggulong areglo raw ito kaya magpapa-low key muna sa pagpapa-sexy.,['preggy'],"{'preggy': ['piggy', 'prexy', 'areglo', 'brgy', 'creamy']}"
Nilagyan din ng mga malilinaw na solar lights ang bawat intersection na tinatawiran ng Pulilan-Baliwag Diversion Road.,Nilagyan din ng mga malilinaw na solar lights ang bawat intersection na tinatawiran ng Pulilan-Baliwag Diversion Road.,Nilagyan din ng mga malilinaw na solar lights ang bawat intersection na tinatabihan ng Pulilan-Baliwag Diversion Road.,['tinatawiran'],"{'tinatawiran': ['tinatawaran', 'kinatwiran', 'tinatabihan', 'tinatahian', 'tinatakinan']}"
"May nagsasabi namang siguro nag-iingat lang siya at umiiwas sa Covid, pero noon namang pre-recorded lahat lumalabas naman si Sarah.","May nagsasabi namang siguro nag-iingat lang siya at umiiwas sa Covid, pero noon namang pre-recorded lahat lumalabas naman si Sarah.","May nagsasabi namang siguro nag-iingat lang siya at umiiwas sa Covid, pero noon namang pre-recorded lahat lumalabas naman si sarat.",['Sarah'],"{'Sarah': ['sara', 'sarap', 'sarat', 'saray', 'aarag']}"
"Narinig natin bago mag-eleksyon, sa kampanya, noong sinabi niya na mag-jet ski siya dala ang bansang Pilipinas, wika ng boxer-turned-politician kagabi.","Narinig natin bago mag-eleksyon, sa kampanya, noong sinabi niya na mag-jet ski siya dala ang bansang Pilipinas, wika ng boxer-turned-politician kagabi.","Narinig natin bago mag-eleksyon, sa kampanya, noong sinabi niya na mag-jet ski siya dala ang bansang Pilipinas, wika ng boxer-turned-politician kagabi.",[],{}
Hinimok din niya ang mga ospital na dagdagan ang kanilang mga online consultations lalo nat karamihan sa mga bagong kaso ay may mild symptoms lamang.,Hinimok din niya ang mga ospital na dagdagan ang kanilang mga online consultations lalo nat karamihan sa mga bagong kaso ay may mild symptoms lamang.,Hinimok din niya ang mga ospital na dagdagan ang kanilang mga online consultations lalo nat karamihan sa mga bagong kaso ay may mild symptoms lamang.,[],{}
"May nagpadala sa amin ng message na nagsasabing mali raw ang sinabi namin na tumalon na rin si Matteo Guidicelli sa GMA 7 dahil wala na siyang project sa ABS-CBN, kasi si Matteo naman daw ay galing na sa GMA, naging mainstay pala siya noon ng SOP.","May nagpadala sa amin ng message na nagsasabing mali raw ang sinabi namin na tumalon na rin si Matteo Guidicelli sa GMA 7 dahil wala na siyang project sa ABS-CBN, kasi si Matteo naman daw ay galing na sa GMA, naging mainstay pala siya noon ng SOP.","May nagpalala sa amin ng message na nagsasabing mali raw ang sinabi namin na tumalon na rin si batter didili sa gia d dahil wala na siyang project sa abf-ab, kasi si batter naman daw ay galing na sa gia, naging mainstay pala siya noon ng pop.","['nagparala', 'Matteo', 'Guidicelli', 'GMA', '7', 'ABS', 'CBN', 'Matteo', 'GMA', 'SOP']","{'nagparala': ['nagpadala', 'nagpagala', 'nagpalala', 'nagpamala', 'nagpapala'], 'Matteo': ['matter', 'ateo', 'batter', 'latto', 'magte'], 'Guidicelli': ['clinically', 'critically', 'didili', 'guerilla', 'guidance'], 'GMA': ['ama', 'ga', 'gia', 'goma', 'gra'], '7': ['b', 'c', 'd', 'e', 'f'], 'ABS': ['ab', 'aba', 'abf', 'abo', 'ads'], 'CBN': ['can', 'con', 'ab', 'aba', 'aban'], 'SOP': ['cop', 'op', 'pop', 'shop', 'so']}"
"Kung mangyayari ito, itutulak nila na ang karagdagan budget na ibibigay sa Bicam ay mapunta sa imprastrakturang aspeto ng BDP.","Kung mangyayari ito, itutulak nila na ang karagdagan budget na ibibigay sa Bicam ay mapunta sa imprastrakturang aspeto ng BDP.","Kung mangyayari ito, itutulak nila na ang karagdagan budget na ibibigay sa Bicam ay mapunta sa imprastrakturang aspeto ng ad.",['BDP'],"{'BDP': ['bdo', 'pdp', 'ad', 'ada', 'add']}"
"Hindi lang ang mga ""Iskolar ng Bayan"" ang nananawagan sa ngayon ng mga naturang boykoteo at walkout, kundi pati na rin ang mga lider kabataan mula sa pinakamalalaking pribadong unibersidad sa bansa.","Hindi lang ang mga ""Iskolar ng Bayan"" ang nananawagan sa ngayon ng mga naturang boykoteo at walkout, kundi pati na rin ang mga lider kabataan mula sa pinakamalalaking pribadong unibersidad sa bansa.","Hindi lang ang mga ""Iskolar ng Bayan"" ang nananawagan sa ngayon ng mga naturang boykoteo at walkout, kundi pati na rin ang mga lider kabataan mula sa pinakamalalaking pribadong unibersidad sa bansa.",[],{}
"Nang si LJ na ang kailangang sumagot, sinabi sa aktres na banggitin ang pinakamatinding dahilan kung bakit sumama ang loob o nagalit sa kaniya ni Paolo Contis.","Nang si LJ na ang kailangang sumagot, sinabi sa aktres na banggitin ang pinakamatinding dahilan kung bakit sumama ang loob o nagalit sa kaniya ni Paolo Contis.","Nang si la na ang kailangang sumagot, sinabi sa aktres na banggitin ang pinakamatinding dahilan kung bakit sumama ang loob o nagalit sa kaniya ni polo confi.","['LJ', 'Paolo', 'Contis']","{'LJ': ['j', 'l', 'la', 'le', 'll'], 'Paolo': ['palo', 'paulo', 'polo', 'aalo', 'alo'], 'Contis': ['buntis', 'condos', 'confi', 'cons', 'contacs']}"
"Hinala naman ng mga awtoridad, maaaring nadulas ang biktima at dahil na rin sa kapansanan sa pag-iisip ay nahirapan nang makaahon sa hanggang bewang na tubig.","Hinala naman ng mga awtoridad, maaaring nadulas ang biktima at dahil na rin sa kapansanan sa pag-iisip ay nahirapan nang makaahon sa hanggang bewang na tubig.","Hinala naman ng mga awtoridad, maaaring madulas ang biktima at dahil na rin sa kapansanan sa pag-iisip ay nahirapan nang makaahon sa hanggang bewang na tubig.",['narulas'],"{'narulas': ['marulas', 'nadulas', 'madulas', 'nabulag', 'nabutas']}"
"Ang grupo ni Ka Facio ay notoryus din umano sa mga paglabag sa Human Rights at International Humanitarian Law sa Quezon at nasa likod ng pagpatay sa mga military personnel sa Burdeos, Quezon noong 2010.","Ang grupo ni Ka Facio ay notoryus din umano sa mga paglabag sa Human Rights at International Humanitarian Law sa Quezon at nasa likod ng pagpatay sa mga military personnel sa Burdeos, Quezon noong 2010.","Ang grupo ni Ka acid ay notoryus din umano sa mga paglabag sa Human Rights at International Humanitarian Law sa Quezon at nasa likod ng pagpatay sa mga military personnel sa burden, Quezon noong aako.","['Facio', 'Burdeos', '2010']","{'Facio': ['facie', 'facto', 'acid', 'basio', 'cio'], 'Burdeos': ['burdens', 'borders', 'burden', 'burles', 'murders'], '2010': ['aaba', 'aag', 'aako', 'aal', 'aala']}"
Sa kuwento at takbo ng paglalahad nito ay sakto na para sa matitinding climax.,Sa kuwento at takbo ng paglalahad nito ay sakto na para sa matitinding climax.,Sa kuwento at takbo ng paglalahad nito ay sakto na para sa matitinding lima.,['climax'],"{'climax': ['climate', 'klima', 'lima', 'limak', 'limas']}"
"Partner daw niya rito ang kapatid niya, at ilang malalapit na kaibigan.","Partner daw niya rito ang kapatid niya, at ilang malalapit na kaibigan.","Partner daw niya rito ang kapatid niya, at ilang malalapit na kaibigan.",[],{}
"Sinabi ni Presidential Spokesman Harry Roque na batay sa pahayag ng PDEA, hindi kasama sa listahan ng busy-bust operation si Tupas kaya hindi siya kasali sa mga inaresto at kinasuhan.","Sinabi ni Presidential Spokesman Harry Roque na batay sa pahayag ng PDEA, hindi kasama sa listahan ng busy-bust operation si Tupas kaya hindi siya kasali sa mga inaresto at kinasuhan.","Sinabi ni Presidential Spokesman aaray Roque na batay sa pahayag ng ada, hindi kasama sa listahan ng busy-bust operation si tapas kaya hindi siya kasali sa mga inaresto at kinasuhan.","['Harry', 'PDEA', 'Tupas']","{'Harry': ['carry', 'larry', 'aaray', 'aray', 'army'], 'PDEA': ['idea', 'plea', 'ada', 'adya', 'apnea'], 'Tupas': ['kupas', 'pupas', 'tapas', 'tipas', 'tulas']}"
Sumunod dito ang mga gumagawa ng feeds at mga pakain sa hayop na nagmahal ang gastos ng 14.9%.,Sumunod dito ang mga gumagawa ng feeds at mga pakain sa hayop na nagmahal ang gastos ng 14.9%.,Sumunod dito ang mga gumagawa ng feeds at mga pakain sa hayop na nagmahal ang gastos ng ag.d%.,"['14', '9']","{'14': ['ab', 'ad', 'ag', 'ah', 'ak'], '9': ['b', 'c', 'd', 'e', 'f']}"
"Habang sakay ng Philippine Coast Guard patrol ship, nanawagan si Harris sa mga bansa na manindigan para sa integridad ng teritoryo at kalayaan sa paglalayag sa South China Sea.","Habang sakay ng Philippine Coast Guard patrol ship, nanawagan si Harris sa mga bansa na manindigan para sa integridad ng teritoryo at kalayaan sa paglalayag sa South China Sea.","Habang sakay ng Philippine Coast Guard patrol ship, nanawagan si barrio sa mga bansa na manindigan para sa integridad ng teritoryo at kalayaan sa paglalayag sa South China Sea.",['Harris'],"{'Harris': ['arnis', 'barnis', 'barrio', 'barrios', 'hagis']}"
Tig-apat na teams sa mens at womens ang papasok sa main draw na magsisimula sa Biyernes habang ang finals ay sa Linggo.,Tig-apat na teams sa mens at womens ang papasok sa main draw na magsisimula sa Biyernes habang ang finals ay sa Linggo.,Tig-apat na teams sa mens at womens ang papasok sa main draw na magsisimula sa Biyernes habang ang finals ay sa Linggo.,[],{}
Kasama si JV sa mga nag-request din ng prayers sa paggaling ng daddy niyang si former President / Mayor Erap Estrada na nagka-COVID pero gumaling na at nakauwi na ng bahay.,Kasama si JV sa mga nag-request din ng prayers sa paggaling ng daddy niyang si former President / Mayor Erap Estrada na nagka-COVID pero gumaling na at nakauwi na ng bahay.,Kasama si kv sa mga nag-request din ng prayers sa paggaling ng buddy niyang si former President / Mayor grap Estrada na nagka-COVID pero gumaling na at nakauwi na ng bahay.,"['JV', 'daddy', 'Erap']","{'JV': ['j', 'jr', 'kv', 'lv', 'tv'], 'daddy': ['add', 'andy', 'buddy', 'candy', 'dad'], 'Erap': ['era', 'evap', 'grap', 'irap', 'trap']}"
"Sa report ng Provincial Health Office, ang mga nagpositibo ay isang ginang na taga-bayan ng Pe?ñablanca at nakaratay ngayon sa Cagayan Valley Medical Center habang nasa isang pribadong ospital sa Tuguegarao City ang isa pang nanay na taga-Piat matapos na kapwa magluwal ng sanggol.","Sa report ng Provincial Health Office, ang mga nagpositibo ay isang ginang na taga-bayan ng Pe?ñablanca at nakaratay ngayon sa Cagayan Valley Medical Center habang nasa isang pribadong ospital sa Tuguegarao City ang isa pang nanay na taga-Piat matapos na kapwa magluwal ng sanggol.","Sa report ng Provincial Health Office, ang mga nagpositibo ay isang ginang na taga-bayan ng e?ablang at nakaratay ngayon sa Cagayan Valley Medical Center habang nasa isang pribadong ospital sa Tuguegarao City ang isa pang nanay na taga-pia matapos na kapwa magluwal ng sanggol.","['Pe', 'ñablanca', 'Piat']","{'Pe': ['be', 'de', 'e', 'he', 'ie'], 'ñablanca': ['aablang', 'abaca', 'ablang', 'babalanya', 'balana'], 'Piat': ['liat', 'pat', 'pia', 'piit', 'pikat']}"
Pinasalamatan din ni Joel Villanueva parehong sina PresidentDuterte at Vice President Leni Robredo sa kanyang pahayag.,Pinasalamatan din ni Joel Villanueva parehong sina PresidentDuterte at Vice President Leni Robredo sa kanyang pahayag.,Pinasalamatan din ni coal Villanueva parehong sina presidenteng at Vice President aani Robredo sa kanyang pahayag.,"['Joel', 'PresidentDuterte', 'Leni']","{'Joel': ['bowel', 'bowl', 'coal', 'coil', 'col'], 'PresidentDuterte': [""presidente't"", 'presidente', 'presidenteng', 'presidentiable', ""residente't""], 'Leni': ['lend', 'lens', 'aani', 'aleng', 'ani']}"
Sa ulat na pasado alas-5 ng hapon nang magkita umano ang magkapatid sa harap ng Veronica Maalindogs sari-sari store at biglang nagkaroon ng mainitang pagtatalo.,Sa ulat na pasado alas-5 ng hapon nang magkita umano ang magkapatid sa harap ng Veronica Maalindogs sari-sari store at biglang nagkaroon ng mainitang pagtatalo.,Sa ulat na pasado alas-d ng hapon nang magkita umano ang magkapatid sa harap ng hernia maglintog sari-sari store at biglang nagkaroon ng mainitang pagtatalo.,"['5', 'Veronica', 'Maalindogs']","{'5': ['b', 'c', 'd', 'e', 'f'], 'Veronica': ['aerobics', 'chronic', 'hernia', 'heroic', 'ironiya'], 'Maalindogs': ['maalindog', 'alindog', 'maglintog', 'malindig', 'malindol']}"
Nauna nang nagkaroon ng conflict sa schedule ni presidential aspirant Bongbong sa naunang interview ni Jessica Soho pero umoo siya kay Korina Sanchez para naman sa Upuan ng Katotohanan ng Rated Korina at Brightlight Productions na mapapanood din ngayong weekend.,Nauna nang nagkaroon ng conflict sa schedule ni presidential aspirant Bongbong sa naunang interview ni Jessica Soho pero umoo siya kay Korina Sanchez para naman sa Upuan ng Katotohanan ng Rated Korina at Brightlight Productions na mapapanood din ngayong weekend.,Nauna nang nagkaroon ng conflict sa schedule ni presidential aspirant Bongbong sa naunang interview ni bestida soo pero amo siya kay korona anchor para naman sa Upuan ng Katotohanan ng Rated korona at higlight Productions na mapapanood din ngayong weekend.,"['Jessica', 'Soho', 'umoo', 'Korina', 'Sanchez', 'Korina', 'Brightlight']","{'Jessica': ['bassic', 'bensina', 'bestida', 'cessna', 'eespiya'], 'Soho': ['saho', 'solo', 'soo', 'soro', 'baho'], 'umoo': ['umok', 'ammo', 'amo', 'amok', 'amol'], 'Korina': ['kokina', 'korida', 'korona', 'kortina', 'arina'], 'Sanchez': ['sachet', 'ache', 'anchor', 'anghel', 'anthem'], 'Brightlight': ['highlight', 'highlights', 'higlight', 'airtight', 'bitlig']}"
"Kalaboso ang dalawang estudyante ??tirador?? ng motorsiklo nang maharang sa checkpoint ng pulisya, kamakalawa ng madaling araw sa Navotas City.","Kalaboso ang dalawang estudyante ??tirador?? ng motorsiklo nang maharang sa checkpoint ng pulisya, kamakalawa ng madaling araw sa Navotas City.","Kalaboso ang dalawang estudyante ??tirador?? ng motorsiklo nang maharang sa checkpoint ng pulisya, kamakalawa ng maraling araw sa namitas City.",['Navotas'],"{'Navotas': ['nabutas', 'nalutas', 'namitas', 'natodas', 'nauutas']}"
Eh kasi parang mahal ko kayo eh.,Eh kasi parang mahal ko kayo eh.,Eh kasi parang mahal ko kayo eh.,[],{}
Ayon sa aktres ay matagal na nilang nararanasan ng nobyo ang LDR o long distance relationship.,Ayon sa aktres ay matagal na nilang nararanasan ng nobyo ang LDR o long distance relationship.,Ayon sa aktres ay matagal na nilang nararanasan ng nobyo ang ada o long distance relationship.,['LDR'],"{'LDR': ['lar', 'ad', 'ada', 'add', 'ador']}"
Matatandaang tumatak din ang karakter ni John bilang si Armando sa FPJs Ang Probinsyano na nagtapos ilang buwan pa lamang ang nakalilipas.,Matatandaang tumatak din ang karakter ni John bilang si Armando sa FPJs Ang Probinsyano na nagtapos ilang buwan pa lamang ang nakalilipas.,Matatandaang tumatak din ang karakter ni John bilang si armada sa fans Ang Probinsyano na nagtapos ilang buwan pa lamang ang nakalilipas.,"['Armando', 'FPJs']","{'Armando': ['armado', 'armad', 'armada', 'armband', 'armonyo'], 'FPJs': ['apps', 'epps', 'fans', 'fees', 'ipis']}"
"Hindi nila nakita in a broad daylight, dagdag ni Teves.","Hindi nila nakita in a broad daylight, dagdag ni Teves.","Hindi nila nakita in ag broad daylight, dagdag ni ever.","['a', 'Teves']","{'a': ['ab', 'ad', 'ag', 'ah', 'ak'], 'Teves': ['beses', 'even', 'ever', 'eyes', 'fees']}"
"I think it was more na I prioritize so much ??yung work, kaya I mention nga na no??ng pandemic I felt lost because wala akong akong anak at yung parang buong buhay ko ay dinevote ko talaga sa trabaho.","I think it was more na I prioritize so much ??yung work, kaya I mention nga na no??ng pandemic I felt lost because wala akong akong anak at yung parang buong buhay ko ay dinevote ko talaga sa trabaho.","I think it was more na I prioritize so much ??yung work, kaya I mention nga na no??ng pandemic I fest lost because wala akong akong anak at yung parang buong buhay ko ay dinakot ko talaga sa trabaho.","['felt', 'dinevote']","{'felt': ['belt', 'feet', 'fest', 'alt', 'beat'], 'dinevote': ['demote', 'devoted', 'dinakot', 'dinepine', 'dineport']}"
"Anyway, true rin kaya na kaya ini-lockdown ang PTV kahapon ay dahil may mga nahawahang staff?","Anyway, true rin kaya na kaya ini-lockdown ang PTV kahapon ay dahil may mga nahawahang staff?","anay, are rin kaya na kaya ini-lockdown ang PTV kahapon ay dahil may mga nahawahang staff?","['Anyway', 'true']","{'Anyway': ['anyay', 'aaway', 'anay', 'anilay', 'aniyay'], 'true': ['tree', 'truce', 'are', 'arte', 'blue']}"
Sinundan ko nga ng tanong si Barbie na masasabing si Jak na nga ba ang lalaking hinahanap niya na makakasama niya forever.,Sinundan ko nga ng tanong si Barbie na masasabing si Jak na nga ba ang lalaking hinahanap niya na makakasama niya forever.,Sinundan ko nga ng tanong si Barbie na masasabing si jab na nga ba ang lalaking hinahanap niya na makakasama niya forever.,['Jak'],"{'Jak': ['ak', 'dak', 'jab', 'jack', 'jam']}"
Nakuha mula sa mga suspek ang ninakaw nilang cellphone maging ang mga screwdriver na ginamit nila sa pananaksak.,Nakuha mula sa mga suspek ang ninakaw nilang cellphone maging ang mga screwdriver na ginamit nila sa pananaksak.,Nakuha mula sa mga suspek ang ninakaw nilang cellphone maging ang mga creative na ginamit nila sa pananaksak.,['screwdriver'],"{'screwdriver': ['screenwriter', 'caregiver', 'creative', 'creatives', 'credited']}"
Talagang social media na ang sagot sa nagaganap ngayon na parang quiet life ng showbiz.,Talagang social media na ang sagot sa nagaganap ngayon na parang quiet life ng showbiz.,Talagang social media na ang sagot sa nagaganap ngayon na parang duet life ng showbiz.,['quiet'],"{'quiet': ['built', 'diet', 'duet', 'duit', 'guilt']}"
Tuluy-tuloy lang ang trabaho niya at kasama nga siya sa pelikulang Sandwich na mapapanood sa Vivamax sa darating na May 19.,Tuluy-tuloy lang ang trabaho niya at kasama nga siya sa pelikulang Sandwich na mapapanood sa Vivamax sa darating na May 19.,Tuluy-tuloy lang ang trabaho niya at kasama nga siya sa pelikulang Sandwich na mapapanood sa ginamas sa darating na May ag.,"['Vivamax', '19']","{'Vivamax': ['dinama', 'dinamay', 'ginamas', 'hinamad', 'hinamak'], '19': ['ab', 'ad', 'ag', 'ah', 'ak']}"
"Dahil sa kabiguang isulong ang kapakanan ng mga tribu ng Indigenous People (IP), pinagbibitiw ni Datu Rico Maca, Municipal Indigenous People Mandatory Representative ng San Miguel, Surigao del Sur si Bayan Partylist Rep.","Dahil sa kabiguang isulong ang kapakanan ng mga tribu ng Indigenous People (IP), pinagbibitiw ni Datu Rico Maca, Municipal Indigenous People Mandatory Representative ng San Miguel, Surigao del Sur si Bayan Partylist Rep.","Dahil sa kabiguang isulong ang kapakanan ng mga tribu ng Indigenous People (IP), pinagbibitiw ni Datu rick mada, Municipal Indigenous People Mandatory Representative ng San bigtal, suriso del Sur si Bayan Partylist Rep.","['Rico', 'Maca', 'Miguel', 'Surigao']","{'Rico': ['rice', 'rich', 'rick', 'rido', 'rito'], 'Maca': ['maa', 'maaa', 'mada', 'maga', 'maha'], 'Miguel': ['pigue', 'anghel', 'bigtal', 'biguin', 'biofuel'], 'Surigao': ['sumigaw', 'surian', 'suriso', 'abrigo', 'buliga']}"
Umakyat siya sa entablado ng mga pulitiko nang hindi siya naningil.,Umakyat siya sa entablado ng mga pulitiko nang hindi siya naningil.,Umakyat siya sa entablado ng mga pulitiko nang hindi siya naningil.,[],{}
"Dahil dito, tinulungan ng programani Raffy Tulfo ang senior citizen at dinalhan ng pangunahing pangangailangan nito, gayundin ang paglapit sa kanya sa Social Worker ng Cardona, Rizal upang mapangalagaan nang maayos.","Dahil dito, tinulungan ng programani Raffy Tulfo ang senior citizen at dinalhan ng pangunahing pangangailangan nito, gayundin ang paglapit sa kanya sa Social Worker ng Cardona, Rizal upang mapangalagaan nang maayos.","Dahil dito, tinulungan ng programat rainy Tulfo ang senior citizen at dinalhan ng pangunahing pangangailangan nito, gayundin ang paglapit sa kanya sa Social Worker ng corona, bital upang mapangalagaan nang maayos.","['programani', 'Raffy', 'Cardona', 'Rizal']","{'programani': ['programang', 'programa', 'programat', ""programa't"", 'program'], 'Raffy': ['raffle', 'raft', 'rainy', 'rally', 'ramay'], 'Cardona': ['carbon', 'cardava', 'corona', 'pardon', 'pardong'], 'Rizal': ['ribal', 'arial', 'bital', 'cial', 'dial']}"
"But kung gagawin natin ngayon Tito Boy, huwag na siguro.","But kung gagawin natin ngayon Tito Boy, huwag na siguro.","But kung gagawin natin ngayon Tito Boy, huwag na siguro.",[],{}
Dito nila nakita ang kalunus-luos na sinapit ng biktima.,Dito nila nakita ang kalunus-luos na sinapit ng biktima.,Dito nila nakita ang kalunus-lubos na sinapit ng biktima.,['luos'],"{'luos': ['laos', 'los', 'lubos', 'lulos', 'lunos']}"
Sinusuri na rin ang kaniyang record para alamin kung may mga dati nang reklamo laban sa kaniya.,Sinusuri na rin ang kaniyang record para alamin kung may mga dati nang reklamo laban sa kaniya.,Sinusuri na rin ang kaniyang record para alamin kung may mga dati nang reklamo laban sa kaniya.,[],{}
"May mga malalaking ahas, maliit, sari-sari.","May mga malalaking ahas, maliit, sari-sari.","May mga malalaking ahas, maliit, sari-sari.",[],{}
Huling naglaro ang mga PBA players sa harap ng mga fans noong Marso ng 2020 sa pagbubukas ng 45th Season.,Huling naglaro ang mga PBA players sa harap ng mga fans noong Marso ng 2020 sa pagbubukas ng 45th Season.,Huling naglaro ang mga iba players sa harap ng mga fans noong Marso ng aag sa pagbubukas ng meth Season.,"['PBA', '2020', '45th']","{'PBA': ['aba', 'ba', 'iba', 'pa', 'paa'], '2020': ['p25', 'aaba', 'aag', 'aako', 'aal'], '45th': ['both', 'math', 'meth', 'myth', 'oath']}"
"Pasasalamat sa Comelec, sa kani-kanilang mga pamilya at sa taumbayan naman ang namutawi sa bibig ng lahat ng Senators-Elect sa pagbibigay ng pagkakataon sa kanilang makapaglingkod.","Pasasalamat sa Comelec, sa kani-kanilang mga pamilya at sa taumbayan naman ang namutawi sa bibig ng lahat ng Senators-Elect sa pagbibigay ng pagkakataon sa kanilang makapaglingkod.","Pasasalamat sa Comelec, sa kani-kanilang mga pamilya at sa taumbayan naman ang namutawi sa bibig ng lahat ng Senators-Elect sa pagbibigay ng pagkakataon sa kanilang makapaglingkod.",[],{}
"Gayunman, napansin ni Marichu Villanueva ng Philippine Star, na may kakaiba sa pag-eere ng PTV-4 sa naturang debate.","Gayunman, napansin ni Marichu Villanueva ng Philippine Star, na may kakaiba sa pag-eere ng PTV-4 sa naturang debate.","Gayunman, napansin ni macho Villanueva ng Philippine Star, na may kakaiba sa pag-eere ng PTV-d sa naturang debate.","['Marichu', '4']","{'Marichu': ['march', 'arch', 'macho', 'magic', 'maihi'], '4': ['b', 'c', 'd', 'e', 'f']}"
"Bukod sa nangyari sa mag-inang Vacaro, may dalawang lalaki naman ang inaresto at may nakita sa kanilang tela na may nakasulat na tila Latin.","Bukod sa nangyari sa mag-inang Vacaro, may dalawang lalaki naman ang inaresto at may nakita sa kanilang tela na may nakasulat na tila Latin.","Bukod sa nangyari sa mag-inang ataro, may dalawang lalaki naman ang inaresto at may nakita sa kanilang tela na may nakasulat na tila lalin.","['Vacaro', 'Latin']","{'Vacaro': ['aararo', 'araro', 'ataro', 'kabaro', 'kalaro'], 'Latin': ['atin', 'laitin', 'lalin', 'lati', 'latian']}"
"Samantala sa karagdagang 113 kaso ng Alpha variant, 104 ang lokal na kaso, 1 ang ROF at 8 pa ang bineberipika kung lokal o ROF at sa case line list 2 ang namatay at 111 ang nakarekober at umabot na rin sa 1,968 ang kabuuang Alpha variants case sa bansa.","Samantala sa karagdagang 113 kaso ng Alpha variant, 104 ang lokal na kaso, 1 ang ROF at 8 pa ang bineberipika kung lokal o ROF at sa case line list 2 ang namatay at 111 ang nakarekober at umabot na rin sa 1,968 ang kabuuang Alpha variants case sa bansa.","Samantala sa karagdagang aal kaso ng aguha variant, aam ang lokal na kaso, d ang rok at d pa ang bineberipika kung lokal o rok at sa case line list d ang namatay at aam ang nakarekober at umabot na rin sa d,aam ang kabuuang aguha variants case sa bansa.","['113', 'Alpha', '104', '1', 'ROF', '8', 'ROF', '2', '111', '1', '968', 'Alpha']","{'113': ['p3', 'aag', 'aal', 'aam', 'aat'], 'Alpha': ['alpa', 'aapa', 'aguha', 'ala', 'alaga'], '104': ['aag', 'aal', 'aam', 'aat', 'aaw'], '1': ['b', 'c', 'd', 'e', 'f'], 'ROF': ['of', 'ro', 'rok', 'ron', 'roo'], '8': ['b', 'c', 'd', 'e', 'f'], '2': ['b', 'c', 'd', 'e', 'f'], '111': ['aag', 'aal', 'aam', 'aat', 'aaw'], '968': ['aag', 'aal', 'aam', 'aat', 'aaw']}"
"Napag-alaman na member si Gretchen ng Team Alpha ng Pitmaster group, kung saan kasama rin si Atong Ang.","Napag-alaman na member si Gretchen ng Team Alpha ng Pitmaster group, kung saan kasama rin si Atong Ang.","Napag-alaman na member si fetched ng Team aguha ng postmaster group, kung saan kasama rin si Atong Ang.","['Gretchen', 'Alpha', 'Pitmaster']","{'Gretchen': ['breacher', 'breaches', 'fetched', 'glitches', 'green'], 'Alpha': ['alpa', 'aapa', 'aguha', 'ala', 'alaga'], 'Pitmaster': ['peymaster', 'posmaster', 'postmaster', 'banmaster', 'disaster']}"
"Nakakatuwa lang daw sabi ni Joed dahil interesado na raw bilhin ito ng Netflix, Viva Films at Gaga O lala, pati ang GMA 7.","Nakakatuwa lang daw sabi ni Joed dahil interesado na raw bilhin ito ng Netflix, Viva Films at Gaga O lala, pati ang GMA 7.","Nakakatuwa lang daw sabi ni bed dahil interesado na raw bilhin ito ng natali, Viva Films at Gaga O lala, pati ang gia d.","['Joed', 'Netflix', 'GMA', '7']","{'Joed': ['koed', 'aged', 'bed', 'boad', 'bold'], 'Netflix': ['helix', 'metalik', 'natali', 'natili', 'natuli'], 'GMA': ['ama', 'ga', 'gia', 'goma', 'gra'], '7': ['b', 'c', 'd', 'e', 'f']}"
Very reliable ang nagparating sa amin ng balitang tuloy na raw ang matagal nang pinaplanong collaboration ng GMA 7 at Kapamilya network.,Very reliable ang nagparating sa amin ng balitang tuloy na raw ang matagal nang pinaplanong collaboration ng GMA 7 at Kapamilya network.,Very reliable ang nagparating sa amin ng balitang tuloy na raw ang matagal nang pinaplanong collaboration ng gia d at Kapamilya network.,"['GMA', '7']","{'GMA': ['ama', 'ga', 'gia', 'goma', 'gra'], '7': ['b', 'c', 'd', 'e', 'f']}"
"Naligayahan ang mga motorcycle for hire drivers nang dumating at namahagi sa kanila ng groceries si Vice President Sara Duterte sa isang pagtitipon sa Batasan Park, Quezon City kahapon.","Naligayahan ang mga motorcycle for hire drivers nang dumating at namahagi sa kanila ng groceries si Vice President Sara Duterte sa isang pagtitipon sa Batasan Park, Quezon City kahapon.","kaligayahang ang mga motorcycle for hire drivers nang dumating at namahagi sa kanila ng groceries si Vice President Sara suwerte sa isang pagtitipon sa Batasan Park, Quezon City kahapon.","['Naligayahan', 'Duterte']","{'Naligayahan': ['kaligayahan', 'kaigayahan', 'kaligayahang', 'nagagayahan', 'nagayahan'], 'Duterte': ['butete', 'puwerte', 'suwerte', 'terte', 'bunete']}"
Binigyang-diin din ng lokal na pamahalaan ang kahalagahan nang pagpapa-booster shots ngayong nagbabanta ang pagkalat pa ng Omicron.,Binigyang-diin din ng lokal na pamahalaan ang kahalagahan nang pagpapa-booster shots ngayong nagbabanta ang pagkalat pa ng Omicron.,Binigyang-diin din ng lokal na pamahalaan ang kahalagahan nang pagpapa-booster shots ngayong nagbabanta ang pagkalat pa ng Omicron.,[],{}
Sinabi rin niyang hindi lamang siya ang nag-iisang Pilipino na nagtrabaho para sa historic mission ng Mars rover.,Sinabi rin niyang hindi lamang siya ang nag-iisang Pilipino na nagtrabaho para sa historic mission ng Mars rover.,Sinabi rin niyang hindi lamang siya ang nag-iisang Pilipino na nagtrabaho para sa historic mission ng mags rover.,['Mars'],"{'Mars': ['bars', 'cars', 'mags', 'mais', 'maks']}"
"Dagdag ng doktara, maaari itong makuha ng mga batang lima hanggang 18 taong gulang na prone sa streptococal infection.","Dagdag ng doktara, maaari itong makuha ng mga batang lima hanggang 18 taong gulang na prone sa streptococal infection.","Dagdag ng doktor, maaari itong makuha ng mga batang lima hanggang ag taong gulang na prone sa directional infection.","['doktara', '18', 'streptococal']","{'doktara': ['doktora', 'deklara', 'doktor', 'oktaba', 'dara'], '18': ['ab', 'ad', 'ag', 'ah', 'ak'], 'streptococal': ['streptococcal', 'astronomical', 'directional', 'directorial', 'episcopal']}"
"Sinabi ni Ruby Bernardo, ACT-NCR secretary, maraming guro na umano ang nakakaranas ng tinatawag na ??burn-out?? dahil sa walang pahinga at marami na rin ang nagkakasakit.","Sinabi ni Ruby Bernardo, ACT-NCR secretary, maraming guro na umano ang nakakaranas ng tinatawag na ??burn-out?? dahil sa walang pahinga at marami na rin ang nagkakasakit.","Sinabi ni rubyo barbaro, ACT-NCR secretary, maraming guro na umano ang nakakaranas ng tinatawag na ??burn-out?? dahil sa walang pahinga at marami na rin ang nagkakasakit.","['Ruby', 'Bernardo']","{'Ruby': ['rubi', 'rubya', 'rubyo', 'baby', 'buay'], 'Bernardo': ['menardo', 'barado', 'barbaro', 'bensido', 'beranda']}"
Sinabi ni Remulla na kung hindi naging maagap ang pamunuan ng GCash sa pagresolba ng depekto ng kanilang virtual wallet services ay posibleng maharap ito sa reklamong cybercrime.,Sinabi ni Remulla na kung hindi naging maagap ang pamunuan ng GCash sa pagresolba ng depekto ng kanilang virtual wallet services ay posibleng maharap ito sa reklamong cybercrime.,Sinabi ni Remulla na kung hindi naging maagap ang pamunuan ng GCash sa pagresolba ng depekto ng kanilang virtual wallet services ay posibleng maharap ito sa reklamong cybercrime.,[],{}
"Si Li, tagapangulo ng National Peoples Congress Standing Committee, ang unang opisyal ng China na naka-meeting ni Marcos sa ikalawang araw ng kanyang pagbisita sa nasabing bansa.","Si Li, tagapangulo ng National Peoples Congress Standing Committee, ang unang opisyal ng China na naka-meeting ni Marcos sa ikalawang araw ng kanyang pagbisita sa nasabing bansa.","Si di, tagapangulo ng National Peoples Congress Standing Committee, ang unang opisyal ng China na naka-meeting ni Marcos sa ikalawang araw ng kanyang pagbisita sa nasabing bansa.",['Li'],"{'Li': ['ali', 'bi', 'di', 'fi', 'hi']}"
Nag-tone down na raw ito.,Nag-tone down na raw ito.,Nag-tone down na raw ito.,[],{}
Kumita rin ang PhilHealth ng P30.1.,Kumita rin ang PhilHealth ng P30.1.,Kumita rin ang PhilHealth ng p25.d.,"['P30', '1']","{'P30': ['p3', 'p', 'p25', 'p57', 'p75'], '1': ['b', 'c', 'd', 'e', 'f']}"
"Noong sinibak ni Lacson ang mga pulis na sangkot dito, ang laki ng natipid ng mga nagtitinda sa Divisoria dahil di na nila kailangan na magpatong ng malaki sa presyo ng mga gulay at prutas para may maipon na pang-abot sa mga nangongotong na pulis.","Noong sinibak ni Lacson ang mga pulis na sangkot dito, ang laki ng natipid ng mga nagtitinda sa Divisoria dahil di na nila kailangan na magpatong ng malaki sa presyo ng mga gulay at prutas para may maipon na pang-abot sa mga nangongotong na pulis.","Noong sinibak ni ason ang mga pulis na sangkot dito, ang laki ng natipid ng mga nagtitinda sa advisories dahil di na nila kailangan na magpatong ng malaki sa presyo ng mga gulay at prutas para may maipon na pang-abot sa mga nangongotong na pulis.","['Lacson', 'Divisoria']","{'Lacson': ['lason', 'arson', 'ason', 'kalson', 'labon'], 'Divisoria': ['dibisor', 'advisor', 'advisories', 'advisors', 'advisory']}"
Umaasa rin ang pangulong tatanggapin ito ng taumbayan ngayong kumakalat ang ibat ibang krimen gamit ang mga cellphones at pagkalat ng scam at spam messages.,Umaasa rin ang pangulong tatanggapin ito ng taumbayan ngayong kumakalat ang ibat ibang krimen gamit ang mga cellphones at pagkalat ng scam at spam messages.,Umaasa rin ang pangulong tatanggapin ito ng taumbayan ngayong kumakalat ang ibat ibang krimen gamit ang mga cellphones at pagkalat ng scam at spam messages.,[],{}
Ang naturang mga rekomendasyon ay pag-aaralan bago opisyal na maglalabas ng pasya kung magkakaroon ng bagong patakaran sa quarantine protocols sa mga uuwing OFW.,Ang naturang mga rekomendasyon ay pag-aaralan bago opisyal na maglalabas ng pasya kung magkakaroon ng bagong patakaran sa quarantine protocols sa mga uuwing OFW.,Ang naturang mga rekomendasyon ay pag-aaralan bago opisyal na maglalabas ng pasya kung magkakaroon ng bagong patakaran sa quarantine protocols sa mga uuwing aaw.,['OFW'],"{'OFW': ['of', 'off', 'aaw', 'arw', 'aw']}"
"Sumalang na sa swab test kahapon ang lahat ng players, coaches, staff at officials para sa pagbabalik-aksyon ng PBA Season 46 Philippine Cup sa Pampanga.","Sumalang na sa swab test kahapon ang lahat ng players, coaches, staff at officials para sa pagbabalik-aksyon ng PBA Season 46 Philippine Cup sa Pampanga.","Sumalang na sa swab test kahapon ang lahat ng players, coaches, staff at officials para sa pagbabalik-aksyon ng iba Season ag Philippine Cup sa Pampanga.","['PBA', '46']","{'PBA': ['aba', 'ba', 'iba', 'pa', 'paa'], '46': ['ab', 'ad', 'ag', 'ah', 'ak']}"
Dahil wala umanong suot na helmet ang biktima ay naging matindi ang pinsalang tinamo nito sa kanyang ulo.,Dahil wala umanong suot na helmet ang biktima ay naging matindi ang pinsalang tinamo nito sa kanyang ulo.,Dahil wala umanong suot na helmet ang biktima ay naging matindi ang pinsalang tinamo nito sa kanyang ulo.,[],{}
Hanggang lumabas ang mga sakit at nakaranas ng stroke si Kuya Kim noong 2010.,Hanggang lumabas ang mga sakit at nakaranas ng stroke si Kuya Kim noong 2010.,Hanggang lumabas ang mga sakit at nakaranas ng stroke si Kuya im noong aako.,"['Kim', '2010']","{'Kim': ['dim', 'him', 'im', 'kam', 'kid'], '2010': ['aaba', 'aag', 'aako', 'aal', 'aala']}"
Wala masyadong pinagkakaabalahan si Valdez dahil hindi ito kasama sa national team na sumabak sa AVC Asian Club Volleyball Championship sa Thailand.,Wala masyadong pinagkakaabalahan si Valdez dahil hindi ito kasama sa national team na sumabak sa AVC Asian Club Volleyball Championship sa Thailand.,Wala masyadong pinagkakaabalahan si value dahil hindi ito kasama sa national team na sumabak sa aam asiman Club Volleyball Championship sa hadlang.,"['Valdez', 'AVC', 'Asian', 'Thailand']","{'Valdez': ['balde', 'valley', 'value', 'valued', 'values'], 'AVC': ['aag', 'aal', 'aam', 'aat', 'aaw'], 'Asian': ['arian', 'asias', 'asiman', 'asin', 'asinan'], 'Thailand': ['garland', 'hablang', 'hadlang', 'hailing', 'hainan']}"
Kabilang sa pitong namatay ang isang 2-anyos na bata at 60-anyos na senior citizen.,Kabilang sa pitong namatay ang isang 2-anyos na bata at 60-anyos na senior citizen.,Kabilang sa pitong namatay ang isang d-anyos na bata at ag-anyos na senior citizen.,"['2', '60']","{'2': ['b', 'c', 'd', 'e', 'f'], '60': ['ab', 'ad', 'ag', 'ah', 'ak']}"
"Ang point lang po talaga ng birthday na ito is magsama-sama po kami, mag-enjoy, hindi kailangang pefect yung sayaw, yung kanta, kung anumang production number.","Ang point lang po talaga ng birthday na ito is magsama-sama po kami, mag-enjoy, hindi kailangang pefect yung sayaw, yung kanta, kung anumang production number.","Ang point lang po talaga ng birthday na ito is magsama-sama po kami, mag-enjoy, hindi kailangang affect yung sayaw, yung kanta, kung anumang production number.",['pefect'],"{'pefect': ['defect', 'perfect', 'affect', 'defeat', 'defects']}"
"Aniya, hindi biro ang trabaho na pinagdaraanan ng mga pulis kaya nangyayari minsan ang hindi magaganda at tamang desisyon ng mga ito.","Aniya, hindi biro ang trabaho na pinagdaraanan ng mga pulis kaya nangyayari minsan ang hindi magaganda at tamang desisyon ng mga ito.","Aniya, hindi biro ang trabaho na pinagdaraanan ng mga pulis kaya nangyayari minsan ang hindi magaganda at tamang desisyon ng mga ito.",[],{}
"Ayon sa Bureau of Corrections (BuCor), namatay umano si Chua dahil sa sakit na dulot ng virus.","Ayon sa Bureau of Corrections (BuCor), namatay umano si Chua dahil sa sakit na dulot ng virus.","Ayon sa Bureau of Corrections (babor), namatay umano si aqua dahil sa sakit na dulot ng virus.","['BuCor', 'Chua']","{'BuCor': ['butor', 'autor', 'babor', 'balor', 'baor'], 'Chua': ['cha', 'chupa', 'aqua', 'casa', 'cham']}"
"Taong 1892, unang binuksan ang Manila-Dagupan Ferrocaril, na pagmamay-ari noon ng Manila Railroad Company.","Taong 1892, unang binuksan ang Manila-Dagupan Ferrocaril, na pagmamay-ari noon ng Manila Railroad Company.","Taong aako, unang binuksan ang Manila-Dagupan bersatil, na pagmamay-ari noon ng Manila Railroad Company.","['1892', 'Ferrocaril']","{'1892': ['aaba', 'aag', 'aako', 'aal', 'aala'], 'Ferrocaril': ['perokaril', 'aerobatic', 'bersatil', 'certiorari', 'cervical']}"
"Anyway, wala pang kino-confirm si Marian, pero diumanoy tuloy ang gagawin nilang light drama series ni John Lloyd Cruz.","Anyway, wala pang kino-confirm si Marian, pero diumanoy tuloy ang gagawin nilang light drama series ni John Lloyd Cruz.","anay, wala pang kino-confirm si malian, pero diumanoy tuloy ang gagawin nilang light drama series ni John cloud Cruz.","['Anyway', 'Marian', 'Lloyd']","{'Anyway': ['anyay', 'aaway', 'anay', 'anilay', 'aniyay'], 'Marian': ['arian', 'harian', 'malian', 'mariin', 'parian'], 'Lloyd': ['aloy', 'blood', 'cloud', 'flood', 'llaya']}"
Binigyan diin din ni Timbal na nais nilang makilahok ang mga estudyante lalo pat may mga paaralan ang magsisimula na ng face-to-face classes.,Binigyan diin din ni Timbal na nais nilang makilahok ang mga estudyante lalo pat may mga paaralan ang magsisimula na ng face-to-face classes.,Binigyan diin din ni tambal na nais nilang makilahok ang mga estudyante lalo pat may mga paaralan ang magsisimula na ng face-to-face classes.,['Timbal'],"{'Timbal': ['gimbal', 'simbal', 'tambal', 'timba', 'timbaw']}"
"Ginagampanan ni Beauty ang role ni Shiela na asawa ni Nate, pero mapapalapit din kay Michael.","Ginagampanan ni Beauty ang role ni Shiela na asawa ni Nate, pero mapapalapit din kay Michael.","Ginagampanan ni Beauty ang role ni hibla na asawa ni Nate, pero mapapalapit din kay Michael.",['Shiela'],"{'Shiela': ['shield', 'chielf', 'hibla', 'hila', 'shelf']}"
Agad na hinablot ng mga suspek ang cellphone ng biktima at bago sumakay ng motorsiklo ay walang kaabug-abog na nilaslas ng isa sa mga suspek ang mukha ng biktima.,Agad na hinablot ng mga suspek ang cellphone ng biktima at bago sumakay ng motorsiklo ay walang kaabug-abog na nilaslas ng isa sa mga suspek ang mukha ng biktima.,Agad na hinablot ng mga suspek ang cellphone ng biktima at bago sumakay ng motorsiklo ay walang kaabug-abog na nilaslas ng isa sa mga suspek ang mukha ng biktima.,[],{}
Inaabangan ngayon kung aling pelikula ni Bea Alonzo sa Star Cinema ang ginamitan ng Roto sa video editing.,Inaabangan ngayon kung aling pelikula ni Bea Alonzo sa Star Cinema ang ginamitan ng Roto sa video editing.,Inaabangan ngayon kung aling pelikula ni beam alone sa Star Cinema ang ginamitan ng groto sa video editing.,"['Bea', 'Alonzo', 'Roto']","{'Bea': ['ba', 'be', 'beam', 'bear', 'beat'], 'Alonzo': ['abono', 'alon', 'alone', 'along', 'aabono'], 'Roto': ['boto', 'goto', 'groto', 'loto', 'moto']}"
Inaabot dahil sila ng hanggang 3 a.m. sa pag-invoice lang.,Inaabot dahil sila ng hanggang 3 a.m. sa pag-invoice lang.,Inaabot dahil sila ng hanggang d ag.m. sa pag-invoice lang.,"['3', 'a']","{'3': ['b', 'c', 'd', 'e', 'f'], 'a': ['ab', 'ad', 'ag', 'ah', 'ak']}"
Nagpasabog si Joshua Guiab ng career-high 17 puntos at tulungan ang Heavy Bombers na masikwat ang ikalawang panalo sa apat na laro.,Nagpasabog si Joshua Guiab ng career-high 17 puntos at tulungan ang Heavy Bombers na masikwat ang ikalawang panalo sa apat na laro.,Nagpasabog si john grab ng career-high ag puntos at tulungan ang Heavy Bombers na mahiklat ang ikalawang panalo sa apat na laro.,"['Joshua', 'Guiab', '17', 'masikwat']","{'Joshua': ['bosa', 'dosena', 'john', 'joma', 'jowa'], 'Guiab': ['gia', 'glab', 'grab', 'gubat', 'guham'], '17': ['ab', 'ad', 'ag', 'ah', 'ak'], 'masikwat': ['manikwat', 'halikwat', 'mahiklat', 'manikmat', 'masabwat']}"
Pero isa si Russu sa nagpa-audition sa PBB Connect sa KUMU at nakapasok pa siya.,Pero isa si Russu sa nagpa-audition sa PBB Connect sa KUMU at nakapasok pa siya.,Pero isa si truss sa nagpa-aauditin sa aba Connect sa kumo at nakapasok pa siya.,"['Russu', 'audition', 'PBB', 'KUMU']","{'Russu': ['bussa', 'rush', 'truss', 'wushu', 'ass'], 'audition': ['addition', 'auditin', 'aauditin', 'addiction', 'ambition'], 'PBB': ['peb', 'ab', 'aba', 'abf', 'abo'], 'KUMU': ['kum', 'kumi', 'kumo', 'kumun', 'kuru']}"
"Someday, dadating 'yan sa 'yo, hindi man ngayon, pero dadating 'yan sa yo dahil alam ko na binibigay mo ang puso mo sa bawat ginagawa mo, kuwento niya.","Someday, dadating 'yan sa 'yo, hindi man ngayon, pero dadating 'yan sa yo dahil alam ko na binibigay mo ang puso mo sa bawat ginagawa mo, kuwento niya.","comedian, dadating 'yan sa 'yo, hindi man ngayon, pero dadating 'yan sa yo dahil alam ko na binibigay mo ang puso mo sa bawat ginagawa mo, kuwento niya.",['Someday'],"{'Someday': ['comedy', 'bobeda', 'comedian', 'holiday', 'komedor']}"
"Totoo 'yon, anang aktor.","Totoo 'yon, anang aktor.","Totoo 'yon, anang aktor.",[],{}
Ang kahilingan ay ginawa ni Go sa inihaing Senate Bill No.,Ang kahilingan ay ginawa ni Go sa inihaing Senate Bill No.,Ang kahilingan ay ginawa ni Go sa inihaing Senate Bill No.,[],{}
"Diumano, umabot na sa more than P500 million ang budget nito at maingay lang daw sa social media ang ibang programa nila pero hindi nagko-convert sa mataas ng viewership para maka-attract ng maraming advertisers.","Diumano, umabot na sa more than P500 million ang budget nito at maingay lang daw sa social media ang ibang programa nila pero hindi nagko-convert sa mataas ng viewership para maka-attract ng maraming advertisers.","Diumano, umabot na sa more than p25 million ang budget nito at maingay lang daw sa social media ang ibang programa nila pero hindi nagko-convert sa mataas ng internship para maka-attack ng maraming advertisers.","['P500', 'viewership', 'attract']","{'P500': ['p57', 'p', 'p25', 'p3', 'p75'], 'viewership': ['ridership', 'viewers', 'internship', 'leadership', 'membership'], 'attract': ['abstract', 'attach', 'attack', 'attracted', 'cataract']}"
"Ako man, nuong mga panahong hindi pa ako nagsisilbi sa ating Panginoon, inaakala ko rin na nalulugod na sa akin ang Diyos dahil nagsisimba ako tuwing Linggo, nagdadasal ng Rosaryo at paminsan-minsan ay gumagawa ng kabutihan.","Ako man, nuong mga panahong hindi pa ako nagsisilbi sa ating Panginoon, inaakala ko rin na nalulugod na sa akin ang Diyos dahil nagsisimba ako tuwing Linggo, nagdadasal ng Rosaryo at paminsan-minsan ay gumagawa ng kabutihan.","Ako man, nuong mga panahong hindi pa ako nagsisilbi sa ating Panginoon, inaakala ko rin na nalulugod na sa akin ang diyosa dahil nagsisimba ako tuwing Linggo, magdarasal ng Rosaryo at paminsan-minsan ay gumagawa ng kabutihan.","['Diyos', 'nagdadasal']","{'Diyos': ['diyas', 'diyes', 'diyosa', 'diyus', 'aayos'], 'nagdadasal': ['nagdarasal', 'ipagdadasal', 'magdarasal', 'nagdadaan', 'nagdadala']}"
Bago ang insidente ay ipinarada umano ng driver ang truck sa naturang lugar para kumuha ng pagkain sa kanilang bahay.,Bago ang insidente ay ipinarada umano ng driver ang truck sa naturang lugar para kumuha ng pagkain sa kanilang bahay.,Bago ang insidente ay ipinarada umano ng driver ang truck sa naturang lugar para kumuha ng pagkain sa kanilang bahay.,[],{}
Napilitang umamin ang suspek nang ipakita ng mga pulis ang kopya ng CCTV camera na ang kanyang pedicab ang nakitang sinakyan ng biktima na patungo sana sa Provincial Capitol Complex para dumalo sa pagtitipon ng kanilang simbahan pero hindi na nakarating at tatlong araw na nawala.,Napilitang umamin ang suspek nang ipakita ng mga pulis ang kopya ng CCTV camera na ang kanyang pedicab ang nakitang sinakyan ng biktima na patungo sana sa Provincial Capitol Complex para dumalo sa pagtitipon ng kanilang simbahan pero hindi na nakarating at tatlong araw na nawala.,Napilitang umamin ang suspek nang ipakita ng mga pulis ang kopya ng CCTV camera na ang kanyang pedicab ang nakitang sinakyan ng biktima na patungo sana sa Provincial Capitol Complex para dumalo sa pagtitipon ng kanilang simbahan pero hindi na nakarating at tatlong araw na nawala.,[],{}
Kahit nga si Teresa Loyzaga ay nag-comment na masaya siya sa kanilang pagsasama-sama pagsalubong ng taong 2023.,Kahit nga si Teresa Loyzaga ay nag-comment na masaya siya sa kanilang pagsasama-sama pagsalubong ng taong 2023.,Kahit nga si bersa layagan ay nag-comment na masaya siya sa kanilang pagsasama-sama pagsalubong ng taong aaba.,"['Teresa', 'Loyzaga', '2023']","{'Teresa': ['seresa', 'terasa', 'bersa', 'deretsa', 'persa'], 'Loyzaga': ['laga', 'layag', 'layagan', 'linaga', 'liyag'], '2023': ['p25', 'p3', 'aaba', 'aag', 'aako']}"
Maliit lang naman ang industriya.,Maliit lang naman ang industriya.,Maliit lang naman ang industriya.,[],{}
Naninindigan pa rin ang DOH na palaging ipagpatuloy ang pagsusuot ng face maks upang maprotektahan ang mga tao mula sa COVID-19.,Naninindigan pa rin ang DOH na palaging ipagpatuloy ang pagsusuot ng face maks upang maprotektahan ang mga tao mula sa COVID-19.,Naninindigan pa rin ang DOH na palaging ipagpatuloy ang pagsusuot ng face maks upang maprotektahan ang mga tao mula sa COVID-ag.,['19'],"{'19': ['ab', 'ad', 'ag', 'ah', 'ak']}"
"Ang pamunuan po ng MMDA ay nag-decide na hindi na po palawakin yung number coding scheme suspension, anang opisyal.","Ang pamunuan po ng MMDA ay nag-decide na hindi na po palawakin yung number coding scheme suspension, anang opisyal.","Ang pamunuan po ng MMDA ay nag-decree na hindi na po palawakin yung number coding scheme suspension, anang opisyal.",['decide'],"{'decide': ['decided', 'decline', 'decree', 'dede', 'desire']}"
"At alam din naman yon ni Ricci,? paglilinaw ng aktres.","At alam din naman yon ni Ricci,? paglilinaw ng aktres.","At alam din naman yon ni rick,? paglilinaw ng aktres.",['Ricci'],"{'Ricci': ['rice', 'rich', 'rick', 'ricky', 'rindi']}"
"Inaming hinahanap-hanap naman daw ni Mithi ang ama dahil panay ang banggit nito ng ??daddy, daddy.?","Inaming hinahanap-hanap naman daw ni Mithi ang ama dahil panay ang banggit nito ng ??daddy, daddy.?","Inaming hinahanap-hanap naman daw ni Mithi ang ama dahil panay ang banggit nito ng ??buddy, buddy.?","['daddy', 'daddy']","{'daddy': ['add', 'andy', 'buddy', 'candy', 'dad']}"
"Nang dalhin sa ospital si Jepoy noong Hunyo, natuklasang ilang beses nang nagpipigil sa pag-ihi ang bata dahil sa paggamit ng gadget, na umaabot ng apat na oras kung minsan.","Nang dalhin sa ospital si Jepoy noong Hunyo, natuklasang ilang beses nang nagpipigil sa pag-ihi ang bata dahil sa paggamit ng gadget, na umaabot ng apat na oras kung minsan.","Nang dalhin sa ospital si deploy noong Hunyo, natuklasang ilang beses nang nagpipigil sa pag-ihi ang bata dahil sa paggamit ng gadget, na umaabot ng apat na oras kung minsan.",['Jepoy'],"{'Jepoy': ['aapoy', 'apoy', 'deploy', 'depo', 'depot']}"
Mga 15 araw na mawawala ang mga players sa kani-kanyang koponan kung saan nakapaloob sa schedule ang aktuwal na kumpetisyon at ang preparasyon ng koponan.,Mga 15 araw na mawawala ang mga players sa kani-kanyang koponan kung saan nakapaloob sa schedule ang aktuwal na kumpetisyon at ang preparasyon ng koponan.,Mga ag araw na mawawala ang mga players sa kani-kanyang koponan kung saan nakapaloob sa schedule ang aktuwal na kumpetisyon at ang preparasyon ng koponan.,['15'],"{'15': ['ab', 'ad', 'ag', 'ah', 'ak']}"
"Hindi ??yun pumasa sa panlasa ni Gretchen, muli niyang hinalukay sa baul ng alaala ang pangalan ng isang negosyanteng sinisingil nang bilyon ng BIR pero tinulungan ni Kris na mapababa ang babayaran sa termino ng kanyang kuya, ganu??n daw ba ang may pagmamahal at malasakit sa ating bayan?","Hindi ??yun pumasa sa panlasa ni Gretchen, muli niyang hinalukay sa baul ng alaala ang pangalan ng isang negosyanteng sinisingil nang bilyon ng BIR pero tinulungan ni Kris na mapababa ang babayaran sa termino ng kanyang kuya, ganu??n daw ba ang may pagmamahal at malasakit sa ating bayan?","Hindi ??yun pumasa sa panlasa ni fetched, muli niyang hinalukay sa baul ng alaala ang pangalan ng isang negosyanteng sinisingil nang bilyon ng ber pero tinulungan ni Kris na mapababa ang babayaran sa termino ng kanyang kuya, gana??n daw ba ang may pagmamahal at malasakit sa ating bayan?","['Gretchen', 'BIR', 'ganu']","{'Gretchen': ['breacher', 'breaches', 'fetched', 'glitches', 'green'], 'BIR': ['air', 'bar', 'ber', 'bi', 'bia'], 'ganu': ['anu', 'gan', 'gana', 'gang', 'ganun']}"
Bong pagkatapos niyang mahatid ang kotseng napanalunan ng babaeng taga-Imus.,Bong pagkatapos niyang mahatid ang kotseng napanalunan ng babaeng taga-Imus.,Bong pagkatapos niyang mahati ang kotseng napanalunan ng babaeng taga-Imus.,['mahatid'],"{'mahatid': ['mabatid', 'maghatid', 'mahati', 'maihatid', 'mapatid']}"
"Kaugnay nito, binatikos naman ni Department of the Interior and Local Government Undersecretary (DILG) Jonathan Malaya ang platform at sinabing nakakaalarma ito, kung hindi delikado.","Kaugnay nito, binatikos naman ni Department of the Interior and Local Government Undersecretary (DILG) Jonathan Malaya ang platform at sinabing nakakaalarma ito, kung hindi delikado.","Kaugnay nito, binatikos naman ni Department of the Interior and Local Government Undersecretary (DILG) botahan Malaya ang platform at sinabing nakakaalarma ito, kung hindi delikado.",['Jonathan'],"{'Jonathan': ['banatan', 'binataan', 'botahan', 'dinalhan', 'dinatnan']}"
"Maliban pa rito, wala na siyang ibang ibinigay na detalye sa nangyari o kung may kakasuhan ba siya kaugnay nito.","Maliban pa rito, wala na siyang ibang ibinigay na detalye sa nangyari o kung may kakasuhan ba siya kaugnay nito.","Maliban pa rito, wala na siyang ibang ibinigay na detalye sa nangyari o kung may kakasuhan ba siya kaugnay nito.",[],{}
"Sabi nga ng mga nakakausap namin, ang tingin daw sa mikropono ng tatay ng Maynila ay baril, putok siya nang putok nang walang direksiyon sa kanyang mga litanya.","Sabi nga ng mga nakakausap namin, ang tingin daw sa mikropono ng tatay ng Maynila ay baril, putok siya nang putok nang walang direksiyon sa kanyang mga litanya.","Sabi nga ng mga nakakausap namin, ang tingin daw sa mikropono ng tatay ng Maynila ay baril, putok siya nang putok nang walang direksiyon sa kanyang mga hitana.",['litanya'],"{'litanya': ['litania', 'britanya', 'hitana', 'itanda', 'itaya']}"
"Wow, pati sa anak terno sila dahil dalawa rin ang anak ni Kris na lalaki.","Wow, pati sa anak terno sila dahil dalawa rin ang anak ni Kris na lalaki.","Wow, pati sa anak terno sila dahil dalawa rin ang anak ni Kris na lalaki.",[],{}
"Ulysses Cruz, dakong alas-5 ng hapon nang magsagawa ang mga operatiba ng DDEU ng operasyon sa Riverside St.","Ulysses Cruz, dakong alas-5 ng hapon nang magsagawa ang mga operatiba ng DDEU ng operasyon sa Riverside St.","losses Cruz, dakong alas-d ng hapon nang magsagawa ang mga operatiba ng de ng operasyon sa diverse St.","['Ulysses', '5', 'DDEU', 'Riverside']","{'Ulysses': ['alyases', 'classes', 'losses', 'aliases', 'blessed'], '5': ['b', 'c', 'd', 'e', 'f'], 'DDEU': ['added', 'datu', 'de', 'debu', 'ded'], 'Riverside': ['airside', 'dineside', 'diverse', 'diversion', 'diversity']}"
"Ayon sa manager ng Kapamilya actress na si Ogie Diaz, naniniwala siya na very much together pa rin ang LizQuen at matagal nang magkaibigan ang dalaga at si James.","Ayon sa manager ng Kapamilya actress na si Ogie Diaz, naniniwala siya na very much together pa rin ang LizQuen at matagal nang magkaibigan ang dalaga at si James.","Ayon sa manager ng Kapamilya actress na si agit biak, naniniwala siya na very much together pa rin ang likuan at matagal nang magkaibigan ang dalaga at si James.","['Ogie', 'Diaz', 'LizQuen']","{'Ogie': ['age', 'agik', 'agit', 'agiw', 'die'], 'Diaz': ['dial', 'bia', 'biak', 'bias', 'cial'], 'LizQuen': ['lacquer', 'likmuan', 'likuan', 'linemen', 'linen']}"
Nililinis na lang sa editing ang music na ginamit niyang pampaiyak!,Nililinis na lang sa editing ang music na ginamit niyang pampaiyak!,Nililinis na lang sa editing ang music na ginamit niyang nagpaiyak!,['pampaiyak'],"{'pampaiyak': ['magpaiyak', 'mapaiyak', 'nagpaiyak', 'napaiyak', 'pagpadyak']}"
Inakala umano ng caretaker na si Willie Plasige na bote lang ang laman ng sako.,Inakala umano ng caretaker na si Willie Plasige na bote lang ang laman ng sako.,Inakala umano ng caretaker na si will alige na bote lang ang laman ng sako.,"['Willie', 'Plasige']","{'Willie': ['wildlife', 'wili', 'will', 'willing', 'airline'], 'Plasige': ['pasig', 'aasign', 'alige', 'aside', 'basig']}"
Opisyal nang nagkapirmahan ang dalawa sa mga bigating pangalan sa TV at film industry ?? ang GMA Network at Regal Entertainment ?? para sa mga proyekto sa Kapuso viewers.,Opisyal nang nagkapirmahan ang dalawa sa mga bigating pangalan sa TV at film industry ?? ang GMA Network at Regal Entertainment ?? para sa mga proyekto sa Kapuso viewers.,Opisyal nang nagpirmahan ang dalawa sa mga bigating pangalan sa TV at film industry ?? ang gia Network at regalo Entertainment ?? para sa mga proyekto sa abuso viewers.,"['nagkapirmahan', 'GMA', 'Regal', 'Kapuso']","{'nagkapirmahan': ['magkapirmahan', 'nagpipirmahan', 'nagpirmahan', 'napapirmahan', 'magpipirmahan'], 'GMA': ['ama', 'ga', 'gia', 'goma', 'gra'], 'Regal': ['legal', 'real', 'regalo', 'renal', 'angal'], 'Kapuso': ['kapus', 'aabuso', 'abuso', 'baruso', 'isapuso']}"
Sapagkat mahirap talagang kilatisin kung ano ang orihinal sa peke dahil hindi mo basta-basta mapapansin at mahahalata ang pinagkaiba ng produkto.,Sapagkat mahirap talagang kilatisin kung ano ang orihinal sa peke dahil hindi mo basta-basta mapapansin at mahahalata ang pinagkaiba ng produkto.,Sapagkat mahirap talagang kilatisin kung ano ang orihinal sa peke dahil hindi mo basta-basta mapapansin at mahahalata ang pinagkaiba ng produkto.,[],{}
Limitado lang ang mabibigyan nitong magsasaka ng mais at mga mangingisda samantalang halos lahat ?? lalo na ang mga magsasaka ng palay at gulay ay apektado ng pagtaas ng presyo ng abono at langis.,Limitado lang ang mabibigyan nitong magsasaka ng mais at mga mangingisda samantalang halos lahat ?? lalo na ang mga magsasaka ng palay at gulay ay apektado ng pagtaas ng presyo ng abono at langis.,Limitado lang ang mabibigyan nitong magsasaka ng mais at mga mangingisda samantalang halos lahat ?? lalo na ang mga magsasaka ng palay at gulay ay apektado ng pagtaas ng presyo ng abono at langis.,[],{}
Napag-alaman na ipinagbubuntis pa lang daw si Jane noon ng kaniyang ina nang maghiwalay ang kaniyang mga magulang.,Napag-alaman na ipinagbubuntis pa lang daw si Jane noon ng kaniyang ina nang maghiwalay ang kaniyang mga magulang.,Napag-alaman na ipinagbubuntis pa lang daw si vane noon ng kaniyang ina nang maghiwalay ang kaniyang mga magulang.,['Jane'],"{'Jane': ['june', 'lane', 'vane', 'aang', 'aani']}"
"Weve already concluded the agreement, ??yong supply na lang, we??re threshing out the supply kung kailan nila puwedeng i-deliver itong Moderna, ani Romualdez.","Weve already concluded the agreement, ??yong supply na lang, we??re threshing out the supply kung kailan nila puwedeng i-deliver itong Moderna, ani Romualdez.","were already concluded the agreement, ??yong supply na lang, we??re phishing out the supply kung kailan nila puwedeng i-deliver itong Moderna, ani comrade.","['Weve', 'threshing', 'Romualdez']","{'Weve': ['leve', 'wave', 'were', 'bee', 'beke'], 'threshing': ['arresting', 'dressing', 'phishing', 'pressing', 'resing'], 'Romualdez': ['boulder', 'commander', 'comrade', 'comrades', 'komander']}"
"Kuwento ng aming source, Kailangan nilang harangan ang karisma ng male politician, malakas ang dating niya, ngayon pa lang, e, kita na nilang nakukuha nung male politician ang puso ng masa.","Kuwento ng aming source, Kailangan nilang harangan ang karisma ng male politician, malakas ang dating niya, ngayon pa lang, e, kita na nilang nakukuha nung male politician ang puso ng masa.","Kuwento ng aming source, Kailangan nilang harangan ang arisga ng male politician, malakas ang dating niya, ngayon pa lang, e, kita na nilang nakukuha nung male politician ang puso ng masa.",['karisma'],"{'karisma': ['karima', 'aarisga', 'arisga', 'iarisga', 'kabisa']}"
Napa-comment tuloy ang ilang netizens sa Facebook page ng GMA Drama.,Napa-comment tuloy ang ilang netizens sa Facebook page ng GMA Drama.,Napa-comment tuloy ang ilang netizens sa Facebook page ng gia Drama.,['GMA'],"{'GMA': ['ama', 'ga', 'gia', 'goma', 'gra']}"
Sinabi ni Dingdong na tila mini-reunion ito dahil marami sa cast ang kaniya nang nakatrabaho sa ibang projects.,Sinabi ni Dingdong na tila mini-reunion ito dahil marami sa cast ang kaniya nang nakatrabaho sa ibang projects.,Sinabi ni dihadong na tila mini-reunion ito dahil marami sa cast ang kaniya nang nakatrabaho sa ibang projects.,['Dingdong'],"{'Dingdong': ['dingding', 'digong', 'dihadong', 'dinamong', 'dinayong']}"
"Bukod sa mga kabaong, kabilang din sa mga premyo ay formaldehyde na pang-embalsamo at mga marble urn.","Bukod sa mga kabaong, kabilang din sa mga premyo ay formaldehyde na pang-embalsamo at mga marble urn.","Bukod sa mga kabaong, kabilang din sa mga premyo ay formative na pang-embalsamo at mga marble urn.",['formaldehyde'],"{'formaldehyde': ['formal', 'formalities', 'formative', 'forwarders', 'madehado']}"
"Kaya lang ang option nasa dealer kung ano ang gagawin niya, ayon kay Raquedan.","Kaya lang ang option nasa dealer kung ano ang gagawin niya, ayon kay Raquedan.","Kaya lang ang option nasa dealer kung ano ang gagawin niya, ayon kay masundan.",['Raquedan'],"{'Raquedan': ['kalugdan', 'latundan', 'masundan', 'nasundan', 'aabutan']}"
Tiniyak din ni Duterte na hindi magkakaroon ng jurisdiction sa kanya sina Trillanes.,Tiniyak din ni Duterte na hindi magkakaroon ng jurisdiction sa kanya sina Trillanes.,Tiniyak din ni suwerte na hindi magkakaroon ng jurisdiction sa kanya sina billings.,"['Duterte', 'Trillanes']","{'Duterte': ['butete', 'puwerte', 'suwerte', 'terte', 'bunete'], 'Trillanes': ['villages', 'airlines', 'billings', 'bilyones', 'brigades']}"
Sinabi ng Presidente na kinikilala niya ang ipinakitang pagtutulungan ng gobyerno at pribadong sektor kaya maraming mamamayan ang nakatanggap ng bakuna.,Sinabi ng Presidente na kinikilala niya ang ipinakitang pagtutulungan ng gobyerno at pribadong sektor kaya maraming mamamayan ang nakatanggap ng bakuna.,Sinabi ng Presidente na kinikilala niya ang ipinakitang pagtutulungan ng gobyerno at pribadong sektor kaya maraming mamamayan ang nakatanggap ng bakuna.,[],{}
Tuluyan nang naging bagyo ang low pressure area sa Philippine Sea silangan ng Extreme Luzon at tatawagin nang Tropical Depression Obet ?? ito ilang araw lang matapos makaalis ng Pilipinas ang Typhoon Neneng.,Tuluyan nang naging bagyo ang low pressure area sa Philippine Sea silangan ng Extreme Luzon at tatawagin nang Tropical Depression Obet ?? ito ilang araw lang matapos makaalis ng Pilipinas ang Typhoon Neneng.,Tuluyan nang naging bagyo ang low pressure area sa Philippine Sea silangan ng Extreme lumon at tatawagin nang Tropical Depression abat ?? ito ilang araw lang matapos makaalis ng Pilipinas ang Typhoon benteng.,"['Luzon', 'Obet', 'Neneng']","{'Luzon': ['lugon', 'lulon', 'lumon', 'lupon', 'bubon'], 'Obet': ['bet', 'oben', 'abat', 'abot', 'abut'], 'Neneng': ['akneng', 'benang', 'benteng', 'cineng', 'dedeng']}"
"Iyon naman daw isa pang good looking na newcomer, bakla rin talaga siya kahit na sa school nila.","Iyon naman daw isa pang good looking na newcomer, bakla rin talaga siya kahit na sa school nila.","Iyon naman daw isa pang good looking na encoder, bakla rin talaga siya kahit na sa school nila.",['newcomer'],"{'newcomer': ['newcomers', 'become', 'encoder', 'newsmen', 'recover']}"
Idinagdag ng duktor na kumakain naman ang alkalde at nabawasan na ang nararamdamang pananakit ng katawan.,Idinagdag ng duktor na kumakain naman ang alkalde at nabawasan na ang nararamdamang pananakit ng katawan.,idinadag ng duktor na kumakain naman ang alkalde at nabawasan na ang nararamdamang pananakit ng katawan.,['Irinagdag'],"{'Irinagdag': ['idinagdag', 'dinagdag', 'idinadag', 'alinagnag', 'binagbag']}"
"Ayon kay Department of the Interior and Local Government Undersecretary at Spokesperson Jonathan Malaya, sa ngayon ay hinihintay pa ng DILG ang desisyon ng Comelec hinggil dito.","Ayon kay Department of the Interior and Local Government Undersecretary at Spokesperson Jonathan Malaya, sa ngayon ay hinihintay pa ng DILG ang desisyon ng Comelec hinggil dito.","Ayon kay Department of the Interior and Local Government Undersecretary at Spokesperson botahan Malaya, sa ngayon ay hinihintay pa ng DILG ang desisyon ng Comelec hinggil dito.",['Jonathan'],"{'Jonathan': ['banatan', 'binataan', 'botahan', 'dinalhan', 'dinatnan']}"
Bahagi ito ng pahayag ng prinsipe sa ika-75 anibersaryo ng diplomatikong ugnayan ng Pilipinas at Britain ngayong 2021.,Bahagi ito ng pahayag ng prinsipe sa ika-75 anibersaryo ng diplomatikong ugnayan ng Pilipinas at Britain ngayong 2021.,Bahagi ito ng pahayag ng prinsipe sa ika-ad anibersaryo ng diplomatikong ugnayan ng Pilipinas at Britain ngayong aag.,"['75', '2021']","{'75': ['p75', 'ab', 'ad', 'ag', 'ah'], '2021': ['p25', 'aaba', 'aag', 'aako', 'aal']}"
"Samantala, nalalagay umano sa panganib ang sugar industry ng Negros Occidental, na tinaguriang sugar bowl ng bansa, dahil sa talamak na smuggling.","Samantala, nalalagay umano sa panganib ang sugar industry ng Negros Occidental, na tinaguriang sugar bowl ng bansa, dahil sa talamak na smuggling.","Samantala, nalalagay umano sa panganib ang sugar industry ng Negros oksidental, na tinaguriang sugar bowl ng bansa, dahil sa talamak na smuggling.",['Occidental'],"{'Occidental': ['accidental', 'incidental', 'oksidental', 'accident', 'accidents']}"
"Sabi ko kay Ate Ruby (Rodriguez), ??Bakit ganito?","Sabi ko kay Ate Ruby (Rodriguez), ??Bakit ganito?","Sabi ko kay Ate rubyo (Rodriguez), ??Bakit ganito?",['Ruby'],"{'Ruby': ['rubi', 'rubya', 'rubyo', 'baby', 'buay']}"
Sino naman kaya ang sumulat ng script na ??yun bilang pambubulabog kina Derek at Ellen?,Sino naman kaya ang sumulat ng script na ??yun bilang pambubulabog kina Derek at Ellen?,Sino naman kaya ang sumulat ng script na ??yun bilang pambubugbog kina dark at celled?,"['pambubulabog', 'Derek', 'Ellen']","{'pambubulabog': ['mabubulabog', 'nabubulabog', 'pambubugbog', 'pambubulag', 'bubulabog'], 'Derek': ['direk', 'darak', 'dark', 'deber', 'deck'], 'Ellen': ['alien', 'alyen', 'celled', 'elena', 'eleven']}"
"Palalakasin din nito ang mga local government unit dahil maipatutupad ang mga lokal na patakaran na sumusuporta at nagtataguyod ng paglago at pag-unlad ng digital na teknolohiya, digital na karera, at mga inobasyon sa kanilang mga lugar.","Palalakasin din nito ang mga local government unit dahil maipatutupad ang mga lokal na patakaran na sumusuporta at nagtataguyod ng paglago at pag-unlad ng digital na teknolohiya, digital na karera, at mga inobasyon sa kanilang mga lugar.","Palalakasin din nito ang mga local government unit dahil maipatutupad ang mga lokal na patakaran na sumusuporta at nagtataguyod ng paglago at pag-unlad ng digital na teknolohiya, digital na karera, at mga inobasyon sa kanilang mga lugar.",[],{}
"Naglista naman si Gabby Espinas ng 14 puntos, 10 rebounds, at tatlong assists samantalang nagparamdam si dating UAAP star Mac Mac Cardona na may siyam na puntos, limang rebounds, tatlong assists at isang block.","Naglista naman si Gabby Espinas ng 14 puntos, 10 rebounds, at tatlong assists samantalang nagparamdam si dating UAAP star Mac Mac Cardona na may siyam na puntos, limang rebounds, tatlong assists at isang block.","Naglista naman si aaboy espiga ng ag puntos, ag rebond, at tatlong aasisti samantalang nagparamdam si dating aag star maa maa corona na may siyam na puntos, limang rebond, tatlong aasisti at isang block.","['Gabby', 'Espinas', '14', '10', 'rebounds', 'assists', 'UAAP', 'Mac', 'Mac', 'Cardona', 'rebounds', 'assists']","{'Gabby': ['gabay', 'aabay', 'aaboy', 'abay', 'aboy'], 'Espinas': ['espina', 'eskina', 'espiga', 'espinaka', 'espinang'], '14': ['ab', 'ad', 'ag', 'ah', 'ak'], '10': ['ab', 'ad', 'ag', 'ah', 'ak'], 'rebounds': ['rebound', 'bounds', 'rebond', 'refunds', 'rounds'], 'assists': ['assist', 'aasiste', 'aasisti', 'artists', 'asiste'], 'UAAP': ['ulap', 'usap', 'aag', 'aagap', 'aakap'], 'Mac': ['imac', 'ma', 'maa', 'mae', 'mag'], 'Cardona': ['carbon', 'cardava', 'corona', 'pardon', 'pardong']}"
"Sa panahon ni Almario noong 2013, nagpalabas ng desisyon ng KWF na ""Filipinas"" na baybay ang gamitin sa mga opisyal na komunikasyon.","Sa panahon ni Almario noong 2013, nagpalabas ng desisyon ng KWF na ""Filipinas"" na baybay ang gamitin sa mga opisyal na komunikasyon.","Sa panahon ni aamagin noong aag, nagpalabas ng desisyon ng abf na ""afilipino"" na baybay ang gamitin sa mga opisyal na komunikasyon.","['Almario', '2013', 'KWF', 'Filipinas']","{'Almario': ['aaari', 'aagarin', 'aamagin', 'aamakin', 'aaparin'], '2013': ['p3', 'aaba', 'aag', 'aako', 'aal'], 'KWF': ['kw', 'kwh', 'abf', 'anf', 'aw'], 'Filipinas': ['pilipinas', 'filipino', 'afilipino', 'filings', 'ililikas']}"
Nagkakalibre ng publicity ang Miss Planet International na pinasikat lang ni Wilbert Tolentino.,Nagkakalibre ng publicity ang Miss Planet International na pinasikat lang ni Wilbert Tolentino.,nagkakalambre ng publicity ang Miss Planet International na pasikat lang ni belbet talento.,"['Nagkakalibre', 'pinasikat', 'Wilbert', 'Tolentino']","{'Nagkakalibre': ['nakakalibre', 'makakalibre', 'nagkakalambre', 'nagpapalibre', 'magkakalambre'], 'pinasikat': ['binalikat', 'hinasikan', 'pasikat', 'pinabigat', 'pinaiikit'], 'Wilbert': ['ailment', 'alert', 'belbet', 'bibero', 'billers'], 'Tolentino': ['kolektibo', 'talentado', 'talento', 'talentong', 'biolento']}"
Pwede pa rin gumamit ang mga paaralan ng blended learning modalities sa pagsisimula ng pasukan ngunit kinakailangan ding magtransition sa full capacity in person class simula Nobyembre.,Pwede pa rin gumamit ang mga paaralan ng blended learning modalities sa pagsisimula ng pasukan ngunit kinakailangan ding magtransition sa full capacity in person class simula Nobyembre.,Pwede pa rin gumamit ang mga paaralan ng blended learning modalities sa pagsisimula ng pasukan ngunit kinakailangan ding magtransition sa full capacity in person class simula Nobyembre.,[],{}
"Paliwanag ni Zubiri, walang ibang gustong mamuno sa komite at hiningi ito ni Padilla kaya maaaring para sa kanya talaga ang posisyon.","Paliwanag ni Zubiri, walang ibang gustong mamuno sa komite at hiningi ito ni Padilla kaya maaaring para sa kanya talaga ang posisyon.","Paliwanag ni kumiri, walang ibang gustong mamuno sa komite at hiningi ito ni barilya kaya maaaring para sa kanya talaga ang posisyon.","['Zubiri', 'Parilla']","{'Zubiri': ['biri', 'gumiri', 'kumiri', 'kuriri', 'lubirin'], 'Parilla': ['parilya', 'barill', 'barilya', 'kabilla', 'pabigla']}"
"Taong 2018 nang makunan at hindi matuloy ang ipinagbubuntis ni HeartFRJ, GMA News.","Taong 2018 nang makunan at hindi matuloy ang ipinagbubuntis ni HeartFRJ, GMA News.","Taong aako nang makunan at hindi matuloy ang ipinagbubuntis ni heartworm, gia News.","['2018', 'HeartFRJ', 'GMA']","{'2018': ['aaba', 'aag', 'aako', 'aal', 'aala'], 'HeartFRJ': ['heart', 'heartfelt', 'heartworm', 'artery', 'barter'], 'GMA': ['ama', 'ga', 'gia', 'goma', 'gra']}"
"Malaking tournament po itong Dubai Invitational, talagang mapapalaban ang mga swimmers namin dahil mga Olympians ang talagang sumasali rito, ani Mojdeh.","Malaking tournament po itong Dubai Invitational, talagang mapapalaban ang mga swimmers namin dahil mga Olympians ang talagang sumasali rito, ani Mojdeh.","Malaking tournament po itong bubas Invitational, talagang magpapalabas ang mga swimmers namin dahil mga olimpiks ang talagang sumasali rito, ani modem.","['Dubai', 'mapapalaban', 'Olympians', 'Mojdeh']","{'Dubai': ['dubli', 'bai', 'bubas', 'dabaw', 'diban'], 'mapapalaban': ['magpapalaba', 'magpapalabang', 'magpapalabas', 'magpapaliban', 'maipapalabas'], 'Olympians': ['olympics', 'lumpiang', 'olimpiks', 'aampias', 'ampias'], 'Mojdeh': ['mode', 'model', 'modem', 'modes', 'molde']}"
Bilyon kada araw ang pumupusta sa e-sabong.,Bilyon kada araw ang pumupusta sa e-sabong.,Bilyon kara araw ang pumupusta sa e-sabong.,[],{}
"Tumutulong din sa gastusin ang kapatid ng kaniyang ina na isang factory worker sa ibang bansa, na hindi rin naman kalakihan ang sahod.","Tumutulong din sa gastusin ang kapatid ng kaniyang ina na isang factory worker sa ibang bansa, na hindi rin naman kalakihan ang sahod.","Tumutulong din sa gastusin ang kapatid ng kaniyang ina na isang factory worker sa ibang bansa, na hindi rin naman kalakihan ang sahod.",[],{}
"Hindi ba madalas niyang sabihin na pagod na siya, gusto na niyang iwanan ang puwesto niya, ayaw na niya.","Hindi ba madalas niyang sabihin na pagod na siya, gusto na niyang iwanan ang puwesto niya, ayaw na niya.","Hindi ba mamalas niyang sabihin na pagod na siya, gusto na niyang iwanan ang puwesto niya, ayaw na niya.",['maralas'],"{'maralas': ['madalas', 'makalas', 'mamalas', 'marahas', 'maranas']}"
Hiniling ng transport group naLiga ng Transportasyon at Operators sa Pilipinas(LTOP) na ibalik muna ng pamahalaan ang orihinal na ruta ng mga pampasaherong jeep bago simulan ang pagbabalik ng face-to-face classes sa simula ng pasukan sa susunod na buwan.,Hiniling ng transport group naLiga ng Transportasyon at Operators sa Pilipinas(LTOP) na ibalik muna ng pamahalaan ang orihinal na ruta ng mga pampasaherong jeep bago simulan ang pagbabalik ng face-to-face classes sa simula ng pasukan sa susunod na buwan.,Hiniling ng transport group naiga ng Transportasyon at Operators sa Pilipinas(stop) na ibalik muna ng pamahalaan ang orihinal na ruta ng mga pampasaherong jeep bago simulan ang pagbabalik ng face-to-face classes sa simula ng pasukan sa susunod na buwan.,"['naLiga', 'LTOP']","{'naLiga': ['kaliga', 'nahiga', 'naiga', 'naiiga', 'naligaw'], 'LTOP': ['loop', 'luop', 'stop', 'top', 'atbp']}"
Ang dalawang free throws ni Hollis-Jefferson ang nagbigay sa TNT ng 107-92 abante.,Ang dalawang free throws ni Hollis-Jefferson ang nagbigay sa TNT ng 107-92 abante.,Ang dalawang free taros ni hilis-person ang nagbigay sa TNT ng aal-ag abante.,"['throws', 'Hollis', 'Jefferson', '107', '92']","{'throws': ['throw', 'shows', 'taros', 'throat', 'across'], 'Hollis': ['dolls', 'halls', 'hilis', 'holds', 'holes'], 'Jefferson': ['effusion', 'offers', 'person', 'affection', 'affront'], '107': ['p57', 'aag', 'aal', 'aam', 'aat'], '92': ['ab', 'ad', 'ag', 'ah', 'ak']}"
Minamaneho ng biktima ang kaniyang puting Toyota Fortuner pauwi ng bahay galing sa BOC nang dikitan siya sa bahagi ng drivers side ng isang motorsiklo sakay ang dalawang salarin.,Minamaneho ng biktima ang kaniyang puting Toyota Fortuner pauwi ng bahay galing sa BOC nang dikitan siya sa bahagi ng drivers side ng isang motorsiklo sakay ang dalawang salarin.,Minamaneho ng biktima ang kaniyang puting tooth foreigner pauwi ng bahay galing sa bog nang dikitan siya sa bahagi ng drivers side ng isang motorsiklo sakay ang dalawang salarin.,"['Toyota', 'Fortuner', 'BOC']","{'Toyota': ['ngtoyota', 'tokata', 'tooth', 'toots', 'torta'], 'Fortuner': ['corner', 'costumer', 'foreigner', 'forever', 'former'], 'BOC': ['bloc', 'bo', 'bog', 'bot', 'bow']}"
"Una nang humarap sa matinding batikos mula sa mga estudyante, propesor at komunidad ng UP ginawa ni Lorenzana, sa dahilang nasasagkaan nito ang malayang pamamahayag at talakayan.","Una nang humarap sa matinding batikos mula sa mga estudyante, propesor at komunidad ng UP ginawa ni Lorenzana, sa dahilang nasasagkaan nito ang malayang pamamahayag at talakayan.","Una nang humarap sa matinding batikos mula sa mga estudyante, propesor at komunidad ng UP ginawa ni Lorenzana, sa dahilang nasasagkaan nito ang malayang pamamahayag at talakayan.",[],{}
"Thirty-five years na po ang Constitution, pag-aralan nating mabuti na magiging akma po ito sa present-day situation natin dahil maaaring may mga probisyon sa loob ng constitution, na maaaring hindi na akma sa panahon ngayon, ani Go matapos niyang personal na pangunahan ang pamamahagi ng tulong sa mga naghihirap na residente ng Malabon City.","Thirty-five years na po ang Constitution, pag-aralan nating mabuti na magiging akma po ito sa present-day situation natin dahil maaaring may mga probisyon sa loob ng constitution, na maaaring hindi na akma sa panahon ngayon, ani Go matapos niyang personal na pangunahan ang pamamahagi ng tulong sa mga naghihirap na residente ng Malabon City.","Thirty-five years na po ang Constitution, pag-aralan nating mabuti na magiging akma po ito sa present-day situation natin dahil maaaring may mga probisyon sa loob ng constitution, na maaaring hindi na akma sa panahon ngayon, ani Go matapos niyang personal na pangunahan ang pamamahagi ng tulong sa mga naghihirap na residente ng Malabon City.",[],{}
"Nagpahayag din ng pagdududa si Duterte kung tutulungan ng United Nations ang Pilipinas na maipatupad ang legal claims ng bansa sa WPS, na naipanalo sa Permanent Court of Arbitration.","Nagpahayag din ng pagdududa si Duterte kung tutulungan ng United Nations ang Pilipinas na maipatupad ang legal claims ng bansa sa WPS, na naipanalo sa Permanent Court of Arbitration.","Nagpahayag din ng pagdududa si suwerte kung tutulungan ng United Nations ang Pilipinas na maipatupad ang legal claims ng bansa sa was, na naipanalo sa Permanent Court of Arbitration.","['Duterte', 'WPS']","{'Duterte': ['butete', 'puwerte', 'suwerte', 'terte', 'bunete'], 'WPS': ['ops', 'ups', 'was', 'ads', 'als']}"
"Ito ang inihayag ni Supreme Court Chief Justice Alexander G. Gesmundo, kasunod ng panawagan sa Philippine Bar Association (PBA) na suportahan ang mga reporma na ginagawa ng SC sa ilalim ng Strategic Plan for Judicial Innovations 2022-2027.","Ito ang inihayag ni Supreme Court Chief Justice Alexander G. Gesmundo, kasunod ng panawagan sa Philippine Bar Association (PBA) na suportahan ang mga reporma na ginagawa ng SC sa ilalim ng Strategic Plan for Judicial Innovations 2022-2027.","Ito ang inihayag ni Supreme Court Chief Justice Alexander G. lumundo, kasunod ng panawagan sa Philippine Bar Association (iba) na suportahan ang mga reporma na ginagawa ng csc sa ilalim ng Strategic Plan for Judicial Innovations aag-aaba.","['Gesmundo', 'PBA', 'SC', '2022', '2027']","{'Gesmundo': ['eskudo', 'kasundo', 'lumundo', 'mundo', 'nasundo'], 'PBA': ['aba', 'ba', 'iba', 'pa', 'paa'], 'SC': ['c', 'cc', 'csc', 'oc', 's'], '2022': ['p25', 'aaba', 'aag', 'aako', 'aal'], '2027': ['p25', 'p57', 'aaba', 'aag', 'aako']}"
"Ayon sa ulat, nagkayayaang maligo ang biktima at kanyang mga kaibigan sa dagat matapos na mag-deliver ng mga parcel na inorder sa kanila.","Ayon sa ulat, nagkayayaang maligo ang biktima at kanyang mga kaibigan sa dagat matapos na mag-deliver ng mga parcel na inorder sa kanila.","Ayon sa ulat, nagkayayaang maligo ang biktima at kanyang mga kaibigan sa dagat matapos na mag-deliver ng mga parcel na inorder sa kanila.",[],{}
"Ayon kay Villamor Ventura Plan, deputy administrator ng POEA, mula sa 3,500 na limit noong 2021 ay itinaas na sa 7,000 ang deployment cap kaya mas madami na ang mabibigyan ng oportunidad na medical frontliners na makapagtrabao sa ibang bansa.","Ayon kay Villamor Ventura Plan, deputy administrator ng POEA, mula sa 3,500 na limit noong 2021 ay itinaas na sa 7,000 ang deployment cap kaya mas madami na ang mabibigyan ng oportunidad na medical frontliners na makapagtrabao sa ibang bansa.","Ayon kay nilalamog century Plan, deputy administrator ng popa, mula sa d,aam na limit noong aag ay itinaas na sa d,aam ang deployment cap kaya mas marami na ang mabibigyan ng oportunidad na medical frontliners na nakapagtrabaho sa ibang bansa.","['Villamor', 'Ventura', 'POEA', '3', '500', '2021', '7', '000', 'makapagtrabao']","{'Villamor': ['violator', 'hilamos', 'nilalamog', 'nilalamok', 'nilalamon'], 'Ventura': ['venture', 'abentura', 'century', 'denture', 'eentra'], 'POEA': ['plea', 'poeta', 'popa', 'apnea', 'area'], '3': ['b', 'c', 'd', 'e', 'f'], '500': ['aag', 'aal', 'aam', 'aat', 'aaw'], '2021': ['p25', 'aaba', 'aag', 'aako', 'aal'], '7': ['b', 'c', 'd', 'e', 'f'], '000': ['aag', 'aal', 'aam', 'aat', 'aaw'], 'makapagtrabao': ['makapagtrabaho', 'makipagtrabaho', 'nakapagtrabaho', 'makakapagtrabaho', 'makapagbabago']}"
Thankful ako sa GMA dahil lagi nila akong pinagkakatiwalaan and siyempre grateful talaga ako dahil lagi nila akong binibigyan ng opportunity para para i-showcase ang talent ko.,Thankful ako sa GMA dahil lagi nila akong pinagkakatiwalaan and siyempre grateful talaga ako dahil lagi nila akong binibigyan ng opportunity para para i-showcase ang talent ko.,Thankful ako sa gia dahil lagi nila akong pinagkakatiwalaan and siyempre grateful talaga ako dahil lagi nila akong binibigyan ng opportunity para para i-showcase ang talent ko.,['GMA'],"{'GMA': ['ama', 'ga', 'gia', 'goma', 'gra']}"
Tingnan na lang natin!,Tingnan na lang natin!,Tingnan na lang natin!,[],{}
"Actually, true na parang nabawasan ang takot ng karamihan sa mga nagpapasukang new variant ng virus sa bansa dahil sa ibat ibang isyu sa laban ni Rabiya sa Miss U.","Actually, true na parang nabawasan ang takot ng karamihan sa mga nagpapasukang new variant ng virus sa bansa dahil sa ibat ibang isyu sa laban ni Rabiya sa Miss U.","Actually, are na parang nabawasan ang takot ng karamihan sa mga magpapatukang new variant ng virus sa bansa dahil sa ibat ibang isyu sa laban ni bariya sa Miss U.","['true', 'nagpapasukang', 'Rabiya']","{'true': ['tree', 'truce', 'are', 'arte', 'blue'], 'nagpapasukang': ['nagpapatukang', 'napapasukang', 'magpapatukang', 'mapapasukang', 'nagpapabusang'], 'Rabiya': ['kabiya', 'aniya', 'bariya', 'biya', 'gabya']}"
Una na kasing sinabi ni Duterte na siya na ang mag-o-audit ng binabatikos niyang Commission on Audit matapos nitong i-flag ang Department of Health atbp.,Una na kasing sinabi ni Duterte na siya na ang mag-o-audit ng binabatikos niyang Commission on Audit matapos nitong i-flag ang Department of Health atbp.,Una na kasing sinabi ni suwerte na siya na ang mag-o-audit ng binabatikos niyang Commission on Audit matapos nitong i-flag ang Department of Health atbp.,['Duterte'],"{'Duterte': ['butete', 'puwerte', 'suwerte', 'terte', 'bunete']}"
Type kaya ni Manay Lolit na lumabas ng bahay lalo na a day before that lunch ay naka-schedule siyang magpa-dialysis?,Type kaya ni Manay Lolit na lumabas ng bahay lalo na a day before that lunch ay naka-schedule siyang magpa-dialysis?,Type kaya ni danay boli na lumabas ng bahay lalo na ag day before that lunch ay naka-schedule siyang magpa-dialysis?,"['Manay', 'Lolit', 'a']","{'Manay': ['anay', 'banay', 'danay', 'hanay', 'lanay'], 'Lolit': ['alit', 'balit', 'boli', 'bolt', 'coli'], 'a': ['ab', 'ad', 'ag', 'ah', 'ak']}"
Plano naman aniya ng DILG na ipanukala na magkaroon ng limitasyon ang kapasidad sa pagdaraos ng mga campaign rallies bilang bahagi pa rin ng pag-iingat laban sa COVID-19.,Plano naman aniya ng DILG na ipanukala na magkaroon ng limitasyon ang kapasidad sa pagdaraos ng mga campaign rallies bilang bahagi pa rin ng pag-iingat laban sa COVID-19.,Plano naman aniya ng DILG na ipanukala na magkaroon ng limitasyon ang kapasidad sa pagdaraos ng mga campaign rallies bilang bahagi pa rin ng pag-iingat laban sa COVID-ag.,['19'],"{'19': ['ab', 'ad', 'ag', 'ah', 'ak']}"
"Gusto kong magkaroon ng pamamaraan na makausap yung fans, mga Noranians sa mundo, so pumayag ako magkaroon ng channel, ayon sa batikang aktres.","Gusto kong magkaroon ng pamamaraan na makausap yung fans, mga Noranians sa mundo, so pumayag ako magkaroon ng channel, ayon sa batikang aktres.","Gusto kong magkaroon ng pamamaraan na makausap yung fans, mga anomaliang sa mundo, so pumayag ako magkaroon ng channel, ayon sa batikang aktres.",['Noranians'],"{'Noranians': ['tiraniang', 'agrarian', 'anomaliang', 'aranyang', 'barandang']}"
"Base sa criminal record na nakalap, si Binbin ay nakakuha ng ransom money na P350 million mula sa pamilya ng kanyang biktima bilang kapalit sa kalayaan ng huli noong Agosto 25, 2019.","Base sa criminal record na nakalap, si Binbin ay nakakuha ng ransom money na P350 million mula sa pamilya ng kanyang biktima bilang kapalit sa kalayaan ng huli noong Agosto 25, 2019.","Base sa criminal record na nakalap, si Binbin ay nakakuha ng ransom money na p57 million mula sa pamilya ng kanyang biktima bilang kapalit sa kalayaan ng huli noong Agosto ad, aako.","['P350', '25', '2019']","{'P350': ['p25', 'p3', 'p57', 'p75', 'p'], '25': ['p25', 'ab', 'ad', 'ag', 'ah'], '2019': ['aaba', 'aag', 'aako', 'aal', 'aala']}"
Sinabi ni Duque na ire-review rin nila sa pulong ang ombibus guidelines para sa alert level System para mahigpit na maipatupad ito sakali babalik na ang bansa sa new normal.,Sinabi ni Duque na ire-review rin nila sa pulong ang ombibus guidelines para sa alert level System para mahigpit na maipatupad ito sakali babalik na ang bansa sa new normal.,Sinabi ni dudge na ire-review rin nila sa pulong ang babybus guidelines para sa alert level System para mahigpit na maipatupad ito sakali babalik na ang bansa sa new normal.,"['Duque', 'ombibus']","{'Duque': ['daue', 'duble', 'dudge', 'due', 'dugu'], 'ombibus': ['omnibus', 'ambus', 'babybus', 'birus', 'bombings']}"
"Sobra talaga sila sa bait, sincere na pakikisama at kahit pa nga mataas ang posisyon, nanatiling down to earth ang pakikisama sa mga tao.","Sobra talaga sila sa bait, sincere na pakikisama at kahit pa nga mataas ang posisyon, nanatiling down to earth ang pakikisama sa mga tao.","Sobra talaga sila sa bait, iniere na pakikisama at kahit pa nga mataas ang posisyon, nanatiling down to earth ang pakikisama sa mga tao.",['sincere'],"{'sincere': ['ineere', 'inere', 'iniere', 'since', 'sincerely']}"
May mga nagsasabi na macho ka dahil sa muscles mo.,May mga nagsasabi na macho ka dahil sa muscles mo.,May mga nagsasabi na macho ka dahil sa muscles mo.,[],{}
Bumaba na rin ang bilang ng pasyenteng nakaratay sa Philippine General Hospital (PGH) kasabay ng pagbaba ng mga bagong kaso sa Metro Manila ngunit mga malulubha ang kundisyon naman ang karamihan na naiwan.,Bumaba na rin ang bilang ng pasyenteng nakaratay sa Philippine General Hospital (PGH) kasabay ng pagbaba ng mga bagong kaso sa Metro Manila ngunit mga malulubha ang kundisyon naman ang karamihan na naiwan.,Bumaba na rin ang bilang ng pasyenteng nakaratay sa Philippine General Hospital (ph) kasabay ng pagbaba ng mga bagong kaso sa Metro Manila ngunit mga magluluha ang kundisyon naman ang karamihan na naiwan.,"['PGH', 'malulubha']","{'PGH': ['ngh', 'pg', 'ph', 'ag', 'aga'], 'malulubha': ['maluluha', 'lulubha', 'magluluha', 'makalubha', 'malubha']}"
"Ika-9 lang ng Nobyembre nang umatras si Duterte-Carpio mula sa kanyang orihinal na re-election bid sa Davao City, bagay na lalong nagpaypay sa tsismis na tatakbo siya sa pagkapangulo sa 2022 sa pamamagitan ng substitution.","Ika-9 lang ng Nobyembre nang umatras si Duterte-Carpio mula sa kanyang orihinal na re-election bid sa Davao City, bagay na lalong nagpaypay sa tsismis na tatakbo siya sa pagkapangulo sa 2022 sa pamamagitan ng substitution.","Ika-d lang ng Nobyembre nang umatras si suwerte-carpet mula sa kanyang orihinal na re-election bid sa daan City, bagay na lalong nagpaypay sa tsismis na tatakbo siya sa pagkapangulo sa aag sa pamamagitan ng substitution.","['9', 'Duterte', 'Carpio', 'Davao', '2022']","{'9': ['b', 'c', 'd', 'e', 'f'], 'Duterte': ['butete', 'puwerte', 'suwerte', 'terte', 'bunete'], 'Carpio': ['barrio', 'cargo', 'carpet', 'marpil', 'aapi'], 'Davao': ['avai', 'cavan', 'daan', 'dabaw', 'dadag'], '2022': ['p25', 'aaba', 'aag', 'aako', 'aal']}"
Kasama rin ni Santa sa pamamasyal sa Snow World ang Snowman.,Kasama rin ni Santa sa pamamasyal sa Snow World ang Snowman.,Kasama rin ni Santa sa pamamasyal sa show World ang anomang.,"['Snow', 'Snowman']","{'Snow': ['know', 'now', 'show', 'slow', 'snob'], 'Snowman': ['anoman', 'sinoman', 'anomang', 'anuman', 'crewman']}"
"Walang duda, kahit ang WIKIPEDIA na kalimitang ginagamit ng mga gustong magsaliksik ay nagpapatunay na ang PSN ang nangungunang tabloid newspaper sa buong bansa.","Walang duda, kahit ang WIKIPEDIA na kalimitang ginagamit ng mga gustong magsaliksik ay nagpapatunay na ang PSN ang nangungunang tabloid newspaper sa buong bansa.","Walang duda, kahit ang pedia na kalimitang ginagamit ng mga gustong magsaliksik ay nagpapatunay na ang pin ang nangungunang tabloid newspaper sa buong bansa.","['WIKIPEDIA', 'PSN']","{'WIKIPEDIA': ['dispedida', 'kikipkip', 'pedia', 'antipatia', 'bibiyada'], 'PSN': ['pan', 'pen', 'pin', 'pon', 'psa']}"
"Think inevitable naman talaga na kahit anong mangyari magkakaroon ng ganung pressure,? pakli ni Sef sa virtual mediacon ng naturang sitcom.","Think inevitable naman talaga na kahit anong mangyari magkakaroon ng ganung pressure,? pakli ni Sef sa virtual mediacon ng naturang sitcom.","Think inevitable naman talaga na kahit anong mangyari magkakaroon ng ganung pressure,? pakli ni sea sa virtual median ng naturang sitcom.","['Sef', 'mediacon']","{'Sef': ['eef', 'se', 'sea', 'sec', 'see'], 'mediacon': ['mediaman', 'mediamen', 'median', 'mediation', 'medico']}"
Matatandaan na naaresto ng NBI sa isang operasyon ang isang registered nurse sa isang ospital ng Maynila kasama ang dalawa na nagbebenta ng Sinovac vaccine.,Matatandaan na naaresto ng NBI sa isang operasyon ang isang registered nurse sa isang ospital ng Maynila kasama ang dalawa na nagbebenta ng Sinovac vaccine.,Matatandaan na naaresto ng nabi sa isang operasyon ang isang registered nurse sa isang ospital ng Maynila kasama ang dalawa na nagbebenta ng Sinovac vaccine.,['NBI'],"{'NBI': ['bi', 'ibi', 'nabi', 'nai', 'nbg']}"
Hindi rin pinapayagan ang lahat ng uri ng aktibidad sa Taal Lake.,Hindi rin pinapayagan ang lahat ng uri ng aktibidad sa Taal Lake.,Hindi rin pinapayagan ang lahat ng uri ng aktibidad sa Taal Lake.,[],{}
"Nang malaman ng mga taga-health center ang barangay ang nangyari, nagtungo sila sa bahay ng biktima at sinuri ang labi ng sanggol.","Nang malaman ng mga taga-health center ang barangay ang nangyari, nagtungo sila sa bahay ng biktima at sinuri ang labi ng sanggol.","Nang malaman ng mga taga-health center ang barangay ang nangyari, nagtungo sila sa bahay ng biktima at sinuri ang labi ng sanggol.",[],{}
"Kaya sa halip na mami yung nabibili, ang ginagawa binibili yung laman tapos yung sabaw.","Kaya sa halip na mami yung nabibili, ang ginagawa binibili yung laman tapos yung sabaw.","Kaya sa halip na mami yung nabibili, ang ginagawa binibili yung laman tapos yung sabaw.",[],{}
"Ayon sa ulat ng pulisya, bandang alas-9:00 ng gabi habang nasa loob ng EM Radora vulcanizing shop ang mga biktima at nanonood ng isang programa sa telebisyon nang dumating ang hindi nakikilalang mga salarin.","Ayon sa ulat ng pulisya, bandang alas-9:00 ng gabi habang nasa loob ng EM Radora vulcanizing shop ang mga biktima at nanonood ng isang programa sa telebisyon nang dumating ang hindi nakikilalang mga salarin.","Ayon sa ulat ng pulisya, bandang alas-d:ag ng gabi habang nasa loob ng EM orador vulcanizing shop ang mga biktima at nanonood ng isang programa sa telebisyon nang dumating ang hindi nakikilalang mga salarin.","['9', '00', 'Radora']","{'9': ['b', 'c', 'd', 'e', 'f'], '00': ['ab', 'ad', 'ag', 'ah', 'ak'], 'Radora': ['ador', 'mayora', 'orador', 'radar', 'rado']}"
"Bukas po, may meeting ang pamunuan ng MMFF sa mga producers para po i-encourage na mag-submit sila ng entries para po summer film festival, saad ni Atty. Don Artes sa ginanap na mediacon sa tanggapan ng MMDA nung nakaraang Lunes.","Bukas po, may meeting ang pamunuan ng MMFF sa mga producers para po i-encourage na mag-submit sila ng entries para po summer film festival, saad ni Atty. Don Artes sa ginanap na mediacon sa tanggapan ng MMDA nung nakaraang Lunes.","Bukas po, may meeting ang pamunuan ng off sa mga producers para po i-encourage na mag-submit sila ng entries para po summer film festival, saad ni aat. Don aries sa ginanap na median sa tanggapan ng MMDA nung nakaraang Lunes.","['MMFF', 'Atty', 'Artes', 'mediacon']","{'MMFF': ['mm', 'mmda', 'off', 'abf', 'am'], 'Atty': ['atay', 'fatty', 'aat', 'aato', 'abay'], 'Artes': ['ares', 'aretes', 'aries', 'arnes', 'arte'], 'mediacon': ['mediaman', 'mediamen', 'median', 'mediation', 'medico']}"
Kung papasok ang 2018 Asian Games gold medal winner sa Top Three ng nasabing torneo ay pormal niyang maibubulsa ang Olympic berth.,Kung papasok ang 2018 Asian Games gold medal winner sa Top Three ng nasabing torneo ay pormal niyang maibubulsa ang Olympic berth.,Kung papasok ang aako asiman Games gold medal winner sa Top Three ng nasabing torneo ay pormal niyang ibubulsa ang lampin beat.,"['2018', 'Asian', 'maibubulsa', 'Olympic', 'berth']","{'2018': ['aaba', 'aag', 'aako', 'aal', 'aala'], 'Asian': ['arian', 'asias', 'asiman', 'asin', 'asinan'], 'maibubulsa': ['magbubulsa', 'naibubulsa', 'ibubulsa', 'magbubula', 'magbubusa'], 'Olympic': ['olympics', 'lampik', 'lampin', 'limpi', 'limpik'], 'berth': ['birth', 'beach', 'beat', 'belt', 'bent']}"
"Hindi naman tayo talaga pwede mag-relax, ani Monteverde.","Hindi naman tayo talaga pwede mag-relax, ani Monteverde.","Hindi naman tayo talaga pwede mag-relax, ani concede.",['Monteverde'],"{'Monteverde': ['boulevard', 'centered', 'concede', 'conference', 'conserve']}"
"Sa mga nagdaang karanasan niya, sinabi ni Liezel na ang pinakamalala ay pagkakaroon niya noon ng nobyo na pisikal siyang sinasaktan, at hindi lang emosyonal.","Sa mga nagdaang karanasan niya, sinabi ni Liezel na ang pinakamalala ay pagkakaroon niya noon ng nobyo na pisikal siyang sinasaktan, at hindi lang emosyonal.","Sa mga nagdaang karanasan niya, sinabi ni level na ang pinakamalala ay pagkakaroon niya noon ng nobyo na pisikal siyang sinasaktan, at hindi lang emosyonal.",['Liezel'],"{'Liezel': ['diesel', 'lebel', 'level', 'libel', 'bienes']}"
At ganun na pala katagal yun.,At ganun na pala katagal yun.,At ganun na pala katagal yun.,[],{}
"Dito na sila inabutan ng lockdown, doble-doble ang naging problema nila.","Dito na sila inabutan ng lockdown, doble-doble ang naging problema nila.","Dito na sila inabutan ng lockdown, doble-doble ang naging problema nila.",[],{}
Binalikan din ng aktor ang unang pagsabak niya sa Star Magic tour abroad noong nagsisimula pa lang siya sa showbiz na aniyay siyang pinaka-memorable sa kanya.,Binalikan din ng aktor ang unang pagsabak niya sa Star Magic tour abroad noong nagsisimula pa lang siya sa showbiz na aniyay siyang pinaka-memorable sa kanya.,Binalikan din ng aktor ang unang pagsabak niya sa Star Magic tour abroad noong nagsisimula pa lang siya sa showbiz na aniyay siyang pinaka-memorable sa kanya.,[],{}
"Basta alam ninyo, patuloy niya.","Basta alam ninyo, patuloy niya.","Basta alam ninyo, patuloy niya.",[],{}
Marami ang nag-react sa post na iyon ni Christian.,Marami ang nag-react sa post na iyon ni Christian.,Marami ang nag-react sa post na iyon ni cristina.,['Christian'],"{'Christian': ['christmas', 'crispin', 'cristina', 'kristiano', 'aasistihan']}"
"Binati raw niya nung nakaraang birthday ni Joey de Leon, pero hindi pa raw sila nagkikita dahil nag-iingat pa rin daw sila kahit medyo lumuwag na restrictions sapandemic.","Binati raw niya nung nakaraang birthday ni Joey de Leon, pero hindi pa raw sila nagkikita dahil nag-iingat pa rin daw sila kahit medyo lumuwag na restrictions sapandemic.","Binati raw niya nung nakaraang birthday ni copy de Leon, pero hindi pa raw sila nagkikita dahil nag-iingat pa rin daw sila kahit medyo lumuwag na restrictions pandemia.","['Joey', 'sapandemic']","{'Joey': ['body', 'boy', 'copy', 'does', 'ey'], 'sapandemic': ['pandemic', 'academic', 'pandemia', 'prepandemic', 'academia']}"
"??Tunay na kahanga-hanga ang limang LGUs na ito na nagpamalas ng matino, mahusay at maaasahang pangangalaga ng kanilang nasasakupang municipal waters na malaking bagay at tulong sa rehabilitation at preservation ng Manila Bay watershed area na bahagi ng kani-kanilang hurisdiksyon,? ani A?ño.","??Tunay na kahanga-hanga ang limang LGUs na ito na nagpamalas ng matino, mahusay at maaasahang pangangalaga ng kanilang nasasakupang municipal waters na malaking bagay at tulong sa rehabilitation at preservation ng Manila Bay watershed area na bahagi ng kani-kanilang hurisdiksyon,? ani A?ño.","??Tunay na kahanga-hanga ang limang LGUs na ito na nagpamalas ng matino, mahusay at maaasahang pangangalaga ng kanilang nasasakupang municipal waters na malaking bagay at tulong sa rehabilitation at preservation ng Manila Bay watershed area na bahagi ng kani-kanilang hurisdiksyon,? ani ag?co.","['A', 'ño']","{'A': ['ab', 'ad', 'ag', 'ah', 'ak'], 'ño': ['ao', 'bo', 'co', 'do', 'go']}"
"Maganda na rin po siguro na nahuli ako, para po mapatunayan ko na wala akong kasalanan, giit ng suspek.","Maganda na rin po siguro na nahuli ako, para po mapatunayan ko na wala akong kasalanan, giit ng suspek.","Maganda na rin po siguro na nahuli ako, para po mapatunayan ko na wala akong kasalanan, giit ng suspek.",[],{}
Ang nag-iisang presidentiable na absent sa Comelec debate.,Ang nag-iisang presidentiable na absent sa Comelec debate.,Ang nag-iisang presidentiable na absent sa Comelec debate.,[],{}
Nahulog naman ang Blazers sa pangalawang dikit na kamalasan para sa 4-3 marka.,Nahulog naman ang Blazers sa pangalawang dikit na kamalasan para sa 4-3 marka.,Nahulog naman ang blades sa pangalawang dikit na kamalasan para sa d-d marka.,"['Blazers', '4', '3']","{'Blazers': ['bearers', 'bladders', 'blades', 'blater', 'lasers'], '4': ['b', 'c', 'd', 'e', 'f'], '3': ['b', 'c', 'd', 'e', 'f']}"
Marami rin daw sa mga second doses ng AstraZeneca vaccines ang hindi pa nakararating ng Pilipinas sa ngayon.,Marami rin daw sa mga second doses ng AstraZeneca vaccines ang hindi pa nakararating ng Pilipinas sa ngayon.,Marami rin daw sa mga second doses ng AstraZeneca vaccines ang hindi pa nakararating ng Pilipinas sa ngayon.,[],{}
"Bagamat hindi na nakunan ang aktwal na pamamaril, nakita sa CCTV ang mga patakas na suspek mula sa crime scene.","Bagamat hindi na nakunan ang aktwal na pamamaril, nakita sa CCTV ang mga patakas na suspek mula sa crime scene.","Bagamat hindi na nakunan ang aktwal na pamamaril, nakita sa CCTV ang mga patakas na suspek mula sa crime scene.",[],{}
Inungkat ng suspek ang dati nilang alitanna lingid sa biktima ayarmado ng bolo ang una na nakatago sa likod nito.,Inungkat ng suspek ang dati nilang alitanna lingid sa biktima ayarmado ng bolo ang una na nakatago sa likod nito.,Inungkat ng suspek ang dati nilang alitang lingid sa biktima lyamado ng bolo ang una na nakatago sa likod nito.,"['alitanna', 'ayarmado']","{'alitanna': ['alintana', 'alitan', 'alitang', 'litania', 'aalintana'], 'ayarmado': ['alarmado', 'armado', 'lyamado', 'aararo', 'aarmas']}"
Anya ang agarang pagpapasuri ay isang daan upang maiwasan ang impeksyon lalo pat ngayon ay may nagaganap na community transmission sa Metro Manila batay sa ulat ng Department of Health.,Anya ang agarang pagpapasuri ay isang daan upang maiwasan ang impeksyon lalo pat ngayon ay may nagaganap na community transmission sa Metro Manila batay sa ulat ng Department of Health.,Anya ang agarang pagpapasuri ay isang daan upang maiwasan ang impeksyon lalo pat ngayon ay may nagaganap na community transmission sa Metro Manila batay sa ulat ng Department of Health.,[],{}
"Ang nasabing mga sports heroes ay tatanggap ng cash incentive na P200,000 bukod sa PSHOF trophy.","Ang nasabing mga sports heroes ay tatanggap ng cash incentive na P200,000 bukod sa PSHOF trophy.","Ang nasabing mga sports heroes ay tatanggap ng cash incentive na p3,aam bukod sa proof trophy.","['P200', '000', 'PSHOF']","{'P200': ['p25', 'p', 'p3', 'p57', 'p75'], '000': ['aag', 'aal', 'aam', 'aat', 'aaw'], 'PSHOF': ['paho', 'piho', 'proof', 'shoe', 'shop']}"
"Tiniyak din ng alkalde na mas magiging masigasig sila sa kanilang vaccination program partikular sa mga komunidad sa ilalim ng mga programa nilang Taguig Mobile Vaccination Bus, Mobile Vaccination Team at Home Service Vaccination para sa mga bedridden o may sakit nilang residente.","Tiniyak din ng alkalde na mas magiging masigasig sila sa kanilang vaccination program partikular sa mga komunidad sa ilalim ng mga programa nilang Taguig Mobile Vaccination Bus, Mobile Vaccination Team at Home Service Vaccination para sa mga bedridden o may sakit nilang residente.","Tiniyak din ng alkalde na mas magiging masigasig sila sa kanilang vaccination program partikular sa mga komunidad sa ilalim ng mga programa nilang Taguig Mobile Vaccination Bus, Mobile Vaccination Team at Home Service Vaccination para sa mga bedridden o may sakit nilang residente.",[],{}
Kinumpirma ng Department of Health (DOH) na patuloy na binabantayan sa bansa at sa iba pang panig ng mundo ang laganap na Omicron subvariants na mas mabilis makahawa.,Kinumpirma ng Department of Health (DOH) na patuloy na binabantayan sa bansa at sa iba pang panig ng mundo ang laganap na Omicron subvariants na mas mabilis makahawa.,Kinumpirma ng Department of Health (DOH) na patuloy na binabantayan sa bansa at sa iba pang panig ng mundo ang laganap na Omicron subvariants na mas mabilis makahawa.,[],{}
Milyon lahat-lahat ang may trabaho sa bansa ngayon.,Milyon lahat-lahat ang may trabaho sa bansa ngayon.,Milyon lahat-lahat ang may trabaho sa bansa ngayon.,[],{}
"Ngayon, hassle-free na ang pagbili ng household essentials, mula sa masustansyang pagkain ng mga anak gaya ng gatas na tama sa kanilang edad.","Ngayon, hassle-free na ang pagbili ng household essentials, mula sa masustansyang pagkain ng mga anak gaya ng gatas na tama sa kanilang edad.","Ngayon, hassle-free na ang pagbili ng household essentials, mula sa masustansyang pagkain ng mga anak gaya ng gatas na tama sa kanilang edad.",[],{}
"Sa ulat ni John Consulta sa GTV ""Balitanghali"" nitong Huwebes, makikita ang paglapit ng mga ahente ng National Bureau of Investigation sa target nila na condo, nang biglang lumitaw ang isang kamay na may hawak na tuwalya mula sa third floor.","Sa ulat ni John Consulta sa GTV ""Balitanghali"" nitong Huwebes, makikita ang paglapit ng mga ahente ng National Bureau of Investigation sa target nila na condo, nang biglang lumitaw ang isang kamay na may hawak na tuwalya mula sa third floor.","Sa ulat ni John consular sa tv ""baitangan"" nitong Huwebes, makikita ang paglapit ng mga ahente ng National Bureau of Investigation sa target nila na condo, nang biglang lumitaw ang isang kamay na may hawak na tuwalya mula sa third floor.","['Consulta', 'GTV', 'Balitanghali']","{'Consulta': ['konsulta', 'consul', 'consular', 'consulate', 'consultant'], 'GTV': ['gov', 'ptv', 'tv', 'at', 'ata'], 'Balitanghali': ['magtanghali', 'altanghap', 'baitangan', 'baitangang', 'balinghat']}"
"Jose Ledda III, ang isa sa umanong kasama sa party na pinayagang makauwi ng Makati Police at hindi umano naisama sa sinampahan ng reklamo.","Jose Ledda III, ang isa sa umanong kasama sa party na pinayagang makauwi ng Makati Police at hindi umano naisama sa sinampahan ng reklamo.","joke heoda igi, ang isa sa umanong kasama sa party na pinayagang makauwi ng Makati Police at hindi umano naisama sa sinampahan ng reklamo.","['Jose', 'Ledda', 'III']","{'Jose': ['dose', 'hose', 'joke', 'lose', 'nose'], 'Ledda': ['benda', 'dedma', 'heoda', 'lagda', 'lead'], 'III': ['ibi', 'idi', 'igi', 'ihi', 'ii']}"
"At sa kanilang isip, masaya nang naglalaro si Model sa mga alon.--.","At sa kanilang isip, masaya nang naglalaro si Model sa mga alon.--.","At sa kanilang isip, masaya nang naglalaro si Model sa mga alon.--.",[],{}
"Napapansin na raw ang di pagsuot ng face mask ng iilan, kaya pinaalalahanan niyang huwag pakampante dahil nasa pandemya pa rin tayo.","Napapansin na raw ang di pagsuot ng face mask ng iilan, kaya pinaalalahanan niyang huwag pakampante dahil nasa pandemya pa rin tayo.","Napapansin na raw ang di pagsuot ng face mask ng iilan, kaya pinaalalahanan niyang huwag pakampante dahil nasa pandemya pa rin tayo.",[],{}
Papalitan na ang regular UMID card na ginagamit ng mga miyembro ng Social Security System (SSS) matapos makipagkasundo ang ahensya sa mga bangko para sa pagpapalabas ng bagong UMID ATM Pay Cards.,Papalitan na ang regular UMID card na ginagamit ng mga miyembro ng Social Security System (SSS) matapos makipagkasundo ang ahensya sa mga bangko para sa pagpapalabas ng bagong UMID ATM Pay Cards.,Papalitan na ang regular UMID card na ginagamit ng mga miyembro ng Social Security System (SSS) matapos makipagkasundo ang ahensya sa mga bangko para sa pagpapalabas ng bagong UMID arm Pay Cards.,['ATM'],"{'ATM': ['aam', 'am', 'arm', 'at', 'ata']}"
Sinalubong din sila ng buffet ng mga dessert at drinks.,Sinalubong din sila ng buffet ng mga dessert at drinks.,Sinalubong din sila ng buffet ng mga dessert at drinks.,[],{}
"Tinatayang makatitikim hanggang mamayang gabi nang mahihina hanggang katamtaman at minsanang malalakas na pag-ulan sa Caraga, Camiguin, Misamis Oriental, Bukidnon, Davao Oriental, Davao de Oro at Davao del Norte.","Tinatayang makatitikim hanggang mamayang gabi nang mahihina hanggang katamtaman at minsanang malalakas na pag-ulan sa Caraga, Camiguin, Misamis Oriental, Bukidnon, Davao Oriental, Davao de Oro at Davao del Norte.","Tinatayang makatitikim hanggang mamayang gabi nang mahihina hanggang katamtaman at minsanang malalakas na pag-ulan sa aarag, aamisin, Misamis Oriental, bukid, daan Oriental, daan de Oro at daan del Norte.","['Caraga', 'Camiguin', 'Bukidnon', 'Davao', 'Davao', 'Davao']","{'Caraga': ['daraga', 'aalaga', 'aarag', 'aaruga', 'alaga'], 'Camiguin': ['aamagin', 'aaminin', 'aamisin', 'aamuin', 'aligin'], 'Bukidnon': ['bukado', 'bukadong', 'bukid', 'bukirin', 'uminon'], 'Davao': ['avai', 'cavan', 'daan', 'dabaw', 'dadag']}"
"Gaya halimbawa ng magkapitbahay, kung may makitang bagong TV ang isa, nais din ng isa na may bago rin siya, mas modelo pa.","Gaya halimbawa ng magkapitbahay, kung may makitang bagong TV ang isa, nais din ng isa na may bago rin siya, mas modelo pa.","Gaya halimbawa ng magkapitbahay, kung may makitang bagong TV ang isa, nais din ng isa na may bago rin siya, mas modelo pa.",[],{}
Halos 730 Olympic at SEA Games-bound delegates ang binigyan ng first dose ng Sinovac noong Biyernes.,Halos 730 Olympic at SEA Games-bound delegates ang binigyan ng first dose ng Sinovac noong Biyernes.,Halos aal lampin at SEA Games-bound delegates ang binigyan ng first dose ng Sinovac noong Biyernes.,"['730', 'Olympic']","{'730': ['p3', 'aag', 'aal', 'aam', 'aat'], 'Olympic': ['olympics', 'lampik', 'lampin', 'limpi', 'limpik']}"
"Marinig ko lang ang sigawan sa kabilang linya kapag may nananalo nang one million, masayang-masaya na ako.","Marinig ko lang ang sigawan sa kabilang linya kapag may nananalo nang one million, masayang-masaya na ako.","Marinig ko lang ang sigawan sa kabilang linya kapag may nananalo nang one million, masayang-masaya na ako.",[],{}
"Just like Andi Eigenman na ginusto ang simpleng buhay sa Siargao, maging ina at asawa ang priority, nagawa rin maging maligaya sa simpleng kapaligiran, away from the glitter.","Just like Andi Eigenman na ginusto ang simpleng buhay sa Siargao, maging ina at asawa ang priority, nagawa rin maging maligaya sa simpleng kapaligiran, away from the glitter.","Just like angi gunman na ginusto ang simpleng buhay sa diarea, maging ina at asawa ang priority, nagawa rin maging maligaya sa simpleng kapaligiran, away from the gutter.","['Andi', 'Eigenman', 'Siargao', 'glitter']","{'Andi': ['and', 'andy', 'angi', 'ani', 'anti'], 'Eigenman': ['bigman', 'biyenan', 'gunman', 'lineman', 'sigangan'], 'Siargao': ['bargas', 'cargo', 'diarea', 'diario', 'iangat'], 'glitter': ['bitter', 'blotter', 'gutter', 'letter', 'lifter']}"
"Biyernes lang nang bigo si Bongbong, anak ng diktador na si dating Pangulong Ferdinand Marcos, na humarap sa preliminary conference ng Comelec First Division sa tatlong hinaharap na disqualification cases para sa 2022 national elections.","Biyernes lang nang bigo si Bongbong, anak ng diktador na si dating Pangulong Ferdinand Marcos, na humarap sa preliminary conference ng Comelec First Division sa tatlong hinaharap na disqualification cases para sa 2022 national elections.","Biyernes lang nang bigo si Bongbong, anak ng diktador na si dating Pangulong Ferdinand Marcos, na humarap sa preliminary conference ng Comelec First Division sa tatlong hinaharap na disqualification cases para sa aag national elections.",['2022'],"{'2022': ['p25', 'aaba', 'aag', 'aako', 'aal']}"
"Excited naman na raw si Mark Lopez, chairperson ng ABS-CBN, sa naturang partnership, ngayong nakikita nilang oportunidad ito ng TV5 para lumaki at mapalakas ang free-to-air network nito.","Excited naman na raw si Mark Lopez, chairperson ng ABS-CBN, sa naturang partnership, ngayong nakikita nilang oportunidad ito ng TV5 para lumaki at mapalakas ang free-to-air network nito.","Excited naman na raw si Mark lone, chairperson ng abf-ab, sa naturang partnership, ngayong nakikita nilang oportunidad ito ng ive para lumaki at mapalakas ang free-to-air network nito.","['Lopez', 'ABS', 'CBN', 'TV5']","{'Lopez': ['hope', 'leper', 'lone', 'lopoy', 'lose'], 'ABS': ['ab', 'aba', 'abf', 'abo', 'ads'], 'CBN': ['can', 'con', 'ab', 'aba', 'aban'], 'TV5': ['tv', 'iva', 'ive', 'kv', 'lv']}"
"Pag may kailangan daw itong puntahan out of town o gustong mamasyal sa kanilang farm, hindi ito magkokotse.","Pag may kailangan daw itong puntahan out of town o gustong mamasyal sa kanilang farm, hindi ito magkokotse.","Pag may kailangan daw itong puntahan out of town o gustong mamasyal sa kanilang farm, hindi ito magkokotse.",[],{}
"Samantala, pinuna rin sa nasabing resolusyon ang napaulat na konstruksyon ng mga illegal na bakod sa premises ng Masungi na nakakasagabal sa access o daanan ng mga magsasaka sa lugar.","Samantala, pinuna rin sa nasabing resolusyon ang napaulat na konstruksyon ng mga illegal na bakod sa premises ng Masungi na nakakasagabal sa access o daanan ng mga magsasaka sa lugar.","Samantala, pinuna rin sa nasabing resolusyon ang napaulat na konstruksyon ng mga illegal na bakod sa premises ng mas ungi na nakakasagabal sa access o daanan ng mga magsasaka sa lugar.",[],{}
Sinabi ni Balilo na nakatakda silang mag-deploy ng mas marami pang tauhan bukas.,Sinabi ni Balilo na nakatakda silang mag-deploy ng mas marami pang tauhan bukas.,Sinabi ni balino na nakatakda silang mag-deploy ng mas marami pang tauhan bukas.,['Balilo'],"{'Balilo': ['balido', 'balila', 'balino', 'basilo', 'aalila']}"
Actually kinakabahan ako noon na makikita ko siya kasi nga ang tagal ko siyang hindi nakita tapos baka weird pero hindi naman.,Actually kinakabahan ako noon na makikita ko siya kasi nga ang tagal ko siyang hindi nakita tapos baka weird pero hindi naman.,Actually kinakabahan ako noon na makikita ko siya kasi nga ang tagal ko siyang hindi nakita tapos baka weird pero hindi naman.,[],{}
"Sa ulat ng ""24 Oras Weekend"" nitong Sabado, mapapanood sa kuha ng CCTV ang paglalakad ng biktima nang may lumapit sa kaniyang isang bata na tila may itinuturo sa malayo.","Sa ulat ng ""24 Oras Weekend"" nitong Sabado, mapapanood sa kuha ng CCTV ang paglalakad ng biktima nang may lumapit sa kaniyang isang bata na tila may itinuturo sa malayo.","Sa ulat ng ""ag Oras Weekend"" nitong Sabado, mapapanood sa kuha ng CCTV ang paglalakad ng biktima nang may lumapit sa kaniyang isang bata na tila may itinuturo sa malayo.",['24'],"{'24': ['ab', 'ad', 'ag', 'ah', 'ak']}"
Siya nga raw ang napipisil na makaka-partner ng A-List actress ng Kapuso network na magbabalik na sa paggawa ng teleserye.,Siya nga raw ang napipisil na makaka-partner ng A-List actress ng Kapuso network na magbabalik na sa paggawa ng teleserye.,Siya nga raw ang napipisil na makaka-partner ng ag-List actress ng abuso network na magbabalik na sa paggawa ng teleserye.,"['A', 'Kapuso']","{'A': ['ab', 'ad', 'ag', 'ah', 'ak'], 'Kapuso': ['kapus', 'aabuso', 'abuso', 'baruso', 'isapuso']}"
Habang ang panganay niyang anak ay may nakita rin na isang malaking itim na lalaki.,Habang ang panganay niyang anak ay may nakita rin na isang malaking itim na lalaki.,Habang ang panganay niyang anak ay may nakita rin na isang malaking itim na lalaki.,[],{}
Kasi nang sundan naman daw niya iyon ay tinabihan niya sa urinal at obvious na sinisilipan.,Kasi nang sundan naman daw niya iyon ay tinabihan niya sa urinal at obvious na sinisilipan.,Kasi nang sundan naman daw niya iyon ay tinabihan niya sa burial at obvious na sinisilbihan.,"['urinal', 'sinisilipan']","{'urinal': ['arial', 'arina', 'burial', 'final', 'hurnal'], 'sinisilipan': ['sinisigihan', 'sinisilaban', 'sinisilbihan', 'sinisilip', 'binibilihan']}"
Hangad ni Santiago na madala nito ang magandang momento sa Ageo Medics.,Hangad ni Santiago na madala nito ang magandang momento sa Ageo Medics.,Hangad ni aantig na mapala nito ang magandang moments sa ages Medics.,"['Santiago', 'marala', 'momento', 'Ageo']","{'Santiago': ['antigo', 'santing', 'aantig', 'antig', 'antimano'], 'marala': ['madala', 'malala', 'mapala', 'marali', 'marapa'], 'momento': ['komento', 'moment', 'moments', 'pomento', 'aumento'], 'Ageo': ['age', 'aged', 'ages', 'ago', 'agro']}"
Inihayag din ni Kristoffer ang katangian na hanap niya sa babae na tanggap siya at susuportahan siya sa lahat ng bagay.,Inihayag din ni Kristoffer ang katangian na hanap niya sa babae na tanggap siya at susuportahan siya sa lahat ng bagay.,Inihayag din ni prisoner ang katangian na hanap niya sa babae na tanggap siya at susuportahan siya sa lahat ng bagay.,['Kristoffer'],"{'Kristoffer': ['christopher', 'kustomer', 'prisoner', 'staffer', 'briefer']}"
"Hindi kita sa CCTV ang mismong pagnanakaw ng mga suspek, pero kitang-kita ang paglabas nila sa compound pagkatapos umano magnakaw.","Hindi kita sa CCTV ang mismong pagnanakaw ng mga suspek, pero kitang-kita ang paglabas nila sa compound pagkatapos umano magnakaw.","Hindi kita sa CCTV ang mismong pagnanakaw ng mga suspek, pero kitang-kita ang paglabas nila sa compound pagkatapos umano magnakaw.",[],{}
Parang naging kaclose ko na rin yung family nila Carmina because of Mavy.,Parang naging kaclose ko na rin yung family nila Carmina because of Mavy.,Parang naging kalos ko na rin yung family nila arming because of navy.,"['kaclose', 'Carmina', 'Mavy']","{'kaclose': ['close', 'kaklase', 'kalos', 'lactose', 'across'], 'Carmina': ['amina', 'arina', 'arming', 'carbine', 'caring'], 'Mavy': ['many', 'may', 'navy', 'any', 'ay']}"
"Noong kabi-break pa lang nila ni Andrea Torres, ipinagtatanggol niya ang dating kasintahan kapag nadadamay ito sa pamba-bash.","Noong kabi-break pa lang nila ni Andrea Torres, ipinagtatanggol niya ang dating kasintahan kapag nadadamay ito sa pamba-bash.","Noong kabi-break pa lang nila ni andana stores, ipinagtatanggol niya ang dating kasintahan kapag nararamay ito sa damba-base.","['Andrea', 'Torres', 'naradamay', 'pamba', 'bash']","{'Andrea': ['andres', 'adres', 'andana', 'anden', 'anduka'], 'Torres': ['tories', 'forces', 'stores', 'stories', 'theres'], 'naradamay': ['nadadamay', 'napadamay', 'nararamay', 'madadamay', 'makadamay'], 'pamba': ['aamba', 'amba', 'damba', 'iamba', 'lamba'], 'bash': ['ash', 'basa', 'base', 'basi', 'baso']}"
Meron kasing ibang celeb na kung maka-English as if hindi marunong mag-Tagalog.,Meron kasing ibang celeb na kung maka-English as if hindi marunong mag-Tagalog.,Meron kasing ibang cells na kung maka-abolish as if hindi marunong mag-Tagalog.,"['celeb', 'English']","{'celeb': ['cell', 'celled', 'cells', 'club', 'hele'], 'English': ['anguish', 'enlist', 'abolish', 'analisa', 'angis']}"
Na ayon kay Paulo ay naka-relate siya sa ginampanan niyang papel dahil may pagka-torpe talaga siya noon.,Na ayon kay Paulo ay naka-relate siya sa ginampanan niyang papel dahil may pagka-torpe talaga siya noon.,Na ayon kay Paulo ay naka-create siya sa ginampanan niyang papel dahil may pagka-torpe talaga siya noon.,['relate'],"{'relate': ['rebate', 'related', 'create', 'cremate', 'debate']}"
Pero aminado si Boobay na nasaktan siya sa mga sinabi ni Donita laban kay Super Tekla.,Pero aminado si Boobay na nasaktan siya sa mga sinabi ni Donita laban kay Super Tekla.,Pero aminado si boboy na nasaktan siya sa mga sinabi ni bunita laban kay Super Tekla.,"['Boobay', 'Donita']","{'Boobay': ['baybay', 'boba', 'boboy', 'bomba', 'looban'], 'Donita': ['bonita', 'bonito', 'bunita', 'dalita', 'dinata']}"
"Sanhi nito, umakyat na ang minimum fare sa P10.","Sanhi nito, umakyat na ang minimum fare sa P10.","Sanhi nito, umakyat na ang minimum fare sa p3.",['P10'],"{'P10': ['p', 'p25', 'p3', 'p57', 'p75']}"
"Patay ang isang ama at 4-anyos nitong anak na lalaki habang 17 iba pa ang malubhang nasugatan matapos na suwagin ng isang ten-wheel truck ang ilang mga behikulo sa karambola ng sasakyan sa national highway ng bayan ng Tupi, South Cotabato nitong Biyernes ng hapon.","Patay ang isang ama at 4-anyos nitong anak na lalaki habang 17 iba pa ang malubhang nasugatan matapos na suwagin ng isang ten-wheel truck ang ilang mga behikulo sa karambola ng sasakyan sa national highway ng bayan ng Tupi, South Cotabato nitong Biyernes ng hapon.","Patay ang isang ama at d-anyos nitong anak na lalaki habang ag iba pa ang malubhang nasugatan matapos na suwagin ng isang ten-wheel truck ang ilang mga behikulo sa karambola ng sasakyan sa national highway ng bayan ng Tupi, South Cotabato nitong Biyernes ng hapon.","['4', '17']","{'4': ['b', 'c', 'd', 'e', 'f'], '17': ['ab', 'ad', 'ag', 'ah', 'ak']}"
"Gagawin namin ang lahat sa abot ng ating makakaya para magbigay ng tulong sa mga nangangailangan at mag-iwan ng ngiti sa oras ng inyong pagdadalamhati, dagdag pa ni Go.","Gagawin namin ang lahat sa abot ng ating makakaya para magbigay ng tulong sa mga nangangailangan at mag-iwan ng ngiti sa oras ng inyong pagdadalamhati, dagdag pa ni Go.","Gagawin namin ang lahat sa abot ng ating makakaya para magbigay ng tulong sa mga nangangailangan at mag-iwan ng ngiti sa oras ng inyong pagdadalamhati, dagdag pa ni Go.",[],{}
Nais ng SBP na ituon ang atensiyon sa training ng Gilas Pilipinas imbes na lumahok ng full season sa Philippine Cup na una nang plano para sa Pinoy cagers.,Nais ng SBP na ituon ang atensiyon sa training ng Gilas Pilipinas imbes na lumahok ng full season sa Philippine Cup na una nang plano para sa Pinoy cagers.,Nais ng abf na ituon ang atensiyon sa training ng Gilas Pilipinas imbes na lumahok ng full season sa Philippine Cup na una nang plano para sa Pinoy ages.,"['SBP', 'cagers']","{'SBP': ['ab', 'aba', 'abf', 'abo', 'ap'], 'cagers': ['cager', 'cages', 'ages', 'bagets', 'cadets']}"
"Maliban sa karne ng baboy, kumakain din ng hilaw na isda at sus?? si Ramsey.","Maliban sa karne ng baboy, kumakain din ng hilaw na isda at sus?? si Ramsey.","Maliban sa karne ng baboy, kumakain din ng hilaw na isda at jus?? si raiser.","['sus', 'Ramsey']","{'sus': ['bus', 'ius', 'jus', 'sas', 'ses'], 'Ramsey': ['raise', 'raised', 'raiser', 'ramay', 'ramen']}"
Halaga ng hinihinalang shabu na nasa dalawang plastic pack ang nasamsam ng mga operatiba ng Malolos Police Drug Enforcement Unit sa isinagawang buy-bust operation kahapon ng madaling araw sa Brgy.,Halaga ng hinihinalang shabu na nasa dalawang plastic pack ang nasamsam ng mga operatiba ng Malolos Police Drug Enforcement Unit sa isinagawang buy-bust operation kahapon ng madaling araw sa Brgy.,Halaga ng hinihinalang shabu na nasa dalawang plastic pack ang nasamsam ng mga operatiba ng Malolos Police Drug Enforcement Unit sa isinagawang buy-bust operation kahapon ng maraling araw sa Brgy.,[],{}
Kamakalawa ng gabi ang naturalization bill na magbibigay sa 34-anyos na si Brownlee ng Philippine citizenship.,Kamakalawa ng gabi ang naturalization bill na magbibigay sa 34-anyos na si Brownlee ng Philippine citizenship.,Kamakalawa ng gabi ang naturalization bill na magbibigay sa ag-anyos na si broiler ng Philippine citizenship.,"['34', 'Brownlee']","{'34': ['ab', 'ad', 'ag', 'ah', 'ak'], 'Brownlee': ['brownie', 'brawner', 'broiler', 'bronse', 'bronze']}"
Ang pilot implementation ng granular lockdown sa Metro Manila ay inaasahang magtatagal ng dalawang linggo o hanggang katapusan ng Setyembre.,Ang pilot implementation ng granular lockdown sa Metro Manila ay inaasahang magtatagal ng dalawang linggo o hanggang katapusan ng Setyembre.,Ang pilot implementation ng granular lockdown sa Metro Manila ay inaasahang magtatagal ng dalawang linggo o hanggang katapusan ng Setyembre.,[],{}
"E, palaban din naman ang female personality, trabaho lang ang dahilan kung bakit siya nandun, kaya wala siyang pakialam kung hindi man siya kinakausap ng bumibida sa serye!","E, palaban din naman ang female personality, trabaho lang ang dahilan kung bakit siya nandun, kaya wala siyang pakialam kung hindi man siya kinakausap ng bumibida sa serye!","E, palaban din naman ang female personality, trabaho lang ang dahilan kung bakit siya anden, kaya wala siyang pakialam kung hindi man siya kinakausap ng bumibigaw sa serye!","['nandun', 'bumibida']","{'nandun': ['andun', 'nandon', 'anden', 'andon', 'ganun'], 'bumibida': ['bumibira', 'bumibigat', 'bumibigaw', 'bumibigay', 'bumibigla']}"
"Nang tanungin kung gusto pa rin niyang mamuno sa Senate health committee, sumagot si Go na ikalulugod niyang maglingkod sa kanyang bansa saan man siya maaaring maging kapaki-pakinabang at makatutulong.","Nang tanungin kung gusto pa rin niyang mamuno sa Senate health committee, sumagot si Go na ikalulugod niyang maglingkod sa kanyang bansa saan man siya maaaring maging kapaki-pakinabang at makatutulong.","Nang tanungin kung gusto pa rin niyang mamuno sa Senate health committee, sumagot si Go na ikalulugod niyang maglingkod sa kanyang bansa saan man siya maaaring maging kapaki-pakinabang at makatutulong.",[],{}
Kaya kinakarir niya ang pag-eensayo ng kantang Danish para handang-handa na siya pagdating niya ng Denmark.,Kaya kinakarir niya ang pag-eensayo ng kantang Danish para handang-handa na siya pagdating niya ng Denmark.,Kaya kinakabit niya ang pag-eensayo ng kantang daisy para handang-handa na siya pagdating niya ng danak.,"['kinakarir', 'Danish', 'Denmark']","{'kinakarir': ['kinakarit', 'kinakabig', 'kinakabit', 'kinakahig', 'kinakain'], 'Danish': ['anis', 'dais', 'daisy', 'danas', 'daniel'], 'Denmark': ['benchmark', 'damak', 'danak', 'dark', 'dear']}"
Sinabi niCassionna may80percent na ng pondong nailaan dito ng pamahalaang Duterte ay naubos na.,Sinabi niCassionna may80percent na ng pondong nailaan dito ng pamahalaang Duterte ay naubos na.,Sinabi inaasinta apparent na ng pondong nailagan dito ng pamahalaang suwerte ay naubos na.,"['niCassionna', 'may80percent', 'nailaan', 'Duterte']","{'niCassionna': ['discussion', 'discussions', 'inaasinta', 'inasinta', 'mission'], 'may80percent': ['percent', 'adolescent', 'apparent', 'maberdeng', 'magnificent'], 'nailaan': ['naglaan', 'naidaan', 'nailagan', 'nailawan', 'nalaan'], 'Duterte': ['butete', 'puwerte', 'suwerte', 'terte', 'bunete']}"
Patay na raw nang lumabas ang kambing at kaagad na inilibing ni Rancho.--FRJ.,Patay na raw nang lumabas ang kambing at kaagad na inilibing ni Rancho.--FRJ.,Patay na raw nang lumabas ang kambing at kaagad na inilibing ni franche.--ari.,"['Rancho', 'FRJ']","{'Rancho': ['anchor', 'branch', 'franche', 'macho', 'maneho'], 'FRJ': ['ar', 'are', 'ari', 'arm', 'art']}"
Oras na pumasok ito ng PAR at tatawagin na itong Basha.,Oras na pumasok ito ng PAR at tatawagin na itong Basha.,Oras na pumasok ito ng PAR at tatawagin na itong basta.,['Basha'],"{'Basha': ['baha', 'basa', 'basta', 'aasa', 'aasta']}"
"Si Sister Andre ay isang madre na ipinanganak sa France noong February 11, 1904 ?? isang dekada bago maganap ang World War I.","Si Sister Andre ay isang madre na ipinanganak sa France noong February 11, 1904 ?? isang dekada bago maganap ang World War I.","Si Sister adres ay isang maire na ipinanganak sa arancel noong bruas ag, aako ?? isang dekada bago maganap ang World War I.","['Andre', 'marre', 'France', 'February', '11', '1904']","{'Andre': ['andres', 'acidre', 'adres', 'aide', 'and'], 'marre': ['madre', 'magre', 'maire', 'manre', 'mare'], 'France': ['franche', 'rance', 'arancel', 'avance', 'brace'], 'February': ['ferry', 'library', 'bruas', 'buay', 'century'], '11': ['ab', 'ad', 'ag', 'ah', 'ak'], '1904': ['aaba', 'aag', 'aako', 'aal', 'aala']}"
Isang malaking karangalan sa dalaga na mahirang upang kumanta para sa Disney.,Isang malaking karangalan sa dalaga na mahirang upang kumanta para sa Disney.,Isang malaking karangalan sa dalaga na mahirang upang kumanta para sa dinner.,['Disney'],"{'Disney': ['dine', 'dineny', 'dinner', 'dishes', 'jitney']}"
??Yung mga sungki po sometimes po sumusobra po lalo ang sungki.,??Yung mga sungki po sometimes po sumusobra po lalo ang sungki.,??Yung mga sungki po sometimes po sumusobra po lalo ang sungki.,[],{}
"Pero masusi pa rin daw na mino-monitor ng embahada ang sitwasyon ng mahigit 167,000 na Pinoy na nakatira sa Florida.","Pero masusi pa rin daw na mino-monitor ng embahada ang sitwasyon ng mahigit 167,000 na Pinoy na nakatira sa Florida.","Pero masusi pa rin daw na mino-monitor ng embahada ang sitwasyon ng mahigit aal,aam na Pinoy na nakatira sa flora.","['167', '000', 'Florida']","{'167': ['p57', 'aag', 'aal', 'aam', 'aat'], '000': ['aag', 'aal', 'aam', 'aat', 'aaw'], 'Florida': ['florita', 'plorida', 'flora', 'floranda', 'florist']}"
Hindi rin umano maaaring pumasok si Bantag sa kasunduan na pasok sa Build-Operate-Transfer (BOT) Law.,Hindi rin umano maaaring pumasok si Bantag sa kasunduan na pasok sa Build-Operate-Transfer (BOT) Law.,Hindi rin umano maaaring pumasok si bangag sa kasunduan na pasok sa Build-Operate-Transfer (BOT) Law.,['Bantag'],"{'Bantag': ['banaag', 'banag', 'bangag', 'banlag', 'bansag']}"
"Patay angpiloto habang tatlo naman ang sugatan na mga miyembro ng Philippine Air Force matapos na mag-crash ang sinasakyan nilang helicopter sa Jetafe, Bohol kahapon ng umaga.","Patay angpiloto habang tatlo naman ang sugatan na mga miyembro ng Philippine Air Force matapos na mag-crash ang sinasakyan nilang helicopter sa Jetafe, Bohol kahapon ng umaga.","Patay namiloto habang tatlo naman ang sugatan na mga miyembro ng Philippine Air Force matapos na mag-crash ang sinasakyan nilang helicopter sa atake, baho kahapon ng umaga.","['angpiloto', 'Jetafe', 'Bohol']","{'angpiloto': ['antidoto', 'manghilot', 'namiloto', 'nanghilot', 'panghilot'], 'Jetafe': ['retake', 'aatake', 'atake', 'became', 'behave'], 'Bohol': ['buhol', 'bagol', 'baho', 'bahog', 'bahon']}"
Ihininto niya kaagad ang sasakyan at binuksan ang lahat ng bintana dahil sa usok na pumapasok sa loob ng bus.,Ihininto niya kaagad ang sasakyan at binuksan ang lahat ng bintana dahil sa usok na pumapasok sa loob ng bus.,gininto niya kaagad ang sasakyan at binuksan ang lahat ng bintana dahil sa usok na pumapasok sa loob ng bus.,['Ihininto'],"{'Ihininto': ['hininto', 'ihihinto', 'gininto', 'hihinto', 'ibinanto']}"
Relyebo rin ang pagtatrabaho ng kanyang production staff.,Relyebo rin ang pagtatrabaho ng kanyang production staff.,Relyebo rin ang pagtatrabaho ng kanyang production staff.,[],{}
"Sa isang public briefing, sinabi ni Department of Social Welfare and Development (DSWD) Assistant Bureau Director Miramel Laxa na hanggang nitong Marso 20, nasa 32,661 pamilya o 151,463 indibidwal na ang nakakaranas ng epekto ng oil spill, na dulot nang paglubog ng motor tanker na MT Princess Empress.","Sa isang public briefing, sinabi ni Department of Social Welfare and Development (DSWD) Assistant Bureau Director Miramel Laxa na hanggang nitong Marso 20, nasa 32,661 pamilya o 151,463 indibidwal na ang nakakaranas ng epekto ng oil spill, na dulot nang paglubog ng motor tanker na MT Princess Empress.","Sa isang public briefing, sinabi ni Department of Social Welfare and Development (asod) Assistant Bureau Director emirate laha na hanggang nitong Marso ag, nasa ag,aam pamilya o aal,aal indibidwal na ang nakakaranas ng epekto ng oil spill, na dulot nang paglubog ng motor tanker na ft prices espres.","['DSWD', 'Miramel', 'Laxa', '20', '32', '661', '151', '463', 'MT', 'Princess', 'Empress']","{'DSWD': ['asad', 'asid', 'asod', 'dad', 'daw'], 'Miramel': ['mirasol', 'airmen', 'emirate', 'enamel', 'etravel'], 'Laxa': ['laba', 'laga', 'laha', 'lala', 'lana'], '20': ['ab', 'ad', 'ag', 'ah', 'ak'], '32': ['ab', 'ad', 'ag', 'ah', 'ak'], '661': ['aag', 'aal', 'aam', 'aat', 'aaw'], '151': ['p57', 'aag', 'aal', 'aam', 'aat'], '463': ['p3', 'aag', 'aal', 'aam', 'aat'], 'MT': ['at', 'et', 'ft', 'it', 'm'], 'Princess': ['pricess', 'princes', 'prices', 'prinsesa', 'printers'], 'Empress': ['express', 'compress', 'espres', 'press', 'supress']}"
Kayat ang isang 20 taon nang miyembro na nagbabayad ng masigasig hanggang sa edad ng pagreretiro na 65 ay malamang na makakatanggap ng mas mahusay na pensyon kaysa sa isang indibidwal na may pautay-utay na mga kontribusyon.,Kayat ang isang 20 taon nang miyembro na nagbabayad ng masigasig hanggang sa edad ng pagreretiro na 65 ay malamang na makakatanggap ng mas mahusay na pensyon kaysa sa isang indibidwal na may pautay-utay na mga kontribusyon.,Kayat ang isang ag taon nang miyembro na nagbabayad ng masigasig hanggang sa edad ng pagreretiro na ag ay malamang na makakatanggap ng mas mahusay na pensyon kaysa sa isang indibidwal na may pautay-utay na mga kontribusyon.,"['20', '65']","{'20': ['ab', 'ad', 'ag', 'ah', 'ak'], '65': ['ab', 'ad', 'ag', 'ah', 'ak']}"
Kinilala rin ng parehong body ang Boracay bilang numero unong isla na dapat bisitahin ng mga turista habang pangwalo naman ang Palawan.,Kinilala rin ng parehong body ang Boracay bilang numero unong isla na dapat bisitahin ng mga turista habang pangwalo naman ang Palawan.,Kinilala rin ng parehong body ang babatay bilang numero unong isla na dapat bisitahin ng mga turista habang pangwalo naman ang pailawan.,"['Boracay', 'Palawan']","{'Boracay': ['babagay', 'babakay', 'babatay', 'bagay', 'bahay'], 'Palawan': ['galawan', 'halawan', 'pailawan', 'palaban', 'palagan']}"
"Ang pinakaimportante ay ang kanilang magiging pangako sa bawat isa na sa hirap at sa ginhawa, sa pagbagsak at sa pagbangon, sa anumang panahon ay magmamahalan sila nang tapat.","Ang pinakaimportante ay ang kanilang magiging pangako sa bawat isa na sa hirap at sa ginhawa, sa pagbagsak at sa pagbangon, sa anumang panahon ay magmamahalan sila nang tapat.","Ang pinakaimportante ay ang kanilang magiging pangako sa bawat isa na sa hirap at sa ginhawa, sa pagbagsak at sa pagbangon, sa anumang panahon ay magmahalan sila nang tapat.",['magmamahalan'],"{'magmamahalan': ['nagmamahalan', 'pagmamahalan', 'magmahalan', 'magmamahal', 'mamamahala']}"
Ang lakas ng dating at parang gusto nga niyang maiyak nang sinabi naming pinatunayan niya rito sa Lolong na isa talaga siyang aktres.,Ang lakas ng dating at parang gusto nga niyang maiyak nang sinabi naming pinatunayan niya rito sa Lolong na isa talaga siyang aktres.,Ang lakas ng dating at parang gusto nga niyang maiyak nang sinabi naming pinatunayan niya rito sa Lolong na isa talaga siyang aktres.,[],{}
Sa ulat ng Unang Balita nitong Miyerkoles sinabi umano ng mga pulis na narining ng isang kapitbahay na dumadaing ang batang biktima kaya sumilip siya sa bahay.,Sa ulat ng Unang Balita nitong Miyerkoles sinabi umano ng mga pulis na narining ng isang kapitbahay na dumadaing ang batang biktima kaya sumilip siya sa bahay.,Sa ulat ng Unang Balita nitong mirekules sinabi umano ng mga pulis na aamining ng isang kapitbahay na dumadaing ang batang biktima kaya sumilip siya sa bahay.,"['Miyerkoles', 'narining']","{'Miyerkoles': ['miyerkules', 'Miyerkules', 'mirekules', 'biyernes', 'Biyernes'], 'narining': ['narinig', 'aakining', 'aamining', 'aariing', 'akining']}"
"Anyway, kahapon ay nag-post si Mariel tungkol sa pagiging tarot card reader niya.","Anyway, kahapon ay nag-post si Mariel tungkol sa pagiging tarot card reader niya.","anay, kahapon ay nag-post si aries tungkol sa pagiging larot card reader niya.","['Anyway', 'Mariel', 'tarot']","{'Anyway': ['anyay', 'aaway', 'anay', 'anilay', 'aniyay'], 'Mariel': ['maribel', 'arial', 'aries', 'barel', 'bariil'], 'tarot': ['harot', 'karot', 'larot', 'parot', 'takot']}"
"Ngunit imbes na panghinaan ng loob ay lalo pang nag-init ang Phoenix at itinayo ang 31-point lead, 93-62, buhat sa triple ni Manganti sa huling 1:36 minuto ng nasabing yugto.","Ngunit imbes na panghinaan ng loob ay lalo pang nag-init ang Phoenix at itinayo ang 31-point lead, 93-62, buhat sa triple ni Manganti sa huling 1:36 minuto ng nasabing yugto.","Ngunit imbes na panghinaan ng loob ay lalo pang nag-init ang phones at itinayo ang ag-point lead, ad-ag, buhat sa triple ni manganta sa huling d:ag minuto ng nasabing yugto.","['Phoenix', '31', '93', '62', 'Manganti', '1', '36']","{'Phoenix': ['helix', 'phone', 'phones', 'poesia', 'poonin'], '31': ['ab', 'ad', 'ag', 'ah', 'ak'], '93': ['p3', 'ab', 'ad', 'ag', 'ah'], '62': ['ab', 'ad', 'ag', 'ah', 'ak'], 'Manganti': ['mangandi', 'mangani', 'manganta', 'mangati', 'mangaunti'], '1': ['b', 'c', 'd', 'e', 'f'], '36': ['ab', 'ad', 'ag', 'ah', 'ak']}"
"At kung ito ay mismong idea ni Gretchen, bow ako sa big heart niya.","At kung ito ay mismong idea ni Gretchen, bow ako sa big heart niya.","At kung ito ay mismong ira ni fetched, bow ako sa big heart niya.","['irea', 'Gretchen']","{'irea': ['area', 'idea', 'ira', 'ire', 'rea'], 'Gretchen': ['breacher', 'breaches', 'fetched', 'glitches', 'green']}"
"Bagamat hindi na nakunan ang aktwal na pamamaril, nakita sa CCTV ang mga patakas na suspek mula sa crime scene.","Bagamat hindi na nakunan ang aktwal na pamamaril, nakita sa CCTV ang mga patakas na suspek mula sa crime scene.","Bagamat hindi na nakunan ang aktwal na pamamaril, nakita sa CCTV ang mga patakas na suspek mula sa crime scene.",[],{}
"Nakatakdang ilibing bukas, Miyerkules, si Susan Roces sa North Cemetery.","Nakatakdang ilibing bukas, Miyerkules, si Susan Roces sa North Cemetery.","Nakatakdang ilibing bukas, Miyerkules, si suson boses sa North Cemetery.","['Susan', 'Roces']","{'Susan': ['suman', 'susian', 'suson', 'susun', 'tusan'], 'Roces': ['roles', 'acces', 'boses', 'boxes', 'braces']}"
"Palagi lang nauuna ang mga tao sa intriga, sagot pa ng taong tinanong namin.","Palagi lang nauuna ang mga tao sa intriga, sagot pa ng taong tinanong namin.","Palagi lang nauuna ang mga tao sa intriga, sagot pa ng taong tinanong namin.",[],{}
Nabatid na binisita ni Bolo ang kaniyang dating kinakasama at may kausap lang nang sumulpot ang suspek na armado ng baril.,Nabatid na binisita ni Bolo ang kaniyang dating kinakasama at may kausap lang nang sumulpot ang suspek na armado ng baril.,Nabatid na binisita ni Bolo ang kaniyang dating kinakasama at may kausap lang nang sumulpot ang suspek na armado ng baril.,[],{}
"Pahayag ng mga lumahok, inilunsad nila ang bike caravan bilang pakikiisa rin sa isinusulong ni Cayetano na eco-friendly at ??lead-by-example?? campaign ngayong eleksiyon.","Pahayag ng mga lumahok, inilunsad nila ang bike caravan bilang pakikiisa rin sa isinusulong ni Cayetano na eco-friendly at ??lead-by-example?? campaign ngayong eleksiyon.","Pahayag ng mga lumahok, inilunsad nila ang bike caravan bilang pakikiisa rin sa isinusulong ni Cayetano na eco-friendly at ??lead-by-example?? campaign ngayong eleksiyon.",[],{}
Umabot siya sa gano??ng pagmamahal niya.,Umabot siya sa gano??ng pagmamahal niya.,Umabot siya sa gaano??ng pagmamahal niya.,['gano'],"{'gano': ['aano', 'ano', 'gaano', 'gabo', 'gago']}"
"As in super saya ko kasi feeling ko ang confident ko na po ngayon Now, it has changed a lot ang dami ko nang naging friends ngayon and they would say na iba na talaga ako, ganon, dagdag pa ng dalaga.","As in super saya ko kasi feeling ko ang confident ko na po ngayon Now, it has changed a lot ang dami ko nang naging friends ngayon and they would say na iba na talaga ako, ganon, dagdag pa ng dalaga.","As in super saya ko kasi feeling ko ang confident ko na po ngayon Now, it has changer ag lot ang dami ko nang naging friends ngayon and they would say na iba na talaga ako, ganon, dagdag pa ng dalaga.","['changed', 'a']","{'changed': ['change', 'change]', 'changer', 'changes', 'charged'], 'a': ['ab', 'ad', 'ag', 'ah', 'ak']}"
"Makalipas ang limang taon, hindi na nag-renew si Vice ng kontrata sa talent management ni Papa O at hindi raw ito naging malaking issue sa kanya dahil ang palagi niyang iniisip ay ang kapakanan at future ng kanyang talents.","Makalipas ang limang taon, hindi na nag-renew si Vice ng kontrata sa talent management ni Papa O at hindi raw ito naging malaking issue sa kanya dahil ang palagi niyang iniisip ay ang kapakanan at future ng kanyang talents.","Makalipas ang limang taon, hindi na nag-renew si Vice ng kontrata sa talent management ni Papa O at hindi raw ito naging malaking issue sa kanya dahil ang palagi niyang iniisip ay ang kapakanan at future ng kanyang talents.",[],{}
"Ayon kay DILG Asst. Dir. Rene Valera, patunay ito na 74 sa 81 probinsiya ay nakapag-pasa na ng mga resoluyon na persona non grata na ang mga CPP-NPA-NDF sa kanilang mga lugar.","Ayon kay DILG Asst. Dir. Rene Valera, patunay ito na 74 sa 81 probinsiya ay nakapag-pasa na ng mga resoluyon na persona non grata na ang mga CPP-NPA-NDF sa kanilang mga lugar.","Ayon kay DILG Asst. Dir. Rene alert, patunay ito na ag sa ag probinsiya ay nakapag-pasa na ng mga resoluyon na persona non grata na ang mga cop-na-abf sa kanilang mga lugar.","['Valera', '74', '81', 'CPP', 'NPA', 'NDF']","{'Valera': ['galera', 'alero', 'alert', 'alerta', 'barera'], '74': ['ab', 'ad', 'ag', 'ah', 'ak'], '81': ['ab', 'ad', 'ag', 'ah', 'ak'], 'CPP': ['app', 'cap', 'cop', 'cup', 'ap'], 'NPA': ['apa', 'ipa', 'na', 'naa', 'napa'], 'NDF': ['ngf', 'ntf', 'abf', 'ad', 'ada']}"
Habang sinusulat namin ito ay nakatanggap kami ng info na hindi nakasama sa Best Actress nominees si Liza Lorena na lead actress sa pinipilahang MMFF movie na Family Matters.,Habang sinusulat namin ito ay nakatanggap kami ng info na hindi nakasama sa Best Actress nominees si Liza Lorena na lead actress sa pinipilahang MMFF movie na Family Matters.,Habang sinusulat namin ito ay nakatanggap kami ng info na hindi nakasama sa Best Actress nominees si liga barena na lead actress sa pinipilasang off movie na Family Matters.,"['Liza', 'Lorena', 'pinipilahang', 'MMFF']","{'Liza': ['lia', 'lida', 'liga', 'liha', 'lila'], 'Lorena': ['morena', 'arena', 'barena', 'corona', 'dosena'], 'pinipilahang': ['pinipilahan', 'pinipilakang', 'pinipilasang', 'binibilahang', 'pinipigaang'], 'MMFF': ['mm', 'mmda', 'off', 'abf', 'am']}"
"Yong aming position sa OCTA, hindi puwedeng pag-transition sa GCQ kasi yong trend po natin puwedeng mag-reverse.","Yong aming position sa OCTA, hindi puwedeng pag-transition sa GCQ kasi yong trend po natin puwedeng mag-reverse.","Yong aming position sa OCTA, hindi puwedeng pag-transition sa act kasi yong trend po natin puwedeng mag-reverse.",['GCQ'],"{'GCQ': ['ecq', 'ace', 'act', 'c', 'cc']}"
"Sapagkat para kay Kristo tulad ng mababasa natin sa kuwento ni Levi o Mateo, ang lahat ay binibigyan ng pagkakataon at pag-asa ng ating Panginoon upang magbagong buhay at magsisi sa kaniyang kasalanan.","Sapagkat para kay Kristo tulad ng mababasa natin sa kuwento ni Levi o Mateo, ang lahat ay binibigyan ng pagkakataon at pag-asa ng ating Panginoon upang magbagong buhay at magsisi sa kaniyang kasalanan.","Sapagkat para kay bisto tulad ng mababasa natin sa kuwento ni deli o mate, ang lahat ay binibigyan ng pagkakataon at pag-asa ng ating Panginoon upang magbagong buhay at magsisi sa kaniyang kasalanan.","['Kristo', 'Levi', 'Mateo']","{'Kristo': ['alisto', 'aresto', 'bisto', 'korista', 'krast'], 'Levi': ['leve', 'levy', 'deli', 'devil', 'evil'], 'Mateo': ['ateo', 'matao', 'mate', 'mater', 'mates']}"
"Gayunman, pinawalang-bisa ang kaniyang status pagkaraan ng tatlong taon dahil sa misrepresentation sa kaniyang permanent residence application.","Gayunman, pinawalang-bisa ang kaniyang status pagkaraan ng tatlong taon dahil sa misrepresentation sa kaniyang permanent residence application.","Gayunman, pinawalang-bisa ang kaniyang status pagkaraan ng tatlong taon dahil sa misrepresentation sa kaniyang permanent residence application.",[],{}
"Ayon naman kay Irone, orihinal nilang plano na mag-imbita ng 150 hanggang 200 guests, pero dahil sa pandemya, naging 30 na lang ang kanilang panauhin na binubuo ng kanilang mga pamilya at malalapit na kaibigan.","Ayon naman kay Irone, orihinal nilang plano na mag-imbita ng 150 hanggang 200 guests, pero dahil sa pandemya, naging 30 na lang ang kanilang panauhin na binubuo ng kanilang mga pamilya at malalapit na kaibigan.","Ayon naman kay irong, orihinal nilang plano na mag-imbita ng aal hanggang aam guests, pero dahil sa pandemya, naging ag na lang ang kanilang panauhin na binubuo ng kanilang mga pamilya at malalapit na kaibigan.","['Irone', '150', '200', '30']","{'Irone': ['drone', 'iron', 'irong', 'prone', 'alone'], '150': ['p57', 'aag', 'aal', 'aam', 'aat'], '200': ['aag', 'aal', 'aam', 'aat', 'aaw'], '30': ['ab', 'ad', 'ag', 'ah', 'ak']}"
"Iniimbestigahan na mga awtoridad kung sino ang nasa likod ng prank invite, na pinalitan na ngayon ng petsa para sa susunod na taon.--Reuters/FRJ.","Iniimbestigahan na mga awtoridad kung sino ang nasa likod ng prank invite, na pinalitan na ngayon ng petsa para sa susunod na taon.--Reuters/FRJ.","Iniimbestigahan na mga awtoridad kung sino ang nasa likod ng prank cavite, na pinalitan na ngayon ng petsa para sa susunod na taon.--centers/ari.","['invite', 'Reuters', 'FRJ']","{'invite': ['incite', 'invited', 'cavite', 'indise', 'ingit'], 'Reuters': ['renters', 'routers', 'centers', 'letters', 'meters'], 'FRJ': ['ar', 'are', 'ari', 'arm', 'art']}"
Natatakot din siyang baka bigla na lang siyang atakehin ulit habang nagmamaneho.,Natatakot din siyang baka bigla na lang siyang atakehin ulit habang nagmamaneho.,Natatakot din siyang baka bigla na lang siyang atakehin ulit habang nagmamaneho.,[],{}
"Lahat ng 40 stars na pumirma mukhang may mararating dahil iba rin naman ang build-up ni direk Dyogi, ang training, at kung paano nila i-present ang stars nila.","Lahat ng 40 stars na pumirma mukhang may mararating dahil iba rin naman ang build-up ni direk Dyogi, ang training, at kung paano nila i-present ang stars nila.","Lahat ng ag stars na pumirma mukhang may mararating dahil iba rin naman ang build-up ni direk drog, ang training, at kung paano nila i-present ang stars nila.","['40', 'Dyogi']","{'40': ['ab', 'ad', 'ag', 'ah', 'ak'], 'Dyogi': ['dog', 'dogs', 'drog', 'droga', 'duyog']}"
"In all likelihood, baka i-skip na namin debates pagka ganyan, wika ni Lacson kanina sa kanilang courtesy visit kay Jun Ynares na ngayoy tumatakbo sa pagkaalkalde ng Antipolo City.","In all likelihood, baka i-skip na namin debates pagka ganyan, wika ni Lacson kanina sa kanilang courtesy visit kay Jun Ynares na ngayoy tumatakbo sa pagkaalkalde ng Antipolo City.","In all likelihood, baka i-skip na namin debates pagka ganyan, wika ni ason kanina sa kanilang courtesy visit kay gun ares na ngayoy tumatakbo sa pagkaalkalde ng Antipolo City.","['Lacson', 'Jun', 'Ynares']","{'Lacson': ['lason', 'arson', 'ason', 'kalson', 'labon'], 'Jun': ['dun', 'fun', 'gun', 'june', 'junk'], 'Ynares': ['snares', 'andres', 'ares', 'fares', 'flares']}"
Siyempre ang pansing-pansin sa mga ipinu-post ni Pauleen sa Instagram ay ang anak nilang si Talitha.,Siyempre ang pansing-pansin sa mga ipinu-post ni Pauleen sa Instagram ay ang anak nilang si Talitha.,Siyempre ang pansing-pansin sa mga ipino-post ni ballpen sa Instagram ay ang anak nilang si malikha.,"['ipinu', 'Pauleen', 'Talitha']","{'ipinu': ['ipin', 'ipina', 'ipino', 'itinu', 'pinu'], 'Pauleen': ['alien', 'alyen', 'ballpen', 'canteen', 'fallen'], 'Talitha': ['balita', 'dalita', 'malikha', 'nalikha', 'salita']}"
"Gumamit umano ang suspek ng pangalan na Carl Eusebio at kaagad na nag-book sa delivery rider na i-ship ang nasabing item sa Starbucks, SM Center, Angono, Rizal.","Gumamit umano ang suspek ng pangalan na Carl Eusebio at kaagad na nag-book sa delivery rider na i-ship ang nasabing item sa Starbucks, SM Center, Angono, Rizal.","Gumamit umano ang suspek ng pangalan na car ekseso at kaagad na nag-book sa delivery rider na i-ship ang nasabing item sa barracks, SM Center, Angono, bital.","['Carl', 'Eusebio', 'Starbucks', 'Rizal']","{'Carl': ['cal', 'call', 'car', 'card', 'care'], 'Eusebio': ['busio', 'eksento', 'ekseso', 'eksibit', 'eoseno'], 'Starbucks': ['startups', 'trucks', 'barracks', 'sacks', 'sharks'], 'Rizal': ['ribal', 'arial', 'bital', 'cial', 'dial']}"
"Kinilala ang nasawi sa insidente na si Daisy Vale, 46-anyos habang malubhang nasugatan ang mister nitong si Antonio, 59 anyos na nagmamaneho ng van at anak nilang 14-anyos na binatilyo na kapwa inoobserbahan sa pagamutan.","Kinilala ang nasawi sa insidente na si Daisy Vale, 46-anyos habang malubhang nasugatan ang mister nitong si Antonio, 59 anyos na nagmamaneho ng van at anak nilang 14-anyos na binatilyo na kapwa inoobserbahan sa pagamutan.","Kinilala ang nasawi sa insidente na si Daisy dale, ag-anyos habang malubhang nasugatan ang mister nitong si Antonio, ag anyos na nagmamaneho ng van at anak nilang ag-anyos na binatilyo na kapwa inoobserbahan sa pagamutan.","['Vale', '46', '59', '14']","{'Vale': ['ale', 'bale', 'dale', 'gale', 'male'], '46': ['ab', 'ad', 'ag', 'ah', 'ak'], '59': ['ab', 'ad', 'ag', 'ah', 'ak'], '14': ['ab', 'ad', 'ag', 'ah', 'ak']}"
"Sa kanyang panig, sinabi ni Dizon na sinadya niyang magsuot ng ganitong costume upang mahikayat ang mga tao na makapag-pabakuna laban sa Covid-19 upang maprotektahan ang mga sarili laban sa virus.","Sa kanyang panig, sinabi ni Dizon na sinadya niyang magsuot ng ganitong costume upang mahikayat ang mga tao na makapag-pabakuna laban sa Covid-19 upang maprotektahan ang mga sarili laban sa virus.","Sa kanyang panig, sinabi ni biazon na sinadya niyang magsuot ng ganitong costume upang mahikayat ang mga tao na makapag-pabakuna laban sa Covid-ag upang maprotektahan ang mga sarili laban sa virus.","['Dizon', '19']","{'Dizon': ['dimon', 'dion', 'biazon', 'bihon', 'biyon'], '19': ['ab', 'ad', 'ag', 'ah', 'ak']}"
"So, may mga pagkukulang, marami akong pagkukulang sa mga anak ko, pero pagka nagkikita naman kami, nasasabi ko sa kanila ang mga sama ng loob ko sa kanila, pinag-uusapan namin kung ano ang dapat gawin, nakikinig naman sila.","So, may mga pagkukulang, marami akong pagkukulang sa mga anak ko, pero pagka nagkikita naman kami, nasasabi ko sa kanila ang mga sama ng loob ko sa kanila, pinag-uusapan namin kung ano ang dapat gawin, nakikinig naman sila.","So, may mga pagkukulang, marami akong pagkukulang sa mga anak ko, pero pagka nagkikita naman kami, nasasabi ko sa kanila ang mga sama ng loob ko sa kanila, pinag-uusapan namin kung ano ang dapat gawin, nakikinig naman sila.",[],{}
"I never told this to anyone, aniya pa kasabay ng pag-amin na talagang natakot siya noon na biglang mawalan ng trabaho at pagkakakitaan dahil nga sa pandemya.","I never told this to anyone, aniya pa kasabay ng pag-amin na talagang natakot siya noon na biglang mawalan ng trabaho at pagkakakitaan dahil nga sa pandemya.","I never told this to anyone, aniya pa kasabay ng pag-amin na talagang natakot siya noon na biglang mawalan ng trabaho at pagkakakitaan dahil nga sa pandemya.",[],{}
Suportado ng pamahalaang lungsod ng Las Pi?ñas ang Chikiting Bakunation ng Department of Health (DOH) na naglalayon na maabot ang mga kabataang hindi pa natuturukan ng mga pangunahing bakuna o hindi pa nakakumpleto ng mga bakuna dahil sa nakaraang lockdown.,Suportado ng pamahalaang lungsod ng Las Pi?ñas ang Chikiting Bakunation ng Department of Health (DOH) na naglalayon na maabot ang mga kabataang hindi pa natuturukan ng mga pangunahing bakuna o hindi pa nakakumpleto ng mga bakuna dahil sa nakaraang lockdown.,Suportado ng pamahalaang lungsod ng gas Pi?has ang Chikiting bainatin ng Department of Health (DOH) na naglalayon na maabot ang mga kabataang hindi pa natuturukan ng mga pangunahing bakuna o hindi pa nakakumpleto ng mga bakuna dahil sa nakaraang lockdown.,"['Las', 'ñas', 'Bakunation']","{'Las': ['alas', 'as', 'gas', 'has', 'kas'], 'ñas': ['as', 'gas', 'has', 'kas', 'mas'], 'Bakunation': ['babanatin', 'baguntaon', 'bainatin', 'bakunado', 'bakunadong']}"
Suportado umano ng mga magulang ang baguhang aktor sa mga ginagawa nito bilang baguhang artista.,Suportado umano ng mga magulang ang baguhang aktor sa mga ginagawa nito bilang baguhang artista.,Suportado umano ng mga magulang ang baguhang aktor sa mga ginagawa nito bilang baguhang artista.,[],{}
"Hinikayat ni Philippine Red Cross chairman, Senador Richard Gordon ang Department of Health (DOH) na gamitin ang saliva tests para mapataas ang kapasidad sa pag-detect ng COVID-19 infections sa bansa.","Hinikayat ni Philippine Red Cross chairman, Senador Richard Gordon ang Department of Health (DOH) na gamitin ang saliva tests para mapataas ang kapasidad sa pag-detect ng COVID-19 infections sa bansa.","Hinikayat ni Philippine Red Cross chairman, Senador Richard geddon ang Department of Health (DOH) na gamitin ang saliva tests para mapataas ang kapasidad sa pag-detect ng COVID-ag infections sa bansa.","['Gordon', '19']","{'Gordon': ['kordon', 'garden', 'geddon', 'golden', 'guryon'], '19': ['ab', 'ad', 'ag', 'ah', 'ak']}"
Sa season na ito ay hawak ng Blazers ang 2-0 edge laban sa Red Lions.,Sa season na ito ay hawak ng Blazers ang 2-0 edge laban sa Red Lions.,Sa season na ito ay hawak ng blades ang d-d edge laban sa Red Lions.,"['Blazers', '2', '0']","{'Blazers': ['bearers', 'bladders', 'blades', 'blater', 'lasers'], '2': ['b', 'c', 'd', 'e', 'f'], '0': ['b', 'c', 'd', 'e', 'f']}"
"Aalamin din umano ng senador kung ilang ambulansiya ang nabili ng DOH na ipimahagi sa LGU, at maging ang imbestigasyon sa mga ??expired medicine?? at ??overstocking?? na umabot sa halagang P2.7.","Aalamin din umano ng senador kung ilang ambulansiya ang nabili ng DOH na ipimahagi sa LGU, at maging ang imbestigasyon sa mga ??expired medicine?? at ??overstocking?? na umabot sa halagang P2.7.","Aalamin din umano ng senador kung ilang ambulansiya ang nabili ng DOH na ipinamahagi sa aga, at maging ang imbestigasyon sa mga ??expired medicine?? at ??overcrowding?? na umabot sa halagang p3.d.","['ipimahagi', 'LGU', 'overstocking', 'P2', '7']","{'ipimahagi': ['ipamahagi', 'ibinahagi', 'ipinamahagi', 'pamahagi', 'binahagi'], 'LGU': ['lgus', 'ag', 'aga', 'age', 'ago'], 'overstocking': ['overstaying', 'overarching', 'overcrowding', 'overloading', 'overpricing'], 'P2': ['p', 'p25', 'p3', 'pa', 'pg'], '7': ['b', 'c', 'd', 'e', 'f']}"
"Ayon sa OCTA Research group, mas bumaba pa ito sa 0.63.","Ayon sa OCTA Research group, mas bumaba pa ito sa 0.63.","Ayon sa OCTA Research group, mas bumaba pa ito sa d.ad.","['0', '63']","{'0': ['b', 'c', 'd', 'e', 'f'], '63': ['p3', 'ab', 'ad', 'ag', 'ah']}"
"Yung mismong pang-training na ginagamit, yung pang-final testing and sealing natin, yan ay dapat nasa mga guro kasi remember, yung final sealing and testing ay ginagawa sa mga mismong presinto, paliwanag pa ni Garcia.","Yung mismong pang-training na ginagamit, yung pang-final testing and sealing natin, yan ay dapat nasa mga guro kasi remember, yung final sealing and testing ay ginagawa sa mga mismong presinto, paliwanag pa ni Garcia.","Yung mismong pang-training na ginagamit, yung pang-final testing and sealing natin, yan ay dapat nasa mga guro kasi mumber, yung final sealing and testing ay ginagawa sa mga mismong presinto, paliwanag pa ni garapa.","['remember', 'Garcia']","{'remember': ['member', 'members', 'mumber', 'rebolber', 'receiver'], 'Garcia': ['aria', 'gara', 'garapa', 'garil', 'garsa']}"
"Inihayag ngNational Water Resource Board(NWRB) na umaabot sa11 milyong pamilyang Pinoy ang kulang sa access sa malinis na tubig kayat umaasa na lamang ang mga ito sa mga??unprotected? deep wells,bukal, ilog, lawa at tubig ulan para may magamit sa pang araw-araw na buhay.","Inihayag ngNational Water Resource Board(NWRB) na umaabot sa11 milyong pamilyang Pinoy ang kulang sa access sa malinis na tubig kayat umaasa na lamang ang mga ito sa mga??unprotected? deep wells,bukal, ilog, lawa at tubig ulan para may magamit sa pang araw-araw na buhay.","Inihayag functional Water Resource Board(nars) na umaabot saad milyong pamilyang Pinoy ang kulang sa access sa malinis na tubig kayat umaasa na lamang ang mga ito sa mga??protected]? deep wells,bukal, ilog, lawa at tubig ulan para may magamit sa pang araw-araw na buhay.","['ngNational', 'NWRB', 'sa11', 'unprotected']","{'ngNational': ['lnational', 'national', 'functional', 'irrational', 'nationals'], 'NWRB': ['nara', 'nare', 'nars', 'ncr', 'nire'], 'sa11': ['sa', 'saa', 'saad', 'saak', 'saan'], 'unprotected': ['protected', 'projected', 'protected]', 'protested', 'prosecuted']}"
"Sila na mismo ang nagse-self regulate sa sarili nila, ani Abalos.","Sila na mismo ang nagse-self regulate sa sarili nila, ani Abalos.","Sila na mismo ang nagse-self regulate sa sarili nila, ani Abalos.",[],{}
"Hanggang sa 'pag nanalo ulit, rolling-rolling, kaya umabot ng P1 million yon yung P10,000, pahayag niya.","Hanggang sa 'pag nanalo ulit, rolling-rolling, kaya umabot ng P1 million yon yung P10,000, pahayag niya.","Hanggang sa 'pag nanalo ulit, rolling-rolling, kaya umabot ng pa million yon yung p3,aam, pahayag niya.","['P1', 'P10', '000']","{'P1': ['p', 'p3', 'pa', 'pg', 'ph'], 'P10': ['p', 'p25', 'p3', 'p57', 'p75'], '000': ['aag', 'aal', 'aam', 'aat', 'aaw']}"
Nakatakdang bumisita ang tandem para sa press conference kasama ng mga miyembro ng media bago ang kanilang ika-pitong ??Online Kumustahan? activity sa LausGroup Event Centre sa San Fernando City.,Nakatakdang bumisita ang tandem para sa press conference kasama ng mga miyembro ng media bago ang kanilang ika-pitong ??Online Kumustahan? activity sa LausGroup Event Centre sa San Fernando City.,Nakatakdang bumisita ang tandem para sa press conference kasama ng mga miyembro ng media bago ang kanilang ika-pitong ??Online Kumustahan? activity sa klaustrong Event bente sa San heranyo City.,"['LausGroup', 'Centre', 'Fernando']","{'LausGroup': ['group', 'klaustro', 'klaustrong', 'lusero', 'luserong'], 'Centre': ['centres', 'centro', 'bente', 'censure', 'center'], 'Fernando': ['beranda', 'ferdinand', 'heranyo', 'ibinando', 'iminando']}"
"Jerry Oria, may hawak ng kaso, patuloy pa nilang inaalam sa nakuhang CCTV footage kung sino ang walang pusong ina o magulang na nagtapon sa bagong silang na sanggol, upang mahuli ito at mapanagot sa batas.","Jerry Oria, may hawak ng kaso, patuloy pa nilang inaalam sa nakuhang CCTV footage kung sino ang walang pusong ina o magulang na nagtapon sa bagong silang na sanggol, upang mahuli ito at mapanagot sa batas.","Jerry uria, may hawak ng kaso, patuloy pa nilang inaalam sa nakuhang CCTV footage kung sino ang walang pusong ina o magulang na nagtapon sa bagong silang na sanggol, upang mahuli ito at mapanagot sa batas.",['Oria'],"{'Oria': ['aria', 'orga', 'uria', 'area', 'ari']}"
Galing ang Gilas sa masaklap na ninth-place finish sa FIBA Asia Cup na ginaganap sa Jakarta.,Galing ang Gilas sa masaklap na ninth-place finish sa FIBA Asia Cup na ginaganap sa Jakarta.,Galing ang Gilas sa masaklap na ninth-place finish sa iba asi Cup na ginaganap sa makata.,"['FIBA', 'Asia', 'Jakarta']","{'FIBA': ['fina', 'giba', 'iba', 'iiba', 'siba'], 'Asia': ['aria', 'asa', 'asi', 'asias', 'asid'], 'Jakarta': ['kakanta', 'karta', 'makata', 'makurta', 'nakaruta']}"
"Isa pa si Anna Vicente, dagdag pang chika ng binata.","Isa pa si Anna Vicente, dagdag pang chika ng binata.","Isa pa si ansa accents, dagdag pang chika ng binata.","['Anna', 'Vicente']","{'Anna': ['anga', 'ann', 'ansa', 'anta', 'anya'], 'Vicente': ['disente', 'license', 'accents', 'ahente', 'bente']}"
"Batay sa ulat ng Bureau of Fire Protection (BFP)-Quezon City, bago mag-ala-una nang madaling araw nang magsimulang sumiklab ang sunog sa dalawang palapag ng bahay ng pamilya Yu, na mayroong basement,Castrillo St.","Batay sa ulat ng Bureau of Fire Protection (BFP)-Quezon City, bago mag-ala-una nang madaling araw nang magsimulang sumiklab ang sunog sa dalawang palapag ng bahay ng pamilya Yu, na mayroong basement,Castrillo St.","Batay sa ulat ng Bureau of Fire Protection (ap)-Quezon City, bago mag-ala-una nang maraling araw nang magsimulang sumiklab ang sunog sa dalawang palapag ng bahay ng pamilya cu, na mayroong basement,amarilyo St.","['BFP', 'Yu', 'Castrillo']","{'BFP': ['dfp', 'abf', 'ap', 'app', 'atp'], 'Yu': ['au', 'bu', 'cu', 'fu', 'ku'], 'Castrillo': ['castro', 'kastilyo', 'amarilyo', 'asilo', 'asterisko']}"
"Samantala, pinaghahandaan ngayon ni Sen.","Samantala, pinaghahandaan ngayon ni Sen.","Samantala, pinaghahandaan ngayon ni Sen.",[],{}
"Maganda rin yung laging naririnig sa radio, medyo active na ngayon dahil madali na ang recall sa pangalan nila.","Maganda rin yung laging naririnig sa radio, medyo active na ngayon dahil madali na ang recall sa pangalan nila.","Maganda rin yung laging naririnig sa radio, medyo active na ngayon dahil marali na ang recall sa pangalan nila.",[],{}
"Dahil dito, humingi ng tulong si Peabo sa netizens na nasa Bonifacio Global City area.","Dahil dito, humingi ng tulong si Peabo sa netizens na nasa Bonifacio Global City area.","Dahil dito, humingi ng tulong si berbo sa netizens na nasa bonita Global City area.","['Peabo', 'Bonifacio']","{'Peabo': ['pabo', 'abo', 'berbo', 'embo', 'gabo'], 'Bonifacio': ['benefactor', 'biniyatiko', 'bonita', 'bonitang', 'bonito']}"
Sa pagtutulungan nina Mayor Joy Belmonte at Councilor PM Vargas talagang masasabi ko na bakunado at protektodo ang halos buong Quezon City.,Sa pagtutulungan nina Mayor Joy Belmonte at Councilor PM Vargas talagang masasabi ko na bakunado at protektodo ang halos buong Quezon City.,Sa pagtutulungan nina Mayor job bente at Councilor PM agas talagang masasabi ko na bakunado at projekto ang halos buong Quezon City.,"['Joy', 'Belmonte', 'Vargas', 'protektodo']","{'Joy': ['boy', 'jay', 'job', 'koy', 'noy'], 'Belmonte': ['beinte', 'belong', 'bente', 'bolante', 'bulante'], 'Vargas': ['bargas', 'aarmas', 'agas', 'angas', 'aras'], 'protektodo': ['protektado', 'protektor', 'projekto', 'protected', 'protected]']}"
Umiwas umano sa isang barikada ang rider na pulis na naging dahilan para bumangga sa sinusundang kotse at tuluyang nawalan ng kontrol sa manibela bago tuluyang sumemplang at humampas sa isang nakaparadang tricycle.,Umiwas umano sa isang barikada ang rider na pulis na naging dahilan para bumangga sa sinusundang kotse at tuluyang nawalan ng kontrol sa manibela bago tuluyang sumemplang at humampas sa isang nakaparadang tricycle.,Umiwas umano sa isang barikada ang rider na pulis na naging dahilan para bumangga sa sinusundang kotse at tuluyang nawalan ng kontrol sa manibela bago tuluyang sumemplang at humampas sa isang nakaparadang tricycle.,[],{}
Iminungkahi ng grupo na payagan ang mas maraming pampasaherong sasakyan sa kalye at linawin ang patakaran pagdating sa carpooling at company shuttle.,Iminungkahi ng grupo na payagan ang mas maraming pampasaherong sasakyan sa kalye at linawin ang patakaran pagdating sa carpooling at company shuttle.,Iminungkahi ng grupo na payagan ang mas maraming pampasaherong sasakyan sa kalye at linawin ang patakaran pagdating sa carpooling at company shuttle.,[],{}
"Sa ulat ni Ava Marie Moises ng Super Radyo Kalibo, sinabi umano ni nurse Clark Nadal Tarantan, emergency responder ng MDRRMO Numancia, na nangyari ang insidente bandang alas-dose ng tanghali noong Huwebes.","Sa ulat ni Ava Marie Moises ng Super Radyo Kalibo, sinabi umano ni nurse Clark Nadal Tarantan, emergency responder ng MDRRMO Numancia, na nangyari ang insidente bandang alas-dose ng tanghali noong Huwebes.","Sa ulat ni aga marine doses ng Super Radyo alibi, sinabi umano ni nurse Clark inaral Tarantan, emergency responder ng damo gumana, na nangyari ang insidente bandang alas-dose ng tanghali noong Huwebes.","['Ava', 'Marie', 'Moises', 'Kalibo', 'Naral', 'MDRRMO', 'Numancia']","{'Ava': ['aba', 'ada', 'aga', 'aka', 'ala'], 'Marie': ['mare', 'mari', 'marine', 'aari', 'aarte'], 'Moises': ['boses', 'crises', 'doses', 'houses', 'losses'], 'Kalibo': ['kalbo', 'kaliko', 'alibi', 'balibol', 'balido'], 'Naral': ['aaral', 'aral', 'inaral', 'naaral', 'nabal'], 'MDRRMO': ['adorno', 'barrio', 'damo', 'demo', 'derma'], 'Numancia': ['bumangga', 'bumangis', 'gumana', 'gumanda', 'gumanti']}"
"In other words, akoy mangangapit-bahay para sa ating bansa at para sa ating ekonomiya, mensahe ng Pangulo bago umalis.","In other words, akoy mangangapit-bahay para sa ating bansa at para sa ating ekonomiya, mensahe ng Pangulo bago umalis.","In other words, akoy mangangapit-bahay para sa ating bansa at para sa ating ekonomiya, mensahe ng Pangulo bago umalis.",[],{}
"Ako ang may problem no??n,? paglalahad ng dalaga.","Ako ang may problem no??n,? paglalahad ng dalaga.","Ako ang may problem no??n,? paglalahad ng dalaga.",[],{}
Magiging busy year ang 2021 for Ogie kahit may pandemic pa rin dahil yung KilaboTitos nila ni Ian Veneracion ay isa na ring virtual concert.,Magiging busy year ang 2021 for Ogie kahit may pandemic pa rin dahil yung KilaboTitos nila ni Ian Veneracion ay isa na ring virtual concert.,Magiging busy year ang aag for agit kahit may pandemic pa rin dahil yung kilabot nila ni can federation ay isa na ring virtual concert.,"['2021', 'Ogie', 'KilaboTitos', 'Ian', 'Veneracion']","{'2021': ['p25', 'aaba', 'aag', 'aako', 'aal'], 'Ogie': ['age', 'agik', 'agit', 'agiw', 'die'], 'KilaboTitos': ['binabatikos', 'kalabito', 'kilabot', 'kilatis', 'babatikos'], 'Ian': ['an', 'ban', 'can', 'ean', 'fan'], 'Veneracion': ['generation', 'benerasyon', 'federation', 'generations', 'generatioon']}"
"Sa nakaraang episode ng ""Kapuso Mo, Jessica Soho,"" sinabing humingi ng tulong sa programa ang ginang na si Gina, di niya tunay na pangalan, mula sa Cagayan de Oro City, upang maipa-DNA test ang kaniyang apat na taong gulang na bunso na si Andy, di tunay na pangalan, at ang kaniyang mister na itinago sa pangalang Lino.","Sa nakaraang episode ng ""Kapuso Mo, Jessica Soho,"" sinabing humingi ng tulong sa programa ang ginang na si Gina, di niya tunay na pangalan, mula sa Cagayan de Oro City, upang maipa-DNA test ang kaniyang apat na taong gulang na bunso na si Andy, di tunay na pangalan, at ang kaniyang mister na itinago sa pangalang Lino.","Sa nakaraang episode ng ""abuso Mo, bestida soo,"" sinabing humingi ng tulong sa programa ang ginang na si fina, di niya tunay na pangalan, mula sa Cagayan de Oro City, upang maipa-duna test ang kaniyang apat na taong gulang na bunso na si Andy, di tunay na pangalan, at ang kaniyang mister na itinago sa pangalang hino.","['Kapuso', 'Jessica', 'Soho', 'Gina', 'DNA', 'Lino']","{'Kapuso': ['kapus', 'aabuso', 'abuso', 'baruso', 'isapuso'], 'Jessica': ['bassic', 'bensina', 'bestida', 'cessna', 'eespiya'], 'Soho': ['saho', 'solo', 'soo', 'soro', 'baho'], 'Gina': ['bina', 'dina', 'fina', 'gana', 'gia'], 'DNA': ['da', 'dina', 'duna', 'ina', 'lna'], 'Lino': ['bino', 'gino', 'hino', 'iino', 'ino']}"
"Ibig sabihin, ang singil para sa fuel surcharge mula sa pasahero ay bababa ng P287 hanggang P839 para sa domestic flight sa ilalim ng level 9 mula sa kasalukuyang P389 hanggang P1,137 kada pasahero sa ilalim ng level 12.","Ibig sabihin, ang singil para sa fuel surcharge mula sa pasahero ay bababa ng P287 hanggang P839 para sa domestic flight sa ilalim ng level 9 mula sa kasalukuyang P389 hanggang P1,137 kada pasahero sa ilalim ng level 12.","Ibig sabihin, ang singil para sa fuel surcharge mula sa pasahero ay bababa ng p hanggang p25 para sa domestic flight sa ilalim ng level d mula sa kasalukuyang p25 hanggang pa,aag kara pasahero sa ilalim ng level ag.","['P287', 'P839', '9', 'P389', 'P1', '137', '12']","{'P287': ['p25', 'p57', 'p', 'p3', 'p75'], 'P839': ['p3', 'p', 'p25', 'p57', 'p75'], '9': ['b', 'c', 'd', 'e', 'f'], 'P389': ['p3', 'p', 'p25', 'p57', 'p75'], 'P1': ['p', 'p3', 'pa', 'pg', 'ph'], '137': ['p3', 'p57', 'aag', 'aal', 'aam'], '12': ['ab', 'ad', 'ag', 'ah', 'ak']}"
"Sinabi ni Col. Christopher Panapan, Maguindanao provincial police director na nitong Miyerkules ay ginalugad ng mga pulis ang naturang lugar upang hanapin ang mga suspek matapos na isang off-duty security guard ang nag-ulat na hinoldap siya ng dalawang suspek sa Purok Fatima, Brgy.","Sinabi ni Col. Christopher Panapan, Maguindanao provincial police director na nitong Miyerkules ay ginalugad ng mga pulis ang naturang lugar upang hanapin ang mga suspek matapos na isang off-duty security guard ang nag-ulat na hinoldap siya ng dalawang suspek sa Purok Fatima, Brgy.","Sinabi ni Col. Christopher panapon, Maguindanao provincial police director na nitong Miyerkules ay ginalugad ng mga pulis ang naturang lugar upang hanapin ang mga suspek matapos na isang off-duty security guard ang nag-ulat na hinoldap siya ng dalawang suspek sa Purok fata, Brgy.","['Panapan', 'Fatima']","{'Panapan': ['hanapan', 'panapal', 'panapon', 'panawan', 'panayan'], 'Fatima': ['atim', 'estima', 'fata', 'istima', 'kahima']}"
Milyon) ang nakataya sa nasabing Predator world 10-ball event.,Milyon) ang nakataya sa nasabing Predator world 10-ball event.,Milyon) ang nakataya sa nasabing Predator world ag-ball event.,['10'],"{'10': ['ab', 'ad', 'ag', 'ah', 'ak']}"
"Samantala, sinabi ng Department of Foreign Affairs kahapon na maraming Filipino sa Ukraine ang hindi pa tiyak kung babalik sila sa Pilipinas at marami pa rin sa kanila ang umaasa na matatapos ang sigalot sa pagitan ng Russia at Ukraine sa mga susunod na araw.","Samantala, sinabi ng Department of Foreign Affairs kahapon na maraming Filipino sa Ukraine ang hindi pa tiyak kung babalik sila sa Pilipinas at marami pa rin sa kanila ang umaasa na matatapos ang sigalot sa pagitan ng Russia at Ukraine sa mga susunod na araw.","Samantala, sinabi ng Department of Foreign Affairs kahapon na maraming Filipino sa urine ang hindi pa tiyak kung babalik sila sa Pilipinas at marami pa rin sa kanila ang umaasa na matatapos ang sigalot sa pagitan ng bassic at urine sa mga susunod na araw.","['Ukraine', 'Russia', 'Ukraine']","{'Ukraine': ['ukain', 'ukaing', 'urine', 'airline', 'akmain'], 'Russia': ['bussa', 'rustika', 'bassic', 'buhia', 'bulsa']}"
Sa 66 pahinang desisyon ng Sandiganbayan Fourth Division sinabi nitong ??Guilty of Gross Inexcusable Negligence? si Pichay at kapwa akusado na si LWUA Deputy Administrator Wilfredo Feleo Jr.,Sa 66 pahinang desisyon ng Sandiganbayan Fourth Division sinabi nitong ??Guilty of Gross Inexcusable Negligence? si Pichay at kapwa akusado na si LWUA Deputy Administrator Wilfredo Feleo Jr.,Sa ag pahinang desisyon ng andanahan Fourth Division sinabi nitong ??Guilty of Gross Inexcusable Negligence? si bithay at kapwa akusado na si grua Deputy Administrator dilikado feed Jr.,"['66', 'Sandiganbayan', 'Pichay', 'LWUA', 'Wilfredo', 'Feleo']","{'66': ['ab', 'ad', 'ag', 'ah', 'ak'], 'Sandiganbayan': ['sangandaan', 'aandanahan', 'andanahan', 'dadantayan', 'dinantayan'], 'Pichay': ['pechay', 'bihay', 'bithay', 'dighay', 'icha'], 'LWUA': ['aqua', 'awa', 'grua', 'iqua', 'iwa'], 'Wilfredo': ['alfresco', 'colored', 'dilikado', 'diliryo', 'dinurado'], 'Feleo': ['belo', 'fee', 'feed', 'feel', 'fees']}"
Sila ang mga taong nagpapakilalang Kristiyano o relihiyoso subalit hindi naman nakikita sa kanilang pamumuhay ang espiritu ng Panginoong HesuKristo.,Sila ang mga taong nagpapakilalang Kristiyano o relihiyoso subalit hindi naman nakikita sa kanilang pamumuhay ang espiritu ng Panginoong HesuKristo.,Sila ang mga taong nagpapakilalang sakristiyang o relihiyoso subalit hindi naman nakikita sa kanilang pamumuhay ang espiritu ng Panginoong estrikto.,"['Kristiyano', 'HesuKristo']","{'Kristiyano': ['kristiano', 'kritikang', 'sakristiyang', 'aliktiyang', 'artisyano'], 'HesuKristo': ['eskuisto', 'destrito', 'estrikto', 'histerismo', 'hurista']}"
Binigyang-diin ng Presidente na marami na silang nasubukang mga sasakyan para sa militar subalit hindi rin nagtagal kaya gustong subukan ang nabanggit na modelo.,Binigyang-diin ng Presidente na marami na silang nasubukang mga sasakyan para sa militar subalit hindi rin nagtagal kaya gustong subukan ang nabanggit na modelo.,Binigyang-diin ng Presidente na marami na silang nasubukang mga sasakyan para sa militar subalit hindi rin nagtagal kaya gustong subukan ang nabanggit na modelo.,[],{}
"Dati raw umaabot pa sa 500,000 US dollars ang bayaran, ngayon daw 100,000 US dollars na lang.","Dati raw umaabot pa sa 500,000 US dollars ang bayaran, ngayon daw 100,000 US dollars na lang.","Dati raw umaabot pa sa aam,aam US dollars ang bayaran, ngayon daw aam,aam US dollars na lang.","['500', '000', '100', '000']","{'500': ['aag', 'aal', 'aam', 'aat', 'aaw'], '000': ['aag', 'aal', 'aam', 'aat', 'aaw'], '100': ['aag', 'aal', 'aam', 'aat', 'aaw']}"
Si Maxene Magalona rin ay hindi nagpahuli dahil kinumpirma niyang hiwalay na sila ng model na si Robby Mananquil.,Si Maxene Magalona rin ay hindi nagpahuli dahil kinumpirma niyang hiwalay na sila ng model na si Robby Mananquil.,Si mapeke mabalong rin ay hindi nagpahuli dahil kinumpirma niyang hiwalay na sila ng model na si koboy mananagi.,"['Maxene', 'Magalona', 'Robby', 'Mananquil']","{'Maxene': ['maiere', 'mameke', 'mapeke', 'marine', 'aamen'], 'Magalona': ['maalon', 'maalong', 'mabalong', 'magagong', 'magalang'], 'Robby': ['lobby', 'boboy', 'koboy', 'rabbi', 'robber'], 'Mananquil': ['mananabi', 'mananabik', 'mananagi', 'mananahi', 'mananaig']}"
Nararamdaman naman niya na mahal na mahal ko siya at lahat ng ginagawa ko ay para sa kanya.,Nararamdaman naman niya na mahal na mahal ko siya at lahat ng ginagawa ko ay para sa kanya.,Nararamdaman naman niya na mahal na mahal ko siya at lahat ng ginagawa ko ay para sa kanya.,[],{}
Pahirapan ang pagsagip dahil walang ibang pagkakapitan si Baoyi para kumuha ng puwersa upang maitulak niya papasok sa loob ang bata.,Pahirapan ang pagsagip dahil walang ibang pagkakapitan si Baoyi para kumuha ng puwersa upang maitulak niya papasok sa loob ang bata.,Pahirapan ang pagsagip dahil walang ibang pagkakapitan si baby para kumuha ng puwersa upang maitulak niya papasok sa loob ang bata.,['Baoyi'],"{'Baoyi': ['bayi', 'baboy', 'baby', 'badya', 'bagyo']}"
"Kung nabaligtad ang resulta, pihado bitter din kayo.","Kung nabaligtad ang resulta, pihado bitter din kayo.","Kung nabaligtad ang resulta, pihado bitter din kayo.",[],{}
"Dahil alam nating maraming isang kahig, isang tuka, hindi naman po pupwedeng magugutom sila nang tuluyan.","Dahil alam nating maraming isang kahig, isang tuka, hindi naman po pupwedeng magugutom sila nang tuluyan.","Dahil alam nating maraming isang kahig, isang tuka, hindi naman po pupwede magugutom sila nang tuluyan.",['pupwedeng'],"{'pupwedeng': ['pupuwedeng', 'puwedeng', 'pupwede', 'pwedeng', 'bupeteng']}"
"Mula nang mahalal noong 2019, nakapaghain si Quimbo ng mahigit 300 panukala, kabilang ang Accelerated Recovery and Investment Stimulus for the Economy (ARISE) at Bayanihan to Recover as One Act (Bayanihan 2) na dahilan upang palayawan siyang Ayuda Queen.","Mula nang mahalal noong 2019, nakapaghain si Quimbo ng mahigit 300 panukala, kabilang ang Accelerated Recovery and Investment Stimulus for the Economy (ARISE) at Bayanihan to Recover as One Act (Bayanihan 2) na dahilan upang palayawan siyang Ayuda Queen.","Mula nang mahalal noong aako, nakapaghain si lumbo ng mahigit aam panukala, kabilang ang celebrated Recovery and Investment Stimulus for the Economy (abuse) at Bayanihan to Recover as One Act (Bayanihan d) na dahilan upang palayawan siyang Ayuda Queen.","['2019', 'Quimbo', '300', 'Accelerated', 'ARISE', '2']","{'2019': ['aaba', 'aag', 'aako', 'aal', 'aala'], 'Quimbo': ['jumbo', 'limbo', 'lumbo', 'nimbo', 'quiao'], '300': ['aag', 'aal', 'aam', 'aat', 'aaw'], 'Accelerated': ['accelerator', 'acceleration', 'celebrated', 'accepted', 'accredited'], 'ARISE': ['rise', 'abiso', 'abuse', 'acist', 'advise'], '2': ['b', 'c', 'd', 'e', 'f']}"
Bahagi ito ng kalalabas lang na P1.08.,Bahagi ito ng kalalabas lang na P1.08.,Bahagi ito ng kalalabas lang na pa.ag.,"['P1', '08']","{'P1': ['p', 'p3', 'pa', 'pg', 'ph'], '08': ['ab', 'ad', 'ag', 'ah', 'ak']}"
Pero muli ring inulit ni Duterte ang pangako kay House Majority Leader Martin Romualdez na ito ang susuportahan niya sakaling kumandidatong bise presidente sa 2022 national elections.,Pero muli ring inulit ni Duterte ang pangako kay House Majority Leader Martin Romualdez na ito ang susuportahan niya sakaling kumandidatong bise presidente sa 2022 national elections.,Pero muli ring inulit ni suwerte ang pangako kay House Majority Leader mariin comrade na ito ang susuportahan niya sakaling kumandidatong bise presidente sa aag national elections.,"['Duterte', 'Martin', 'Romualdez', '2022']","{'Duterte': ['butete', 'puwerte', 'suwerte', 'terte', 'bunete'], 'Martin': ['margin', 'marhin', 'mariin', 'martir', 'matin'], 'Romualdez': ['boulder', 'commander', 'comrade', 'comrades', 'komander'], '2022': ['p25', 'aaba', 'aag', 'aako', 'aal']}"
"Bago dumating ang bagyo, naka preposition na po ang goods, coordination with LGUs, ilikas po ang mga kababayan natin sa ligtas na lugar at pag-alis po ng bagyo, may efforts to restore to normalcy and rehabilitate communities kaagad sa mga tinamaan, paliwanag ni Go.","Bago dumating ang bagyo, naka preposition na po ang goods, coordination with LGUs, ilikas po ang mga kababayan natin sa ligtas na lugar at pag-alis po ng bagyo, may efforts to restore to normalcy and rehabilitate communities kaagad sa mga tinamaan, paliwanag ni Go.","Bago dumating ang bagyo, naka preposition na po ang goods, coordination with LGUs, ilikas po ang mga kababayan natin sa ligtas na lugar at pag-alis po ng bagyo, may efforts to restore to formal and rehabilitate communities kaagad sa mga tinamaan, paliwanag ni Go.",['normalcy'],"{'normalcy': ['normal', 'abnormally', 'formal', 'morally', 'normalize']}"
"Tapos syempre yung paborito kung gawin yung aquathlon nga, running and swimming yun nawala na rin talaga.","Tapos syempre yung paborito kung gawin yung aquathlon nga, running and swimming yun nawala na rin talaga.","Tapos disyembre yung paborito kung gawin yung aguhon nga, running and swimming yun nawala na rin talaga.","['syempre', 'aquathlon']","{'syempre': ['siyempre', 'yembre', 'disyembre', 'Disyembre', 'emple'], 'aquathlon': ['aahon', 'aalon', 'aguhon', 'aquatabs', 'aquatic']}"
Kasama sa inaabangan sa bagong administrasyon ang pagbabalik ng ??fashion?? sa Malaca?ñang na maaalalang di pwede sa anim na taong pamumuno ni Pres.,Kasama sa inaabangan sa bagong administrasyon ang pagbabalik ng ??fashion?? sa Malaca?ñang na maaalalang di pwede sa anim na taong pamumuno ni Pres.,Kasama sa inaabangan sa bagong administrasyon ang pagbabalik ng ??fashion?? sa malasa?bang na maaalalang di pwede sa anim na taong pamumuno ni Pres.,"['Malaca', 'ñang']","{'Malaca': ['malaga', 'malala', 'malasa', 'malata', 'malawa'], 'ñang': ['aang', 'ang', 'bang', 'cang', 'dang']}"
At labag sa batas na i-register niyo at gumamit kayo ng ibang ID.,At labag sa batas na i-register niyo at gumamit kayo ng ibang ID.,At labag sa batas na i-register nido at gumamit kayo ng ibang ID.,['niyo'],"{'niyo': ['iyo', 'liyo', 'nido', 'nigo', 'nino']}"
Nang malaman ito ng tatay ni Edwin ay palalayuin niya si Esperanza at palalayasin din siya ng kanyang adoptive mother sa kanilang tahanan.,Nang malaman ito ng tatay ni Edwin ay palalayuin niya si Esperanza at palalayasin din siya ng kanyang adoptive mother sa kanilang tahanan.,Nang malaman ito ng tatay ni diin ay palalayuin niya si esperansang at palalayasin din siya ng kanyang adopting mother sa kanilang tahanan.,"['Edwin', 'Esperanza', 'adoptive']","{'Edwin': ['erwin', 'admin', 'diin', 'din', 'drin'], 'Esperanza': ['esperansa', 'esmeralda', 'esperansang', 'esperma', 'espermang'], 'adoptive': ['adaptive', 'additive', 'adopting', 'adoption', 'absorptive']}"
"Ayon pa sa abogado, itinigil ni Taguig Regional Trial Court Executive Judge Antonio Olivete ang pag-raffle ng kaso o pag-assign ng judge na didinig nito dahil sa mosyon.","Ayon pa sa abogado, itinigil ni Taguig Regional Trial Court Executive Judge Antonio Olivete ang pag-raffle ng kaso o pag-assign ng judge na didinig nito dahil sa mosyon.","Ayon pa sa abogado, itinigil ni Taguig Regional Trial Court Executive Judge Antonio birete ang pag-raffle ng kaso o pag-assign ng judge na didinig nito dahil sa mosyon.",['Olivete'],"{'Olivete': ['olive', 'almete', 'birete', 'climate', 'elite']}"
Pinakamataas dito ang pagtugon ng gobyerno sa pangangailangan ng mga lugar na nasalanta ng bagyo na nakakuha ng 78% approval at 3% disapproval.,Pinakamataas dito ang pagtugon ng gobyerno sa pangangailangan ng mga lugar na nasalanta ng bagyo na nakakuha ng 78% approval at 3% disapproval.,Pinakamataas dito ang pagtugon ng gobyerno sa pangangailangan ng mga lugar na nasalanta ng bagyo na nakakuha ng ag% approval at d% disapproval.,"['78', '3']","{'78': ['ab', 'ad', 'ag', 'ah', 'ak'], '3': ['b', 'c', 'd', 'e', 'f']}"
Wag bumili sa mga ganito!,Wag bumili sa mga ganito!,Wag bumili sa mga ganito!,[],{}
Malinaw na pababa na umano ang ??trajectory? ng mga bagong kaso ngunit kailangan pa ng ibayong pag-iingat at restriksyon para mapanatili ito at mas maibaba pa.,Malinaw na pababa na umano ang ??trajectory? ng mga bagong kaso ngunit kailangan pa ng ibayong pag-iingat at restriksyon para mapanatili ito at mas maibaba pa.,Malinaw na pababa na umano ang ??trajectory? ng mga bagong kaso ngunit kailangan pa ng ibayong pag-iingat at restriksyon para mapanatili ito at mas maibaba pa.,[],{}
"Dahil hindi pa rin nawala sa isip ni Lola Avelina si Guillermo, gumawa ng paraan ang kaniyang mga anak at apo para hanapin ang first love nitong si Lolo Guillermo sa pamamagitan ng social media, at nagtagumpay sila.","Dahil hindi pa rin nawala sa isip ni Lola Avelina si Guillermo, gumawa ng paraan ang kaniyang mga anak at apo para hanapin ang first love nitong si Lolo Guillermo sa pamamagitan ng social media, at nagtagumpay sila.","Dahil hindi pa rin nawala sa isip ni Lola aaling si fillers, gumawa ng paraan ang kaniyang mga anak at apo para hanapin ang first love nitong si Lolo fillers sa pamamagitan ng social media, at nagtagumpay sila.","['Avelina', 'Guillermo', 'Guillermo']","{'Avelina': ['baselina', 'aalila', 'aaling', 'aapina', 'abelyana'], 'Guillermo': ['billers', 'builders', 'fillers', 'gallery', 'gerilyero']}"
"Pag-amin ng isa niya kapatid, kung minsan ay nagkukuwento sa kaniya si Mylene pero hindi na niya pinapatapos dahil sa takot.","Pag-amin ng isa niya kapatid, kung minsan ay nagkukuwento sa kaniya si Mylene pero hindi na niya pinapatapos dahil sa takot.","Pag-amin ng isa niya kapatid, kung minsan ay nagkukuwento sa kaniya si aleng pero hindi na niya ipinapatalos dahil sa takot.","['Mylene', 'pinapatapos']","{'Mylene': ['cylone', 'muleng', 'aleng', 'alone', 'baleng'], 'pinapatapos': ['ipinapatapos', 'ipapatapos', 'ipinapatalos', 'ipinapatapon', 'papatapos']}"
"Sa kanyang pagsasalita sa naturang okasyon, sinabi ni dating Bayan Muna organizer na itinago sa alyas ??Ka Jenny? na sinuportahan nila ang komunistang grupo dahil nangako ito sa kanila ng libreng pabahay at edukasyon sa kanilang mga anak, kapalit ng suportang pinansiyal at iba pa sa organisasyon.","Sa kanyang pagsasalita sa naturang okasyon, sinabi ni dating Bayan Muna organizer na itinago sa alyas ??Ka Jenny? na sinuportahan nila ang komunistang grupo dahil nangako ito sa kanila ng libreng pabahay at edukasyon sa kanilang mga anak, kapalit ng suportang pinansiyal at iba pa sa organisasyon.","Sa kanyang pagsasalita sa naturang okasyon, sinabi ni dating Bayan Muna organizer na itinago sa alyas ??Ka jeans? na sinuportahan nila ang komunistang grupo dahil nangako ito sa kanila ng libreng pabahay at edukasyon sa kanilang mga anak, kapalit ng suportang pinansiyal at iba pa sa organisasyon.",['Jenny'],"{'Jenny': ['deny', 'henna', 'jeans', 'jeeney', 'jerky']}"
Naghiwalay kami nang maayos and hindi kami bitter sa isa't isa.,Naghiwalay kami nang maayos and hindi kami bitter sa isa't isa.,Naghiwalay kami nang maayos and hindi kami bitter sa isa't isa.,[],{}
"Kaya yung mga tolongges na yan at saka ??yung ilang senador diyan nagsasabi na hindi kailangan ng FDA, eh kailangan po.","Kaya yung mga tolongges na yan at saka ??yung ilang senador diyan nagsasabi na hindi kailangan ng FDA, eh kailangan po.","Kaya yung mga botones na yan at saka ??yung ilang senador diyan nagsasabi na hindi kailangan ng FDA, eh kailangan po.",['tolongges'],"{'tolongges': ['blogger', 'bloggers', 'botones', 'clogged', 'colleges']}"
"Patapos na kami mag-impake, wika niya Miyerkuleshabang ipinakikita ang mga kahong dadalhin sa opisina ng Angat Buhay non-government organization.","Patapos na kami mag-impake, wika niya Miyerkuleshabang ipinakikita ang mga kahong dadalhin sa opisina ng Angat Buhay non-government organization.","Patapos na kami mag-impake, wika niya mineralohiyang ipinakikita ang mga kahong dadalhin sa opisina ng Angat Buhay non-government organization.",['Miyerkuleshabang'],"{'Miyerkuleshabang': ['miyerkules', 'irereserbang', 'mineralohiyang', 'Miyerkules', 'nirerehasang']}"
Matinding laban ang haharapin ng Gilas Pilipinas sa third window kontra sa South Korea at Indonesia na parehong magpaparada ng naturalized players sa kanilang koponan.,Matinding laban ang haharapin ng Gilas Pilipinas sa third window kontra sa South Korea at Indonesia na parehong magpaparada ng naturalized players sa kanilang koponan.,Matinding laban ang haharapin ng Gilas Pilipinas sa third window kontra sa South Korea at idinasig na parehong magpaparada ng naturalized players sa kanilang koponan.,['Indonesia'],"{'Indonesia': ['amnesia', 'diakonesa', 'idinasig', 'inaaresta', 'inaresta']}"
"Dahil sa pagtuturuan, wala umanong nanood sa kaniya sa kaniyang graduation at nakisabay na lang siya sa kaklase na nag-celebrate.","Dahil sa pagtuturuan, wala umanong nanood sa kaniya sa kaniyang graduation at nakisabay na lang siya sa kaklase na nag-celebrate.","Dahil sa pagtuturuan, wala umanong nanood sa kaniya sa kaniyang graduation at nakisabay na lang siya sa kaklase na nag-celebrate.",[],{}
"Ayon sa kalihim, kalimitang hindi nakakasuhan ang amang nanggahasa sa kanilang anak dahil pinipigilan ito ng asawa o partner sa takot na walang bubuhay sa kanilang pamilya.","Ayon sa kalihim, kalimitang hindi nakakasuhan ang amang nanggahasa sa kanilang anak dahil pinipigilan ito ng asawa o partner sa takot na walang bubuhay sa kanilang pamilya.","Ayon sa kalihim, kalimitang hindi pakakasuhan ang amang nanggahasa sa kanilang anak dahil pinipigilan ito ng asawa o partner sa takot na walang bubuhay sa kanilang pamilya.",['nakakasuhan'],"{'nakakasuhan': ['makakasuhan', 'nakakasuhang', 'pakakasuhan', 'kakasuhan', 'nakakakuha']}"
Kinailangan nitong magbanat ng buto at gamitin ang malalim na karanasan bago itakas ang dikdikang 13-12 panalo kay Devin Poteet ng Amerika sa finals.,Kinailangan nitong magbanat ng buto at gamitin ang malalim na karanasan bago itakas ang dikdikang 13-12 panalo kay Devin Poteet ng Amerika sa finals.,Kinailangan nitong magbanat ng buto at gamitin ang malalim na karanasan bago itakas ang dikdikang ad-ag panalo kay dalin protect ng anemika sa finals.,"['13', '12', 'Devin', 'Poteet', 'Amerika']","{'13': ['p3', 'ab', 'ad', 'ag', 'ah'], '12': ['ab', 'ad', 'ag', 'ah', 'ak'], 'Devin': ['devil', 'begin', 'dalin', 'dean', 'debit'], 'Poteet': ['pocket', 'porket', 'protect', 'protest', 'bonet'], 'Amerika': ['aberia', 'amerikana', 'anemika', 'aamerikana', 'abenida']}"
Kaya naman pipiliin pa rin niyang maging isang animal rights advocate kahit hindi siya nag-artista.,Kaya naman pipiliin pa rin niyang maging isang animal rights advocate kahit hindi siya nag-artista.,Kaya naman pipiliin pa rin niyang maging isang animal rights advocate kahit hindi siya nag-artista.,[],{}
"Subalit kung ito naman ay papasok lamang sa ating mga tainga at lalabas sa kabila, ang salita ng Diyos ay para lamang isang hangin na dumaan na para bang walang halaga.","Subalit kung ito naman ay papasok lamang sa ating mga tainga at lalabas sa kabila, ang salita ng Diyos ay para lamang isang hangin na dumaan na para bang walang halaga.","Subalit kung ito naman ay papasok lamang sa ating mga tainga at lalabas sa kabila, ang salita ng diyosa ay para lamang isang hangin na dumaan na para bang walang halaga.",['Diyos'],"{'Diyos': ['diyas', 'diyes', 'diyosa', 'diyus', 'aayos']}"
"Hmmm, parang ito ang reason kaya minsan yung isang nag-order tambak ang nag-deliver kasi baka rin nag-uunahan ang mga kuya na magkapag-book.","Hmmm, parang ito ang reason kaya minsan yung isang nag-order tambak ang nag-deliver kasi baka rin nag-uunahan ang mga kuya na magkapag-book.","harm, parang ito ang reason kaya minsan yung isang nag-order tambak ang nag-deliver kasi baka rin nag-uunahan ang mga kuya na maglapag-book.","['Hmmm', 'magkapag']","{'Hmmm': ['ammo', 'ham', 'harm', 'him', 'himo'], 'magkapag': ['magkalag', 'magkamag', 'maglapag', 'makapag', 'pagkapag']}"
Nangako naman si Lopez na bukas ang pamahalaan na pag-aralan ang hirit ng mga gym at fitness centers ang mga tulad ng gym na makatutulong naman para mapalakas ang immunity ng mga indibiduwal upang may panlaban sa COVID-19.,Nangako naman si Lopez na bukas ang pamahalaan na pag-aralan ang hirit ng mga gym at fitness centers ang mga tulad ng gym na makatutulong naman para mapalakas ang immunity ng mga indibiduwal upang may panlaban sa COVID-19.,Nangako naman si lone na bukas ang pamahalaan na pag-aralan ang hirit ng mga gym at fitness centers ang mga tulad ng gym na makatutulong naman para mapalakas ang immunity ng mga indibiduwal upang may panlaban sa COVID-ag.,"['Lopez', '19']","{'Lopez': ['hope', 'leper', 'lone', 'lopoy', 'lose'], '19': ['ab', 'ad', 'ag', 'ah', 'ak']}"
"Batay sa impormasyon, pinangunahan ni National Bureau of Investigation (NBI) NCR Director Ceasar Bacani ang pagsasampa ng kaso laban kina dating PhilHealth President at chief executive officer (CEO) Ricardo Morales dahil sa umanoy anomalya sa paggamit sa P33.8.","Batay sa impormasyon, pinangunahan ni National Bureau of Investigation (NBI) NCR Director Ceasar Bacani ang pagsasampa ng kaso laban kina dating PhilHealth President at chief executive officer (CEO) Ricardo Morales dahil sa umanoy anomalya sa paggamit sa P33.8.","Batay sa impormasyon, pinangunahan ni National Bureau of Investigation (nabi) NCR Director casa aani ang pagsasampa ng kaso laban kina dating PhilHealth President at chief executive officer (cio) bikaryo morals dahil sa umanoy anomalya sa paggamit sa p25.d.","['NBI', 'Ceasar', 'Bacani', 'CEO', 'Ricardo', 'Morales', 'P33', '8']","{'NBI': ['bi', 'ibi', 'nabi', 'nai', 'nbg'], 'Ceasar': ['aasar', 'basar', 'casa', 'cease', 'ceast'], 'Bacani': ['balani', 'bayani', 'aani', 'babali', 'babang'], 'CEO': ['cao', 'ces', 'cio', 'co', 'deo'], 'Ricardo': ['richard', 'rikado', 'bikaryo', 'binaro', 'card'], 'Morales': ['korales', 'morale', 'morals', 'corals', 'kurales'], 'P33': ['p3', 'p', 'p25', 'p57', 'p75'], '8': ['b', 'c', 'd', 'e', 'f']}"
Kabilang na rito ang proseso sa swab test at kung ilang araw kailangang mag-quarantine ang bawat team bago tuluyang makapag-ensayo.,Kabilang na rito ang proseso sa swab test at kung ilang araw kailangang mag-quarantine ang bawat team bago tuluyang makapag-ensayo.,Kabilang na rito ang proseso sa swab test at kung ilang araw kailangang mag-quarantine ang bawat team bago tuluyang makapag-ensayo.,[],{}
"Kagabi lamang tatlo ang kilala kong pumasok dito sa same isolation facility, may isang sikat na broadcaster po, tapos yong isang tao ko sa opisina, isang director po namin na naging closed contact ko at isa pa pong undersecretary ng isang departamento na pumasok din dito sa isolation facility, ani Roque.","Kagabi lamang tatlo ang kilala kong pumasok dito sa same isolation facility, may isang sikat na broadcaster po, tapos yong isang tao ko sa opisina, isang director po namin na naging closed contact ko at isa pa pong undersecretary ng isang departamento na pumasok din dito sa isolation facility, ani Roque.","Kagabi lamang tatlo ang kilala kong pumasok dito sa same isolation facility, may isang sikat na broadcaster po, tapos yong isang tao ko sa opisina, isang director po namin na naging closed contact ko at isa pa pong undersecretary ng isang departamento na pumasok din dito sa isolation facility, ani Roque.",[],{}
"Sa survey na ginawa noong June 7 hanggang June 16, nakasaad na nakakuha ng 28% na suporta si Mayor Sara mula sa 2,400 adult Filipinos na tinanong kung sino ang nais nilang maging susunod na lider ng bansa sa darating na halalan.","Sa survey na ginawa noong June 7 hanggang June 16, nakasaad na nakakuha ng 28% na suporta si Mayor Sara mula sa 2,400 adult Filipinos na tinanong kung sino ang nais nilang maging susunod na lider ng bansa sa darating na halalan.","Sa survey na ginawa noong June d hanggang June ag, nakasaad na nakakuha ng ag% na suporta si Mayor Sara mula sa d,aam adult pilipinas na tinanong kung sino ang nais nilang maging susunod na lider ng bansa sa darating na halalan.","['7', '16', '28', '2', '400', 'Filipinos']","{'7': ['b', 'c', 'd', 'e', 'f'], '16': ['ab', 'ad', 'ag', 'ah', 'ak'], '28': ['ab', 'ad', 'ag', 'ah', 'ak'], '2': ['b', 'c', 'd', 'e', 'f'], '400': ['aag', 'aal', 'aam', 'aat', 'aaw'], 'Filipinos': ['filipino', 'afilipino', 'pilipinas', 'pilipino', 'filings']}"
"No, never, kuwento ni Scarlet, na enjoy rin sa panonood ng mga pelikula kasama ang mga magulang.","No, never, kuwento ni Scarlet, na enjoy rin sa panonood ng mga pelikula kasama ang mga magulang.","No, never, kuwento ni scare, na enjoy rin sa panonood ng mga pelikula kasama ang mga magulang.",['Scarlet'],"{'Scarlet': ['carpet', 'scale', 'scare', 'barley', 'cable']}"
"Sa isang panayam sa media na patungo sa Switzerland, sinabi ng Pangulo na inaasahan niyang mapalawak at maipaliwanag ang mga makabuluhang hakbang na nakamit ng kanyang administrasyon sa question-and-answer event sa WEF.","Sa isang panayam sa media na patungo sa Switzerland, sinabi ng Pangulo na inaasahan niyang mapalawak at maipaliwanag ang mga makabuluhang hakbang na nakamit ng kanyang administrasyon sa question-and-answer event sa WEF.","Sa isang panayam sa media na patungo sa sirkerang, sinabi ng Pangulo na inaasahan niyang mapalawak at maipaliwanag ang mga makabuluhang hakbang na nakamit ng kanyang administrasyon sa question-and-answer event sa web.","['Switzerland', 'WEF']","{'Switzerland': ['timberland', 'sastreriang', 'sirkerang', 'sisternang', 'solterang'], 'WEF': ['eef', 'we', 'web', 'wen', 'wet']}"
"Ang latest na nabalitaan namin, hihintayin na lang daw ng network ang kanyang panganganak at saka na ituloy ang nakabinbin niyang project.","Ang latest na nabalitaan namin, hihintayin na lang daw ng network ang kanyang panganganak at saka na ituloy ang nakabinbin niyang project.","Ang latest na nabalitaan namin, hihintayin na lang daw ng network ang kanyang panganganak at saka na ituloy ang nakabinbin niyang project.",[],{}
Isang memorandum na rin ang inilabas ng BSP-Supervised Financial Institutions (BSFIs) ukol sa mga kumikilos na organisadong grupo sa pamamagitan ng auto loans.,Isang memorandum na rin ang inilabas ng BSP-Supervised Financial Institutions (BSFIs) ukol sa mga kumikilos na organisadong grupo sa pamamagitan ng auto loans.,Isang memorandum na rin ang inilabas ng as-Supervised Financial Institutions (betis) ukol sa mga kumikilos na organisadong grupo sa pamamagitan ng auto loans.,"['BSP', 'BSFIs']","{'BSP': ['ap', 'app', 'as', 'asa', 'asap'], 'BSFIs': ['basis', 'batis', 'betis', 'bihis', 'bilis']}"
"Idinagdag pa ni Remulla na inalok na rin niya si Roy Mabasa, kapatid ni Percy Lapid o Percival Mabasa, ng proteksyon para sa buo nilang pamilya makaraang makatanggap ng mga death threats.","Idinagdag pa ni Remulla na inalok na rin niya si Roy Mabasa, kapatid ni Percy Lapid o Percival Mabasa, ng proteksyon para sa buo nilang pamilya makaraang makatanggap ng mga death threats.","idinadag pa ni Remulla na inalok na rin niya si noy Mabasa, kapatid ni Percy Lapid o arrival Mabasa, ng proteksyon para sa buo nilang pamilya makaraang makatanggap ng mga death threats.","['Irinagdag', 'Roy', 'Percival']","{'Irinagdag': ['idinagdag', 'dinagdag', 'idinadag', 'alinagnag', 'binagbag'], 'Roy': ['boy', 'koy', 'noy', 'oy', 'ray'], 'Percival': ['aarival', 'aerial', 'arrival', 'bertikal', 'carnival']}"
"Ang duda ng ilang nag-chika, baka paminsan-minsan ay nakakalimot lang daw ito.","Ang duda ng ilang nag-chika, baka paminsan-minsan ay nakakalimot lang daw ito.","Ang duda ng ilang nag-chika, baka paminsan-minsan ay nakakalimot lang daw ito.",[],{}
Kasi gustong-gusto ng taumbayan na mapakinggan sila uli...,Kasi gustong-gusto ng taumbayan na mapakinggan sila uli...,Kasi gustong-gusto ng taumbayan na mapakinggan sila uli...,[],{}
"Ilang national athletes din ang na-stranded sa mga bansang pinuntahan nila para sa sa kanilang training kagaya nina 2016 Rio de Janeiro Olympic Games silver medalist ng weightlifting sa Kuala Lumpur, Malaysia, Olympic-bound pole vaulter Ernest John Obiena sa Italy at gymnast Carlos Edrel Yulo sa Japan.","Ilang national athletes din ang na-stranded sa mga bansang pinuntahan nila para sa sa kanilang training kagaya nina 2016 Rio de Janeiro Olympic Games silver medalist ng weightlifting sa Kuala Lumpur, Malaysia, Olympic-bound pole vaulter Ernest John Obiena sa Italy at gymnast Carlos Edrel Yulo sa Japan.","Ilang national athletes din ang na-stranded sa mga bansang pinuntahan nila para sa sa kanilang training kagaya nina aako cio de alero lampin Games silver medalist ng weightlifting sa aala lumbar, malaria, lampin-bound pole vaulter arrest John bobina sa atay at gymnast cables del gulo sa aaman.","['2016', 'Rio', 'Janeiro', 'Olympic', 'Kuala', 'Lumpur', 'Malaysia', 'Olympic', 'Ernest', 'Obiena', 'Italy', 'Carlos', 'Edrel', 'Yulo', 'Japan']","{'2016': ['aaba', 'aag', 'aako', 'aal', 'aala'], 'Rio': ['bio', 'brio', 'cio', 'io', 'nio'], 'Janeiro': ['aanito', 'alegro', 'alero', 'andito', 'aniko'], 'Olympic': ['olympics', 'lampik', 'lampin', 'limpi', 'limpik'], 'Kuala': ['kala', 'kumala', 'aala', 'abala', 'akala'], 'Lumpur': ['bumper', 'kumpul', 'lumbar', 'lumber', 'lump'], 'Malaysia': ['malansa', 'malansi', 'malaria', 'malasa', 'malasin'], 'Ernest': ['earnest', 'arnes', 'arrest', 'honest', 'priest'], 'Obiena': ['bena', 'bina', 'bobina', 'buena', 'nobena'], 'Italy': ['itala', 'itali', 'atay', 'bital', 'bitay'], 'Carlos': ['cargos', 'arkos', 'cables', 'calls', 'carats'], 'Edrel': ['adres', 'barel', 'del', 'dril', 'edge'], 'Yulo': ['bulo', 'dulo', 'gulo', 'hulo', 'kulo'], 'Japan': ['apan', 'sapan', 'aaman', 'aapa', 'aapain']}"
Nag-sorry naman daw siya sa nasabing TV host na noon niya pa iniidolo pero parang pakiramdam daw niya ay sobrang ipinahiya siya nito sa harap ng ibang mga artista.,Nag-sorry naman daw siya sa nasabing TV host na noon niya pa iniidolo pero parang pakiramdam daw niya ay sobrang ipinahiya siya nito sa harap ng ibang mga artista.,Nag-sorry naman daw siya sa nasabing TV host na noon niya pa iniidolo pero parang pakiramdam daw niya ay sobrang pinahiya siya nito sa harap ng ibang mga artista.,['ipinahiya'],"{'ipinahiya': ['ikinahiya', 'ipinasiya', 'pinahiya', 'ikinasiya', 'ipahiya']}"
"Pero nung nasa Ireland siya, wala rin siyang makausap na Filipino, kaya when hes here, he tries as much as he can na mag-Tagalog siya, saad ni Glaiza.","Pero nung nasa Ireland siya, wala rin siyang makausap na Filipino, kaya when hes here, he tries as much as he can na mag-Tagalog siya, saad ni Glaiza.","Pero nung nasa island siya, wala rin siyang makausap na Filipino, kaya when he here, he ties as much as he can na mag-Tagalog siya, saad ni alaga.","['Ireland', 'hes', 'tries', 'Glaiza']","{'Ireland': ['inland', 'irelaks', 'island', 'remand', 'airplane'], 'hes': ['ces', 'has', 'he', 'hep', 'her'], 'tries': ['aries', 'fries', 'ties', 'tories', 'trees'], 'Glaiza': ['plaza', 'alaala', 'alaga', 'alala', 'alarma']}"
"'Yon ay ikinatutuwa natin dahil 'yung mga taga-rito sa atin hindi nila kailangang gumastos nang malaki para ma-experience kung ano ba yung merong kamukha nito sa Maldives, sabi ni Paul Jampil, co owner ng naturang resort.","'Yon ay ikinatutuwa natin dahil 'yung mga taga-rito sa atin hindi nila kailangang gumastos nang malaki para ma-experience kung ano ba yung merong kamukha nito sa Maldives, sabi ni Paul Jampil, co owner ng naturang resort.","'Yon ay ikinatutuwa natin dahil 'yung mga taga-rito sa atin hindi nila kailangang gumastos nang malaki para ma-experience kung ano ba yung merong kamukha nito sa arrives, sabi ni Paul ambil, co owner ng naturang resort.","['Maldives', 'Jampil']","{'Maldives': ['allies', 'almires', 'arrives', 'kalive', 'lives'], 'Jampil': ['ampil', 'aamil', 'ambil', 'amil', 'dampi']}"
"Lahat kami sa bahay, nag-iyakan, patuloy niya.","Lahat kami sa bahay, nag-iyakan, patuloy niya.","Lahat kami sa bahay, nag-iyakan, patuloy niya.",[],{}
"Lumaki ako na around ng books, tapos yung mom ko, she makes sure na every night binabasahan niya kami ng kapatid ko.","Lumaki ako na around ng books, tapos yung mom ko, she makes sure na every night binabasahan niya kami ng kapatid ko.","Lumaki ako na around ng books, tapos yung mom ko, she makes sure na every night binabasahan niya kami ng kapatid ko.",[],{}
Nag-umpisa ang ispekulasyon tungkol dito sa pag-tag kay Liza ni Jessie Stafford ng event production agency na JSLA Events sa isang Instagram Stories noong Agosto 9.,Nag-umpisa ang ispekulasyon tungkol dito sa pag-tag kay Liza ni Jessie Stafford ng event production agency na JSLA Events sa isang Instagram Stories noong Agosto 9.,Nag-umpisa ang ispekulasyon tungkol dito sa pag-tag kay liga ni cease seabord ng event production agency na aala Events sa isang Instagram Stories noong Agosto d.,"['Liza', 'Jessie', 'Stafford', 'JSLA', '9']","{'Liza': ['lia', 'lida', 'liga', 'liha', 'lila'], 'Jessie': ['lessee', 'bassic', 'cease', 'cessna', 'desire'], 'Stafford': ['afford', 'staffer', 'seabord', 'seafood', 'staff'], 'JSLA': ['isla', 'sla', 'aala', 'abla', 'ala'], '9': ['b', 'c', 'd', 'e', 'f']}"
"Hindi raw maiwasang kabahan siya dahil parang feeling daw niya ay nagsisimula siya uli, sa tagal niyang nabakante sa TV.","Hindi raw maiwasang kabahan siya dahil parang feeling daw niya ay nagsisimula siya uli, sa tagal niyang nabakante sa TV.","Hindi raw maiwasang kabahan siya dahil parang feeling daw niya ay nagsisimula siya uli, sa tagal niyang nabakante sa TV.",[],{}
Hindi ako naniniwala na hindi lalaban si Kris Aquino para gumaling siya sa kanyang sakit.,Hindi ako naniniwala na hindi lalaban si Kris Aquino para gumaling siya sa kanyang sakit.,Hindi ako naniniwala na hindi lalaban si Kris aluin para gumaling siya sa kanyang sakit.,['Aquino'],"{'Aquino': ['akuin', 'akuing', 'aluin', 'aluing', 'alumno']}"
"February 6 pa dumating sa ??Pinas si Raymond Gutierrez, pero alam n??yo ba na noong Sunday lang sila nagkita ng twin-brother niyang si Richard at sa isang kiddie party pa yon sa BGC.","February 6 pa dumating sa ??Pinas si Raymond Gutierrez, pero alam n??yo ba na noong Sunday lang sila nagkita ng twin-brother niyang si Richard at sa isang kiddie party pa yon sa BGC.","bruas d pa dumating sa ??Pinas si aayon stirrer, pero alam n??yo ba na noong sunda lang sila nagkita ng twin-brother niyang si Richard at sa isang kiddie party pa yon sa ag.","['February', '6', 'Raymond', 'Gutierrez', 'Sunday', 'BGC']","{'February': ['ferry', 'library', 'bruas', 'buay', 'century'], '6': ['b', 'c', 'd', 'e', 'f'], 'Raymond': ['ramong', 'aamong', 'aayon', 'aayong', 'amend'], 'Gutierrez': ['aguirre', 'gutter', 'stirrer', 'tiered', 'arteries'], 'Sunday': ['kunday', 'lunday', 'sunda', 'sundan', 'sungay'], 'BGC': ['bg', 'bgy', 'ag', 'aga', 'age']}"
"Biruan nga na dahil andun na lahat ng botante, may nanalo na, huwag nang hintayin ang eleksyon.","Biruan nga na dahil andun na lahat ng botante, may nanalo na, huwag nang hintayin ang eleksyon.","Biruan nga na dahil andun na lahat ng botante, may nanalo na, huwag nang hintayin ang eleksyon.",[],{}
Nakalinya na rin ang planong pag-upgrade sa mga kalsada na naiwang mababa sa pagpapataas naman ng mga national road.,Nakalinya na rin ang planong pag-upgrade sa mga kalsada na naiwang mababa sa pagpapataas naman ng mga national road.,Nakalinya na rin ang planong pag-upgrade sa mga kalsada na naiwang mababa sa pagpapataas naman ng mga national road.,[],{}
"Sa kabuuan, higit P26 bilyon na halaga ng mga programa at proyekto sa ilalim ng ating HEALING agenda ang ating pinagsikapang ilaan upang lapatan ng kaagarang lunas ang iniindang sakit ng ating distrito at lalawigan, ayon kay Tan, chairperson ng House committee on health.","Sa kabuuan, higit P26 bilyon na halaga ng mga programa at proyekto sa ilalim ng ating HEALING agenda ang ating pinagsikapang ilaan upang lapatan ng kaagarang lunas ang iniindang sakit ng ating distrito at lalawigan, ayon kay Tan, chairperson ng House committee on health.","Sa kabuuan, higit p3 bilyon na halaga ng mga programa at proyekto sa ilalim ng ating HEALING agenda ang ating pinagsikapang ilaan upang lapatan ng aagapang lunas ang iniindang sakit ng ating distrito at lalawigan, ayon kay Tan, chairperson ng House committee on health.","['P26', 'kaagarang']","{'P26': ['p25', 'p', 'p3', 'p57', 'p75'], 'kaagarang': ['maagarang', 'aagahang', 'aagapang', 'aagaring', 'aagawang']}"
Nanghingi ng tulong si Ana sa ilang kaibigan niya at doon na nga siya ni-rescue ng mga pulis at kaagad siyang dinala sa hospital habang si Kit ay dinala sa presinto at inimbestigahan hanggang nakulong ito.,Nanghingi ng tulong si Ana sa ilang kaibigan niya at doon na nga siya ni-rescue ng mga pulis at kaagad siyang dinala sa hospital habang si Kit ay dinala sa presinto at inimbestigahan hanggang nakulong ito.,Nanghingi ng tulong si aga sa ilang kaibigan niya at doon na nga siya ni-rescue ng mga pulis at kaagad siyang dinala sa hospital habang si Kit ay dinala sa presinto at inimbestigahan hanggang nakulong ito.,['Ana'],"{'Ana': ['aba', 'ada', 'aga', 'aka', 'ala']}"
"Mayroong walong undersecretary ang nagtatrabaho sa OPS at mga attached agencies, habang umaabot naman sa 11 ang assistant secretary at 11 ang director.","Mayroong walong undersecretary ang nagtatrabaho sa OPS at mga attached agencies, habang umaabot naman sa 11 ang assistant secretary at 11 ang director.","Mayroong walong undersecretary ang nagtatrabaho sa OPS at mga attached agencies, habang umaabot naman sa ag ang assistant secretary at ag ang director.","['11', '11']","{'11': ['ab', 'ad', 'ag', 'ah', 'ak']}"
Minsan na rin daw siyang natuklaw ng sawa dahil kamay lang ang gamit niya sa paghuli sa mga ito.,Minsan na rin daw siyang natuklaw ng sawa dahil kamay lang ang gamit niya sa paghuli sa mga ito.,Minsan na rin daw siyang natuklaw ng sawa dahil kamay lang ang gamit niya sa paghuli sa mga ito.,[],{}
Nakaakyat na ang lalaki ng may taas na 30 metro nang dumating ang mga bumbero na sumagip sa kaniya.,Nakaakyat na ang lalaki ng may taas na 30 metro nang dumating ang mga bumbero na sumagip sa kaniya.,naakyat na ang lalaki ng may taas na ag metro nang dumating ang mga bumbero na sumagip sa kaniya.,"['Nakaakyat', '30']","{'Nakaakyat': ['makaakyat', 'nakaaakyat', 'naakyat', 'nagpaakyat', 'naiakyat'], '30': ['ab', 'ad', 'ag', 'ah', 'ak']}"
Kinikilala naman ng lokal na pamahalaan ang malaking ambag sa turismo ng lungsod ang ginagawa ng mga litratista na katulad ni Conse kaya nararapat daw silang suportahan.,Kinikilala naman ng lokal na pamahalaan ang malaking ambag sa turismo ng lungsod ang ginagawa ng mga litratista na katulad ni Conse kaya nararapat daw silang suportahan.,Kinikilala naman ng lokal na pamahalaan ang malaking ambag sa turismo ng lungsod ang ginagawa ng mga litratista na katulad ni cons kaya nararapat daw silang suportahan.,['Conse'],"{'Conse': ['cone', 'confe', 'cons', 'onse', 'bone']}"
"Nauna nang sinabi ng Alphabet, parent company ng Google, na unang tatanggalin ang mga nagtatrabaho sa US at susunod sa mga opisina nila sa ibat ibang bansa dahil sa mga pinaiiral na labor laws.","Nauna nang sinabi ng Alphabet, parent company ng Google, na unang tatanggalin ang mga nagtatrabaho sa US at susunod sa mga opisina nila sa ibat ibang bansa dahil sa mga pinaiiral na labor laws.","Nauna nang sinabi ng phbet, parent company ng Google, na unang tatanggalin ang mga nagtatrabaho sa US at susunod sa mga opisina nila sa ibat ibang bansa dahil sa mga pinaiiral na labor laws.",['Alphabet'],"{'Alphabet': ['alpabeto', 'asphalt', 'phbet', 'aabat', 'aabot']}"
Layunin anila nitong matiyak na maserserbisyuhan ang mas maraming pasahero.,Layunin anila nitong matiyak na maserserbisyuhan ang mas maraming pasahero.,Layunin anila nitong matiyak na mapagserbisyuhan ang mas maraming pasahero.,['maserserbisyuhan'],"{'maserserbisyuhan': ['maseserbisyuhan', 'naseserbisyuhan', 'mapagserbisyuhan', 'maserbisyuhan', 'maserbisyohan']}"
Mas ma-action itong season two pero malakas pa rin ??yung fantasy element.,Mas ma-action itong season two pero malakas pa rin ??yung fantasy element.,Mas ma-action itong season two pero malakas pa rin ??yung fantasy element.,[],{}
"Sinasabi naman nila kahit na noon pa, gusto nilang lumaki sa Pilipinas ang kanilang anak, at saka mas ok naman dito dahil pareho silang may career sa Pilipinas, eh sa UK ano nga naman ang gagawin nila.","Sinasabi naman nila kahit na noon pa, gusto nilang lumaki sa Pilipinas ang kanilang anak, at saka mas ok naman dito dahil pareho silang may career sa Pilipinas, eh sa UK ano nga naman ang gagawin nila.","Sinasabi naman nila kahit na noon pa, gusto nilang lumaki sa Pilipinas ang kanilang anak, at saka mas ok naman dito dahil pareho silang may career sa Pilipinas, eh sa UK ano nga naman ang gagawin nila.",[],{}
"Pagdating nila sa Suwon Hwaseong Fortress, kailangan ng mga runner na maghanap ng mga character na nakasulat sa Korean alphabet na nakatago sa paligid ng lokasyon at baybayin ang kanilang mga pangalan para makuha ang kanilang mga name tag.","Pagdating nila sa Suwon Hwaseong Fortress, kailangan ng mga runner na maghanap ng mga character na nakasulat sa Korean alphabet na nakatago sa paligid ng lokasyon at baybayin ang kanilang mga pangalan para makuha ang kanilang mga name tag.","Pagdating nila sa bulon paseong congress, kailangan ng mga runner na maghanap ng mga character na nakasulat sa Korean phbet na nakatago sa paligid ng lokasyon at baybayin ang kanilang mga pangalan para makuha ang kanilang mga lame tag.","['Suwon', 'Hwaseong', 'Fortress', 'alphabet', 'name']","{'Suwon': ['suson', 'bubon', 'bulon', 'buson', 'buton'], 'Hwaseong': ['hasong', 'iwastong', 'paseong', 'wastong', 'aasong'], 'Fortress': ['actress', 'compress', 'congress', 'distress', 'fitness'], 'alphabet': ['alpabeto', 'asphalt', 'phbet', 'aabat', 'aabot'], 'name': ['came', 'game', 'lame', 'nabe', 'nade']}"
"Ang iba, umaabot sa korte ang usapan upang makakuha ng kautusan ang dealer mula sa hukom para masingil niya ang may utang.","Ang iba, umaabot sa korte ang usapan upang makakuha ng kautusan ang dealer mula sa hukom para masingil niya ang may utang.","Ang iba, umaabot sa korte ang usapan upang makakuha ng kautusan ang dealer mula sa hukom para masingil niya ang may utang.",[],{}
Pero sabi ko makikita naman nila na true naman yung intention ko.,Pero sabi ko makikita naman nila na true naman yung intention ko.,Pero sabi ko makikita naman nila na are naman yung intention ko.,['true'],"{'true': ['tree', 'truce', 'are', 'arte', 'blue']}"
"Pareho kami na kahit na nalulungkot gumagawa ng way para mapasaya hindi lang ako kung di nakapaligid sa akin, dagdag niya.","Pareho kami na kahit na nalulungkot gumagawa ng way para mapasaya hindi lang ako kung di nakapaligid sa akin, dagdag niya.","Pareho kami na kahit na nalulungkot gumagawa ng way para mapasaya hindi lang ako kung di nakapaligid sa akin, dagdag niya.",[],{}
Ibinahagi pa ni Romualdez na sa kaniyang pakikipagpulong sa mga banyaga sa sektor ng Finance at Development ay nasasabik ang mga ito sa planong sovereign wealth fund na ayon sa mga ito ay dapat matagal ng ginawa ng bansa.,Ibinahagi pa ni Romualdez na sa kaniyang pakikipagpulong sa mga banyaga sa sektor ng Finance at Development ay nasasabik ang mga ito sa planong sovereign wealth fund na ayon sa mga ito ay dapat matagal ng ginawa ng bansa.,Ibinahagi pa ni comrade na sa kaniyang pakikipagpulong sa mga banyaga sa sektor ng Finance at Development ay nasasabik ang mga ito sa planong sovereign wealth fund na ayon sa mga ito ay dapat matagal ng ginawa ng bansa.,['Romualdez'],"{'Romualdez': ['boulder', 'commander', 'comrade', 'comrades', 'komander']}"
"Pero kung hindi kakayanin ng guy ang ugali ni Kris, sa hiwalayan din sila mauuwi.","Pero kung hindi kakayanin ng guy ang ugali ni Kris, sa hiwalayan din sila mauuwi.","Pero kung hindi kakayanin ng guy ang ugali ni Kris, sa hiwalayan din sila mauuwi.",[],{}
"Dahil hindi niya matanggap ang pagtanggi ni Rose sa kanya, magagawa ni Benji na dukutin ang dalaga at pagsamantalahan ito.","Dahil hindi niya matanggap ang pagtanggi ni Rose sa kanya, magagawa ni Benji na dukutin ang dalaga at pagsamantalahan ito.","Dahil hindi niya matanggap ang pagtanggi ni lose sa kanya, magagawa ni bansi na dukutin ang dalaga at pagsamantalahan ito.","['Rose', 'Benji']","{'Rose': ['dose', 'hose', 'lose', 'nose', 'rise'], 'Benji': ['bangi', 'banli', 'bansi', 'bena', 'benda']}"
"It is very important through the funds coming from the national government na gumawa tayo ng isang film archive nang sa gayon, ma-restore natin ang mga film stuff.","It is very important through the funds coming from the national government na gumawa tayo ng isang film archive nang sa gayon, ma-restore natin ang mga film stuff.","It is very important through the funds coming from the national government na gumawa tayo ng isang film abusive nang sa gayon, ma-restore natin ang mga film stuff.",['archive'],"{'archive': ['archives', 'active', 'abusive', 'ache', 'arch']}"
Naging matumal ang pagpaparehistro dahil sa epekto pa rin ng CO-VID-19 kung saan natatakot lumabas ang mga tao.,Naging matumal ang pagpaparehistro dahil sa epekto pa rin ng CO-VID-19 kung saan natatakot lumabas ang mga tao.,Naging matumal ang pagpaparehistro dahil sa epekto pa rin ng CO-bid-ag kung saan natatakot lumabas ang mga tao.,"['VID', '19']","{'VID': ['aid', 'avid', 'bid', 'did', 'id'], '19': ['ab', 'ad', 'ag', 'ah', 'ak']}"
Binanggit din ni Talla na humingi na sila ng tulong sa Philippine Coast Guard para ilikas ang mga apektadong residente.,Binanggit din ni Talla na humingi na sila ng tulong sa Philippine Coast Guard para ilikas ang mga apektadong residente.,Binanggit din ni tall na humingi na sila ng tulong sa Philippine Coast Guard para ilikas ang mga apektadong residente.,['Talla'],"{'Talla': ['tabla', 'tala', 'tall', 'tally', 'talya']}"
"Pagdating sa taping na kung saan ay maglalaro na sila, nakasimangot pa rin si magandang aktres.","Pagdating sa taping na kung saan ay maglalaro na sila, nakasimangot pa rin si magandang aktres.","Pagdating sa taping na kung saan ay maglalaro na sila, nakasamang pa rin si magandang aktres.",['nakasimangot'],"{'nakasimangot': ['nakalimang', 'nakasagot', 'nakasamang', 'nakasangkot', 'nakasingit']}"
"Palagi raw silang nagki-kiss, sabi pa ng mga miron, ibig sabihiy palagi silang naghahalikan.","Palagi raw silang nagki-kiss, sabi pa ng mga miron, ibig sabihiy palagi silang naghahalikan.","Palagi raw silang nagki-kiss, sabi pa ng mga miron, ibig habihin palagi silang naghahalikan.",['sabihiy'],"{'sabihiy': ['sabihin', 'gabihin', 'habihin', 'sabbihin', 'sabhin']}"
"Anim sa pitong sakay nito ng tricycle ang nasugatan, at ilan sa kanila ang dinala sa pagamutan dahil sa matinding bali at sugat na tinamo.","Anim sa pitong sakay nito ng tricycle ang nasugatan, at ilan sa kanila ang dinala sa pagamutan dahil sa matinding bali at sugat na tinamo.","Anim sa pitong sakay nito ng tricycle ang nasugatan, at ilan sa kanila ang dinala sa pagamutan dahil sa matinding bali at sugat na tinamo.",[],{}
Noong Lunes nang gabi ay nag-privilege speech si Dela Rosa kung saan binanatan nito ang pagkadakip ng mga ahente ng PDEA na nahulihan ng isang kilo ng shabu sa Taguig gayundin ang kaso ng isang miyembro PNP-Drug Enforcement Unit (DEU) na nagresulta ng kanyang pagkaaresto at pagkumpiska ng P6.7.,Noong Lunes nang gabi ay nag-privilege speech si Dela Rosa kung saan binanatan nito ang pagkadakip ng mga ahente ng PDEA na nahulihan ng isang kilo ng shabu sa Taguig gayundin ang kaso ng isang miyembro PNP-Drug Enforcement Unit (DEU) na nagresulta ng kanyang pagkaaresto at pagkumpiska ng P6.7.,Noong Lunes nang gabi ay nag-privilege speech si Dela Rosa kung saan binanatan nito ang pagkaakit ng mga ahente ng ada na nahulihan ng isang kilo ng shabu sa Taguig gayundin ang kaso ng isang miyembro pdp-Drug Enforcement Unit (ded) na nagresulta ng kanyang pagkaaresto at pagkumpiska ng pa.d.,"['pagkarakip', 'PDEA', 'PNP', 'DEU', 'P6', '7']","{'pagkarakip': ['pagkadakip', 'magkalakip', 'pagkaakit', 'pagkalaki', 'pagkaraka'], 'PDEA': ['idea', 'plea', 'ada', 'adya', 'apnea'], 'PNP': ['lpnp', 'pap', 'pdp', 'pep', 'png'], 'DEU': ['de', 'debu', 'ded', 'del', 'den'], 'P6': ['p', 'p3', 'pa', 'pg', 'ph'], '7': ['b', 'c', 'd', 'e', 'f']}"
Ipinaliwanag niya ang tanong na iyon na madalas na nga namang nagagamit ang Its okay not to be okay.,Ipinaliwanag niya ang tanong na iyon na madalas na nga namang nagagamit ang Its okay not to be okay.,Ipinaliwanag niya ang tanong na iyon na mamalas na nga namang nagagamit ang Its okay not to be okay.,['maralas'],"{'maralas': ['madalas', 'makalas', 'mamalas', 'marahas', 'maranas']}"
Sinabi pa ng Meralco na ang fee ay napupunta sa kanilang mga payment partner.,Sinabi pa ng Meralco na ang fee ay napupunta sa kanilang mga payment partner.,Sinabi pa ng Meralco na ang fee ay napupunta sa kanilang mga payment partner.,[],{}
Masaya naman si Seth para sa kanya-kanyang pinagkakaabalahan ngayon ng mga kapwa kasamahan sa Gold Squad.,Masaya naman si Seth para sa kanya-kanyang pinagkakaabalahan ngayon ng mga kapwa kasamahan sa Gold Squad.,mas aya naman si sets para sa kanya-kanyang pinagkakaabalahan ngayon ng mga kapwa kasamahan sa Gold Squad.,['Seth'],"{'Seth': ['meth', 'set', 'sets', 'bet', 'beta']}"
"May limitasyon ang pagpapasensiya at pagtitiis, kaya kapag sumosobra na ang komento ng mga bashers na nagbabantay sa kanilang mga posts, sumasagot na rin si Derek.","May limitasyon ang pagpapasensiya at pagtitiis, kaya kapag sumosobra na ang komento ng mga bashers na nagbabantay sa kanilang mga posts, sumasagot na rin si Derek.","May limitasyon ang nagpapasyensya at pagtitiis, kaya kapag sumosobra na ang komento ng mga bankers na nagbabantay sa kanilang mga posts, sumasagot na rin si dark.","['pagpapasensiya', 'bashers', 'Derek']","{'pagpapasensiya': ['magpapasyensya', 'mapagpasensiya', 'nagpapasyensya', 'pagpapasinaya', 'pagpapasiya'], 'bashers': ['backers', 'ballers', 'bankers', 'banners', 'barkers'], 'Derek': ['direk', 'darak', 'dark', 'deber', 'deck']}"
"Ang objective talaga minsan kapag pumapasok kami sa show hindi na work, aside from the fact na we considered Eat Bulaga as second home pero yung marami kaming mapapasaya na dabarkads at marami kaming matutulungan, ayon sa aktor.","Ang objective talaga minsan kapag pumapasok kami sa show hindi na work, aside from the fact na we considered Eat Bulaga as second home pero yung marami kaming mapapasaya na dabarkads at marami kaming matutulungan, ayon sa aktor.","Ang objective talaga minsan kapag pumapasok kami sa show hindi na work, aside from the fact na we considered Eat bulagan as second home pero yung marami kaming mapapalaya na abakada at marami kaming matutulungan, ayon sa aktor.","['Bulaga', 'mapapasaya', 'dabarkads']","{'Bulaga': ['balaga', 'bulag', 'bulagan', 'bulagaw', 'bulagta'], 'mapapasaya': ['magpapasaya', 'mapapabaya', 'mapapalaya', 'mapapasama', 'magpakasaya'], 'dabarkads': ['babarkada', 'kabarkada', 'abakada', 'babakas', 'barkada']}"
Una nang sinabi ni Toni naniniwala siya sa kakayahan ng kapwa host na si Bianca Gonzales para pangunahan ang PBB magmula ngayon.,Una nang sinabi ni Toni naniniwala siya sa kakayahan ng kapwa host na si Bianca Gonzales para pangunahan ang PBB magmula ngayon.,Una nang sinabi ni tone naniniwala siya sa kakayahan ng kapwa host na si bana goggles para pangunahan ang aba magmula ngayon.,"['Toni', 'Bianca', 'Gonzales', 'PBB']","{'Toni': ['tini', 'ton', 'tone', 'tong', 'tono'], 'Bianca': ['banca', 'baanta', 'bana', 'banc', 'bancas'], 'Gonzales': ['ginalis', 'goals', 'goggles', 'googles', 'korales'], 'PBB': ['peb', 'ab', 'aba', 'abf', 'abo']}"
"Alam ng lahat na ako at si sir Robin ay masugid na supporter ni Pangulong Duterte kaya nalang sinisiraan kami, ani Mocha, na dati nang iniuugnay sa pagpapakalat ng fake news.","Alam ng lahat na ako at si sir Robin ay masugid na supporter ni Pangulong Duterte kaya nalang sinisiraan kami, ani Mocha, na dati nang iniuugnay sa pagpapakalat ng fake news.","Alam ng lahat na ako at si gir bobina ay masugid na supporter ni Pangulong suwerte kaya nalang sinisiraan kami, ani icha, na dati nang iniuugnay sa pagpapakalat ng fake news.","['sir', 'Robin', 'Duterte', 'Mocha']","{'sir': ['air', 'dir', 'gir', 'ser', 'si'], 'Robin': ['babin', 'bin', 'bobina', 'cabin', 'coin'], 'Duterte': ['butete', 'puwerte', 'suwerte', 'terte', 'bunete'], 'Mocha': ['mecha', 'cha', 'icha', 'macho', 'magha']}"
Sunud-sunod ang posting ni Marian sa social media ng new endorsements niya since gumaling silang mag-anak sa covid.,Sunud-sunod ang posting ni Marian sa social media ng new endorsements niya since gumaling silang mag-anak sa covid.,Sunud-sunod ang posteng ni malian sa social media ng new endorsements niya since gumaling silang mag-anak sa covid.,"['posting', 'Marian']","{'posting': ['costing', 'posing', 'posteng', 'postings', 'bisting'], 'Marian': ['arian', 'harian', 'malian', 'mariin', 'parian']}"
Mabuti at nakapag-ipon naman si direk dahil sa sunud-sunod naman ang trabaho niya.,Mabuti at nakapag-ipon naman si direk dahil sa sunud-sunod naman ang trabaho niya.,Mabuti at nakapag-ipon naman si direk dahil sa sunud-sunod naman ang trabaho niya.,[],{}
Naisugod pa sa ospital ang bata ngunit binawian din ng buhay.,Naisugod pa sa ospital ang bata ngunit binawian din ng buhay.,Naisugod pa sa ospital ang bata ngunit binawian din ng buhay.,[],{}
"Patuloy ni nay Cristy, sabi ko, Diego bago tayo magpatuloy ng pag-uusap, tama ba ??yung mga sinusulat ko???","Patuloy ni nay Cristy, sabi ko, Diego bago tayo magpatuloy ng pag-uusap, tama ba ??yung mga sinusulat ko???","Patuloy ni nay city, sabi ko, dedo bago tayo magpatuloy ng pag-uusap, tama ba ??yung mga sinusulat ko???","['Cristy', 'Diego']","{'Cristy': ['crispy', 'brity', 'city', 'crises', 'crisis'], 'Diego': ['bigo', 'bingo', 'dedo', 'demo', 'deo']}"
"Sinabi ni Guevarra, ang extradition process ay alinsunod sa Philippine-US Extradition Treaty, na kinakailangan ng pormal na request mula sa USDOJ.","Sinabi ni Guevarra, ang extradition process ay alinsunod sa Philippine-US Extradition Treaty, na kinakailangan ng pormal na request mula sa USDOJ.","Sinabi ni burara, ang extradition process ay alinsunod sa Philippine-US Extradition Treaty, na kinakailangan ng pormal na request mula sa uido.","['Guevarra', 'USDOJ']","{'Guevarra': ['gebara', 'bumara', 'burara', 'dumara', 'gabara'], 'USDOJ': ['doj', 'dusdos', 'uido', 'undok', 'undot']}"
Sinabi ni Patrimonio na nagsisuko ang mga bandidito sa Joint Task Force (JTF) Sulu ng 1103rdInfantry Brigade sa Brgy.,Sinabi ni Patrimonio na nagsisuko ang mga bandidito sa Joint Task Force (JTF) Sulu ng 1103rdInfantry Brigade sa Brgy.,Sinabi ni patriotic na nagsisuko ang mga kandidato sa Joint Task Force (anf) salu ng coordinate Brigade sa Brgy.,"['Patrimonio', 'bandidito', 'JTF', 'Sulu', '1103rdInfantry']","{'Patrimonio': ['matrimonyo', 'patrimonya', 'patriotic', 'patriyonismo', 'patriyotiko'], 'bandidito': ['nandidito', 'bandido', 'kandidato', 'nandirito', 'andito'], 'JTF': ['ntf', 'abf', 'anf', 'at', 'ata'], 'Sulu': ['gulu', 'pulu', 'salu', 'sula', 'sulo'], '1103rdInfantry': ['infantry', 'ordinary', 'coordinate', 'coordinated', 'coordinates']}"
Pinabulaananng aktres na si Sunshine Cruz ang mga kumakalat namaling impormasyon na buntis daw siya sa ex-husband na si Cesar Montano ?? ito habang humihiling ng respeto para sa mga bago nilangkarelasyon ngayon.,Pinabulaananng aktres na si Sunshine Cruz ang mga kumakalat namaling impormasyon na buntis daw siya sa ex-husband na si Cesar Montano ?? ito habang humihiling ng respeto para sa mga bago nilangkarelasyon ngayon.,pabulaanang aktres na si iunsing Cruz ang mga kumakalat namaling impormasyon na buntis daw siya sa ex-hubad na si bear mintang ?? ito habang humihiling ng respeto para sa mga bago nakarelasyon ngayon.,"['Pinabulaananng', 'Sunshine', 'husband', 'Cesar', 'Montano', 'nilangkarelasyon']","{'Pinabulaananng': ['pinabulaanang', 'pinabulaanan', 'pabulaanang', 'papabulaanang', 'pinabulagtang'], 'Sunshine': ['bunihin', 'bunihing', 'iunsing', 'kunsing', 'munihin'], 'husband': ['husbands', 'disband', 'hubad', ""husband's"", 'husgang'], 'Cesar': ['aasar', 'basar', 'bear', 'car', 'casa'], 'Montano': ['mantang', 'mentang', 'mintang', 'monteng', 'aantang'], 'nilangkarelasyon': ['nagkarelasyon', 'magkarelasyon', 'nakarelasyon', 'nakarelasyong', 'engkarnasyon']}"
"Bukod dito, sinasabi ng mga pulis na may standing warrant of arrest na Frustrated Murder ang suspek sa Tondo, Maynila at paglabag sa 10591o ang pagdadala ng baril na walang lisensya.","Bukod dito, sinasabi ng mga pulis na may standing warrant of arrest na Frustrated Murder ang suspek sa Tondo, Maynila at paglabag sa 10591o ang pagdadala ng baril na walang lisensya.","Bukod dito, sinasabi ng mga pulis na may standing warrant of arrest na Frustrated Murder ang suspek sa todo, Maynila at paglabag sa aabono ang pagdadala ng baril na walang lisensya.","['Tondo', '10591o']","{'Tondo': ['condo', 'pondo', 'todo', 'tono', 'tonto'], '10591o': ['aabako', 'aabiso', 'aabono', 'aabuso', 'aadyo']}"
Matatandaan na dapat ay magpapa-check up lamang si Jennylyn nang bumisita sila sa ospital noong April 25 ngunit nabigla siya nang kinakailangan na niyang ilabas si Baby D gayong May 5 pa ang inaasahan nilang petsa ng panganganak.,Matatandaan na dapat ay magpapa-check up lamang si Jennylyn nang bumisita sila sa ospital noong April 25 ngunit nabigla siya nang kinakailangan na niyang ilabas si Baby D gayong May 5 pa ang inaasahan nilang petsa ng panganganak.,Matatandaan na dapat ay magpapa-check up lamang si jointly nang bumisita sila sa ospital noong April ad ngunit nabigla siya nang kinakailangan na niyang ilabas si Baby D gayong May d pa ang inaasahan nilang petsa ng panganganak.,"['Jennylyn', '25', '5']","{'Jennylyn': ['jeeney', 'jepneys', 'jointly', 'keenly', 'naylon'], '25': ['p25', 'ab', 'ad', 'ag', 'ah'], '5': ['b', 'c', 'd', 'e', 'f']}"
Wala ring ginawa ang mga tao na nakakita sa pangyayari at piniling magmasid lang.,Wala ring ginawa ang mga tao na nakakita sa pangyayari at piniling magmasid lang.,Wala ring ginawa ang mga tao na nakakita sa pangyayari at piniling magmasid lang.,[],{}
"Ibig sabihin, Maynila ang may karapatang mag-tulak, gumamit, at mamahala ng likas-yaman sa lugar.","Ibig sabihin, Maynila ang may karapatang mag-tulak, gumamit, at mamahala ng likas-yaman sa lugar.","Ibig sabihin, Maynila ang may karapatang mag-tulak, gumamit, at mamahala ng likas-yaman sa lugar.",[],{}
Sinabi ng Department of Health (DOH) na kasalukuyang tinutukoy nila ngayon ang mga ??close contacts?? na mga kapwa pasahero ng naturang mga eroplano.,Sinabi ng Department of Health (DOH) na kasalukuyang tinutukoy nila ngayon ang mga ??close contacts?? na mga kapwa pasahero ng naturang mga eroplano.,Sinabi ng Department of Health (DOH) na kasalukuyang tinutukoy nila ngayon ang mga ??close contacts?? na mga kapwa pasahero ng naturang mga eroplano.,[],{}
"Sa kanyang social media channels, panay ang promote ng senadora sa show na hango sa 1986 hit movie ng kanyang ama.","Sa kanyang social media channels, panay ang promote ng senadora sa show na hango sa 1986 hit movie ng kanyang ama.","Sa kanyang social media channels, panay ang promote ng senadora sa show na hango sa aako hit movie ng kanyang ama.",['1986'],"{'1986': ['aaba', 'aag', 'aako', 'aal', 'aala']}"
"Maui, nabiktima rin ng mga malditang baguhan.","Maui, nabiktima rin ng mga malditang baguhan.","magi, nabiktima rin ng mga aalitang baguhan.","['Maui', 'malditang']","{'Maui': ['mabi', 'madi', 'magi', 'mai', 'maki'], 'malditang': ['malaitang', 'maliitang', 'aalitang', 'alitang', 'baldihang']}"
"Sa pamamagitan ng rehistradong SIM, makikilala ang mga nagbabayad sa mga digital payment at maiiwasan ang panloloko.","Sa pamamagitan ng rehistradong SIM, makikilala ang mga nagbabayad sa mga digital payment at maiiwasan ang panloloko.","Sa pamamagitan ng rehistradong SIM, makikilala ang mga nagbabayad sa mga digital payment at maiiwasan ang panloloko.",[],{}
"Naalala namin sa aming panayam na sinabi ni Carlo noong Marso 30, 2022 na hiwalay na sila ni Trina at hindi niya alam na may ganung klaseng pagmamahal pa pala siyang mararamdaman bilang ama na hindi niya alam dahil nanggaling ito sa semilya niya.","Naalala namin sa aming panayam na sinabi ni Carlo noong Marso 30, 2022 na hiwalay na sila ni Trina at hindi niya alam na may ganung klaseng pagmamahal pa pala siyang mararamdaman bilang ama na hindi niya alam dahil nanggaling ito sa semilya niya.","maalala namin sa aming panayam na sinabi ni aalo noong Marso ag, aag na hiwalay na sila ni triya at hindi niya alam na may ganung klaseng pagmamahal pa pala siyang mararamdaman bilang ama na hindi niya alam dahil nanggaling ito sa semilya niya.","['Naalala', 'Carlo', '30', '2022', 'Trina']","{'Naalala': ['aalala', 'inaalala', 'maalala', 'naaalala', 'naabala'], 'Carlo': ['cargo', 'karlo', 'aalo', 'aarko', 'alo'], '30': ['ab', 'ad', 'ag', 'ah', 'ak'], '2022': ['p25', 'aaba', 'aag', 'aako', 'aal'], 'Trina': ['arina', 'tina', 'triya', 'tsina', 'amina']}"
"Dahil daw sa privatization, liberalization, at deregulation ng oil industry, nahayaan na tumaas nang tumaas ang presyo ng mga produktong petrolyo.","Dahil daw sa privatization, liberalization, at deregulation ng oil industry, nahayaan na tumaas nang tumaas ang presyo ng mga produktong petrolyo.","Dahil daw sa privatization, liberalization, at deregulation ng oil industry, babayaan na tumaas nang tumaas ang presyo ng mga produktong petrolyo.",['nahayaan'],"{'nahayaan': ['hahayaan', 'nahawaan', 'babayaan', 'bahayan', 'dadayaan']}"
"Dagdag ng HTAC, mainam na isagawa ito oras na magkaroon ng sapat na suplay ng COVID-19 vaccines sa bansa, maliban pa sa katanggap-tanggap na masasaklaw ng primary vaccination.","Dagdag ng HTAC, mainam na isagawa ito oras na magkaroon ng sapat na suplay ng COVID-19 vaccines sa bansa, maliban pa sa katanggap-tanggap na masasaklaw ng primary vaccination.","Dagdag ng atas, mainam na isagawa ito oras na magkaroon ng sapat na suplay ng COVID-ag vaccines sa bansa, maliban pa sa katanggap-tanggap na masasaklaw ng primary vaccination.","['HTAC', '19']","{'HTAC': ['ata', 'atag', 'atas', 'atat', 'atay'], '19': ['ab', 'ad', 'ag', 'ah', 'ak']}"
"Bombon, Camarines Sur, Philippines ?? Karumal-dumal na kamatayan ang sinapit ng isang misis sa kamay mismo ng kanyang mister matapos pagsasaksakin sa loob ng kanilang bahay nang magtalo dahil sa pera sa Brgy.","Bombon, Camarines Sur, Philippines ?? Karumal-dumal na kamatayan ang sinapit ng isang misis sa kamay mismo ng kanyang mister matapos pagsasaksakin sa loob ng kanilang bahay nang magtalo dahil sa pera sa Brgy.","bumbon, kamarin Sur, Philippines ?? Karumal-dumal na kamatayan ang sinapit ng isang misis sa kamay mismo ng kanyang mister matapos pagsasaksakin sa loob ng kanilang bahay nang magtalo dahil sa pera sa Brgy.","['Bombon', 'Camarines']","{'Bombon': ['bombo', 'bombong', 'bumbon', 'aambon', 'ambon'], 'Camarines': ['marines', 'calories', 'kamarin', 'kamaring', 'magazines']}"
"Iniulat ng Unang Balita nitong Huwebes na nangyari ang insidente sa Barangay Gregorio, Trece Martires City.","Iniulat ng Unang Balita nitong Huwebes na nangyari ang insidente sa Barangay Gregorio, Trece Martires City.","Iniulat ng Unang Balita nitong Huwebes na nangyari ang insidente sa Barangay alegoriya, Trece margines City.","['Gregorio', 'Martires']","{'Gregorio': ['alegoria', 'oratorio', 'alegoriya', 'alegro', 'areglado'], 'Martires': ['martines', 'maitines', 'margines', 'marines', 'marites']}"
Minsan hindi ko rin alam kung kelan ko makikita ang pamilya ko ulit abroad.,Minsan hindi ko rin alam kung kelan ko makikita ang pamilya ko ulit abroad.,Minsan hindi ko rin alam kung kelan ko makikita ang pamilya ko ulit abroad.,[],{}
"Personal na magbibigay ngayong araw ng $100,000 o higit P5 milyon na ayuda si House Speaker Martin Romualdez para sa mga biktima ng lindol sa Turkey.","Personal na magbibigay ngayong araw ng $100,000 o higit P5 milyon na ayuda si House Speaker Martin Romualdez para sa mga biktima ng lindol sa Turkey.","Personal na magbibigay ngayong araw ng $aam,aam o higit p3 milyon na ayuda si House Speaker mariin comrade para sa mga biktima ng lindol sa survey.","['100', '000', 'P5', 'Martin', 'Romualdez', 'Turkey']","{'100': ['aag', 'aal', 'aam', 'aat', 'aaw'], '000': ['aag', 'aal', 'aam', 'aat', 'aaw'], 'P5': ['p', 'p25', 'p3', 'p57', 'p75'], 'Martin': ['margin', 'marhin', 'mariin', 'martir', 'matin'], 'Romualdez': ['boulder', 'commander', 'comrade', 'comrades', 'komander'], 'Turkey': ['bukey', 'surbey', 'survey', 'tucker', 'tukoy']}"
Nagtatanong umano ang kanilang pamilya sa Presidential Commission on Good Government (PCGG) at Bureau of Internal Revenue (BIR) kaugnay sa halaga ng kanilang babayarang buwis dahil sa dami na rin ng nangyari sa loob ng mahabang panahon.,Nagtatanong umano ang kanilang pamilya sa Presidential Commission on Good Government (PCGG) at Bureau of Internal Revenue (BIR) kaugnay sa halaga ng kanilang babayarang buwis dahil sa dami na rin ng nangyari sa loob ng mahabang panahon.,Nagtatanong umano ang kanilang pamilya sa Presidential Commission on Good Government (ngg) at Bureau of Internal Revenue (ber) kaugnay sa halaga ng kanilang babayarang buwis dahil sa dami na rin ng nangyari sa loob ng mahabang panahon.,"['PCGG', 'BIR']","{'PCGG': ['egg', 'mcg', 'ngg', 'paag', 'pag'], 'BIR': ['air', 'bar', 'ber', 'bi', 'bia']}"
Nakikita naman daw sa mga sinehan natin ngayon na pawang Hollywood films ang pinapalabas dahil yun ang tinatangkilik ng mga kababayan natin.,Nakikita naman daw sa mga sinehan natin ngayon na pawang Hollywood films ang pinapalabas dahil yun ang tinatangkilik ng mga kababayan natin.,Nakikita naman daw sa mga sinehan natin ngayon na pawang hollow films ang pinapalabas dahil yun ang tinatangkilik ng mga kababayan natin.,['Hollywood'],"{'Hollywood': ['plywood', 'followed', 'hollow', 'honeymoon', 'allowed']}"
Sunod namang sasanayin ang mga pulis ng drug enforcement units sa ibat ibang lalawigan.,Sunod namang sasanayin ang mga pulis ng drug enforcement units sa ibat ibang lalawigan.,Sunod namang sasanayin ang mga pulis ng drug enforcement units sa ibat ibang lalawigan.,[],{}
Gagamitin ang makasaysayang Rizal Memorial Coliseum bilang venue ng torneo.,Gagamitin ang makasaysayang Rizal Memorial Coliseum bilang venue ng torneo.,Gagamitin ang makasaysayang bital Memorial koliseo bilang venue ng torneo.,"['Rizal', 'Coliseum']","{'Rizal': ['ribal', 'arial', 'bital', 'cial', 'dial'], 'Coliseum': ['coliform', 'colorum', 'koliseo', 'bolista', 'bolyum']}"
Actually sinabihan ko na sya na ??wag nang bumalik pero eto na naman s??ya magha-??HI? lang daw at magpapa-alala na nandito lang sya sa tabi-tabi.,Actually sinabihan ko na sya na ??wag nang bumalik pero eto na naman s??ya magha-??HI? lang daw at magpapa-alala na nandito lang sya sa tabi-tabi.,Actually sinabihan ko na sya na ??wag nang bumalik pero eto na naman s??ya magha-??HI? lang daw at magpapa-alala na nandito lang sya sa tabi-tabi.,[],{}
"Ayon pa sa mga tagausig, bago mangyari ang malagim na krimen, nanood umano si Parker ng mga video ng babaeng nanganganak at mga sumasailalim sa C-sectionsAFP/FRJ, GMA News.","Ayon pa sa mga tagausig, bago mangyari ang malagim na krimen, nanood umano si Parker ng mga video ng babaeng nanganganak at mga sumasailalim sa C-sectionsAFP/FRJ, GMA News.","Ayon pa sa mga tagausig, bago mangyari ang malagim na krimen, nanood umano si packer ng mga video ng babaeng nanganganak at mga sumasailalim sa C-section/ari, gia News.","['Parker', 'sectionsAFP', 'FRJ', 'GMA']","{'Parker': ['barker', 'marker', 'packer', 'parke', 'parter'], 'sectionsAFP': ['sections', 'sactions', 'section', 'actions', 'elections'], 'FRJ': ['ar', 'are', 'ari', 'arm', 'art'], 'GMA': ['ama', 'ga', 'gia', 'goma', 'gra']}"
"Cavite, Philippines ?? Nalambat ng pulisya ang isang lalaki na nakatalang top 3 ??most wanted person? ng Masbate at may patong sa ulo dahil sa ibat ibang kasong kinasasangkutan, kamakalawa ng gabi sa bayang Naic, dito.","Cavite, Philippines ?? Nalambat ng pulisya ang isang lalaki na nakatalang top 3 ??most wanted person? ng Masbate at may patong sa ulo dahil sa ibat ibang kasong kinasasangkutan, kamakalawa ng gabi sa bayang Naic, dito.","Cavite, Philippines ?? Nalambat ng pulisya ang isang lalaki na nakatalang top d ??most wanted person? ng mabato at may patong sa ulo dahil sa ibat ibang kasong kinasasangkutan, kamakalawa ng gabi sa bayang naik, dito.","['3', 'Masbate', 'Naic']","{'3': ['b', 'c', 'd', 'e', 'f'], 'Masbate': ['dabate', 'mabata', 'mabato', 'magbase', 'magbata'], 'Naic': ['nai', 'naia', 'naik', 'nail', 'nais']}"
"Hindi lang namin alam kung bakit natapos na ang relasyon nila, at ang latest ay rito na siya sa anak ng maimpluwensyang pulitiko.","Hindi lang namin alam kung bakit natapos na ang relasyon nila, at ang latest ay rito na siya sa anak ng maimpluwensyang pulitiko.","Hindi lang namin alam kung bakit natapos na ang relasyon nila, at ang latest ay rito na siya sa anak ng maimpluwensyang pulitiko.",[],{}
"Tuloy-tuloy lang kahit sobrang sakit, patuloy niya.","Tuloy-tuloy lang kahit sobrang sakit, patuloy niya.","Tuloy-tuloy lang kahit sobrang sakit, patuloy niya.",[],{}
"Nang maupo si Velasco bilang bagong lider ng Kamara, ilang panukalang batas ang inihain upang mabigyan hilingin na bigyan ng prangkisa ang ABS-CBN.--FRJ.","Nang maupo si Velasco bilang bagong lider ng Kamara, ilang panukalang batas ang inihain upang mabigyan hilingin na bigyan ng prangkisa ang ABS-CBN.--FRJ.","Nang maupo si eelado bilang bagong lider ng Kamara, ilang panukalang batas ang inihain upang mabigyan hilingin na bigyan ng prangkisa ang abf-ab.--ari.","['Velasco', 'ABS', 'CBN', 'FRJ']","{'Velasco': ['balasto', 'delas', 'eelado', 'elado', 'fiasco'], 'ABS': ['ab', 'aba', 'abf', 'abo', 'ads'], 'CBN': ['can', 'con', 'ab', 'aba', 'aban'], 'FRJ': ['ar', 'are', 'ari', 'arm', 'art']}"
"Sobrang nag-iingat daw sila sa set, at nagpapasalamat sila sa Diyos na walang may nagkakasakit, kaya natutuluy-tuloy rin nila ang taping.","Sobrang nag-iingat daw sila sa set, at nagpapasalamat sila sa Diyos na walang may nagkakasakit, kaya natutuluy-tuloy rin nila ang taping.","Sobrang nag-iingat daw sila sa set, at nagpapasalamat sila sa diyosa na walang may nagkakasakit, kaya matutuloy-tuloy rin nila ang taping.","['Diyos', 'natutuluy']","{'Diyos': ['diyas', 'diyes', 'diyosa', 'diyus', 'aayos'], 'natutuluy': ['natutuloy', 'magtutuluy', 'matutuloy', 'nagtuluy', 'nagtutulay']}"
Hindi pa kinlaro sa amin kung TV series o pelikula na ipo-produce ng iWant ang gagawin ng dalawang artista ng Kapamilya at Kapuso networks.,Hindi pa kinlaro sa amin kung TV series o pelikula na ipo-produce ng iWant ang gagawin ng dalawang artista ng Kapamilya at Kapuso networks.,Hindi pa iklaro sa amin kung TV series o pelikula na ipo-produce ng want ang gagawin ng dalawang artista ng Kapamilya at abuso networks.,"['kinlaro', 'iWant', 'Kapuso']","{'kinlaro': ['kinalaro', 'binaro', 'iklaro', 'kalaro', 'kandaro'], 'iWant': ['iwan', 'iwang', 'want', 'awan', 'awang'], 'Kapuso': ['kapus', 'aabuso', 'abuso', 'baruso', 'isapuso']}"
Nilinaw naman ni Pacquiao na ibibigay ang nasabing halaga bilang tulong pinansyal sa pamilya ni Dacera kapag lahat ng mga ??person of inte-rest? ay boluntaryong sumuko at hindi naaresto.,Nilinaw naman ni Pacquiao na ibibigay ang nasabing halaga bilang tulong pinansyal sa pamilya ni Dacera kapag lahat ng mga ??person of inte-rest? ay boluntaryong sumuko at hindi naaresto.,Nilinaw naman ni quiao na ibibigay ang nasabing halaga bilang tulong pinansyal sa pamilya ni damira kapag lahat ng mga ??person of intel-rest? ay boluntaryong sumuko at hindi naaresto.,"['Pacquiao', 'Dacera', 'inte']","{'Pacquiao': ['acquire', 'acquit', 'quiao', 'acacia', 'acquired'], 'Dacera': ['barera', 'camera', 'damira', 'dancer', 'dancers'], 'inte': ['ante', 'ine', 'intel', 'inter', 'intes']}"
"Kasi nakabilad sila (apektadong residente) basa sila nang matagal, nilalagnat yung mga bata, punto ni Marcos.","Kasi nakabilad sila (apektadong residente) basa sila nang matagal, nilalagnat yung mga bata, punto ni Marcos.","Kasi nakabilad sila (apektadong residente) basa sila nang matagal, nilalagnat yung mga bata, punto ni Marcos.",[],{}
"Kaya po ang iba ay nakakaisip mag-resign, lumipat ng trabaho kasi po hindi po nila nararamdaman na mahalaga sila sa pamahalaan at sila ay binibigyan ng sapat na pagkalinga o suporta,? ayon kay Abenojar.","Kaya po ang iba ay nakakaisip mag-resign, lumipat ng trabaho kasi po hindi po nila nararamdaman na mahalaga sila sa pamahalaan at sila ay binibigyan ng sapat na pagkalinga o suporta,? ayon kay Abenojar.","Kaya po ang iba ay nakakaisip mag-resign, lumipat ng trabaho kasi po hindi po nila nararamdaman na mahalaga sila sa pamahalaan at sila ay binibigyan ng sapat na pagkalinga o suporta,? ayon kay aabonohan.",['Abenojar'],"{'Abenojar': ['abenida', 'abonohan', 'aabonohan', 'aandar', 'abandona']}"
"Ito raw ang unang pagkakataon na aalis si Ian nang matagal mula sa kaniyang pamilya, kaya ganito na lamang ang pagka-miss ng kaniyang anak sa kaniya.","Ito raw ang unang pagkakataon na aalis si Ian nang matagal mula sa kaniyang pamilya, kaya ganito na lamang ang pagka-miss ng kaniyang anak sa kaniya.","Ito raw ang unang pagkakataon na aalis si can nang matagal mula sa kaniyang pamilya, kaya ganito na lamang ang pagka-miss ng kaniyang anak sa kaniya.",['Ian'],"{'Ian': ['an', 'ban', 'can', 'ean', 'fan']}"
Agad naman itong tinungo ng mga jailguard kung saan naaktuhan nilang umaakyat sa canopy papunta sa pader ng Cebu City Jail na katabi ng Operation Second Chance Center ang dalawang preso.,Agad naman itong tinungo ng mga jailguard kung saan naaktuhan nilang umaakyat sa canopy papunta sa pader ng Cebu City Jail na katabi ng Operation Second Chance Center ang dalawang preso.,Agad naman itong tinungo ng mga jailguard kung saan naaktuhan nilang umaakyat sa canopy papunta sa pare ng Cebu City Jail na katabi ng Operation Second Chance Center ang dalawang preso.,['parer'],"{'parer': ['pader', 'paper', 'pare', 'parea', 'pares']}"
Bukod pa rin ang pag-iingat na rin dahil mayroon pa ring banta ng COVID-19 sa bansa.,Bukod pa rin ang pag-iingat na rin dahil mayroon pa ring banta ng COVID-19 sa bansa.,Bukod pa rin ang pag-iingat na rin dahil mayroon pa ring banta ng COVID-ag sa bansa.,['19'],"{'19': ['ab', 'ad', 'ag', 'ah', 'ak']}"
"Halos 490,000 aplikasyon para sa nagpapatuloy na registration ng mga regular at youth voters na ang natatanggap ng Commission on Elections (Comelec) mula nang umpisahan nila ang pagpapatala nitong Hulyo 4.","Halos 490,000 aplikasyon para sa nagpapatuloy na registration ng mga regular at youth voters na ang natatanggap ng Commission on Elections (Comelec) mula nang umpisahan nila ang pagpapatala nitong Hulyo 4.","Halos aam,aam aplikasyon para sa nagpapatuloy na registration ng mga regular at youth voters na ang natatanggap ng Commission on Elections (Comelec) mula nang umpisahan nila ang pagpapatala nitong Hulyo d.","['490', '000', '4']","{'490': ['aag', 'aal', 'aam', 'aat', 'aaw'], '000': ['aag', 'aal', 'aam', 'aat', 'aaw'], '4': ['b', 'c', 'd', 'e', 'f']}"
"Ang iniisip ko noong time na 'yun, baka lumala, 'yung alam mong okay ako tapos biglang baka lumala siya nang lumala, 'yung mga ganon.","Ang iniisip ko noong time na 'yun, baka lumala, 'yung alam mong okay ako tapos biglang baka lumala siya nang lumala, 'yung mga ganon.","Ang iniisip ko noong time na 'yun, baka lumala, 'yung alam mong okay ako tapos biglang baka lumala siya nang lumala, 'yung mga ganon.",[],{}
"Sa ulat, tumama ang lindol sa lalim na 61 kilometro o 38 milya may 67 kilometro mula sa bayan ng Kainantu.","Sa ulat, tumama ang lindol sa lalim na 61 kilometro o 38 milya may 67 kilometro mula sa bayan ng Kainantu.","Sa ulat, tumama ang lindol sa lalim na ag kilometro o ag milya may ag kilometro mula sa bayan ng kinanta.","['61', '38', '67', 'Kainantu']","{'61': ['ab', 'ad', 'ag', 'ah', 'ak'], '38': ['ab', 'ad', 'ag', 'ah', 'ak'], '67': ['ab', 'ad', 'ag', 'ah', 'ak'], 'Kainantu': ['kainan', 'kainang', 'kinanta', 'kinanti', 'babantu']}"
"Hirit ni Nay Lolit, sana raw ay si Jinkee na lang ang pag-abutin ng pera.","Hirit ni Nay Lolit, sana raw ay si Jinkee na lang ang pag-abutin ng pera.","Hirit ni Nay boli, sana raw ay si kinke na lang ang pag-abutin ng pera.","['Lolit', 'Jinkee']","{'Lolit': ['alit', 'balit', 'boli', 'bolt', 'coli'], 'Jinkee': ['jingle', 'junket', 'kinke', 'linked', 'banker']}"
"Ang positivity rate sa bansa, mula sa nakaraang 6.6%.","Ang positivity rate sa bansa, mula sa nakaraang 6.6%.","Ang positivity rate sa bansa, mula sa nakaraang d.d%.","['6', '6']","{'6': ['b', 'c', 'd', 'e', 'f']}"
Mas naging kahina-hinala umano si Janice nang magpalit ito ng pangalan sa Facebook.,Mas naging kahina-hinala umano si Janice nang magpalit ito ng pangalan sa Facebook.,Mas naging kahina-hinala umano si Janice nang magpalit ito ng pangalan sa Facebook.,[],{}
"Ayon sa DOH, 99% ng mga ito ay nangyari sa loob ng nakalipas na 14 na araw.","Ayon sa DOH, 99% ng mga ito ay nangyari sa loob ng nakalipas na 14 na araw.","Ayon sa DOH, ag% ng mga ito ay nangyari sa loob ng nakalipas na ag na araw.","['99', '14']","{'99': ['ab', 'ad', 'ag', 'ah', 'ak'], '14': ['ab', 'ad', 'ag', 'ah', 'ak']}"
"Isa pa, kailangang isipin din iyon noon ng Viva dahil aalis na nga sa kanila si James Reid at ang iniisip nila ay maiiwan pa sa kanila si Nadine hanggang 2029 nga.","Isa pa, kailangang isipin din iyon noon ng Viva dahil aalis na nga sa kanila si James Reid at ang iniisip nila ay maiiwan pa sa kanila si Nadine hanggang 2029 nga.","Isa pa, kailangang isipin din iyon noon ng Viva dahil aalis na nga sa kanila si James red at ang iniisip nila ay maiiwan pa sa kanila si aaring hanggang aag nga.","['Reid', 'Narine', '2029']","{'Reid': ['raid', 'read', 'red', 'acid', 'aid'], 'Narine': ['marine', 'narin', 'aaring', 'arina', 'aring'], '2029': ['p25', 'aaba', 'aag', 'aako', 'aal']}"
Pero bigla siyang nag-dialogue : Mahal din kasing tumakbo so hindi pa rin alam.,Pero bigla siyang nag-dialogue : Mahal din kasing tumakbo so hindi pa rin alam.,Pero bigla siyang nag-dialogue : Mahal din kasing tumakbo so hindi pa rin alam.,[],{}
Sinuspinde ng Senado ang budget deliberation na naka-schedule sana kahapon matapos na magpositibo si Defense Secretary Delfin Lorenzana na dumalo sa plenary debates noong Martes.,Sinuspinde ng Senado ang budget deliberation na naka-schedule sana kahapon matapos na magpositibo si Defense Secretary Delfin Lorenzana na dumalo sa plenary debates noong Martes.,Sinuspinde ng Senado ang budget deliberation na naka-schedule sana kahapon matapos na magpositibo si Defense Secretary Delfin Lorenzana na dumalo sa plenary debates noong Martes.,[],{}
"Naisip mo ba kung sakali na magbago ng career kung hindi na ganun kaganda ang showbiz, Salve?","Naisip mo ba kung sakali na magbago ng career kung hindi na ganun kaganda ang showbiz, Salve?","Naisip mo ba kung sakali na magbago ng career kung hindi na ganun kalanda ang showbiz, salvo?","['kaganda', 'Salve']","{'kaganda': ['gaganda', 'kagana', 'kalanda', 'maganda', 'paganda'], 'Salve': ['sale', 'salfe', 'salvo', 'solve', 'valve']}"
"Sa isang Facebook post, inilarawan ni Kheena Thrisia Ligas, ang head volunteer ng Cebu for Chel, si Diokno bilang mapagkumbabang tao dahil wala itong kasamang bodyguard, maliban pa sa pagiging malapit sa mga tao.","Sa isang Facebook post, inilarawan ni Kheena Thrisia Ligas, ang head volunteer ng Cebu for Chel, si Diokno bilang mapagkumbabang tao dahil wala itong kasamang bodyguard, maliban pa sa pagiging malapit sa mga tao.","Sa isang Facebook post, inilarawan ni sheen turista Ligas, ang head volunteer ng Cebu for ache, si Diokno bilang mapagkumbabang tao dahil wala itong kasamang bodyguard, maliban pa sa pagiging malapit sa mga tao.","['Kheena', 'Thrisia', 'Chel']","{'Kheena': ['henna', 'kadena', 'sheen', 'antena', 'arena'], 'Thrisia': ['tirisin', 'trivia', 'turista', 'aarisga', 'arisga'], 'Chel': ['che', 'chef', 'ache', 'caes', 'cal']}"
Tiniyak ni Nograles na iniimbestigahan na ng National Telecommunications Commission (NTC) ang pagsulputan ng mga spam texts.,Tiniyak ni Nograles na iniimbestigahan na ng National Telecommunications Commission (NTC) ang pagsulputan ng mga spam texts.,Tiniyak ni corals na iniimbestigahan na ng National Telecommunications Commission (anta) ang pagsulputan ng mga spam texts.,"['Nograles', 'NTC']","{'Nograles': ['korales', 'comrades', 'corals', 'degrades', 'goggles'], 'NTC': ['etc', 'ntf', 'anta', 'ante', 'anti']}"
"Ayon sa pulisya, bandang alas-8:00 ng gabi ay naglalakad patungo sa kanyang bahay ang biktima kasama ang anak na si John Paul nang harangin sa daan ng suspek.","Ayon sa pulisya, bandang alas-8:00 ng gabi ay naglalakad patungo sa kanyang bahay ang biktima kasama ang anak na si John Paul nang harangin sa daan ng suspek.","Ayon sa pulisya, bandang alas-d:ag ng gabi ay naglalakad patungo sa kanyang bahay ang biktima kasama ang anak na si John Paul nang harangin sa daan ng suspek.","['8', '00']","{'8': ['b', 'c', 'd', 'e', 'f'], '00': ['ab', 'ad', 'ag', 'ah', 'ak']}"
"Eh, sa ngayon naman, yung live concerts ay wala pa ring kasiguraduhan dahil sa pandemic, kaya puwedeng mag-virtual concert na lang muna si singer/part-time actress habang nasa Amerika siya.","Eh, sa ngayon naman, yung live concerts ay wala pa ring kasiguraduhan dahil sa pandemic, kaya puwedeng mag-virtual concert na lang muna si singer/part-time actress habang nasa Amerika siya.","Eh, sa ngayon naman, yung live concerts ay wala pa ring kasiguraduhan dahil sa pandemic, kaya puwedeng mag-virtual concert na lang muna si singer/part-time actress habang nasa anemika siya.",['Amerika'],"{'Amerika': ['aberia', 'amerikana', 'anemika', 'aamerikana', 'abenida']}"
Masarap mag-portray ng role na medyo bastos na pangit ugali na bad boy pero mamahalin ng tao.,Masarap mag-portray ng role na medyo bastos na pangit ugali na bad boy pero mamahalin ng tao.,Masarap mag-portera ng role na medyo bastos na pangit ugali na bad boy pero mamahalin ng tao.,['portray'],"{'portray': ['poetry', 'portal', 'portera', 'portrait', 'portrayal']}"
"Pebrero 17, pinirmahan ng gobyerno ang isang indemnity agreement saPfizer at AstraZeneca na nagsasaad na babalikatin ng gobyerno ang anumang gastos sakaling magkaroon ng adverse effect ang kanilang mga bakuna na ituturok sa mga Pilipino.","Pebrero 17, pinirmahan ng gobyerno ang isang indemnity agreement saPfizer at AstraZeneca na nagsasaad na babalikatin ng gobyerno ang anumang gastos sakaling magkaroon ng adverse effect ang kanilang mga bakuna na ituturok sa mga Pilipino.","Pebrero ag, pinirmahan ng gobyerno ang isang indemnity agreement sanitizer at AstraZeneca na nagsasaad na babalikatin ng gobyerno ang anumang gastos sakaling magkaroon ng adverse effect ang kanilang mga bakuna na ituturok sa mga Pilipino.","['17', 'saPfizer']","{'17': ['ab', 'ad', 'ag', 'ah', 'ak'], 'saPfizer': ['capsize', 'papier', 'sanitizer', 'adviser', 'after']}"
Marcial Bulirao si Garilao na nooy kasalukuyang naglilinis sa garahe at inundayan ng sunud-sunod na saksak.,Marcial Bulirao si Garilao na nooy kasalukuyang naglilinis sa garahe at inundayan ng sunud-sunod na saksak.,arrial bulilyo si garil na nooy kasalukuyang naglilinis sa garahe at inundayan ng sunud-sunod na saksak.,"['Marcial', 'Bulirao', 'Garilao']","{'Marcial': ['martial', 'arial', 'arrial', 'facial', 'marawal'], 'Bulirao': ['buliga', 'buligaw', 'bulilyo', 'bulinaw', 'bulitas'], 'Garilao': ['marilao', 'barilan', 'garil', 'gatilyo', 'karilyo']}"
"Panoorin ang nakaaantig na kuwento ni Ronalyn sa video na ito ng ""KMJS.""","Panoorin ang nakaaantig na kuwento ni Ronalyn sa video na ito ng ""KMJS.""","Panoorin ang nakaaantig na kuwento ni banalan sa video na ito ng ""amis.""","['Ronalyn', 'KMJS']","{'Ronalyn': ['ronald', 'rondalya', 'banalan', 'banalin', 'donald'], 'KMJS': ['kms', 'amas', 'amis', 'amos', 'cms']}"
May pagkakataong dinala si Elizabeth sa albularyo sa pag-aakalang nabarang o nakulam siya.,May pagkakataong dinala si Elizabeth sa albularyo sa pag-aakalang nabarang o nakulam siya.,May pagkakataong dinala si liyabe sa albularyo sa pag-aakalang nababang o kakula siya.,"['Elizabeth', 'nabarang', 'nakulam']","{'Elizabeth': ['alpabeto', 'klabete', 'liyabe', 'liyabeng', 'liyabera'], 'nabarang': ['babarang', 'gabarang', 'nababang', 'nabasang', 'nabatang'], 'nakulam': ['nakula', 'bakulaw', 'kakula', 'kakulay', 'kaulam']}"
"Umaabot sa 65 tiwaling mga pulis ang nasibak sa serbisyo sa Central Luzon sa loob ng dalawang taon, ayon sa ulat kahapon.","Umaabot sa 65 tiwaling mga pulis ang nasibak sa serbisyo sa Central Luzon sa loob ng dalawang taon, ayon sa ulat kahapon.","Umaabot sa ag tiwaling mga pulis ang nasibak sa serbisyo sa Central lumon sa loob ng dalawang taon, ayon sa ulat kahapon.","['65', 'Luzon']","{'65': ['ab', 'ad', 'ag', 'ah', 'ak'], 'Luzon': ['lugon', 'lulon', 'lumon', 'lupon', 'bubon']}"
"Ayon kay Biazon, sinusuri pa ng kaniyang administrasyon ang implementing rules and regulations ng programa ng NCAP na ipatutupad sa kanilang lungsod.","Ayon kay Biazon, sinusuri pa ng kaniyang administrasyon ang implementing rules and regulations ng programa ng NCAP na ipatutupad sa kanilang lungsod.","Ayon kay Biazon, sinusuri pa ng kaniyang administrasyon ang implementing rules and regulations ng programa ng akap na ipatutupad sa kanilang lungsod.",['NCAP'],"{'NCAP': ['cap', 'agap', 'akap', 'alap', 'andap']}"
"Nangyayari ito habang tinatanggal sa mga ospital ang COVID-19 patients na ""mild"" at ""asymptomatic"" lamang dahil sa napupuno na.","Nangyayari ito habang tinatanggal sa mga ospital ang COVID-19 patients na ""mild"" at ""asymptomatic"" lamang dahil sa napupuno na.","Nangyayari ito habang tinatanggal sa mga ospital ang COVID-ag patients na ""mild"" at ""asymptomatic"" lamang dahil sa napupuno na.",['19'],"{'19': ['ab', 'ad', 'ag', 'ah', 'ak']}"
"Sinabi ni Tulfo na kapag nagkaroon na ng Anti-Taray Bill, ang mga bastos at tamad na taong-gobyerno ay mapapatawan ng mabigat na parusa ?? ang pagkakasibak sa serbisyo at perpetual disqualification from public office.","Sinabi ni Tulfo na kapag nagkaroon na ng Anti-Taray Bill, ang mga bastos at tamad na taong-gobyerno ay mapapatawan ng mabigat na parusa ?? ang pagkakasibak sa serbisyo at perpetual disqualification from public office.","Sinabi ni Tulfo na kapag nagkaroon na ng Anti-Taray Bill, ang mga bastos at tamad na taong-gobyerno ay mapapatawan ng mabigat na parusa ?? ang pagkakasibak sa serbisyo at perpetual disqualification from public office.",[],{}
"Sa ulat, dakong alas-3:30 ng madaling araw ng Setyembre 8 nang madakip ang dalawa sa Basa Compound, Brgy.","Sa ulat, dakong alas-3:30 ng madaling araw ng Setyembre 8 nang madakip ang dalawa sa Basa Compound, Brgy.","Sa ulat, dakong alas-d:ag ng maraling araw ng Setyembre d nang kalakip ang dalawa sa Basa Compound, Brgy.","['3', '30', '8', 'marakip']","{'3': ['b', 'c', 'd', 'e', 'f'], '30': ['ab', 'ad', 'ag', 'ah', 'ak'], '8': ['b', 'c', 'd', 'e', 'f'], 'marakip': ['madakip', 'dadakip', 'kalakip', 'maaakit', 'maakit']}"
"Dagdag ng ahensya, maaring magkaroon ng access ang mga scammers sa mga personal na impormasyon na hihingin ng website sa oras na i-click ang link.","Dagdag ng ahensya, maaring magkaroon ng access ang mga scammers sa mga personal na impormasyon na hihingin ng website sa oras na i-click ang link.","Dagdag ng ahensya, maaring magkaroon ng access ang mga scammers sa mga personal na impormasyon na hihingin ng website sa oras na i-click ang link.",[],{}
"Sabi ng Worldwood, hindi katanggap-tanggap na hindi pa nire-release ng DoubleDragon ang titulo sa unit mahigit tatlong taon matapos itong mabayaran.","Sabi ng Worldwood, hindi katanggap-tanggap na hindi pa nire-release ng DoubleDragon ang titulo sa unit mahigit tatlong taon matapos itong mabayaran.","Sabi ng plywood, hindi katanggap-tanggap na hindi pa nire-release ng dibersyon ang titulo sa unit mahigit tatlong taon matapos itong mabayaran.","['Worldwood', 'DoubleDragon']","{'Worldwood': ['worldwide', 'childhood', 'plywood', 'worded', 'workload'], 'DoubleDragon': ['bandwagon', 'cauldron', 'dibersyon', 'doblado', 'dobladong']}"
"Baka naman gusto na niya akong gawing maybahay niya, hirit ni Bianca sabay sabing biro lang yun at hindi pine-pressure si Win.","Baka naman gusto na niya akong gawing maybahay niya, hirit ni Bianca sabay sabing biro lang yun at hindi pine-pressure si Win.","Baka naman gusto na niya akong gawing maybahay niya, hirit ni bana sabay sabing biro lang yun at hindi pine-pressure si Win.",['Bianca'],"{'Bianca': ['banca', 'baanta', 'bana', 'banc', 'bancas']}"
"Tadtad ng saksak nang matagapuan ng mga pulis habang nakahandusay ang biktima na nakilalang siJessica Cabrera, 52, residente ng Brgy Salitran 2, Dasmari?ñas City.","Tadtad ng saksak nang matagapuan ng mga pulis habang nakahandusay ang biktima na nakilalang siJessica Cabrera, 52, residente ng Brgy Salitran 2, Dasmari?ñas City.","Tadtad ng saksak nang maaagapan ng mga pulis habang nakahandusay ang biktima na nakilalang disensiya camera, ag, residente ng Brgy aalitan d, aaari?has City.","['matagapuan', 'siJessica', 'Cabrera', '52', 'Salitran', '2', 'Dasmari', 'ñas']","{'matagapuan': ['matagpuan', 'matatapuan', 'maaagapan', 'maagapan', 'madadapuan'], 'siJessica': ['siyensiya', 'asiesmic', 'disensiya', 'iestima', 'inersiya'], 'Cabrera': ['barera', 'caldera', 'camera', 'karera', 'umbrera'], '52': ['ab', 'ad', 'ag', 'ah', 'ak'], 'Salitran': ['salitaan', 'salitan', 'aalitan', 'aalkitran', 'alitan'], '2': ['b', 'c', 'd', 'e', 'f'], 'Dasmari': ['basmati', 'pasari', 'aaari', 'aari', 'aasar'], 'ñas': ['as', 'gas', 'has', 'kas', 'mas']}"
"Samantala, kinuwestiyon din ni Lacson ang papel ni dating presidential adviser for economic affairs Michael Yang na nakita sa pagdinig ng blue ribbon committee noong Biyernes habang kasama ang ilang opisyal ng Pharmally.","Samantala, kinuwestiyon din ni Lacson ang papel ni dating presidential adviser for economic affairs Michael Yang na nakita sa pagdinig ng blue ribbon committee noong Biyernes habang kasama ang ilang opisyal ng Pharmally.","Samantala, kinuwestiyon din ni ason ang papel ni dating presidential adviser for economic affairs Michael Yang na nakita sa pagdinig ng blue ribbon committee noong Biyernes habang kasama ang ilang opisyal ng Pharmally.",['Lacson'],"{'Lacson': ['lason', 'arson', 'ason', 'kalson', 'labon']}"
"Kinabukasan nakipag-break ako, kuwento ni Jopay.","Kinabukasan nakipag-break ako, kuwento ni Jopay.","Kinabukasan nakipag-break ako, kuwento ni jay.",['Jopay'],"{'Jopay': ['copy', 'hapay', 'jay', 'jhay', 'joma']}"
"Pero sa totoo lang ha, lalo na ngayong pumapasok pa lamang ang lamig dito sa ating bansa, kasabay ng pagkatunaw ng yelo sa northern hemisphere, oras na tamaan sila ng pneumonia baka sabihin COVID na iyan.","Pero sa totoo lang ha, lalo na ngayong pumapasok pa lamang ang lamig dito sa ating bansa, kasabay ng pagkatunaw ng yelo sa northern hemisphere, oras na tamaan sila ng pneumonia baka sabihin COVID na iyan.","Pero sa totoo lang da, lalo na ngayong pumapasok pa lamang ang lamig dito sa ating bansa, kasabay ng pagkatunaw ng yelo sa northern hemisphere, oras na tamaan sila ng pneumonia baka sabihin COVID na iyan.",['ha'],"{'ha': ['ba', 'cha', 'da', 'ga', 'h']}"
"Base sa kuha ng CCTV, makikitang pinatigil ng biktima ang mga sasakyan dahil maraming pedestrian ang tumatawid sa lugar.","Base sa kuha ng CCTV, makikitang pinatigil ng biktima ang mga sasakyan dahil maraming pedestrian ang tumatawid sa lugar.","Base sa kuha ng CCTV, makikitang pinatigil ng biktima ang mga sasakyan dahil maraming pedestrian ang tumatawid sa lugar.",[],{}
Pangarap ko rin yon eh.,Pangarap ko rin yon eh.,Pangarap ko rin yon eh.,[],{}
Kasabay nang ipapatupad na panibagong curfew hours ay itinaas din sa 50% ang bawat venue capacity sa mga business establishments.,Kasabay nang ipapatupad na panibagong curfew hours ay itinaas din sa 50% ang bawat venue capacity sa mga business establishments.,Kasabay nang ipapatupad na panibagong curfew hours ay itinaas din sa ag% ang bawat venue capacity sa mga business establishments.,['50'],"{'50': ['ab', 'ad', 'ag', 'ah', 'ak']}"
"Kinilala ng pulisya ang suspek na si Emil Fernandez Mariano, 39, walang trabaho, at isang kilalang high-value individual.","Kinilala ng pulisya ang suspek na si Emil Fernandez Mariano, 39, walang trabaho, at isang kilalang high-value individual.","Kinilala ng pulisya ang suspek na si emir expanded ariang, ag, walang trabaho, at isang kilalang high-value individual.","['Emil', 'Fernandez', 'Mariano', '39']","{'Emil': ['amil', 'email', 'emir', 'emit', 'evil'], 'Fernandez': ['beranda', 'branded', 'expanded', 'ferdinand', 'finance'], 'Mariano': ['marino', 'arian', 'ariang', 'harian', 'hariang'], '39': ['ab', 'ad', 'ag', 'ah', 'ak']}"
Nakumpiska mula sa dalawa ang P640.5.,Nakumpiska mula sa dalawa ang P640.5.,Nakumpiska mula sa dalawa ang p3.d.,"['P640', '5']","{'P640': ['p', 'p25', 'p3', 'p57', 'p75'], '5': ['b', 'c', 'd', 'e', 'f']}"
Na mas mag-iingat ang Pilipinas sa pagpili ng bakuna na gagamitin para sa mga senior citizensmatapos na 23matatanda sa Norway ang nasawi nang mabakunahan ng Pfizer dahil sa adverse reactions.,Na mas mag-iingat ang Pilipinas sa pagpili ng bakuna na gagamitin para sa mga senior citizensmatapos na 23matatanda sa Norway ang nasawi nang mabakunahan ng Pfizer dahil sa adverse reactions.,Na mas mag-iingat ang Pilipinas sa pagpili ng bakuna na gagamitin para sa mga senior ipinatapos na makatanda sa Norway ang nasawi nang mabakunahan ng pier dahil sa adverse reactions.,"['citizensmatapos', '23matatanda', 'Pfizer']","{'citizensmatapos': ['citizenship', 'ipinapatapos', 'ipinatapos', 'itinataos', 'itinatapon'], '23matatanda': ['matatanda', 'magtatanda', 'makatanda', 'matatandan', 'matatanga'], 'Pfizer': ['fiber', 'fixer', 'pier', 'piper', 'piyer']}"
"Sa ulat ni Jasmin Gabriel-Galban sa GMA Regional TV ""Balitang Amianan"" nitong Lunes, kinilala ang suspek na si Raffy Olario, 22-anyos.","Sa ulat ni Jasmin Gabriel-Galban sa GMA Regional TV ""Balitang Amianan"" nitong Lunes, kinilala ang suspek na si Raffy Olario, 22-anyos.","Sa ulat ni aamin gabel-talban sa gia Regional TV ""Balitang ambaan"" nitong Lunes, kinilala ang suspek na si rainy klaro, ag-anyos.","['Jasmin', 'Gabriel', 'Galban', 'GMA', 'Amianan', 'Raffy', 'Olario', '22']","{'Jasmin': ['hasmin', 'jasmine', 'aamin', 'aasamin', 'aasin'], 'Gabriel': ['gabriela', 'abril', 'gabel', 'garil', 'aabrigo'], 'Galban': ['gaban', 'galan', 'talban', 'aaluan', 'aban'], 'GMA': ['ama', 'ga', 'gia', 'goma', 'gra'], 'Amianan': ['alwanan', 'amahan', 'ambaan', 'ambagan', 'amihan'], 'Raffy': ['raffle', 'raft', 'rainy', 'rally', 'ramay'], 'Olario': ['diario', 'klarin', 'klaro', 'largo', 'laris'], '22': ['ab', 'ad', 'ag', 'ah', 'ak']}"
Ayon sa aktor ay ibang-iba ang kanyang ginawa sa MMK kumpara sa Viral Scandal kung saan kabilang din ang aktor.,Ayon sa aktor ay ibang-iba ang kanyang ginawa sa MMK kumpara sa Viral Scandal kung saan kabilang din ang aktor.,Ayon sa aktor ay ibang-iba ang kanyang ginawa sa am kumpara sa Viral Scandal kung saan kabilang din ang aktor.,['MMK'],"{'MMK': ['mm', 'ak', 'am', 'ama', 'amak']}"
"Nakatikim ng maaanghang na salita ang Kapamilya broadcast journalist na si Karen Davila nang makita siya sa UniTeam caravan at campaign rally ni presidential candidate Ferdinand ??Bongbong? Marcos, Jr.","Nakatikim ng maaanghang na salita ang Kapamilya broadcast journalist na si Karen Davila nang makita siya sa UniTeam caravan at campaign rally ni presidential candidate Ferdinand ??Bongbong? Marcos, Jr.","Nakatikim ng maaanghang na salita ang Kapamilya broadcast journalist na si karon agila nang makita siya sa UniTeam caravan at campaign rally ni presidential candidate Ferdinand ??Bongbong? Marcos, Jr.","['Karen', 'Davila']","{'Karen': ['kare', 'karent', 'karon', 'aamen', 'amen'], 'Davila': ['dakila', 'aalila', 'agila', 'alila', 'anila']}"
"Hindi pa rin kinukumpirma ni Remulla kung kabilang na si Bantag sa sasampahan ng reklamo ng NBI sa darating na Lunes, bagamat tiniyak na papangalanan na bukas ang sinasabing dalawang masterminds sa krimen.","Hindi pa rin kinukumpirma ni Remulla kung kabilang na si Bantag sa sasampahan ng reklamo ng NBI sa darating na Lunes, bagamat tiniyak na papangalanan na bukas ang sinasabing dalawang masterminds sa krimen.","Hindi pa rin kinukumpirma ni Remulla kung kabilang na si bangag sa sasampahan ng reklamo ng nabi sa darating na Lunes, bagamat tiniyak na papangalanan na bukas ang sinasabing dalawang masterminds sa krimen.","['Bantag', 'NBI']","{'Bantag': ['banaag', 'banag', 'bangag', 'banlag', 'bansag'], 'NBI': ['bi', 'ibi', 'nabi', 'nai', 'nbg']}"
Maging ang kanilang kahandaan sa pagtatrabaho ay kapos din umano.,Maging ang kanilang kahandaan sa pagtatrabaho ay kapos din umano.,Maging ang kanilang kahandaan sa pagtatrabaho ay kapos din umano.,[],{}
"Itong second leg na ito maganda talaga iyong effort namin as a team, sabi ng bagong hugot na si Bono.","Itong second leg na ito maganda talaga iyong effort namin as a team, sabi ng bagong hugot na si Bono.","Itong second leg na ito maganda talaga iyong effort namin as ag team, sabi ng bagong hugot na si Bono.",['a'],"{'a': ['ab', 'ad', 'ag', 'ah', 'ak']}"
Marami na ngang excited na magka-girlfriend na ang actor bilang 40 something na ito.,Marami na ngang excited na magka-girlfriend na ang actor bilang 40 something na ito.,Marami na ngang excited na magka-girlfriend na ang actor bilang ag something na ito.,['40'],"{'40': ['ab', 'ad', 'ag', 'ah', 'ak']}"
Tinatanggap naman po siya.,Tinatanggap naman po siya.,Tinatanggap naman po siya.,[],{}
Maganda rin umano ang naidudulot ng aktor sa buong production team dahil sa pakikitungo nito sa bawat isa.,Maganda rin umano ang naidudulot ng aktor sa buong production team dahil sa pakikitungo nito sa bawat isa.,Maganda rin umano ang naidudulot ng aktor sa buong production team dahil sa pakikitungo nito sa bawat isa.,[],{}
Bida ang mga tita ngayong Sabado (Hulyo 23) sa pagdiriwang ng MMK ng WorldAuntsDay sa isang kwentongpag-ako ng responsibilidad ni Marlita (Irma Adlawan) na alagaan ang kanyang pamangkin na si Joy (Elisse Joson) matapos itong iwan ng ama para sa ibang pamilya nang mamatay ang kanyang ina.,Bida ang mga tita ngayong Sabado (Hulyo 23) sa pagdiriwang ng MMK ng WorldAuntsDay sa isang kwentongpag-ako ng responsibilidad ni Marlita (Irma Adlawan) na alagaan ang kanyang pamangkin na si Joy (Elisse Joson) matapos itong iwan ng ama para sa ibang pamilya nang mamatay ang kanyang ina.,Bida ang mga tita ngayong Sabado (Hulyo ad) sa pagdiriwang ng am ng borlasan sa isang ketonging-ako ng responsibilidad ni dalita (irima aalapan) na alagaan ang kanyang pamangkin na si job (eklipse boso) matapos itong iwan ng ama para sa ibang pamilya nang mamatay ang kanyang ina.,"['23', 'MMK', 'WorldAuntsDay', 'kwentongpag', 'Marlita', 'Irma', 'Adlawan', 'Joy', 'Elisse', 'Joson']","{'23': ['p3', 'ab', 'ad', 'ag', 'ah'], 'MMK': ['mm', 'ak', 'am', 'ama', 'amak'], 'WorldAuntsDay': ['adelantada', 'balantay', 'borlasan', 'dadantay', 'dantay'], 'kwentongpag': ['kwentong', 'ikwentong', 'ketonging', 'kuwentong', 'kwentang'], 'Marlita': ['maralita', 'balita', 'dalita', 'mabalita', 'magkita'], 'Irma': ['ima', 'ira', 'irima', 'mirma', 'pirma'], 'Adlawan': ['anlawan', 'aagawan', 'aalapan', 'aalatan', 'aalayan'], 'Joy': ['boy', 'jay', 'job', 'koy', 'noy'], 'Elisse': ['elise', 'eclipse', 'eklipse', 'elite', 'klitse'], 'Joson': ['arson', 'ason', 'boso', 'boton', 'buson']}"
"Minsan, nagkaroon na rin ng isang bading na businessman na naloko sa male star, hiniwalayan din siya matapos ang ilang buwan lamang kasi malas daw siya.","Minsan, nagkaroon na rin ng isang bading na businessman na naloko sa male star, hiniwalayan din siya matapos ang ilang buwan lamang kasi malas daw siya.","Minsan, nagkaroon na rin ng isang bading na businessman na naloko sa male star, hiniwalayan din siya matapos ang ilang buwan lamang kasi malas daw siya.",[],{}
Matatandaan na sinabi ni Teves na may banta sa kanyang seguridad kung kaya nag-aalangan siyang umuwi ng bansa.,Matatandaan na sinabi ni Teves na may banta sa kanyang seguridad kung kaya nag-aalangan siyang umuwi ng bansa.,Matatandaan na sinabi ni ever na may banta sa kanyang seguridad kung kaya nag-aalangan siyang umuwi ng bansa.,['Teves'],"{'Teves': ['beses', 'even', 'ever', 'eyes', 'fees']}"
"Bagamat kakaunti lamang ang tinapay at isda na iniabot sa Kaniya, gumawa ng himala si Hesus para maparami ang pagkain at mapakain ang mga tao na ang bilang ay umabot sa apat na libo.","Bagamat kakaunti lamang ang tinapay at isda na iniabot sa Kaniya, gumawa ng himala si Hesus para maparami ang pagkain at mapakain ang mga tao na ang bilang ay umabot sa apat na libo.","Bagamat kakaunti lamang ang tinapay at isda na iniabot sa Kaniya, gumawa ng himala si chess para maparami ang pagkain at mapakain ang mga tao na ang bilang ay umabot sa apat na libo.",['Hesus'],"{'Hesus': ['beses', 'census', 'chess', 'desks', 'deus']}"
"Sa ulat ni James Agustin sa GTV ""Balitanghali"" nitong Martes, kinilala ang suspek na si Jessie Laoyon, na nagtamo ng mga sugat sa mukha matapos gulpihin ng taumbayan.","Sa ulat ni James Agustin sa GTV ""Balitanghali"" nitong Martes, kinilala ang suspek na si Jessie Laoyon, na nagtamo ng mga sugat sa mukha matapos gulpihin ng taumbayan.","Sa ulat ni James amusin sa tv ""baitangan"" nitong Martes, kinilala ang suspek na si cease ayon, na nagtamo ng mga sugat sa mukha matapos gulpihin ng taumbayan.","['Agustin', 'GTV', 'Balitanghali', 'Jessie', 'Laoyon']","{'Agustin': ['abutin', 'agusan', 'amusin', 'amutin', 'anutin'], 'GTV': ['gov', 'ptv', 'tv', 'at', 'ata'], 'Balitanghali': ['magtanghali', 'altanghap', 'baitangan', 'baitangang', 'balinghat'], 'Jessie': ['lessee', 'bassic', 'cease', 'cessna', 'desire'], 'Laoyon': ['layon', 'aayon', 'ayon', 'galyon', 'gayon']}"
Ang dami raw nag-comment na mas kakaiba sana kung hindi na siya napaahit.,Ang dami raw nag-comment na mas kakaiba sana kung hindi na siya napaahit.,Ang dami raw nag-comment na mas kakaiba sana kung hindi na siya ipapaahit.,['napaahit'],"{'napaahit': ['nagpaahit', 'ipaahit', 'ipapaahit', 'magpaahit', 'naaakit']}"
Bongga rin si Raymond Gutierrez na tinapos ang Pride month bago inilabas ng Mega Entertainment Magazine ang kanyang ??coming out story?? na in-announce na sa lahat na siya ay proud member ng LGBTQIA.,Bongga rin si Raymond Gutierrez na tinapos ang Pride month bago inilabas ng Mega Entertainment Magazine ang kanyang ??coming out story?? na in-announce na sa lahat na siya ay proud member ng LGBTQIA.,Bongga rin si aayon stirrer na tinapos ang Pride month bago inilabas ng Mega Entertainment Magazine ang kanyang ??coming out story?? na in-announce na sa lahat na siya ay proud member ng agata.,"['Raymond', 'Gutierrez', 'LGBTQIA']","{'Raymond': ['ramong', 'aamong', 'aayon', 'aayong', 'amend'], 'Gutierrez': ['aguirre', 'gutter', 'stirrer', 'tiered', 'arteries'], 'LGBTQIA': ['labtik', 'aberia', 'agata', 'agitit', 'apatia']}"
"Ipinunto ng senador na bagamat kinikilala niya ang pangmatagalang benepisyo ng Public Utility Vehicle (PUV) Modernization Program na itinaguyod ng nakaraang administrasyon, kailangang bigyan ng palugit ang mga apektadong sektor dahil bumabangon pa rin ang bansa sa krisis na dulot ng pandemya ng COVID-19.","Ipinunto ng senador na bagamat kinikilala niya ang pangmatagalang benepisyo ng Public Utility Vehicle (PUV) Modernization Program na itinaguyod ng nakaraang administrasyon, kailangang bigyan ng palugit ang mga apektadong sektor dahil bumabangon pa rin ang bansa sa krisis na dulot ng pandemya ng COVID-19.","Ipinunto ng senador na bagamat kinikilala niya ang pangmatagalang benepisyo ng Public Utility Vehicle (pua) Modernization Program na itinaguyod ng nakaraang administrasyon, kailangang bigyan ng palugit ang mga apektadong sektor dahil bumabangon pa rin ang bansa sa krisis na dulot ng pandemya ng COVID-ag.","['PUV', '19']","{'PUV': ['ptv', 'pu', 'pua', 'pun', 'au'], '19': ['ab', 'ad', 'ag', 'ah', 'ak']}"
Ikinalungkot naman ni Pacquiao ang pahayag ni Duterte laban sa kanya hinggil sa isyu ng WPS.,Ikinalungkot naman ni Pacquiao ang pahayag ni Duterte laban sa kanya hinggil sa isyu ng WPS.,Ikinalungkot naman ni quiao ang pahayag ni suwerte laban sa kanya hinggil sa isyu ng was.,"['Pacquiao', 'Duterte', 'WPS']","{'Pacquiao': ['acquire', 'acquit', 'quiao', 'acacia', 'acquired'], 'Duterte': ['butete', 'puwerte', 'suwerte', 'terte', 'bunete'], 'WPS': ['ops', 'ups', 'was', 'ads', 'als']}"
"Hanga naman si Konsehal Oreta na tumatayo ring Committee Chairperson ng Women, Family, and PWD, sa kontribusyon ng mga kababaihan sa pagpapabuti ng siyudad.","Hanga naman si Konsehal Oreta na tumatayo ring Committee Chairperson ng Women, Family, and PWD, sa kontribusyon ng mga kababaihan sa pagpapabuti ng siyudad.","Hanga naman si Konsehal arena na tumatayo ring Committee Chairperson ng Women, Family, and add, sa kontribusyon ng mga kababaihan sa pagpapabuti ng siyudad.","['Oreta', 'PWD']","{'Oreta': ['kreta', 'area', 'arena', 'bareta', 'beta'], 'PWD': ['pad', 'ad', 'add', 'aid', 'amd']}"
Natatawa pa siya nang sinabi niyang ??and Im gay? dahil binabakla rin niya ito.,Natatawa pa siya nang sinabi niyang ??and Im gay? dahil binabakla rin niya ito.,Natatawa pa siya nang sinabi niyang ??and Im gay? dahil binabakla rin niya ito.,[],{}
"Tila nasa kanya na ang lahat pero hindi niya lubusang mapagtanto kung bakit lagi siyang iniiwan ng mga kasintahan niya, kabilang na si Gab (Ronnie Alonte), na biglaan na lang nakipag-break nang walang sapat na dahilan.","Tila nasa kanya na ang lahat pero hindi niya lubusang mapagtanto kung bakit lagi siyang iniiwan ng mga kasintahan niya, kabilang na si Gab (Ronnie Alonte), na biglaan na lang nakipag-break nang walang sapat na dahilan.","Tila nasa kanya na ang lahat pero hindi niya lubusang mapagtanto kung bakit lagi siyang iniiwan ng mga kasintahan niya, kabilang na si cab (anniv ahente), na biglaan na lang nakipag-break nang walang sapat na dahilan.","['Gab', 'Ronnie', 'Alonte']","{'Gab': ['ab', 'bab', 'cab', 'ga', 'gabe'], 'Ronnie': ['brownie', 'rookie', 'anniv', 'bone', 'bonete'], 'Alonte': ['alone', 'abante', 'ahente', 'almete', 'aloe']}"
"Samantala, number 1 din sa West Pacific ang Pinas sa kabuuang dami ng mga kaso (597,763), at sa bilang ng mga ginupo ng coronavirus.","Samantala, number 1 din sa West Pacific ang Pinas sa kabuuang dami ng mga kaso (597,763), at sa bilang ng mga ginupo ng coronavirus.","Samantala, number d din sa West Pacific ang Pinas sa kabuuang dami ng mga kaso (aal,aal), at sa bilang ng mga iginupo ng coronavirus.","['1', '597', '763', 'ginupo']","{'1': ['b', 'c', 'd', 'e', 'f'], '597': ['p57', 'aag', 'aal', 'aam', 'aat'], '763': ['p3', 'aag', 'aal', 'aam', 'aat'], 'ginupo': ['ginugo', 'ginulo', 'iginupo', 'pinupo', 'binubo']}"
Tiniyak ng Department of Budget and Management na magkakaroonng panibagong pagtaas sa sahod ng mga government employees sa susunod na taon.,Tiniyak ng Department of Budget and Management na magkakaroonng panibagong pagtaas sa sahod ng mga government employees sa susunod na taon.,Tiniyak ng Department of Budget and Management na nagkakaroong panibagong pagtaas sa sahod ng mga government employees sa susunod na taon.,['magkakaroonng'],"{'magkakaroonng': ['magkakaroong', 'magkakaroon', 'nagkakaroong', 'pagkakaroong', 'magkakaayong']}"
"Wala nang nakatira dun, nandito sa Pilipinas ang dalawa niyang anak na sina Sepi at Diego, kapag matagal ang pananatili niya rito ay nakasarado lang ang kanyang bahay.","Wala nang nakatira dun, nandito sa Pilipinas ang dalawa niyang anak na sina Sepi at Diego, kapag matagal ang pananatili niya rito ay nakasarado lang ang kanyang bahay.","Wala nang nakatira dun, nandito sa Pilipinas ang dalawa niyang anak na sina sepo at dedo, kapag matagal ang pananatili niya rito ay nakasarado lang ang kanyang bahay.","['Sepi', 'Diego']","{'Sepi': ['sapi', 'semi', 'sepo', 'sipi', 'aapi'], 'Diego': ['bigo', 'bingo', 'dedo', 'demo', 'deo']}"
"Bagamat hindi mandatory ang vaccination laban sa COVID-19 at hindi pwedeng pilitin ang mga tao, hikayatin pa rin natin ang mga hindi pa bakunado na magpabakuna na dahil maiiwasan natin ang malubhang sakit o maging kamatayan dahil sa COVID-19.","Bagamat hindi mandatory ang vaccination laban sa COVID-19 at hindi pwedeng pilitin ang mga tao, hikayatin pa rin natin ang mga hindi pa bakunado na magpabakuna na dahil maiiwasan natin ang malubhang sakit o maging kamatayan dahil sa COVID-19.","Bagamat hindi mandatory ang vaccination laban sa COVID-ag at hindi pwedeng pilitin ang mga tao, hikayatin pa rin natin ang mga hindi pa bakunado na magpabakuna na dahil maiiwasan natin ang malubhang sakit o maging kamatayan dahil sa COVID-ag.","['19', '19']","{'19': ['ab', 'ad', 'ag', 'ah', 'ak']}"
"Kung ang ating appliances ay hindi naman kailangan na nasa baba 'yung outlet, pwedeng itaas para mas madali rin 'yung access (for adults), dagdag niya.","Kung ang ating appliances ay hindi naman kailangan na nasa baba 'yung outlet, pwedeng itaas para mas madali rin 'yung access (for adults), dagdag niya.","Kung ang ating appliances ay hindi naman kailangan na nasa baba 'yung outlet, pwedeng itaas para mas marali rin 'yung access (for adults), dagdag niya.",[],{}
"Si Mayo, miyembro ng PNPs Drug Enforcement Group, ay naaresto noong October 2022 matapos makumpiska ng mga awtoridad ang 990 kilo ng shabu na nagkakahalaga ng P6.7.","Si Mayo, miyembro ng PNPs Drug Enforcement Group, ay naaresto noong October 2022 matapos makumpiska ng mga awtoridad ang 990 kilo ng shabu na nagkakahalaga ng P6.7.","Si Mayo, miyembro ng anos Drug Enforcement Group, ay naaresto noong cooker aag matapos makumpiska ng mga awtoridad ang aam kilo ng shabu na nagkakahalaga ng pa.d.","['PNPs', 'October', '2022', '990', 'P6', '7']","{'PNPs': ['anas', 'anis', 'anos', 'anus', 'apps'], 'October': ['actor', 'closer', 'cooker', 'cooler', 'cover'], '2022': ['p25', 'aaba', 'aag', 'aako', 'aal'], '990': ['aag', 'aal', 'aam', 'aat', 'aaw'], 'P6': ['p', 'p3', 'pa', 'pg', 'ph'], '7': ['b', 'c', 'd', 'e', 'f']}"
Pero may mga naghahanap din ng mga pelikulang kasali sa online platforms.,Pero may mga naghahanap din ng mga pelikulang kasali sa online platforms.,Pero may mga naghahanap din ng mga pelikulang kasali sa online platforms.,[],{}
"Ayon sa Commission on Elections (Comelec), opisyal ng nagsimula ang campaign period para sa mga kumakandidato sa pagka-presidente, bise presidente at senador simula kahapon, Pebrero 8 at magtatapos ito sa Mayo 7, 2022.","Ayon sa Commission on Elections (Comelec), opisyal ng nagsimula ang campaign period para sa mga kumakandidato sa pagka-presidente, bise presidente at senador simula kahapon, Pebrero 8 at magtatapos ito sa Mayo 7, 2022.","Ayon sa Commission on Elections (Comelec), opisyal ng nagsimula ang campaign period para sa mga kumakandidato sa pagka-presidente, bise presidente at senador simula kahapon, Pebrero d at magtatapos ito sa Mayo d, aag.","['8', '7', '2022']","{'8': ['b', 'c', 'd', 'e', 'f'], '7': ['b', 'c', 'd', 'e', 'f'], '2022': ['p25', 'aaba', 'aag', 'aako', 'aal']}"
"At kapag dumating daw ang araw na may ipakikilala na ang mga anak niya na special someone at hindi niya feel ang ugali at personalidad nito, kakausapin din niya nang masinsinan ang mga ito.","At kapag dumating daw ang araw na may ipakikilala na ang mga anak niya na special someone at hindi niya feel ang ugali at personalidad nito, kakausapin din niya nang masinsinan ang mga ito.","At kapag dumating daw ang araw na may ipinakikilala na ang mga anak niya na special combine at hindi niya feel ang ugali at personalidad nito, kakausapin din niya nang masinsinan ang mga ito.","['ipakikilala', 'someone']","{'ipakikilala': ['ipakilala', 'ipapakilala', 'ipinakikilala', 'makikilala', 'nakikilala'], 'someone': ['solemne', 'bombong', 'combine', 'common', 'commons']}"
Pero agad ding nilinaw ni Presidential spokesman Harry Roque na dadaan pa rin sa confirmatory test ang mga lalabas na positibo sa rapid antigen test.,Pero agad ding nilinaw ni Presidential spokesman Harry Roque na dadaan pa rin sa confirmatory test ang mga lalabas na positibo sa rapid antigen test.,Pero agad ding nilinaw ni Presidential spokesman aaray Roque na dadaan pa rin sa confirmatory test ang mga lalabas na positibo sa rapid antigen test.,['Harry'],"{'Harry': ['carry', 'larry', 'aaray', 'aray', 'army']}"
Inamin ni Rotap na peke nga ang Cenomar na nakuha sa kaniya at ginagawa raw niya para may pangkain siya.--FRJ.,Inamin ni Rotap na peke nga ang Cenomar na nakuha sa kaniya at ginagawa raw niya para may pangkain siya.--FRJ.,Inamin ni hota na peke nga ang censor na nakuha sa kaniya at ginagawa raw niya para may pangkain siya.--ari.,"['Rotap', 'Cenomar', 'FRJ']","{'Rotap': ['bota', 'botas', 'hota', 'iota', 'korap'], 'Cenomar': ['anoman', 'cenrtal', 'censor', 'center', 'central'], 'FRJ': ['ar', 'are', 'ari', 'arm', 'art']}"
"Lopez, Quezon, Philippines ?? Basag ang bungo at namatay noon din ang isang 58-anyos na magsasaka na bibili lamang ng burger matapos na ito ay pagtulung-tulungang gulpihin at bagsakan ng bato ng tatlong lalaki kamakalawa ng gabi sa Barangay Magallanes sa bayang ito.","Lopez, Quezon, Philippines ?? Basag ang bungo at namatay noon din ang isang 58-anyos na magsasaka na bibili lamang ng burger matapos na ito ay pagtulung-tulungang gulpihin at bagsakan ng bato ng tatlong lalaki kamakalawa ng gabi sa Barangay Magallanes sa bayang ito.","lone, Quezon, Philippines ?? Basag ang bungo at namatay noon din ang isang ag-anyos na magsasaka na bibili lamang ng burger matapos na ito ay pagtulung-tulungang gulpihin at bagsakan ng bato ng tatlong lalaki kamakalawa ng gabi sa Barangay bagalan sa bayang ito.","['Lopez', '58', 'Magallanes']","{'Lopez': ['hope', 'leper', 'lone', 'lopoy', 'lose'], '58': ['ab', 'ad', 'ag', 'ah', 'ak'], 'Magallanes': ['magalang', 'magazines', 'bagalan', 'bagalang', 'gagalang']}"
"Samantala, sinimulan na rin ng Civil Aviation Authority of the Philippines (CAAP) ang mga pagsisikap na ibalik ang operasyon ng mga paliparan na naapektuhan ng bagyo.","Samantala, sinimulan na rin ng Civil Aviation Authority of the Philippines (CAAP) ang mga pagsisikap na ibalik ang operasyon ng mga paliparan na naapektuhan ng bagyo.","Samantala, sinimulan na rin ng Civil Aviation Authority of the Philippines (aag) ang mga pagsisikap na ibalik ang operasyon ng mga paliparan na naapektuhan ng bagyo.",['CAAP'],"{'CAAP': ['camp', 'cap', 'aag', 'aagap', 'aakap']}"
Siyempre ikakasal din ako so asikasuhin ko muna yon di ba?,Siyempre ikakasal din ako so asikasuhin ko muna yon di ba?,Siyempre ikakasal din ako so asikasuhin ko muna yon di ba?,[],{}
Bilyong pondo naman ang inaprubahan ng Department of Budget and Management (DBM) bilang Special Allotment Release Order na gagamitin sa ??accommodation at repatriation?? ng mga OFWs na tulong-pinansyal pag-uwi nila sa Pilipinas.,Bilyong pondo naman ang inaprubahan ng Department of Budget and Management (DBM) bilang Special Allotment Release Order na gagamitin sa ??accommodation at repatriation?? ng mga OFWs na tulong-pinansyal pag-uwi nila sa Pilipinas.,Bilyong pondo naman ang inaprubahan ng Department of Budget and Management (dim) bilang Special Allotment Release Order na gagamitin sa ??accommodation at repatriation?? ng mga news na tulong-pinansyal pag-uwi nila sa Pilipinas.,"['DBM', 'OFWs']","{'DBM': ['bbm', 'dam', 'dim', 'dom', 'aam'], 'OFWs': ['laws', 'maws', 'news', 'oas', 'of']}"
Subalit kailangan aniya na maging mahigpit kapag pinayagan ang pagbubukas ng mga gym para masiguro ang kaligtasan ng publiko na pupunta sa mga ganitong lugar.,Subalit kailangan aniya na maging mahigpit kapag pinayagan ang pagbubukas ng mga gym para masiguro ang kaligtasan ng publiko na pupunta sa mga ganitong lugar.,Subalit kailangan aniya na maging mahigpit kapag pinayagan ang pagbubukas ng mga gym para masiguro ang kaligtasan ng publiko na pupunta sa mga ganitong lugar.,[],{}
"Nauna ring sinabi ng DILG na ang mga tricycle driver ay makakakuha lamang ng P1,000 bawat isa, taliwas sa P6,500 na ibinibigay sa mga jeepney driver.","Nauna ring sinabi ng DILG na ang mga tricycle driver ay makakakuha lamang ng P1,000 bawat isa, taliwas sa P6,500 na ibinibigay sa mga jeepney driver.","Nauna ring sinabi ng DILG na ang mga tricycle driver ay makakakuha lamang ng pa,aam bawat isa, taliwas sa pa,aam na ibinibigay sa mga jeepney driver.","['P1', '000', 'P6', '500']","{'P1': ['p', 'p3', 'pa', 'pg', 'ph'], '000': ['aag', 'aal', 'aam', 'aat', 'aaw'], 'P6': ['p', 'p3', 'pa', 'pg', 'ph'], '500': ['aag', 'aal', 'aam', 'aat', 'aaw']}"
Kahit isang batalyon nang armadong grupo ang kanyang kalaban ay lagi pa rin siyang nakaliligtas at buhay na buhay.,Kahit isang batalyon nang armadong grupo ang kanyang kalaban ay lagi pa rin siyang nakaliligtas at buhay na buhay.,Kahit isang batalyon nang armadong grupo ang kanyang kalaban ay lagi pa rin siyang naililigtas at buhay na buhay.,['nakaliligtas'],"{'nakaliligtas': ['makaliligtas', 'nagliligtas', 'naililigtas', 'nakakaligtas', 'nakaligtas']}"
Binigyang-diin din niya ang kahalagahan ng pagsuporta ng mga local government units (LGUs) upang makapagtayo ang BJMP ng mga bagong pasilidad.,Binigyang-diin din niya ang kahalagahan ng pagsuporta ng mga local government units (LGUs) upang makapagtayo ang BJMP ng mga bagong pasilidad.,Binigyang-diin din niya ang kahalagahan ng pagsuporta ng mga local government units (LGUs) upang makapagtayo ang beep ng mga bagong pasilidad.,['BJMP'],"{'BJMP': ['bami', 'bbm', 'beep', 'bimpo', 'blip']}"
"Una na kasing iminungkahi ni COVID-19 testing czar Vince Dizon at tatlong kalihim ng Gabinete na ipatupad din sa buong Pilipinas ang ""No Bakuna, No Labas"" policy na pinagkasunduang ipasa ng 17 Metro Manila mayors habang nasa alert level 3 ang rehiyon.","Una na kasing iminungkahi ni COVID-19 testing czar Vince Dizon at tatlong kalihim ng Gabinete na ipatupad din sa buong Pilipinas ang ""No Bakuna, No Labas"" policy na pinagkasunduang ipasa ng 17 Metro Manila mayors habang nasa alert level 3 ang rehiyon.","Una na kasing iminungkahi ni COVID-ag testing czar vine biazon at tatlong kalihim ng Gabinete na ipatupad din sa buong Pilipinas ang ""No Bakuna, No Labas"" policy na pinagkasunduang ipasa ng ag Metro Manila mayors habang nasa alert level d ang rehiyon.","['19', 'Vince', 'Dizon', '17', '3']","{'19': ['ab', 'ad', 'ag', 'ah', 'ak'], 'Vince': ['since', 'vice', 'vine', 'avance', 'bine'], 'Dizon': ['dimon', 'dion', 'biazon', 'bihon', 'biyon'], '17': ['ab', 'ad', 'ag', 'ah', 'ak'], '3': ['b', 'c', 'd', 'e', 'f']}"
"Ibang klase, iba yung harap-harapan mong nakikita ang nangyari kesa sa mga pictures at footage lang!","Ibang klase, iba yung harap-harapan mong nakikita ang nangyari kesa sa mga pictures at footage lang!","Ibang klase, iba yung harap-harapan mong nakikita ang nangyari kesa sa mga pictures at footage lang!",[],{}
"Hay naku, hitsurang mukha akong gladiator, ok na, huwag lang mapagalitan ng medical experts.","Hay naku, hitsurang mukha akong gladiator, ok na, huwag lang mapagalitan ng medical experts.","day naku, hitsurang mukha akong adikto, ok na, huwag lang napagalitan ng medical experts.","['Hay', 'gladiator', 'mapagalitan']","{'Hay': ['ay', 'bay', 'day', 'gay', 'had'], 'gladiator': ['gladyador', 'radiator', 'adikto', 'auditor', 'awditor'], 'mapagalitan': ['makagalitan', 'mapapalitan', 'napagalitan', 'kakagalitan', 'magagalitin']}"
Sinundan niAnosaang kasintahan sa opisina ni Masedman at walang sabi-sabing binaril ang huli at si Colico.,Sinundan niAnosaang kasintahan sa opisina ni Masedman at walang sabi-sabing binaril ang huli at si Colico.,Sinundan nasaang kasintahan sa opisina ni aasiman at walang sabi-sabing binaril ang huli at si coli.,"['niAnosaang', 'Masedman', 'Colico']","{'niAnosaang': ['binusaang', 'nanasaing', 'nasaang', 'nasasaang', 'ninanasang'], 'Masedman': ['masdan', 'maselan', 'aasiman', 'asiman', 'basehan'], 'Colico': ['click', 'coco', 'coli', 'comic', 'comics']}"
"Kapag napansin ng director na hindi maganda eh talagang susuwayin niya at sasabihin niya, ulitin namin at gagawin naman namin.","Kapag napansin ng director na hindi maganda eh talagang susuwayin niya at sasabihin niya, ulitin namin at gagawin naman namin.","Kapag napansin ng director na hindi maganda eh talagang susuwayin niya at sasabihin niya, ulitin namin at gagawin naman namin.",[],{}
"Sa kabila na nagkamali umano ang Court of Appeals (CA) sa pag-alis ng parusang pagkakakulong, hindi nito pinawalang bisa ang kaugnay epekto ng conviction na ito kasama na ang pagtanggal ng karapatang.","Sa kabila na nagkamali umano ang Court of Appeals (CA) sa pag-alis ng parusang pagkakakulong, hindi nito pinawalang bisa ang kaugnay epekto ng conviction na ito kasama na ang pagtanggal ng karapatang.","Sa kabila na nagkamali umano ang Court of Appeals (cab) sa pag-alis ng parusang pagkakakulong, hindi nito pinawalang bisa ang kaugnay epekto ng conviction na ito kasama na ang pagtanggal ng karapatang.",['CA'],"{'CA': ['ba', 'c', 'cab', 'cal', 'cam']}"
Pagkatapos nito ay aarte naman umano ang mga ito na na-hold sa immigration o ibang ahensya ng gobyerno at hihingi ng pera sa kanilang biktima para tubusin sila.,Pagkatapos nito ay aarte naman umano ang mga ito na na-hold sa immigration o ibang ahensya ng gobyerno at hihingi ng pera sa kanilang biktima para tubusin sila.,Pagkatapos nito ay aarte naman umano ang mga ito na na-hold sa immigration o ibang ahensya ng gobyerno at hihingi ng pera sa kanilang biktima para tubusin sila.,[],{}
"Pero lingid sa kaalaman nang lahat, ang dami raw problemang bigay nitong si magaling na aktres.","Pero lingid sa kaalaman nang lahat, ang dami raw problemang bigay nitong si magaling na aktres.","Pero lingid sa kaalaman nang lahat, ang dami raw problemang bigay nitong si magaling na aktres.",[],{}
Una nang sinabi ng Department of Health at Department of the Interior and Local Government na wala pa silang naitatalang namamatay at sugatan dahil sa naturang bagyo.,Una nang sinabi ng Department of Health at Department of the Interior and Local Government na wala pa silang naitatalang namamatay at sugatan dahil sa naturang bagyo.,Una nang sinabi ng Department of Health at Department of the Interior and Local Government na wala pa silang naitatalang namamatay at sugatan dahil sa naturang bagyo.,[],{}
Maraming gumising nang maaga kahapon para manood ng coronation night na habang tinatawag ang Top 16 ay marami ang nati-tense.,Maraming gumising nang maaga kahapon para manood ng coronation night na habang tinatawag ang Top 16 ay marami ang nati-tense.,Maraming gumising nang maaga kahapon para manood ng coronation night na habang tinatawag ang Top ag ay marami ang nati-bente.,"['16', 'tense']","{'16': ['ab', 'ad', 'ag', 'ah', 'ak'], 'tense': ['sense', 'tens', 'bente', 'cease', 'dens']}"
Maging ang daily average ng mga naitatalang bagong kaso ng sakit sa Metro Manila ay tumaas din aniya ng mula 102 ay naging 170.,Maging ang daily average ng mga naitatalang bagong kaso ng sakit sa Metro Manila ay tumaas din aniya ng mula 102 ay naging 170.,Maging ang daily average ng mga naitatalang bagong kaso ng sakit sa Metro Manila ay tumaas din aniya ng mula aam ay naging aal.,"['102', '170']","{'102': ['aag', 'aal', 'aam', 'aat', 'aaw'], '170': ['p75', 'aag', 'aal', 'aam', 'aat']}"
"Kasabay ng paggunita sa Araw ng Paggawa kahapon, Mayo 1, sinaluduhan ni Deputy Speaker Loren Legarda ang mga manggagawang Pinoy sa loob at labas ng bansa.","Kasabay ng paggunita sa Araw ng Paggawa kahapon, Mayo 1, sinaluduhan ni Deputy Speaker Loren Legarda ang mga manggagawang Pinoy sa loob at labas ng bansa.","Kasabay ng paggunita sa Araw ng Paggawa kahapon, Mayo d, sinaluduhan ni Deputy Speaker corn plegarya ang mga manggagawang Pinoy sa loob at labas ng bansa.","['1', 'Loren', 'Legarda']","{'1': ['b', 'c', 'd', 'e', 'f'], 'Loren': ['born', 'core', 'corn', 'forex', 'holen'], 'Legarda': ['legasya', 'lepard', 'plegarya', 'regard', 'alegoria']}"
Hindi na rin naipatutupad ang physical distancing kaya nagdadagsaan na ang tao kung saan-saan at hindi na sang-ayon sa anumang paghihigpit na nais ipatupad ng kani-kanilang gobyerno.,Hindi na rin naipatutupad ang physical distancing kaya nagdadagsaan na ang tao kung saan-saan at hindi na sang-ayon sa anumang paghihigpit na nais ipatupad ng kani-kanilang gobyerno.,Hindi na rin naipatutupad ang physical distancing kaya nagdadagsaan na ang tao kung saan-saan at hindi na sang-ayon sa anumang paghihigpit na nais ipatupad ng kani-kanilang gobyerno.,[],{}
"Kung binibigyan man ng pagkakataon ng Diyos ang mga masasamang tao na makapagbagong buhay at umaasenso, wala tayong karapatang kuwestiyonin ito katulad ng ipinakita ng mga manggagawa sa kuwento.","Kung binibigyan man ng pagkakataon ng Diyos ang mga masasamang tao na makapagbagong buhay at umaasenso, wala tayong karapatang kuwestiyonin ito katulad ng ipinakita ng mga manggagawa sa kuwento.","Kung binibigyan man ng pagkakataon ng diyosa ang mga masasamang tao na makapagbagong buhay at asenso, wala tayong karapatang kuwestiyong ito katulad ng ipinakita ng mga manggagawa sa kuwento.","['Diyos', 'umaasenso', 'kuwestiyonin']","{'Diyos': ['diyas', 'diyes', 'diyosa', 'diyus', 'aayos'], 'umaasenso': ['umasenso', 'aasenso', 'asenso', 'maaretso', 'madesenso'], 'kuwestiyonin': ['kuwestiyunin', 'kuwestiyon', 'kuwestiyong', 'kuwestyunin', 'kwestiyunin']}"
Mas importante naman para kay Dennis na nagkakasundo dapat ang mag-partner.,Mas importante naman para kay Dennis na nagkakasundo dapat ang mag-partner.,Mas importante naman para kay debris na nagkakasundo dapat ang mag-partner.,['Dennis'],"{'Dennis': ['tennis', 'deans', 'debris', 'dens', 'dentist']}"
"Sa ilalim ng RTL, ilalaan dapat ng Kongreso sa mga mga magsasaka ang taripang kinokolekta sa imported rice na lalampas sa P10 bilyon.","Sa ilalim ng RTL, ilalaan dapat ng Kongreso sa mga mga magsasaka ang taripang kinokolekta sa imported rice na lalampas sa P10 bilyon.","Sa ilalim ng all, ilalaan dapat ng Kongreso sa mga mga magsasaka ang taripang kinokolekta sa imported rice na lalampas sa p3 bilyon.","['RTL', 'P10']","{'RTL': ['aal', 'al', 'all', 'aral', 'art'], 'P10': ['p', 'p25', 'p3', 'p57', 'p75']}"
"Habang tinatanggap ang mga pag-unlad na ito, nagbabala ang senador na ang tuluy-tuloy na pagkalat ng COVID-19 at ang mga variant nito ay maaaring makagambala sa mga aktibidad sa ekonomiya sa hinaharap.","Habang tinatanggap ang mga pag-unlad na ito, nagbabala ang senador na ang tuluy-tuloy na pagkalat ng COVID-19 at ang mga variant nito ay maaaring makagambala sa mga aktibidad sa ekonomiya sa hinaharap.","Habang tinatanggap ang mga pag-unlad na ito, nagbabala ang senador na ang tuluy-tuloy na pagkalat ng COVID-ag at ang mga variant nito ay maaaring makagambala sa mga aktibidad sa ekonomiya sa hinaharap.",['19'],"{'19': ['ab', 'ad', 'ag', 'ah', 'ak']}"
"Nalagpasan naman nila ito na may ilang tanong na nakuryente si Boyet, pero sinasabi nga nilang laruan lang naman daw iyon.","Nalagpasan naman nila ito na may ilang tanong na nakuryente si Boyet, pero sinasabi nga nilang laruan lang naman daw iyon.","Nalagpasan naman nila ito na may ilang tanong na nakuryente si badyet, pero sinasabi nga nilang laruan lang naman daw iyon.",['Boyet'],"{'Boyet': ['bonet', 'boyek', 'badyet', 'bet', 'boat']}"
"Gaya ni Haring David, kapag tayo ay nahaharap sa mga problema, kadalasan ay halos mawalan na rin tayo ng pag-asa sapagkat ang pakiramdam natin ay nag-iisa lamang tayong bumabalikat sa mga suliraning kinakaharap natin.","Gaya ni Haring David, kapag tayo ay nahaharap sa mga problema, kadalasan ay halos mawalan na rin tayo ng pag-asa sapagkat ang pakiramdam natin ay nag-iisa lamang tayong bumabalikat sa mga suliraning kinakaharap natin.","Gaya ni Haring aid, kapag tayo ay nahaharap sa mga problema, karahasan ay halos mawalan na rin tayo ng pag-asa sapagkat ang pakiramdam natin ay nag-iisa lamang tayong bumabalikat sa mga suliraning kinakaharap natin.","['David', 'karalasan']","{'David': ['avid', 'acid', 'aid', 'amid', 'apid'], 'karalasan': ['kadalasan', 'kamalasan', 'karahasan', 'karanasan', 'katalasan']}"
"Hindi mo maiiwasan 'yun kasi tao tayo eh, ayon kay Kelvin, na ayaw magkaroon ng lamat ang kanilang pagkakaibigan.","Hindi mo maiiwasan 'yun kasi tao tayo eh, ayon kay Kelvin, na ayaw magkaroon ng lamat ang kanilang pagkakaibigan.","Hindi mo maiiwasan 'yun kasi tao tayo eh, ayon kay delpin, na ayaw magkaroon ng lamat ang kanilang pagkakaibigan.",['Kelvin'],"{'Kelvin': ['melvin', 'delfin', 'delpin', 'kalmin', 'kelan']}"
Galing sila sa Iloilo City at patungo sa Capiz nang maganap ang pananambang nitong Sabado ng hapon sa Barangay Aglalana sa Passi.,Galing sila sa Iloilo City at patungo sa Capiz nang maganap ang pananambang nitong Sabado ng hapon sa Barangay Aglalana sa Passi.,Galing sila sa Iloilo City at patungo sa apid nang maganap ang pananambang nitong Sabado ng hapon sa Barangay alalawa sa asi.,"['Capiz', 'Aglalana', 'Passi']","{'Capiz': ['aapi', 'api', 'apid', 'cabin', 'cami'], 'Aglalana': ['aalalang', 'alalang', 'alalawa', 'anlalawa', 'maglalaba'], 'Passi': ['pagsi', 'pass', 'asi', 'ass', 'asst']}"
"Sa report, ayon na rin sa isang saksi at naitala sa Facebook Live Video ang resulta ng insidente, lumalabas na naglalaro ang mga bata nang masapol ang puno malapit sa kanilang puwesto kaya nadamay ang mga ito nang mahati ang puno sa tama ng kidlat kung saan ilan sa biktima ay tumilapon.","Sa report, ayon na rin sa isang saksi at naitala sa Facebook Live Video ang resulta ng insidente, lumalabas na naglalaro ang mga bata nang masapol ang puno malapit sa kanilang puwesto kaya nadamay ang mga ito nang mahati ang puno sa tama ng kidlat kung saan ilan sa biktima ay tumilapon.","Sa report, ayon na rin sa isang saksi at naitala sa Facebook Live Video ang resulta ng insidente, lumalabas na naglalaro ang mga bata nang masapol ang puno malapit sa kanilang puwesto kaya naramay ang mga ito nang mahati ang puno sa tama ng kidlat kung saan ilan sa biktima ay tumilapon.",[],{}
"Masarap talaga kahit paminsan-minsan binabalikan mo kung saan ka nanggaling,? nakangiting paliwanag ni Coco.","Masarap talaga kahit paminsan-minsan binabalikan mo kung saan ka nanggaling,? nakangiting paliwanag ni Coco.","Masarap talaga kahit paminsan-minsan binabalikan mo kung saan ka nanggaling,? nakangiting paliwanag ni Coco.",[],{}
"Lalo ngayong gamay na namin ??yung isa??t isa, nagja-jive na lahat but ayaw naming ipilit.","Lalo ngayong gamay na namin ??yung isa??t isa, nagja-jive na lahat but ayaw naming ipilit.","Lalo ngayong gamay na namin ??yung isa??t isa, nagda-give na lahat but ayaw naming ipilit.","['nagja', 'jive']","{'nagja': ['naga', 'nagba', 'nagda', 'nagfa', 'nagjo'], 'jive': ['dive', 'five', 'give', 'ive', 'live']}"
"Lately naman napapansin ko, siguro napapansin ng ibang mga katrabaho ko I always suggest, and most of the time ??pag wala akong ginagawa sa bahay nagsusulat lang din ako ng mga concept.","Lately naman napapansin ko, siguro napapansin ng ibang mga katrabaho ko I always suggest, and most of the time ??pag wala akong ginagawa sa bahay nagsusulat lang din ako ng mga concept.","label naman napapansin ko, siguro napapansin ng ibang mga katrabaho ko I always suggest, and most of the time ??pag wala akong ginagawa sa bahay nagsusulat lang din ako ng mga concept.",['Lately'],"{'Lately': ['batel', 'eatery', 'label', 'labels', 'latay']}"
"Hes name is Charlie Poop, sabi ni Ashley habang hawak ang kaniyang aso na isang toy poodle na siyang nagpapasaya raw sa kaniya.","Hes name is Charlie Poop, sabi ni Ashley habang hawak ang kaniyang aso na isang toy poodle na siyang nagpapasaya raw sa kaniya.","he lame is arvie pook, sabi ni able habang hawak ang kaniyang aso na isang toy boddle na siyang nagpapasaya raw sa kaniya.","['Hes', 'name', 'Charlie', 'Poop', 'Ashley', 'poodle']","{'Hes': ['ces', 'has', 'he', 'hep', 'her'], 'name': ['came', 'game', 'lame', 'nabe', 'nade'], 'Charlie': ['charade', 'charge', 'arvie', 'barbie', 'barli'], 'Poop': ['coop', 'loop', 'pook', 'pool', 'poon'], 'Ashley': ['aalay', 'aaplay', 'able', 'abuloy', 'ache'], 'poodle': ['boodle', 'noodle', 'boddle', 'foodie', 'google']}"
Lumaban ka lang!,Lumaban ka lang!,Lumaban ka lang!,[],{}
"Bibigyan ko ng access yung mga tao kasi dapat yan, without sacrificing the security of the NBP camp, yung mga tao nakakagalaw rin.","Bibigyan ko ng access yung mga tao kasi dapat yan, without sacrificing the security of the NBP camp, yung mga tao nakakagalaw rin.","Bibigyan ko ng access yung mga tao kasi dapat yan, without sarilining the security of the aba camp, yung mga tao nakakagalaw rin.","['sacrificing', 'NBP']","{'sacrificing': ['sacrifice', 'sarilihing', 'sarilining', 'mariiing', 'naririning'], 'NBP': ['nbg', 'ab', 'aba', 'abf', 'abo']}"
"Batay sa inisyal na ulat ng Criminal Investigation and Detection Unit ng Quezon City Police District (CIDU-QCPD), dakong alas-8:30 ng umaga ng Sabado, nang madiskubre ang mga labi ng sanggol sa Tullahan River malapit sa 95 California Riverside, California Dream Homes, Brgy.","Batay sa inisyal na ulat ng Criminal Investigation and Detection Unit ng Quezon City Police District (CIDU-QCPD), dakong alas-8:30 ng umaga ng Sabado, nang madiskubre ang mga labi ng sanggol sa Tullahan River malapit sa 95 California Riverside, California Dream Homes, Brgy.","Batay sa inisyal na ulat ng Criminal Investigation and Detection Unit ng Quezon City Police District (aid-scad), dakong alas-d:ag ng umaga ng Sabado, nang madiskibre ang mga labi ng sanggol sa kulahan River malapit sa ag coliform diverse, coliform Dream Homes, Brgy.","['CIDU', 'QCPD', '8', '30', 'mariskubre', 'Tullahan', '95', 'California', 'Riverside', 'California']","{'CIDU': ['acid', 'acids', 'aid', 'aide', 'aids'], 'QCPD': ['acid', 'iced', 'scad', 'aapa', 'aapi'], '8': ['b', 'c', 'd', 'e', 'f'], '30': ['ab', 'ad', 'ag', 'ah', 'ak'], 'mariskubre': ['madiskubre', 'madeskubre', 'madiskibre', 'madiskubri', 'nadiskubre'], 'Tullahan': ['bulsahan', 'hulmahan', 'kulahan', 'multahan', 'pulahan'], '95': ['ab', 'ad', 'ag', 'ah', 'ak'], 'California': ['alegoria', 'calorie', 'coliform', 'kaloria', 'aalimura'], 'Riverside': ['airside', 'dineside', 'diverse', 'diversion', 'diversity']}"
Marami sa TV viewers ang talagang magugustuhan ang kumbinasyon nila.,Marami sa TV viewers ang talagang magugustuhan ang kumbinasyon nila.,Marami sa TV viewers ang talagang magugustuhan ang kumbinasyon nila.,[],{}
Inaalam na ng mga awtoridad ang tunay na motibo sa krimen at pagkakakilanlan sa mga salarin.,Inaalam na ng mga awtoridad ang tunay na motibo sa krimen at pagkakakilanlan sa mga salarin.,Inaalam na ng mga awtoridad ang tunay na motibo sa krimen at pagkakakilanlan sa mga salarin.,[],{}
Castela kung saan makikita si Andrea del Rosario na tila hinila ng aninong kinatatakutan niya.,Castela kung saan makikita si Andrea del Rosario na tila hinila ng aninong kinatatakutan niya.,cartels kung saan makikita si andana del Rosario na tila hinila ng aninong kinatatakutan niya.,"['Castela', 'Andrea']","{'Castela': ['aswela', 'cartel', 'cartels', 'cautelam', 'estela'], 'Andrea': ['andres', 'adres', 'andana', 'anden', 'anduka']}"
"Sa ulat ni Claire Lacanilao sa GMA Regional TV ""Balitang Amianan"" nitong Huwebes, sinabing dadalhin sana sa ospital ang ginang na si Catherine Calayo pero lumabas na ang ulo ng sanggol habang nasa tricycle siya.","Sa ulat ni Claire Lacanilao sa GMA Regional TV ""Balitang Amianan"" nitong Huwebes, sinabing dadalhin sana sa ospital ang ginang na si Catherine Calayo pero lumabas na ang ulo ng sanggol habang nasa tricycle siya.","Sa ulat ni chaired aalila sa gia Regional TV ""Balitang ambaan"" nitong Huwebes, sinabing dadalhin sana sa ospital ang ginang na si Catherine malayo pero lumabas na ang ulo ng sanggol habang nasa tricycle siya.","['Claire', 'Lacanilao', 'GMA', 'Amianan', 'Calayo']","{'Claire': ['care', 'chair', 'chaired', 'chairs', 'clade'], 'Lacanilao': ['sakanila', 'aabaniko', 'aalila', 'aangilan', 'aanglaw'], 'GMA': ['ama', 'ga', 'gia', 'goma', 'gra'], 'Amianan': ['alwanan', 'amahan', 'ambaan', 'ambagan', 'amihan'], 'Calayo': ['kalayo', 'lalayo', 'malayo', 'palayo', 'aalay']}"
"Dagdag pa niya, tanggap niyang mali siya sa kanyang mga sinabi.","Dagdag pa niya, tanggap niyang mali siya sa kanyang mga sinabi.","Dagdag pa niya, tanggap niyang mali siya sa kanyang mga sinabi.",[],{}
"Sa isinagawang maritime patrol noong Mayo 9,nakita ang mga CMM vessels sa mga artificial island na itinayo ng China at ang ilan ay sa mga isla na sakop ng Pilipinas.","Sa isinagawang maritime patrol noong Mayo 9,nakita ang mga CMM vessels sa mga artificial island na itinayo ng China at ang ilan ay sa mga isla na sakop ng Pilipinas.","Sa isinagawang maritime patrol noong Mayo d,nakita ang mga com vessels sa mga artificial island na itinayo ng China at ang ilan ay sa mga isla na sakop ng Pilipinas.","['9', 'CMM']","{'9': ['b', 'c', 'd', 'e', 'f'], 'CMM': ['cam', 'cms', 'com', 'cum', 'mm']}"
"Tinatayang nasa 128,000 katao ang naapektuhan.","Tinatayang nasa 128,000 katao ang naapektuhan.","Tinatayang nasa aal,aam katao ang naapektuhan.","['128', '000']","{'128': ['p25', 'aag', 'aal', 'aam', 'aat'], '000': ['aag', 'aal', 'aam', 'aat', 'aaw']}"
Kung kailan naman may revenge travel saka naman nagkaroon ng technical glitches ang Ninoy Aquino International Airport (NAIA) na naging dahilan ng massive delay sa mga aalis at darating noong January 1.,Kung kailan naman may revenge travel saka naman nagkaroon ng technical glitches ang Ninoy Aquino International Airport (NAIA) na naging dahilan ng massive delay sa mga aalis at darating noong January 1.,Kung kailan naman may revenge travel saka naman nagkaroon ng technical glitches ang pinoy aluin International Airport (NAIA) na naging dahilan ng massive delay sa mga aalis at darating noong anay d.,"['Ninoy', 'Aquino', 'January', '1']","{'Ninoy': ['nino', 'nitoy', 'pinoy', 'animoy', 'anino'], 'Aquino': ['akuin', 'akuing', 'aluin', 'aluing', 'alumno'], 'January': ['aandar', 'aantay', 'anay', 'andar', 'antay'], '1': ['b', 'c', 'd', 'e', 'f']}"
"Mayroon sila ng kaniyang asawang si Carmelita na rice mill, gas station, mga sasakyan at magandang bahay.","Mayroon sila ng kaniyang asawang si Carmelita na rice mill, gas station, mga sasakyan at magandang bahay.","Mayroon sila ng kaniyang asawang si kardelina na rice mill, gas station, mga sasakyan at magandang bahay.",['Carmelita'],"{'Carmelita': ['armalite', 'carpeta', 'kardelina', 'mamalita', 'maralita']}"
"Ang laki nang nagawa ng mga TikTok posts niya na kinakagat ng netizens, kahit asiwang-asiwa raw minsan ang asawa niya sa mga pinaggagagawa niya.","Ang laki nang nagawa ng mga TikTok posts niya na kinakagat ng netizens, kahit asiwang-asiwa raw minsan ang asawa niya sa mga pinaggagagawa niya.","Ang laki nang nagawa ng mga TikTok posts niya na kinakagat ng netizens, kahit asiwang-asiwa raw minsan ang asawa niya sa mga pinaggagagawa niya.",[],{}
Dinala raw si Panda sa clinic noong gabi ng October 3.,Dinala raw si Panda sa clinic noong gabi ng October 3.,Dinala raw si handa sa clinic noong gabi ng cooker d.,"['Panda', 'October', '3']","{'Panda': ['banda', 'ganda', 'handa', 'pagda', 'palda'], 'October': ['actor', 'closer', 'cooker', 'cooler', 'cover'], '3': ['b', 'c', 'd', 'e', 'f']}"
Sinabi ni Madam Liza na may ibang priorities daw nung nakaraang taon ang theater owners lalo nat kabubukas pa ang noon ng mga sinehan.,Sinabi ni Madam Liza na may ibang priorities daw nung nakaraang taon ang theater owners lalo nat kabubukas pa ang noon ng mga sinehan.,Sinabi ni mamam liga na may ibang priorities daw nung nakaraang taon ang theater owners lalo nat kabubukas pa ang noon ng mga sinehan.,"['Maram', 'Liza']","{'Maram': ['maam', 'madam', 'mamam', 'mara', 'marami'], 'Liza': ['lia', 'lida', 'liga', 'liha', 'lila']}"
"Sa panayam ng GMA News, inihayag ni Robin na hindi lang ang pagiging sikat niya ang pangunahing dahilan kaya mataas ang lumalabas na botong nakukuha niya sa partial at unofficial count sa bilangan ng boto sa pagka-senador.","Sa panayam ng GMA News, inihayag ni Robin na hindi lang ang pagiging sikat niya ang pangunahing dahilan kaya mataas ang lumalabas na botong nakukuha niya sa partial at unofficial count sa bilangan ng boto sa pagka-senador.","Sa panayam ng gia News, inihayag ni bobina na hindi lang ang pagiging sikat niya ang pangunahing dahilan kaya mataas ang lumalabas na botong nakukuha niya sa partial at unofficial count sa bilangan ng boto sa pagka-senador.","['GMA', 'Robin']","{'GMA': ['ama', 'ga', 'gia', 'goma', 'gra'], 'Robin': ['babin', 'bin', 'bobina', 'cabin', 'coin']}"
Ang mga pamama-raan sa pangongolekta ng buwis ay gagawin na ring mas simple upang mas maging madali ang pagbabayad.,Ang mga pamama-raan sa pangongolekta ng buwis ay gagawin na ring mas simple upang mas maging madali ang pagbabayad.,Ang mga pamama-raan sa pangongolekta ng buwis ay gagawin na ring mas simple upang mas maging marali ang pagbabayad.,[],{}
"Ayon pa sa source, matagal nang chismis ang sinasabing pagbebenta ng nasabing mansion.","Ayon pa sa source, matagal nang chismis ang sinasabing pagbebenta ng nasabing mansion.","Ayon pa sa source, matagal nang dismis ang sinasabing pagbebenta ng nasabing mansion.",['chismis'],"{'chismis': ['chassis', 'crisis', 'dismis', 'idismis', 'mismis']}"
"Umaasa ang Pangulo na kapag pumasok na ang mga dayuhang negosyante, magdadala ito ng mga turista at magbibigay naman ng trabaho sa mga ordinaryong Filipino.","Umaasa ang Pangulo na kapag pumasok na ang mga dayuhang negosyante, magdadala ito ng mga turista at magbibigay naman ng trabaho sa mga ordinaryong Filipino.","Umaasa ang Pangulo na kapag pumasok na ang mga dayuhang negosyante, magdadala ito ng mga turista at magbibigay naman ng trabaho sa mga ordinaryong Filipino.",[],{}
"Kung ika'y abogado, natutulungan mo ba ang mga inaapi at naghahanap ng hustisya?","Kung ika'y abogado, natutulungan mo ba ang mga inaapi at naghahanap ng hustisya?","Kung ika'y abogado, natutulungan mo ba ang mga inaapi at naghahanap ng hustisya?",[],{}
Sinabi naman ni San Jose del Monte Police chief Police Major Julius Alvaro na mayroong sakit sa puso ang driver.,Sinabi naman ni San Jose del Monte Police chief Police Major Julius Alvaro na mayroong sakit sa puso ang driver.,Sinabi naman ni San joke del Monte Police chief Police Major pulis alegro na mayroong sakit sa puso ang driver.,"['Jose', 'Julius', 'Alvaro']","{'Jose': ['dose', 'hose', 'joke', 'lose', 'nose'], 'Julius': ['dulis', 'gulis', 'pulis', 'tulis', 'aalis'], 'Alvaro': ['aararo', 'alarm', 'alegro', 'alero', 'aliparo']}"
"Pag-alala ng aming source, Dati kasi, e, palagi siyang bumibida sa mga blind items dahil sa kapabayaan niya sa katawan.","Pag-alala ng aming source, Dati kasi, e, palagi siyang bumibida sa mga blind items dahil sa kapabayaan niya sa katawan.","Pag-alala ng aming source, Dati kasi, e, palagi siyang bumibigaw sa mga blind items dahil sa kapabayaan niya sa katawan.",['bumibida'],"{'bumibida': ['bumibira', 'bumibigat', 'bumibigaw', 'bumibigay', 'bumibigla']}"
"Iyong mga sinehan, nakakakita ng pag-asa na kumita naman sila sa pagpasok ng Enero dahil ipapalabas na nga ang Spider-Man, at kasabay niyan ay sinasabi ngang bubuksan na nila ang ma newly renovated at mas pinagandang mga sinehan.","Iyong mga sinehan, nakakakita ng pag-asa na kumita naman sila sa pagpasok ng Enero dahil ipapalabas na nga ang Spider-Man, at kasabay niyan ay sinasabi ngang bubuksan na nila ang ma newly renovated at mas pinagandang mga sinehan.","Iyong mga sinehan, nakakakita ng pag-asa na kumita naman sila sa pagpasok ng Enero dahil ipapalabas na nga ang opiser-Man, at kasabay niyan ay sinasabi ngang bubuksan na nila ang ma newly elevated at mas pinagandang mga sinehan.","['Spider', 'renovated']","{'Spider': ['ispiker', 'lider', 'opiser', 'pader', 'pier'], 'renovated': ['renovate', 'detonated', 'elevated', 'generated', 'innovate']}"
Pinaniniwalaang kapwa nalunod ang natagpuang dalawang bangkay ng lalaki sa magkahiwalay na lugar sa Malabon City.,Pinaniniwalaang kapwa nalunod ang natagpuang dalawang bangkay ng lalaki sa magkahiwalay na lugar sa Malabon City.,Pinaniniwalaang kapwa nalunod ang natagpuang dalawang bangkay ng lalaki sa magkahiwalay na lugar sa Malabon City.,[],{}
"Sa tingin namin, yan ang nagdala ng surge recently at ngayon pababa na, dagdag niya.","Sa tingin namin, yan ang nagdala ng surge recently at ngayon pababa na, dagdag niya.","Sa tingin namin, yan ang nagdala ng surge decency at ngayon pababa na, dagdag niya.",['recently'],"{'recently': ['recent', 'reentry', 'decency', 'evenly', 'keenly']}"
Kaagad umanong kumilos ang mga opisyal ng Philippine Embassy office sa Al Khobar nang malaman ang sitwasyon ng OFW na nagtrabahong kasambahay.,Kaagad umanong kumilos ang mga opisyal ng Philippine Embassy office sa Al Khobar nang malaman ang sitwasyon ng OFW na nagtrabahong kasambahay.,Kaagad umanong kumilos ang mga opisyal ng Philippine Embassy office sa Al akrobat nang malaman ang sitwasyon ng aaw na nagtrabahong kasambahay.,"['Khobar', 'OFW']","{'Khobar': ['kaoba', 'kober', 'akrobat', 'bar', 'boba'], 'OFW': ['of', 'off', 'aaw', 'arw', 'aw']}"
Naku Salve tandaan mo na dapat wag mag-look back para tuluy-tuloy ang journey mo sa future.,Naku Salve tandaan mo na dapat wag mag-look back para tuluy-tuloy ang journey mo sa future.,Naku salvo tandaan mo na dapat wag mag-look back para tuluy-tuloy ang journey mo sa future.,['Salve'],"{'Salve': ['sale', 'salfe', 'salvo', 'solve', 'valve']}"
Sa ngayon ay ipinatutupad ang wala nang mandatory facility-based quarantine para sa mga darating sa bansa na kumpleto sa bakuna ngunit kailangan nilang magpakita ng negative-result ng RT-PCR test na isinagawa sa nakalipas na 48-oras.,Sa ngayon ay ipinatutupad ang wala nang mandatory facility-based quarantine para sa mga darating sa bansa na kumpleto sa bakuna ngunit kailangan nilang magpakita ng negative-result ng RT-PCR test na isinagawa sa nakalipas na 48-oras.,Sa ngayon ay ipinatutupad ang wala nang mandatory facility-based quarantine para sa mga darating sa bansa na kumpleto sa bakuna ngunit kailangan nilang magpakita ng negative-result ng et-pcs test na isinagawa sa nakalipas na ag-oras.,"['RT', 'PCR', '48']","{'RT': ['art', 'at', 'et', 'ft', 'it'], 'PCR': ['ncr', 'par', 'pcs', 'per', 'por'], '48': ['ab', 'ad', 'ag', 'ah', 'ak']}"
"Koring sa pag-akyat sa mountain, go pa rin ito para sa kaligayahan ng kanyang mister na dating pulitiko.","Koring sa pag-akyat sa mountain, go pa rin ito para sa kaligayahan ng kanyang mister na dating pulitiko.","karing sa pag-akyat sa mountain, go pa rin ito para sa kaligayahan ng kanyang mister na dating pulitiko.",['Koring'],"{'Koring': ['boring', 'goring', 'karing', 'kiring', 'korong']}"
"Sa naging panayam sa kanya ni Presidential Communications Operations Office (PCOO) Secretary Martin Andanar, sinabi ng Pangulo na sisikapin niyang magiging magaan ang pagpasok ng susunod na administrasyon sa harap ng patuloy na hamon sa COVID pandemic at sa epekto nito sa ekonomiya.","Sa naging panayam sa kanya ni Presidential Communications Operations Office (PCOO) Secretary Martin Andanar, sinabi ng Pangulo na sisikapin niyang magiging magaan ang pagpasok ng susunod na administrasyon sa harap ng patuloy na hamon sa COVID pandemic at sa epekto nito sa ekonomiya.","Sa naging panayam sa kanya ni Presidential Communications Operations Office (co) Secretary mariin andanang, sinabi ng Pangulo na sisikapin niyang magiging magaan ang pagpasok ng susunod na administrasyon sa harap ng patuloy na hamon sa COVID pandemic at sa epekto nito sa ekonomiya.","['PCOO', 'Martin', 'Andanar']","{'PCOO': ['cao', 'cio', 'co', 'coco', 'col'], 'Martin': ['margin', 'marhin', 'mariin', 'martir', 'matin'], 'Andanar': ['andana', 'andador', 'andanang', 'andante', 'andar']}"
"So ito na po yun, dagdag pa nito.","So ito na po yun, dagdag pa nito.","So ito na po yun, dagdag pa nito.",[],{}
"Samantala, ipinakita rin ni Allan sa ""Tunay na Buhay"" ang husay niya sa pag-drawing nang gawan niya ng sketch ang host ng programa na si Pia Arcangel.","Samantala, ipinakita rin ni Allan sa ""Tunay na Buhay"" ang husay niya sa pag-drawing nang gawan niya ng sketch ang host ng programa na si Pia Arcangel.","Samantala, ipinakita rin ni alwan sa ""Tunay na Buhay"" ang husay niya sa pag-drawing nang gawan niya ng sketch ang host ng programa na si Pia arkanghel.","['Allan', 'Arcangel']","{'Allan': ['alan', 'aluan', 'alwan', 'illan', 'aala'], 'Arcangel': ['arancel', 'aransel', 'arkanghel', 'arrange', 'arranged']}"
"Sana po wag na nilang gawin ang mali kasi po ganito po yung mangyayari sa kanila, giit niya.","Sana po wag na nilang gawin ang mali kasi po ganito po yung mangyayari sa kanila, giit niya.","Sana po wag na nilang gawin ang mali kasi po ganito po yung mangyayari sa kanila, giit niya.",[],{}
Kaya imposible mo ibintang kay Alden ang hindi paglingon sa mga taong nagmahal sa kanya.,Kaya imposible mo ibintang kay Alden ang hindi paglingon sa mga taong nagmahal sa kanya.,Kaya imposible mo ibintang kay anden ang hindi paglingon sa mga taong nagmahal sa kanya.,['Alden'],"{'Alden': ['alien', 'alyen', 'anden', 'aamen', 'absen']}"
"Pero payo niya, mas mabuting hindi na lang hulihin ang mga dambuhalang isda kung hindi naman kakainin dahil makatutulong sila para magparami pa ng isda.","Pero payo niya, mas mabuting hindi na lang hulihin ang mga dambuhalang isda kung hindi naman kakainin dahil makatutulong sila para magparami pa ng isda.","Pero payo niya, mas mabuting hindi na lang hulihin ang mga dambuhalang isda kung hindi naman kakainin dahil makatutulong sila para magparami pa ng isda.",[],{}
"At bago pala siya nagkasakit, nagho-host siya ng Sunday show sa Net25.","At bago pala siya nagkasakit, nagho-host siya ng Sunday show sa Net25.","At bago pala siya nagkasakit, nagho-host siya ng sunda show sa nets.","['Sunday', 'Net25']","{'Sunday': ['kunday', 'lunday', 'sunda', 'sundan', 'sungay'], 'Net25': ['net', 'neto', 'nets', 'bet', 'beta']}"
Ginagawa po natin ang kaukulang pag-iingat para po sa atin at para sa ating pamilya.,Ginagawa po natin ang kaukulang pag-iingat para po sa atin at para sa ating pamilya.,Ginagawa po natin ang kaukulang pag-iingat para po sa atin at para sa ating pamilya.,[],{}
Makakapiling ng mga balikbayang Pilipino ang kanilang pamilya nang mas maraming araw kung di na sila mandatong sasailalim sa 5 araw na quarantine kung sila ay kumpletong bakunado at negatibo sa Covid swab test sa loob ng tatlong araw ng pagdating sa Pilipinas.,Makakapiling ng mga balikbayang Pilipino ang kanilang pamilya nang mas maraming araw kung di na sila mandatong sasailalim sa 5 araw na quarantine kung sila ay kumpletong bakunado at negatibo sa Covid swab test sa loob ng tatlong araw ng pagdating sa Pilipinas.,Makakapiling ng mga balikbayang Pilipino ang kanilang pamilya nang mas maraming araw kung di na sila mandatong sasailalim sa d araw na quarantine kung sila ay kumpletong bakunado at negatibo sa Covid swab test sa loob ng tatlong araw ng pagdating sa Pilipinas.,['5'],"{'5': ['b', 'c', 'd', 'e', 'f']}"
"Milyong Pilipino noong Setyembre 2021, na siyang pinakamataas mula noong Enero 2021.","Milyong Pilipino noong Setyembre 2021, na siyang pinakamataas mula noong Enero 2021.","Milyong Pilipino noong Setyembre aag, na siyang pinakamataas mula noong Enero aag.","['2021', '2021']","{'2021': ['p25', 'aaba', 'aag', 'aako', 'aal']}"
"Saan ang tulong na sinasabi mo di ka na naawa matanda na ako niloko mo pa ako, wika ng OPM legend sa kanyang FB page.","Saan ang tulong na sinasabi mo di ka na naawa matanda na ako niloko mo pa ako, wika ng OPM legend sa kanyang FB page.","Saan ang tulong na sinasabi mo di ka na naawa matanda na ako niloko mo pa ako, wika ng ope legend sa kanyang FB page.",['OPM'],"{'OPM': ['ohm', 'op', 'ope', 'ops', 'pm']}"
"Sa ulat ni James Agustin sa Unang Balita nitong Miyerkules, isang bata raw ang nakakita sa ginagawa ng lalaki at nagsumbong sa tindera.","Sa ulat ni James Agustin sa Unang Balita nitong Miyerkules, isang bata raw ang nakakita sa ginagawa ng lalaki at nagsumbong sa tindera.","Sa ulat ni James amusin sa Unang Balita nitong Miyerkules, isang bata raw ang nakakita sa ginagawa ng lalaki at nagsumbong sa tindera.",['Agustin'],"{'Agustin': ['abutin', 'agusan', 'amusin', 'amutin', 'anutin']}"
May commitment pa si Melissa sa kanyang team na kung saan meron pa pala siyang tournament na sasalihan kaya ang napagkasunduan daw nilang mag-asawa ay bibigyan pa siya ng isa o hanggang dalawang taon.,May commitment pa si Melissa sa kanyang team na kung saan meron pa pala siyang tournament na sasalihan kaya ang napagkasunduan daw nilang mag-asawa ay bibigyan pa siya ng isa o hanggang dalawang taon.,May commitment pa si milisya sa kanyang team na kung saan meron pa pala siyang tournament na sasalahan kaya ang napagkasunduan daw nilang mag-asawa ay bibigyan pa siya ng isa o hanggang dalawang taon.,"['Melissa', 'sasalihan']","{'Melissa': ['malisa', 'malisya', 'milisya', 'balisa', 'bolista'], 'sasalihan': ['pasalihan', 'sasabihan', 'sasalahan', 'sasaligan', 'sasalihang']}"
Sinabi ni Pelare na naaresto ang tatlong suspek limang oras matapos ang insidente noong Sabado ng umaga.,Sinabi ni Pelare na naaresto ang tatlong suspek limang oras matapos ang insidente noong Sabado ng umaga.,Sinabi ni pagare na naaresto ang tatlong suspek limang oras matapos ang insidente noong Sabado ng umaga.,['Pelare'],"{'Pelare': ['declare', 'flare', 'pagare', 'palace', 'palara']}"
"Kahit na ang mga nanalo sa nakaraang halalan, maaari nilang ipatanggal kung hindi nagsumite ng SOCE sa ikalawang pagkakataon, ani Garcia.","Kahit na ang mga nanalo sa nakaraang halalan, maaari nilang ipatanggal kung hindi nagsumite ng SOCE sa ikalawang pagkakataon, ani Garcia.","Kahit na ang mga nanalo sa nakaraang halalan, maaari nilang ipatanggal kung hindi nagsumite ng sore sa ikalawang pagkakataon, ani garapa.","['SOCE', 'Garcia']","{'SOCE': ['sole', 'some', 'sore', 'voce', 'ace'], 'Garcia': ['aria', 'gara', 'garapa', 'garil', 'garsa']}"
"Ayon kay Dante, noon pa man ay iniisip na ni Tanoy ang pamilya nito kaya laging nag-iipon.","Ayon kay Dante, noon pa man ay iniisip na ni Tanoy ang pamilya nito kaya laging nag-iipon.","Ayon kay Dante, noon pa man ay iniisip na ni tanod ang pamilya nito kaya laging nag-iipon.",['Tanoy'],"{'Tanoy': ['banoy', 'taboy', 'tanod', 'taoy', 'tonoy']}"
"Habang papalapit na ang halalan, tiniyak naman ni PNP Chief P/Gen.","Habang papalapit na ang halalan, tiniyak naman ni PNP Chief P/Gen.","Habang papalapit na ang halalan, tiniyak naman ni pdp Chief P/Gen.",['PNP'],"{'PNP': ['lpnp', 'pap', 'pdp', 'pep', 'png']}"
Anya mas mahalagang sumunod ang lahat sa protocols dahil kung hindi mas sensitive anya yung situation na may kumalat na konti na posibleng mag-trigger ng isa pang surge sa Metro Manila.,Anya mas mahalagang sumunod ang lahat sa protocols dahil kung hindi mas sensitive anya yung situation na may kumalat na konti na posibleng mag-trigger ng isa pang surge sa Metro Manila.,Anya mas mahalagang sumunod ang lahat sa protocols dahil kung hindi mas sensitive anya yung situation na may kumalat na konti na posibleng mag-trigger ng isa pang surge sa Metro Manila.,[],{}
"Opsyon umano nila ito dahil si Pacquiao ay taga Mindanao rin, sikat at kaibigan din naman nila kahit na pumipitik laban sa kanila na naiintindihan naman nila dahil panahon ng eleksyon.","Opsyon umano nila ito dahil si Pacquiao ay taga Mindanao rin, sikat at kaibigan din naman nila kahit na pumipitik laban sa kanila na naiintindihan naman nila dahil panahon ng eleksyon.","Opsyon umano nila ito dahil si quiao ay taga Mindanao rin, sikat at kaibigan din naman nila kahit na pumipitik laban sa kanila na naiintindihan naman nila dahil panahon ng eleksyon.",['Pacquiao'],"{'Pacquiao': ['acquire', 'acquit', 'quiao', 'acacia', 'acquired']}"
Sentimos per kWh at bumaba rin ang singil ng mga independent power producer ng P00.037.,Sentimos per kWh at bumaba rin ang singil ng mga independent power producer ng P00.037.,Sentimos per kWh at bumaba rin ang singil ng mga independent power producer ng p3.aag.,"['P00', '037']","{'P00': ['p', 'p25', 'p3', 'p57', 'p75'], '037': ['p3', 'p57', 'aag', 'aal', 'aam']}"
Sinabi ng pamunuan ng zoo na nasa mabuting kalagayan na si Sero.,Sinabi ng pamunuan ng zoo na nasa mabuting kalagayan na si Sero.,Sinabi ng pamunuan ng zoo na nasa mabuting kalagayan na si Sero.,[],{}
"So lahat ng mga tao ngayon na humabol sa kanya, nakahabol din and then mayroon din mga concerned citizens po roon sa Alfredo Street, sila rin po yung humarang, ayon kay Barangay 470 Chairman Harry Nagal.","So lahat ng mga tao ngayon na humabol sa kanya, nakahabol din and then mayroon din mga concerned citizens po roon sa Alfredo Street, sila rin po yung humarang, ayon kay Barangay 470 Chairman Harry Nagal.","So lahat ng mga tao ngayon na humabol sa kanya, nakahabol din and then mayroon din mga concerned citizens po roon sa alahero Street, sila rin po yung humarang, ayon kay Barangay aal Chairman aaray nabal.","['Alfredo', '470', 'Harry', 'Nagal']","{'Alfredo': ['alfresco', 'aburido', 'alahero', 'alarmado', 'alarmed'], '470': ['p75', 'aag', 'aal', 'aam', 'aat'], 'Harry': ['carry', 'larry', 'aaray', 'aray', 'army'], 'Nagal': ['bagal', 'magal', 'nabal', 'naga', 'nasal']}"
"Nagpasabog si Jayson Castro ng 26 points habang may 15 at tig-14 markers sina Mikey Williams, Glenn Khobuntin at RR Pogoy, ayon sa pagkakasunod.","Nagpasabog si Jayson Castro ng 26 points habang may 15 at tig-14 markers sina Mikey Williams, Glenn Khobuntin at RR Pogoy, ayon sa pagkakasunod.","Nagpasabog si ason Castro ng ag points habang may ag at tig-ag markers sina biker billings, clean ahunin at jr agoy, ayon sa pagkakasunod.","['Jayson', '26', '15', '14', 'Mikey', 'Williams', 'Glenn', 'Khobuntin', 'RR', 'Pogoy']","{'Jayson': ['aayon', 'arson', 'ason', 'ayon', 'baysan'], '26': ['ab', 'ad', 'ag', 'ah', 'ak'], '15': ['ab', 'ad', 'ag', 'ah', 'ak'], '14': ['ab', 'ad', 'ag', 'ah', 'ak'], 'Mikey': ['mike', 'bike', 'biker', 'bikes', 'bukey'], 'Williams': ['billiard', 'billiards', 'billings', 'billions', 'killings'], 'Glenn': ['aleng', 'blend', 'clean', 'elena', 'galeon'], 'Khobuntin': ['aabutin', 'abutin', 'ahunin', 'alituntin', 'ambunin'], 'RR': ['ar', 'hr', 'jr', 'or', 'pr'], 'Pogoy': ['popoy', 'aagoy', 'agoy', 'boboy', 'cogon']}"
Pabuntong-hiningang pagtatapos ng aming impormante.,Pabuntong-hiningang pagtatapos ng aming impormante.,buntong-hiningang pagtatapos ng aming impormante.,['Pabuntong'],"{'Pabuntong': ['pagbuntong', 'asuntong', 'buntong', 'ibuntong', 'kabunong']}"
"Ang hirap kasing i-admit na nabigo ka, or mahirap i-admit na nag-fail ka sa dream mo noong bata ka.","Ang hirap kasing i-admit na nabigo ka, or mahirap i-admit na nag-fail ka sa dream mo noong bata ka.","Ang hirap kasing i-admit na nabigo ka, or mahirap i-admit na nag-fail ka sa dream mo noong bata ka.",[],{}
"Sa ilalim ng EO12, ilang uri ng electric vehicles at mga piyesa nito ang nabigyan ng mas mababang taripa na kung dati ay mayroong 5% 30% import tax, ngayon ay wala na.","Sa ilalim ng EO12, ilang uri ng electric vehicles at mga piyesa nito ang nabigyan ng mas mababang taripa na kung dati ay mayroong 5% 30% import tax, ngayon ay wala na.","Sa ilalim ng aon, ilang uri ng electric vehicles at mga piyesa nito ang nabigyan ng mas mababang taripa na kung dati ay mayroong d% ag% import tax, ngayon ay wala na.","['EO12', '5', '30']","{'EO12': ['eon', 'ao', 'aon', 'bo', 'boad'], '5': ['b', 'c', 'd', 'e', 'f'], '30': ['ab', 'ad', 'ag', 'ah', 'ak']}"
Inihayag ni Pangulong Rodrigo Duterte na kinausap niya ang anak na si Davao City Mayor Sara Duterte at sinabihan na huwag magkakamaling tumakbong presidente ng bansa.,Inihayag ni Pangulong Rodrigo Duterte na kinausap niya ang anak na si Davao City Mayor Sara Duterte at sinabihan na huwag magkakamaling tumakbong presidente ng bansa.,Inihayag ni Pangulong Rodrigo suwerte na kinausap niya ang anak na si daan City Mayor Sara suwerte at sinabihan na huwag magkakamaling tumakbong presidente ng bansa.,"['Duterte', 'Davao', 'Duterte']","{'Duterte': ['butete', 'puwerte', 'suwerte', 'terte', 'bunete'], 'Davao': ['avai', 'cavan', 'daan', 'dabaw', 'dadag']}"
"Matututo NAMAN habang nag-eenjoy ang mga bata mula May 31 sa episodes ng seryeng Super Inggo at classic movies na Magic Temple, Sarah Ang Munting Prinsesa, at Ang TV the Movie: The Adarna Adventure.","Matututo NAMAN habang nag-eenjoy ang mga bata mula May 31 sa episodes ng seryeng Super Inggo at classic movies na Magic Temple, Sarah Ang Munting Prinsesa, at Ang TV the Movie: The Adarna Adventure.","Matututo NAMAN habang nag-eenjoy ang mga bata mula May ag sa episodes ng seryeng Super Linggo at classic movies na Magic empleo, sarat Ang Munting Prinsesa, at Ang TV the Movie: The adwana Adventure.","['31', 'Inggo', 'Temple', 'Sarah', 'Adarna']","{'31': ['ab', 'ad', 'ag', 'ah', 'ak'], 'Inggo': ['anggo', 'linggo', 'Linggo', 'unggo', 'anggi'], 'Temple': ['emple', 'templo', 'empleo', 'female', 'people'], 'Sarah': ['sara', 'sarap', 'sarat', 'saray', 'aarag'], 'Adarna': ['adang', 'adorno', 'adwana', 'alarma', 'andana']}"
Turuan Mo po kaming maisabuhay namin ang Iyong Salita upang ito ay tumimo sa aming mga puso at mamunga sa aming gaya ng halamang naitanim sa mabuting lupa.,Turuan Mo po kaming maisabuhay namin ang Iyong Salita upang ito ay tumimo sa aming mga puso at mamunga sa aming gaya ng halamang naitanim sa mabuting lupa.,Turuan Mo po kaming maisabay namin ang Iyong Salita upang ito ay tumimo sa aming mga puso at mamunga sa aming gaya ng halamang naitanim sa mabuting lupa.,['maisabuhay'],"{'maisabuhay': ['naisabuhay', 'isabuhay', 'maisabay', 'makabuhay', 'ikabuhay']}"
Magarbong tinapos ni Obebe ang kampanya nito matapos pagreynahan ang girls 12-yrs-old 100m freestyle sa bilis na isang minuto at 6.76.,Magarbong tinapos ni Obebe ang kampanya nito matapos pagreynahan ang girls 12-yrs-old 100m freestyle sa bilis na isang minuto at 6.76.,Magarbong tinapos ni beke ang kampanya nito matapos pagripahan ang girls ag-yrs-old alam erectile sa bilis na isang minuto at d.ag.,"['Obebe', 'pagreynahan', '12', '100m', 'freestyle', '6', '76']","{'Obebe': ['obese', 'bee', 'beke', 'bembe', 'bibe'], 'pagreynahan': ['barenahan', 'pagbentahan', 'pagripahan', 'pagwelgahan', 'reynahan'], '12': ['ab', 'ad', 'ag', 'ah', 'ak'], '100m': ['aam', 'agam', 'alam', 'am', 'anim'], 'freestyle': ['lifestyle', 'beetle', 'erectile', 'feasible', 'freebase'], '6': ['b', 'c', 'd', 'e', 'f'], '76': ['ab', 'ad', 'ag', 'ah', 'ak']}"
"Binigyan na raw niya ng puso, pero pati ang saging kinuha pa raw, sabi ni Rosebie Varona, kagawad ng Brgy.","Binigyan na raw niya ng puso, pero pati ang saging kinuha pa raw, sabi ni Rosebie Varona, kagawad ng Brgy.","Binigyan na raw niya ng puso, pero pati ang saging kinuha pa raw, sabi ni posible aroma, kagawad ng Brgy.","['Rosebie', 'Varona']","{'Rosebie': ['groseri', 'posibile', 'posible', 'reserve', 'resibe'], 'Varona': ['arena', 'arina', 'aroma', 'ayona', 'barena']}"
Akala ko dati hindi na ako tatagal.,Akala ko dati hindi na ako tatagal.,Akala ko dati hindi na ako tatagal.,[],{}
Nangangamba ngayon si Mendoza na baka i-ban na rin siya ng Grab dahil sa pagpapahag ng kanyang saloobin.,Nangangamba ngayon si Mendoza na baka i-ban na rin siya ng Grab dahil sa pagpapahag ng kanyang saloobin.,Nangangamba ngayon si bendita na baka i-ban na rin siya ng Grab dahil sa pagpapayag ng kanyang saloobin.,"['Mendoza', 'pagpapahag']","{'Mendoza': ['pendola', 'benda', 'bendita', 'bentosa', 'endo'], 'pagpapahag': ['pagpapalag', 'pagpapanag', 'pagpapayag', 'magpapalag', 'magpapatag']}"
"Ayon sa DOH, nakikita lamang ang mga immune-evasive na XBB at XBC, mga subvariant ng Omicron, sa pamamagitan ng genome sequencing sa mga nakolektang sample mula sa RT-PCR test o swab test.","Ayon sa DOH, nakikita lamang ang mga immune-evasive na XBB at XBC, mga subvariant ng Omicron, sa pamamagitan ng genome sequencing sa mga nakolektang sample mula sa RT-PCR test o swab test.","Ayon sa DOH, nakikita lamang ang mga immune-evasive na abf at abf, mga subvariant ng Omicron, sa pamamagitan ng genome sequencing sa mga nakolektang sample mula sa et-pcs test o swab test.","['XBB', 'XBC', 'RT', 'PCR']","{'XBB': ['ab', 'aba', 'abf', 'abo', 'b'], 'XBC': ['ab', 'aba', 'abf', 'abo', 'b'], 'RT': ['art', 'at', 'et', 'ft', 'it'], 'PCR': ['ncr', 'par', 'pcs', 'per', 'por']}"
Kaagad din siyang naisugod sa pagamutan ngunit idineklara na ring patay ng mga doktor dakong alas-3:33 ng madaling araw kamakalawa.,Kaagad din siyang naisugod sa pagamutan ngunit idineklara na ring patay ng mga doktor dakong alas-3:33 ng madaling araw kamakalawa.,Kaagad din siyang naisugod sa pagamutan ngunit ideneklara na ring patay ng mga doktor dakong alas-d:ad ng maraling araw kamakalawa.,"['irineklara', '3', '33']","{'irineklara': ['idineklara', 'dineklara', 'ideneklara', 'idideklara', 'idinekara'], '3': ['b', 'c', 'd', 'e', 'f'], '33': ['p3', 'ab', 'ad', 'ag', 'ah']}"
Na nagbunyag sa Senate Blue Ribbon Committee na nagbebenta ang kanilang kumpanya ng mga expired at substandard na face shields.,Na nagbunyag sa Senate Blue Ribbon Committee na nagbebenta ang kanilang kumpanya ng mga expired at substandard na face shields.,Na nagbunyag sa Senate Blue Ribbon Committee na nagbebenta ang kanilang kumpanya ng mga expired at substandard na face shields.,[],{}
"Hindi ko po alam kung saan po kukuha ng pampinasyal, panawagan ng ginang.","Hindi ko po alam kung saan po kukuha ng pampinasyal, panawagan ng ginang.","Hindi ko po alam kung saan po kukuha ng pamamasyal, panawagan ng ginang.",['pampinasyal'],"{'pampinasyal': ['pampinansyal', 'pampinansiyal', 'pamamasyal', 'papasyal', 'pinasyal']}"
Sinabi pa ni Arevalo na bukas sila sa independent investigation sakaling mag-iimbestiga ang CHR sa kanilang mga operasyon.,Sinabi pa ni Arevalo na bukas sila sa independent investigation sakaling mag-iimbestiga ang CHR sa kanilang mga operasyon.,Sinabi pa ni regalo na bukas sila sa independent investigation sakaling mag-iimbestiga ang CHR sa kanilang mga operasyon.,['Arevalo'],"{'Arevalo': ['areglo', 'iregalo', 'regalo', 'aalo', 'aareglo']}"
Nakaalerto ngayon ang pulisya at iba pang units ng 1stMarine Brigade dahil sa posibilidad na retaliation o pagganti ng mga kasamahan ng dalawang napatay na terorista.,Nakaalerto ngayon ang pulisya at iba pang units ng 1stMarine Brigade dahil sa posibilidad na retaliation o pagganti ng mga kasamahan ng dalawang napatay na terorista.,Nakaalerto ngayon ang pulisya at iba pang units ng asmahin Brigade dahil sa posibilidad na devaluation o pagganti ng mga kasamahan ng dalawang napatay na terorista.,"['1stMarine', 'retaliation']","{'1stMarine': ['marine', 'submarine', 'asmahin', 'asmahing', 'bitarin'], 'retaliation': ['revalidation', 'desalination', 'devaluation', 'evaluation', 'radiation']}"
"Pinagdududahan umano ni Lino na anak niya si Andy, dahil bukod sa hindi raw niya ito kamukha, hindi rin kamukha ng panganay nilang anak na si Jelly, di rin tunay na pangalan, at limang taong gulang.","Pinagdududahan umano ni Lino na anak niya si Andy, dahil bukod sa hindi raw niya ito kamukha, hindi rin kamukha ng panganay nilang anak na si Jelly, di rin tunay na pangalan, at limang taong gulang.","Pinagdududahan umano ni hino na anak niya si Andy, dahil bukod sa hindi raw niya ito kamukha, hindi rin kamukha ng panganay nilang anak na si bell, di rin tunay na pangalan, at limang taong gulang.","['Lino', 'Jelly']","{'Lino': ['bino', 'gino', 'hino', 'iino', 'ino'], 'Jelly': ['belly', 'ally', 'bell', 'bully', 'cell']}"
"Matagal nang may alitan ang mga biktima at ang suspek dahil ang ugat nito ay sa hindi pagpapautang ng pera ng mag-asawa sa suspect, kaya nagtanim ng galit ito hanggang sa nauwi sa karahasan, anang imbestigador.","Matagal nang may alitan ang mga biktima at ang suspek dahil ang ugat nito ay sa hindi pagpapautang ng pera ng mag-asawa sa suspect, kaya nagtanim ng galit ito hanggang sa nauwi sa karahasan, anang imbestigador.","Matagal nang may alitan ang mga biktima at ang suspek dahil ang ugat nito ay sa hindi pagpapautang ng pera ng mag-asawa sa suspect, kaya nagtanim ng galit ito hanggang sa nauwi sa karahasan, anang imbestigador.",[],{}
"Wala pang kahit sinong artista o pulitiko na nakagawa ng ganung generosity sa pagbibigay ng bigas, love box at wheelchair, kaibigan man o kaaway, lahat binigyan niya, walang pinili.","Wala pang kahit sinong artista o pulitiko na nakagawa ng ganung generosity sa pagbibigay ng bigas, love box at wheelchair, kaibigan man o kaaway, lahat binigyan niya, walang pinili.","Wala pang kahit sinong artista o pulitiko na nakagawa ng ganung dineposito sa pagbibigay ng bigas, love box at wheelchair, kaibigan man o kaaway, lahat binigyan niya, walang pinili.",['generosity'],"{'generosity': ['adversity', 'density', 'dineposito', 'diversity', 'generally']}"
Lalabas bang wala nang pakialam si Raymart sa dalawang bata dahil nang ampunin naman iyon ni Claudine ay ginawa niyang mag-isa at hiwalay na silang mag-asawa?,Lalabas bang wala nang pakialam si Raymart sa dalawang bata dahil nang ampunin naman iyon ni Claudine ay ginawa niyang mag-isa at hiwalay na silang mag-asawa?,Lalabas bang wala nang pakialam si daycare sa dalawang bata dahil nang ampunin naman iyon ni causing ay ginawa niyang mag-isa at hiwalay na silang mag-asawa?,"['Raymart', 'Claudine']","{'Raymart': ['apart', 'baynat', 'daycare', 'earmark', 'gayari'], 'Claudine': ['canine', 'carbine', 'causing', 'clade', 'clause']}"
Lilimitahan ang pag- labas ng mga tao na papayagan lamang upang bumili ng mga pangunahing panga-ngailangan lalo na ng pagkain o kung nagta-trabaho sa mga negosyo na pinapayagang magbukas.,Lilimitahan ang pag- labas ng mga tao na papayagan lamang upang bumili ng mga pangunahing panga-ngailangan lalo na ng pagkain o kung nagta-trabaho sa mga negosyo na pinapayagang magbukas.,Lilimitahan ang pag- labas ng mga tao na papayagan lamang upang bumili ng mga pangunahing panga-ngailangan lalo na ng pagkain o kung nagta-trabaho sa mga negosyo na pinapayagang magbukas.,[],{}
"Matatandaang ambigious din ang mga sagot ni Duterte noong 2015 kung tatakbo siya sa pagkapangulo noong 2016: minsan sasabihing hindi siya interesado, minsan oo.","Matatandaang ambigious din ang mga sagot ni Duterte noong 2015 kung tatakbo siya sa pagkapangulo noong 2016: minsan sasabihing hindi siya interesado, minsan oo.","Matatandaang ambigious din ang mga sagot ni suwerte noong aaba kung tatakbo siya sa pagkapangulo noong aako: minsan sasabihing hindi siya interesado, minsan oo.","['Duterte', '2015', '2016']","{'Duterte': ['butete', 'puwerte', 'suwerte', 'terte', 'bunete'], '2015': ['p25', 'p75', 'aaba', 'aag', 'aako'], '2016': ['aaba', 'aag', 'aako', 'aal', 'aala']}"
"Ang papel na Levi ay ginagampanan ni Ion Perez, si Jerald Napoles ang gumaganap bilang Jorge, ang best friend ni Kaka na may lihim na pag-ibig sa kanya.","Ang papel na Levi ay ginagampanan ni Ion Perez, si Jerald Napoles ang gumaganap bilang Jorge, ang best friend ni Kaka na may lihim na pag-ibig sa kanya.","Ang papel na deli ay ginagampanan ni dion ere, si aaral amores ang gumaganap bilang borne, ang best friend ni Kaka na may lihim na pag-ibig sa kanya.","['Levi', 'Ion', 'Perez', 'Jerald', 'Napoles', 'Jorge']","{'Levi': ['leve', 'levy', 'deli', 'devil', 'evil'], 'Ion': ['aon', 'con', 'dion', 'don', 'eon'], 'Perez': ['eere', 'eez', 'ere', 'here', 'iere'], 'Jerald': ['gerald', 'neral', 'aaral', 'aerial', 'aral'], 'Napoles': ['napilas', 'papeles', 'amores', 'apple', 'atole'], 'Jorge': ['morge', 'barge', 'borne', 'core', 'dorga']}"
Nakararamdam ng kaba si Coco Martin dahil sa pagpasok ni Julia Montes sa FPJs Ang Probinsyano.,Nakararamdam ng kaba si Coco Martin dahil sa pagpasok ni Julia Montes sa FPJs Ang Probinsyano.,Nakararamdam ng kaba si Coco mariin dahil sa pagpasok ni buli months sa fans Ang Probinsyano.,"['Martin', 'Julia', 'Montes', 'FPJs']","{'Martin': ['margin', 'marhin', 'mariin', 'martir', 'matin'], 'Julia': ['buhia', 'bula', 'buli', 'bulid', 'bulig'], 'Montes': ['monies', 'monte', 'months', 'contest', 'hostes'], 'FPJs': ['apps', 'epps', 'fans', 'fees', 'ipis']}"
"Inaasahan nga po natin na kikilos ito generally northwestward, at maaaring pumasok ng Philippine Area of Responsibility, mamayang gabi po yan or bukas ng umaga, ani DOST-PAGASA weather specialist Grace Casta?ñeda, kaninang umaga.","Inaasahan nga po natin na kikilos ito generally northwestward, at maaaring pumasok ng Philippine Area of Responsibility, mamayang gabi po yan or bukas ng umaga, ani DOST-PAGASA weather specialist Grace Casta?ñeda, kaninang umaga.","Inaasahan nga po natin na kikilos ito generally northwestward, at maaaring pumasok ng Philippine Area of Responsibility, mamayang gabi po yan or bukas ng umaga, ani dos-PAGASA weather specialist Grace basta?akda, kaninang umaga.","['DOST', 'Casta', 'ñeda']","{'DOST': ['cost', 'dont', 'dos', 'dose', 'host'], 'Casta': ['aasta', 'asta', 'basta', 'carta', 'casa'], 'ñeda': ['seda', 'ada', 'akda', 'bed', 'beds']}"
Kawawa nga yung wala dahil hanggang ngayon hindi sila kilala ng tao.,Kawawa nga yung wala dahil hanggang ngayon hindi sila kilala ng tao.,Kawawa nga yung wala dahil hanggang ngayon hindi sila kilala ng tao.,[],{}
Pumalo na sa 44 ang patay habang 28 ang nawawala bunsod ng malakas na pag-ulan sa Visayas at Mindanao dulot ng shear line.,Pumalo na sa 44 ang patay habang 28 ang nawawala bunsod ng malakas na pag-ulan sa Visayas at Mindanao dulot ng shear line.,Pumalo na sa ag ang patay habang ag ang nawawala bunsod ng malakas na pag-ulan sa Visayas at Mindanao dulot ng shear line.,"['44', '28']","{'44': ['ab', 'ad', 'ag', 'ah', 'ak'], '28': ['ab', 'ad', 'ag', 'ah', 'ak']}"
"Hindi ko pa alam ??yung identity no??ng guy, pero boyfriend na raw niya.","Hindi ko pa alam ??yung identity no??ng guy, pero boyfriend na raw niya.","Hindi ko pa alam ??yung identidy no??ng guy, pero boyfriend na raw niya.",['irentity'],"{'irentity': ['identity', 'entity', 'identidy', 'identify', 'identiy']}"
"Siya talaga yung mentor ko nung high school pa lang kaya siguro dun din yung opensa ko na batas na batas, kaya binibigyan ako ng pansin ni Coach Jeff eh, ani Clemente.","Siya talaga yung mentor ko nung high school pa lang kaya siguro dun din yung opensa ko na batas na batas, kaya binibigyan ako ng pansin ni Coach Jeff eh, ani Clemente.","Siya talaga yung mentor ko nung high school pa lang kaya siguro dun din yung open ko na batas na batas, kaya binibigyan ako ng pansin ni Coach eef eh, ani element.","['opensa', 'Jeff', 'Clemente']","{'opensa': ['depensa', 'onsa', 'open', 'opener', 'opensiba'], 'Jeff': ['beef', 'deaf', 'eef', 'elf', 'jeep'], 'Clemente': ['cement', 'clemency', 'element', 'elemento', 'elements']}"
"Isang low pressure area (LPA) sa Visayas ang may hatid na katamtaman hanggang sa malakas at manaka-nakang matinding pag-ulan, sa Cagayan at pito pang lugar nitong Linggo.","Isang low pressure area (LPA) sa Visayas ang may hatid na katamtaman hanggang sa malakas at manaka-nakang matinding pag-ulan, sa Cagayan at pito pang lugar nitong Linggo.","Isang low pressure area (ipa) sa Visayas ang may hatid na katamtaman hanggang sa malakas at manaka-nakang matinding pag-ulan, sa Cagayan at pito pang lugar nitong Linggo.",['LPA'],"{'LPA': ['alpa', 'apa', 'ipa', 'la', 'lapa']}"
"Para naman kay Goma, wala siyang balak na tumakbo sa pag-ka-senador, dahil marami pa umanong gagawin sa lokal na posisyon at gusto niyang tutukan ito.","Para naman kay Goma, wala siyang balak na tumakbo sa pag-ka-senador, dahil marami pa umanong gagawin sa lokal na posisyon at gusto niyang tutukan ito.","Para naman kay Goma, wala siyang balak na tumakbo sa pag-ka-senador, dahil marami pa umanong gagawin sa lokal na posisyon at gusto niyang tutukan ito.",[],{}
"Nagtatanungan tuloy ang maraming nakakaalam tungkol sa relasyon nila, ano ba ang meron ang male personality para mahalin siya nang ganun katindi ng girl?","Nagtatanungan tuloy ang maraming nakakaalam tungkol sa relasyon nila, ano ba ang meron ang male personality para mahalin siya nang ganun katindi ng girl?","katananungan tuloy ang maraming nakakaalam tungkol sa relasyon nila, ano ba ang meron ang male personality para mahalin siya nang ganun katindi ng girl?",['Nagtatanungan'],"{'Nagtatanungan': ['nagtatanung', 'pagtatanungin', 'katananungan', 'magtatanung', 'nagtataguan']}"
Isa sa dapat ninyong subukan ay ang Tonkotsu Ramen Paste ng inJoy Philippines na talagang pinagkakatiwalaan na sa larangan ng pagbubukas ngfood business.,Isa sa dapat ninyong subukan ay ang Tonkotsu Ramen Paste ng inJoy Philippines na talagang pinagkakatiwalaan na sa larangan ng pagbubukas ngfood business.,Isa sa dapat ninyong subukan ay ang biskotso Ramen Paste ng inJoy Philippines na talagang pinagkakatiwalaan na sa larangan ng pagbubukas nanood business.,"['Tonkotsu', 'ngfood']","{'Tonkotsu': ['toots', 'anmitsu', 'biskotso', 'bonnets', 'boots'], 'ngfood': ['food', 'good', 'nanood', 'nood', 'afford']}"
Hindi rin naitago ni Azu-rin ang kanyang pagkadismaya sa mga nag-aakusa na moro-moro lamang ang kanilang kampanya laban sa illegal drug trade.,Hindi rin naitago ni Azu-rin ang kanyang pagkadismaya sa mga nag-aakusa na moro-moro lamang ang kanilang kampanya laban sa illegal drug trade.,Hindi rin naitago ni au-rin ang kanyang magkabisada sa mga nag-aakusa na moro-moro lamang ang kanilang kampanya laban sa illegal drug trade.,"['Azu', 'pagkarismaya']","{'Azu': ['amu', 'anu', 'au', 'aag', 'aal'], 'pagkarismaya': ['pagkadismaya', 'pagkaaksaya', 'magkabisada', 'magkabisala', 'nagkabisada']}"
Para lamang sa mga indibidwal na 18 taong gulang pataas ang naturang bakuna.,Para lamang sa mga indibidwal na 18 taong gulang pataas ang naturang bakuna.,Para lamang sa mga indibidwal na ag taong gulang pataas ang naturang bakuna.,['18'],"{'18': ['ab', 'ad', 'ag', 'ah', 'ak']}"
"Pero nang suriin nila ang kuha sa video, doon na nila napansin ang dalawang paa na tila bata na kasabay ng isa sa kanila nang bumagsak sa pool.","Pero nang suriin nila ang kuha sa video, doon na nila napansin ang dalawang paa na tila bata na kasabay ng isa sa kanila nang bumagsak sa pool.","Pero nang suriin nila ang kuha sa video, doon na nila napansin ang dalawang paa na tila bata na kasabay ng isa sa kanila nang bumagsak sa pool.",[],{}
"Batay sa rekord, Disyembre 2021 lamang nang umalis ng Pilipinas ang ginang upang mag-trabaho sa ibang bansa at iniwanan ang mga anak sa kanyang recruiter.","Batay sa rekord, Disyembre 2021 lamang nang umalis ng Pilipinas ang ginang upang mag-trabaho sa ibang bansa at iniwanan ang mga anak sa kanyang recruiter.","Batay sa rekord, Disyembre aag lamang nang umalis ng Pilipinas ang ginang upang mag-trabaho sa ibang bansa at iniwanan ang mga anak sa kanyang recruiter.",['2021'],"{'2021': ['p25', 'aaba', 'aag', 'aako', 'aal']}"
"Wag sana tayong aabot sa punto, na alam naman po natin sa sarili natin kung ano tayo, sino tayo.","Wag sana tayong aabot sa punto, na alam naman po natin sa sarili natin kung ano tayo, sino tayo.","Wag sana tayong aabot sa punto, na alam naman po natin sa sarili natin kung ano tayo, sino tayo.",[],{}
Kung mananalo ang Gin Kings sa FiberXers kasunod ang kabiguan ng Hotshots sa Elasto Painters ay magtatabla sila sa 9-3 karta.,Kung mananalo ang Gin Kings sa FiberXers kasunod ang kabiguan ng Hotshots sa Elasto Painters ay magtatabla sila sa 9-3 karta.,Kung mananalo ang Gin rings sa barkers kasunod ang kabiguan ng hosts sa balasto paints ay magtatabla sila sa d-d karta.,"['Kings', 'FiberXers', 'Hotshots', 'Elasto', 'Painters', '9', '3']","{'Kings': ['king', 'kinis', 'rings', 'wings', 'aing'], 'FiberXers': ['fibers', 'fixers', 'barkers', 'bearers', 'biyernes'], 'Hotshots': ['hotspots', 'hotspot', 'hosts', 'huthot', 'mugshots'], 'Elasto': ['abasto', 'alisto', 'balasto', 'blast', 'blasts'], 'Painters': ['printers', 'gainers', 'paints', 'patintero', 'planters'], '9': ['b', 'c', 'd', 'e', 'f'], '3': ['b', 'c', 'd', 'e', 'f']}"
Tampok sa K-lite ang boses ng dalawang in-house na disc jock DJ Jaybee Jariol and DJ Aly Esplana.,Tampok sa K-lite ang boses ng dalawang in-house na disc jock DJ Jaybee Jariol and DJ Aly Esplana.,Tampok sa K-lite ang boses ng dalawang in-house na disc jack de agree baril and de alay aplaya.,"['jock', 'DJ', 'Jaybee', 'Jariol', 'DJ', 'Aly', 'Esplana']","{'jock': ['cock', 'dock', 'jack', 'lock', 'mock'], 'DJ': ['d', 'da', 'de', 'di', 'do'], 'Jaybee': ['maybe', 'able', 'agree', 'ayes', 'babae'], 'Jariol': ['arial', 'bariil', 'baril', 'barill', 'gargol'], 'Aly': ['al', 'ala', 'alay', 'ale', 'ali'], 'Esplana': ['espada', 'espina', 'aplaya', 'asana', 'balana']}"
Pero hindi na nakatanggap si Heart ng callback.,Pero hindi na nakatanggap si Heart ng callback.,Pero hindi na nakatanggap si Heart ng comeback.,['callback'],"{'callback': ['cashback', 'rollback', 'comeback', 'malubak', 'payback']}"
Kinatawan din siya ng Ateneo fencing team at sinasabi ngang Olympics qualifier na siya.,Kinatawan din siya ng Ateneo fencing team at sinasabi ngang Olympics qualifier na siya.,Kinatawan din siya ng Ateneo facing team at sinasabi ngang Olympics qualifier na siya.,['fencing'],"{'fencing': ['dancing', 'ending', 'facing', 'feeding', 'feeling']}"
"Hanggang pa-initials lang si Janus, pero maaaring ang tinutukoy niyang direk ay si direk Cathy Garcia-Molina na direktor nila sa One More Chance, na sinasabi naman niyang OMC team.","Hanggang pa-initials lang si Janus, pero maaaring ang tinutukoy niyang direk ay si direk Cathy Garcia-Molina na direktor nila sa One More Chance, na sinasabi naman niyang OMC team.","Hanggang pa-initiaves lang si anas, pero maaaring ang tinutukoy niyang direk ay si direk batay garapa-domina na direktor nila sa One More Chance, na sinasabi naman niyang ama team.","['initials', 'Janus', 'Cathy', 'Garcia', 'Molina', 'OMC']","{'initials': ['initial', 'initiate', 'initiaves', 'animals', 'iirial'], 'Janus': ['anus', 'aayus', 'anas', 'anis', 'anos'], 'Cathy': ['catchy', 'atay', 'batay', 'cache', 'candy'], 'Garcia': ['aria', 'gara', 'garapa', 'garil', 'garsa'], 'Molina': ['bobina', 'boling', 'domina', 'halina', 'holin'], 'OMC': ['oc', 'am', 'ama', 'amd', 'amg']}"
"Saka lagi kong iniisip kasi yung mother ko that time na balang araw gusto ko siyang bigyan ng magandang kinabukasan, sabi ni Marc.","Saka lagi kong iniisip kasi yung mother ko that time na balang araw gusto ko siyang bigyan ng magandang kinabukasan, sabi ni Marc.","Saka lagi kong iniisip kasi yung mother ko that time na balang araw gusto ko siyang bigyan ng magandang kinabukasan, sabi ni mare.",['Marc'],"{'Marc': ['mara', 'march', 'mare', 'mari', 'mark']}"
Patuloy pang tinatapos ng Pfizer at ng mga opisyal ng Pilipinas ang kasunduan ukol sa ??legal immunity? at kung sino ang mananagot sa mga kumpensasyon sakaling magkaroon ng masamang epekto ang bakuna sa mga tao.,Patuloy pang tinatapos ng Pfizer at ng mga opisyal ng Pilipinas ang kasunduan ukol sa ??legal immunity? at kung sino ang mananagot sa mga kumpensasyon sakaling magkaroon ng masamang epekto ang bakuna sa mga tao.,Patuloy pang tinatapos ng pier at ng mga opisyal ng Pilipinas ang kasunduan ukol sa ??legal immunity? at kung sino ang mananagot sa mga kumpensasyon sakaling magkaroon ng masamang epekto ang bakuna sa mga tao.,['Pfizer'],"{'Pfizer': ['fiber', 'fixer', 'pier', 'piper', 'piyer']}"
Kasama umano ng biktima ang asawa ng among suspek.,Kasama umano ng biktima ang asawa ng among suspek.,Kasama umano ng biktima ang asawa ng among suspek.,[],{}
"Pero kahit aniya naghahanda na para sa transition, sinabi ni Vergeire na kailangan pa ring sundin ang safety protocols para makasigurong ligtas pa rin sa peligro.","Pero kahit aniya naghahanda na para sa transition, sinabi ni Vergeire na kailangan pa ring sundin ang safety protocols para makasigurong ligtas pa rin sa peligro.","Pero kahit aniya naghahanda na para sa transition, sinabi ni Vergeire na kailangan pa ring sundin ang safety protocols para makasigurong ligtas pa rin sa peligro.",[],{}
"Pagkakuha po ng mga ballots nila, lumalabas po sila, tumatawid po sila sa daan at doon po sila nagsusulat ng kanilang mga iboboto.","Pagkakuha po ng mga ballots nila, lumalabas po sila, tumatawid po sila sa daan at doon po sila nagsusulat ng kanilang mga iboboto.","Pagkakuha po ng mga ballots nila, lumalabas po sila, tumatawid po sila sa daan at doon po sila nagsusulat ng kanilang mga iboboto.",[],{}
"112-2021, sinama na ng BIR ang mga unprocessed vegetable product sa mga maaaring ilabas sa merkado nang walang Authority to Release Imported Goods (ATRIG) na pinapakita sa Bureau of Customs (BOC) bago nito payagang makalabas sa warehouse o sa port ang inangkat na produkto.","112-2021, sinama na ng BIR ang mga unprocessed vegetable product sa mga maaaring ilabas sa merkado nang walang Authority to Release Imported Goods (ATRIG) na pinapakita sa Bureau of Customs (BOC) bago nito payagang makalabas sa warehouse o sa port ang inangkat na produkto.","aam-aag, sinama na ng ber ang mga professed vegetable product sa mga maaaring ilabas sa merkado nang walang Authority to Release Imported Goods (attig) na pinapakita sa Bureau of Customs (bog) bago nito payagang makalabas sa warehouse o sa port ang inangkat na produkto.","['112', '2021', 'BIR', 'unprocessed', 'ATRIG', 'BOC']","{'112': ['aag', 'aal', 'aam', 'aat', 'aaw'], '2021': ['p25', 'aaba', 'aag', 'aako', 'aal'], 'BIR': ['air', 'bar', 'ber', 'bi', 'bia'], 'unprocessed': ['processed', 'processes', 'professed', 'depressed', 'oppressed'], 'ATRIG': ['atig', 'atril', 'attig', 'aarag', 'aari'], 'BOC': ['bloc', 'bo', 'bog', 'bot', 'bow']}"
"Dahil tiyak na sisirit din ang halaga ng mga inaangkat na produkto, kabilang ang isda, sabi pa ng PAMALAKAYA.","Dahil tiyak na sisirit din ang halaga ng mga inaangkat na produkto, kabilang ang isda, sabi pa ng PAMALAKAYA.","Dahil tiyak na sisirit din ang halaga ng mga inaangkat na produkto, kabilang ang isda, sabi pa ng PAMALAKAYA.",[],{}
"Ngayon ang sinasabi, mukhang sinusundan niya ay isa ring male star na dati niyang nakasama sa show bago iyon lumipat sa kalaban nilang show.","Ngayon ang sinasabi, mukhang sinusundan niya ay isa ring male star na dati niyang nakasama sa show bago iyon lumipat sa kalaban nilang show.","Ngayon ang sinasabi, mukhang sinusundan niya ay isa ring male star na dati niyang nakasama sa show bago iyon lumipat sa kalaban nilang show.",[],{}
"Sa ulat, dakong alas-6 ng gabi, bumisita ang biktima sa kanyang ipinatatayong bahay sa nasabing lugar nang biglang dumating ang mga armadong lalaki na hinihinalang mga komunista.","Sa ulat, dakong alas-6 ng gabi, bumisita ang biktima sa kanyang ipinatatayong bahay sa nasabing lugar nang biglang dumating ang mga armadong lalaki na hinihinalang mga komunista.","Sa ulat, dakong alas-d ng gabi, bumisita ang biktima sa kanyang ipatatayong bahay sa nasabing lugar nang biglang dumating ang mga armadong lalaki na hinihinalang mga komunista.","['6', 'ipinatatayong']","{'6': ['b', 'c', 'd', 'e', 'f'], 'ipinatatayong': ['ipinapatayong', 'ikinatatalong', 'ipatatayong', 'ipinagpatayong', 'ipinagtatagong']}"
"Sa rami ng supporters ni Vice Ganda, hindi rin siya tinatantanan ng mga bashing.","Sa rami ng supporters ni Vice Ganda, hindi rin siya tinatantanan ng mga bashing.","Sa rami ng supporters ni Vice Ganda, hindi rin siya pinatatanan ng mga bahing.","['tinatantanan', 'bashing']","{'tinatantanan': ['tinatananan', 'tinatanganan', 'pinatatanan', 'tatantanan', 'tinatabanan'], 'bashing': ['ashing', 'babhing', 'bahing', 'basahing', 'basaing']}"
He only has to announce when it will be done and thats of course in recognition of the fact na nag-aantay ng senyales ang taumbayan kung silay magpapabakuna o hindi.,He only has to announce when it will be done and thats of course in recognition of the fact na nag-aantay ng senyales ang taumbayan kung silay magpapabakuna o hindi.,He only has to announce when it will be done and thats of course in recognition of the fact na nag-aantay ng senyales ang taumbayan kung silay magpapabakuna o hindi.,[],{}
Sinasabi rin nilang may pagkakahawig sila base sa kaisa-isang litrato ni Bonifacio na nakuha mula noon.,Sinasabi rin nilang may pagkakahawig sila base sa kaisa-isang litrato ni Bonifacio na nakuha mula noon.,Sinasabi rin nilang may pagkakahawig sila base sa kaisa-isang litrato ni bonita na nakuha mula noon.,['Bonifacio'],"{'Bonifacio': ['benefactor', 'biniyatiko', 'bonita', 'bonitang', 'bonito']}"
"Gayunman, nang sindihan ni Jake ang dinamita na ipinasok sa loob ng bote ng alak at aktong ihahagis na sa dagat nang bigla itong sumabog sa kanyang kamay dahilan ng kanyang agarang pagkasawi matapos magkagutay-gutay ang katawan nito habang malubhang nasugatan ang kanyang tatay at nakababatang kapatid.","Gayunman, nang sindihan ni Jake ang dinamita na ipinasok sa loob ng bote ng alak at aktong ihahagis na sa dagat nang bigla itong sumabog sa kanyang kamay dahilan ng kanyang agarang pagkasawi matapos magkagutay-gutay ang katawan nito habang malubhang nasugatan ang kanyang tatay at nakababatang kapatid.","Gayunman, nang sindihan ni joke ang dinamita na ipinasok sa loob ng bote ng alak at aktong ihahagis na sa dagat nang bigla itong sumabog sa kanyang kamay dahilan ng kanyang agarang pagkasawi matapos magkagutay-gutay ang katawan nito habang malubhang nasugatan ang kanyang tatay at nakababatang kapatid.",['Jake'],"{'Jake': ['cake', 'fake', 'joke', 'lake', 'make']}"
Ang mas mahigpit na border controls ay bilang tugon sa nakaraang kumpirmasyon ng Department of Health na mayroon nang local transmission ng mas nakahahawang Delta variant sa bansa.,Ang mas mahigpit na border controls ay bilang tugon sa nakaraang kumpirmasyon ng Department of Health na mayroon nang local transmission ng mas nakahahawang Delta variant sa bansa.,Ang mas mahigpit na border controls ay bilang tugon sa nakaraang kumpirmasyon ng Department of Health na mayroon nang local transmission ng mas nakahahawang Delta variant sa bansa.,[],{}
"Ayon sa senador, ito na ang tamang panahon para tingnan kung saan nagkamali o alin ang tamang ginagawa ng pamahalaan.","Ayon sa senador, ito na ang tamang panahon para tingnan kung saan nagkamali o alin ang tamang ginagawa ng pamahalaan.","Ayon sa senador, ito na ang tamang panahon para tingnan kung saan nagkamali o alin ang tamang ginagawa ng pamahalaan.",[],{}
"Itinanggi naman ni Pacquiao ang akusasyon na vote buying, at iginiit na ginagawa niya ito bilang pagtulong at walang election offense dahil ginagamit naman niya ang kanyang sariling pera.","Itinanggi naman ni Pacquiao ang akusasyon na vote buying, at iginiit na ginagawa niya ito bilang pagtulong at walang election offense dahil ginagamit naman niya ang kanyang sariling pera.","Itinanggi naman ni quiao ang akusasyon na vote buying, at iginiit na ginagawa niya ito bilang pagtulong at walang election offense dahil ginagamit naman niya ang kanyang sariling pera.",['Pacquiao'],"{'Pacquiao': ['acquire', 'acquit', 'quiao', 'acacia', 'acquired']}"
Bukod sa pag-arte ay sumabak na rin si Belle sa pagkanta.,Bukod sa pag-arte ay sumabak na rin si Belle sa pagkanta.,Bukod sa pag-arte ay sumabak na rin si baile sa pagkanta.,['Belle'],"{'Belle': ['bell', 'belly', 'baile', 'balae', 'balde']}"
"Acting is in my bucketlist, pag-amin ni Zephanie sa ginanap na ??sparkling launch,? last Thursday na first physical press event ng Kapuso network pagkatapos ng mahigit dalawang taon.","Acting is in my bucketlist, pag-amin ni Zephanie sa ginanap na ??sparkling launch,? last Thursday na first physical press event ng Kapuso network pagkatapos ng mahigit dalawang taon.","Acting is in my backers, pag-amin ni mechanize sa ginanap na ??paraling launch,? last ihusay na first physical press event ng abuso network pagkatapos ng mahigit dalawang taon.","['bucketlist', 'Zephanie', 'sparkling', 'Thursday', 'Kapuso']","{'bucketlist': ['blacklist', 'bucket', 'backers', 'backslide', 'baklis'], 'Zephanie': ['enhance', 'mechanic', 'mechanize', 'methane', 'behang'], 'sparkling': ['ipakling', 'pakling', 'paraling', 'parking', 'sariling'], 'Thursday': ['hurray', 'husay', 'ihusay', 'tugday', 'turdan'], 'Kapuso': ['kapus', 'aabuso', 'abuso', 'baruso', 'isapuso']}"
"Nag-aalala rin si Charles para sa kaniyang alaga, lalot sadyang kinuha ng taong nakamotorsiklo ang pinakamamahal na alaga.","Nag-aalala rin si Charles para sa kaniyang alaga, lalot sadyang kinuha ng taong nakamotorsiklo ang pinakamamahal na alaga.","Nag-aalala rin si chalet para sa kaniyang alaga, lalot sadyang kinuha ng taong nakamotorsiklo ang pinakamamahal na alaga.",['Charles'],"{'Charles': ['charges', 'cables', 'chalet', 'chances', 'changes']}"
Maingat daw sa pera at hindi rin mahilig sa mga mamahaling gamit.,Maingat daw sa pera at hindi rin mahilig sa mga mamahaling gamit.,Maingat daw sa pera at hindi rin mahilig sa mga mamahaling gamit.,[],{}
"Mananagot po kayo, aabutan din ng karma yung nagbebenta, sinabi pa ni Go.","Mananagot po kayo, aabutan din ng karma yung nagbebenta, sinabi pa ni Go.","Mananagot po kayo, aabutan din ng kara yung nagbebenta, sinabi pa ni Go.",['karma'],"{'karma': ['kalma', 'kama', 'kara', 'karga', 'karima']}"
"Sa ngayon, halos karamihan sa mga nagkukwalipika sa SEA Age Championships ay produkto ng SLP.","Sa ngayon, halos karamihan sa mga nagkukwalipika sa SEA Age Championships ay produkto ng SLP.","Sa ngayon, halos karamihan sa mga nadiskwalipika sa SEA Age Championships ay produkto ng al.","['nagkukwalipika', 'SLP']","{'nagkukwalipika': ['nagkuwalipika', 'makukuwalipika', 'nadiskwalipika', 'nagkaklasipika', 'diskuwalipika'], 'SLP': ['sla', 'slip', 'al', 'ala', 'alap']}"
"Marahil, ito rin ang feeling ng isang sikat na celebrity kaya naman feeling insecure siya that time kay action star.","Marahil, ito rin ang feeling ng isang sikat na celebrity kaya naman feeling insecure siya that time kay action star.","Marahil, ito rin ang feeling ng isang sikat na celebrity kaya naman feeling unsecured siya that time kay action star.",['insecure'],"{'insecure': ['insure', 'secure', 'unsecured', 'ensure', 'inasegura']}"
Ang ilang residente ay sumalok pa ng tubig sa sapa upang ipang-buhos sa nasusunog na mga bahay.,Ang ilang residente ay sumalok pa ng tubig sa sapa upang ipang-buhos sa nasusunog na mga bahay.,Ang ilang residente ay sumalok pa ng tubig sa sapa upang ipang-buhos sa nasusunog na mga bahay.,[],{}
"Hindi raw naging biro para kay Jinri ang hindi makita ang kaniyang mga magulang, bukod pa rito ang kaniyang pag-adjust sa buhay sa Australia.","Hindi raw naging biro para kay Jinri ang hindi makita ang kaniyang mga magulang, bukod pa rito ang kaniyang pag-adjust sa buhay sa Australia.","Hindi raw naging biro para kay bini ang hindi makita ang kaniyang mga magulang, bukod pa rito ang kaniyang pag-adjust sa buhay sa aaralin.","['Jinri', 'Australia']","{'Jinri': ['bingi', 'binhi', 'bini', 'binti', 'biri'], 'Australia': ['australiano', 'aantala', 'aaralin', 'aasalin', 'aasarulin']}"
Obligado naman ang mga manonood na magsuot ng face mask at sumunod sa social distancing.,Obligado naman ang mga manonood na magsuot ng face mask at sumunod sa social distancing.,Obligado naman ang mga manonood na magsuot ng face mask at sumunod sa social distancing.,[],{}
"Sa kuha ng CCTV sa lugar, makikita ang pagdaan ng truck at kasunod ang motorsiklo ng biktima.","Sa kuha ng CCTV sa lugar, makikita ang pagdaan ng truck at kasunod ang motorsiklo ng biktima.","Sa kuha ng CCTV sa lugar, makikita ang pagdaan ng truck at kasunod ang motorsiklo ng biktima.",[],{}
"At habang wala silang franchise, mas marami nang programa ang matututukan ng viewers sa YouTube dahil available na sa primetime weekends ng Kapamilya Online Live ang ilang Made for YouTube exclusive shows.","At habang wala silang franchise, mas marami nang programa ang matututukan ng viewers sa YouTube dahil available na sa primetime weekends ng Kapamilya Online Live ang ilang Made for YouTube exclusive shows.","At habang wala silang franchise, mas marami nang programa ang matututukan ng viewers sa YouTube dahil available na sa primetime weekends ng Kapamilya Online Live ang ilang Mare for YouTube exclusive shows.",[],{}
"Nagpaabot din ng pagbati ang ina ni Ravena na si Mozzy habang may kani-kanyang pagbati rin ang ilang volleyball stars gaya nina Michele Gumabao, Ella De Jesus, Celine Domingo at Tots Carlos.","Nagpaabot din ng pagbati ang ina ni Ravena na si Mozzy habang may kani-kanyang pagbati rin ang ilang volleyball stars gaya nina Michele Gumabao, Ella De Jesus, Celine Domingo at Tots Carlos.","Nagpaabot din ng pagbati ang ina ni haven na si money habang may kani-kanyang pagbati rin ang ilang volleyball stars gaya nina michael bumabad, ala De desks, ceiling daming at tons cables.","['Ravena', 'Mozzy', 'Michele', 'Gumabao', 'Ella', 'Jesus', 'Celine', 'Domingo', 'Tots', 'Carlos']","{'Ravena': ['arena', 'barena', 'haven', 'havens', 'kadena'], 'Mozzy': ['moay', 'mommy', 'money', 'mony', 'amoy'], 'Michele': ['machete', 'maghele', 'michael', 'amicable', 'bicycle'], 'Gumabao': ['gumabay', 'bumaba', 'bumabad', 'bumabag', 'bumabago'], 'Ella': ['aala', 'abla', 'ala', 'alala', 'alba'], 'Jesus': ['beses', 'census', 'desks', 'deus', 'fetus'], 'Celine': ['celing', 'canine', 'ceiling', 'cieling', 'cine'], 'Domingo': ['domino', 'coming', 'daming', 'doing', 'domina'], 'Tots': ['lots', 'pots', 'tons', 'toots', 'tops'], 'Carlos': ['cargos', 'arkos', 'cables', 'calls', 'carats']}"
Habang naglalaro umano ang bata sa tabi ng lalaking biktima nang biglang sumulpot ang suspek at pinagbabaril ito.,Habang naglalaro umano ang bata sa tabi ng lalaking biktima nang biglang sumulpot ang suspek at pinagbabaril ito.,Habang naglalaro umano ang bata sa tabi ng lalaking biktima nang biglang sumulpot ang suspek at pinagbabaril ito.,[],{}
"Maituturing nang isang icon si Kuya Kim sa larangan ng telebisyon sa Pilipinas, gaya ng sinundan niya sa aming primetime newscast na si Ernie Baron.","Maituturing nang isang icon si Kuya Kim sa larangan ng telebisyon sa Pilipinas, gaya ng sinundan niya sa aming primetime newscast na si Ernie Baron.","Maituturing nang isang icon si Kuya im sa larangan ng telebisyon sa Pilipinas, gaya ng sinundan niya sa aming primetime newscast na si eddie Baron.","['Kim', 'Ernie']","{'Kim': ['dim', 'him', 'im', 'kam', 'kid'], 'Ernie': ['arnis', 'arvie', 'eddie', 'ere', 'erehe']}"
"Di ba kakampi nila ang mga pulis at naririnig naman natin na mga pulitiko, yung mga chief ng pulis na ano raw na crime solved.","Di ba kakampi nila ang mga pulis at naririnig naman natin na mga pulitiko, yung mga chief ng pulis na ano raw na crime solved.","Di ba kakampi nila ang mga pulis at naririnig naman natin na mga pulitiko, yung mga chief ng pulis na ano raw na crime solved.",[],{}
Unang-una malaki ang nawala sa amin sa pamilya.,Unang-una malaki ang nawala sa amin sa pamilya.,Unang-una malaki ang nawala sa amin sa pamilya.,[],{}
"Yun 'yung gusto ko, na parang, tama 'yung sinabi ni Stephan, na totoo siya sa mga sinasabi niya.","Yun 'yung gusto ko, na parang, tama 'yung sinabi ni Stephan, na totoo siya sa mga sinasabi niya.","Yun 'yung gusto ko, na parang, tama 'yung sinabi ni itahan, na totoo siya sa mga sinasabi niya.",['Stephan'],"{'Stephan': ['stepson', 'elephant', 'itahan', 'itsahan', 'okehan']}"
"Ngunit, sinabi rin ng NPC na mahalagang magarantiya ang privacy ng mga cellphone subscriber para magtagumpay ang SIM card registration na sinusulong sa bansa.","Ngunit, sinabi rin ng NPC na mahalagang magarantiya ang privacy ng mga cellphone subscriber para magtagumpay ang SIM card registration na sinusulong sa bansa.","Ngunit, sinabi rin ng api na mahalagang magarantiya ang privacy ng mga cellphone subscriber para magtagumpay ang SIM card registration na sinusulong sa bansa.",['NPC'],"{'NPC': ['ap', 'apa', 'api', 'apo', 'app']}"
"Puro ka praises nang praises sakin tapos ngayon sabihin mo corrupt, dagdag niya.","Puro ka praises nang praises sakin tapos ngayon sabihin mo corrupt, dagdag niya.","Puro ka pases nang pases sakin tapos ngayon sabihin mo corrupt, dagdag niya.","['praises', 'praises']","{'praises': ['crises', 'cruises', 'pases', 'passes', 'premises']}"
"Pagkatapos ng Maid in Malaca?ñang, hindi na maganda ang box-office results ng kasunod nilang Expensive Candy at Always.","Pagkatapos ng Maid in Malaca?ñang, hindi na maganda ang box-office results ng kasunod nilang Expensive Candy at Always.","Pagkatapos ng maia in malasa?bang, hindi na maganda ang box-office results ng kasunod nilang excessive Candy at Always.","['Maid', 'Malaca', 'ñang', 'Expensive']","{'Maid': ['aid', 'mai', 'maia', 'maide', 'maik'], 'Malaca': ['malaga', 'malala', 'malasa', 'malata', 'malawa'], 'ñang': ['aang', 'ang', 'bang', 'cang', 'dang'], 'Expensive': ['expansive', 'extensive', 'excessive', 'exessive', 'explosive']}"
"Noong nauna sina Regine Velasquez at Ogie Alcasid, sabi binigyan ng special treatment.","Noong nauna sina Regine Velasquez at Ogie Alcasid, sabi binigyan ng special treatment.","Noong nauna sina retine plaques at agit aasin, sabi binigyan ng special treatment.","['Regine', 'Velasquez', 'Ogie', 'Alcasid']","{'Regine': ['refine', 'regime', 'retine', 'begin', 'detine'], 'Velasquez': ['lacquer', 'plaque', 'plaques', 'alasuas', 'banquet'], 'Ogie': ['age', 'agik', 'agit', 'agiw', 'die'], 'Alcasid': ['alamid', 'aasim', 'aasin', 'aasod', 'aawasin']}"
"Bukas po si Pangulong Duterte anytime sa pag-uusap para po maliwanagan,dagdag nito.","Bukas po si Pangulong Duterte anytime sa pag-uusap para po maliwanagan,dagdag nito.","Bukas po si Pangulong suwerte anytime sa pag-uusap para po maliwanagan,dagdag nito.",['Duterte'],"{'Duterte': ['butete', 'puwerte', 'suwerte', 'terte', 'bunete']}"
"Paliwanag ni Perez, inalok daw siya ni Curita ng P100,000 para patayin si Silva.","Paliwanag ni Perez, inalok daw siya ni Curita ng P100,000 para patayin si Silva.","Paliwanag ni ere, inalok daw siya ni bunita ng p3,aam para patayin si silya.","['Perez', 'Curita', 'P100', '000', 'Silva']","{'Perez': ['eere', 'eez', 'ere', 'here', 'iere'], 'Curita': ['kurita', 'augita', 'bunita', 'burit', 'capita'], 'P100': ['p', 'p25', 'p3', 'p57', 'p75'], '000': ['aag', 'aal', 'aam', 'aat', 'aaw'], 'Silva': ['sila', 'silaa', 'silya', 'bila', 'dila']}"
Sa mga susunod na araw ay nandiyan ang pamilya ng Little Princess at Prima Donnas.,Sa mga susunod na araw ay nandiyan ang pamilya ng Little Princess at Prima Donnas.,Sa mga susunod na araw ay nandiyan ang pamilya ng Little prices at Prima dingas.,"['Princess', 'Donnas']","{'Princess': ['pricess', 'princes', 'prices', 'prinsesa', 'printers'], 'Donnas': ['danas', 'dinanas', 'dingas', 'donat', 'donors']}"
Lumilitaw sa report na walang anumang party drugs na ininom si Dacera nang makipagparty ito sa kanyang mga kaibigan sa City Garden Grand Hotel sa Makati City ang magiging sanhi sa kanyang pagkamatay.,Lumilitaw sa report na walang anumang party drugs na ininom si Dacera nang makipagparty ito sa kanyang mga kaibigan sa City Garden Grand Hotel sa Makati City ang magiging sanhi sa kanyang pagkamatay.,Lumilitaw sa report na walang anumang party drugs na ininom si damira nang makipaglaro ito sa kanyang mga kaibigan sa City Garden Grand Hotel sa Makati City ang magiging sanhi sa kanyang pagkamatay.,"['Dacera', 'makipagparty']","{'Dacera': ['barera', 'camera', 'damira', 'dancer', 'dancers'], 'makipagparty': ['makipagharap', 'makipagkamay', 'makipaglaro', 'magpaparti', 'maipagpa']}"
"Isang problema lang daw sa bagong tirahan nila, hirap silang i-pin ang kanilang address tuwing nagsa-shop online silang mag-asawa.","Isang problema lang daw sa bagong tirahan nila, hirap silang i-pin ang kanilang address tuwing nagsa-shop online silang mag-asawa.","Isang problema lang daw sa bagong tirahan nila, hirap silang i-pin ang kanilang address tuwing nagsa-shop online silang mag-asawa.",[],{}
Pistol na ginamit sa pagbaril at pagpatay sa nakatatandang kapatid.,Pistol na ginamit sa pagbaril at pagpatay sa nakatatandang kapatid.,Pistol na ginamit sa pagbaril at pagpatay sa nakatatandang kapatid.,[],{}
Nangako si Yulo na ibubuhos ang lahat ng kanyang lakas sa finals para masigurong makapag-uuwi ito ng medalya.,Nangako si Yulo na ibubuhos ang lahat ng kanyang lakas sa finals para masigurong makapag-uuwi ito ng medalya.,Nangako si gulo na ibubuhos ang lahat ng kanyang lakas sa finals para masigurong makapag-uuwi ito ng medalya.,['Yulo'],"{'Yulo': ['bulo', 'dulo', 'gulo', 'hulo', 'kulo']}"
Madalas nga silang mag-abroad ng negosyante nun as friends!,Madalas nga silang mag-abroad ng negosyante nun as friends!,mamalas nga silang mag-abroad ng negosyante gun as friends!,"['Maralas', 'nun']","{'Maralas': ['madalas', 'makalas', 'mamalas', 'marahas', 'maranas'], 'nun': ['dun', 'fun', 'gun', 'kun', 'mun']}"
"Sabi ni Pamalakaya national chairperson Fernando Hicap, nilalaro ng mga middlemen ang presyo sa pagbabarat sa mga maliit na mangingisda at pagbebenta ng mahal sa mga konsyumer.","Sabi ni Pamalakaya national chairperson Fernando Hicap, nilalaro ng mga middlemen ang presyo sa pagbabarat sa mga maliit na mangingisda at pagbebenta ng mahal sa mga konsyumer.","Sabi ni Pamalakaya national chairperson heranyo bicam, nilalaro ng mga middlemen ang presyo sa pagbabara sa mga maliit na mangingisda at pagbebenta ng mahal sa mga konsyumer.","['Fernando', 'Hicap', 'pagbabarat']","{'Fernando': ['beranda', 'ferdinand', 'heranyo', 'ibinando', 'iminando'], 'Hicap': ['hikap', 'hirap', 'bicam', 'cap', 'dical'], 'pagbabarat': ['pagbabalat', 'pagbabanat', 'pagbabara', 'pambabarat', 'magbabalat']}"
"Lumalabas na nagkaroon ng hemorrhage o pagdurugo sa puso ang middleman, ayon sa isinagawang autopsy ng National Bureau of Investigation.","Lumalabas na nagkaroon ng hemorrhage o pagdurugo sa puso ang middleman, ayon sa isinagawang autopsy ng National Bureau of Investigation.","Lumalabas na nagkaroon ng hemorrhage o pagdurugo sa puso ang middleman, ayon sa isinagawang autopsy ng National Bureau of Investigation.",[],{}
"Iyong mga personnel na naka-assign, isa ito sa binabantayan nila.","Iyong mga personnel na naka-assign, isa ito sa binabantayan nila.","Iyong mga personnel na naka-assign, isa ito sa binabantayan nila.",[],{}
Sinabi ni acting Presidential Spokesperson Martin Andanar na mismong si Pangulong Rodrigo Duterte ang nagsabing handa ang gobyerno na tumanggap ng mga biktima ng digmaan sa Ukraine.,Sinabi ni acting Presidential Spokesperson Martin Andanar na mismong si Pangulong Rodrigo Duterte ang nagsabing handa ang gobyerno na tumanggap ng mga biktima ng digmaan sa Ukraine.,Sinabi ni acting Presidential Spokesperson mariin andanang na mismong si Pangulong Rodrigo suwerte ang nagsabing handa ang gobyerno na tumanggap ng mga biktima ng digmaan sa urine.,"['Martin', 'Andanar', 'Duterte', 'Ukraine']","{'Martin': ['margin', 'marhin', 'mariin', 'martir', 'matin'], 'Andanar': ['andana', 'andador', 'andanang', 'andante', 'andar'], 'Duterte': ['butete', 'puwerte', 'suwerte', 'terte', 'bunete'], 'Ukraine': ['ukain', 'ukaing', 'urine', 'airline', 'akmain']}"
Maaaring magdala ng matataas na alon ang bagyo sa ibabaw ng northern at seastern seaboards ng Luzon simula Huwebes o Biyernes.,Maaaring magdala ng matataas na alon ang bagyo sa ibabaw ng northern at seastern seaboards ng Luzon simula Huwebes o Biyernes.,Maaaring magdala ng matataas na alon ang bagyo sa ibabaw ng northern at seastern seaboards ng lumon simula Huwebes o Biyernes.,['Luzon'],"{'Luzon': ['lugon', 'lulon', 'lumon', 'lupon', 'bubon']}"
Lumalabas na may kinahaharap din palang ibat ibang kaso ang dayuhan para sa mga diumanoy ginawa nitong pangmomolestiya sa ilang bata sa Davao City.,Lumalabas na may kinahaharap din palang ibat ibang kaso ang dayuhan para sa mga diumanoy ginawa nitong pangmomolestiya sa ilang bata sa Davao City.,Lumalabas na may kinahaharap din palang ibat ibang kaso ang dayuhan para sa mga diumanoy ginawa nitong pangmomolestiya sa ilang bata sa daan City.,['Davao'],"{'Davao': ['avai', 'cavan', 'daan', 'dabaw', 'dadag']}"
Magkakaroon lamang ng exemption sa mga sasakyan nap ag-aari ng mga negosyante na naroon sa mga nasabing lugar ang opisina.,Magkakaroon lamang ng exemption sa mga sasakyan nap ag-aari ng mga negosyante na naroon sa mga nasabing lugar ang opisina.,Magkakaroon lamang ng exemption sa mga sasakyan gap ag-aari ng mga negosyante na naroon sa mga nasabing lugar ang opisina.,['nap'],"{'nap': ['ap', 'cap', 'gap', 'map', 'na']}"
"Niwey, bongga rin naman kasi talaga ang Star Magic, na nito lang nakaraang buwan ay nagdaos ng Black Pen Day kung saan mahigit 40 artists ang pumirma ng kontrata sa kanila.","Niwey, bongga rin naman kasi talaga ang Star Magic, na nito lang nakaraang buwan ay nagdaos ng Black Pen Day kung saan mahigit 40 artists ang pumirma ng kontrata sa kanila.","newly, bongga rin naman kasi talaga ang Star Magic, na nito lang nakaraang buwan ay nagdaos ng Black Pen Day kung saan mahigit ag artists ang pumirma ng kontrata sa kanila.","['Niwey', '40']","{'Niwey': ['buwey', 'naway', 'newly', 'nibel', 'nice'], '40': ['ab', 'ad', 'ag', 'ah', 'ak']}"
"Madalas silang magkasama, pero hindi nagpu-post sa kanilang social media account na magkasama sila.","Madalas silang magkasama, pero hindi nagpu-post sa kanilang social media account na magkasama sila.","mamalas silang magkasama, pero hindi nagku-post sa kanilang social media account na magkasama sila.","['Maralas', 'nagpu']","{'Maralas': ['madalas', 'makalas', 'mamalas', 'marahas', 'maranas'], 'nagpu': ['magpu', 'nagdu', 'nagku', 'nagmu', 'nagpa']}"
At parang kailangan na niyang makaalis agad-agad.,At parang kailangan na niyang makaalis agad-agad.,At parang kailangan na niyang makaalis agad-agad.,[],{}
"Sa isang pahayag, sinabi ng Food and Drug Administration (FDA) na ang bilang ay noong Enero 9, at ang pinakamataas na naiulat na masamang epekto ay pagsusuka, pagtatae, pagbaba ng gana kumain, pamumutla at pananakit ng tiyan.","Sa isang pahayag, sinabi ng Food and Drug Administration (FDA) na ang bilang ay noong Enero 9, at ang pinakamataas na naiulat na masamang epekto ay pagsusuka, pagtatae, pagbaba ng gana kumain, pamumutla at pananakit ng tiyan.","Sa isang pahayag, sinabi ng Food and Drug Administration (FDA) na ang bilang ay noong Enero d, at ang pinakamataas na naiulat na masamang epekto ay pagsusuka, pagtatae, pagbaba ng gana kumain, pamumutla at pananakit ng tiyan.",['9'],"{'9': ['b', 'c', 'd', 'e', 'f']}"
"Isang araw, sumama ang pakiramdam ni Walter na inakala niyang karaniwang seasonal flu lang na may kaunting sipon at masakit ang katawan.","Isang araw, sumama ang pakiramdam ni Walter na inakala niyang karaniwang seasonal flu lang na may kaunting sipon at masakit ang katawan.","Isang araw, sumama ang pakiramdam ni wanter na inakala niyang karaniwang seasonal flu lang na may kaunting sipon at masakit ang katawan.",['Walter'],"{'Walter': ['alter', 'waiter', 'wanter', 'water', 'after']}"
Ang gusto ko po kasing mangyari 'yung eco-friendly and free energy.,Ang gusto ko po kasing mangyari 'yung eco-friendly and free energy.,Ang gusto ko po kasing mangyari 'yung eco-friendly and free energy.,[],{}
Itutuloy naman daw nila ang kanilang trabaho nbilang NGO upang i-empower ang marginalized communities at sectors sa gitna ng kahirapan.,Itutuloy naman daw nila ang kanilang trabaho nbilang NGO upang i-empower ang marginalized communities at sectors sa gitna ng kahirapan.,Itutuloy naman daw nila ang kanilang trabaho nbilang NGO upang i-empower ang marginalized communities at sectors sa gitna ng kahirapan.,[],{}
"Gayunman, naniniwala ang ahensiya na hindi makakaapekto ang pagtigil ng pagpapadala ng naturang gamit sa isinasagawang pagbabakuna.","Gayunman, naniniwala ang ahensiya na hindi makakaapekto ang pagtigil ng pagpapadala ng naturang gamit sa isinasagawang pagbabakuna.","Gayunman, naniniwala ang ahensiya na hindi makakaapekto ang pagtigil ng pagpapadala ng naturang gamit sa isinasagawang pagbabakuna.",[],{}
"Sa Star Bites report ni Cata Tibayan sa GMA News TV ""Balitanghali"" nitong Miyerkules, sinabing magiging guest si Richard sa comedy-series na Pepito Manaloto sa darating na Sabado.","Sa Star Bites report ni Cata Tibayan sa GMA News TV ""Balitanghali"" nitong Miyerkules, sinabing magiging guest si Richard sa comedy-series na Pepito Manaloto sa darating na Sabado.","Sa Star rites report ni carta Tibayan sa gia News TV ""baitangan"" nitong Miyerkules, sinabing magiging guest si Richard sa comedy-series na epiko makalito sa darating na Sabado.","['Bites', 'Cata', 'GMA', 'Balitanghali', 'Pepito', 'Manaloto']","{'Bites': ['bikes', 'bite', 'rites', 'sites', 'aides'], 'Cata': ['ata', 'bata', 'carta', 'casa', 'cat'], 'GMA': ['ama', 'ga', 'gia', 'goma', 'gra'], 'Balitanghali': ['magtanghali', 'altanghap', 'baitangan', 'baitangang', 'balinghat'], 'Pepito': ['pepino', 'pipito', 'epiko', 'merito', 'palito'], 'Manaloto': ['mabalot', 'makaboto', 'makalito', 'makaloko', 'mamiloto']}"
"Natawa kami, may isa pang paring nagsabi noon, mabait na tao raw si Rico at dapat ay gawing isang santo.","Natawa kami, may isa pang paring nagsabi noon, mabait na tao raw si Rico at dapat ay gawing isang santo.","Natawa kami, may isa pang paring nagsabi noon, mabait na tao raw si rick at dapat ay gawing isang santo.",['Rico'],"{'Rico': ['rice', 'rich', 'rick', 'rido', 'rito']}"
"Gayunman, naniniwala ang ahensiya na hindi makakaapekto ang pagtigil ng pagpapadala ng naturang gamit sa isinasagawang pagbabakuna.","Gayunman, naniniwala ang ahensiya na hindi makakaapekto ang pagtigil ng pagpapadala ng naturang gamit sa isinasagawang pagbabakuna.","Gayunman, naniniwala ang ahensiya na hindi makakaapekto ang pagtigil ng pagpapadala ng naturang gamit sa isinasagawang pagbabakuna.",[],{}
At iyon ang nagpapaligaya at nagpapaganda sa kanya.,At iyon ang nagpapaligaya at nagpapaganda sa kanya.,At iyon ang nagpapaligaya at nagpapaganda sa kanya.,[],{}
"Trias City, pawang kustomer sa nasabing paresan.","Trias City, pawang kustomer sa nasabing paresan.","trips City, pawang kustomer sa nasabing paresan.",['Trias'],"{'Trias': ['trial', 'trials', 'trips', 'alias', 'aras']}"
Kaya tanong ni Poe saan nila nakuha ang mga personal na impormasyong ito na lubhang nakakaalarma at mapanganib kaya dapat agad masagot itong kanilang mga katanungan at masolusyunan.,Kaya tanong ni Poe saan nila nakuha ang mga personal na impormasyong ito na lubhang nakakaalarma at mapanganib kaya dapat agad masagot itong kanilang mga katanungan at masolusyunan.,Kaya tanong ni pon saan nila nakuha ang mga personal na impormasyong ito na lubhang nakakaalarma at mapanganib kaya dapat agad masagot itong kanilang mga katanungan at masolusyunan.,['Poe'],"{'Poe': ['po', 'pole', 'pon', 'pop', 'por']}"
Hindi ko rin ini-expect na ganoon ang topic.,Hindi ko rin ini-expect na ganoon ang topic.,Hindi ko rin ini-expect na ganoon ang topic.,[],{}
"Binubuo pa lang daw ang casting nito, kaya ayaw pa niyang magbigay ng ibang info.","Binubuo pa lang daw ang casting nito, kaya ayaw pa niyang magbigay ng ibang info.","Binubuo pa lang daw ang casting nito, kaya ayaw pa niyang magbigay ng ibang info.",[],{}
"Papasanin na kita para hindi ka na muling maligaw"".","Papasanin na kita para hindi ka na muling maligaw"".","Papasanin na kita para hindi ka na muling maligaw"".",[],{}
"Sa p-bar, medyo lumiit na po dahil sasali iyong mga nag-Olympics noong 2021.","Sa p-bar, medyo lumiit na po dahil sasali iyong mga nag-Olympics noong 2021.","Sa p-bar, medyo lumiit na po dahil sasali iyong mga nag-Olympics noong aag.",['2021'],"{'2021': ['p25', 'aaba', 'aag', 'aako', 'aal']}"
"Tinataya ng militar na nasa 2,000 na lang daw ang miyembro ng rebeldeng NPA sa nalalabi nitong ""22 guerilla fronts.""","Tinataya ng militar na nasa 2,000 na lang daw ang miyembro ng rebeldeng NPA sa nalalabi nitong ""22 guerilla fronts.""","Tinataya ng militar na nasa d,aam na lang daw ang miyembro ng rebeldeng na sa nalalabi nitong ""ag guerilla fronts.""","['2', '000', 'NPA', '22']","{'2': ['b', 'c', 'd', 'e', 'f'], '000': ['aag', 'aal', 'aam', 'aat', 'aaw'], 'NPA': ['apa', 'ipa', 'na', 'naa', 'napa'], '22': ['ab', 'ad', 'ag', 'ah', 'ak']}"
At ang panibagong controversy namang pinag-uusapan ngayon ay iyon daw matinding love scene na ginawa naman nila ng kanyang leading man sa pelikulang Hugas.,At ang panibagong controversy namang pinag-uusapan ngayon ay iyon daw matinding love scene na ginawa naman nila ng kanyang leading man sa pelikulang Hugas.,At ang panibagong controversy namang pinag-uusapan ngayon ay iyon daw matinding love scene na ginawa naman nila ng kanyang leading man sa pelikulang Hugas.,[],{}
Nagkaroon umano ng pagtatalo ang mag-asawa hanggang sa bumunot ng baril ang suspek at binaril ang kaniyang misis.,Nagkaroon umano ng pagtatalo ang mag-asawa hanggang sa bumunot ng baril ang suspek at binaril ang kaniyang misis.,Nagkaroon umano ng pagtatalo ang mag-asawa hanggang sa bumunot ng baril ang suspek at binaril ang kaniyang misis.,[],{}
"Coz hes always telling me na ang bobo ko and tanga ko,? sabi nito sa kanilang pag-uusap.","Coz hes always telling me na ang bobo ko and tanga ko,? sabi nito sa kanilang pag-uusap.","com he always telling me na ang bobo ko and tanga ko,? sabi nito sa kanilang pag-uusap.","['Coz', 'hes']","{'Coz': ['co', 'col', 'com', 'con', 'cop'], 'hes': ['ces', 'has', 'he', 'hep', 'her']}"
Consistent si Gerald na cryptic messages ang sinasagot sa mga rebelasyon din ni Bea Alonzo sa mga nangyari sa kanila.,Consistent si Gerald na cryptic messages ang sinasagot sa mga rebelasyon din ni Bea Alonzo sa mga nangyari sa kanila.,Consistent si Gerald na crystal messages ang sinasagot sa mga rebelasyon din ni beam alone sa mga nangyari sa kanila.,"['cryptic', 'Bea', 'Alonzo']","{'cryptic': ['crypto', 'acrylic', 'crystal', 'drastic', 'graphic'], 'Bea': ['ba', 'be', 'beam', 'bear', 'beat'], 'Alonzo': ['abono', 'alon', 'alone', 'along', 'aabono']}"
"Bukod dito, bukas din umano ang kanyag tanggapan para sa mga estu-dyanteng manghihingi ng tulong para makapag-aral.","Bukod dito, bukas din umano ang kanyag tanggapan para sa mga estu-dyanteng manghihingi ng tulong para makapag-aral.","Bukod dito, bukas din umano ang kanyag tanggapan para sa mga estu-dyanteng manghihingi ng tulong para makapag-aral.",[],{}
"Duterte sa Armed Forces of the Philippines at Philippine National Police na mag-deploy ng kanilang mga miyembro sa mga medical corps bilang reinforcement sa mga pagamutan sa Metro Manila, na nagkakaroon nang pagdami ng bilang mga medical staff na naka-quarantine matapos na ma-expose sa COVID-19 patients.","Duterte sa Armed Forces of the Philippines at Philippine National Police na mag-deploy ng kanilang mga miyembro sa mga medical corps bilang reinforcement sa mga pagamutan sa Metro Manila, na nagkakaroon nang pagdami ng bilang mga medical staff na naka-quarantine matapos na ma-expose sa COVID-19 patients.","suwerte sa Armed Forces of the Philippines at Philippine National Police na mag-deploy ng kanilang mga miyembro sa mga medical corps bilang reinforcement sa mga pagamutan sa Metro Manila, na nagkakaroon nang pagdami ng bilang mga medical staff na naka-quarantine matapos na ma-expose sa COVID-ag patients.","['Duterte', '19']","{'Duterte': ['butete', 'puwerte', 'suwerte', 'terte', 'bunete'], '19': ['ab', 'ad', 'ag', 'ah', 'ak']}"
Matagal na umanong ipinagdarasal ng mag-asawa na magkaroon ng anak pero hindi pa rin ito naipagkakaloob.,Matagal na umanong ipinagdarasal ng mag-asawa na magkaroon ng anak pero hindi pa rin ito naipagkakaloob.,Matagal na umanong ipinagdarasal ng mag-asawa na magkaroon ng anak pero hindi pa rin ito naipagkakaloob.,[],{}
Mag-uumpisa na sila ng pagpapakilala ng talents starting this month.,Mag-uumpisa na sila ng pagpapakilala ng talents starting this month.,Mag-uumpisa na sila ng pagpapakilala ng talents starting this month.,[],{}
Ang biktima ay itinago sa pangalang Josie na nasa pangangalaga ng DSWD Drop-in Center ng nasabing lungsod.,Ang biktima ay itinago sa pangalang Josie na nasa pangangalaga ng DSWD Drop-in Center ng nasabing lungsod.,Ang biktima ay itinago sa pangalang hose na nasa pangangalaga ng asod Drop-in Center ng nasabing lungsod.,"['Josie', 'DSWD']","{'Josie': ['dose', 'dosis', 'hose', 'joke', 'lose'], 'DSWD': ['asad', 'asid', 'asod', 'dad', 'daw']}"
Kaduda-duda rin umano ang palusot nilang kukuha lamang ng drivers license sa Ilagan City dahil ang kanilang agency ay nakabase sa Metro Manila at napakalayo ng Isabela para sa pagkuha ng lisensya.,Kaduda-duda rin umano ang palusot nilang kukuha lamang ng drivers license sa Ilagan City dahil ang kanilang agency ay nakabase sa Metro Manila at napakalayo ng Isabela para sa pagkuha ng lisensya.,aayuda-duda rin umano ang palusot nilang kukuha lamang ng drivers license sa Ilagan City dahil ang kanilang agency ay nakabase sa Metro Manila at napakalayo ng Isabela para sa pagkuha ng lisensya.,['Karuda'],"{'Karuda': ['kaduda', 'aaruga', 'aayuda', 'aruga', 'ayuda']}"
"Sinabi ni Bordado naang local governmentunit sa Naga City, Bicol ay gumagamit ng LSB at SEF upang palakasin ang sistema ng edukasyon sa pamamagitan ng pagtatatag ng maraming programa na naglalayong bigyang kapangyarihan ang mga tao mula pa noong panahon ng dating Mayor Jesse M.","Sinabi ni Bordado naang local governmentunit sa Naga City, Bicol ay gumagamit ng LSB at SEF upang palakasin ang sistema ng edukasyon sa pamamagitan ng pagtatatag ng maraming programa na naglalayong bigyang kapangyarihan ang mga tao mula pa noong panahon ng dating Mayor Jesse M.","Sinabi ni barado gaang local governmental sa Naga City, Bicol ay gumagamit ng ab at sea upang palakasin ang sistema ng edukasyon sa pamamagitan ng pagtatatag ng maraming programa na naglalayong bigyang kapangyarihan ang mga tao mula pa noong panahon ng dating Mayor este M.","['Bordado', 'naang', 'governmentunit', 'LSB', 'SEF', 'Jesse']","{'Bordado': ['burdado', 'baldado', 'barado', 'bokado', 'borador'], 'naang': ['aang', 'daang', 'gaang', 'inaang', 'kaang'], 'governmentunit': ['government', 'governmenta', 'governmental', 'governments', ""government's""], 'LSB': ['lab', 'lub', 'ab', 'alab', 'als'], 'SEF': ['eef', 'se', 'sea', 'sec', 'see'], 'Jesse': ['cease', 'ease', 'este', 'jersey', 'jester']}"
Tawa pa rin nang tawang pagtatapos ng aming impormante.,Tawa pa rin nang tawang pagtatapos ng aming impormante.,Tawa pa rin nang tawang pagtatapos ng aming impormante.,[],{}
"Patuloy ng aming source, Hindi ba kayo nagtataka na biglang preno ang guy sa babae?","Patuloy ng aming source, Hindi ba kayo nagtataka na biglang preno ang guy sa babae?","Patuloy ng aming source, Hindi ba kayo nagtataka na biglang preno ang guy sa babae?",[],{}
"Ayaw naman siguro niyang masabi na umaasa siya sa savings ng misis niya, at kung sakali papaano naman ang magulang niya at ibang kapatid na umaasa rin sa kanya?","Ayaw naman siguro niyang masabi na umaasa siya sa savings ng misis niya, at kung sakali papaano naman ang magulang niya at ibang kapatid na umaasa rin sa kanya?","Ayaw naman siguro niyang masabi na umaasa siya sa savings ng misis niya, at kung sakali papaano naman ang magulang niya at ibang kapatid na umaasa rin sa kanya?",[],{}
"Tumanggi siyang magbigay ng pahayagJamil Santos/KBK, GMA News.","Tumanggi siyang magbigay ng pahayagJamil Santos/KBK, GMA News.","Tumanggi siyang magbigay ng payayagyagin tantos/abf, gia News.","['pahayagJamil', 'Santos', 'KBK', 'GMA']","{'pahayagJamil': ['pahayagan', 'pahayagang', 'payayagyagin', 'hahabagatin', 'mahalagahin'], 'Santos': ['santo', 'santol', 'tantos', 'aantok', 'aantot'], 'KBK': ['ab', 'aba', 'abf', 'abo', 'abok'], 'GMA': ['ama', 'ga', 'gia', 'goma', 'gra']}"
"??Yung tatlo na ??yun, nag-aalangan sila kung meron ba tayong sapat na katibayan sa Pangulo, aniya pa.","??Yung tatlo na ??yun, nag-aalangan sila kung meron ba tayong sapat na katibayan sa Pangulo, aniya pa.","??Yung tatlo na ??yun, nag-aalangan sila kung meron ba tayong sapat na katibayan sa Pangulo, aniya pa.",[],{}
"Inaabangan talaga namin kung ano ang bago, bago kami manood ng Netflix, pinapanood namin kayo, pagtatapat ni VP Leni kay Alex na ipinagpasalamat naman ng TV host at aktres.","Inaabangan talaga namin kung ano ang bago, bago kami manood ng Netflix, pinapanood namin kayo, pagtatapat ni VP Leni kay Alex na ipinagpasalamat naman ng TV host at aktres.","Inaabangan talaga namin kung ano ang bago, bago kami manood ng natali, pinapanood namin kayo, pagtatapat ni VP aani kay Alex na ipinagpasalamat naman ng TV host at aktres.","['Netflix', 'Leni']","{'Netflix': ['helix', 'metalik', 'natali', 'natili', 'natuli'], 'Leni': ['lend', 'lens', 'aani', 'aleng', 'ani']}"
Sinabi naman na ng SMC na ang sisingilin nilang toll fee ay gagamitin nila para sa episyenteng operasyon at maintenance ng elevated expressway.,Sinabi naman na ng SMC na ang sisingilin nilang toll fee ay gagamitin nila para sa episyenteng operasyon at maintenance ng elevated expressway.,Sinabi naman na ng am na ang sisingilin nilang toll fee ay gagamitin nila para sa episyenteng operasyon at maintenance ng elevated expressway.,['SMC'],"{'SMC': ['sec', 'sm', 'am', 'ama', 'amd']}"
Nagbigay ng reaksyon si Andrea Brillantes tungkol sa bagong tambalan ngayon nina Francine Diaz at Seth Fedelin.,Nagbigay ng reaksyon si Andrea Brillantes tungkol sa bagong tambalan ngayon nina Francine Diaz at Seth Fedelin.,Nagbigay ng reaksyon si andana brilyanteng tungkol sa bagong tambalan ngayon nina rantine biak at sets berlin.,"['Andrea', 'Brillantes', 'Francine', 'Diaz', 'Seth', 'Fedelin']","{'Andrea': ['andres', 'adres', 'andana', 'anden', 'anduka'], 'Brillantes': ['brilyante', 'brilliant', 'brilyanteng', 'balances', 'bihilante'], 'Francine': ['franche', 'franchise', 'rantine', 'branding', 'canine'], 'Diaz': ['dial', 'bia', 'biak', 'bias', 'cial'], 'Seth': ['meth', 'set', 'sets', 'bet', 'beta'], 'Fedelin': ['feeling', 'sepelin', 'berlin', 'dalin', 'delfin']}"
"Nauna rito, nakatanggap ang mga awtoridad ng tip hinggil sa dumating na dalawang FedEx box na nakatago sa anim na piraso ng stainless teel water purifier at naglalaman umano ng mga puting pulbos na hinihinalang ketamine na tumitimbang ng 600 gramo at nagkakahalaga ng may P3 milyon.","Nauna rito, nakatanggap ang mga awtoridad ng tip hinggil sa dumating na dalawang FedEx box na nakatago sa anim na piraso ng stainless teel water purifier at naglalaman umano ng mga puting pulbos na hinihinalang ketamine na tumitimbang ng 600 gramo at nagkakahalaga ng may P3 milyon.","Nauna rito, nakatanggap ang mga awtoridad ng tip hinggil sa dumating na dalawang feed box na nakatago sa anim na piraso ng stainless steel water premier at naglalaman umano ng mga puting pulbos na hinihinalang ketamine na tumitimbang ng aam gramo at nagkakahalaga ng may P3 milyon.","['FedEx', 'teel', 'purifier', '600']","{'FedEx': ['dede', 'fee', 'feed', 'feeder', 'feel'], 'teel': ['feel', 'reel', 'steel', 'tee', 'teen'], 'purifier': ['purifiers', 'prefer', 'premier', 'primer', 'printer'], '600': ['aag', 'aal', 'aam', 'aat', 'aaw']}"
Naintindihan naman daw nina John ang desisyon ni Ellen na umalis na sa kanilang sitcom na John en Ellen dahil mas gusto na lang daw ng aktres na mag-focus sa kanyang anak na si Elias at sa kasal nila ni Derek.,Naintindihan naman daw nina John ang desisyon ni Ellen na umalis na sa kanilang sitcom na John en Ellen dahil mas gusto na lang daw ng aktres na mag-focus sa kanyang anak na si Elias at sa kasal nila ni Derek.,Naintindihan naman daw nina John ang desisyon ni celled na umalis na sa kanilang sitcom na John en celled dahil mas gusto na lang daw ng aktres na mag-focus sa kanyang anak na si alis at sa kasal nila ni dark.,"['Ellen', 'Ellen', 'Elias', 'Derek']","{'Ellen': ['alien', 'alyen', 'celled', 'elena', 'eleven'], 'Elias': ['alias', 'alas', 'alis', 'alpas', 'alyas'], 'Derek': ['direk', 'darak', 'dark', 'deber', 'deck']}"
"Cebu, Philippines ?? PANDI, Bulacan - Umabot sa higit sampung oras ang naganap na hostage taking ng isang ama sa kanyang apat na anak sa isang subdivision sa Brgy, Pinagkwartelan ng bayang ito kahapon ng madaling araw.","Cebu, Philippines ?? PANDI, Bulacan - Umabot sa higit sampung oras ang naganap na hostage taking ng isang ama sa kanyang apat na anak sa isang subdivision sa Brgy, Pinagkwartelan ng bayang ito kahapon ng madaling araw.","Cebu, Philippines ?? pagdi, Bulacan - Umabot sa higit sampung oras ang naganap na hostage taking ng isang ama sa kanyang apat na anak sa isang subdivision sa Brgy, pinagkargahan ng bayang ito kahapon ng maraling araw.","['PANDI', 'Pinagkwartelan']","{'PANDI': ['kandi', 'landi', 'pagdi', 'pande', 'pani'], 'Pinagkwartelan': ['pinagkaitan', 'pinagkamalan', 'pinagkargahan', 'pinagkataman', 'ginagawaran']}"
Hindi naman niya itinatago na kahit di nakasama ang ama ay gusto niya itong makilala.,Hindi naman niya itinatago na kahit di nakasama ang ama ay gusto niya itong makilala.,Hindi naman niya itinatago na kahit di nakasama ang ama ay gusto niya itong makilala.,[],{}
Bumaba umano ang angkas ng motorsiklo at naglakad patungo sa biktima.,Bumaba umano ang angkas ng motorsiklo at naglakad patungo sa biktima.,Bumaba umano ang angkas ng motorsiklo at naglakad patungo sa biktima.,[],{}
"Noong madaling araw, kinuha raw ang lalaki para ilipat sa ibang sasakyan.","Noong madaling araw, kinuha raw ang lalaki para ilipat sa ibang sasakyan.","Noong maraling araw, kinuha raw ang lalaki para ilipat sa ibang sasakyan.",[],{}
Wala pang petsa kung kailan idaraos ang laban nina Casimero at Butler.,Wala pang petsa kung kailan idaraos ang laban nina Casimero at Butler.,Wala pang petsa kung kailan iraraos ang laban nina cachero at batter.,"['Casimero', 'Butler']","{'Casimero': ['asero', 'basurero', 'cachero', 'caldero', 'caliber'], 'Butler': ['butter', 'baller', 'batter', 'better', 'bitter']}"
Hindi lang ang love affair nina President Glenn Acosta (Gabby Concepcion) at ni Yaya Melody (Sanya Lopez) kundi ang kuwento rin ng ibang supporting characters na nagbigay-kulay sa kabuuan ng kuwento.,Hindi lang ang love affair nina President Glenn Acosta (Gabby Concepcion) at ni Yaya Melody (Sanya Lopez) kundi ang kuwento rin ng ibang supporting characters na nagbigay-kulay sa kabuuan ng kuwento.,Hindi lang ang love affair nina President clean agosto (aaboy concessions) at ni Yaya melon (manya lone) kundi ang kuwento rin ng ibang supporting characters na nagbigay-kulay sa kabuuan ng kuwento.,"['Glenn', 'Acosta', 'Gabby', 'Concepcion', 'Melody', 'Sanya', 'Lopez']","{'Glenn': ['aleng', 'blend', 'clean', 'elena', 'galeon'], 'Acosta': ['aasta', 'acist', 'agosto', 'asta', 'cost'], 'Gabby': ['gabay', 'aabay', 'aaboy', 'abay', 'aboy'], 'Concepcion': ['concession', 'coercion', 'concessions', 'conclusion', 'confession'], 'Melody': ['felony', 'melodia', 'melon', 'melong', 'memory'], 'Sanya': ['anya', 'kanya', 'manya', 'panya', 'sadya'], 'Lopez': ['hope', 'leper', 'lone', 'lopoy', 'lose']}"
"Sa ilalim ng batas, pwedeng mamili ng boto kahithindi kandidato.","Sa ilalim ng batas, pwedeng mamili ng boto kahithindi kandidato.","Sa ilalim ng batas, pwedeng mamili ng boto mahihingi kandidato.",['kahithindi'],"{'kahithindi': ['kahinhinan', 'katindi', 'mahihingi', 'matitindi', 'nahihingi']}"
Sa kanyang Instagram story kahapon ay nagpasalamat siya at tutulong daw siyang magdala ng pagbabago at maging boses para sa bawat babaeng dumaranas ng katulad niya sa Pilipinas.,Sa kanyang Instagram story kahapon ay nagpasalamat siya at tutulong daw siyang magdala ng pagbabago at maging boses para sa bawat babaeng dumaranas ng katulad niya sa Pilipinas.,Sa kanyang Instagram story kahapon ay nagpasalamat siya at tutulong daw siyang magdala ng pagbabago at maging boses para sa bawat babaeng dumaranas ng katulad niya sa Pilipinas.,[],{}
