Original Sentence,Gold Sentence
"Sabi pa ng friend ni kilalang female celebrity, Alamin mo kung sino yung kasama niya.","Sabi pa ng friend ni kilalang female celebrity, Alamin mo kung sino yung kasama niya."
Imagine mo na talagang concerned siya sa kalagayan ng showbiz writers na tiyak niya tinamaan ng nangyayari ngayong pandemic.,Imagine mo na talagang concerned siya sa kalagayan ng showbiz writers na tiyak niya tinamaan ng nangyayari ngayong pandemic.
"Wala akong nakitang justification para gamitan ng baril at patayin yung tao na yun o sugatan lang, pahayag ni Torre.","Wala akong nakitang justification para gamitan ng baril at patayin yung tao na yun o sugatan lang, pahayag ni Torre."
Iyon ang madalas na nakakalimutan ng mga artista.,Iyon ang madalas na nakakalimutan ng mga artista.
(QRS) na mabilis din niyang sisipain ang kontrata nito sa Department of Foreign Affairs (DFA) kapag hindi ito umayos sa kanilang palpak na serbisyo.,(QRS) na mabilis din niyang sisipain ang kontrata nito sa Department of Foreign Affairs (DFA) kapag hindi ito umayos sa kanilang palpak na serbisyo.
Sinabi ni Presidential Spokesman Harry Roque na may direktiba na ang Presidente para tiyaking mabigyan ng hustisya ang pagkasawi ni Jonson.,Sinabi ni Presidential Spokesman Harry Roque na may direktiba na ang Presidente para tiyaking mabigyan ng hustisya ang pagkasawi ni Jonson.
Parang dito na ako hihingi ng tawad.,Parang dito na ako hihingi ng tawad.
"Dahil daw sa privatization, liberalization, at deregulation ng oil industry, nahayaan na tumaas nang tumaas ang presyo ng mga produktong petrolyo.","Dahil daw sa privatization, liberalization, at deregulation ng oil industry, nahayaan na tumaas nang tumaas ang presyo ng mga produktong petrolyo."
"Dapat na manatili lamang sa kanilang tahanan ang mga hindi pa bakunado o unvaccinated individuals, may edad na lagpas sa 65, mga buntis at may comorbidities at immunodeficiencies, maliban na lamang kung kailangang lumabas para sa essentials katulad ng pagbili ng gamot, pagkain at services, papasok sa trabaho at ehersisyo.","Dapat na manatili lamang sa kanilang tahanan ang mga hindi pa bakunado o unvaccinated individuals, may edad na lagpas sa 65, mga buntis at may comorbidities at immunodeficiencies, maliban na lamang kung kailangang lumabas para sa essentials katulad ng pagbili ng gamot, pagkain at services, papasok sa trabaho at ehersisyo."
Medyo hirap pa siya noon mag-Tagalog.,Medyo hirap pa siya noon mag-Tagalog.
"Nang kanilang puntahan ang lugar, nakita nilang nakalugmok ang biktimana may mga tama ng bala sa kaliwang bahagi ng ulo at kaliwang dibdib.","Nang kanilang puntahan ang lugar, nakita nilang nakalugmok ang biktimana may mga tama ng bala sa kaliwang bahagi ng ulo at kaliwang dibdib."
"Ayon kay Los Angeles Police Officer Drake Madison, isang lalaki na may hawak na semi-automatic na handgun ang bumaril sa isang lalaki na nasa edad 30, bago tumakas ang salarin sa isang puting sasakyan at may dala-dalang dalawang French bulldog.","Ayon kay Los Angeles Police Officer Drake Madison, isang lalaki na may hawak na semi-automatic na handgun ang bumaril sa isang lalaki na nasa edad 30, bago tumakas ang salarin sa isang puting sasakyan at may dala-dalang dalawang French bulldog."
"Nagpapasalamat na lang din ako na binigyan nila ako ng gano’ng title, pero iba naman yung title sa passion,” dagdag ng dalaga.","Nagpapasalamat na lang din ako na binigyan nila ako ng gano’ng title, pero iba naman yung title sa passion,” dagdag ng dalaga."
Wala talagang isang factor na magsasabi kung bakit nagkaka-twining.,Wala talagang isang factor na magsasabi kung bakit nagkaka-twining.
"Sa kabila nito, ipinagtanggol ng nakababatang Duterte ang karapatan ng ama na hindi mag-endorso.","Sa kabila nito, ipinagtanggol ng nakababatang Duterte ang karapatan ng ama na hindi mag-endorso."
Bubusisiin din ng Kamara ang pinaniniwalaang sabwatan ng ilang tiwaling opisyal ng pamahalaan sa mga lokal na consignees sapagkat sila ang ginagamit ng mga smuggler upang palusutin ang kanilang mga kalakal.,Bubusisiin din ng Kamara ang pinaniniwalaang sabwatan ng ilang tiwaling opisyal ng pamahalaan sa mga lokal na consignees sapagkat sila ang ginagamit ng mga smuggler upang palusutin ang kanilang mga kalakal.
Karamihan sa mga kaso ay mga bata na may edad 11-taong gulang pababa.,Karamihan sa mga kaso ay mga bata na may edad 11-taong gulang pababa.
Unang tinukoy ni Yumol na matinding galit ang nag-udyok sa kanya na magawa ang krimen ay dahil na rin aniya sa dinanas nitong sobrang panggigipit ng pamilya Furigay na humantong sa pagpaplano nitong patayin ang alkalde.,Unang tinukoy ni Yumol na matinding galit ang nag-udyok sa kanya na magawa ang krimen ay dahil na rin aniya sa dinanas nitong sobrang panggigipit ng pamilya Furigay na humantong sa pagpaplano nitong patayin ang alkalde.
"Sa rami raw ng gatas niya, namigay pa siya sa ibang mommy na walang gatas para mas tumibay ang kanilang mga anak laban sa sakit.","Sa rami raw ng gatas niya, namigay pa siya sa ibang mommy na walang gatas para mas tumibay ang kanilang mga anak laban sa sakit."
"Na namatay noong 1998 sa edad 2, ay naging pangulo mula noong December 1965, at napatalsik sa pamamagitan ng People Power Revolution in February 1986.","Na namatay noong 1998 sa edad 2, ay naging pangulo mula noong December 1965, at napatalsik sa pamamagitan ng People Power Revolution in February 1986."
"Pero bumabalik pa rin siya, sabi ni Evelyn.","Pero bumabalik pa rin siya, sabi ni Evelyn."
"Dapat lang naman kasi constructive ang sasabihin mo, huwag yung tipo na para bang sobra nang bastos ang pagpuna.","Dapat lang naman kasi constructive ang sasabihin mo, huwag yung tipo na para bang sobra nang bastos ang pagpuna."
"Ayon sa ulat ng United Nations Food and Agriculture Organization (FAO), 59 milyong Pilipino ang nakaranas ng food insecurity, o bahagya hanggang malubhang kawalan ng pagkuha ng pagkain.","Ayon sa ulat ng United Nations Food and Agriculture Organization (FAO), 59 milyong Pilipino ang nakaranas ng food insecurity, o bahagya hanggang malubhang kawalan ng pagkuha ng pagkain."
Sinasabing sakay ng Honda City na may plakang NDR 7213 ang mga biktima na minamaneho ni Ognes mula P.,Sinasabing sakay ng Honda City na may plakang NDR 7213 ang mga biktima na minamaneho ni Ognes mula P.
"Doon po, napaupo na lang po ako eh Yung pera na yun pinagipunan ng kapatid ko na construction worker sa ibang bansa, sambit ng biktima.","Doon po, napaupo na lang po ako eh Yung pera na yun pinagipunan ng kapatid ko na construction worker sa ibang bansa, sambit ng biktima."
"Sa tulong ng mga barangay, inabisuhan ang mga apektadong pamilya na mahigpit na pagbaba-walan ang mga residente na lumabas ng kanilang mga tahanan sa buong panahon ng lockdown mali-ban na lang kung medical frontliners, essential government employees, mga pulis, mga opisyales ng barangay at mga indibiduwal na nangangailangan ng atensyong medikal.","Sa tulong ng mga barangay, inabisuhan ang mga apektadong pamilya na mahigpit na pagbaba-walan ang mga residente na lumabas ng kanilang mga tahanan sa buong panahon ng lockdown mali-ban na lang kung medical frontliners, essential government employees, mga pulis, mga opisyales ng barangay at mga indibiduwal na nangangailangan ng atensyong medikal."
"Ngunit ang hindi alam ng biktima, kumuha ng espada at itak ang suspek at sinundan siya.","Ngunit ang hindi alam ng biktima, kumuha ng espada at itak ang suspek at sinundan siya."
Binigyan din daw kaya noon ni Gerald si Bea ng Rolex?,Binigyan din daw kaya noon ni Gerald si Bea ng Rolex?
Labing-anim na taong gulang pa lamang noon si Bugoy Cariño nang nagbuntis ang kasintahang si EJ Laure.,Labing-anim na taong gulang pa lamang noon si Bugoy Cariño nang nagbuntis ang kasintahang si EJ Laure.
Sinabi rin ni Belmonte na mayroon din silang Jobs fair caravan na ilalagay sa mga distrito upang mailapit sa tao ang mga trabaho na maaari nilang aplayan at mapasukan para iwas sa gastos sa pamasahe sa paghahanap ng trabaho.,Sinabi rin ni Belmonte na mayroon din silang Jobs fair caravan na ilalagay sa mga distrito upang mailapit sa tao ang mga trabaho na maaari nilang aplayan at mapasukan para iwas sa gastos sa pamasahe sa paghahanap ng trabaho.
"Kwento ng biktimang isang college student, pauwi na siya galing school at nag-aabang ng jeep pasado alas-sais Martes ng gabi nang mapinsin niya ang isang lalaki na tumitingin sa kanya.","Kwento ng biktimang isang college student, pauwi na siya galing school at nag-aabang ng jeep pasado alas-sais Martes ng gabi nang mapinsin niya ang isang lalaki na tumitingin sa kanya."
Inaabisuhan ni Sobejana ang publiko na ma-ging kalmado at ibibigay ng AFP angseguridad sa bawat Filipino.,Inaabisuhan ni Sobejana ang publiko na ma-ging kalmado at ibibigay ng AFP angseguridad sa bawat Filipino.
"Humingi umano ang ikalawang grupo ng P400,000 na ransom sa pamilya ng mga biktima.","Humingi umano ang ikalawang grupo ng P400,000 na ransom sa pamilya ng mga biktima."
"February 2010 naman nang tuluyang maghiwalay ang dalawa dahil ayon kay Ruffa, tutol ang ABS-CBN management sa kanilang relasyon.","February 2010 naman nang tuluyang maghiwalay ang dalawa dahil ayon kay Ruffa, tutol ang ABS-CBN management sa kanilang relasyon."
"Kung may magtatayo ng community pantry para sa mga mahihirap dito sa amin, tutulong ako.","Kung may magtatayo ng community pantry para sa mga mahihirap dito sa amin, tutulong ako."
Hindi ko lang alam kung yun pa rin ang role niya na isang artistang na-link sa karakter ni John Lloyd.,Hindi ko lang alam kung yun pa rin ang role niya na isang artistang na-link sa karakter ni John Lloyd.
"Ayon sa pulisya, walang maipakitang ID ang suspek bagaman may ibinigay umano itong serial number.","Ayon sa pulisya, walang maipakitang ID ang suspek bagaman may ibinigay umano itong serial number."
May naririnig daw siyang nakikipag-usap sa ilang talent para sa kanilang mga inihahandang programa though sabi nga ng isang showbiz observer matagal pa bago mangyari ito dahil wala pa nga ang mga equipment ng Villar TV unless nga raw magkaroon ng partnership sa ABS-CBN.,May naririnig daw siyang nakikipag-usap sa ilang talent para sa kanilang mga inihahandang programa though sabi nga ng isang showbiz observer matagal pa bago mangyari ito dahil wala pa nga ang mga equipment ng Villar TV unless nga raw magkaroon ng partnership sa ABS-CBN.
Una nang napaulat na dinukot ng mga armadong lalaki ang mag-asawa at nagawa lang makatakas ng kanilang driver matapos bugbugin.,Una nang napaulat na dinukot ng mga armadong lalaki ang mag-asawa at nagawa lang makatakas ng kanilang driver matapos bugbugin.
"And yes, ilang scholar nga ng kanyang foundation ang nakapagtapos na ng pag-aaral kaya naman abot-langit ngayon ang kaligayahan ng Kapuso Drama Prince.","And yes, ilang scholar nga ng kanyang foundation ang nakapagtapos na ng pag-aaral kaya naman abot-langit ngayon ang kaligayahan ng Kapuso Drama Prince."
Malamang na um-attend naman sila ng misis niyang si Sarah Lahbati kapag natuloy yung pa-block screening namin.,Malamang na um-attend naman sila ng misis niyang si Sarah Lahbati kapag natuloy yung pa-block screening namin.
Nag-iisa ka pa rin siya.,Nag-iisa ka pa rin siya.
Mayorya anya ng mga mambabatas na miyembro ng kaniyang panel ang bumoto sa kanilang irerekomendang hatol kay Teves.,Mayorya anya ng mga mambabatas na miyembro ng kaniyang panel ang bumoto sa kanilang irerekomendang hatol kay Teves.
"Nilinaw na hindi lubos na tutol sa modernization program, iginiit ni Go na dapat bigyan ng gobyerno ng sapat na oras at suporta ang mga tradisyunal na jeepney operator sa transition hanggang sa makapag-adjust sa mga kinakailangan ng programa.","Nilinaw na hindi lubos na tutol sa modernization program, iginiit ni Go na dapat bigyan ng gobyerno ng sapat na oras at suporta ang mga tradisyunal na jeepney operator sa transition hanggang sa makapag-adjust sa mga kinakailangan ng programa."
"Dahil may withdrawal slip, natukoy ng Landbank ang may-ari ng pera at naibalik kay Lydia.","Dahil may withdrawal slip, natukoy ng Landbank ang may-ari ng pera at naibalik kay Lydia."
"Samantala, nag-post din si Chesca ng litrato nila ni Doug at sinabing kapag may espesyal na okasyon ay hindi talaga nakakalimot ang asawa na regaluhan siya ng alahas.","Samantala, nag-post din si Chesca ng litrato nila ni Doug at sinabing kapag may espesyal na okasyon ay hindi talaga nakakalimot ang asawa na regaluhan siya ng alahas."
"Bukod sa Novavax, sinabi ni Romualdez na may isa pang kompanya sa Amerika na pinag-aaralan din aniya ang posibleng pagbubukas ng manufacturing plant ng bakuna sa Pilipinas para mapalawak ang kanilang operasyon sa Asya.","Bukod sa Novavax, sinabi ni Romualdez na may isa pang kompanya sa Amerika na pinag-aaralan din aniya ang posibleng pagbubukas ng manufacturing plant ng bakuna sa Pilipinas para mapalawak ang kanilang operasyon sa Asya."
"Kasabay nito, binalaan din ni Moreno ang mga traffic enforcers na wag gagawa ng iregularidad dahil tatamaan sila ng ‘one strike policy’ sa mga masasangkot sa extortion at iba pang anomalya sa pagganap sa kanilang trabaho.","Kasabay nito, binalaan din ni Moreno ang mga traffic enforcers na wag gagawa ng iregularidad dahil tatamaan sila ng ‘one strike policy’ sa mga masasangkot sa extortion at iba pang anomalya sa pagganap sa kanilang trabaho."
Inamin naman ng suspek na siya ay nakainom ng alak nang mapatay nito ang kanyang kasamahang sundalo.,Inamin naman ng suspek na siya ay nakainom ng alak nang mapatay nito ang kanyang kasamahang sundalo.
"Hanggang sa ngayon, ang ating pinaghahawakang kumpletong ebidensiya ay ang isang bakunadong individual can still be infected and can still infect others, ani Vergeire.","Hanggang sa ngayon, ang ating pinaghahawakang kumpletong ebidensiya ay ang isang bakunadong individual can still be infected and can still infect others, ani Vergeire."
Mas maluwag at simple na rin diumano ang layout ng park sa kabuuang 3.4.,Mas maluwag at simple na rin diumano ang layout ng park sa kabuuang 3.4.
Ang pasyente ay nagkaroon umano ng lagnat noong Hulyo 21 na sinundan ng mga pantal sa mukha at katawan.,Ang pasyente ay nagkaroon umano ng lagnat noong Hulyo 21 na sinundan ng mga pantal sa mukha at katawan.
"Base sa ulat ng DepEd-NCR, sinabi ni DepEd spokesperson Michael Poa na ang mga naturang pampublikong paaralan at nag-o-operate na ng full capacity, o 100% ng kanilang mga estudyante ay nakabalik na sa kani-kanilang mga paaralan.","Base sa ulat ng DepEd-NCR, sinabi ni DepEd spokesperson Michael Poa na ang mga naturang pampublikong paaralan at nag-o-operate na ng full capacity, o 100% ng kanilang mga estudyante ay nakabalik na sa kani-kanilang mga paaralan."
Natawa si Anjo Yllana nang mabasa ang isang interview kay Sheryl Cruz na parang may ligawang nangyayari sa kanilang dalawa.,Natawa si Anjo Yllana nang mabasa ang isang interview kay Sheryl Cruz na parang may ligawang nangyayari sa kanilang dalawa.
Kumolekta rin ang national team ng anim na silver at siyam na bronze medals sa 2019 biennial meet na idinaos sa bansa.,Kumolekta rin ang national team ng anim na silver at siyam na bronze medals sa 2019 biennial meet na idinaos sa bansa.
Isinugod sa ospital ang dalawang lalaki pero idineklarang dead on arrival.,Isinugod sa ospital ang dalawang lalaki pero idineklarang dead on arrival.
"Sabi ni Finance Secretary Benjamin Diokno, gagawin ng panukalang batas na kapareho ang sistema ng pagbubuwis ng Pilipinas sa mga karatig bansa sa South East Asia.","Sabi ni Finance Secretary Benjamin Diokno, gagawin ng panukalang batas na kapareho ang sistema ng pagbubuwis ng Pilipinas sa mga karatig bansa sa South East Asia."
Inaalam pa ng mga awtoridad ang sanhi ng dalawang sunog.--FRJ.,Inaalam pa ng mga awtoridad ang sanhi ng dalawang sunog.--FRJ.
"Ayon kay Raffy, may mga insidente ng mga reporter na tinamaan at namatay sa kalagitnaan ng coverage sa giyera.","Ayon kay Raffy, may mga insidente ng mga reporter na tinamaan at namatay sa kalagitnaan ng coverage sa giyera."
"Bukod kina Cusi at Matibag, kasama rin sa mga pinasibak ni Pacquiao si Astra Naik, ang membership committee head ng partido.","Bukod kina Cusi at Matibag, kasama rin sa mga pinasibak ni Pacquiao si Astra Naik, ang membership committee head ng partido."
Ginawa ni Robredo ang pahayag nang tanungin ang kanyang opinyon kaugnay sa mandatory anti-COVID vaccination sa “eligible members” ng bansa na isinusulong ng Department of Health.,Ginawa ni Robredo ang pahayag nang tanungin ang kanyang opinyon kaugnay sa mandatory anti-COVID vaccination sa “eligible members” ng bansa na isinusulong ng Department of Health.
"Palagi pa rin tayong magsusuot ng face mask at face shield, maghuhugas ng mga kamay at iwasan ang matataong lugar, para sa social distancing.","Palagi pa rin tayong magsusuot ng face mask at face shield, maghuhugas ng mga kamay at iwasan ang matataong lugar, para sa social distancing."
"Kuwento ng aming source, “Marami na siyang nabibiling properties, inilalagay niya yun sa pangalan ng mga anak niya.","Kuwento ng aming source, “Marami na siyang nabibiling properties, inilalagay niya yun sa pangalan ng mga anak niya."
Tuluyan nang makakamit ng PLDT franchise ang pang-siyam na kampeonato kung muling mananaig sa Game Six ng best-of-seven title series bukas sa Big Dome.,Tuluyan nang makakamit ng PLDT franchise ang pang-siyam na kampeonato kung muling mananaig sa Game Six ng best-of-seven title series bukas sa Big Dome.
Nauna nang hinawakan ng 57-anyos na si Vucinic ang New Zealand national team at naging assistant ni Gilas Pilipinas head coach Chot Reyes simula noong Pebrero.,Nauna nang hinawakan ng 57-anyos na si Vucinic ang New Zealand national team at naging assistant ni Gilas Pilipinas head coach Chot Reyes simula noong Pebrero.
"Sabi raw ni Iza, naghuhugas daw siya ng mga plato pero nagulat daw siya nang makita niya ang makapal na usok sa katabing building.","Sabi raw ni Iza, naghuhugas daw siya ng mga plato pero nagulat daw siya nang makita niya ang makapal na usok sa katabing building."
"Kung totoo ito, kung 50/50 sila ng partner niya, less tax, malaking-malaking halaga pa rin yun.","Kung totoo ito, kung 50/50 sila ng partner niya, less tax, malaking-malaking halaga pa rin yun."
"Bukod dito, nakapagtala rin ng 118 pang bagong kaso ng Omicron subvariants, kabilang ang 60 kaso ng BA.2.3.20.","Bukod dito, nakapagtala rin ng 118 pang bagong kaso ng Omicron subvariants, kabilang ang 60 kaso ng BA.2.3.20."
"Wika naman ni Labog, napatunayan ding kayang magbuhos ng gobyerno ng malaking pondo para sa mga kontrobersyal na kontrata sa pribadong sektor gaya ng sa Pharmally Pharmaceutical Corpiration na maaaring sumalo sana sa libreng health care.","Wika naman ni Labog, napatunayan ding kayang magbuhos ng gobyerno ng malaking pondo para sa mga kontrobersyal na kontrata sa pribadong sektor gaya ng sa Pharmally Pharmaceutical Corpiration na maaaring sumalo sana sa libreng health care."
"Kasi parang 'yun nga very different, and ibang era na rin eh, streaming, 'yung Netflix films parang ibang flavor.","Kasi parang 'yun nga very different, and ibang era na rin eh, streaming, 'yung Netflix films parang ibang flavor."
Subalit nagpahiwatig din si Pangulong Duterte na posibleng lumipad siya patungong The Netherlands para magbigay aniya ng talumpati sa ICC.,Subalit nagpahiwatig din si Pangulong Duterte na posibleng lumipad siya patungong The Netherlands para magbigay aniya ng talumpati sa ICC.
Umapela na rin si Danao sa publiko na magkaroon ng sariling disiplina at sumunod saCOVID-19 safety protocols dahil nahaharap na naman ang bansa sa panibagong pagsipa ng mga kaso.,Umapela na rin si Danao sa publiko na magkaroon ng sariling disiplina at sumunod saCOVID-19 safety protocols dahil nahaharap na naman ang bansa sa panibagong pagsipa ng mga kaso.
Na mas mabilis na makahawa ay maaaring labanan sa pamamagitan nang pagpapahusay ng vaccination turnout partikular na mga indibiduwal na immunocompromised at vulnerable sa virus.,Na mas mabilis na makahawa ay maaaring labanan sa pamamagitan nang pagpapahusay ng vaccination turnout partikular na mga indibiduwal na immunocompromised at vulnerable sa virus.
"“Plano po naming dalawa yun,” bulalas ni Bianca nang tinanong namin ito sa kanya sa mediacon ng bago nilang drama series na The Write One na magsisimula na sa March 20.","“Plano po naming dalawa yun,” bulalas ni Bianca nang tinanong namin ito sa kanya sa mediacon ng bago nilang drama series na The Write One na magsisimula na sa March 20."
Wala nang mangyayaring walk-ins sa gagawing pamamahagi ngDepartment of Social Welfare and Development(DSWD) ng educationalassistancesa mahihirap na mag-aaral sa bansa lalo na sa Metro Manila.,Wala nang mangyayaring walk-ins sa gagawing pamamahagi ngDepartment of Social Welfare and Development(DSWD) ng educationalassistancesa mahihirap na mag-aaral sa bansa lalo na sa Metro Manila.
Pero bago ito ay nagtungo muna sa Makati ang dating pangulo para mag-window shopping.,Pero bago ito ay nagtungo muna sa Makati ang dating pangulo para mag-window shopping.
Inaanyayahan tayo ng Pagbasa na patunayan natin ang ating pag-ibig sa Diyos sa pamamagitan ng pag-ibig natin sa ating kapuwa.,Inaanyayahan tayo ng Pagbasa na patunayan natin ang ating pag-ibig sa Diyos sa pamamagitan ng pag-ibig natin sa ating kapuwa.
May ipinatupad din na curfew mula alas-10:00 ng gabi hanggang alas-5:00 ng umaga kinabusakan.,May ipinatupad din na curfew mula alas-10:00 ng gabi hanggang alas-5:00 ng umaga kinabusakan.
Mapapanood si Maymay bilang isang waitress na makararanas nang pamamahiya ng isang social media influencer.,Mapapanood si Maymay bilang isang waitress na makararanas nang pamamahiya ng isang social media influencer.
"Bandang alas-5:40 ng umaga nang magsagawa ng buy-bust operation ang mga operatiba ng Station Drug Enforcement Unit (SDEU) sa pangunguna ni P/Lt Joel Madregalejo ng buy-bust operation sa kahabaan ng Gen. T De Leon Road, Brgy.","Bandang alas-5:40 ng umaga nang magsagawa ng buy-bust operation ang mga operatiba ng Station Drug Enforcement Unit (SDEU) sa pangunguna ni P/Lt Joel Madregalejo ng buy-bust operation sa kahabaan ng Gen. T De Leon Road, Brgy."
"Magkasama ngayon sina Charlie at Joshua sa bagong drama series ng ABS-CBN na “Viral Scandal” na mapapanood na ngayong Lunes, Nov.","Magkasama ngayon sina Charlie at Joshua sa bagong drama series ng ABS-CBN na “Viral Scandal” na mapapanood na ngayong Lunes, Nov."
"Nagkikita pa rin naman kami when we have work at nakakapag-guest ako sa All-Out Sundays, dito sa GMA ganyan.","Nagkikita pa rin naman kami when we have work at nakakapag-guest ako sa All-Out Sundays, dito sa GMA ganyan."
Kesyo hindi raw naibibigay sa tamang araw ang suweldo nila.,Kesyo hindi raw naibibigay sa tamang araw ang suweldo nila.
"Sa ngayon daw ay ang pamilya ang inspirasyon niya, at wala nang iba.","Sa ngayon daw ay ang pamilya ang inspirasyon niya, at wala nang iba."
Sinabi rin ni Liza na masaya ang aktres sa kaniyang pagiging Kapuso.,Sinabi rin ni Liza na masaya ang aktres sa kaniyang pagiging Kapuso.
"Para pangmatagalan daw na mapababa ang presyo ng bigas habang nakikinabang ang nakararami, itinutulak ngayon nina Estavillo ang pagsasabatas ng nakabinbing House Bill 405 o Rice Industry Development Act (RIDA) ng koalisyong Makabayan.","Para pangmatagalan daw na mapababa ang presyo ng bigas habang nakikinabang ang nakararami, itinutulak ngayon nina Estavillo ang pagsasabatas ng nakabinbing House Bill 405 o Rice Industry Development Act (RIDA) ng koalisyong Makabayan."
"Pakalat-kalat lang siya dati rito sa atin, pero hindi na siya maabot ngayon!","Pakalat-kalat lang siya dati rito sa atin, pero hindi na siya maabot ngayon!"
"Usap-usapan ngayon ang ""sweet"" na photos ng aktor na si James Reid at ni Issa Pressman — kapatid ng aktres na si Yassi — na dati nang itinuturo bilang isa sa mga dahilan ng hiwalayan ng aktor kay Nadine Lustre.","Usap-usapan ngayon ang ""sweet"" na photos ng aktor na si James Reid at ni Issa Pressman — kapatid ng aktres na si Yassi — na dati nang itinuturo bilang isa sa mga dahilan ng hiwalayan ng aktor kay Nadine Lustre."
Nito lamang Lunes nang mag-post si Viy ng litrato tungkol sa kanyang pagbubuntis kung saan sinabi niyang oras na lang ang hinihintay bago magbago ang buhay nila ng kanyang nobyo.,Nito lamang Lunes nang mag-post si Viy ng litrato tungkol sa kanyang pagbubuntis kung saan sinabi niyang oras na lang ang hinihintay bago magbago ang buhay nila ng kanyang nobyo.
"Puro “Thank you, Lord” ang lumalabas sa bibig ngayon ng Comedy Concert Queen dahil tunay namang nagaganap ang milagro sa iba-ibang hugis at paraan.","Puro “Thank you, Lord” ang lumalabas sa bibig ngayon ng Comedy Concert Queen dahil tunay namang nagaganap ang milagro sa iba-ibang hugis at paraan."
"Nakikipag-ugnayan na rin sila sa tatay ng umanoy unang middleman, namatay sa loob ng New Bilibid Prison, sa planong pagpaslang sa dating broadcaster.","Nakikipag-ugnayan na rin sila sa tatay ng umanoy unang middleman, namatay sa loob ng New Bilibid Prison, sa planong pagpaslang sa dating broadcaster."
Gagamitin din daw niya yun sa kanyang vlog.,Gagamitin din daw niya yun sa kanyang vlog.
"Sa imbestigasyon ng Daet Police, dakong alas-5 ng hapon ay puwersahang pinasok umano ni Bolocon ang bahay ng negosyanteng si Janet Cama Nael, 43-anyos sa nasabing lugar.","Sa imbestigasyon ng Daet Police, dakong alas-5 ng hapon ay puwersahang pinasok umano ni Bolocon ang bahay ng negosyanteng si Janet Cama Nael, 43-anyos sa nasabing lugar."
Agad naman siyang inalalayan ni Sol Aragones at Jigo Postolero na dalawang magkasangga sa paghahatid ng serbisyo publiko sa I-Abante Mo.,Agad naman siyang inalalayan ni Sol Aragones at Jigo Postolero na dalawang magkasangga sa paghahatid ng serbisyo publiko sa I-Abante Mo.
Kaya nangangamba kaming baka tuluyan nang magsara ang mga sinehan kung ganito pa rin ang mangyayari sa ating movie industry.,Kaya nangangamba kaming baka tuluyan nang magsara ang mga sinehan kung ganito pa rin ang mangyayari sa ating movie industry.
"Siksik din sa sorpresa at kilig ang buwan ng mga puso sa iWantTFC sa pagdating ngayong Pebrero 10 ng original series na Unloving U, kung saan susuungin nina Ronnie Alonte at Loisa Andalio ang mga hamon ng bawal na pag-ibig.","Siksik din sa sorpresa at kilig ang buwan ng mga puso sa iWantTFC sa pagdating ngayong Pebrero 10 ng original series na Unloving U, kung saan susuungin nina Ronnie Alonte at Loisa Andalio ang mga hamon ng bawal na pag-ibig."
"Sa kabilang banda, pinatunayan ni Gomez de Liaño na karapat-dapat ito sa pool nang umiskor ito ng 12.0.","Sa kabilang banda, pinatunayan ni Gomez de Liaño na karapat-dapat ito sa pool nang umiskor ito ng 12.0."
"Dahil ang pagbibigay prangkisa ay isang pribiliheyo, sinabi ni Poe na kailangang pagkatiwalan ang mga karakter sa likod ng franchise application.","Dahil ang pagbibigay prangkisa ay isang pribiliheyo, sinabi ni Poe na kailangang pagkatiwalan ang mga karakter sa likod ng franchise application."
"Mula nang ipaampon sa mga kamag-anak ng kanilang magulang, unang nagkita at nagkasama sina Teresa at Corazon noong mga dalagita na sila.","Mula nang ipaampon sa mga kamag-anak ng kanilang magulang, unang nagkita at nagkasama sina Teresa at Corazon noong mga dalagita na sila."
Nagpaalala naman ang pamunuan ng Luneta sa mga namamasyal na huwag magkalat at itapon ng maayos ang kanilang mga basura na taun-taon na lang ay trak-trak ang nahahakot bago sumapit noon ang pandemya.,Nagpaalala naman ang pamunuan ng Luneta sa mga namamasyal na huwag magkalat at itapon ng maayos ang kanilang mga basura na taun-taon na lang ay trak-trak ang nahahakot bago sumapit noon ang pandemya.
"Pero ayon sa isang source, inaayos lang diumano ang papel ni Tirso bago umupo anumang oras pag iniutos na ng bagong Pangulo.","Pero ayon sa isang source, inaayos lang diumano ang papel ni Tirso bago umupo anumang oras pag iniutos na ng bagong Pangulo."
"Ayon kay Bosantog, ang petisyonay base na rin umano sa mga pamantayan nito gaya ng hindi pagsunod sa mga itinatakda ng Saligang Batas ng Pilipinas at ang tanging layunin lamang ng CPP-NPA ay daanin sa dahas ang pang-aagaw ng demokratikong pamahalaan sa bansa.","Ayon kay Bosantog, ang petisyonay base na rin umano sa mga pamantayan nito gaya ng hindi pagsunod sa mga itinatakda ng Saligang Batas ng Pilipinas at ang tanging layunin lamang ng CPP-NPA ay daanin sa dahas ang pang-aagaw ng demokratikong pamahalaan sa bansa."
New YORK - Dumiretso ang Brooklyn Nets sa kanilang ikatlong sunod na panalo matapos umiskor si Kevin Durant ng 32 points sa 117-108 pagkulong sa Atlanta Hawks.,New YORK - Dumiretso ang Brooklyn Nets sa kanilang ikatlong sunod na panalo matapos umiskor si Kevin Durant ng 32 points sa 117-108 pagkulong sa Atlanta Hawks.
"Niña Taduran ng ACT-CIS na partylist na nag-number one nung 2019 elections, kailangan naman daw talagang rebisahin at repasuhin ang mga partylist na gustong pumasok sa Kongreso.","Niña Taduran ng ACT-CIS na partylist na nag-number one nung 2019 elections, kailangan naman daw talagang rebisahin at repasuhin ang mga partylist na gustong pumasok sa Kongreso."
"Dahil sa puro Pinoy ang 21 tripulante na sakay, agad na nagtu-ngo sa Pilipinas ang barko ngunit hindi muna agad na pinadaong ng BOQ.","Dahil sa puro Pinoy ang 21 tripulante na sakay, agad na nagtu-ngo sa Pilipinas ang barko ngunit hindi muna agad na pinadaong ng BOQ."
Lasing na lasing na raw sila at nanaig na ang pagkalalaki ni bading at siguro ang pagkababae na rin ni tibo.,Lasing na lasing na raw sila at nanaig na ang pagkalalaki ni bading at siguro ang pagkababae na rin ni tibo.
"“Kawawa ang mga jeepney drivers, kasi talagang humina ang kita nila since nung nagka-pandemic,” pahayag pa ni Chemist Pinky.","“Kawawa ang mga jeepney drivers, kasi talagang humina ang kita nila since nung nagka-pandemic,” pahayag pa ni Chemist Pinky."
"Maliwanag na ang gusto ng market ay walang ka-love team si Joshua, eh bakit naman ipipilit pa nila?","Maliwanag na ang gusto ng market ay walang ka-love team si Joshua, eh bakit naman ipipilit pa nila?"
"Cora Oriel na co-producer ng LA show ni Jose Mari, ngayon pa lang daw ay hinihintay na ang paglalabas nila ng tickets dahil ipangreregalo raw yon ngayong Holidays.","Cora Oriel na co-producer ng LA show ni Jose Mari, ngayon pa lang daw ay hinihintay na ang paglalabas nila ng tickets dahil ipangreregalo raw yon ngayong Holidays."
"“Before siya manalo tinanong ko siya kung lilipat na ba ako ng bahay kasi safety ang iniisip ko eh,” pero pagkatapos daw nito ay wala na uling naganap na pag-uusap.","“Before siya manalo tinanong ko siya kung lilipat na ba ako ng bahay kasi safety ang iniisip ko eh,” pero pagkatapos daw nito ay wala na uling naganap na pag-uusap."
"Sinabi ni Morales na dahil sa pagwawagi ng ina niya laban sa “Big C,” higit siyang nagsisikap na magsagawa ng mga birthday mission.","Sinabi ni Morales na dahil sa pagwawagi ng ina niya laban sa “Big C,” higit siyang nagsisikap na magsagawa ng mga birthday mission."
"Una rito, inihayag ng BIR sa kanilang sulat sa Aksyon Demokratiko, na nagpadala sila ng written demand letter sa pamilya ng namayapang dating Pangulong Ferdinand Marcos, tungkol sa kanilang utang sa buwis na lumobo na sa P203.819.","Una rito, inihayag ng BIR sa kanilang sulat sa Aksyon Demokratiko, na nagpadala sila ng written demand letter sa pamilya ng namayapang dating Pangulong Ferdinand Marcos, tungkol sa kanilang utang sa buwis na lumobo na sa P203.819."
"Pinuna ni Gatchalian na simula 2010, ang average share o bahagi ng mga teenage pregnancy sa kabuuang bilang ng mga pagbubuntis ay umakyat sa 28 porsyento.","Pinuna ni Gatchalian na simula 2010, ang average share o bahagi ng mga teenage pregnancy sa kabuuang bilang ng mga pagbubuntis ay umakyat sa 28 porsyento."
"Pero malaking risk din iyan, papaano kung walang pumasok sa sinehan after all inaasahan na nilang ilalabas din agad iyan sa TV?","Pero malaking risk din iyan, papaano kung walang pumasok sa sinehan after all inaasahan na nilang ilalabas din agad iyan sa TV?"
"Sipocot, Camarines Sur, Philippines — Namatay noon din ang isang 25-anyos na lalaki matapos siyang pagsasaksakin ng kanyang nakakabatang kapatid nang magtalo sa kanilang inuman,kahapon ng umaga sa bayang ito.","Sipocot, Camarines Sur, Philippines — Namatay noon din ang isang 25-anyos na lalaki matapos siyang pagsasaksakin ng kanyang nakakabatang kapatid nang magtalo sa kanilang inuman,kahapon ng umaga sa bayang ito."
Nagresulta ang mga naturang operasyon sa pagkakumpiska ng humigit-kumulang sa 580 kilo ng shabu na may estimated value na P3.944.,Nagresulta ang mga naturang operasyon sa pagkakumpiska ng humigit-kumulang sa 580 kilo ng shabu na may estimated value na P3.944.
Dahil mas malaki ang ibinaba ng singil ng independent power producers at sa wholesale electricity spot market kaysa sa itinaas na singil mula sa mga power supply agreements.,Dahil mas malaki ang ibinaba ng singil ng independent power producers at sa wholesale electricity spot market kaysa sa itinaas na singil mula sa mga power supply agreements.
"Karapatan ng bawat kabataan ang de-kalidad na edukasyon kayat hindi tayo nag-atubiling palawakin pa ang kasalukuyang scholarship program ng lungsod para mas marami pang mag-aaral ang makatanggap nito, pahayag ni Mayor Joy Belmonte.","Karapatan ng bawat kabataan ang de-kalidad na edukasyon kayat hindi tayo nag-atubiling palawakin pa ang kasalukuyang scholarship program ng lungsod para mas marami pang mag-aaral ang makatanggap nito, pahayag ni Mayor Joy Belmonte."
Sinabi ni Mabasa na sila lamang ang maaring lumaban at magsalita upang makamit anghustisya sa pagpaslang sa kanyang kapatid.,Sinabi ni Mabasa na sila lamang ang maaring lumaban at magsalita upang makamit anghustisya sa pagpaslang sa kanyang kapatid.
Humahawak talaga ako nang mahigpit dahil nadadala ako ng aking karga na gallon.,Humahawak talaga ako nang mahigpit dahil nadadala ako ng aking karga na gallon.
"Nakakonekta ang off the shelf charger sa isang diesel generator na gumagana gamit ang mantika, na siyang gagamitin sa pag-recharge ng electric cars.","Nakakonekta ang off the shelf charger sa isang diesel generator na gumagana gamit ang mantika, na siyang gagamitin sa pag-recharge ng electric cars."
"Pansin nila kahit anong post nito, nabawasan na ang interes ng kanyang followers.","Pansin nila kahit anong post nito, nabawasan na ang interes ng kanyang followers."
"At siyempre, iba rin ang karanasan ko nung ambassador dun ang father ni Inday Badiday na nagpupunta kami ng Korea pero hindi naman kami naglilibot, at ang mga crush ko pa nun mga US military dahil sa kampo sa kami dinadala ng father ni Inday Badiday.","At siyempre, iba rin ang karanasan ko nung ambassador dun ang father ni Inday Badiday na nagpupunta kami ng Korea pero hindi naman kami naglilibot, at ang mga crush ko pa nun mga US military dahil sa kampo sa kami dinadala ng father ni Inday Badiday."
Sinabi ni Moreno na kinakailangan na RT-PCR test ang kanilang gamitin dahil sa hindi nadi-detect ng antigen test ang Delta variant bagamat nakakatukoy itong mga taong positibo sa virus.,Sinabi ni Moreno na kinakailangan na RT-PCR test ang kanilang gamitin dahil sa hindi nadi-detect ng antigen test ang Delta variant bagamat nakakatukoy itong mga taong positibo sa virus.
"Sa imbestigasyon ni Police Corporal Edison John Tan, may hawak ng kaso, alas-2:30 ng hapon habang magkaangkas ang mga biktima sa Honda Click na kulay asul at bumabagtas sa nasabing highway nang mawalan ng kontrolsa manibela ang nasabing driver sanhi upang sila ay sumemplang at humataw sa kalsada.","Sa imbestigasyon ni Police Corporal Edison John Tan, may hawak ng kaso, alas-2:30 ng hapon habang magkaangkas ang mga biktima sa Honda Click na kulay asul at bumabagtas sa nasabing highway nang mawalan ng kontrolsa manibela ang nasabing driver sanhi upang sila ay sumemplang at humataw sa kalsada."
"Kahapon nga ay lumobo uli sa 8,562 ang new positive cases.","Kahapon nga ay lumobo uli sa 8,562 ang new positive cases."
"Oyama habang mga saksak sa likod ang inabot ni Edward Genechez, 19-anyos ng Brgy.","Oyama habang mga saksak sa likod ang inabot ni Edward Genechez, 19-anyos ng Brgy."
"Legazpi CITY, Albay, Philippines — Isa na namang drug den ang nalansag habang 9 katao ang arestado matapos ang buy-bust operation na inilatag ng Philippine Drug Enforcement Agency (PDEA) sa Purok-3, Brgy.","Legazpi CITY, Albay, Philippines — Isa na namang drug den ang nalansag habang 9 katao ang arestado matapos ang buy-bust operation na inilatag ng Philippine Drug Enforcement Agency (PDEA) sa Purok-3, Brgy."
Nag-utos ang kapitan ng bangka na iabandona ang sasakyan dahil nasusunog na ito.,Nag-utos ang kapitan ng bangka na iabandona ang sasakyan dahil nasusunog na ito.
"Sa honorarium lang sila umaasa bilang kapalit ng kanilang serbisyo kaya nararapat lang na ibigay ang para sa kanila na at least hindi na nila problema kung sakaling masaktan sila while in performing their peace duties, sabi ni Eleazar.","Sa honorarium lang sila umaasa bilang kapalit ng kanilang serbisyo kaya nararapat lang na ibigay ang para sa kanila na at least hindi na nila problema kung sakaling masaktan sila while in performing their peace duties, sabi ni Eleazar."
"Para naman kay Christopher, mahalaga na nauunawaan ng mag-partner ang kanilang mga limitasyon.","Para naman kay Christopher, mahalaga na nauunawaan ng mag-partner ang kanilang mga limitasyon."
"Kapag sinabi niyang puwede ito, Sinovac, Sinopharm or AstraZeneca o Moderna, kung ano ang sinabi ng doktor sa kanya, yon ang ituturok sa kanya, sabi ni Go.","Kapag sinabi niyang puwede ito, Sinovac, Sinopharm or AstraZeneca o Moderna, kung ano ang sinabi ng doktor sa kanya, yon ang ituturok sa kanya, sabi ni Go."
"Ayon pa kay Sotto, ang paglilingkod bilang presidente at bise presidente ng bansa kung sila ang pipiliin ng taumbayan sa halalan sa Mayo ay magiging huling yugto ng kanilang paninilbihan sa publiko na kung pagsasamahin ay aabot na sa 83 taon.","Ayon pa kay Sotto, ang paglilingkod bilang presidente at bise presidente ng bansa kung sila ang pipiliin ng taumbayan sa halalan sa Mayo ay magiging huling yugto ng kanilang paninilbihan sa publiko na kung pagsasamahin ay aabot na sa 83 taon."
Para bang natatakot akong madagdagan nang madagdagan ako ng edad.,Para bang natatakot akong madagdagan nang madagdagan ako ng edad.
"Sa ipinadalang pahayag sa Malacañang, sinabi ng kalihim na masyadong mabagsik at mabilis makahawa ang COVID-19 kaya dapat na gawin ang lahat ng pag-iingat ng publiko.","Sa ipinadalang pahayag sa Malacañang, sinabi ng kalihim na masyadong mabagsik at mabilis makahawa ang COVID-19 kaya dapat na gawin ang lahat ng pag-iingat ng publiko."
"Sa ulat ng Batangas Police, nag-ugat ang insidente matapos malaman ni Gonatice na pinakain ni Carreon ng sili ang kaniyang alagang pusa bandang alas-12 ng madaling araw sa City Park Subdivision, Brgy.","Sa ulat ng Batangas Police, nag-ugat ang insidente matapos malaman ni Gonatice na pinakain ni Carreon ng sili ang kaniyang alagang pusa bandang alas-12 ng madaling araw sa City Park Subdivision, Brgy."
Maraming mga manggagawa ang patuloy na lumalabas at naghahanapbuhay upang mayroong maipakain sa pamilya.,Maraming mga manggagawa ang patuloy na lumalabas at naghahanapbuhay upang mayroong maipakain sa pamilya.
Itinanggi rin ng senador ang pagkakaugnay ng kanyang asawa sa pamilya ng kongresista.,Itinanggi rin ng senador ang pagkakaugnay ng kanyang asawa sa pamilya ng kongresista.
"Samantala, ayon naman sa co-star ni Janno sa movie na si Mikoy Morales, Sa akin, si Mang Jose kasi, kung titingnan mo talaga ang pinaka-story niya sa pelikulang ito, makikita mo kung gaano ka-in core pa rin sa ating mga pinoy ang family values natin tsaka yung pagiging family-oriented.","Samantala, ayon naman sa co-star ni Janno sa movie na si Mikoy Morales, Sa akin, si Mang Jose kasi, kung titingnan mo talaga ang pinaka-story niya sa pelikulang ito, makikita mo kung gaano ka-in core pa rin sa ating mga pinoy ang family values natin tsaka yung pagiging family-oriented."
"Nabigyan ng tsansa ang Gin Kings na makasama sa quarterfinals nang talunin ng NorthPort Batang Pier ang sibak nang Alaska Aces, 122-94, kamakalawa.","Nabigyan ng tsansa ang Gin Kings na makasama sa quarterfinals nang talunin ng NorthPort Batang Pier ang sibak nang Alaska Aces, 122-94, kamakalawa."
Natural lang na dahil sa haba ng panahong pinagsamahan nila ay asahan ng kanyang mga kasamahan na siya na ang tutulong sa pamilya ng sumakabilang-buhay niyang dating katrabaho.,Natural lang na dahil sa haba ng panahong pinagsamahan nila ay asahan ng kanyang mga kasamahan na siya na ang tutulong sa pamilya ng sumakabilang-buhay niyang dating katrabaho.
"So I feel blessed and sana, yung ibang mga tao rin, okay sila at ang prayer ko, matapos na itong pandemya para mabalik na tayo sa dating buhay nating na nakakalabas tayo nang walang takot.","So I feel blessed and sana, yung ibang mga tao rin, okay sila at ang prayer ko, matapos na itong pandemya para mabalik na tayo sa dating buhay nating na nakakalabas tayo nang walang takot."
"Parang nanghihina po ako dahil yun po ang inaasahan ko para magkaroon ng pera, para kung may maibenta.","Parang nanghihina po ako dahil yun po ang inaasahan ko para magkaroon ng pera, para kung may maibenta."
Inihayag niyang hindi niya alam ang kasarian ng kaniyang anak hanggang sa ipanganak niya ito.,Inihayag niyang hindi niya alam ang kasarian ng kaniyang anak hanggang sa ipanganak niya ito.
"Sa ating umiiral na batas, once lang nagkakaroon ng adjustment sa loob ng isang taon, saad ni Laguesma.","Sa ating umiiral na batas, once lang nagkakaroon ng adjustment sa loob ng isang taon, saad ni Laguesma."
"Gayunman, papayagan namang lumabas ng kanilang mga tahanan ang mga residenteng mangangailangan ng atensyong medikal.","Gayunman, papayagan namang lumabas ng kanilang mga tahanan ang mga residenteng mangangailangan ng atensyong medikal."
Isinulat agad sa braso ko ang 6:42 p.m. ng anesthesiologist na tanong sa akin kung bakit ako umiiyak sabi niya “tears of joy?”,Isinulat agad sa braso ko ang 6:42 p.m. ng anesthesiologist na tanong sa akin kung bakit ako umiiyak sabi niya “tears of joy?”
Nabanggit din nito noon na magkakaroon siya ng pelikula ngayong Pebrero so may chance na baka nalalapit na rin ang pagbabalik ng aktres bagay na nilu-look forward ng kanyang mga taga-subaybay.,Nabanggit din nito noon na magkakaroon siya ng pelikula ngayong Pebrero so may chance na baka nalalapit na rin ang pagbabalik ng aktres bagay na nilu-look forward ng kanyang mga taga-subaybay.
"Aniya, ginawa ito ni Lorenzana nang walang konsultasyon at makaisang-panig, bagay na napag-usapan daw sana.","Aniya, ginawa ito ni Lorenzana nang walang konsultasyon at makaisang-panig, bagay na napag-usapan daw sana."
"Kahit na nang sundan niya iyon, kasama pa ang anak niyang lalaki sa UK, hindi pa rin siya nagsalita bagamat sinasabi na nga ng mga tao na susunod siya roon para alagaan ang kanyang anak na “manganganak”.","Kahit na nang sundan niya iyon, kasama pa ang anak niyang lalaki sa UK, hindi pa rin siya nagsalita bagamat sinasabi na nga ng mga tao na susunod siya roon para alagaan ang kanyang anak na “manganganak”."
Isinagawa ang burol sa kaniya nitong Huwebes.,Isinagawa ang burol sa kaniya nitong Huwebes.
"Pero kung pagpapalit naman ng pangalan, aabot ito ng P3,000 na processing fee.","Pero kung pagpapalit naman ng pangalan, aabot ito ng P3,000 na processing fee."
Sakay raw sila ng elevator pababa ng hotel nang biglang tumigil daw ito at hindi na gumalaw.,Sakay raw sila ng elevator pababa ng hotel nang biglang tumigil daw ito at hindi na gumalaw.
"Kaya naman successful ang Kamiseta Skin at Apparel niya dahil nga wala siyang kiyeme, hindi kagaya ng iba na maeklay.","Kaya naman successful ang Kamiseta Skin at Apparel niya dahil nga wala siyang kiyeme, hindi kagaya ng iba na maeklay."
Malaking dagok din kay Russell ang dalawang taon nitong pagkakatengga dahilan upang mangalawang ito sa laban.,Malaking dagok din kay Russell ang dalawang taon nitong pagkakatengga dahilan upang mangalawang ito sa laban.
"Ang lokal na pamahalaan ang nagpapasya kung ilalagay o aalisin na ang granular lockdown sa isang kabahayan, compound, kalye o gusali sa kanilang nasasakupan batay na rin sa kung ilan ang bilang ng mayroong kaso ng COVID sa lugar.","Ang lokal na pamahalaan ang nagpapasya kung ilalagay o aalisin na ang granular lockdown sa isang kabahayan, compound, kalye o gusali sa kanilang nasasakupan batay na rin sa kung ilan ang bilang ng mayroong kaso ng COVID sa lugar."
But siyempre gusto ko rin siyang makatrabaho sa telebisyon.,But siyempre gusto ko rin siyang makatrabaho sa telebisyon.
"Hindi lang tayo, kundi dapat pati 'yung parents natin, 'yung seniors natin, importante na nakapag-e-exercise rin sila, sabi ng veteran actress.","Hindi lang tayo, kundi dapat pati 'yung parents natin, 'yung seniors natin, importante na nakapag-e-exercise rin sila, sabi ng veteran actress."
"Ang ipinag-aalala ng mga kababayan natin, e, kung saan na sila magsusumbong kapag nasa Senado na si Raffy?","Ang ipinag-aalala ng mga kababayan natin, e, kung saan na sila magsusumbong kapag nasa Senado na si Raffy?"
May mga kaibigan kami na galing pa sa New York City ang bumili na ng tickets.,May mga kaibigan kami na galing pa sa New York City ang bumili na ng tickets.
Ginawa ni Salvaña ang pahayag matapos sabihin ng OCTA na posibleng may community transmission na ng Delta variant sa Metro Manila base sa tumataas na porsiyento ng COVID-19 Delta variant na na-detect sa isinagawang genome sequencing.,Ginawa ni Salvaña ang pahayag matapos sabihin ng OCTA na posibleng may community transmission na ng Delta variant sa Metro Manila base sa tumataas na porsiyento ng COVID-19 Delta variant na na-detect sa isinagawang genome sequencing.
"In-explain ko na po yan na noong Huwebes matapos ang meeting namin with the BARMM officials, itinigil na niya yong aming discussion at 11pm kasi sabi niya gusto niyang pumunta roon sa lamay ni da­ting Presidente Noynoy Aquino.","In-explain ko na po yan na noong Huwebes matapos ang meeting namin with the BARMM officials, itinigil na niya yong aming discussion at 11pm kasi sabi niya gusto niyang pumunta roon sa lamay ni da­ting Presidente Noynoy Aquino."
Sinabi ng DOH at National Task Force Against COVID-19 na marami ng supply na nabili ang gobyerno kaya ido-donate ang iba sa Myanmar na kinakapos ng bakuna laban sa COVID-19.,Sinabi ng DOH at National Task Force Against COVID-19 na marami ng supply na nabili ang gobyerno kaya ido-donate ang iba sa Myanmar na kinakapos ng bakuna laban sa COVID-19.
Wala po sa plano na umabot sa ganito pero okay naman nakikita ko yung ibang directors nakikita nila ako sa iba pang kaya ko pang gawin.,Wala po sa plano na umabot sa ganito pero okay naman nakikita ko yung ibang directors nakikita nila ako sa iba pang kaya ko pang gawin.
"Para naman kay Ricky, sinabi niya na batay sa kaniyang karakter na isang mayor, sinabi ng aktor na natutunan niya na hindi maaaring magdikta ang isang tao kahit pa makapangyarihan.","Para naman kay Ricky, sinabi niya na batay sa kaniyang karakter na isang mayor, sinabi ng aktor na natutunan niya na hindi maaaring magdikta ang isang tao kahit pa makapangyarihan."
"Nangyari ito nang patulugin niya sa kanilang bahay ang kaniyang girlfriend na ipinakilala niyang ""best friend.""","Nangyari ito nang patulugin niya sa kanilang bahay ang kaniyang girlfriend na ipinakilala niyang ""best friend."""
"Mabibili ang Molnupiravir sa Compassionate Special Permit (CSP) na pinapayagan lamang ng FDA sa mga applicant hospital, institution, o sa lisensiyadong doktor.","Mabibili ang Molnupiravir sa Compassionate Special Permit (CSP) na pinapayagan lamang ng FDA sa mga applicant hospital, institution, o sa lisensiyadong doktor."
Nakasentro na ang atensiyon ni Donnie Nietes sa mas malalaking laban matapos ang kanyang impresibong comeback win.,Nakasentro na ang atensiyon ni Donnie Nietes sa mas malalaking laban matapos ang kanyang impresibong comeback win.
24/ 7 ang pagbabantay na ginagawa upang matiyak na walang hayop na maninira sa mga tanim.,24/ 7 ang pagbabantay na ginagawa upang matiyak na walang hayop na maninira sa mga tanim.
Kasi alam po nila na ayaw kong pinag-uusapan ‘yung trabaho sa showbiz.,Kasi alam po nila na ayaw kong pinag-uusapan ‘yung trabaho sa showbiz.
"Sa datos ng PDEA na inilabas ngayong buwan, aabot na sa 6,229 katao ang napapatay sa mga anti-drug operations simula nang umupo si Pangulong Rodrigo Duterte, na nangako nang matinding kampanya laban sa narcotics, noong 2016.","Sa datos ng PDEA na inilabas ngayong buwan, aabot na sa 6,229 katao ang napapatay sa mga anti-drug operations simula nang umupo si Pangulong Rodrigo Duterte, na nangako nang matinding kampanya laban sa narcotics, noong 2016."
Hindi pa rin umano maaaring maiugnay sa mas nakakahawang UK variant ang pagtaas ng COVID-19 cases sa ilang lungsod sa NCR.,Hindi pa rin umano maaaring maiugnay sa mas nakakahawang UK variant ang pagtaas ng COVID-19 cases sa ilang lungsod sa NCR.
"May mga nakalaang parusa sa lalabag sa confidentiality ng impormasyon ng mga magpaparehistro ng SIM card, magbibigay ng maling impormasyon, magnanakaw at magbebenta ng nakarehistrong SIM card, ipagagamit sa iba ang SIM nang hindi sumusunod sa itinatakda ng batas, at iba pa.","May mga nakalaang parusa sa lalabag sa confidentiality ng impormasyon ng mga magpaparehistro ng SIM card, magbibigay ng maling impormasyon, magnanakaw at magbebenta ng nakarehistrong SIM card, ipagagamit sa iba ang SIM nang hindi sumusunod sa itinatakda ng batas, at iba pa."
Siguro ay may pagkakamali rin siya sa kung ano ang nangyari sa kaniyang mga pamangkin dahil tulong lang siya ng tulong at marahil nagkulang siya sa pagbibigay ng emotional support sa mga ito.,Siguro ay may pagkakamali rin siya sa kung ano ang nangyari sa kaniyang mga pamangkin dahil tulong lang siya ng tulong at marahil nagkulang siya sa pagbibigay ng emotional support sa mga ito.
"Kinilala ni P/Colonel Randy Glenn Silvio, Laguna police director, ang mga suspek na sina alias Rogelio, Edick, Randy, Cervacio, Rio, Nestor at Rolando, mga miyembro ng contract killer na pinamumunuan ng isang Jayson Cuento na umano ay siyang utak sa pagpatay sa pangulo ng isang kooperatiba sa nasabing bayan.","Kinilala ni P/Colonel Randy Glenn Silvio, Laguna police director, ang mga suspek na sina alias Rogelio, Edick, Randy, Cervacio, Rio, Nestor at Rolando, mga miyembro ng contract killer na pinamumunuan ng isang Jayson Cuento na umano ay siyang utak sa pagpatay sa pangulo ng isang kooperatiba sa nasabing bayan."
O halos P5 bilyon kumpara noong nakalipas na taon.,O halos P5 bilyon kumpara noong nakalipas na taon.
"Ayon sa kaniyang mga kapitbahay, nagbago ang lalaki nang iwan siya ng kaniyang nobya at nalaman niya na lang na nag-asawa na ito ng iba.","Ayon sa kaniyang mga kapitbahay, nagbago ang lalaki nang iwan siya ng kaniyang nobya at nalaman niya na lang na nag-asawa na ito ng iba."
At lahat ng masasabi ng Presidente roon sa debateng `yon ay makakaapekto sa mga polisiya ng gobyerno.,At lahat ng masasabi ng Presidente roon sa debateng `yon ay makakaapekto sa mga polisiya ng gobyerno.
"Naririnig mo yung torture ng iyak ng baby mo tas di siya makatulog tsaka yung paghinga raw sabi ni Sophie so syempre naririnig ko lang sila, kuwento niya.","Naririnig mo yung torture ng iyak ng baby mo tas di siya makatulog tsaka yung paghinga raw sabi ni Sophie so syempre naririnig ko lang sila, kuwento niya."
"Poblacion Muntinlupa City,alas-10:45 ng gabi ng Biyernes matapos makuhanan ng P374,000 na halaga ng shabu.","Poblacion Muntinlupa City,alas-10:45 ng gabi ng Biyernes matapos makuhanan ng P374,000 na halaga ng shabu."
"Noong sanay na ako, kaya ko nang mag-sprint, na-e-enjoy ko na.","Noong sanay na ako, kaya ko nang mag-sprint, na-e-enjoy ko na."
Kailangan gutom kami palagi.,Kailangan gutom kami palagi.
"Tinukoy rin ito ng European Center for Disease Prevention and Control bilang “variant of interest”, habang ang ayon sa US Centers for Disease Control and Prevention, ang naturang subvariant ang bumubuo sa 66.4%.","Tinukoy rin ito ng European Center for Disease Prevention and Control bilang “variant of interest”, habang ang ayon sa US Centers for Disease Control and Prevention, ang naturang subvariant ang bumubuo sa 66.4%."
Inamin din ni Karen na lahat ng kinita niya noong “TV Patrol” days niya ay itinabi niya hanggang sa “Bandila” since wala siyang luho sa katawan at matagal bago niya naisip itong gastusin at mag-travel sa ibang bansa kasama ang pamilya.,Inamin din ni Karen na lahat ng kinita niya noong “TV Patrol” days niya ay itinabi niya hanggang sa “Bandila” since wala siyang luho sa katawan at matagal bago niya naisip itong gastusin at mag-travel sa ibang bansa kasama ang pamilya.
"Ayon sa naglabasang ulat sa social media, nagdesis-yon si Hill na hindi na gamitin ang kanyang final playing year sa Green Archers upang pumasok sa pro level.","Ayon sa naglabasang ulat sa social media, nagdesis-yon si Hill na hindi na gamitin ang kanyang final playing year sa Green Archers upang pumasok sa pro level."
Larap ang tatlo na palutang lutang sa karagatan at agad nilang dinala sa pinakamalapit na pampang ng Brgy.,Larap ang tatlo na palutang lutang sa karagatan at agad nilang dinala sa pinakamalapit na pampang ng Brgy.
"Kasi hindi pwedeng don ka lang magse-stay, mauubos ka.","Kasi hindi pwedeng don ka lang magse-stay, mauubos ka."
Ginagawa naman nila yan kahit nasa pandemya pa rin tayo.,Ginagawa naman nila yan kahit nasa pandemya pa rin tayo.
"Ang nasabing mga atleta ay naghahanda para sa 2021 Olympic Games sa Tokyo, Japan sa Hulyo at sa 31st Southeast Asian Games sa Hanoi, Vietnam sa Nobyembre.","Ang nasabing mga atleta ay naghahanda para sa 2021 Olympic Games sa Tokyo, Japan sa Hulyo at sa 31st Southeast Asian Games sa Hanoi, Vietnam sa Nobyembre."
So valid ang contract pero mag-apply sa inyong lahat ang penalty kapag ginawa niya yung mga pinagbabawal.,So valid ang contract pero mag-apply sa inyong lahat ang penalty kapag ginawa niya yung mga pinagbabawal.
Mahirap at masakit ang pinagdaraanan ng mga babaeng dinadalaw ng regla buwan-buwan na siyang nakaaapekto sa kanilang mga kailangang gawin — dahilan para ipanukala ng Gabriela Womens Party sa Kamara na bigyan sila ng dalawang araw kada buwan kung kailan maaaring lumiban nang bayad sa trabaho.,Mahirap at masakit ang pinagdaraanan ng mga babaeng dinadalaw ng regla buwan-buwan na siyang nakaaapekto sa kanilang mga kailangang gawin — dahilan para ipanukala ng Gabriela Womens Party sa Kamara na bigyan sila ng dalawang araw kada buwan kung kailan maaaring lumiban nang bayad sa trabaho.
Tiniyak din ng opisyal ang kahandaan ng kanilang tanggapan na tumugon sa pangangailangan ng mga OFW kahit sa hindi inaasahang pagkakataon.,Tiniyak din ng opisyal ang kahandaan ng kanilang tanggapan na tumugon sa pangangailangan ng mga OFW kahit sa hindi inaasahang pagkakataon.
Kasabay rin ito ng ika-50 anibersaryo ng PAO sa darating na Oktubre 22.,Kasabay rin ito ng ika-50 anibersaryo ng PAO sa darating na Oktubre 22.
Nagbigay naman ng reaksyon si Barbie sa kanyang Instagam Stories tungkol sa mga nabitawang salita ng aktor.,Nagbigay naman ng reaksyon si Barbie sa kanyang Instagam Stories tungkol sa mga nabitawang salita ng aktor.
Ang Baliwag ang ika-147 lungsod ng Pilipinas at kasama na sa 109 na Component Cities sa bansa.,Ang Baliwag ang ika-147 lungsod ng Pilipinas at kasama na sa 109 na Component Cities sa bansa.
Ginawa ni Angel ang naturang community pantry kasabay ng pagdiriwang sa kaniyang kaarawan at hangarin niyang makatulong ngayong panahon ng pandemiya.--FRJ.,Ginawa ni Angel ang naturang community pantry kasabay ng pagdiriwang sa kaniyang kaarawan at hangarin niyang makatulong ngayong panahon ng pandemiya.--FRJ.
"Para sa mga taong tatamaan na ng ""life threatening"" heat stroke, maaari naman daw gawin ang sumusunod.","Para sa mga taong tatamaan na ng ""life threatening"" heat stroke, maaari naman daw gawin ang sumusunod."
"Trilyon ang ""outstanding debt"" ng gobyerno ng Pilipinas sa pagtatapos ng Oktubre 2022, bagay na nangyayari sa gitna ng 14-year high inflation rate at kontrobersyal na panukalang Maharlika Wealth Fund.","Trilyon ang ""outstanding debt"" ng gobyerno ng Pilipinas sa pagtatapos ng Oktubre 2022, bagay na nangyayari sa gitna ng 14-year high inflation rate at kontrobersyal na panukalang Maharlika Wealth Fund."
Talagang feel ko na ang lahat ay ginagawa ni Mayor Joy Belmonte para maging maayos ang kalagayan ng mga taga-QC kahit pa nga alam ng lahat na buong mundo ang may problema sa pandemic.,Talagang feel ko na ang lahat ay ginagawa ni Mayor Joy Belmonte para maging maayos ang kalagayan ng mga taga-QC kahit pa nga alam ng lahat na buong mundo ang may problema sa pandemic.
"Sa ulat, nabatid na ang biktima ay naiwang mag-isa sa kanilang bahay at nang dumating ang tiyuhin ay niyaya itong kumain.","Sa ulat, nabatid na ang biktima ay naiwang mag-isa sa kanilang bahay at nang dumating ang tiyuhin ay niyaya itong kumain."
"Pagkatapos maging manager, ngayon ay mag-dyowa na raw sila.","Pagkatapos maging manager, ngayon ay mag-dyowa na raw sila."
"Naramdaman niyo kung paano kayo alagaan ng isang tatay, kung paano kayo gabayan.’","Naramdaman niyo kung paano kayo alagaan ng isang tatay, kung paano kayo gabayan.’"
"Nang iwan siya ng kanyang boyfriend, nakilala niya si Dan (Gardo Versoza), isang lalaki na hiwalay sa kanyang asawa at may dalawang anak.","Nang iwan siya ng kanyang boyfriend, nakilala niya si Dan (Gardo Versoza), isang lalaki na hiwalay sa kanyang asawa at may dalawang anak."
"Ayon Bea, nanatili silang magkaibigan ni Zanjoe kahit nang maghiwalay sila.","Ayon Bea, nanatili silang magkaibigan ni Zanjoe kahit nang maghiwalay sila."
"Multang hindi bababa sa P500,000 hanggang P1 milyon, walong taong pagkulong o pareho sa susunod pang paglabag.","Multang hindi bababa sa P500,000 hanggang P1 milyon, walong taong pagkulong o pareho sa susunod pang paglabag."
"Ayon kay Tulfo kung sino-sino lamang ang binigyan ng form ng mga enumerator sa panahon ni dating Pangulong Gloria Macapagal Arroyo noong 2009 kaya ang resulta ay may mga nakakatanggap ng tulong sa ilalim ng 4Ps na hindi talaga mahihirap, kabilang dito ang mga guro, ang ilan ay may mga negosyo habang ang ilan ay nagtatrabaho pa sa ibang bansa.","Ayon kay Tulfo kung sino-sino lamang ang binigyan ng form ng mga enumerator sa panahon ni dating Pangulong Gloria Macapagal Arroyo noong 2009 kaya ang resulta ay may mga nakakatanggap ng tulong sa ilalim ng 4Ps na hindi talaga mahihirap, kabilang dito ang mga guro, ang ilan ay may mga negosyo habang ang ilan ay nagtatrabaho pa sa ibang bansa."
"Sa ulat, dakong ala-1 ng madaling araw habang rumoronda ang mga kasapi ng Provincial Mobile Force Company, Guinobatan Municipal Police, Regional Mobile Force Battalion 5, Criminal Investigation and Detection Group, Regional Intelligence Unit 5, 93 Special Action Company ng Special Action Force, 97th Military Intelligence Company at 49th Infantry Battalion ng Philippine Army nang maaktuhan nila ang mga suspek na nagsusulat sa railing ng tulay ng mga katagang “DUTERTE IBAGSAK” gamit ang spray paint.","Sa ulat, dakong ala-1 ng madaling araw habang rumoronda ang mga kasapi ng Provincial Mobile Force Company, Guinobatan Municipal Police, Regional Mobile Force Battalion 5, Criminal Investigation and Detection Group, Regional Intelligence Unit 5, 93 Special Action Company ng Special Action Force, 97th Military Intelligence Company at 49th Infantry Battalion ng Philippine Army nang maaktuhan nila ang mga suspek na nagsusulat sa railing ng tulay ng mga katagang “DUTERTE IBAGSAK” gamit ang spray paint."
"Dati nang napupuna ang bilyun-bilyong pagkalugi ng mga Pinoy na magsasaka dahil sa pagli-liberalisa ng industriya ng palay, na siyang bumaha sa merkado ng imported rice mula sa ibang bansa kapalit ng taripa.","Dati nang napupuna ang bilyun-bilyong pagkalugi ng mga Pinoy na magsasaka dahil sa pagli-liberalisa ng industriya ng palay, na siyang bumaha sa merkado ng imported rice mula sa ibang bansa kapalit ng taripa."
"Nakakumpiska rin ang mga pulis nang mahigit sa 5,000 gramo ng shabu at mahigit sa 375,000 gramo ng marijuana, na tinatayang nagkakahalaga ng P79 milyon.","Nakakumpiska rin ang mga pulis nang mahigit sa 5,000 gramo ng shabu at mahigit sa 375,000 gramo ng marijuana, na tinatayang nagkakahalaga ng P79 milyon."
"Pinayuhan din ang mga residente na kung kailangang makipag-usap sa lokal na pamahalaan, ay mangyaring tumawag lamang sa HELPLINE 122 o makipag-ugnayan sa kanilang mga district officers at coordinators lamang.","Pinayuhan din ang mga residente na kung kailangang makipag-usap sa lokal na pamahalaan, ay mangyaring tumawag lamang sa HELPLINE 122 o makipag-ugnayan sa kanilang mga district officers at coordinators lamang."
Nabatid na ang nasabing pondo na hindi nagamit ay pawang pumasok bilang savings na ng SC dahil mayroon itong fiscal autonomy.,Nabatid na ang nasabing pondo na hindi nagamit ay pawang pumasok bilang savings na ng SC dahil mayroon itong fiscal autonomy.
Maaari umano niyang ihayag ang kaniyang pinal na desisyon pagkatapos ng State of the Nation Address ni Pangulong Rodrigo Duterte sa susunod na buwan.,Maaari umano niyang ihayag ang kaniyang pinal na desisyon pagkatapos ng State of the Nation Address ni Pangulong Rodrigo Duterte sa susunod na buwan.
"Sa Saudi side, nagbuo sila komite roon ng inter-agency committee na susuri at bigyan lunas itong matagal nang hinihintay na claims, ani Cacdac.--FRJ.","Sa Saudi side, nagbuo sila komite roon ng inter-agency committee na susuri at bigyan lunas itong matagal nang hinihintay na claims, ani Cacdac.--FRJ."
"Inaalam din nila ang motibo ng pamamaril, kabilang na ang posibilidad na away sa lupa.--FRJ.","Inaalam din nila ang motibo ng pamamaril, kabilang na ang posibilidad na away sa lupa.--FRJ."
"Dagdag pa ng senador, Pag na-achieve natin yung herd immunity sa community, maaaring puwede na tayong bumalik sa normal nating pamumuhay.","Dagdag pa ng senador, Pag na-achieve natin yung herd immunity sa community, maaaring puwede na tayong bumalik sa normal nating pamumuhay."
Ngunit kung isa umano sa mga naturang close contacts ang magpositibo rin sa sakit ay hahanap silang muli ng panibagong 30 sa kanyang naging close contacts din.,Ngunit kung isa umano sa mga naturang close contacts ang magpositibo rin sa sakit ay hahanap silang muli ng panibagong 30 sa kanyang naging close contacts din.
Dasal din naming gumaling si Kris sa kanyang karamdaman at sana ay pakinggan ang pakiusap niya alang-alang kina Joshua at Bimby.,Dasal din naming gumaling si Kris sa kanyang karamdaman at sana ay pakinggan ang pakiusap niya alang-alang kina Joshua at Bimby.
"Stay put sila riyan pagkatapos, pag na-autopsy na at wala ring nagki-claim, baka ilibing na muna namin sa cemetery namin.","Stay put sila riyan pagkatapos, pag na-autopsy na at wala ring nagki-claim, baka ilibing na muna namin sa cemetery namin."
"Nagpapatalbugan nga sila ngayon ng bago ring producer na si Joed Serrano ng Godfather Productions na gumawa ng Anak ng Macho Dancer na ayon kay Joed, mahigit 100K tickets daw ang nabenta nila kaya bawing-bawi na raw siya rito.","Nagpapatalbugan nga sila ngayon ng bago ring producer na si Joed Serrano ng Godfather Productions na gumawa ng Anak ng Macho Dancer na ayon kay Joed, mahigit 100K tickets daw ang nabenta nila kaya bawing-bawi na raw siya rito."
"Lahat ng naiisip ko, nai-imagine ko, lahat ng sipag binibigay ko na.","Lahat ng naiisip ko, nai-imagine ko, lahat ng sipag binibigay ko na."
Rumatsada ang Rain or Shine sa third period habang bumida si Matthew Wright para sa Phoenix sa kani-kanilang unang panalo sa 2021 PBA Governors Cup.,Rumatsada ang Rain or Shine sa third period habang bumida si Matthew Wright para sa Phoenix sa kani-kanilang unang panalo sa 2021 PBA Governors Cup.
"Nonoy Catura, tagapagsalita ng task force sa larangan ng Human Rights, na dadalhin nila ang panawagan sa United Nations, lalo na sa Ottawa, Canada kung saan may nakatakdang pagpupulong na gagawin hinggil sa APM Treaty Convention na inilatag pa noong 1997 na siyang nagbabawal ng paggamit ng APM.","Nonoy Catura, tagapagsalita ng task force sa larangan ng Human Rights, na dadalhin nila ang panawagan sa United Nations, lalo na sa Ottawa, Canada kung saan may nakatakdang pagpupulong na gagawin hinggil sa APM Treaty Convention na inilatag pa noong 1997 na siyang nagbabawal ng paggamit ng APM."
Ang datos mula sa Epidemiology Bureau ng DOH ay nagpakita rin na walang namamatay mula sa Chikungunya noong nakaraang taon gayundin sa parehong panahon noong 2021.,Ang datos mula sa Epidemiology Bureau ng DOH ay nagpakita rin na walang namamatay mula sa Chikungunya noong nakaraang taon gayundin sa parehong panahon noong 2021.
Automatic daw kasi ang resignation ng dati nilang chair na si Rachel Arenas nang mag-file ito ng certificate of candidacy na kakandidato sa pagka-kongresista sa Pangasinan sabi pa ng source.,Automatic daw kasi ang resignation ng dati nilang chair na si Rachel Arenas nang mag-file ito ng certificate of candidacy na kakandidato sa pagka-kongresista sa Pangasinan sabi pa ng source.
Ang presyo ng bagong shares na ibebenta ay US$0.74.,Ang presyo ng bagong shares na ibebenta ay US$0.74.
Susubukan ng mag-asawang Megan Young at Mikael Daez ang tumira ng isang buwan sa Subic.,Susubukan ng mag-asawang Megan Young at Mikael Daez ang tumira ng isang buwan sa Subic.
Lumabas din umano sa survey na 39% ng mga Pilipino ay umaasa na ang 2023 ay magiging mas mahusay kaysa sa 2022; 52% ang nagsasabing magiging pareho lang ito.,Lumabas din umano sa survey na 39% ng mga Pilipino ay umaasa na ang 2023 ay magiging mas mahusay kaysa sa 2022; 52% ang nagsasabing magiging pareho lang ito.
Nangako rin ang alkalde na bibigyan ng kompensasyon ang mga naapektuhan ng pagtagas.,Nangako rin ang alkalde na bibigyan ng kompensasyon ang mga naapektuhan ng pagtagas.
"If needed, kung tatakbo si Pangulo, baka mag-unahan pa sila magbigay-daan para lang tumakbo si Pangulo, dagdag ni Cusi.","If needed, kung tatakbo si Pangulo, baka mag-unahan pa sila magbigay-daan para lang tumakbo si Pangulo, dagdag ni Cusi."
Sa anumang pagkakasala dahil sa pagpapatibay nila sa Sugar Order No.,Sa anumang pagkakasala dahil sa pagpapatibay nila sa Sugar Order No.
Kung saan mahigit 700 katao ang nasawi at libu-libo ang nasaktan o sugatan.,Kung saan mahigit 700 katao ang nasawi at libu-libo ang nasaktan o sugatan.
"Sa unang dose, may 70% efficacy rate ang AstraZeneca at tataas pa aniya ang bisa nito sa pangalawang dose depende rin sa length of time kung kelan ito ibinigay.","Sa unang dose, may 70% efficacy rate ang AstraZeneca at tataas pa aniya ang bisa nito sa pangalawang dose depende rin sa length of time kung kelan ito ibinigay."
"Sinabi ni Gordon na tinatayang nasa 200,000 doses ng Moderna na inorder nila mula sa Estados Unidos ang nakatakdang dumating sa susunod na buwan.","Sinabi ni Gordon na tinatayang nasa 200,000 doses ng Moderna na inorder nila mula sa Estados Unidos ang nakatakdang dumating sa susunod na buwan."
"Gayunpaman, sinabi na ni Health Undersecretary Maria Rosario Vergeire na babantayan nila ito oras na may mamataan.","Gayunpaman, sinabi na ni Health Undersecretary Maria Rosario Vergeire na babantayan nila ito oras na may mamataan."
Ang preseason event na ito ay bahagi ng paghahanda para sa 2021-2022 season ng B.League.,Ang preseason event na ito ay bahagi ng paghahanda para sa 2021-2022 season ng B.League.
Kasama na riyan ang pagbibigay ng sapat na atensyong medikal sa mga nangangailangan.,Kasama na riyan ang pagbibigay ng sapat na atensyong medikal sa mga nangangailangan.
"Laban ka kasi inaantay ka ng mga anak mo, umiiyak na pahayag niArjay Pepito, kinakasama ni Urcia.","Laban ka kasi inaantay ka ng mga anak mo, umiiyak na pahayag niArjay Pepito, kinakasama ni Urcia."
Dahil dito kaya mismong mga riders na umano ang nananawagan sa kapwa-riders na huwag iboto ang senador.,Dahil dito kaya mismong mga riders na umano ang nananawagan sa kapwa-riders na huwag iboto ang senador.
"Ayon sa Alliance of Concerned Teachers (ACT), sa ilalim ng Bayanihan 2 ay bibili ang Department of Education (DepEd) ng 68,500 laptop at magbibigay ng 100GB data allowance sa mga guro bilang ayuda sa pagtuturo ngayong pandemya.","Ayon sa Alliance of Concerned Teachers (ACT), sa ilalim ng Bayanihan 2 ay bibili ang Department of Education (DepEd) ng 68,500 laptop at magbibigay ng 100GB data allowance sa mga guro bilang ayuda sa pagtuturo ngayong pandemya."
"Ayon sa PDEA Davao Region, isinagawa nila ang pagsunog para mawala ang hinala ng iilan na nire-recycle umano ang mga ilegal na drogang nakukumpiska.","Ayon sa PDEA Davao Region, isinagawa nila ang pagsunog para mawala ang hinala ng iilan na nire-recycle umano ang mga ilegal na drogang nakukumpiska."
"Marami talagang tumutulong sa teacher dahil mahal na mahal ng bansa ang teacher, ani Briones.","Marami talagang tumutulong sa teacher dahil mahal na mahal ng bansa ang teacher, ani Briones."
"Wala siyang sinasabi ngayon pero hindi rin siya kumokontra sa amin, actually ako kapag nagkukuwento ay happy siya.","Wala siyang sinasabi ngayon pero hindi rin siya kumokontra sa amin, actually ako kapag nagkukuwento ay happy siya."
Isa sa mga araw na ito ay baka si Dingdong pa ang mag-deliver ng orders para sa DingDong PH at baka sumama pa raw si Ryan sa pag-deliver kung mag-o-order kay Angrydobo.,Isa sa mga araw na ito ay baka si Dingdong pa ang mag-deliver ng orders para sa DingDong PH at baka sumama pa raw si Ryan sa pag-deliver kung mag-o-order kay Angrydobo.
Masasakit na salita ang ibinabato laban kay Toni na ayon kay Alex ay hindi niya makakayang sikmurain.,Masasakit na salita ang ibinabato laban kay Toni na ayon kay Alex ay hindi niya makakayang sikmurain.
“Sinabi niya po sa akin pero ayoko naman po sanang pag-usapan ang sa kanila.,“Sinabi niya po sa akin pero ayoko naman po sanang pag-usapan ang sa kanila.
"Pero sa halip na sanggol, bukol o cyst ang nabuo sa kaniyang obaryo.","Pero sa halip na sanggol, bukol o cyst ang nabuo sa kaniyang obaryo."
"Pero tapos na ang lahat ng mga kuwentong yun dahil meron na siyang karelasyon, wala na siyang ino-order na syolbam, dahil nagmamahalan sila ng boyfriend niyang ginagawa siyang girl!","Pero tapos na ang lahat ng mga kuwentong yun dahil meron na siyang karelasyon, wala na siyang ino-order na syolbam, dahil nagmamahalan sila ng boyfriend niyang ginagawa siyang girl!"
"Siya ‘yung ang mag-process daw, mayroon daw siyang kakilala du’n sa recruitment board sa Camp Ola sa Region 5.","Siya ‘yung ang mag-process daw, mayroon daw siyang kakilala du’n sa recruitment board sa Camp Ola sa Region 5."
Tiwala si Williams na mas lalalim pa ang karanasan ni Lopez sa OTE dahil sa mga world-class coaches at trainers doon gayundin ang mga high-tech training facilities at scientific programs para sa mga players.,Tiwala si Williams na mas lalalim pa ang karanasan ni Lopez sa OTE dahil sa mga world-class coaches at trainers doon gayundin ang mga high-tech training facilities at scientific programs para sa mga players.
"Sabi ko hindi ko pa nakikita tapos may dumating na dalawang lalaki kaklase raw sabi niya tita andyan ba siya, sabi ko hindi ko pa nakikita wait lang aakyat ako titignan ko kinatok ko di siya nasagot, ayon sa caretaker ng dormitoryo.","Sabi ko hindi ko pa nakikita tapos may dumating na dalawang lalaki kaklase raw sabi niya tita andyan ba siya, sabi ko hindi ko pa nakikita wait lang aakyat ako titignan ko kinatok ko di siya nasagot, ayon sa caretaker ng dormitoryo."
"Broderick Pabillo, Apostolic Administrator of Manila ang pagdiriwang sa pamamagitan ng isang banal na misa ganap na alas-nuwebe ng umaga na dadaluhan din ni Archbishop Charles Brown, ang Papal Nuncio sa Pilipinas ganundin ng mga kinatawan mula sa mga relihiyosong grupo at mananampalataya.","Broderick Pabillo, Apostolic Administrator of Manila ang pagdiriwang sa pamamagitan ng isang banal na misa ganap na alas-nuwebe ng umaga na dadaluhan din ni Archbishop Charles Brown, ang Papal Nuncio sa Pilipinas ganundin ng mga kinatawan mula sa mga relihiyosong grupo at mananampalataya."
Unang tinungo ng SSS ang isang brokerage company na nasa loob lang ng gusali kung saan nag-oopisina rin ang SSS.,Unang tinungo ng SSS ang isang brokerage company na nasa loob lang ng gusali kung saan nag-oopisina rin ang SSS.
"Ayon kay Vice Governor Diana Apigo Tayag, matindi na ang epekto ng blackout sa pag-aaral ng mga estudyante, kalusugan at kabuhayan ng mga residente na sinabayan pa ng init ng panahon.","Ayon kay Vice Governor Diana Apigo Tayag, matindi na ang epekto ng blackout sa pag-aaral ng mga estudyante, kalusugan at kabuhayan ng mga residente na sinabayan pa ng init ng panahon."
Sinabi ng DOH na hinihintay pa nila ang dokumento para masagot ng ahensiya ang mga katanungan kaugnay sa ginawang pagbili ng mga ambulansiya.,Sinabi ng DOH na hinihintay pa nila ang dokumento para masagot ng ahensiya ang mga katanungan kaugnay sa ginawang pagbili ng mga ambulansiya.
"Inaresto ng mga otoridad sa aktong nagtatapon ng mga basura ang mga suspek na sina Rolando Macosang, Benjie Beramo, Herman Basan Malayo at Roberto Arugay sa Barangay Lambingan.","Inaresto ng mga otoridad sa aktong nagtatapon ng mga basura ang mga suspek na sina Rolando Macosang, Benjie Beramo, Herman Basan Malayo at Roberto Arugay sa Barangay Lambingan."
"Pero nang pinatindi na ng mga kasabwat ang eksena, may dumaan na lalaki na nagpahayag ng pagkampi sa driver na siyang may karapatan na mag-park dahil mayroon itong sasakyan, kaysa sa babae na wala.","Pero nang pinatindi na ng mga kasabwat ang eksena, may dumaan na lalaki na nagpahayag ng pagkampi sa driver na siyang may karapatan na mag-park dahil mayroon itong sasakyan, kaysa sa babae na wala."
"Banta ng suspek, ipakakalat niya ang mga hubad na larawan ng biktima kung hindi papayag na makipagtalik sa kaniya.","Banta ng suspek, ipakakalat niya ang mga hubad na larawan ng biktima kung hindi papayag na makipagtalik sa kaniya."
"So, bago pa man makulong yung ibang tao, sana e maging example yung buhay ko dati, at may makuha sila dun at matutunan para maiwasan nila ang paghihirap, saad ni Baron nang makapanayam namin sa in-organize na mediacon ng Netflix para sa pelikula nilang Doll House na mag-streaming na ngayong araw.","So, bago pa man makulong yung ibang tao, sana e maging example yung buhay ko dati, at may makuha sila dun at matutunan para maiwasan nila ang paghihirap, saad ni Baron nang makapanayam namin sa in-organize na mediacon ng Netflix para sa pelikula nilang Doll House na mag-streaming na ngayong araw."
"Sana sa mapapanood ng mga tao sa aming pelikula ay mas lumawak din ang pang-unawa natin sa mga taong may pinagdaraanang mental health problems,” wika ng direktor ng pelikula na si Lester Dimaranan.","Sana sa mapapanood ng mga tao sa aming pelikula ay mas lumawak din ang pang-unawa natin sa mga taong may pinagdaraanang mental health problems,” wika ng direktor ng pelikula na si Lester Dimaranan."
"Wala pa silang sinasabi kung kailan ang kasal, pero simple lang daw ang gusto nilang kasal.","Wala pa silang sinasabi kung kailan ang kasal, pero simple lang daw ang gusto nilang kasal."
"Bukod kay Pokwang, malakas din ang usap-usapang may gagawin na ring drama series si Beauty Gonzalez.","Bukod kay Pokwang, malakas din ang usap-usapang may gagawin na ring drama series si Beauty Gonzalez."
Hindi raw inakala ni Toni Gonzaga na makakalahok sa Metro Manila Film Festival ang pelikulang The ExorSis na pinagbibidahan nila ni Alex Gonzaga.,Hindi raw inakala ni Toni Gonzaga na makakalahok sa Metro Manila Film Festival ang pelikulang The ExorSis na pinagbibidahan nila ni Alex Gonzaga.
"Bilang paghahanda sa ika-14 na anibersaryo ngayong 2023, binuksan kamakailan ng Beautéderm Corporation ang Beautéderm Corporate Headquarters sa Angeles, Pampanga.","Bilang paghahanda sa ika-14 na anibersaryo ngayong 2023, binuksan kamakailan ng Beautéderm Corporation ang Beautéderm Corporate Headquarters sa Angeles, Pampanga."
Suspendido muna ang ilang klase sa probinsya ng Batangas kasabay ng patuloy na pag-aaboroto ng Bulkang Taal ngayong nasa Alert Level 3 ito.,Suspendido muna ang ilang klase sa probinsya ng Batangas kasabay ng patuloy na pag-aaboroto ng Bulkang Taal ngayong nasa Alert Level 3 ito.
"Pa rito ay nakipag-ugnayan na rin aniya sila sa anti-money laundering council (AMLC) upang matukoy ang sinumang nag-deposit ng P550,000 na sinasabing bayad para sa pagpatay kay Percy Lapid.","Pa rito ay nakipag-ugnayan na rin aniya sila sa anti-money laundering council (AMLC) upang matukoy ang sinumang nag-deposit ng P550,000 na sinasabing bayad para sa pagpatay kay Percy Lapid."
"“Oo kasi ano 2 years old, mag-3 pa lang eh parang practically sa bahay siya lumaki dahil pandemic so kaya bawat puntahan nya ngayon parang bagong experience sa kanya, kaya nung medyo nagulat nga sya dun sa smoke effect eh kasi ang lakas nung pyro parang nagulat sya hanggang pag-uwi hindi nya makalimutan sabi niya white smoke.","“Oo kasi ano 2 years old, mag-3 pa lang eh parang practically sa bahay siya lumaki dahil pandemic so kaya bawat puntahan nya ngayon parang bagong experience sa kanya, kaya nung medyo nagulat nga sya dun sa smoke effect eh kasi ang lakas nung pyro parang nagulat sya hanggang pag-uwi hindi nya makalimutan sabi niya white smoke."
"San PEDRO CITY, Laguna, Philippines — Naaresto ng mga otoridad ang isang drug courier nang salakayin ang bahay sa isang subdvision ng lalawigang ito, kamakalawa ng gabi.","San PEDRO CITY, Laguna, Philippines — Naaresto ng mga otoridad ang isang drug courier nang salakayin ang bahay sa isang subdvision ng lalawigang ito, kamakalawa ng gabi."
Nagsagawa ng ritwal si Ed para maalis ang elementong gumagamit sa katawan ni Hannah.,Nagsagawa ng ritwal si Ed para maalis ang elementong gumagamit sa katawan ni Hannah.
Hindi umano nagdalawang-isip ang aktor na tanggapin ang proyekto nang mabalitaang si Kylie ang makakatambal dito.,Hindi umano nagdalawang-isip ang aktor na tanggapin ang proyekto nang mabalitaang si Kylie ang makakatambal dito.
"Nasugatan ang isa sa mga empleyado ng bangko na si Aireen Marco, 44, habang umabot saP2.6.","Nasugatan ang isa sa mga empleyado ng bangko na si Aireen Marco, 44, habang umabot saP2.6."
"Ginawa natin ito dahil batid nating marami pa rin sa ating mga kababayan ang nagnanais makakuha ng career service eligibility, lalo na iyong mga naapektuhan ng postponement ng exam administration noong kasagsagan ng COVID-19 pandemic, anunsiyo ni Nograles.","Ginawa natin ito dahil batid nating marami pa rin sa ating mga kababayan ang nagnanais makakuha ng career service eligibility, lalo na iyong mga naapektuhan ng postponement ng exam administration noong kasagsagan ng COVID-19 pandemic, anunsiyo ni Nograles."
"Sa inisyal na imbestigasyon, dakong alas-2:00 ng madaling araw habang magkatabing natutulog ang mag-asawa sa kanilang kuwarto ay biglang dumating ang suspek na may dalang kutsilyo at sinaksak ang biktima sa dibdib at tumagos sa likod.","Sa inisyal na imbestigasyon, dakong alas-2:00 ng madaling araw habang magkatabing natutulog ang mag-asawa sa kanilang kuwarto ay biglang dumating ang suspek na may dalang kutsilyo at sinaksak ang biktima sa dibdib at tumagos sa likod."
Kung libu-libo ang mga kababayan nating tinatamaan ng COVID-19 ay halos kasingdami rin nun ang ipinapasok sa mental institution dahil sa depresyon.,Kung libu-libo ang mga kababayan nating tinatamaan ng COVID-19 ay halos kasingdami rin nun ang ipinapasok sa mental institution dahil sa depresyon.
Sinabi ni Chavez na inalok sa kaniya ng Manila Broadcasting Company (MBC) ang isang posisyon noon pang Marso at kaniya itong ipinaalam agad kay Mayor Isko pati ang intensyon na tanggapin ang alok.,Sinabi ni Chavez na inalok sa kaniya ng Manila Broadcasting Company (MBC) ang isang posisyon noon pang Marso at kaniya itong ipinaalam agad kay Mayor Isko pati ang intensyon na tanggapin ang alok.
"Paliwanag niya, hindi karaniwang role na nakakatawa lang ang ibinibigay sa kaniyang project ng GMA.","Paliwanag niya, hindi karaniwang role na nakakatawa lang ang ibinibigay sa kaniyang project ng GMA."
Kaya lang umalis na nga si Maja sa EB dahil aasikasuhin at paghahandaan daw ang wedding nila ni Rambo Nuñez.,Kaya lang umalis na nga si Maja sa EB dahil aasikasuhin at paghahandaan daw ang wedding nila ni Rambo Nuñez.
"Nadagdagan pa ang bilang ng mga nasawi sa gitna ng pananalasa ng Tropical Storm Dante sa sari-saring parte ng Pilipinas, ngayong umabot na sa limang beses itong nag-landfall sa kalupaan ng bansa.","Nadagdagan pa ang bilang ng mga nasawi sa gitna ng pananalasa ng Tropical Storm Dante sa sari-saring parte ng Pilipinas, ngayong umabot na sa limang beses itong nag-landfall sa kalupaan ng bansa."
Kumuha ng pag-asa at inspirasyon sa panonood ng “Huwag Kang Mangamba” gabi-gabi sa Kapamilya Channel at iba pang platforms ng ABS-CBN.,Kumuha ng pag-asa at inspirasyon sa panonood ng “Huwag Kang Mangamba” gabi-gabi sa Kapamilya Channel at iba pang platforms ng ABS-CBN.
"Paalala ni Dionisio, kailangan ng ""relationship maintenance,"" kung saan dapat paalalahanan ang isang tao kung paano makipag-usap, makinig, at maging mabuti sa partner.","Paalala ni Dionisio, kailangan ng ""relationship maintenance,"" kung saan dapat paalalahanan ang isang tao kung paano makipag-usap, makinig, at maging mabuti sa partner."
"Ngunit bago ang komprontasyon kay Nebrija, sinabi ni Medios, na una na siyang sinuntok sa tagiliran ni Bravo nang abutan sila na kinakalas ang compressor.","Ngunit bago ang komprontasyon kay Nebrija, sinabi ni Medios, na una na siyang sinuntok sa tagiliran ni Bravo nang abutan sila na kinakalas ang compressor."
Si Atom ay pinili ng Lasallian student journalists kasama ang Student Media Office ng unibersidad.,Si Atom ay pinili ng Lasallian student journalists kasama ang Student Media Office ng unibersidad.
"Sinabi ni Mary Joy Morin, senior technical specialist ng DOH-National HIV, AIDS, and STI Prevention and Control Program, na patuloy ang kanilang monitoring dahil nakababahala ang trend na ito.","Sinabi ni Mary Joy Morin, senior technical specialist ng DOH-National HIV, AIDS, and STI Prevention and Control Program, na patuloy ang kanilang monitoring dahil nakababahala ang trend na ito."
"Malalaman ninyo ang sasabihin ko kapag naayos na po ang lahat, sabi ni Eisel na tila napipinto na ang pagkalas sa Star Magic.","Malalaman ninyo ang sasabihin ko kapag naayos na po ang lahat, sabi ni Eisel na tila napipinto na ang pagkalas sa Star Magic."
"Hirap,"" bungad ni Royce na nabulol pa nang sabihin na ang pangalan na, ""si Cristine Reyes.","Hirap,"" bungad ni Royce na nabulol pa nang sabihin na ang pangalan na, ""si Cristine Reyes."
Minsan kailangan mo rin talaga i-balance.,Minsan kailangan mo rin talaga i-balance.
"Bilang tugon, sinabi naman ng PNP Chief na sa oras na may mga menor-de-edad na mahuling lumalabag sa quarantine protocols ay kakausapin ng mga pulis ang kanilang mga magulang.","Bilang tugon, sinabi naman ng PNP Chief na sa oras na may mga menor-de-edad na mahuling lumalabag sa quarantine protocols ay kakausapin ng mga pulis ang kanilang mga magulang."
"Dagdag ni Abalos, bawal din silang pumasok sa mga indoor at al fresco dining gayundin sa mga hotel.","Dagdag ni Abalos, bawal din silang pumasok sa mga indoor at al fresco dining gayundin sa mga hotel."
"‘Yan ay isang senyales lang na may problema tayo, aniya.","‘Yan ay isang senyales lang na may problema tayo, aniya."
"Sa pagtatapos ng Season 2 ng Happy ToGetHer, feeling ng manonood, ang pagbabalik ng fantasy program na Daig Kayo Ng Lola Ko naman ang magbabalik sa susunod na Linggo.","Sa pagtatapos ng Season 2 ng Happy ToGetHer, feeling ng manonood, ang pagbabalik ng fantasy program na Daig Kayo Ng Lola Ko naman ang magbabalik sa susunod na Linggo."
Hindi nila magawang galangin ang Simbahan sapagkat ang sarili nila mismo na pangalawang Tahanan ng Panginoon ay hindi rin nila kayang respetuhin.,Hindi nila magawang galangin ang Simbahan sapagkat ang sarili nila mismo na pangalawang Tahanan ng Panginoon ay hindi rin nila kayang respetuhin.
Natauhan si Troy matapos matalo ang anak sa kaso.,Natauhan si Troy matapos matalo ang anak sa kaso.
"Ang nirereklamo ni Mayor Chua ay tila pinahirapan daw ng DSWD personnel ang mga bibigyan ng cash assistance on that day dahil kung anu-anong dokumento raw ang hinihingi ng mga tauhan namin, ayon kay Sec.","Ang nirereklamo ni Mayor Chua ay tila pinahirapan daw ng DSWD personnel ang mga bibigyan ng cash assistance on that day dahil kung anu-anong dokumento raw ang hinihingi ng mga tauhan namin, ayon kay Sec."
Itotodo na ng mga presidentiables at kanilang tiket ang huling sigwada ng kampanya sa pagkakasa ng kani-kanilang inaabangang ‘miting de avance’ sa mga balwarte na inaasahang dudumugin ng libu-libong mga tagasuporta.,Itotodo na ng mga presidentiables at kanilang tiket ang huling sigwada ng kampanya sa pagkakasa ng kani-kanilang inaabangang ‘miting de avance’ sa mga balwarte na inaasahang dudumugin ng libu-libong mga tagasuporta.
Sinilip naman namin ang social media ni Andi kung may reaksyon siya sa mga pahayag ng dating nobyo pero wala at tanging si Jaclyn lamang ang nag-react sa muling nabubuhay na isyu.,Sinilip naman namin ang social media ni Andi kung may reaksyon siya sa mga pahayag ng dating nobyo pero wala at tanging si Jaclyn lamang ang nag-react sa muling nabubuhay na isyu.
Kinilala ng pulisya ang arestadong opisyal na si Bernabe Papa habang ang iba pang mga nadakma ay pawang mga taga-karatig bayan ng Ballesteros at lokal na residente na karamihan ay kaanak ng nakaburol na siReynaldo Labbao.,Kinilala ng pulisya ang arestadong opisyal na si Bernabe Papa habang ang iba pang mga nadakma ay pawang mga taga-karatig bayan ng Ballesteros at lokal na residente na karamihan ay kaanak ng nakaburol na siReynaldo Labbao.
Ang laki rin ng suporta ng isang First Lady sa Presidente.,Ang laki rin ng suporta ng isang First Lady sa Presidente.
"Napansin naman ito ni Whamos at doon na nagsimula ang madalas na dance collab nilang dalawa, na nauwi sa panliligaw ni Whamos kay Antonette.","Napansin naman ito ni Whamos at doon na nagsimula ang madalas na dance collab nilang dalawa, na nauwi sa panliligaw ni Whamos kay Antonette."
Sumailalim ang tropa sa bubble training para masiguro na handang-handa ito bago ang bakbakan.,Sumailalim ang tropa sa bubble training para masiguro na handang-handa ito bago ang bakbakan.
Iniimbestigahan na rin ito.,Iniimbestigahan na rin ito.
Noong unang gabi nasa dressing room pa lang ako naririnig ko na yung hiwayan.,Noong unang gabi nasa dressing room pa lang ako naririnig ko na yung hiwayan.
Milyon ang nahahawaan ng COVID-190 sa Piipinas.,Milyon ang nahahawaan ng COVID-190 sa Piipinas.
"Dahil sa makabagong programa, natulungan ni DV Boer founder and president Dexter “Dex” Villamin ang mga maliliit na sektor ng mga nag-aalaga ng ibat ibang klase ng mga hayop sa bansa upang itoy pagkakitaan at paghatian ang kinita matapos nila itong ibenta.","Dahil sa makabagong programa, natulungan ni DV Boer founder and president Dexter “Dex” Villamin ang mga maliliit na sektor ng mga nag-aalaga ng ibat ibang klase ng mga hayop sa bansa upang itoy pagkakitaan at paghatian ang kinita matapos nila itong ibenta."
"As to the names (of fatalities) hindi pa ako nakareceive ng clearance at ipauna muna ang mga pamilya ng mga namatay, sinabi ni Solda.","As to the names (of fatalities) hindi pa ako nakareceive ng clearance at ipauna muna ang mga pamilya ng mga namatay, sinabi ni Solda."
Nagalit ang netizens sa kalupitan ng lalaki matapos nilang masaksihan ang pag-ikot ng mukha ng babae nang dumapo sa mukha nito ang palad ng asawa.,Nagalit ang netizens sa kalupitan ng lalaki matapos nilang masaksihan ang pag-ikot ng mukha ng babae nang dumapo sa mukha nito ang palad ng asawa.
Muling sinabi ni Badoy na dapat matanggal ang Makabayan bloc na bahagi umano ng Communist Party of the Philippines.,Muling sinabi ni Badoy na dapat matanggal ang Makabayan bloc na bahagi umano ng Communist Party of the Philippines.
Ito ay makaraang aprubahan ng Inter-Agency Task Force on Emerging Infectious Diseases (IATF-EID) ang pag-endorso ng Department of Trade and Industry (DTI) para maging ligtas ang mga manggagawa sa BPO industry laban sa COVID-19.,Ito ay makaraang aprubahan ng Inter-Agency Task Force on Emerging Infectious Diseases (IATF-EID) ang pag-endorso ng Department of Trade and Industry (DTI) para maging ligtas ang mga manggagawa sa BPO industry laban sa COVID-19.
Ayon sa aming source ang babaeng yun ay dating nagtatrabaho sa isang daily show ng malaking TV network.,Ayon sa aming source ang babaeng yun ay dating nagtatrabaho sa isang daily show ng malaking TV network.
"Sobrang mahal ko po itong ‘Nerisa’ dahil ito ang nagpatuloy na gusto kong gumawa ng mas maraming pelikula, kuwento ng actress-beauty queen.","Sobrang mahal ko po itong ‘Nerisa’ dahil ito ang nagpatuloy na gusto kong gumawa ng mas maraming pelikula, kuwento ng actress-beauty queen."
Yupi rin ang nabangga nitong UV Express.,Yupi rin ang nabangga nitong UV Express.
Hindi maganda sa panlasa ang ganung pagsibak sa isang staff na matinding pinakikinabangan ng show.,Hindi maganda sa panlasa ang ganung pagsibak sa isang staff na matinding pinakikinabangan ng show.
Imbes na sumuko ang mga nanay ay ginamit pa ang pandemic na pagkakataon upang mag-invest ng oras at panahon na turuan ang mga anak sa kanilang homeschooling.,Imbes na sumuko ang mga nanay ay ginamit pa ang pandemic na pagkakataon upang mag-invest ng oras at panahon na turuan ang mga anak sa kanilang homeschooling.
Naniniwala ako na gagawin ko to para magawa ko yan.,Naniniwala ako na gagawin ko to para magawa ko yan.
"Ang pinakaimportante, kahit magpatuloy ang pagtaas ng kaso, handa po ang sistema natin, pangalawa, marami nang nabakunahan and dahil marami nang nabakunahan, lesser ang chances na mapuno ang ospital, ayon pa kay Vergeire.","Ang pinakaimportante, kahit magpatuloy ang pagtaas ng kaso, handa po ang sistema natin, pangalawa, marami nang nabakunahan and dahil marami nang nabakunahan, lesser ang chances na mapuno ang ospital, ayon pa kay Vergeire."
Umangat naman ang Illawarra sa 5-3 baraha kung saan nagningning si Harry Froling na may 27 puntos kabilang ang walong triples.,Umangat naman ang Illawarra sa 5-3 baraha kung saan nagningning si Harry Froling na may 27 puntos kabilang ang walong triples.
"Nagkakahalaga ng P34,838,186.80.","Nagkakahalaga ng P34,838,186.80."
"Samantala, ang pangalan din ng TV host ang binanggit ng ibang netizen nang mag-post si Gab Valenciano ng I havent been as vocal for awhile but I can no longer suppress my thoughts.","Samantala, ang pangalan din ng TV host ang binanggit ng ibang netizen nang mag-post si Gab Valenciano ng I havent been as vocal for awhile but I can no longer suppress my thoughts."
May ibinigay rin sa kaniyang pabuya ang may-ari ng bagahe.,May ibinigay rin sa kaniyang pabuya ang may-ari ng bagahe.
Umaabot sa 14 katao ang dapat na sumailalim sa contrat tracing.,Umaabot sa 14 katao ang dapat na sumailalim sa contrat tracing.
Dati raw kasing oily at may mga pimple ang kaniyang mukha.,Dati raw kasing oily at may mga pimple ang kaniyang mukha.
"Bilang tulong sa mga nasalanta, nagbigay naman na ng aabot sa P40.24.","Bilang tulong sa mga nasalanta, nagbigay naman na ng aabot sa P40.24."
Naalala niya ang ginawa ni Noynoy kapag nasa biyahe dahil nag-iikot ito sa gabi para tingnan kung sino ang naghihilik at nakanganga kapag natutulog.,Naalala niya ang ginawa ni Noynoy kapag nasa biyahe dahil nag-iikot ito sa gabi para tingnan kung sino ang naghihilik at nakanganga kapag natutulog.
"Samantala, itinatanggi naman ni Bea ang sinasabi ng ibang netizens na baka sumunod daw sa kanya si Dominic Roque.","Samantala, itinatanggi naman ni Bea ang sinasabi ng ibang netizens na baka sumunod daw sa kanya si Dominic Roque."
Nagagalit pa ang guy kapag hindi siya binibigyan ng pera ng babae.,Nagagalit pa ang guy kapag hindi siya binibigyan ng pera ng babae.
"Samantalang yung ibang panay ang pakita na malaki ang kinikita sa kanilang mga vlog walang paramdam kung ano nga ba ang ginawa para makatulong sa mga nangangailangan matapos ang matinding bagyong Odette na napuruhan ang mga tourist spot sa bansa - Siargao, Cebu, Bohol and Palawan.","Samantalang yung ibang panay ang pakita na malaki ang kinikita sa kanilang mga vlog walang paramdam kung ano nga ba ang ginawa para makatulong sa mga nangangailangan matapos ang matinding bagyong Odette na napuruhan ang mga tourist spot sa bansa - Siargao, Cebu, Bohol and Palawan."
Pero papaano ba maging isang licensed embalmer?,Pero papaano ba maging isang licensed embalmer?
Nakakapanghinayang din dahil homegrown talent talaga ng GMA 7 si Lovi at isa siya sa pinakamagaling na aktres sa kanyang henerasyon.,Nakakapanghinayang din dahil homegrown talent talaga ng GMA 7 si Lovi at isa siya sa pinakamagaling na aktres sa kanyang henerasyon.
"Ganun din ang pananaw ni Willie, Hindi na kailangan ang position sa gobyerno para tayo makatulong.","Ganun din ang pananaw ni Willie, Hindi na kailangan ang position sa gobyerno para tayo makatulong."
"Sabi naman ni Kate, kahit noong sa Encantandia pa lang daw ay pinagpa-partner na raw sila ni Migo pero mas napansin sila sa Anak ni Waray...","Sabi naman ni Kate, kahit noong sa Encantandia pa lang daw ay pinagpa-partner na raw sila ni Migo pero mas napansin sila sa Anak ni Waray..."
"Sino ba naman gugustuhin na may maglalabas ng baril sa 'yo, sabi ng isa pang judo team member.","Sino ba naman gugustuhin na may maglalabas ng baril sa 'yo, sabi ng isa pang judo team member."
"Kaugnay nito, sinabi ni Arney Ty, Presidente ng Regasco na ang contract price ng LPG ay bumaba ng $170 per metric ton pero may pitong araw pa bago masabing pinal na ang hakbang bago matapos ang buwan ng Marso.","Kaugnay nito, sinabi ni Arney Ty, Presidente ng Regasco na ang contract price ng LPG ay bumaba ng $170 per metric ton pero may pitong araw pa bago masabing pinal na ang hakbang bago matapos ang buwan ng Marso."
"Sa episode ng ""Kapuso Mo, Jessica Soho"" nitong Linggo, makikita sa amateur video na hindi magkamayaw ang mga tao sa paghatak ng lambat papunta sa pampang sa Barangay San Jose.","Sa episode ng ""Kapuso Mo, Jessica Soho"" nitong Linggo, makikita sa amateur video na hindi magkamayaw ang mga tao sa paghatak ng lambat papunta sa pampang sa Barangay San Jose."
"Naging item itong si baguhang aktres at ang hunk actor, na mukhang dating sila.","Naging item itong si baguhang aktres at ang hunk actor, na mukhang dating sila."
Hango sa pangalan nina Maymay at Robi ang titulo ng programa na kanilang inanunsyo sa Kumu livestream ni Robi noong Linggo (August 8) kasama ang co-producer na si Maiqui Pineda.,Hango sa pangalan nina Maymay at Robi ang titulo ng programa na kanilang inanunsyo sa Kumu livestream ni Robi noong Linggo (August 8) kasama ang co-producer na si Maiqui Pineda.
"Sa ulat, alas-2:30 ng madaling araw mahimbing na natutulog ang biktima sa ibabaw ng papag sa palengke nang lapitan ng suspek na armado ng patalim at walang kaabug-abog na pagsasaksakin sa ibat ibang bahagi ng katawan.","Sa ulat, alas-2:30 ng madaling araw mahimbing na natutulog ang biktima sa ibabaw ng papag sa palengke nang lapitan ng suspek na armado ng patalim at walang kaabug-abog na pagsasaksakin sa ibat ibang bahagi ng katawan."
"Arthur Rejano, may hawak ng kaso, alas-3:46 ng hapon nang maganap ang pamamaril habang naka-duty si Quiroga at nag-aayos ng trapiko sa kahabaan ng Governors Drive sa Brgy.","Arthur Rejano, may hawak ng kaso, alas-3:46 ng hapon nang maganap ang pamamaril habang naka-duty si Quiroga at nag-aayos ng trapiko sa kahabaan ng Governors Drive sa Brgy."
"Ganoon din naman ang gusto lamang maaliw o matawa, hindi naman nanonood iyan ng news features.","Ganoon din naman ang gusto lamang maaliw o matawa, hindi naman nanonood iyan ng news features."
"Sa kaso ng babaeng gustong makuha ang motorsiklo na nakapangalan sa kaniyang nobyo, sinabi ni Gargantiel, na maaaring gamitin ng babae ang mga papel na hawak niya kung nagpapadala siya ng pera sa lalaki para ipambayad sa naturang sasakyan.","Sa kaso ng babaeng gustong makuha ang motorsiklo na nakapangalan sa kaniyang nobyo, sinabi ni Gargantiel, na maaaring gamitin ng babae ang mga papel na hawak niya kung nagpapadala siya ng pera sa lalaki para ipambayad sa naturang sasakyan."
"Naka-ilang relasyon na rin kasi siya, pero hindi nagtatagal, single na naman siya.","Naka-ilang relasyon na rin kasi siya, pero hindi nagtatagal, single na naman siya."
Nagposte rin siya ng bagong Philippine indoor pole vault record nang basagin ang sariling national mark na 5.80m.,Nagposte rin siya ng bagong Philippine indoor pole vault record nang basagin ang sariling national mark na 5.80m.
Kinakailangan sigurong magkaroon muna tayo ng isang bagay bago tayo makapagbigay.,Kinakailangan sigurong magkaroon muna tayo ng isang bagay bago tayo makapagbigay.
Pinakamalaki ang tapyas sa National Kidney and Transplant Institute na umabot sa P362 milyon o magiging P1.15.,Pinakamalaki ang tapyas sa National Kidney and Transplant Institute na umabot sa P362 milyon o magiging P1.15.
"Patay ang dalawa katao habang malubhang sugatan ang isa pang rider nang magkabanggaan ang kanilang sinasakyang motorsiklo sa Baras, Rizal kahapon ng madaling araw.","Patay ang dalawa katao habang malubhang sugatan ang isa pang rider nang magkabanggaan ang kanilang sinasakyang motorsiklo sa Baras, Rizal kahapon ng madaling araw."
Hindi naman ako ‘yung lalaki nang sobra-sobra.,Hindi naman ako ‘yung lalaki nang sobra-sobra.
Katulad ng isinasaad sa Talata (Mateo 5:45) na pantay-pantay ang pagtingin ng ating Diyos Ama sa lahat ng nilalang.,Katulad ng isinasaad sa Talata (Mateo 5:45) na pantay-pantay ang pagtingin ng ating Diyos Ama sa lahat ng nilalang.
"Hindi na rin ako nag-It’s Showtime kanina dahil nag-rest na ako for our flight,” sey pa ni Ogie sa aming chikahan.","Hindi na rin ako nag-It’s Showtime kanina dahil nag-rest na ako for our flight,” sey pa ni Ogie sa aming chikahan."
Makikipagrelasyon na siya sa lalaking mahal niya at mahal din siya!,Makikipagrelasyon na siya sa lalaking mahal niya at mahal din siya!
Galing naman ng balita na nabasa ko tungkol sa boyfriend ni Rhian Ramos na isang negosyante at pulitiko na si Sam Versoza.,Galing naman ng balita na nabasa ko tungkol sa boyfriend ni Rhian Ramos na isang negosyante at pulitiko na si Sam Versoza.
"Matapos ang krimen, lumakad lang papalayo ang suspek na parang walang nangyari.","Matapos ang krimen, lumakad lang papalayo ang suspek na parang walang nangyari."
"Sa kabuuan ay napakaganda ng seryeng ito, sa mga panahong nakakalimutan na natin ang pagpapahalaga sa ating pamilya dahil sa pagiging sobrang abala, ang Paano Ang Pangako?","Sa kabuuan ay napakaganda ng seryeng ito, sa mga panahong nakakalimutan na natin ang pagpapahalaga sa ating pamilya dahil sa pagiging sobrang abala, ang Paano Ang Pangako?"
Grabe talaga na hindi ko maisip na bibigyan nila ako ng ganitong suporta at pagmamahal.,Grabe talaga na hindi ko maisip na bibigyan nila ako ng ganitong suporta at pagmamahal.
"Nakikita natin na dumami sila kaya nagpunta kami roon kaya alarma na rin siguro ito para makipag-usap sa Kuwaiti side at hanggat hindi natin nakikita ang reporma, significant reforms ay deferment muna ng deployment ng new applicants, dugtong ng opisyal.","Nakikita natin na dumami sila kaya nagpunta kami roon kaya alarma na rin siguro ito para makipag-usap sa Kuwaiti side at hanggat hindi natin nakikita ang reporma, significant reforms ay deferment muna ng deployment ng new applicants, dugtong ng opisyal."
"Sa ating kasaysayan, ilang pag-uusap o mga debate na rin ang umusbong hinggil sa pangalan ng ating bansa.","Sa ating kasaysayan, ilang pag-uusap o mga debate na rin ang umusbong hinggil sa pangalan ng ating bansa."
"Kailangan natin ngayon na mag-organize ng camp site, paano sila pakakainin,gagastos tayo ng pampalinis dahil sa mga nahulog na debris madaming epekto ang climate change na noon ay walang ganyan, sabi ni Mayor Belmonte.","Kailangan natin ngayon na mag-organize ng camp site, paano sila pakakainin,gagastos tayo ng pampalinis dahil sa mga nahulog na debris madaming epekto ang climate change na noon ay walang ganyan, sabi ni Mayor Belmonte."
"Ayon sa nakababatang Gedoria, uma-umaga talagang pinupuntahhan ng mga estudyante ang kanilang tindahan kahit noon pa at parang anak na ang turing.","Ayon sa nakababatang Gedoria, uma-umaga talagang pinupuntahhan ng mga estudyante ang kanilang tindahan kahit noon pa at parang anak na ang turing."
"Pinadapa ng Meralco ang Ginebra, 90-73, sa eliminasyon noong Hulyo 13.","Pinadapa ng Meralco ang Ginebra, 90-73, sa eliminasyon noong Hulyo 13."
"Sinabi ni Barbie na pinag-aralang mabuti ng produksyon ang magiging look ng serye, mula sa lokasyon, costume at pananalita.","Sinabi ni Barbie na pinag-aralang mabuti ng produksyon ang magiging look ng serye, mula sa lokasyon, costume at pananalita."
"Mas masarap nang kantahin, pag-aalala pa niya.","Mas masarap nang kantahin, pag-aalala pa niya."
Ang uri ng cancer na ito ang isa raw sa pinakamahirap ma-diagnose at hindi kaagad nakikita ng mga doktor.,Ang uri ng cancer na ito ang isa raw sa pinakamahirap ma-diagnose at hindi kaagad nakikita ng mga doktor.
Nakakatuwa po at nakakataba ng puso na ang dami pong nakapansin dahil sa Lockdown.,Nakakatuwa po at nakakataba ng puso na ang dami pong nakapansin dahil sa Lockdown.
"Nang makatanggap ng ulat si Barangay Chairman Ernie Tumibay, hinggil sa nasusunog na bahay ng mga biktima ay agad siyang humingi ng tulong sa mga otoridad.","Nang makatanggap ng ulat si Barangay Chairman Ernie Tumibay, hinggil sa nasusunog na bahay ng mga biktima ay agad siyang humingi ng tulong sa mga otoridad."
"Na nagkakahalaga ng P112,684.","Na nagkakahalaga ng P112,684."
Hindi raw ito noon nagpapakita sa mga gimikan na dati nilang pinupuntahan ni Diego kasama ang barkada.,Hindi raw ito noon nagpapakita sa mga gimikan na dati nilang pinupuntahan ni Diego kasama ang barkada.
Ibang-iba ang magazine cover ni Arci Muñoz para sa Now Magazine.,Ibang-iba ang magazine cover ni Arci Muñoz para sa Now Magazine.
Patuloy pang inaalam ng pulisya ang pagkakakilanlan ng mga nasawi at iba pang pasahero na sinasabing nasa kritikal na kondisyon sa nasabing aksidente.,Patuloy pang inaalam ng pulisya ang pagkakakilanlan ng mga nasawi at iba pang pasahero na sinasabing nasa kritikal na kondisyon sa nasabing aksidente.
"Sa ilalim ng Senate Bill 2495, o ng “Bawat Pamilya May College Gradweyt Act”, sinabi ni Pangilinan na tutulungan ang hindi bababa sa isang miyembro ng pamilyang Pilipino para makatapos sa kolehiyo.","Sa ilalim ng Senate Bill 2495, o ng “Bawat Pamilya May College Gradweyt Act”, sinabi ni Pangilinan na tutulungan ang hindi bababa sa isang miyembro ng pamilyang Pilipino para makatapos sa kolehiyo."
Kakatuwa ang back story ng bagong endorsement ni Angeline Quinto na nagkaroon ng launch last week.,Kakatuwa ang back story ng bagong endorsement ni Angeline Quinto na nagkaroon ng launch last week.
"(PAGCOR), umabot sa P2 bilyon ang kinita na ng gobyerno sa e-sabong ngayong taon.","(PAGCOR), umabot sa P2 bilyon ang kinita na ng gobyerno sa e-sabong ngayong taon."
Wala mang direktang pangalan na binanggit ay halata namang si Kris ang tinutukoy nito.,Wala mang direktang pangalan na binanggit ay halata namang si Kris ang tinutukoy nito.
"Ayon sa PagAsa, maaaring maramdaman ang bagyo sa weekend o sa darating na araw ng Lunes.","Ayon sa PagAsa, maaaring maramdaman ang bagyo sa weekend o sa darating na araw ng Lunes."
"Sinabi ni NGCP spokesperson Atty. Cynthia Perez-Alabanza, nasa 12 tore at 600 bakal na poste nila ang nasira dahil sa bagyong Odette.","Sinabi ni NGCP spokesperson Atty. Cynthia Perez-Alabanza, nasa 12 tore at 600 bakal na poste nila ang nasira dahil sa bagyong Odette."
Si Balilo ang spokesman ng Philippine Coast Guard at madalas naririnig sa radyo at nakikita sa telebisyon lalo na kapag may malalaking isyung may kinalaman sa usa­ping panseguridad ng bansa o kaya sa mga panahon ng kalamidad.,Si Balilo ang spokesman ng Philippine Coast Guard at madalas naririnig sa radyo at nakikita sa telebisyon lalo na kapag may malalaking isyung may kinalaman sa usa­ping panseguridad ng bansa o kaya sa mga panahon ng kalamidad.
"Isa akong matandang babae, edad 74 going 75, at siguro sa buhay ko, dumating na ako sa punto na gusto ko sana walang nagagalit o naiinis sa akin.","Isa akong matandang babae, edad 74 going 75, at siguro sa buhay ko, dumating na ako sa punto na gusto ko sana walang nagagalit o naiinis sa akin."
Ang tatlong naarestong suspek ay kapwa ginagamot sa isang ospital at binabantayan ng mga pulis.,Ang tatlong naarestong suspek ay kapwa ginagamot sa isang ospital at binabantayan ng mga pulis.
"Sa huling tala ng DOH nitong Linggo, umabot na sa 2.36.","Sa huling tala ng DOH nitong Linggo, umabot na sa 2.36."
Solong dumating kahapon si Sotto mula sa Amerika kung saan hindi nito kasama ang kanyang pamilya dahil sa availability sa flight.,Solong dumating kahapon si Sotto mula sa Amerika kung saan hindi nito kasama ang kanyang pamilya dahil sa availability sa flight.
Inaasahan naman na aabot sa 2 milyong doses ng bakuna ang matatanggap ng Pilipinas sa pagtatapos ng kasalukuyang buwan sa pamamagitan ng COVAX Facility.,Inaasahan naman na aabot sa 2 milyong doses ng bakuna ang matatanggap ng Pilipinas sa pagtatapos ng kasalukuyang buwan sa pamamagitan ng COVAX Facility.
Bukod sa kinaaliwan ay maraming netizens ang gumawa ng sarili nilang version ng naturang video.,Bukod sa kinaaliwan ay maraming netizens ang gumawa ng sarili nilang version ng naturang video.
"Sabi ng PAL Holdings, kulang na rin ang mga ari-arian nito ng P164 bilyon para masagot ang mga bayarin o ang tinatawag nitong current liabilities as of December 31, 2020.","Sabi ng PAL Holdings, kulang na rin ang mga ari-arian nito ng P164 bilyon para masagot ang mga bayarin o ang tinatawag nitong current liabilities as of December 31, 2020."
"Siya raw si Willie Revillame, nanghihingi siya ng load na 40 pesos!","Siya raw si Willie Revillame, nanghihingi siya ng load na 40 pesos!"
"Para naman sa kanilang budet para sa susunod na taon, humiling ang LTO ng P2.616.","Para naman sa kanilang budet para sa susunod na taon, humiling ang LTO ng P2.616."
"Saka yung sinasabi nila na love yourself, totoo yun.","Saka yung sinasabi nila na love yourself, totoo yun."
"Tatlo katao ang nalambat sa pag-iisyu ng pekeng RT-PCR test kapalit ng P1,500 sa ikinasang entrapment operation ng mga tauhan ng Southern Police District (SPD) sa isang medical clinic sa Las Piñas City, kamakalawa.","Tatlo katao ang nalambat sa pag-iisyu ng pekeng RT-PCR test kapalit ng P1,500 sa ikinasang entrapment operation ng mga tauhan ng Southern Police District (SPD) sa isang medical clinic sa Las Piñas City, kamakalawa."
"In all fairness, nag-viral ang nasabing post kung saan meron na itong mahigit 1 million shares sa FB as of this writing kaya maraming nagkaroon agad ng awareness ang pangunahing layunin ay ipaglaban ang free internet access at issues ukol sa connectivity.","In all fairness, nag-viral ang nasabing post kung saan meron na itong mahigit 1 million shares sa FB as of this writing kaya maraming nagkaroon agad ng awareness ang pangunahing layunin ay ipaglaban ang free internet access at issues ukol sa connectivity."
"Col. Barnard Danie Dasugo, hepe ng pulisya rito, ang napatay na suspek na si Dennis Enage ng Sitio Embuscado, Brgy.","Col. Barnard Danie Dasugo, hepe ng pulisya rito, ang napatay na suspek na si Dennis Enage ng Sitio Embuscado, Brgy."
Mayroon din sila mga pinanghahawakang mga resibo na kanilang pinagbabayaran dito.,Mayroon din sila mga pinanghahawakang mga resibo na kanilang pinagbabayaran dito.
"Hindi rin naman siya nagka-casino, bahay-trabaho lang ang ikot ng buhay niya, kaya nakapagtataka kung bakit wala siyang naiipon.","Hindi rin naman siya nagka-casino, bahay-trabaho lang ang ikot ng buhay niya, kaya nakapagtataka kung bakit wala siyang naiipon."
"Ngayon buwan ding ito, lima ang naitala ng City Health Office (CHO) na nasawi sa COVID-19 na may mababa kumpara sa bilang nang magkaroon ng Delta variant surge.","Ngayon buwan ding ito, lima ang naitala ng City Health Office (CHO) na nasawi sa COVID-19 na may mababa kumpara sa bilang nang magkaroon ng Delta variant surge."
Hindi lang kami nakahingi ng pictures sa kanila dahil hindi pa raw puwedeng ilabas.,Hindi lang kami nakahingi ng pictures sa kanila dahil hindi pa raw puwedeng ilabas.
"Sa ulat ng Antipolo City Police, hindi na umabot nang buhay sa Rizal Provincial Hospital ang biktimang si Christian Madulid dahil sa matinding pinsalang tinamo sa ulo at katawan.","Sa ulat ng Antipolo City Police, hindi na umabot nang buhay sa Rizal Provincial Hospital ang biktimang si Christian Madulid dahil sa matinding pinsalang tinamo sa ulo at katawan."
Ito ang nagbukas ng pinto para sa kanya na makapagturo ngayon sa mga estudyante.,Ito ang nagbukas ng pinto para sa kanya na makapagturo ngayon sa mga estudyante.
Ito ay dahil sa Senate presidency ay kasama sa pangunahing konsiderasyon ang hatian sa mga komite at isa rin sa inuunang ayusin ng Senate president ang chairmanship.,Ito ay dahil sa Senate presidency ay kasama sa pangunahing konsiderasyon ang hatian sa mga komite at isa rin sa inuunang ayusin ng Senate president ang chairmanship.
"Ayon pa kay Marcos, naiintindihan na niya ngayon si Duterte kung bakit minsan, noong pangulo pa siya ng Pilipinas ay napapamura ito.","Ayon pa kay Marcos, naiintindihan na niya ngayon si Duterte kung bakit minsan, noong pangulo pa siya ng Pilipinas ay napapamura ito."
Doon na biglang nagsalita si Vic at sinorpresa ang mga nasa Imus Grandstand.,Doon na biglang nagsalita si Vic at sinorpresa ang mga nasa Imus Grandstand.
"Dahil bumubuti na ang kaniyang kalagayan, maaari na raw umuwi si Rodel para sa bahay na ipagpatuloy ang gamutan.","Dahil bumubuti na ang kaniyang kalagayan, maaari na raw umuwi si Rodel para sa bahay na ipagpatuloy ang gamutan."
Aminado si Vilma Santos-Recto na talagang matinding kalungkutan sa araw-araw ang naidulot sa kanya ng COVID-19 pandemic.,Aminado si Vilma Santos-Recto na talagang matinding kalungkutan sa araw-araw ang naidulot sa kanya ng COVID-19 pandemic.
"Patuloy ang makasaysayangtaon ngFilipinas na umabot din sa semifinals ng AFC Womens Asia Cup, nagtamo ng bronze sa South East Asian Games, at ngayon ay naging kampyon sa AFF Womens Championship.","Patuloy ang makasaysayangtaon ngFilipinas na umabot din sa semifinals ng AFC Womens Asia Cup, nagtamo ng bronze sa South East Asian Games, at ngayon ay naging kampyon sa AFF Womens Championship."
Sinabi ng mga kaklase ng biktima na nawawala ang dalagita matapos siyang umuwi mula sa iskul noong Biyernes.,Sinabi ng mga kaklase ng biktima na nawawala ang dalagita matapos siyang umuwi mula sa iskul noong Biyernes.
Nangyari ang pinakabagong serye ng pag-atake sa mga sibilyan kung saan target ang Afghanistan sa kasagsagan ng holy month ng Ramadan ng Muslim.,Nangyari ang pinakabagong serye ng pag-atake sa mga sibilyan kung saan target ang Afghanistan sa kasagsagan ng holy month ng Ramadan ng Muslim.
"Walang magaganap na anunsyo ng dagdag-sweldo sa mga manggagawa ngayong Mayo 1, Labor Day habang pinag-aaralan pa ang mga petisyon, ayon sa Department of Labor and Employment.","Walang magaganap na anunsyo ng dagdag-sweldo sa mga manggagawa ngayong Mayo 1, Labor Day habang pinag-aaralan pa ang mga petisyon, ayon sa Department of Labor and Employment."
Wala kasing bisyo ang TV host kaya nagulat siya nang malaman ang nangyari sa nabanggit na meeting.,Wala kasing bisyo ang TV host kaya nagulat siya nang malaman ang nangyari sa nabanggit na meeting.
Palatandaan na pala iyon na may hindi magandang mangyayari sa kanila.,Palatandaan na pala iyon na may hindi magandang mangyayari sa kanila.
"Sabi ng aming tagasubaybay na si Vangie Caperal Aleemi ng Virginina, USA, Tanging paraan namin para makapaglibang at makalimot sa problema, nawawala pa.","Sabi ng aming tagasubaybay na si Vangie Caperal Aleemi ng Virginina, USA, Tanging paraan namin para makapaglibang at makalimot sa problema, nawawala pa."
Patay ang isang construction worker nang gilitan at pagtatagain pa ng kanyang dalawang kasamahan sa trabaho na una niyang sinaksak matapos na mauwi sa mainitang pagtatalo ang kanilang masayang pag-iinuman sa loob ng kanilang pinagtatrabahuhang construction site sa Brgy.,Patay ang isang construction worker nang gilitan at pagtatagain pa ng kanyang dalawang kasamahan sa trabaho na una niyang sinaksak matapos na mauwi sa mainitang pagtatalo ang kanilang masayang pag-iinuman sa loob ng kanilang pinagtatrabahuhang construction site sa Brgy.
Sa tingin din niya ay si Maine na talaga ang kaniyang soulmate.,Sa tingin din niya ay si Maine na talaga ang kaniyang soulmate.
"Dadalaw lang sana sa lamay ang isang lalaki sa Bauko, Mountain Province nang masawi matapos matabunan ng gumuhong lupa nitong Huwebes.","Dadalaw lang sana sa lamay ang isang lalaki sa Bauko, Mountain Province nang masawi matapos matabunan ng gumuhong lupa nitong Huwebes."
Tinutulungan siya ng kaniyang mga anak sa pag-sculpt at pagpinta ng mga maskara.,Tinutulungan siya ng kaniyang mga anak sa pag-sculpt at pagpinta ng mga maskara.
"Pero sa ngayon na lumalabas na itong variant ay nandito, nakaapekto rin sa 3 kabataan dito sa mga kaso sa ngayon, ang amin pong iniisip baka sakali ay makapagrekomenda tayo na maaari muna tayong hindi magpatupad ng pagpapalabas ng mga bata to prevent more infections, ani DOH Usec.","Pero sa ngayon na lumalabas na itong variant ay nandito, nakaapekto rin sa 3 kabataan dito sa mga kaso sa ngayon, ang amin pong iniisip baka sakali ay makapagrekomenda tayo na maaari muna tayong hindi magpatupad ng pagpapalabas ng mga bata to prevent more infections, ani DOH Usec."
Mabilis na nagkasa ng operasyon ang pulisya at natukoy ang tirahan ng dalawang suspek na nagresulta sa kanilang pagkakadakip habang narekober din ang ninakaw na items.,Mabilis na nagkasa ng operasyon ang pulisya at natukoy ang tirahan ng dalawang suspek na nagresulta sa kanilang pagkakadakip habang narekober din ang ninakaw na items.
Pangandaman” na nangako na magpapadali ng mga transaksyon sa DBM.,Pangandaman” na nangako na magpapadali ng mga transaksyon sa DBM.
Tulad nga ng sinabi ko kanina na kaya ko bang umalis!,Tulad nga ng sinabi ko kanina na kaya ko bang umalis!
Matatandaang lumipat na si Bea sa GMA noong isang taon habang si Ian naman ay nasa pangangalaga na ng A Team na pag-aari naman ni Ogie Alcasid.,Matatandaang lumipat na si Bea sa GMA noong isang taon habang si Ian naman ay nasa pangangalaga na ng A Team na pag-aari naman ni Ogie Alcasid.
"Iprinoklama na ng Commission on Elections na umuupo bilang National Board of Canvassers nitong Miyerkules, Mayo 18, ang 12 senador na nanalo sa nakalipas na May 9, 2022 National at Local Elections.","Iprinoklama na ng Commission on Elections na umuupo bilang National Board of Canvassers nitong Miyerkules, Mayo 18, ang 12 senador na nanalo sa nakalipas na May 9, 2022 National at Local Elections."
"Sunud-sunod na dagok ang dumating sa industriya, pinakamalungkot ay iyong walang kumita isa man sa mga pelikula sa katatapos na MMFF.","Sunud-sunod na dagok ang dumating sa industriya, pinakamalungkot ay iyong walang kumita isa man sa mga pelikula sa katatapos na MMFF."
"Kaya iyon nagsasabi na gusto nila ordinary life, kung talagang gusto mo, magagawa mo.","Kaya iyon nagsasabi na gusto nila ordinary life, kung talagang gusto mo, magagawa mo."
Wala raw siyang alam na leading lady na kasama sa shooting doon dahil hindi na raw niya kilala ang iba pang mga artistang kasama.,Wala raw siyang alam na leading lady na kasama sa shooting doon dahil hindi na raw niya kilala ang iba pang mga artistang kasama.
Muli nga silang nag-trending matapos siyang pasalamatan at tawaging “rumored boyfriend” ng dalaga sa comment nito kanyang Instagram post.,Muli nga silang nag-trending matapos siyang pasalamatan at tawaging “rumored boyfriend” ng dalaga sa comment nito kanyang Instagram post.
"“Sinendan niya ako ng balloons, tapos nag-thank you ako.","“Sinendan niya ako ng balloons, tapos nag-thank you ako."
"So now, well, at least twice a day I pray silently, especially kapag papasok ako sa umaga, 'yung pasikat pa lang 'yung araw, kung minsan madilim pa.","So now, well, at least twice a day I pray silently, especially kapag papasok ako sa umaga, 'yung pasikat pa lang 'yung araw, kung minsan madilim pa."
"Hindi na naman matutuloy ang airing ng Legal Wives na dapat ay magsisimula sa darating na Lunes, June 21.","Hindi na naman matutuloy ang airing ng Legal Wives na dapat ay magsisimula sa darating na Lunes, June 21."
Kabilang dito si Aiko Melendez.,Kabilang dito si Aiko Melendez.
"As in handa akong talikuran yung buong mundo, family ko, yugn pagkatao ko para lang kay Lena.","As in handa akong talikuran yung buong mundo, family ko, yugn pagkatao ko para lang kay Lena."
"Sa isang kuha ng CCTV sa San Andres, nakita na naglalakad ang dalawang biktima nang huminto ang isang SUV at puwersahan silang ipasok sa sasakyan habang tinututukan ng baril.","Sa isang kuha ng CCTV sa San Andres, nakita na naglalakad ang dalawang biktima nang huminto ang isang SUV at puwersahan silang ipasok sa sasakyan habang tinututukan ng baril."
Matagal din itong naghanda para masigurong kundisyun na kundisyon ang kanyang pangangatawan.,Matagal din itong naghanda para masigurong kundisyun na kundisyon ang kanyang pangangatawan.
"Pero pagdating sa tambalan nila ni Miguel, nandiyan pa rin ang kilig at nakikita namang pinapahalagahan pa rin ng Kapuso young actress ang pinagsamahan nilang dalawa.","Pero pagdating sa tambalan nila ni Miguel, nandiyan pa rin ang kilig at nakikita namang pinapahalagahan pa rin ng Kapuso young actress ang pinagsamahan nilang dalawa."
Naghahanap umano siya ng puno nababanggain subalit nawalan na ng kontrol ang sasakyan.,Naghahanap umano siya ng puno nababanggain subalit nawalan na ng kontrol ang sasakyan.
Pinakakaunti na nag-aalaga ng aso sa Indonesia sa 10% ngunit sila ang may pinakamaraming nag-aalaga ng pusa sa Asya sa 47%.,Pinakakaunti na nag-aalaga ng aso sa Indonesia sa 10% ngunit sila ang may pinakamaraming nag-aalaga ng pusa sa Asya sa 47%.
Una na ring tiniyak ni Quezon City Joy Belmonte na mananatiling ligtas ang mga organizers at beneficiaries ng pantries lalo nat sinusuportahan niya ang Bayanihang ito na umaabot na sa 70 sa kanilang lungsod pa lang.,Una na ring tiniyak ni Quezon City Joy Belmonte na mananatiling ligtas ang mga organizers at beneficiaries ng pantries lalo nat sinusuportahan niya ang Bayanihang ito na umaabot na sa 70 sa kanilang lungsod pa lang.
"'Yung mga taong nagsasabi, 'Sagutin mo na, ang bastos, tinawag kang matanda,"" saad ng aktres.","'Yung mga taong nagsasabi, 'Sagutin mo na, ang bastos, tinawag kang matanda,"" saad ng aktres."
Masaya si EAC head coach Rod Palmero sa ipinamalas ng kanyang bataan na unti-unti nang natatagpuan ang tamang kumbinasyon.,Masaya si EAC head coach Rod Palmero sa ipinamalas ng kanyang bataan na unti-unti nang natatagpuan ang tamang kumbinasyon.
"Palaging sinasabi ng nanay ko na dapat ganon daw yung hanapin mo, ‘yung parang madali lang.","Palaging sinasabi ng nanay ko na dapat ganon daw yung hanapin mo, ‘yung parang madali lang."
Nagustuhan naman siya ni mayamang businessman hanggang sa nagkarelasyon dahil kinarir naman daw talaga ni actress/TV host.,Nagustuhan naman siya ni mayamang businessman hanggang sa nagkarelasyon dahil kinarir naman daw talaga ni actress/TV host.
At mag-uumpisa ang isang adventure na hindi nila makakalimutan.,At mag-uumpisa ang isang adventure na hindi nila makakalimutan.
May ilang pagkakataon ding natamaan ng itak at nasugatan si Allan sa kaniyang pagtutuba.,May ilang pagkakataon ding natamaan ng itak at nasugatan si Allan sa kaniyang pagtutuba.
"Ayon kay Jillian, gusto niyang sulitin ang special moment bago siya maging ganap nang dalaga sa edad 18 sa susunod na taon.","Ayon kay Jillian, gusto niyang sulitin ang special moment bago siya maging ganap nang dalaga sa edad 18 sa susunod na taon."
"Sa ulat ng GMA Regional TV Balitang Bicolandia, na mapapanood din sa GMA News Feed, makikita ang sigawan ng ilang residente dahil sa pag-akyat ng naturang lalaki, na kinukumbinsi rin ng iba pang kalalakihan na bumaba na para sa kaniyang kaligtasan.","Sa ulat ng GMA Regional TV Balitang Bicolandia, na mapapanood din sa GMA News Feed, makikita ang sigawan ng ilang residente dahil sa pag-akyat ng naturang lalaki, na kinukumbinsi rin ng iba pang kalalakihan na bumaba na para sa kaniyang kaligtasan."
Mayroon akong plano but hindi ko pa alam kung kailan.,Mayroon akong plano but hindi ko pa alam kung kailan.
"Sa Salt Lake City, isinalpak ni Rudy Gobert ang isang alley-oop dunk sa huling 11.0.","Sa Salt Lake City, isinalpak ni Rudy Gobert ang isang alley-oop dunk sa huling 11.0."
Paalala pa ni Reyes sa mga nag-aalaga ng baboy na dalhin sa veterinary clinic kapag nakitaan ng sintomas ng sakit at kapag nagpositibo sa ASF ay makabubuting patayin at ilibing kaagad.,Paalala pa ni Reyes sa mga nag-aalaga ng baboy na dalhin sa veterinary clinic kapag nakitaan ng sintomas ng sakit at kapag nagpositibo sa ASF ay makabubuting patayin at ilibing kaagad.
Dadalhin din nina KZ Tandingan at Yeng Constantino ang live musical experience sa mga tahanan sa kani-kanilang digital concerts.,Dadalhin din nina KZ Tandingan at Yeng Constantino ang live musical experience sa mga tahanan sa kani-kanilang digital concerts.
Nagsimulang manirahan si Rufa sa Amerika kasama ang kaniyang asawa at anak nang magkaroon ng pandemic.,Nagsimulang manirahan si Rufa sa Amerika kasama ang kaniyang asawa at anak nang magkaroon ng pandemic.
Mamimiss daw nila ang kanilang anak.,Mamimiss daw nila ang kanilang anak.
Bukod dito nagpaalala rin ang opisyal na kahit niluwagan na ang restrictions ay kinakailangan pa rin ang ibayong pag-iingat at patuloy na pagsunod sa minimum public health safety standards.,Bukod dito nagpaalala rin ang opisyal na kahit niluwagan na ang restrictions ay kinakailangan pa rin ang ibayong pag-iingat at patuloy na pagsunod sa minimum public health safety standards.
Kagagaling lang nila ng Boracay kasama ang kani-kanilang pamilya.,Kagagaling lang nila ng Boracay kasama ang kani-kanilang pamilya.
"Alinsunod dito, muli naming itatanong: Kanino tayo maniniwala?","Alinsunod dito, muli naming itatanong: Kanino tayo maniniwala?"
Nag-trending recently ang replay ng life story ni Sarah Geronimo sa Magpakailanman.,Nag-trending recently ang replay ng life story ni Sarah Geronimo sa Magpakailanman.
Wala pang nabubuong line-up ang CKDF para sa 2023 Cambodia SEA Games dahil pinag-aaralan pa ni Escollante ang estratehiyang gagamitin matapos maglagay ng restriction ang host country na tatlong events lamang sa kabuuang siyam na events ang puwedeng salihan ng iba pang member countries.,Wala pang nabubuong line-up ang CKDF para sa 2023 Cambodia SEA Games dahil pinag-aaralan pa ni Escollante ang estratehiyang gagamitin matapos maglagay ng restriction ang host country na tatlong events lamang sa kabuuang siyam na events ang puwedeng salihan ng iba pang member countries.
"Nasa 13 katao na ang nadali ang mata, habang walo naman ang nasugatan sa kamay.","Nasa 13 katao na ang nadali ang mata, habang walo naman ang nasugatan sa kamay."
"Kaypian, San Jose Del Monte, kung saan aabot sa may 30,000 sako ng asukal ang nadatnan ng mga operatiba.Sumunod.","Kaypian, San Jose Del Monte, kung saan aabot sa may 30,000 sako ng asukal ang nadatnan ng mga operatiba.Sumunod."
Dati nang sinabi ni Duque na pinag-uusapan pa ng Inter-Agency Task Force (IATF) for the Management of Emerging Infectious Diseases at ng iba pang government adviser ang mga magiging patakaran kapag ipinatupad ang Alert Level 0.,Dati nang sinabi ni Duque na pinag-uusapan pa ng Inter-Agency Task Force (IATF) for the Management of Emerging Infectious Diseases at ng iba pang government adviser ang mga magiging patakaran kapag ipinatupad ang Alert Level 0.
Matatandaang umapela ang GAB sa Korean commission matapos matuklasan ang nangyari kay Casimero sa laban.,Matatandaang umapela ang GAB sa Korean commission matapos matuklasan ang nangyari kay Casimero sa laban.
"Kasi, yung rason, yung sinabi niya sa management.","Kasi, yung rason, yung sinabi niya sa management."
Naratay at na-comatose ng dalawang araw ang biktima sa loob ng ospital hanggang sa tuluyang bumigay at pumanaw ala-1 ng hapon nitong Linggo.,Naratay at na-comatose ng dalawang araw ang biktima sa loob ng ospital hanggang sa tuluyang bumigay at pumanaw ala-1 ng hapon nitong Linggo.
"Sa kanyang post, sinabi ni K na : Ilang taon na po ang nakakaraan ng may kinontrata ako para gawin ang aking bahay dahil sa kagustohan kong umiwas sa malaking babayarin sa pag-upa ng townhouse at condominium unit.","Sa kanyang post, sinabi ni K na : Ilang taon na po ang nakakaraan ng may kinontrata ako para gawin ang aking bahay dahil sa kagustohan kong umiwas sa malaking babayarin sa pag-upa ng townhouse at condominium unit."
"Sa kabuuan, nasa 1,562,420 na ang naitalang COVID-19 cases sa bansa.","Sa kabuuan, nasa 1,562,420 na ang naitalang COVID-19 cases sa bansa."
"Inabisuhan na namin siya agad sa umpisa pa lang ng panayam na ibabato namin sa kanya ang lahat ng katanungan, positibo man o negatibo, na kailangan niyang sagutin nang diretso at buong katapatan.","Inabisuhan na namin siya agad sa umpisa pa lang ng panayam na ibabato namin sa kanya ang lahat ng katanungan, positibo man o negatibo, na kailangan niyang sagutin nang diretso at buong katapatan."
Bilyonang halagang pinsala ng bagyong Agaton sa agrikultura.,Bilyonang halagang pinsala ng bagyong Agaton sa agrikultura.
"Napakatagal nang nakalibing ni Alyanna ay ibinabalik-balik pa rin ang kanilang mga eksena ni Cardo Dalisay, bagong putahe naman ang hinahanap ng aming mga mata.","Napakatagal nang nakalibing ni Alyanna ay ibinabalik-balik pa rin ang kanilang mga eksena ni Cardo Dalisay, bagong putahe naman ang hinahanap ng aming mga mata."
Ang kondisyong ito ay nananatili pa rin sa kabila nang pagtanggap ni Duterte sa nominasyon ng PDP-Laban upang maging vice presidential bet nila sa darating na halalan.,Ang kondisyong ito ay nananatili pa rin sa kabila nang pagtanggap ni Duterte sa nominasyon ng PDP-Laban upang maging vice presidential bet nila sa darating na halalan.
"Kapag nahihirapan siya during pandemic, ang utak ko, 'Ah four times a day tayo kung kumain, chill ka diyan.'","Kapag nahihirapan siya during pandemic, ang utak ko, 'Ah four times a day tayo kung kumain, chill ka diyan.'"
"Hinala pa ng pamilya ni Ochangco, posible raw na apat silang magkakasama.","Hinala pa ng pamilya ni Ochangco, posible raw na apat silang magkakasama."
Ano raw ba talaga ang pinag-ugatan nang matinding sama ng loob kay Kris Aquino ng namayapa niyang Kuya Noynoy.,Ano raw ba talaga ang pinag-ugatan nang matinding sama ng loob kay Kris Aquino ng namayapa niyang Kuya Noynoy.
Sa Instagram stories ni Ellen ay makikita silang nag-e-enjoy habang nag-iinuman.,Sa Instagram stories ni Ellen ay makikita silang nag-e-enjoy habang nag-iinuman.
Medyo kinabahan daw siya nang tinanong sa nakaraang mediacon ng 25th anniversary ng Bubble Gang ang tungkol sa bagong setup sa kanyang pamilya.,Medyo kinabahan daw siya nang tinanong sa nakaraang mediacon ng 25th anniversary ng Bubble Gang ang tungkol sa bagong setup sa kanyang pamilya.
"Sa parte raw ni Boy, sinasabi naman niyang saan man siya mapunta ay gagawin niya ang special.","Sa parte raw ni Boy, sinasabi naman niyang saan man siya mapunta ay gagawin niya ang special."
"Ang kapakanan ng aming talents ang pinakamahalaga sa amin, kaya naman hindi kami magdadalawang isip na gumamit ng ligal na aksyon laban sa mga gumawa nito at sa kahit sinong magpo-post, mamamahagi, o kokopya ng mga litratong ito.","Ang kapakanan ng aming talents ang pinakamahalaga sa amin, kaya naman hindi kami magdadalawang isip na gumamit ng ligal na aksyon laban sa mga gumawa nito at sa kahit sinong magpo-post, mamamahagi, o kokopya ng mga litratong ito."
"Sa Instagram post ng Megastar, makikita ang larawan ng kaniyang passport at may nakaipit na plane ticket.","Sa Instagram post ng Megastar, makikita ang larawan ng kaniyang passport at may nakaipit na plane ticket."
"Sa kabila nito, tiniyak naman niya kailangan pa rin itong pag-ingatan para maiwasan ang korapsyon.","Sa kabila nito, tiniyak naman niya kailangan pa rin itong pag-ingatan para maiwasan ang korapsyon."
Para sa aktor ay hindi naman daw nagkakalayo ang galawan sa trabaho ng telebisyon at teatro.,Para sa aktor ay hindi naman daw nagkakalayo ang galawan sa trabaho ng telebisyon at teatro.
"Pagsapit ng Agosto 2022, nagbago na raw ang tugon ng opisina nang sabihing ni-refer na ang kaso sa National Bureau of Investigation.","Pagsapit ng Agosto 2022, nagbago na raw ang tugon ng opisina nang sabihing ni-refer na ang kaso sa National Bureau of Investigation."
"Kuwento ni Eufemia, 1996 nang isinilang niya si Jade na ang tunay na pangalan ay Joyce Anne Cabigin, na nag-iisa pa lang niyang anak noon.","Kuwento ni Eufemia, 1996 nang isinilang niya si Jade na ang tunay na pangalan ay Joyce Anne Cabigin, na nag-iisa pa lang niyang anak noon."
"Sa Ilocos Norte ang ika-12 ng Setyembre, na siyang kapanganakan ng kanyang amang kilala sa ill-gotten wealth, human rights abuses at pagdedeklara ng Batas Militar noong 1972.","Sa Ilocos Norte ang ika-12 ng Setyembre, na siyang kapanganakan ng kanyang amang kilala sa ill-gotten wealth, human rights abuses at pagdedeklara ng Batas Militar noong 1972."
"Matatandaang noong Pebrero 8 lamang, nakakumpiska rin ang Port of Batangas ng barko na naglalaman ng 700,000 litro ng unmarked diesel sa coastal waters ng Brgy.","Matatandaang noong Pebrero 8 lamang, nakakumpiska rin ang Port of Batangas ng barko na naglalaman ng 700,000 litro ng unmarked diesel sa coastal waters ng Brgy."
Tatlong laro na lamang ang natitira sa Archangels sa eliminasyon na awtomatiko nitong ipo-forfeit.,Tatlong laro na lamang ang natitira sa Archangels sa eliminasyon na awtomatiko nitong ipo-forfeit.
Sinabi ni Jimenez ang mga kandidato ay hindi bibigyan ng mga katanungan nang maaga at hindi papayagang magdala ng anuman sa podium.,Sinabi ni Jimenez ang mga kandidato ay hindi bibigyan ng mga katanungan nang maaga at hindi papayagang magdala ng anuman sa podium.
Ayon pa kay Herrera maglalabas ng bagong memorandum ang Malacañang kaugnay ng paggamit ng Ivermectin.,Ayon pa kay Herrera maglalabas ng bagong memorandum ang Malacañang kaugnay ng paggamit ng Ivermectin.
"Hindi bababa sa 12 ang kumpirmadong namatay mula sa nasunog na MV Lady Mary Joy 3 sa vicinity waters ng Baluk-Baluk Island, Hadji Muhtamad, Basilan nitong Miyerkules, ika-29 ng Marso, ayon sa pinakahuling taya ng Pamahalaang Panlalawigan ng Basilan sa Mindanao.","Hindi bababa sa 12 ang kumpirmadong namatay mula sa nasunog na MV Lady Mary Joy 3 sa vicinity waters ng Baluk-Baluk Island, Hadji Muhtamad, Basilan nitong Miyerkules, ika-29 ng Marso, ayon sa pinakahuling taya ng Pamahalaang Panlalawigan ng Basilan sa Mindanao."
"Sa twitter account naman ni Lacson, vice Chairman ng komite, sinabi niya na mayroon siyang “strong reservation” o alangan siya sa nakasaad sa preliminary report na “Betrayal of Public Trust recommendation” at mag-interpellate umano siya kapag tinalakay na ito sa plenaryo.","Sa twitter account naman ni Lacson, vice Chairman ng komite, sinabi niya na mayroon siyang “strong reservation” o alangan siya sa nakasaad sa preliminary report na “Betrayal of Public Trust recommendation” at mag-interpellate umano siya kapag tinalakay na ito sa plenaryo."
"Anyway, fake news din diumano ang iba pang mga chika nitong nasabing influencer na masayang-masaya raw kapag nababanggit ang pangalan kaya ang decision ni Nay Cristy, wag banggitin ang pangalan ng tinatawag niyang pambansang ilusyunado hindi malungkot siya.","Anyway, fake news din diumano ang iba pang mga chika nitong nasabing influencer na masayang-masaya raw kapag nababanggit ang pangalan kaya ang decision ni Nay Cristy, wag banggitin ang pangalan ng tinatawag niyang pambansang ilusyunado hindi malungkot siya."
"At ganito rin daw ang nangyayari kay Luis, mula raw nang ikasal sila hindi na masyadong nai-stress ang TV host dahil sa dami ng kanyang iniisip at pinoproblema.","At ganito rin daw ang nangyayari kay Luis, mula raw nang ikasal sila hindi na masyadong nai-stress ang TV host dahil sa dami ng kanyang iniisip at pinoproblema."
"Parating na ang dry season o panahon ng tag-init sa bansa, ayon sa PAGASA.","Parating na ang dry season o panahon ng tag-init sa bansa, ayon sa PAGASA."
Inihayag ni Nietes na may ilang offers na itong natanggap ngunit hindi muna nito isiniwalat kung sino ang posibleng makaharap sa kanyang susunod na laban.,Inihayag ni Nietes na may ilang offers na itong natanggap ngunit hindi muna nito isiniwalat kung sino ang posibleng makaharap sa kanyang susunod na laban.
"Never siyang nagsabi sa amin na taas-baba pala ang blood pressure niya, na meron siyang iniinom na gamot sa liver, isinekreto niya yun sa amin, pag-alala ni Eva.","Never siyang nagsabi sa amin na taas-baba pala ang blood pressure niya, na meron siyang iniinom na gamot sa liver, isinekreto niya yun sa amin, pag-alala ni Eva."
Diyan po yung kasagsagan ng marami at malalakas na aftershocks.,Diyan po yung kasagsagan ng marami at malalakas na aftershocks.
Pero kung pwede bigyan mo ko ng kamukha ni Richard Gomez.,Pero kung pwede bigyan mo ko ng kamukha ni Richard Gomez.
Optimistiko ang National Collegiate Athletic Association (NCAA) management committee na masisimulan na ang training ng mga student-athletes bago matapos ang taong ito.,Optimistiko ang National Collegiate Athletic Association (NCAA) management committee na masisimulan na ang training ng mga student-athletes bago matapos ang taong ito.
"Kahit lampas sa kalahating milyon ang nagpaturok ay kapos pa rin ito sa itinakdang target ng gobyerno na dapat mabakunahan sa DOH-Bicol na 1,152,952.Humirit.","Kahit lampas sa kalahating milyon ang nagpaturok ay kapos pa rin ito sa itinakdang target ng gobyerno na dapat mabakunahan sa DOH-Bicol na 1,152,952.Humirit."
"Bowenn Joey Masauding, dinakip ang mga suspek sa Binangonan, Rizal noong Hulyo 3 sa bisa ng warrant to search, seize and examine computer data Hindi muna pinangalanan ni Masauding ang mga suspek habang patuloy nilang iniimbestigahan kung may mga kasabwat pa ang mga ito.","Bowenn Joey Masauding, dinakip ang mga suspek sa Binangonan, Rizal noong Hulyo 3 sa bisa ng warrant to search, seize and examine computer data Hindi muna pinangalanan ni Masauding ang mga suspek habang patuloy nilang iniimbestigahan kung may mga kasabwat pa ang mga ito."
"Kung sakali, baka gawin daw niya ang Alyas Pogi, pero hindi muna niya ilalabas sa mga sinehan kung ganito pa rin ang sitwasyon natin.","Kung sakali, baka gawin daw niya ang Alyas Pogi, pero hindi muna niya ilalabas sa mga sinehan kung ganito pa rin ang sitwasyon natin."
Ang 2 international film awards na nakamitni Palma ay malaking tulong upang lalong tumaas ang antas at kalidad ng pelikulang Filipino at magbubukas ito ng dagdag na oportunidad para sa industriya ng film industry.,Ang 2 international film awards na nakamitni Palma ay malaking tulong upang lalong tumaas ang antas at kalidad ng pelikulang Filipino at magbubukas ito ng dagdag na oportunidad para sa industriya ng film industry.
Lumuhod naman si Manolet kay Kris at saka inalok ng kasal ang kaniyang nobya.,Lumuhod naman si Manolet kay Kris at saka inalok ng kasal ang kaniyang nobya.
"Ani Garcia, hindi man tinukoy kung ano ang mga brand ng bakuna, tatlong brand ang inaasahang darating sa katapusan ng Pebrero.","Ani Garcia, hindi man tinukoy kung ano ang mga brand ng bakuna, tatlong brand ang inaasahang darating sa katapusan ng Pebrero."
"Umapela ang Social Security System (SSS) sa mga mambabatas sa Kamara na ikonsidera ang pag-apruba sa panukalang pagtataas ng contribution rate para maipagkaloob ang mas mahusay na serbisyo sa mga miyembro, pensioners at kanilang mga benepisyaryo.","Umapela ang Social Security System (SSS) sa mga mambabatas sa Kamara na ikonsidera ang pag-apruba sa panukalang pagtataas ng contribution rate para maipagkaloob ang mas mahusay na serbisyo sa mga miyembro, pensioners at kanilang mga benepisyaryo."
Invalid din ng CA order ang halalan ng isa pang MVHAI faction na pinamumunuan nina Carmelo Marquez at Jose Temponuevlo nitong Mayo 22 na pinangangasiwaan din ng HSAC.,Invalid din ng CA order ang halalan ng isa pang MVHAI faction na pinamumunuan nina Carmelo Marquez at Jose Temponuevlo nitong Mayo 22 na pinangangasiwaan din ng HSAC.
"Womens Open, habang pinatunayan naman ni Nonito na hindi pa tapos ang kanyang laban sa boksing sa bago niyang titulo.","Womens Open, habang pinatunayan naman ni Nonito na hindi pa tapos ang kanyang laban sa boksing sa bago niyang titulo."
Sinabi rin ni Bea na dapat maging mapagmatyag sa isang relasyon at huwag maging bulag sa pag-ibig.,Sinabi rin ni Bea na dapat maging mapagmatyag sa isang relasyon at huwag maging bulag sa pag-ibig.
"Pero dahil malabo ang kuha ng camera, hindi nakita ang plaka ng sasakyan at ang mga sakay nito.","Pero dahil malabo ang kuha ng camera, hindi nakita ang plaka ng sasakyan at ang mga sakay nito."
"Siguro, talagang test of courage and patience para sa lahat nang tinamaan ng bagyong ito.","Siguro, talagang test of courage and patience para sa lahat nang tinamaan ng bagyong ito."
"Kaya nang kumbinsihin daw siya na gawing partylist ang PDP Cares Foundation na walang kinalaman sa PDP na Partido Demokratiko Pilipino, naisip niyang mas magiging malawak ang reach at walang mawawala kung susubukan nila.","Kaya nang kumbinsihin daw siya na gawing partylist ang PDP Cares Foundation na walang kinalaman sa PDP na Partido Demokratiko Pilipino, naisip niyang mas magiging malawak ang reach at walang mawawala kung susubukan nila."
"Ang pinakamalaking bilang ng mga umuwing OFW sa pamamagitan ng repatriation ay nagmumula sa Saudi Arabia, Kuwait, Qatar, Oman at Jordan.","Ang pinakamalaking bilang ng mga umuwing OFW sa pamamagitan ng repatriation ay nagmumula sa Saudi Arabia, Kuwait, Qatar, Oman at Jordan."
"Sa episode ng ""Kapuso Mo, Jessica Soho"" nitong Linggo, sinubaybayan ang buwis-buhay na gawain ni Lola Gloria na nagsisimula sa paghahanda niya ng babauning pananghalian na isang isda at kanin sa pag-akyat niya sa bundok.","Sa episode ng ""Kapuso Mo, Jessica Soho"" nitong Linggo, sinubaybayan ang buwis-buhay na gawain ni Lola Gloria na nagsisimula sa paghahanda niya ng babauning pananghalian na isang isda at kanin sa pag-akyat niya sa bundok."
"Sinabi ni Silvio na matapos ang pamamaril sa pangulo ng kooperatiba, naglagay agad ang pulisya ng blocking force sa posibleng lalabasan ng mga suspek.","Sinabi ni Silvio na matapos ang pamamaril sa pangulo ng kooperatiba, naglagay agad ang pulisya ng blocking force sa posibleng lalabasan ng mga suspek."
Todong suporta raw ang ibinibigay nina Jessa at Dingdong sa baguhang aktres.,Todong suporta raw ang ibinibigay nina Jessa at Dingdong sa baguhang aktres.
Ika-23 ng Hunyo lang nang mag-crash din ang bagong-biling S-701 Blackhawk utility helicopter ng Pilipinas ilang milya mula sa Col.,Ika-23 ng Hunyo lang nang mag-crash din ang bagong-biling S-701 Blackhawk utility helicopter ng Pilipinas ilang milya mula sa Col.
"As bida-bida, Miss Everything talaga ako noong high school kasi nga po, nag-aartista na, nag-join pa ako ng varsity, sumali pa ako sa dance club.","As bida-bida, Miss Everything talaga ako noong high school kasi nga po, nag-aartista na, nag-join pa ako ng varsity, sumali pa ako sa dance club."
May friends kasi kaming gustong mag-Baguio pero sabi raw sa mga hotel doon ay may malaking kasalan nga kaya hindi na sila puwedeng i-accommodate.,May friends kasi kaming gustong mag-Baguio pero sabi raw sa mga hotel doon ay may malaking kasalan nga kaya hindi na sila puwedeng i-accommodate.
"Sina Piolo Pascual at Kathryn ang nag-cut ng ribbon ng bagong resort na ito sa El Nido, Palawan at nandun din si Daniel para samahan ang aktres.","Sina Piolo Pascual at Kathryn ang nag-cut ng ribbon ng bagong resort na ito sa El Nido, Palawan at nandun din si Daniel para samahan ang aktres."
Ngunit patuloy pa rin ang kanyang pagdala ng pagmamahal sa inyo na ang kanyang mensahe na mahalin ang ating bansang Pilipinas.,Ngunit patuloy pa rin ang kanyang pagdala ng pagmamahal sa inyo na ang kanyang mensahe na mahalin ang ating bansang Pilipinas.
"Nagbigay rin ng kontribusyon si Kobe Monje na may 10 points at dalawang assists gayundin si Kurt Reyson na may anim na puntos, walong rebounds, tatlong assists at dalawang steals para sa Knights.","Nagbigay rin ng kontribusyon si Kobe Monje na may 10 points at dalawang assists gayundin si Kurt Reyson na may anim na puntos, walong rebounds, tatlong assists at dalawang steals para sa Knights."
"Idinagdag niya na sa kabila ng ‘truce’, maaaring magkaroon ng bayolasyon sa isa sa mga panig na posibleng maging dahilan ng panibagong sagupaan na maglalagay sa mga OFWs sa panganib.","Idinagdag niya na sa kabila ng ‘truce’, maaaring magkaroon ng bayolasyon sa isa sa mga panig na posibleng maging dahilan ng panibagong sagupaan na maglalagay sa mga OFWs sa panganib."
Magbabalik na pala ang The Clash na nasa 4thseason na.,Magbabalik na pala ang The Clash na nasa 4thseason na.
Nakapag-disinfect na rin daw sa walong Barangay sa Cuenca kasama ang Barangay Emmanuel na nakitaan ng pinakamaraming kaso.,Nakapag-disinfect na rin daw sa walong Barangay sa Cuenca kasama ang Barangay Emmanuel na nakitaan ng pinakamaraming kaso.
Kalat na at pinagpipistahan na ng mga netizens ngayon ang nasabing video kung saan makikita nga ang dalawa na enjoy na enjoy sa ginaganap na online sabong.,Kalat na at pinagpipistahan na ng mga netizens ngayon ang nasabing video kung saan makikita nga ang dalawa na enjoy na enjoy sa ginaganap na online sabong.
"Ang pinsala sa mga yamang-dagat, ayon kay Derr ay karagdagan sa mga dokumentadong pinsala na ginagawa ng China sa karagatan, kabilang na ang pagkuha sa mga endangered giant clams at magtatayo ng artificial island-building.","Ang pinsala sa mga yamang-dagat, ayon kay Derr ay karagdagan sa mga dokumentadong pinsala na ginagawa ng China sa karagatan, kabilang na ang pagkuha sa mga endangered giant clams at magtatayo ng artificial island-building."
"Wala po kaming relationship parang ano lang din po dating, nakangiting pahayag ni AJ sa tsikahan namin sa DZRH noong Martes ng gabi, para sa promo ng pelikula niyang Shoot!","Wala po kaming relationship parang ano lang din po dating, nakangiting pahayag ni AJ sa tsikahan namin sa DZRH noong Martes ng gabi, para sa promo ng pelikula niyang Shoot!"
"Samantala, sinibak na rin kahapon sa puwesto ang buong miyembro ng Paco Police Community Precinct (PCP) dahil nga sa pagkakasangkot ng tatlo nilang kasamahan sa pangongotong.","Samantala, sinibak na rin kahapon sa puwesto ang buong miyembro ng Paco Police Community Precinct (PCP) dahil nga sa pagkakasangkot ng tatlo nilang kasamahan sa pangongotong."
"Lagi rin daw pumunta ang pinsan ng driver sa ospital para alamin ang pangangailan ng kaniyang inaJoviland Rita/KBK, GMA News.","Lagi rin daw pumunta ang pinsan ng driver sa ospital para alamin ang pangangailan ng kaniyang inaJoviland Rita/KBK, GMA News."
Makaka-relate naman ang mga kabataan sa classic love story ni Natasshia (Eliza Pineda) at ng kanyang crush.,Makaka-relate naman ang mga kabataan sa classic love story ni Natasshia (Eliza Pineda) at ng kanyang crush.
"Naiintindihan natin ang pangamba ng mga kababayan natin kasi ngayon ang ganda na ng kalagayan ng Pilipinas, ito na ang pinakamaganda since June pa last year nung nagsisimula pa lang yung first surge natin, sabi pa ni David.","Naiintindihan natin ang pangamba ng mga kababayan natin kasi ngayon ang ganda na ng kalagayan ng Pilipinas, ito na ang pinakamaganda since June pa last year nung nagsisimula pa lang yung first surge natin, sabi pa ni David."
"Sa gitna ng batikos na inabot ng PNP dahil dito, agad namang dumepensa ang Malacañang sa institusyon habang iginigiit na iilan lang ang ganito sa mga alagad ng batas.","Sa gitna ng batikos na inabot ng PNP dahil dito, agad namang dumepensa ang Malacañang sa institusyon habang iginigiit na iilan lang ang ganito sa mga alagad ng batas."
"Ligtas naman daw ang sanggol at ang pamilya nitoKBK, GMA News.","Ligtas naman daw ang sanggol at ang pamilya nitoKBK, GMA News."
"Sa naturang series, si Fidel ang matalik na kaibigan ni Crisostomo, na nagkaroon ng pag-ibig kay Klay.","Sa naturang series, si Fidel ang matalik na kaibigan ni Crisostomo, na nagkaroon ng pag-ibig kay Klay."
"Sa ulat ni Andrew Bernardo sa GMA Regional TV Balitang Southern Tagalog nitong Martes, sinabing naka-isolate na ang mga batang apektado ng sakit, at binabantayan din ang mga barangay na nakapagtala ng mga kaso ng nakahahawang sakit.","Sa ulat ni Andrew Bernardo sa GMA Regional TV Balitang Southern Tagalog nitong Martes, sinabing naka-isolate na ang mga batang apektado ng sakit, at binabantayan din ang mga barangay na nakapagtala ng mga kaso ng nakahahawang sakit."
"Kinilala ni Police Major Jeffrey Onde, hepe ng Hermosa Police, ang mga biktimang sina AC Magtanong 11-anyos, AJ Magtanong 11-anyos, Reynalyn Magtanong 13-anyos at Gabriel Santos, 11, pawang mga residente ng nabanggit na bayan.","Kinilala ni Police Major Jeffrey Onde, hepe ng Hermosa Police, ang mga biktimang sina AC Magtanong 11-anyos, AJ Magtanong 11-anyos, Reynalyn Magtanong 13-anyos at Gabriel Santos, 11, pawang mga residente ng nabanggit na bayan."
Una nang sinabi ng Comelec na mahigit sa 67 milyong official ballots ang kanilang iimprenta para sa 2022 national and local elections.,Una nang sinabi ng Comelec na mahigit sa 67 milyong official ballots ang kanilang iimprenta para sa 2022 national and local elections.
"Yung ipinangako sa akin na filing bonus, more than one month na, wala pa, tapos hindi na raw sila babalik ng November.","Yung ipinangako sa akin na filing bonus, more than one month na, wala pa, tapos hindi na raw sila babalik ng November."
"Ang una nga nilang nilaro ay “Green Light, Red Light” kung saan sack race ang naging istilo.","Ang una nga nilang nilaro ay “Green Light, Red Light” kung saan sack race ang naging istilo."
#NAME?,#NAME?
"Ayon sa pulisya na nawalan ng preno ang trak habang pababa,subalit hindi nasiraan ng loob ang drayber at namaniobra niya ito at hindi nahulog sa tulay kayat isinalpok na lang niya sa poste.","Ayon sa pulisya na nawalan ng preno ang trak habang pababa,subalit hindi nasiraan ng loob ang drayber at namaniobra niya ito at hindi nahulog sa tulay kayat isinalpok na lang niya sa poste."
Tig-dalawang grupo rin ang maglalaban-laban sa Japan at Indonesia.,Tig-dalawang grupo rin ang maglalaban-laban sa Japan at Indonesia.
Ang nasabing monthly allowance ay mula Disyembre 2020 hanggang Hunyo 30 at pinoproseso na umano ito para masiguro na magagamit agad ito sa katapusan ng buwan.,Ang nasabing monthly allowance ay mula Disyembre 2020 hanggang Hunyo 30 at pinoproseso na umano ito para masiguro na magagamit agad ito sa katapusan ng buwan.
"Sa video ng GMA News Feed, sinabing habang nakaratay ang padre de pamilya ay ipinagtapat niya sa kaniyang mga anak na hindi totoong naglayas at inabanadona sila ng kanilang ina.","Sa video ng GMA News Feed, sinabing habang nakaratay ang padre de pamilya ay ipinagtapat niya sa kaniyang mga anak na hindi totoong naglayas at inabanadona sila ng kanilang ina."
"Guimba, Nueva Ecija, Philippines — Napasama pa ang ginawang pag-awat ng isang 48-anyos na magsasaka sa magkapatid na nag-aaway sa harap ng isang inuman nang tagain ito sa kanyang kaliwang binti sa Barangay Consuelo ng bayang ito,kamakalawa ng hapon.","Guimba, Nueva Ecija, Philippines — Napasama pa ang ginawang pag-awat ng isang 48-anyos na magsasaka sa magkapatid na nag-aaway sa harap ng isang inuman nang tagain ito sa kanyang kaliwang binti sa Barangay Consuelo ng bayang ito,kamakalawa ng hapon."
"Tapos natapos na kami roon, ayon sa Kapuso actress-host.","Tapos natapos na kami roon, ayon sa Kapuso actress-host."
"Patuloy ang imbestigasyon upang malaman ang pinagmulan gn droga, ayon sa ulatLBG, GMA Integrated News.","Patuloy ang imbestigasyon upang malaman ang pinagmulan gn droga, ayon sa ulatLBG, GMA Integrated News."
Pero ngayon ay hindi pa raw.,Pero ngayon ay hindi pa raw.
"Sa kabila nito, tiniyak din naman ni Gatchalian na nakahanda pa rin ang LGU na umayuda ng ‘Libreng Sakay’ sa ilang mga piling ruta.","Sa kabila nito, tiniyak din naman ni Gatchalian na nakahanda pa rin ang LGU na umayuda ng ‘Libreng Sakay’ sa ilang mga piling ruta."
"Una nang sinabi ng National Disaster Risk Reduction and Management Council na nakaranas ng kawalan ng kuryente ang dalawang munisipalidad sa Cagayan, maliban pa sa partial damage na tinamo ng isang bahay sa Brgy.","Una nang sinabi ng National Disaster Risk Reduction and Management Council na nakaranas ng kawalan ng kuryente ang dalawang munisipalidad sa Cagayan, maliban pa sa partial damage na tinamo ng isang bahay sa Brgy."
Nagpalabas din ng advisory sa publiko ang Lucena United Doctors Hospital and Medical Center para sabihin na “full capacity” na rin ang kanilang COVID units at beyond capacity naman ang kanilang Neonatal Intensive Care Units.,Nagpalabas din ng advisory sa publiko ang Lucena United Doctors Hospital and Medical Center para sabihin na “full capacity” na rin ang kanilang COVID units at beyond capacity naman ang kanilang Neonatal Intensive Care Units.
"Ayon sa ginang nang matawagan sa programang ""Wowowin-Tutok To Win,"" mag-isa niyang itinataguyod ang apat niyang anak dahil nakakulong ang kaniyang mister.","Ayon sa ginang nang matawagan sa programang ""Wowowin-Tutok To Win,"" mag-isa niyang itinataguyod ang apat niyang anak dahil nakakulong ang kaniyang mister."
Lumabas ngayon sa isang pag-aaral ng mga eksperto sa China na bumababa ang nabuong antibodies buhat sa Sinovac COVID-19 vaccines sa loob ng anim na buwan kaya kinakailangan na magkaroon ng ikatlong iniksyon bilang ‘booster shot’.,Lumabas ngayon sa isang pag-aaral ng mga eksperto sa China na bumababa ang nabuong antibodies buhat sa Sinovac COVID-19 vaccines sa loob ng anim na buwan kaya kinakailangan na magkaroon ng ikatlong iniksyon bilang ‘booster shot’.
"Sa mga doses na naibigay, 960,191 healthcare workers ang nakatanggap ng unang dose habang 191,982 ang nakakumpleto na ng dalawang doses; nasa 128,018 senior citizens ang nabigyan ng unang doses at wala pang ikalawang dose; habang 176,305 indibiduwal na may comorbidities ang nabigyan na rin ng unang dose ng bakuna.","Sa mga doses na naibigay, 960,191 healthcare workers ang nakatanggap ng unang dose habang 191,982 ang nakakumpleto na ng dalawang doses; nasa 128,018 senior citizens ang nabigyan ng unang doses at wala pang ikalawang dose; habang 176,305 indibiduwal na may comorbidities ang nabigyan na rin ng unang dose ng bakuna."
Kabilang sa anggulong tinitingnan ng mga awtoridad bilang motibo sa krimen ang malaking pagkakautang umano ng biktima at ang kaugnayan niya sa dating mga nakarelasyon niya.,Kabilang sa anggulong tinitingnan ng mga awtoridad bilang motibo sa krimen ang malaking pagkakautang umano ng biktima at ang kaugnayan niya sa dating mga nakarelasyon niya.
Nagsumite naman si Jema Galanza ng 13 hits habang umani si Michele Gumabao ng 11 markers.,Nagsumite naman si Jema Galanza ng 13 hits habang umani si Michele Gumabao ng 11 markers.
Apektado na rin daw kasi ang pamilya niya na nadadamay sa bashing ng netizens.,Apektado na rin daw kasi ang pamilya niya na nadadamay sa bashing ng netizens.
"Na-miss din ni Heart ang pag-arte at ang kaniyang co-stars, kaya nakikipagkita pa rin siya sa mga ito.","Na-miss din ni Heart ang pag-arte at ang kaniyang co-stars, kaya nakikipagkita pa rin siya sa mga ito."
"Tapos nagpakilala na ako, ‘Hi!","Tapos nagpakilala na ako, ‘Hi!"
"Hindi raw ba kailangan mai-prisinta mo sa vaccination center ang card mo ng unang bakuna para bigyan ka ng ikalawa, at maliwanag na hindi naman siya sa Maynila unang nabakunahan.","Hindi raw ba kailangan mai-prisinta mo sa vaccination center ang card mo ng unang bakuna para bigyan ka ng ikalawa, at maliwanag na hindi naman siya sa Maynila unang nabakunahan."
Aminado ang aktres na hindi siya kagalingang magsulat noon hanggang sa nagkakilala sila ni Rico Blanco.,Aminado ang aktres na hindi siya kagalingang magsulat noon hanggang sa nagkakilala sila ni Rico Blanco.
"Batay sa imbestigasyon ng pulisya, bandang alas-6:40 ng gabi ay minamaneho ng biktima ang isang Rusi motorcycle patungo sa kanyang bahay nang parahin ito ng hindi nakikilalang lalaki.","Batay sa imbestigasyon ng pulisya, bandang alas-6:40 ng gabi ay minamaneho ng biktima ang isang Rusi motorcycle patungo sa kanyang bahay nang parahin ito ng hindi nakikilalang lalaki."
"Maningning ang simula ng kampanya ng Team Philippines matapos magtala ng panalo ang beach handball team at ang Azkals sa 31st Southeast Asian Games na ginaganap sa Hanoi, Vietnam.","Maningning ang simula ng kampanya ng Team Philippines matapos magtala ng panalo ang beach handball team at ang Azkals sa 31st Southeast Asian Games na ginaganap sa Hanoi, Vietnam."
Hanggang August na raw sila roon para matapos na ang buong taping.,Hanggang August na raw sila roon para matapos na ang buong taping.
"Pagbalik sa rest house ni Ed, muli siyang nagsagawa ng rituwal.","Pagbalik sa rest house ni Ed, muli siyang nagsagawa ng rituwal."
"Imagine na mag-click sila nang magkita at magtagpo, to think na halos pareho ang circle of friends nila pero ngayon lang sila nagswak.","Imagine na mag-click sila nang magkita at magtagpo, to think na halos pareho ang circle of friends nila pero ngayon lang sila nagswak."
"Hindi na nakapagtapos ng pag-aaral si tatay Jerry, at tinulungan na lang ang kaniyang mga magulang sa pagsasaka sa Cabagan, Isabela.","Hindi na nakapagtapos ng pag-aaral si tatay Jerry, at tinulungan na lang ang kaniyang mga magulang sa pagsasaka sa Cabagan, Isabela."
"Talagtag, misis nito na si Wilma na naka-backride sa kanilang Suzuki Smash; Aniceto B.","Talagtag, misis nito na si Wilma na naka-backride sa kanilang Suzuki Smash; Aniceto B."
Napapagkamalang nasobrahan ng injection ng glutathione ang isang actress.,Napapagkamalang nasobrahan ng injection ng glutathione ang isang actress.
"There is always a possibility na magka-surge kasi alam naman natin na itong virus, ‘yung transmission is airborne so kailangan talaga nating mag-ingat lalo na’t nasa Alert Level 1 na tayo, paalala pa ni Vega.","There is always a possibility na magka-surge kasi alam naman natin na itong virus, ‘yung transmission is airborne so kailangan talaga nating mag-ingat lalo na’t nasa Alert Level 1 na tayo, paalala pa ni Vega."
Lahat sila hindi na nila alam kung ano yung sasabihin sa akin.,Lahat sila hindi na nila alam kung ano yung sasabihin sa akin.
Magbabago ang lahat nang mag-alok ng pabuya ang mga pulis sa sino mang makapagtuturo kung nasaan si Pepe.,Magbabago ang lahat nang mag-alok ng pabuya ang mga pulis sa sino mang makapagtuturo kung nasaan si Pepe.
Trilyon ang kabuuang utang ng Pilipinas nitong Mayo kasunod na rin ng paghiram ng pera ng administrasyong Duterte para sa pagtugon sa COVID-19 pandemic.,Trilyon ang kabuuang utang ng Pilipinas nitong Mayo kasunod na rin ng paghiram ng pera ng administrasyong Duterte para sa pagtugon sa COVID-19 pandemic.
"Handa na raw si Valeen Montenegro mag-asawa at kung mag-propose na raw sa kanya ang non-showbiz boyfriend na si Riel Manuel, mabilis daw siyang sasagot ng oo.","Handa na raw si Valeen Montenegro mag-asawa at kung mag-propose na raw sa kanya ang non-showbiz boyfriend na si Riel Manuel, mabilis daw siyang sasagot ng oo."
Aabot naman din sa 16 dating opisyal ng gobyerno ang naunang umapela sa mga botanteng Pinoyna pagkatiwalaan si Leni sa dahilang may political will daw siyang magbibigay ng pag-asa at pagbabago para sa lahat.,Aabot naman din sa 16 dating opisyal ng gobyerno ang naunang umapela sa mga botanteng Pinoyna pagkatiwalaan si Leni sa dahilang may political will daw siyang magbibigay ng pag-asa at pagbabago para sa lahat.
May kanya-kanyang pamilya na ang kanyang mommy at daddy.,May kanya-kanyang pamilya na ang kanyang mommy at daddy.
"Sa media forum nitong Martes, sinabi ni Health Undersecretary Maria Rosario Vergeire na hindi pangkaraniwan na mayroong namamatay nang dahil sa tuli.","Sa media forum nitong Martes, sinabi ni Health Undersecretary Maria Rosario Vergeire na hindi pangkaraniwan na mayroong namamatay nang dahil sa tuli."
"Patuloy naman ang paghuhukay ng rescue team upang marekober ang mga nawawala pang sina Robert Cabalquinto, Jaypol Sanico, Ploralyn Cabalquinto, Robert Cabalquinto, Zachary Peljay Sanico, Ziariah Sanico, Prince Rendel Calang at ang sanggol na si Babyjane Cabalquinto.","Patuloy naman ang paghuhukay ng rescue team upang marekober ang mga nawawala pang sina Robert Cabalquinto, Jaypol Sanico, Ploralyn Cabalquinto, Robert Cabalquinto, Zachary Peljay Sanico, Ziariah Sanico, Prince Rendel Calang at ang sanggol na si Babyjane Cabalquinto."
Minsan naman daw ay bet ni Enrique pero ang dalaga naman daw ang may ayaw.,Minsan naman daw ay bet ni Enrique pero ang dalaga naman daw ang may ayaw.
"Dahil nakikita naman niya na masaya ang bata, hinayaan lang niya ito.","Dahil nakikita naman niya na masaya ang bata, hinayaan lang niya ito."
"Siguro nga gusto na rin niya ng kasama sa buhay, at nakikita niya rin na parang mas maganda para sa dalawang anak na lalaki ang meron father figure sa tabi nila.","Siguro nga gusto na rin niya ng kasama sa buhay, at nakikita niya rin na parang mas maganda para sa dalawang anak na lalaki ang meron father figure sa tabi nila."
"Dito, nagsimula siyang bumili ng copper wires at gumawa ng wire jewelries.","Dito, nagsimula siyang bumili ng copper wires at gumawa ng wire jewelries."
"Nagbigay si Paulo Avelino ng kanyang acceptance speech sa Facebook account nito, dahil sa pagkapanalo niyang Best Actor sa katatapos lang na 4thEddys Awards na napanood sa FDCP channel at sa Facebook account na rin ng FDCP at Society of Philippine Entertainment Editors o SPEEd.","Nagbigay si Paulo Avelino ng kanyang acceptance speech sa Facebook account nito, dahil sa pagkapanalo niyang Best Actor sa katatapos lang na 4thEddys Awards na napanood sa FDCP channel at sa Facebook account na rin ng FDCP at Society of Philippine Entertainment Editors o SPEEd."
"Ayon kay Duterte, tumawag siya at nagkaroon ng phone conversation kay Xi at humingi siya ng bakuna na agad naman tumugon, subalit hindi nila napag-usapan ang tungkol sa isyu ng West Philippine Sea.","Ayon kay Duterte, tumawag siya at nagkaroon ng phone conversation kay Xi at humingi siya ng bakuna na agad naman tumugon, subalit hindi nila napag-usapan ang tungkol sa isyu ng West Philippine Sea."
"Sa paraan ding ito hindi na mahihirapan ang National Team sa pagkakasunod ng iskedyul ng bawat manlalaro sapagkat hindi na nahahati, hindi tulad noon na magkaiba ang iskedyul ng bawat ligang nilalaruan.","Sa paraan ding ito hindi na mahihirapan ang National Team sa pagkakasunod ng iskedyul ng bawat manlalaro sapagkat hindi na nahahati, hindi tulad noon na magkaiba ang iskedyul ng bawat ligang nilalaruan."
"Ayon kay Alden: ""Talagang kapag hindi mo pinaghihirapan ang isang bagay, hindi mo malalaman kung ano 'yung totoong value niya kapag nakamtan mo na siya.","Ayon kay Alden: ""Talagang kapag hindi mo pinaghihirapan ang isang bagay, hindi mo malalaman kung ano 'yung totoong value niya kapag nakamtan mo na siya."
Ang Noralyn na may make-up ang nakikita at nagugustuhan ng mga lalaking nakilala niya sa social media.,Ang Noralyn na may make-up ang nakikita at nagugustuhan ng mga lalaking nakilala niya sa social media.
"Nauna rito, dumulog ang isang ginang sa himpilan ng pulisya bandang alas-11:30 ng gabi noong Biyernes, upang humingi ng tulong para mahanap ang kanyang anak.","Nauna rito, dumulog ang isang ginang sa himpilan ng pulisya bandang alas-11:30 ng gabi noong Biyernes, upang humingi ng tulong para mahanap ang kanyang anak."
"Matatandaan na nitong huling linggo ng Hunyo ay nadakip din ng mga operatiba ng Peñablanca PNP sa lalawigan ng Cagayan ang tatlong iba pang mga ahente na nagpapakalat din ng mga pekeng sigarilyo na kinilalang sina Albert Taguinod, 27; Protacio Eugenio, 56, at Jaime Lugo, 53, pawang mga residente rin ng Tumauini, Isabela.","Matatandaan na nitong huling linggo ng Hunyo ay nadakip din ng mga operatiba ng Peñablanca PNP sa lalawigan ng Cagayan ang tatlong iba pang mga ahente na nagpapakalat din ng mga pekeng sigarilyo na kinilalang sina Albert Taguinod, 27; Protacio Eugenio, 56, at Jaime Lugo, 53, pawang mga residente rin ng Tumauini, Isabela."
"Ayon kay Rommel Arnado, national president ng LOAMCP at alkalde ng Kauswagan, Lanao del Norte, ang tambalang Leni-Kiko lang ang magdadala ng kaunlaran sa mga kanayunan.","Ayon kay Rommel Arnado, national president ng LOAMCP at alkalde ng Kauswagan, Lanao del Norte, ang tambalang Leni-Kiko lang ang magdadala ng kaunlaran sa mga kanayunan."
"Ako kasi naintindihan ko,para sakin naman yung message.Ikaw.","Ako kasi naintindihan ko,para sakin naman yung message.Ikaw."
Tatlong beses nang ipinagpaliban ang bgy.,Tatlong beses nang ipinagpaliban ang bgy.
"Lalo pang dumami ang bilang ng mga overseas Filipino workers (OFWs) sa Hong Kong na tinamaan ng COVID-19, ito habang suspendido na sa naturang Chinese administrative regionang flights mula sa walong bansa — kasama na ang Pilipinas.","Lalo pang dumami ang bilang ng mga overseas Filipino workers (OFWs) sa Hong Kong na tinamaan ng COVID-19, ito habang suspendido na sa naturang Chinese administrative regionang flights mula sa walong bansa — kasama na ang Pilipinas."
"Sa ABS-CBN Soundstage at mga kalapit na lugar sila nagti-taping at kasama rin sa nasabing teleserye ng ABS-CBN sina Iza Calzado, Joshua Garcia, Zaijian Jaranilla, Rio Locsin, among others na matagal-tagal ding naudlot bago natuloy ang taping.","Sa ABS-CBN Soundstage at mga kalapit na lugar sila nagti-taping at kasama rin sa nasabing teleserye ng ABS-CBN sina Iza Calzado, Joshua Garcia, Zaijian Jaranilla, Rio Locsin, among others na matagal-tagal ding naudlot bago natuloy ang taping."
"Aniya, bigo raw kasi si De Leon na patunayang may ""serious illness"" ang pangulo.","Aniya, bigo raw kasi si De Leon na patunayang may ""serious illness"" ang pangulo."
"Ang mga bansang kasama sa travel ban ay ang India, Pakistan, Nepal, Bangladesh, Sri Lanka, Oman at UAE.","Ang mga bansang kasama sa travel ban ay ang India, Pakistan, Nepal, Bangladesh, Sri Lanka, Oman at UAE."
Isang kasamahan niya sa gabinete ang nagsabi sa kaniya ilang araw na ang nakalilipas.,Isang kasamahan niya sa gabinete ang nagsabi sa kaniya ilang araw na ang nakalilipas.
Inaasahan aniyang magtatagal ang nakakanginig sa laman na lamig sa buong bansa hanggang sa susunod na linggo.,Inaasahan aniyang magtatagal ang nakakanginig sa laman na lamig sa buong bansa hanggang sa susunod na linggo.
Bumaba na rin sa 0.5.,Bumaba na rin sa 0.5.
"Jibin Bongcayao, Maguindanaos provincial police director na kung saan ang pitong suspek ay nagtatago na.","Jibin Bongcayao, Maguindanaos provincial police director na kung saan ang pitong suspek ay nagtatago na."
"Hinikayat din naman ni Abalos ang mga high-risk individuals, o yaong senior citizens, immunocompromised individuals, at mga hindi pa fully vaccinated, na magsuot pa rin ng face mask at obserbahan ang physical distancing sa lahat ng pagkakataon.","Hinikayat din naman ni Abalos ang mga high-risk individuals, o yaong senior citizens, immunocompromised individuals, at mga hindi pa fully vaccinated, na magsuot pa rin ng face mask at obserbahan ang physical distancing sa lahat ng pagkakataon."
Feeling blessed and grateful ang Kapuso hunk na si Ruru Madrid dahil hanggang ngayon ay buong-buo pa rin ang tiwala at pagmamahal ng GMA 7 sa kanya.,Feeling blessed and grateful ang Kapuso hunk na si Ruru Madrid dahil hanggang ngayon ay buong-buo pa rin ang tiwala at pagmamahal ng GMA 7 sa kanya.
"Single, ang mabilis na sagot ni Rhian sa ""The Boobay and Tekla Show"" nang tanungin sa kaniyang relationship status ngayon.","Single, ang mabilis na sagot ni Rhian sa ""The Boobay and Tekla Show"" nang tanungin sa kaniyang relationship status ngayon."
Pinag-iingat din nito ang lahat para masigurong ligtas habang isinasagawa ang mga laro.,Pinag-iingat din nito ang lahat para masigurong ligtas habang isinasagawa ang mga laro.
"Nangyayari ito kahit na una nang naiulat na nawawala pa ang ilang certificates of canvass mula saMandaluyong, Sulu,Manila atCagayan de Oro.","Nangyayari ito kahit na una nang naiulat na nawawala pa ang ilang certificates of canvass mula saMandaluyong, Sulu,Manila atCagayan de Oro."
Ipinaliwanag din naman ni Balena na ang pag-kabigo nilang bayaran kaagad ang PRC ay hindi naman dahil sa kawalan nila ng resources.,Ipinaliwanag din naman ni Balena na ang pag-kabigo nilang bayaran kaagad ang PRC ay hindi naman dahil sa kawalan nila ng resources.
"Samantala, itinuturo namang suspek sa krimen ang ang nobyo ni Sanset na si Diony, na isa ring Pilipino.","Samantala, itinuturo namang suspek sa krimen ang ang nobyo ni Sanset na si Diony, na isa ring Pilipino."
Hindi lang daw ang sarili niya ang iniisip sa preparasyon kundi ang safety raw ng lahat na dadalo.,Hindi lang daw ang sarili niya ang iniisip sa preparasyon kundi ang safety raw ng lahat na dadalo.
"Sa panahon ngayon sabi ni Chair Pip, kailangan daw makapanood ang mga kabataan ng ganitong serye na nagtatalakay ng ating kasaysayan.","Sa panahon ngayon sabi ni Chair Pip, kailangan daw makapanood ang mga kabataan ng ganitong serye na nagtatalakay ng ating kasaysayan."
"Sinabi ng uploader, na may may-ari din ng tindahan kung saan nag-videoke si Vivencio, na palaging kumakanta sa kanila ang palaboy.","Sinabi ng uploader, na may may-ari din ng tindahan kung saan nag-videoke si Vivencio, na palaging kumakanta sa kanila ang palaboy."
"Halimbawang may driver na nabigla sa pagtakbo niya, nakabig ang sasakyan at may nabanggang iba, eh di marami pa ang nadisgrasya, dahil lamang iyon sa isang asong nagtatakbo.","Halimbawang may driver na nabigla sa pagtakbo niya, nakabig ang sasakyan at may nabanggang iba, eh di marami pa ang nadisgrasya, dahil lamang iyon sa isang asong nagtatakbo."
"Hindi naman daw sila nagkulang kay Bea, na inakala raw na mayaman sila.","Hindi naman daw sila nagkulang kay Bea, na inakala raw na mayaman sila."
"Wala silang hinihintay na kapalit, mula sa puso ang ginagawa nilang aksiyon, hindi sila umaasa sa botong ibibigay sa kanila ng ating mga kababayan kapalit ng kanilang serbisyo.","Wala silang hinihintay na kapalit, mula sa puso ang ginagawa nilang aksiyon, hindi sila umaasa sa botong ibibigay sa kanila ng ating mga kababayan kapalit ng kanilang serbisyo."
"Kasi marami rin artista na binitbit yung apelyido ng magulang nila, hindi naman sumikat.","Kasi marami rin artista na binitbit yung apelyido ng magulang nila, hindi naman sumikat."
"Sunod na pina-""dispose"" umano sina De Guzman at mga kasama nito dahil wala raw maiturong puwede pang hulihin.","Sunod na pina-""dispose"" umano sina De Guzman at mga kasama nito dahil wala raw maiturong puwede pang hulihin."
"Matapos ang insidente, pinayagan ang mga magulang ng ibang bata na sunduin sa loob ang kani-kanilang mga anak kung saan nangyari ang karahasan.","Matapos ang insidente, pinayagan ang mga magulang ng ibang bata na sunduin sa loob ang kani-kanilang mga anak kung saan nangyari ang karahasan."
"Nabatid pa na hindi ito tugma sa alegasyon ng mga tauhan ng NCRPO na inalagaan umano nila ang mga inmates at nakaalerto habang may COVID-19; natagalan umano bago nadala ang mga inmates sa pagamutan; lahat ng inmates ay idineklarang ‘dead-on-arrival’ dahil sa cardiac o pulmonary arrest, ngunit sa pagsusuri ay walang nakitang sintomas ng COVID-19 sa kanila ilang araw bago sila namatay.","Nabatid pa na hindi ito tugma sa alegasyon ng mga tauhan ng NCRPO na inalagaan umano nila ang mga inmates at nakaalerto habang may COVID-19; natagalan umano bago nadala ang mga inmates sa pagamutan; lahat ng inmates ay idineklarang ‘dead-on-arrival’ dahil sa cardiac o pulmonary arrest, ngunit sa pagsusuri ay walang nakitang sintomas ng COVID-19 sa kanila ilang araw bago sila namatay."
"Kapag tumaas na po ang ating bakunahan, marami na pong mga kababayan natin ang bakunado, mas magiging protektado tayo sa sakit at makikita nating patuloy na baba ang mga sakit dito sa ating bansa, wika ni Vergeire.","Kapag tumaas na po ang ating bakunahan, marami na pong mga kababayan natin ang bakunado, mas magiging protektado tayo sa sakit at makikita nating patuloy na baba ang mga sakit dito sa ating bansa, wika ni Vergeire."
"Sa ulat ni Joseph Morong sa GMA News “24 Oras” nitong Lunes, isinalaysay ni Nelia delos Reyes ang nangyari nitong Sabado ng gabi habang papatawid sila sa ilog papuntang Barangay Santa Ines matapos gabihin sa pag-uwi dahil sa dami umano ng kumuha ng financial aid mula sa Department of Social Welfare ands Development.","Sa ulat ni Joseph Morong sa GMA News “24 Oras” nitong Lunes, isinalaysay ni Nelia delos Reyes ang nangyari nitong Sabado ng gabi habang papatawid sila sa ilog papuntang Barangay Santa Ines matapos gabihin sa pag-uwi dahil sa dami umano ng kumuha ng financial aid mula sa Department of Social Welfare ands Development."
"Kasi, 'di ba, ang laki ng savings na matitipid namin kapag nakuha namin 'tong condominium na, instead na gastusin namin sa isang big wedding.","Kasi, 'di ba, ang laki ng savings na matitipid namin kapag nakuha namin 'tong condominium na, instead na gastusin namin sa isang big wedding."
"Hindi basta-basta puwede mag-ECQ sa Metro Manila. Hindi ko po alam kung mayroon tayong ayudang maibibigay, sabi ni Roque.","Hindi basta-basta puwede mag-ECQ sa Metro Manila. Hindi ko po alam kung mayroon tayong ayudang maibibigay, sabi ni Roque."
Humigit-kumulang 200 pamilya o aabot sa 630 na indibidwal ang apektado.,Humigit-kumulang 200 pamilya o aabot sa 630 na indibidwal ang apektado.
Ang isa nga lang daw sa napakahirap gawin ngayon ay ang magpaalam sa kanyang non-showbiz wife na si Rikka at anak nila kapag sumasabak na siya sa lock-in taping.,Ang isa nga lang daw sa napakahirap gawin ngayon ay ang magpaalam sa kanyang non-showbiz wife na si Rikka at anak nila kapag sumasabak na siya sa lock-in taping.
"Bukod sa parusang pagkabilanggo, pagmumultahin din ang nagkasalang public officer o empleyado ng pamahalaan nang hindi hihigit sa P1 milyon.","Bukod sa parusang pagkabilanggo, pagmumultahin din ang nagkasalang public officer o empleyado ng pamahalaan nang hindi hihigit sa P1 milyon."
"Million MPN/100ml na lang gayundin ang tubig malapit sa Navotas Fishport ng mula 920,000 MPN/100m pababa sa 9,200 MPN/100ml.","Million MPN/100ml na lang gayundin ang tubig malapit sa Navotas Fishport ng mula 920,000 MPN/100m pababa sa 9,200 MPN/100ml."
"Maaari ding mag-aplay ang mga customerssa Maynilad Hotline 1626 (Metro Manila) or 1-8000-9283 (Cavite Province), Facebook page (/MayniladWater) osaTwitter account (@maynilad), or email Maaari ring silang magtungomsa alinmangMaynilad Business Area (BA) officepara ilang mga katanungan.","Maaari ding mag-aplay ang mga customerssa Maynilad Hotline 1626 (Metro Manila) or 1-8000-9283 (Cavite Province), Facebook page (/MayniladWater) osaTwitter account (@maynilad), or email Maaari ring silang magtungomsa alinmangMaynilad Business Area (BA) officepara ilang mga katanungan."
"Nakikita namin sa kanya na very aggressive rin siya,” mahabang sagot ni Ms. Liza nang maka-lunch namin kahapon.","Nakikita namin sa kanya na very aggressive rin siya,” mahabang sagot ni Ms. Liza nang maka-lunch namin kahapon."
Miyerkules lang nang bisitahin ni Marcos Jr.,Miyerkules lang nang bisitahin ni Marcos Jr.
Marami naman sa mga netizens ang napataas ng kilay dahil sa tinuran ni Manay Lolit.,Marami naman sa mga netizens ang napataas ng kilay dahil sa tinuran ni Manay Lolit.
Sa unang laro sa alas-3 ng hapon ay mag-uunahan naman ang Alaska at Blackwater na makaahon mula sa kamalasan.,Sa unang laro sa alas-3 ng hapon ay mag-uunahan naman ang Alaska at Blackwater na makaahon mula sa kamalasan.
Sinuspinde muna ng Department of Health (DOH) ang pagbibigay ng ikalawang booster shot sa mga kuwalipikadong Pilipino habang tinatapos pa ang pag-aaral dito ng mga eksperto.,Sinuspinde muna ng Department of Health (DOH) ang pagbibigay ng ikalawang booster shot sa mga kuwalipikadong Pilipino habang tinatapos pa ang pag-aaral dito ng mga eksperto.
"Or gusto n’yo, give nyo rin ako ng ganun kalaking tf.","Or gusto n’yo, give nyo rin ako ng ganun kalaking tf."
Kinumpiska rin ng joint maritime law enforcement team ang fishing vessel na gamit ng mga Vietnamese na tinatawag na “sampan”.,Kinumpiska rin ng joint maritime law enforcement team ang fishing vessel na gamit ng mga Vietnamese na tinatawag na “sampan”.
"Eh takot ang mga Pinoy kasi nga bago iyan ay may nangyari na sa Dengvaxia, at wala namang nanagot.","Eh takot ang mga Pinoy kasi nga bago iyan ay may nangyari na sa Dengvaxia, at wala namang nanagot."
Nakatutok ngayon ang Department of Health (DOH) sa paglaban sa “anti-microbial resistance (AMR)” o ang epekto ng talamak na paggamit ng antibiotics na walang tamang preskripsyon mula sa doktor na dahilan din umano ng mas matinding banta sa kalusugan.,Nakatutok ngayon ang Department of Health (DOH) sa paglaban sa “anti-microbial resistance (AMR)” o ang epekto ng talamak na paggamit ng antibiotics na walang tamang preskripsyon mula sa doktor na dahilan din umano ng mas matinding banta sa kalusugan.
"Sa katatapos lamang na Measles Rubella- Oral Polio Vaccine Supplemental Immunization Activity (MR-OPV SIA) LCEs Symposium, ipinahayag ni Fernando ang kanyang pagnanais na isangkot ang mga SK bilang tagapagtaguyod ng pagbabakuna sa pagpapalakas ng komunidad na mapagtagumpayan ang pag-aalangan sa bakuna at pagbuo ng kumpiyansa sa bakuna.","Sa katatapos lamang na Measles Rubella- Oral Polio Vaccine Supplemental Immunization Activity (MR-OPV SIA) LCEs Symposium, ipinahayag ni Fernando ang kanyang pagnanais na isangkot ang mga SK bilang tagapagtaguyod ng pagbabakuna sa pagpapalakas ng komunidad na mapagtagumpayan ang pag-aalangan sa bakuna at pagbuo ng kumpiyansa sa bakuna."
"Pinipilit daw nilang maging normal lang ang takbo ng araw-araw na buhay, sa tulong na rin ng mga kaibigan, at close friends ng kanilang ina, kagaya nina Imelda Papin at Eva Eugenio.","Pinipilit daw nilang maging normal lang ang takbo ng araw-araw na buhay, sa tulong na rin ng mga kaibigan, at close friends ng kanilang ina, kagaya nina Imelda Papin at Eva Eugenio."
"Kamuntikan ding sumuko si Yasmien sa kaniyang pangarap, dahil nakakasama siya noon sa final casting pero hindi nakukuha.","Kamuntikan ding sumuko si Yasmien sa kaniyang pangarap, dahil nakakasama siya noon sa final casting pero hindi nakukuha."
"Sinasabing nasa 15-20 arresting officers din daw ang sumalakay sa bahay ng doktora nang mangyari ito sa San Juan, ayon kay Menchi Castro, kapatid ni Dok Naty.","Sinasabing nasa 15-20 arresting officers din daw ang sumalakay sa bahay ng doktora nang mangyari ito sa San Juan, ayon kay Menchi Castro, kapatid ni Dok Naty."
"Inaalala rin niya ngayon ang magiging buhay ng dalawa nilang anakKBK, GMA News.","Inaalala rin niya ngayon ang magiging buhay ng dalawa nilang anakKBK, GMA News."
"My gosh, parang walang alam si Mommy (Annabelle Rama) na ok na kami ni Yilmaz na nag-uusap na kami.","My gosh, parang walang alam si Mommy (Annabelle Rama) na ok na kami ni Yilmaz na nag-uusap na kami."
"Ang gusto kong mangyari sa kaniya pagbayaran niya, makukulong siya habambuhay, anang ginang.","Ang gusto kong mangyari sa kaniya pagbayaran niya, makukulong siya habambuhay, anang ginang."
Pero bakit nga ba niya ginagawang mag-isa ang buwis-buhay na trabaho sa kabilang ng kaniyang edad?,Pero bakit nga ba niya ginagawang mag-isa ang buwis-buhay na trabaho sa kabilang ng kaniyang edad?
Hindi ko rin pinangarap na magparetoke.,Hindi ko rin pinangarap na magparetoke.
Masayang-masaya si Jane (aka MJ) ngMOR Entertainmentna sumulat ng Best Song naKaya Palakasama siWinset Jacot dahil sa wakas ay mapapakinggan na rin ng mas maraming tao ang unang Tagalog composition niya.,Masayang-masaya si Jane (aka MJ) ngMOR Entertainmentna sumulat ng Best Song naKaya Palakasama siWinset Jacot dahil sa wakas ay mapapakinggan na rin ng mas maraming tao ang unang Tagalog composition niya.
"Ayaw muna, alert level 2 muna tayo.","Ayaw muna, alert level 2 muna tayo."
"Lumabas silang dalawa, at lalo raw silang natuwa nang magkasama sila sa bagong series na ito ng GMA 7.","Lumabas silang dalawa, at lalo raw silang natuwa nang magkasama sila sa bagong series na ito ng GMA 7."
Sa mga kooperatiba mula Luzon at Mindanao na hindi masyadong naapektuhan na magpadala ng mga linemen at kailangang mga gamit upang maibalik kaagad ang daloy ng kuryente sa mga apektadong lugar na sinalanta ng Bagyong Odette.,Sa mga kooperatiba mula Luzon at Mindanao na hindi masyadong naapektuhan na magpadala ng mga linemen at kailangang mga gamit upang maibalik kaagad ang daloy ng kuryente sa mga apektadong lugar na sinalanta ng Bagyong Odette.
Nagkaroon sila ng pre-nuptial agreement.,Nagkaroon sila ng pre-nuptial agreement.
"Nakapag-guest din siya sa “Maalaala Mo Kaya,” “Ipaglaban Mo,” “Wansapanataym,” at “Banana Sundae”.","Nakapag-guest din siya sa “Maalaala Mo Kaya,” “Ipaglaban Mo,” “Wansapanataym,” at “Banana Sundae”."
"Giit ng kongresista, tila ginagamit na lamang ng military ang mga jet na panakot sa mga komunidad imbes dagdag-depensa sa seguridad ng bansa.","Giit ng kongresista, tila ginagamit na lamang ng military ang mga jet na panakot sa mga komunidad imbes dagdag-depensa sa seguridad ng bansa."
"Una nag-alangan kaming payagan pero willing talaga siya na magpakasal sa asawa, sabi ng opisyal.","Una nag-alangan kaming payagan pero willing talaga siya na magpakasal sa asawa, sabi ng opisyal."
Hindi na rin nagulat si Panelo nang kontrahin ni dating senador Sonny Trillanes ang panukalang mandatory military service.,Hindi na rin nagulat si Panelo nang kontrahin ni dating senador Sonny Trillanes ang panukalang mandatory military service.
Maaari nang walisin ng St.,Maaari nang walisin ng St.
"Inamin din ni Azurin na bukod kay Bantag, may mga politiko, sundalo, pulis at iba pa na kasali sa listahan na maaaring nagpatumba kay Mabasa.","Inamin din ni Azurin na bukod kay Bantag, may mga politiko, sundalo, pulis at iba pa na kasali sa listahan na maaaring nagpatumba kay Mabasa."
Nagpapatuloy pa rin naman daw ang pagsasagawa at pagkukumpirma ng contact tracing sa ngayon habang hindi pa 100% natitiyak ang local transmission.,Nagpapatuloy pa rin naman daw ang pagsasagawa at pagkukumpirma ng contact tracing sa ngayon habang hindi pa 100% natitiyak ang local transmission.
"“Yung sinabihan din yung nanay ko na mukhang pera, yun ang pinakamasakit sa akin.","“Yung sinabihan din yung nanay ko na mukhang pera, yun ang pinakamasakit sa akin."
Naging emosyonal ang pamilya ng dalagita nang matuklasan ang pang-aabuso ng pari sa kanilang anak.,Naging emosyonal ang pamilya ng dalagita nang matuklasan ang pang-aabuso ng pari sa kanilang anak.
"Napanood ko lahat ng bawat hakbang na ginawa ng network at sinubaybayan ko rin ‘yung pinagdaanan ng lahat ang hirap, masakit, nakakalugmok pero nanatili ako na hopeful and alam mo na I’m proud sa sarili ko lumalaban din ako na kasama nila.","Napanood ko lahat ng bawat hakbang na ginawa ng network at sinubaybayan ko rin ‘yung pinagdaanan ng lahat ang hirap, masakit, nakakalugmok pero nanatili ako na hopeful and alam mo na I’m proud sa sarili ko lumalaban din ako na kasama nila."
"Sabi ng Kapuso Comedy Queen, kuha pa raw iyon sa pelikula niyang Tanging Ina, bakit isinama siya sa ibang aktres na sumusuporta kay presidentiable VP Leni Robredo.","Sabi ng Kapuso Comedy Queen, kuha pa raw iyon sa pelikula niyang Tanging Ina, bakit isinama siya sa ibang aktres na sumusuporta kay presidentiable VP Leni Robredo."
Hinintay ni Sunshine ang pagkakataon na maging handa na ang kaniyang mga anak at maiintindihan na siya.,Hinintay ni Sunshine ang pagkakataon na maging handa na ang kaniyang mga anak at maiintindihan na siya.
Walang pupuntahan ang kanyang ginagawa kung mapupunta siya sa roon.,Walang pupuntahan ang kanyang ginagawa kung mapupunta siya sa roon.
Ipinagpatuloy ng mga rescuer dakong alas-otso ng umaga ngayong Miyerkules ang paghahanap.,Ipinagpatuloy ng mga rescuer dakong alas-otso ng umaga ngayong Miyerkules ang paghahanap.
Nag-take two pa sila ng bonggang pagniniig.,Nag-take two pa sila ng bonggang pagniniig.
"Alam mo ang sipag sipag nung mag-exercise, so mas lalo rin akong ginaganahan mag-exercise,"" sabi ni AiAi sa Chika Minute report ni Lhar Santiago sa GMA News ""24 Oras nitong Martes.","Alam mo ang sipag sipag nung mag-exercise, so mas lalo rin akong ginaganahan mag-exercise,"" sabi ni AiAi sa Chika Minute report ni Lhar Santiago sa GMA News ""24 Oras nitong Martes."
"Sa ulat ni Claire Lacanilao sa GMA Regional TV ""Balitang Amianan"" nitong Biyernes, kinilala ang lalaki na si Jun Rey Lagro, 22-anyos, ng Barangay Macabito.","Sa ulat ni Claire Lacanilao sa GMA Regional TV ""Balitang Amianan"" nitong Biyernes, kinilala ang lalaki na si Jun Rey Lagro, 22-anyos, ng Barangay Macabito."
"Ibig sabihin yong P86 million napunta sa kamay mo, hindi mo yan ginastos nang husto sa gobyerno.","Ibig sabihin yong P86 million napunta sa kamay mo, hindi mo yan ginastos nang husto sa gobyerno."
"Hindi pa po ako artista, kasi sa Bicol talaga uso ang nanonood ng TV.","Hindi pa po ako artista, kasi sa Bicol talaga uso ang nanonood ng TV."
"Para sa pamilya ang ginagawang pag-live selling ni Florence kaya haharapin niya ang kahit na anong hamon o takot, basta hindi siya lulundagan ng tukoJamil Santos/VBL, GMA News.","Para sa pamilya ang ginagawang pag-live selling ni Florence kaya haharapin niya ang kahit na anong hamon o takot, basta hindi siya lulundagan ng tukoJamil Santos/VBL, GMA News."
Idinagdag niya na hindi dapat magsimula ang imbestigasyon dahil labag ito sa “consent” o pagpayag ng gobyerno na aakto lamang ang ICC kung hindi kumikilos ang mga lokal na institusyon.,Idinagdag niya na hindi dapat magsimula ang imbestigasyon dahil labag ito sa “consent” o pagpayag ng gobyerno na aakto lamang ang ICC kung hindi kumikilos ang mga lokal na institusyon.
"Simula sa Pebrero, dapat magpakita ng katibayan na may bakuna laban sa COVID-19 ang mga dayuhan na papasok sa Pilipinas.","Simula sa Pebrero, dapat magpakita ng katibayan na may bakuna laban sa COVID-19 ang mga dayuhan na papasok sa Pilipinas."
"Ayon sa grupo, may batas na nagbabawal na maibenta sa publiko ang naturang mga paputok at iba pang pyrotechnic devices.","Ayon sa grupo, may batas na nagbabawal na maibenta sa publiko ang naturang mga paputok at iba pang pyrotechnic devices."
"May gusto ako na makapatunayan para maka-perform well,” pagtatapat ng binata.","May gusto ako na makapatunayan para maka-perform well,” pagtatapat ng binata."
Kahit mag-iisang taon na ang anak ay hindi naman daw nagmamadaling magpakasal ang magkasintahan.,Kahit mag-iisang taon na ang anak ay hindi naman daw nagmamadaling magpakasal ang magkasintahan.
"Sa pagtaas ng presyo ng langis, na ginagamit sa pagtransporta ng iba't ibang produkto, sinasabingtumaas ang presyo ng bigas, karne, manok, tinapay, gulay atbp.","Sa pagtaas ng presyo ng langis, na ginagamit sa pagtransporta ng iba't ibang produkto, sinasabingtumaas ang presyo ng bigas, karne, manok, tinapay, gulay atbp."
"Ayon naman kay Antonio, ginagawa nila ang lahat para sa mga pasyente, pero lubhang marami ang tinatamaan ng sakit at nasasagad na rin ang kanilang ospital.","Ayon naman kay Antonio, ginagawa nila ang lahat para sa mga pasyente, pero lubhang marami ang tinatamaan ng sakit at nasasagad na rin ang kanilang ospital."
"Kung manalo rin naman ang inendorso mo, papansinin ka pa ba?","Kung manalo rin naman ang inendorso mo, papansinin ka pa ba?"
"Sa bilang ng mga nasawi, apat ang nangyari noong December 2021 (3%), anim noong November 2021 (5%), 14 noong October 2021 (11%), 20 noong September 2021 (15%), 23 noong August 2021 (17%), anim noong July 2021 (5%), lima noong June 2021 (4%), siyam noong May 2021 (7%), 21 noong April 2021 (16%), 15 noong March 2021 (11%), isa noong February 2021 (1%), isa noong January 2021 (1%), dalawa noong October 2020 (2%), tatlo noong September 2020 (2%), dalawa noong August 2020 (2%), at isa noong July 2020.","Sa bilang ng mga nasawi, apat ang nangyari noong December 2021 (3%), anim noong November 2021 (5%), 14 noong October 2021 (11%), 20 noong September 2021 (15%), 23 noong August 2021 (17%), anim noong July 2021 (5%), lima noong June 2021 (4%), siyam noong May 2021 (7%), 21 noong April 2021 (16%), 15 noong March 2021 (11%), isa noong February 2021 (1%), isa noong January 2021 (1%), dalawa noong October 2020 (2%), tatlo noong September 2020 (2%), dalawa noong August 2020 (2%), at isa noong July 2020."
Maraming pag-aaral ang lumabas na ukol sa lumalalang problema sa estado ng mental health ng ating mga kabataan sa ngayon.,Maraming pag-aaral ang lumabas na ukol sa lumalalang problema sa estado ng mental health ng ating mga kabataan sa ngayon.
"Nakabase na ngayon si Rufa Mae sa Amerika kasama ang kaniyang asawa at anak, pero umuuwi ng Pilipinas kapag may proyektong kailangang gawin.","Nakabase na ngayon si Rufa Mae sa Amerika kasama ang kaniyang asawa at anak, pero umuuwi ng Pilipinas kapag may proyektong kailangang gawin."
"Sa Laging Handa public briefing, sinabi ni LTFRB executive director Tina Cassion na maraming bagay silang ikinukonsidera bago maglabas ng desisyon hinggil sa mga naturang petisyon.","Sa Laging Handa public briefing, sinabi ni LTFRB executive director Tina Cassion na maraming bagay silang ikinukonsidera bago maglabas ng desisyon hinggil sa mga naturang petisyon."
"Pag nabuo nila ang mga ebidensiya, nakumpleto ang trial at nagsumite sila sa Pilipinas ng kanilang revision for emergency use authority (EUA), pag-aaralan yan ng mga eksperto, ayon kay Vergeire.","Pag nabuo nila ang mga ebidensiya, nakumpleto ang trial at nagsumite sila sa Pilipinas ng kanilang revision for emergency use authority (EUA), pag-aaralan yan ng mga eksperto, ayon kay Vergeire."
Ito ay ang pagpaparetoke sa isang parte ng kanyang mukha at pag-inom ng alak.,Ito ay ang pagpaparetoke sa isang parte ng kanyang mukha at pag-inom ng alak.
"Samantala, naranasan ang ulan na may kasamang yelo sa ilang lugar sa Bulacan nitong Biyernes, kabilang na ang Sta.","Samantala, naranasan ang ulan na may kasamang yelo sa ilang lugar sa Bulacan nitong Biyernes, kabilang na ang Sta."
Kasalukuyang namamalagi ang aktres sa Siargao Island at ninanamnam ang kagandahang taglay ng lugar.,Kasalukuyang namamalagi ang aktres sa Siargao Island at ninanamnam ang kagandahang taglay ng lugar.
Posibleng gumugulong na ang negosasyon para matuloy ito lalo pat mismong si Pacquiao na ang nagpahayag na interesado itong muling makaharap si Ugas.,Posibleng gumugulong na ang negosasyon para matuloy ito lalo pat mismong si Pacquiao na ang nagpahayag na interesado itong muling makaharap si Ugas.
Inireklamo ng cyberlibel ng dating Davao City information officer na si Jefry Tupas si vice-presidential candidate Walden Bello matapos paratangan ng huli ng pagiging tulak ng droga at paggiging drug user ang nauna.,Inireklamo ng cyberlibel ng dating Davao City information officer na si Jefry Tupas si vice-presidential candidate Walden Bello matapos paratangan ng huli ng pagiging tulak ng droga at paggiging drug user ang nauna.
"Sa ulat, Mayo 19 at 23 nang salakayin ng NBI-National Capital Region sa bisa ng 10 search warrants ang Nald Consumer Goods Trading sa may pasay City; anim na tindahan sa Baclaran Terminal Plaza; mga bodega sa ikaanim na palapag ng Madrid Tower sa San Nicolas, Manila; tatlong tindahan sa Binondo, Maynila at isang tindahan sa Pasay City.","Sa ulat, Mayo 19 at 23 nang salakayin ng NBI-National Capital Region sa bisa ng 10 search warrants ang Nald Consumer Goods Trading sa may pasay City; anim na tindahan sa Baclaran Terminal Plaza; mga bodega sa ikaanim na palapag ng Madrid Tower sa San Nicolas, Manila; tatlong tindahan sa Binondo, Maynila at isang tindahan sa Pasay City."
"Hindi mo masusuntok ang buwan kung hindi ka susuntok, at karamihan diyan, ang aming suntok sa buwan, dahil suportado ng sambayanang Pilipino, nasusuntok namin yung buwan, dagdag pa ni Colmenares, na pang-ilang beses nang tatakbo sa pagkasenador ngayong 2022.","Hindi mo masusuntok ang buwan kung hindi ka susuntok, at karamihan diyan, ang aming suntok sa buwan, dahil suportado ng sambayanang Pilipino, nasusuntok namin yung buwan, dagdag pa ni Colmenares, na pang-ilang beses nang tatakbo sa pagkasenador ngayong 2022."
"Pinaniniwalaang ginahasa bago pinatay ang isang dalaga na natagpuan sa isang damuhan matapos siyang dumalo sa isang birthday party nitong Sabado sa Bogo, Cebu City.","Pinaniniwalaang ginahasa bago pinatay ang isang dalaga na natagpuan sa isang damuhan matapos siyang dumalo sa isang birthday party nitong Sabado sa Bogo, Cebu City."
Mabuti na lang isang hardworking Mayor Joy Belmonte meron ang Quezon City.,Mabuti na lang isang hardworking Mayor Joy Belmonte meron ang Quezon City.
Sinegundahan din ito ng mga saksi sa pagsasabing wala silang napansing komosyon o gulo sa petsa at lugar na sinasabi ng dalaga.,Sinegundahan din ito ng mga saksi sa pagsasabing wala silang napansing komosyon o gulo sa petsa at lugar na sinasabi ng dalaga.
May kapangyarihan ang mga security marshal na huwag pasakayin o pababain ang mga pasaherong susuway sa ipinatutupad na mga patakaran ng linya.,May kapangyarihan ang mga security marshal na huwag pasakayin o pababain ang mga pasaherong susuway sa ipinatutupad na mga patakaran ng linya.
"Gayunman, bukas daw ang alkalde na madinig ang paliwanag ni EZ Mil.","Gayunman, bukas daw ang alkalde na madinig ang paliwanag ni EZ Mil."
Nangamba naman si Ribby nang makita niya na naglitawan ang mga patsi-patsi sa katawan ng kaniyang mga anak na tila senyales din ng neurofibromatosis.,Nangamba naman si Ribby nang makita niya na naglitawan ang mga patsi-patsi sa katawan ng kaniyang mga anak na tila senyales din ng neurofibromatosis.
His thinking is “paano naman ako mag eenjoy eh ang daming nangangailangan ng tulong” consistent siya ganyan siya talaga not because he is a senatorial candidate but because ganun siya talaga.,His thinking is “paano naman ako mag eenjoy eh ang daming nangangailangan ng tulong” consistent siya ganyan siya talaga not because he is a senatorial candidate but because ganun siya talaga.
Ayon sa aktres ay nasaksihan niya kung gaano kagaling bilang isang aktres si Lorna.,Ayon sa aktres ay nasaksihan niya kung gaano kagaling bilang isang aktres si Lorna.
Ang trabaho nyong naiwan naghihintay pa rin yan bukas.,Ang trabaho nyong naiwan naghihintay pa rin yan bukas.
"Una nang naiulat na maraming namatay buhat ng mga baha, landslides, atbp.","Una nang naiulat na maraming namatay buhat ng mga baha, landslides, atbp."
Si Sunshine Cruz ay nag-flex ng photos ng mga anak niya kasama ang daddy nilang si Cesar Montano at ang partner niya ngayong si Macky Mathay.,Si Sunshine Cruz ay nag-flex ng photos ng mga anak niya kasama ang daddy nilang si Cesar Montano at ang partner niya ngayong si Macky Mathay.
"Gayunpaman, tiniyak naman niyang nakakalasa siya ng pagkain — bagay na karaniwang hindi nagagawa ng mga taong may problema sa pang-amoy gaya ng may COVID-19 at barado ang ilong.","Gayunpaman, tiniyak naman niyang nakakalasa siya ng pagkain — bagay na karaniwang hindi nagagawa ng mga taong may problema sa pang-amoy gaya ng may COVID-19 at barado ang ilong."
"Nilinaw pa nito na tumaas din ang presyo ng mga sangkap para sa sardinas at daw materials sa pagbuo ng produkto na kung saan ay nasa tatlong piso lamang ang kanilang hiling na itataas, ito ay dahil naoobliga ang mga gumagawa ng de-latang sardinas sa pagtaas ng dolyar na $1:P59 conversion rate.","Nilinaw pa nito na tumaas din ang presyo ng mga sangkap para sa sardinas at daw materials sa pagbuo ng produkto na kung saan ay nasa tatlong piso lamang ang kanilang hiling na itataas, ito ay dahil naoobliga ang mga gumagawa ng de-latang sardinas sa pagtaas ng dolyar na $1:P59 conversion rate."
"Pero sa totoo lang, hindi kami magtataka kung makumbinsi nga ni Matteo si Sarah na lumipat ng network ang misis.","Pero sa totoo lang, hindi kami magtataka kung makumbinsi nga ni Matteo si Sarah na lumipat ng network ang misis."
Tinatawagan nila ang iba pa na gustong mag-avail ng free vaccination sa mga bedridden na kapamilya na makipag-ugnayan sa kanilang barangay health center o magparehistro sa paranaquevip.,Tinatawagan nila ang iba pa na gustong mag-avail ng free vaccination sa mga bedridden na kapamilya na makipag-ugnayan sa kanilang barangay health center o magparehistro sa paranaquevip.
"Gusto kong makilala, patuloy niyang chika.","Gusto kong makilala, patuloy niyang chika."
Itong nangyari sa magkasintahang Ronnie at Loisa ay lalo pa raw nagpapatibay sa kanilang relasyon.,Itong nangyari sa magkasintahang Ronnie at Loisa ay lalo pa raw nagpapatibay sa kanilang relasyon.
Tinapos ng Toronto ang kanilang five-game home losing slump.,Tinapos ng Toronto ang kanilang five-game home losing slump.
Aminado ang aktor na talagang nakararamdam siya ng kaba ngayon dahil mas maraming makakapanood ng kanyang bagong gagawin.,Aminado ang aktor na talagang nakararamdam siya ng kaba ngayon dahil mas maraming makakapanood ng kanyang bagong gagawin.
Si Balilo ang spokesman ng Philippine Coast Guard at madalas naririnig sa radyo at nakikita sa telebisyon lalo na kapag may malalaking isyung may kinalaman sa usa­ping panseguridad ng bansa o kaya sa mga panahon ng kalamidad.,Si Balilo ang spokesman ng Philippine Coast Guard at madalas naririnig sa radyo at nakikita sa telebisyon lalo na kapag may malalaking isyung may kinalaman sa usa­ping panseguridad ng bansa o kaya sa mga panahon ng kalamidad.
"Sana maging serious actress din one day, kahit hindi na sexy star, napapangiti niyang pahayag.","Sana maging serious actress din one day, kahit hindi na sexy star, napapangiti niyang pahayag."
Iginiit ni Causing na hindi umano siya “repeat offender” dahil sa winarningan lamang siya na huwag nang ulitin ang ginawa niyang post.,Iginiit ni Causing na hindi umano siya “repeat offender” dahil sa winarningan lamang siya na huwag nang ulitin ang ginawa niyang post.
"In fact, bago pa kami ikasal sabi namin sana balang araw magkaroon din tayo ng isang show ulit na magkasama tayo and yung comedy format naman.","In fact, bago pa kami ikasal sabi namin sana balang araw magkaroon din tayo ng isang show ulit na magkasama tayo and yung comedy format naman."
"Pero base sa pag-aaral, may mga lalaki rin umano na nakararanas ng kanilang karahasan.","Pero base sa pag-aaral, may mga lalaki rin umano na nakararanas ng kanilang karahasan."
"Samantala, natanong din ang beauty queen ukol sa kanyang opinyon sa balitang pinapayagan na ng Miss Universe ang mga babaeng kasal at may mga anak na sumalo sa prestihiyosong beauty pageant sa buong mundo.","Samantala, natanong din ang beauty queen ukol sa kanyang opinyon sa balitang pinapayagan na ng Miss Universe ang mga babaeng kasal at may mga anak na sumalo sa prestihiyosong beauty pageant sa buong mundo."
Una nang kinumpirma ng Department of Health (DOH) na mayroon nang community transmission kung saan ang pinanggalingan ay hindi na ma-trace sa Metro Manila at Calabarzon.,Una nang kinumpirma ng Department of Health (DOH) na mayroon nang community transmission kung saan ang pinanggalingan ay hindi na ma-trace sa Metro Manila at Calabarzon.
"Sinusubukan po namin na sila ay ihanap ng ospital, ihanap ng puwedeng mag-cater ng critically ill patients.","Sinusubukan po namin na sila ay ihanap ng ospital, ihanap ng puwedeng mag-cater ng critically ill patients."
Taong 1996 nang magsimula ang aktor sa naturang talent management arm ng ABS-CBN.,Taong 1996 nang magsimula ang aktor sa naturang talent management arm ng ABS-CBN.
"Noong Hulyo, nakapagtala lang ng average 94 deaths na umakyat ngayon ng 109 deaths kada araw.","Noong Hulyo, nakapagtala lang ng average 94 deaths na umakyat ngayon ng 109 deaths kada araw."
"Ang nakikita kong medyo malaking issue, itong masasabi nating problema kung bakit masama ang interpretasyon dito sa contractual arrangement ay ang endo na tinatapos ang pagseserbisyo kahit na merong dapat ipagpatuloy, paliwanag ni Laguesma sa panayam ng CNN Philippines kahapon.","Ang nakikita kong medyo malaking issue, itong masasabi nating problema kung bakit masama ang interpretasyon dito sa contractual arrangement ay ang endo na tinatapos ang pagseserbisyo kahit na merong dapat ipagpatuloy, paliwanag ni Laguesma sa panayam ng CNN Philippines kahapon."
"Ayon kay Malabon Police chief Col. Angela Rejano, dead-on-the-spot sanhi ng tinamong mga tama ng bala sa ulo at katawan ang biktimang si Valentino Espinoza ng P. Concepcion St.","Ayon kay Malabon Police chief Col. Angela Rejano, dead-on-the-spot sanhi ng tinamong mga tama ng bala sa ulo at katawan ang biktimang si Valentino Espinoza ng P. Concepcion St."
"Dagdag pa, sinabing maging ang mga fire hydrant ay wala ring tubig.","Dagdag pa, sinabing maging ang mga fire hydrant ay wala ring tubig."
Sabi ko hindi deserve ni daddy yung ganung pagkamatay.,Sabi ko hindi deserve ni daddy yung ganung pagkamatay.
Stay-in si Kuya Berta sa kanyang trabaho at pa-minsan minsan ay bumibista rin siya sa kanyang pamilya.,Stay-in si Kuya Berta sa kanyang trabaho at pa-minsan minsan ay bumibista rin siya sa kanyang pamilya.
Pero bakit nga ba may mga panaginip na nakakalimutan na pagkagising?,Pero bakit nga ba may mga panaginip na nakakalimutan na pagkagising?
"Ang bongga lang, Ateng Salve, dahil sabay na nagwo-workout ang mag-asawang Richard Gutierrez at Sarah Lahbati.","Ang bongga lang, Ateng Salve, dahil sabay na nagwo-workout ang mag-asawang Richard Gutierrez at Sarah Lahbati."
Una nang sinabi ng DTI na magiging bukas sa rebyu ang EO12 isang taon matapos ang implementasyon nito dahil nakasaad ito mismo sa mga probisyon nito.,Una nang sinabi ng DTI na magiging bukas sa rebyu ang EO12 isang taon matapos ang implementasyon nito dahil nakasaad ito mismo sa mga probisyon nito.
Wow buhay na buhay pa rin ang fans ni Maricel Soriano.,Wow buhay na buhay pa rin ang fans ni Maricel Soriano.
Pupuntahan sana kaso hindi naman binigay ang address.,Pupuntahan sana kaso hindi naman binigay ang address.
"Aniya, dapat iwasan ng mga ahensya ng gobyerno ang pagkaantala ng paghahatid ng mga serbisyong ito.","Aniya, dapat iwasan ng mga ahensya ng gobyerno ang pagkaantala ng paghahatid ng mga serbisyong ito."
Ngunit maraming factors umano ang dapat ikunsidera para sa naturang projection na maaari ding hindi matuloy lalo na kung mag-iingat naman ang publiko at susunod sa health protocols kahit na may mga dadaluhang pagtitipon.,Ngunit maraming factors umano ang dapat ikunsidera para sa naturang projection na maaari ding hindi matuloy lalo na kung mag-iingat naman ang publiko at susunod sa health protocols kahit na may mga dadaluhang pagtitipon.
Inutos na rin ni Sinas ang paglilipat ng lahat ng dokumento at ebidensiya para hawakan ng ibang imbestigador.,Inutos na rin ni Sinas ang paglilipat ng lahat ng dokumento at ebidensiya para hawakan ng ibang imbestigador.
"Bagaman naapektuhan din ng bagyo ang Dumaguete, hindi kasing tindi ng pinsala ng Siargao ang tinamo nito.","Bagaman naapektuhan din ng bagyo ang Dumaguete, hindi kasing tindi ng pinsala ng Siargao ang tinamo nito."
"Para kay Pangilinan, mahalagang malaman ang iba pang pagkilos ng pamahalaan maliban sa pagbabakuna, gaya ng testing, contact tracing, paggamot at isolation dahil importante rin ang mga ito upang mapigil ang pagkalat ng virus.","Para kay Pangilinan, mahalagang malaman ang iba pang pagkilos ng pamahalaan maliban sa pagbabakuna, gaya ng testing, contact tracing, paggamot at isolation dahil importante rin ang mga ito upang mapigil ang pagkalat ng virus."
Nagpapasalamat kami sa lahat ng bumubuo ng show kasi nakatulong po kayo.,Nagpapasalamat kami sa lahat ng bumubuo ng show kasi nakatulong po kayo.
"Thankful ako kay Kuya Bitoy sa pagbibigay sa akin kay Rosa, kasi na-enjoy ko talaga gawin siya.","Thankful ako kay Kuya Bitoy sa pagbibigay sa akin kay Rosa, kasi na-enjoy ko talaga gawin siya."
"Nag-post din si Jak ng larawan nila ni Barbie sa isang biyahe nila sa isang malamig na lugar kung saan tinawag niyang ""the one"" ang kasintahan.","Nag-post din si Jak ng larawan nila ni Barbie sa isang biyahe nila sa isang malamig na lugar kung saan tinawag niyang ""the one"" ang kasintahan."
Okay rin kami riyan pag sinabi ng mga expert sa amin na ‘O sampulan daw kayo’.,Okay rin kami riyan pag sinabi ng mga expert sa amin na ‘O sampulan daw kayo’.
Bukod pa ito sa kaso ng mga namamatay na kadete ng Philippine Military Academy dahil din sa bugbog gaya ng sa kaso ni Cadet 4th Class Darwin Dormitorio noong 2020.,Bukod pa ito sa kaso ng mga namamatay na kadete ng Philippine Military Academy dahil din sa bugbog gaya ng sa kaso ni Cadet 4th Class Darwin Dormitorio noong 2020.
Layunin naman nitong tugunan ang pangangailangan ng mga deserving na estudyante sa kanilang tuition fees at iba pang gastusin sa paaralan.,Layunin naman nitong tugunan ang pangangailangan ng mga deserving na estudyante sa kanilang tuition fees at iba pang gastusin sa paaralan.
Kasama ang isang kilalang female personality sa show sa ibang bansa na tinanggap ng kanilang network.,Kasama ang isang kilalang female personality sa show sa ibang bansa na tinanggap ng kanilang network.
"Sa mga nagtatrabaho naman na hindi rin bakunado, kailangang sumailalim sila sa RT-PCR test kada ikalawang linggo na gastos ng sariling bulsa at kung negatibo ay saka lamang sila papayagan sa work onsite.","Sa mga nagtatrabaho naman na hindi rin bakunado, kailangang sumailalim sila sa RT-PCR test kada ikalawang linggo na gastos ng sariling bulsa at kung negatibo ay saka lamang sila papayagan sa work onsite."
Binigyang-diin din ng awitin ang pagpili ng mga kandidato na tunay na nagmamahal sa Pilipinas at hindi gagawa ng anumang bagay na ikakasama ng bansa ayon sa liriko nito na Yung hindi niya sinasaktan ating inang bayan / Nagmamahal ng wagas sa bayang Pilipinas.,Binigyang-diin din ng awitin ang pagpili ng mga kandidato na tunay na nagmamahal sa Pilipinas at hindi gagawa ng anumang bagay na ikakasama ng bansa ayon sa liriko nito na Yung hindi niya sinasaktan ating inang bayan / Nagmamahal ng wagas sa bayang Pilipinas.
"Ayon kay PCSO General Manager Royina Garma, solong napanalunan ng Manilenyo ang kabuuang P5,940,000 jackpot prize ng Regular Lotto 6/42 matapos na mahulaan ang six-digit winning combination na21-25-41-02-17-29na binola dakong alas-9:00 ng gabi.","Ayon kay PCSO General Manager Royina Garma, solong napanalunan ng Manilenyo ang kabuuang P5,940,000 jackpot prize ng Regular Lotto 6/42 matapos na mahulaan ang six-digit winning combination na21-25-41-02-17-29na binola dakong alas-9:00 ng gabi."
Ang baril-- isang 9 mm Taurus handgun-- ay legal daw na nabili ng ina ng bata.,Ang baril-- isang 9 mm Taurus handgun-- ay legal daw na nabili ng ina ng bata.
"Naku, lagyan na nga lang natin ng X ang pangalan ng hambog na male personality na yun!","Naku, lagyan na nga lang natin ng X ang pangalan ng hambog na male personality na yun!"
"Sa isang pahayag, sinabi ni Pentagon Press Secretary John Kirby na isinagawa ang air strike sa mga “selected” na pasilidad na ginagamit ng mga militia group na sinusuportahan ng Iran para sa unmanned aerial vehicle (UAV) attack laban sa mga personnel at pasilidad ng Amerika sa naturang bansa.","Sa isang pahayag, sinabi ni Pentagon Press Secretary John Kirby na isinagawa ang air strike sa mga “selected” na pasilidad na ginagamit ng mga militia group na sinusuportahan ng Iran para sa unmanned aerial vehicle (UAV) attack laban sa mga personnel at pasilidad ng Amerika sa naturang bansa."
"Sa sobrang pisikalang laro, na-eject si Fran Yu ng Letran matapos patawan ng unsportsmalike foul nang sikuhin nito si Mark Sangco sa second quarter.","Sa sobrang pisikalang laro, na-eject si Fran Yu ng Letran matapos patawan ng unsportsmalike foul nang sikuhin nito si Mark Sangco sa second quarter."
Sinasabing kapag ang reproduction number na 1 at mas mataas pa rito ay nagpapakita lamang na mabilis ang pagkalat ng virus.,Sinasabing kapag ang reproduction number na 1 at mas mataas pa rito ay nagpapakita lamang na mabilis ang pagkalat ng virus.
Matatandaan na muling sumiklab ang tensyon sa pagitan ng mga Israelis at Palestinian noong nakaraang linggo.,Matatandaan na muling sumiklab ang tensyon sa pagitan ng mga Israelis at Palestinian noong nakaraang linggo.
"Ayon sa kapatid, nagpaalam lang ang biktimang si Maranan na kakain kasama ang kaibigan at inihabilin sa kaniya ang kanilang ina.","Ayon sa kapatid, nagpaalam lang ang biktimang si Maranan na kakain kasama ang kaibigan at inihabilin sa kaniya ang kanilang ina."
Makikita sa mga larawan na tumulong ang ibang preso na may hawak na lettering na ‘Will You Marry Me’.,Makikita sa mga larawan na tumulong ang ibang preso na may hawak na lettering na ‘Will You Marry Me’.
"Hindi pa natapos dun, nagpahabol ng announcement ang Executive Committee ng MMFF na meron pa palang isang award na hindi naibigay roon sa Gabi ng Parangal.","Hindi pa natapos dun, nagpahabol ng announcement ang Executive Committee ng MMFF na meron pa palang isang award na hindi naibigay roon sa Gabi ng Parangal."
Nakakalungkot din na marami siyang hindi inabutan pero alam ko naman na for sure na alam niya.,Nakakalungkot din na marami siyang hindi inabutan pero alam ko naman na for sure na alam niya.
"Ngayong darating na September 24 at 25, nagbabalik sa U.S.","Ngayong darating na September 24 at 25, nagbabalik sa U.S."
"Nakatataba po ng puso ang inyong suporta hindi lang sa akin, kundi sa buong TPM.","Nakatataba po ng puso ang inyong suporta hindi lang sa akin, kundi sa buong TPM."
Para sa susunod na taon.,Para sa susunod na taon.
"Ang panglaban ng aktres ay ang ganda ng kanyang mukha, hindi na pinapansin ang sobrang bigat ng kanyang timbang, tutal naman ay bawing-bawi yun ng kanyang kagandahan.","Ang panglaban ng aktres ay ang ganda ng kanyang mukha, hindi na pinapansin ang sobrang bigat ng kanyang timbang, tutal naman ay bawing-bawi yun ng kanyang kagandahan."
"Ayon pa kay Trisha, mahigit dalawang linggo na mula nang humingi sila ng tulong sa embahada ng Pilipinas sa Afghanistan pero hanggang ngayon ay wala pa raw nangyayari para maiuwi ang kaniyang ama at mga kasamahan nito.","Ayon pa kay Trisha, mahigit dalawang linggo na mula nang humingi sila ng tulong sa embahada ng Pilipinas sa Afghanistan pero hanggang ngayon ay wala pa raw nangyayari para maiuwi ang kaniyang ama at mga kasamahan nito."
"Tinatawagan siya ng staff, pero hindi siya sumasagot, tinatawagan din ang PA niya, pero wala ring reply sa text at sagot sa mga tawag nila!","Tinatawagan siya ng staff, pero hindi siya sumasagot, tinatawagan din ang PA niya, pero wala ring reply sa text at sagot sa mga tawag nila!"
Tiniyak naman ni Padilla kay Drilon na nag-aaral na siya tungkol sa paggawa ng batas subalit nilinaw nito na hindi siya natatakot na mapahiya sa Senado.,Tiniyak naman ni Padilla kay Drilon na nag-aaral na siya tungkol sa paggawa ng batas subalit nilinaw nito na hindi siya natatakot na mapahiya sa Senado.
"Hiningan daw ng pulis ng lisensiya si Olivia pero walang naipakita ang biktima, bagay na aminado siya sa kaniyang pagkakamali.","Hiningan daw ng pulis ng lisensiya si Olivia pero walang naipakita ang biktima, bagay na aminado siya sa kaniyang pagkakamali."
"Pandemya, kahirapan, kawalan ng trabaho, napakalaking utang, gutom, hamon sa edukasyon; at ang pinakamasakit – ang talamak na pagnanakaw o pag-aksaya ng pera ng bayan mula sa panahon ng gintong orinola noong mga 1950s, sabi ni Lacson.","Pandemya, kahirapan, kawalan ng trabaho, napakalaking utang, gutom, hamon sa edukasyon; at ang pinakamasakit – ang talamak na pagnanakaw o pag-aksaya ng pera ng bayan mula sa panahon ng gintong orinola noong mga 1950s, sabi ni Lacson."
Nauna nang nagkasundo ang mga senador na madaliin ang nasabing batas dahil ayaw makinig ng Comelec sa panawagan ng Senado at Kamara.,Nauna nang nagkasundo ang mga senador na madaliin ang nasabing batas dahil ayaw makinig ng Comelec sa panawagan ng Senado at Kamara.
Wala kang pressure sa trabaho kasi kahit anong oras puwede kang may puntahang ibang career.,Wala kang pressure sa trabaho kasi kahit anong oras puwede kang may puntahang ibang career.
"Matapos pagbantaan na hindi makatatanggap ng kanilang benepisyo, mas marami nang benepisyaryo ng Pantawid Pamilyang Pilipino Program (4Ps) ang nais nang magpabakuna kontra COVID-19.","Matapos pagbantaan na hindi makatatanggap ng kanilang benepisyo, mas marami nang benepisyaryo ng Pantawid Pamilyang Pilipino Program (4Ps) ang nais nang magpabakuna kontra COVID-19."
"1107, idineklarang regular holidays ay ang.","1107, idineklarang regular holidays ay ang."
Hanggang sa napansin niya nitong umaga ang tsinelas na gamit ng anak malapit sa malalim na hukay kung saan nakita ang kaniyang bangkay.,Hanggang sa napansin niya nitong umaga ang tsinelas na gamit ng anak malapit sa malalim na hukay kung saan nakita ang kaniyang bangkay.
"Ipakikita sa “I Left My Heart in Sorsogon” ang ilang tourist destinations doon tulad ng Sorsogon State College Library, Pili farms at ang naggagandahang beach sa probinsya.","Ipakikita sa “I Left My Heart in Sorsogon” ang ilang tourist destinations doon tulad ng Sorsogon State College Library, Pili farms at ang naggagandahang beach sa probinsya."
"Napag-usapan naman with Dingdong, dagdag niyang pahayag.","Napag-usapan naman with Dingdong, dagdag niyang pahayag."
Dahil yun sa sobrang init ng karburador ng male personality.,Dahil yun sa sobrang init ng karburador ng male personality.
"Nagsimula bilang ""spotter"" si Jaybee sa isang bilyaran, o siya ang kumukha ng mga bola at mag-aayps para sa mga maglalaro.","Nagsimula bilang ""spotter"" si Jaybee sa isang bilyaran, o siya ang kumukha ng mga bola at mag-aayps para sa mga maglalaro."
"Kung hindi mababago ang puwesto ng top 12 sa Senatorial race, magkadugo ang magtatabi sa session hall sa Senado.","Kung hindi mababago ang puwesto ng top 12 sa Senatorial race, magkadugo ang magtatabi sa session hall sa Senado."
"Hindi naman daw ang publiko ang karelasyon nito, siya naman, kaya kung puwede sana ay huwag nang ipinagmamakaingay pa ng TV host ang kanilang pagmamahalan.","Hindi naman daw ang publiko ang karelasyon nito, siya naman, kaya kung puwede sana ay huwag nang ipinagmamakaingay pa ng TV host ang kanilang pagmamahalan."
"Dahil sa napabayaang kandila, patay ang mag-asawang senior citizen nang masunog ang kanilang bahay kamakalawa ng gabi sa Maramag, Bukidnon.","Dahil sa napabayaang kandila, patay ang mag-asawang senior citizen nang masunog ang kanilang bahay kamakalawa ng gabi sa Maramag, Bukidnon."
"Yung death rate malalaman natin yan in a couple of weeks kasi ang death nangyayari yan, mga two weeks kasi may-ICU pa yung pasyente, magsi-serious tapos saka pa lang mamamatay.","Yung death rate malalaman natin yan in a couple of weeks kasi ang death nangyayari yan, mga two weeks kasi may-ICU pa yung pasyente, magsi-serious tapos saka pa lang mamamatay."
Nakahanda nang muli ang aktres na gumawa ng mga proyekto ngayon.,Nakahanda nang muli ang aktres na gumawa ng mga proyekto ngayon.
"Kailangan, ganu’n pa rin yung amount ng dedication and energy na ibibigay mo sa bawat segundong nasa telebisyon ka.","Kailangan, ganu’n pa rin yung amount ng dedication and energy na ibibigay mo sa bawat segundong nasa telebisyon ka."
Hindi ito ang first time na naisyuhan na preggy ang dalaga ng actress.,Hindi ito ang first time na naisyuhan na preggy ang dalaga ng actress.
"“Sabi ko nga may bagong show na ipapalabas and dahil sa bagong protocols sa taping, mas mahirap na ‘yung taping namin ngayon dahil wala nang uwian.","“Sabi ko nga may bagong show na ipapalabas and dahil sa bagong protocols sa taping, mas mahirap na ‘yung taping namin ngayon dahil wala nang uwian."
Nakita raw sa CCTV na ang asawa ni Damasain ang nagdala ng axe o blade na siyang ginamit umano sa paglagare sa steel bars.,Nakita raw sa CCTV na ang asawa ni Damasain ang nagdala ng axe o blade na siyang ginamit umano sa paglagare sa steel bars.
May napulot daw kasing blade noon si Keycy nang magkasagupa sila at ginamit niya ito sa paghiwa sa magkabilang pisngi ni Divine at sa labi.,May napulot daw kasing blade noon si Keycy nang magkasagupa sila at ginamit niya ito sa paghiwa sa magkabilang pisngi ni Divine at sa labi.
Masisilayan sa aksyon ang Gilas sa King Abdullah Cup na gaganapin mula Hulyo 25 hanggang Agosto 3.,Masisilayan sa aksyon ang Gilas sa King Abdullah Cup na gaganapin mula Hulyo 25 hanggang Agosto 3.
Hangad ng World Pandesal Day na alalahanin ng karamihan kung gaano ka-importante sa kulturang Pinoy ang pandesal at bilang pakikiisa na rin na matugunan ang pandaigdigang kagutuman at kahirapan.,Hangad ng World Pandesal Day na alalahanin ng karamihan kung gaano ka-importante sa kulturang Pinoy ang pandesal at bilang pakikiisa na rin na matugunan ang pandaigdigang kagutuman at kahirapan.
Sa isinagawang imbestigasyon ng eight-man FIDE panel ay napatunayang nandaya ang isang bagitong miyembro ng 12-man national squad kaya diniskuwalipika ang buong team sa torneo.,Sa isinagawang imbestigasyon ng eight-man FIDE panel ay napatunayang nandaya ang isang bagitong miyembro ng 12-man national squad kaya diniskuwalipika ang buong team sa torneo.
Dito nabuo ang tandem nina Jeric Gonzales at Klea Pineda na tinanggap naman ng mga manonood.,Dito nabuo ang tandem nina Jeric Gonzales at Klea Pineda na tinanggap naman ng mga manonood.
"Ibinahagi ni Customs Deputy Commissioner Juvymax Uy na kaagad nilang iprinoseso ang impormasyon hinggil sa naturang tangkang pagpupuslit ng asukal sa lalong madaling panahon, dahil batid nilang kritikal ito para sa mga Pinoy.","Ibinahagi ni Customs Deputy Commissioner Juvymax Uy na kaagad nilang iprinoseso ang impormasyon hinggil sa naturang tangkang pagpupuslit ng asukal sa lalong madaling panahon, dahil batid nilang kritikal ito para sa mga Pinoy."
"Sinabi niya na mabuti na lang, this time medyo matagal bago naulit uli, meaning madalas itong mangyari sa kanya noon.","Sinabi niya na mabuti na lang, this time medyo matagal bago naulit uli, meaning madalas itong mangyari sa kanya noon."
"Binibigyan ko rin siya ng advice dahil alam ko po ang nangyayari sa kanya, sabi ni Eisel nang maging guest sa kinabibilangan naming Maritess University podcast.","Binibigyan ko rin siya ng advice dahil alam ko po ang nangyayari sa kanya, sabi ni Eisel nang maging guest sa kinabibilangan naming Maritess University podcast."
Mabigat ang pakiramdam.,Mabigat ang pakiramdam.
"Ikatlo, kasalukuyan itong No.","Ikatlo, kasalukuyan itong No."
Mainam daw na unahing tingnan ng partido ang mga personalidad na interesado.,Mainam daw na unahing tingnan ng partido ang mga personalidad na interesado.
Gusto ko ring gawin 'yung ginawa niya.,Gusto ko ring gawin 'yung ginawa niya.
"Nakuha na ng mga magsasaka na mula sa Barangay Hacienda sa Bugallon, Pangasinan ang kanilang certificates of land ownership award (CLOA) mula sa DAR.","Nakuha na ng mga magsasaka na mula sa Barangay Hacienda sa Bugallon, Pangasinan ang kanilang certificates of land ownership award (CLOA) mula sa DAR."
"Kaya hindi na nakatiis ang maybahay ni Robin, nag-post na ito ng statement kaugnay sa isyung ito.","Kaya hindi na nakatiis ang maybahay ni Robin, nag-post na ito ng statement kaugnay sa isyung ito."
"We dont want to start it na hindi kumpleto iyong mga road signages natin at lane markings, para walang excuse iyong mga motorista na mag-violate ng mga exclusive lanes na ito, ani Artes.","We dont want to start it na hindi kumpleto iyong mga road signages natin at lane markings, para walang excuse iyong mga motorista na mag-violate ng mga exclusive lanes na ito, ani Artes."
"Samantala, kamakailan din ay na-hospital ang dating manager ni actress / singer at siya rin ang sumagot sa mga bayarin nito sa hospital.","Samantala, kamakailan din ay na-hospital ang dating manager ni actress / singer at siya rin ang sumagot sa mga bayarin nito sa hospital."
Nagdulot ng pagbigat ng trapiko ang insidente.,Nagdulot ng pagbigat ng trapiko ang insidente.
"Nag-aaral na rin daw siyang mag-ilokano, lalo nat kinuha siyang mag-endorse ng Ako Ilocano Partylist.","Nag-aaral na rin daw siyang mag-ilokano, lalo nat kinuha siyang mag-endorse ng Ako Ilocano Partylist."
"Pinaghihirapan mo ang lahat, hindi mo naman nakuha yun nang sandaling panahon lang, kaya kung hindi maganda ang kalalabasan, iwas ka na lang, sabi niya.","Pinaghihirapan mo ang lahat, hindi mo naman nakuha yun nang sandaling panahon lang, kaya kung hindi maganda ang kalalabasan, iwas ka na lang, sabi niya."
"Dito ay nakahalata ang suspek na pulis ang kanyang katransaksiyon kayat bumunot ito ng baril para barilin ito, subalit inunahan na siya ng mga nakatagong otoridad.","Dito ay nakahalata ang suspek na pulis ang kanyang katransaksiyon kayat bumunot ito ng baril para barilin ito, subalit inunahan na siya ng mga nakatagong otoridad."
Dinig din ang sigaw ng mga tao na humihingi ng tulong.,Dinig din ang sigaw ng mga tao na humihingi ng tulong.
Nakadagdag pa aniya sa kumpiyansa ni Pacquiao na may laban siya sa presidential race kung ang host ng ‘Wowowin’ ang magiging ka-tandem niya.,Nakadagdag pa aniya sa kumpiyansa ni Pacquiao na may laban siya sa presidential race kung ang host ng ‘Wowowin’ ang magiging ka-tandem niya.
Pero mas masakit kay Rufa Mae ang nangyari sa isa niyang kapatid na pumanaw na dahilan din ng kaniyang pag-uwi.,Pero mas masakit kay Rufa Mae ang nangyari sa isa niyang kapatid na pumanaw na dahilan din ng kaniyang pag-uwi.
"Wika pa niya, ""nakabibingi at nakalulula"" ang paulit-ulit na mga insidente gaya na nito.","Wika pa niya, ""nakabibingi at nakalulula"" ang paulit-ulit na mga insidente gaya na nito."
Idinagdag pa niya na anumang pahayag niya laban sa senadora ay mali at resulta umano ng panggigipit sa kaniya at banta sa kaniyang buhay at pamilya na ginawa ng mga pulis na nag-utos sa kaniya na idawit si De Lima sa negosyo sa iligal na droga.For.,Idinagdag pa niya na anumang pahayag niya laban sa senadora ay mali at resulta umano ng panggigipit sa kaniya at banta sa kaniyang buhay at pamilya na ginawa ng mga pulis na nag-utos sa kaniya na idawit si De Lima sa negosyo sa iligal na droga.For.
Nagsalita na rin aniya si Secretary Carlito Galvez na magagamit pa rin ang mga nag-expired ng bakuna base sa assessment ng mga manufacturers at mga eksperto.,Nagsalita na rin aniya si Secretary Carlito Galvez na magagamit pa rin ang mga nag-expired ng bakuna base sa assessment ng mga manufacturers at mga eksperto.
Ang pagbibigay ng nasabing babae ay mayroong kalakip na pag-ibig at sakripisyo.,Ang pagbibigay ng nasabing babae ay mayroong kalakip na pag-ibig at sakripisyo.
"Ang batikang broadcast journalist at GMA News pillar na si Jessica Soho, binalikan ang panahon nang matutukan niya ang paraan ng pagtatrabaho ni Ramos na nagsisimulang bumangon ng 4:00 am.","Ang batikang broadcast journalist at GMA News pillar na si Jessica Soho, binalikan ang panahon nang matutukan niya ang paraan ng pagtatrabaho ni Ramos na nagsisimulang bumangon ng 4:00 am."
Sa bilis nang takbo ay hindi na nito nakontrol ang manibela at sinalpok ang mga bata na nasa tabi ng kalsada na katatapos lang mag research sa isang piso net shop para sa kanilang pag-aaral.,Sa bilis nang takbo ay hindi na nito nakontrol ang manibela at sinalpok ang mga bata na nasa tabi ng kalsada na katatapos lang mag research sa isang piso net shop para sa kanilang pag-aaral.
Dahil diyan ay inisa-isa na nila Ogie ang mga nabasa nila sa social media ang mga kwento ng mga taong naka-encounter si Alex at karamihan sa kanila ay may masamang karanasan sa actress-vlogger.,Dahil diyan ay inisa-isa na nila Ogie ang mga nabasa nila sa social media ang mga kwento ng mga taong naka-encounter si Alex at karamihan sa kanila ay may masamang karanasan sa actress-vlogger.
Unless daw bilhin ito sa streaming platform na ngayon din daw ay nambabarat na dahil ang dami na ring available titles.,Unless daw bilhin ito sa streaming platform na ngayon din daw ay nambabarat na dahil ang dami na ring available titles.
"Naman ang mga pulis sa pangunguna ni PMaj Jake Arcilla ng operasyon na nagresulta sa pagkakadakip sa tatlong suspek at pagkakarekober ng iba pang mga sigarilyo na nagkakahalaga ng P150,000.","Naman ang mga pulis sa pangunguna ni PMaj Jake Arcilla ng operasyon na nagresulta sa pagkakadakip sa tatlong suspek at pagkakarekober ng iba pang mga sigarilyo na nagkakahalaga ng P150,000."
Ngunit sadyang ayaw nang pakawalan ng Ginebra ang pagkakataon at muling nakalayo sa 96-78 galing sa layup ni Thompson sa huling 2:52 minuto ng labanan.,Ngunit sadyang ayaw nang pakawalan ng Ginebra ang pagkakataon at muling nakalayo sa 96-78 galing sa layup ni Thompson sa huling 2:52 minuto ng labanan.
"Lumilitaw na nakainom din umano ang driver, na kabilang sa mga nasugatan.","Lumilitaw na nakainom din umano ang driver, na kabilang sa mga nasugatan."
"For me po ang hinahanap ko na po talaga sa lalaki is, unang-una, respeto, saad niya.","For me po ang hinahanap ko na po talaga sa lalaki is, unang-una, respeto, saad niya."
"Aniya, umiihi raw siya sa kanilang banyo nang biglang may malaking sawa siyang nakita.","Aniya, umiihi raw siya sa kanilang banyo nang biglang may malaking sawa siyang nakita."
"Ngayong Huwebes ng hapon lang nang ipakilala ng Shopee Philippines si Toni bilang panibagong brand ambassador, kasabay ng panawagan ng ilang netizens online na iboykot ang kumpanya.","Ngayong Huwebes ng hapon lang nang ipakilala ng Shopee Philippines si Toni bilang panibagong brand ambassador, kasabay ng panawagan ng ilang netizens online na iboykot ang kumpanya."
"Sa kanyang social media post, ibinahagi ni Rabiya ang pagpugay sa mga frontliners na kanyang tinawag na silent heroes.","Sa kanyang social media post, ibinahagi ni Rabiya ang pagpugay sa mga frontliners na kanyang tinawag na silent heroes."
"Kinontra ng vaccine czar ang pahayag ng ilang senador na five dollars lang ng presyo ng isang bakuna dahil nag-check aniya siya sa mga bakunang binili ng Thailand, India at Indonesia at hindi nagkakalayo ang presyong nakuha ng Pilipinas sa Sinovac vaccine.","Kinontra ng vaccine czar ang pahayag ng ilang senador na five dollars lang ng presyo ng isang bakuna dahil nag-check aniya siya sa mga bakunang binili ng Thailand, India at Indonesia at hindi nagkakalayo ang presyong nakuha ng Pilipinas sa Sinovac vaccine."
Matapos ang ilang araw na pagkakakulong sa kanilang mga kuwarto ay nagsimula nang magpakondisyon ang national boxing team sa loob ng ‘bubble’.,Matapos ang ilang araw na pagkakakulong sa kanilang mga kuwarto ay nagsimula nang magpakondisyon ang national boxing team sa loob ng ‘bubble’.
Ngayon ay dapat pakaabangan kung sinu-sinong Sing-testants ang papasok sa Team Galing na maglalaban-laban sa nalalapit na Grand Finals ng programa.,Ngayon ay dapat pakaabangan kung sinu-sinong Sing-testants ang papasok sa Team Galing na maglalaban-laban sa nalalapit na Grand Finals ng programa.
Kapag kinakausap nila ang pulitiko ay parang nakikinig naman pero iba pa rin ang kanyang mga ginagawa.,Kapag kinakausap nila ang pulitiko ay parang nakikinig naman pero iba pa rin ang kanyang mga ginagawa.
Bale Saturday ang show nila roon na Sa Houston Baptist University ang venue ng show at babalitaan daw kami ng show promoter na si Bojie Yangco ng magiging outcome non.,Bale Saturday ang show nila roon na Sa Houston Baptist University ang venue ng show at babalitaan daw kami ng show promoter na si Bojie Yangco ng magiging outcome non.
Ang mga sasakyan na mahuhuling lumabas sa batas trapiko ay agad na iaalarma sa mga traffic agency upang mahanap ang may-ari ng sasakyan at makilala ang lumabag na driver.,Ang mga sasakyan na mahuhuling lumabas sa batas trapiko ay agad na iaalarma sa mga traffic agency upang mahanap ang may-ari ng sasakyan at makilala ang lumabag na driver.
"Gayunman, tinupad pa rin ng kaniyang pamilya ang kaniyang hiling nang ipagdiwang nila ito habang nakaburol siya noong Mayo 23.","Gayunman, tinupad pa rin ng kaniyang pamilya ang kaniyang hiling nang ipagdiwang nila ito habang nakaburol siya noong Mayo 23."
“Ninenerbiyos ako rito sa first telescast natin.,“Ninenerbiyos ako rito sa first telescast natin.
"Patuloy naman umanong magsasagawa ng sariling berepikasyon ang Comelec sa ulat ng hacking, partikular sa kung sino ang nag-berepika na may nagaganap na hacking sa kanilang server.","Patuloy naman umanong magsasagawa ng sariling berepikasyon ang Comelec sa ulat ng hacking, partikular sa kung sino ang nag-berepika na may nagaganap na hacking sa kanilang server."
"Naibenta na raw nila ang ibang properties at ang iba ay nakasangla, at tila inabandona na raw sila ng ilang kamag-anak nila.","Naibenta na raw nila ang ibang properties at ang iba ay nakasangla, at tila inabandona na raw sila ng ilang kamag-anak nila."
Nakita ko 'yung suporta na meron 'yung asawa ko para sa akin.,Nakita ko 'yung suporta na meron 'yung asawa ko para sa akin.
"Noong Marso 26, 2007, inirekomenda ni TLRC General Manager Lacsamana ang pagrelis ng P11-M PDAF ni Sandoval.","Noong Marso 26, 2007, inirekomenda ni TLRC General Manager Lacsamana ang pagrelis ng P11-M PDAF ni Sandoval."
"Sa ilalim ng sanction, lahat ng ari-arian at interes sa ari-arian ng mga pinatawang tao na nasa Estados Unidos, o nasa pangangalaga o kontrol ng mga tao sa Estados Unidos, ay blocked at iuulat sa OFAC.","Sa ilalim ng sanction, lahat ng ari-arian at interes sa ari-arian ng mga pinatawang tao na nasa Estados Unidos, o nasa pangangalaga o kontrol ng mga tao sa Estados Unidos, ay blocked at iuulat sa OFAC."
"Bacoor CITY, Cavite, Philippines — Patay ang isang 45-anyos na rider nang makabangga ang kasalubong na motorsiklo sa kahabaan ng Molino-Zapote Road Brgy.","Bacoor CITY, Cavite, Philippines — Patay ang isang 45-anyos na rider nang makabangga ang kasalubong na motorsiklo sa kahabaan ng Molino-Zapote Road Brgy."
"Sinabi ni Patricia Alvaro, Health Education Promotion Officer ng Provincial Health Office, nakapagsagawa na rin sila ng booster shots kung saan umabot na sa 723,282 ang may first booster samantalang nasa 112,134 pa lamang ang naka-dalawang booster shot.","Sinabi ni Patricia Alvaro, Health Education Promotion Officer ng Provincial Health Office, nakapagsagawa na rin sila ng booster shots kung saan umabot na sa 723,282 ang may first booster samantalang nasa 112,134 pa lamang ang naka-dalawang booster shot."
"Mula nang pormal na ihain ni Robredo ang kaniyang kandidatura, sumabog na ang suporta mula sa taumbayan, online man o sa totoong buhay.","Mula nang pormal na ihain ni Robredo ang kaniyang kandidatura, sumabog na ang suporta mula sa taumbayan, online man o sa totoong buhay."
Sinabi naman ni Abalos na ang MMC ay bukas din na madagdagan pa ang seating capacity ng mga simbahan at iba pang religious activities ng hanggang 50%.,Sinabi naman ni Abalos na ang MMC ay bukas din na madagdagan pa ang seating capacity ng mga simbahan at iba pang religious activities ng hanggang 50%.
"Hindi raw imposibleng umabot sa mahigit isang milyon ang nahahawaan ng coronavirus disease (COVID-19) sa Pilipinas bago magtapos ang buwang ito, babala ng ilang eksperto ngayong araw.","Hindi raw imposibleng umabot sa mahigit isang milyon ang nahahawaan ng coronavirus disease (COVID-19) sa Pilipinas bago magtapos ang buwang ito, babala ng ilang eksperto ngayong araw."
Medyo nagdi-distort na yung images na nakikita ko sa right eye.,Medyo nagdi-distort na yung images na nakikita ko sa right eye.
Literal na hinati sa gitna ang buong simbahan para mailagay ang nasa 86 piraso ng seismic isolator sa mga poste.,Literal na hinati sa gitna ang buong simbahan para mailagay ang nasa 86 piraso ng seismic isolator sa mga poste.
Pero nakakatawa ang nangyari.,Pero nakakatawa ang nangyari.
"Ayon sa San Leonardo Police, alas-9 ng gabi noong Huwebes habang nagpapatrolya ang ilan nilang miyembro sa mga barangay ay natiyempuhan ang suspek na si Suguitan na nagbebenta umano sa isang tindahan sa Brgy.","Ayon sa San Leonardo Police, alas-9 ng gabi noong Huwebes habang nagpapatrolya ang ilan nilang miyembro sa mga barangay ay natiyempuhan ang suspek na si Suguitan na nagbebenta umano sa isang tindahan sa Brgy."
"Isa sa pinakamalaking pinagkukunan ng tax ang industriya ng pelikula, at dahil halos lubog sa utang ng gobyerno natin ngayon, hindi maikakailang kailangan din nila ng tax mula sa industriya.","Isa sa pinakamalaking pinagkukunan ng tax ang industriya ng pelikula, at dahil halos lubog sa utang ng gobyerno natin ngayon, hindi maikakailang kailangan din nila ng tax mula sa industriya."
Tumagal ng halos dalawang oras ang rescue operation.,Tumagal ng halos dalawang oras ang rescue operation.
"Sa huli, nagbigay pa ng mensahe si Nadia sa mga magnanakaw, Tama na po.","Sa huli, nagbigay pa ng mensahe si Nadia sa mga magnanakaw, Tama na po."
Madaling nakolekta ng TNT Tropang Giga ang kanilang pang-apat na sunod na panalo matapos ang 138-116 pagmasaker sa Blackwater sa 2023 PBA Governors Cup kahapon sa MOA Arena sa Pasay City.,Madaling nakolekta ng TNT Tropang Giga ang kanilang pang-apat na sunod na panalo matapos ang 138-116 pagmasaker sa Blackwater sa 2023 PBA Governors Cup kahapon sa MOA Arena sa Pasay City.
"Nitong Biyernes ay inulat ng DOH ang 209 bagong kaso ng COVID-19, kung saan ang Metro Manila ay may 86 bagong kaso habang nasa 2,422 ang active cases.","Nitong Biyernes ay inulat ng DOH ang 209 bagong kaso ng COVID-19, kung saan ang Metro Manila ay may 86 bagong kaso habang nasa 2,422 ang active cases."
Hindi niya ginagamit para sa kanyang vlog or something.,Hindi niya ginagamit para sa kanyang vlog or something.
Pinasalamatan ng tatlong senior citizen ang lokal na pamahalaan at ang mga taong sumuporta sa kanilang pag-aaral.,Pinasalamatan ng tatlong senior citizen ang lokal na pamahalaan at ang mga taong sumuporta sa kanilang pag-aaral.
"Pero kinabukasan, nagkagulo ang pamilya nang pagsasakalin umano ng suspek ang dalawa nitong kapatid.","Pero kinabukasan, nagkagulo ang pamilya nang pagsasakalin umano ng suspek ang dalawa nitong kapatid."
Hindi lang daw niya alam kung paano niya sagutin ang nanay niya dahil ayaw naman daw niyang lumabas na sinungaling ang nanay niya.,Hindi lang daw niya alam kung paano niya sagutin ang nanay niya dahil ayaw naman daw niyang lumabas na sinungaling ang nanay niya.
"Kinilala ng Nasugbu Police ang mga biktima na sina Roland Adrias, 48; Rochelle, 46, at Rachelle Anne, 23, pawang may apelyidong Dimaano at residente ng Luntal, Tuy, Batangas.","Kinilala ng Nasugbu Police ang mga biktima na sina Roland Adrias, 48; Rochelle, 46, at Rachelle Anne, 23, pawang may apelyidong Dimaano at residente ng Luntal, Tuy, Batangas."
"5) sa I-Witness, muling bibisitahin ni Atom Araullo ang nakilala niyang tindera sa Dangwa na dati nang naging subject ng programa.","5) sa I-Witness, muling bibisitahin ni Atom Araullo ang nakilala niyang tindera sa Dangwa na dati nang naging subject ng programa."
"Ngayong bistado na siya ni Algen, sino kaya ang pipiliin niya: ang kaniyang misis na ina ng tatlo niyang anak o ang kinakasama niyang lalaki na tunay na nagpapasaya sa kaniya?","Ngayong bistado na siya ni Algen, sino kaya ang pipiliin niya: ang kaniyang misis na ina ng tatlo niyang anak o ang kinakasama niyang lalaki na tunay na nagpapasaya sa kaniya?"
Sila rin ang nag-iimport ng sibuyas para kontrolado nila ang supply kaya naman nagkakaroon ng artificial demand.,Sila rin ang nag-iimport ng sibuyas para kontrolado nila ang supply kaya naman nagkakaroon ng artificial demand.
Gusto raw niya kasing tahakin din ang career patch ni Mayor Richard Gomez na bukod sa pag-aartista ay nalilinya rin sa sports at umabot pa sa Olympics. Gusto kong maging Olympic athlete.,Gusto raw niya kasing tahakin din ang career patch ni Mayor Richard Gomez na bukod sa pag-aartista ay nalilinya rin sa sports at umabot pa sa Olympics. Gusto kong maging Olympic athlete.
"Imbes na 50 pesos ang singil ko, nagbabayad sila ng 30, 40, dahil wala silang pera, ani Tatay Piping.","Imbes na 50 pesos ang singil ko, nagbabayad sila ng 30, 40, dahil wala silang pera, ani Tatay Piping."
"Nauna rito, nakatanggap ng tip ang mga awtoridad hinggil sa ilegal na aktibidad ng mga dayuhan kayat nagsagawa ng surveillance operation.","Nauna rito, nakatanggap ng tip ang mga awtoridad hinggil sa ilegal na aktibidad ng mga dayuhan kayat nagsagawa ng surveillance operation."
"Pero payo niya, mas mabuting hindi na lang hulihin ang mga dambuhalang isda kung hindi naman kakainin dahil makatutulong sila para magparami pa ng isda.","Pero payo niya, mas mabuting hindi na lang hulihin ang mga dambuhalang isda kung hindi naman kakainin dahil makatutulong sila para magparami pa ng isda."
Matatandaang nitong Linggo ay nasira ang catenary wire ng LRT-2 sa pagitan ng Legarda at Pureza eastbound stations.,Matatandaang nitong Linggo ay nasira ang catenary wire ng LRT-2 sa pagitan ng Legarda at Pureza eastbound stations.
Anumang impormasyon sa pagpapatala ng dokumento ay ituturing na confidential maliban na lamang kung pahintulutan ng subscriber sa pamamagitan ng isang kasulatan.,Anumang impormasyon sa pagpapatala ng dokumento ay ituturing na confidential maliban na lamang kung pahintulutan ng subscriber sa pamamagitan ng isang kasulatan.
"Samantala, nakapagtala rin naman nang malamig na temperatura sa iba pang panig ng bansa, kabilang ang Baguio City (9 degrees Celsius); Tanay, Rizal (16.5.","Samantala, nakapagtala rin naman nang malamig na temperatura sa iba pang panig ng bansa, kabilang ang Baguio City (9 degrees Celsius); Tanay, Rizal (16.5."
"At mas sigurado akong tunay na lalaki ng boyfriend ko kaysa sa kanya, sabi pa raw ng showbiz gay.","At mas sigurado akong tunay na lalaki ng boyfriend ko kaysa sa kanya, sabi pa raw ng showbiz gay."
Nauna nang sinabi ni Sotto na mayroon silang usapan na pwedeng makasama sa kanilang senatorial line-up basta wala silang hayagang i-eendorso sa pagkapangulo at pangawalang pangulo.,Nauna nang sinabi ni Sotto na mayroon silang usapan na pwedeng makasama sa kanilang senatorial line-up basta wala silang hayagang i-eendorso sa pagkapangulo at pangawalang pangulo.
Ang susunod daw na sasalihan nitong Kun Maupay Man It Panahon ay sa Toronto International Film Festival na isa ring malaking international filmfest.,Ang susunod daw na sasalihan nitong Kun Maupay Man It Panahon ay sa Toronto International Film Festival na isa ring malaking international filmfest.
"Dahil sa lakas ng pagkakabangga, bahagyang lumawit ang unahan ng trak sa burol habang ang van ay bumangga sa concrete barrier at sementadong poste ng kuryente na ikinaipit ng mga sakay nito.","Dahil sa lakas ng pagkakabangga, bahagyang lumawit ang unahan ng trak sa burol habang ang van ay bumangga sa concrete barrier at sementadong poste ng kuryente na ikinaipit ng mga sakay nito."
Though kahit daw siya ay laging kinakabahan at may awkwardness pag pinapanood ang sarili sa TV.,Though kahit daw siya ay laging kinakabahan at may awkwardness pag pinapanood ang sarili sa TV.
"Habang isinasagawa ang mga event na ito, inihahanda na rin ang launch ng limited edition hardcopy portfolio ng Star Magic Catalogue sa Hunyo, tampok ang ibat ibang paboritong stars.","Habang isinasagawa ang mga event na ito, inihahanda na rin ang launch ng limited edition hardcopy portfolio ng Star Magic Catalogue sa Hunyo, tampok ang ibat ibang paboritong stars."
"Bukod sa kanyang pamilya, pinasalamatan din ni Barajan ang lahat ng tauhan ng PCG.","Bukod sa kanyang pamilya, pinasalamatan din ni Barajan ang lahat ng tauhan ng PCG."
May nagtsika rin sa akin na tatanggapin (o tinanggap na?).,May nagtsika rin sa akin na tatanggapin (o tinanggap na?).
"Pinakikiramdaman ko rin yung sarili ko kung meron akong mga nararamdaman, wala at all.","Pinakikiramdaman ko rin yung sarili ko kung meron akong mga nararamdaman, wala at all."
"Sabay-sabay naman daw maglulunsad ng candle lighting protests sa ibat ibang pagawaan, opisina at kabahayan ngayong araw kasabay ng malagim na trahedya.","Sabay-sabay naman daw maglulunsad ng candle lighting protests sa ibat ibang pagawaan, opisina at kabahayan ngayong araw kasabay ng malagim na trahedya."
Naantalaang P142-bilyong PNR South Long-Haul railway project na orihinal na panukala ni Salceda matapos na ipawalang bisa ng nakalipas na administrasyon ang balangkas na pagpondo rito ng Eximbank ng China kaugnay ng pondo na inuutang ng pamahalaan para sa proyekto.,Naantalaang P142-bilyong PNR South Long-Haul railway project na orihinal na panukala ni Salceda matapos na ipawalang bisa ng nakalipas na administrasyon ang balangkas na pagpondo rito ng Eximbank ng China kaugnay ng pondo na inuutang ng pamahalaan para sa proyekto.
May mga sponsor na raw na kinakausap ang mga taga-ABS-CBN at excited din daw ang mga ito na mag-participate.,May mga sponsor na raw na kinakausap ang mga taga-ABS-CBN at excited din daw ang mga ito na mag-participate.
"Anyway, kahapon nga ay nag-post si Amanda sa kanyang Facebook account ng kanyang pagpapa-vaccine.","Anyway, kahapon nga ay nag-post si Amanda sa kanyang Facebook account ng kanyang pagpapa-vaccine."
"Nagkabiglaan lang kasi, kaya napasok siya sa mundong hindi pa naman niya kayang gampanan.","Nagkabiglaan lang kasi, kaya napasok siya sa mundong hindi pa naman niya kayang gampanan."
Susuriin din ng mga enforcer ang mga public utility bus (PUB) upang masiguro na hindi ito kolorum at ligtas pa itong pumasada.,Susuriin din ng mga enforcer ang mga public utility bus (PUB) upang masiguro na hindi ito kolorum at ligtas pa itong pumasada.
Kaya ang anak niyang si King George I ang naging hari noong 1714.,Kaya ang anak niyang si King George I ang naging hari noong 1714.
"Pero noong Pebrero 2020, inalis na ng Pilipinas ang deployment ban.","Pero noong Pebrero 2020, inalis na ng Pilipinas ang deployment ban."
"Hindi rin nagpahuli ang rising music heartthrob at Lyric and Beat star na si Jeremy G na naglunsad ng kayang bagong single na Sinayang Mo na meron na ngayong 100,000 streams.","Hindi rin nagpahuli ang rising music heartthrob at Lyric and Beat star na si Jeremy G na naglunsad ng kayang bagong single na Sinayang Mo na meron na ngayong 100,000 streams."
"Nagsasagawa nang assessment ang Municipal Disaster Risk Reduction Council sa pinsala sa agrikultura sa Laurel, habang mino-monitor ng Municipal Health Office ang kalusuganng mga residente at agad nangnamamahagi ng mga N95 mask.","Nagsasagawa nang assessment ang Municipal Disaster Risk Reduction Council sa pinsala sa agrikultura sa Laurel, habang mino-monitor ng Municipal Health Office ang kalusuganng mga residente at agad nangnamamahagi ng mga N95 mask."
Nakita ni Ayen ang pagkisay ng ina kaya mabilis niyang sinaklolohan subalit pati siya ay nakuryente na rin.,Nakita ni Ayen ang pagkisay ng ina kaya mabilis niyang sinaklolohan subalit pati siya ay nakuryente na rin.
"Perohindi rin naman sinamahan ni KC (Concepcion) ang ermat niya, at aywan kung alam baniya ang plano noon na umalis.","Perohindi rin naman sinamahan ni KC (Concepcion) ang ermat niya, at aywan kung alam baniya ang plano noon na umalis."
"Masaya raw sina Zion at Kai na kasa-kasama nila ang kanilang “Dada” Sabi nga ni Sarah, sanay na rin naman ang mga anak nila ni Richard na nagba-bonding sila bago mag-lock-in taping ang kanilang tatay dahil gusto rin daw kasi ni Richard na ma-enjoy ang mga anak nila habang lumalaki ang mga ito.","Masaya raw sina Zion at Kai na kasa-kasama nila ang kanilang “Dada” Sabi nga ni Sarah, sanay na rin naman ang mga anak nila ni Richard na nagba-bonding sila bago mag-lock-in taping ang kanilang tatay dahil gusto rin daw kasi ni Richard na ma-enjoy ang mga anak nila habang lumalaki ang mga ito."
"Kinilala ng Guimba Police ang nasawing biktima na si Giftwin Coloma, may-asawa at nakatira sa Barangay Saranay, Guimba.","Kinilala ng Guimba Police ang nasawing biktima na si Giftwin Coloma, may-asawa at nakatira sa Barangay Saranay, Guimba."
"Ang FPJs Batang Quiapo, sa pangunguna ni Coco bilang Tanggol at Lovi Poe bilang Mokang, ay umere noong Peb.","Ang FPJs Batang Quiapo, sa pangunguna ni Coco bilang Tanggol at Lovi Poe bilang Mokang, ay umere noong Peb."
"Tsaka pag happiness ng tao yung concern, binibigay ko yan.","Tsaka pag happiness ng tao yung concern, binibigay ko yan."
"Cawayan, Masbate, Philippines — Duguang bumulagta sa kalsada ang isang 56-anyos na magsasaka matapos pagbabarilin sa harap ng kanyang asawa ng tatlong hindi nakilalang lalaki sa Purok-4, Brgy.Villahermosa.","Cawayan, Masbate, Philippines — Duguang bumulagta sa kalsada ang isang 56-anyos na magsasaka matapos pagbabarilin sa harap ng kanyang asawa ng tatlong hindi nakilalang lalaki sa Purok-4, Brgy.Villahermosa."
Medyo may kalayuan ang kanilang tirahan sa trabaho kayat naglalakad siya sa nasabing panahon.,Medyo may kalayuan ang kanilang tirahan sa trabaho kayat naglalakad siya sa nasabing panahon.
Naglagay rin ng zipper lane o counterflow sa kahabaan ng Commonwealth Avenue para bigyang-daan ang mga sasakyan ng mga opisyal ng gobyerno at mga bisitang pupunta sa complex.,Naglagay rin ng zipper lane o counterflow sa kahabaan ng Commonwealth Avenue para bigyang-daan ang mga sasakyan ng mga opisyal ng gobyerno at mga bisitang pupunta sa complex.
"Ayon kay Bennard Fajardo ng Migrante DC, lumalala ang estado ng ekonomiya ng bansa at nagkukulang ang suporta para sa mga migranteng manggagawa dahil sa maling mga polisiya ng labor export na silang unang itinatag daw ni dating pangulong Ferdinand Marcos Sr.","Ayon kay Bennard Fajardo ng Migrante DC, lumalala ang estado ng ekonomiya ng bansa at nagkukulang ang suporta para sa mga migranteng manggagawa dahil sa maling mga polisiya ng labor export na silang unang itinatag daw ni dating pangulong Ferdinand Marcos Sr."
"Kinastigo naman ng Bayan Muna party-list ang naturang hakbang, lalo nat tila wala raw itong pagkakaiba sa diktadura ni dating Pangulong Ferdinand Marcos Sr ama ni president-elect Ferdinand Marcos Jr.","Kinastigo naman ng Bayan Muna party-list ang naturang hakbang, lalo nat tila wala raw itong pagkakaiba sa diktadura ni dating Pangulong Ferdinand Marcos Sr ama ni president-elect Ferdinand Marcos Jr."
Sugatan naman ang pitong sakay ng tricycle na ginagamot ngayon sa ospital.,Sugatan naman ang pitong sakay ng tricycle na ginagamot ngayon sa ospital.
"Ayon kay Supervising Agent Jonathan Contreras, Executive Officer, NBI-CAVIDO, ginagawa ng suspek ang pang-aabuso kapag wala roon ang asawa nito.","Ayon kay Supervising Agent Jonathan Contreras, Executive Officer, NBI-CAVIDO, ginagawa ng suspek ang pang-aabuso kapag wala roon ang asawa nito."
"At yun ang ginagawa ngayon ni Derek kay Elias, hindi lang natin alam kung ano ang pribado nilang pag-uusap ni Ellen, pero siguradong kasama sa relasyon nila ang pagmamahal na dapat ibigay ni Derek sa anak nila ni John Lloyd.","At yun ang ginagawa ngayon ni Derek kay Elias, hindi lang natin alam kung ano ang pribado nilang pag-uusap ni Ellen, pero siguradong kasama sa relasyon nila ang pagmamahal na dapat ibigay ni Derek sa anak nila ni John Lloyd."
"Hindi natin maikakaila na nang magpa-sexy na rin siya sa kanyang mga pelikula at saka siya nagkaroon ng mas maraming fans, at ngayon ay napupunang pogi pala siya talaga.","Hindi natin maikakaila na nang magpa-sexy na rin siya sa kanyang mga pelikula at saka siya nagkaroon ng mas maraming fans, at ngayon ay napupunang pogi pala siya talaga."
"Ayon sa mga petitioner, nilabag ng ‘Oplan Baklas’ ang kanilang kalayaan sa pagpapahayag at kinuha ang kanilang posters na binili gamit ang sarili nilang pera at inilagay sa pribado nilang pag-aari nang walang pagsang-ayon sa kanila.","Ayon sa mga petitioner, nilabag ng ‘Oplan Baklas’ ang kanilang kalayaan sa pagpapahayag at kinuha ang kanilang posters na binili gamit ang sarili nilang pera at inilagay sa pribado nilang pag-aari nang walang pagsang-ayon sa kanila."
'Kailan ako magkaka-girlfriend?,'Kailan ako magkaka-girlfriend?
Estado na rin daw ang bahalang magbigay ng transportation subsidy para sa mga manggagaling sa probinsya.,Estado na rin daw ang bahalang magbigay ng transportation subsidy para sa mga manggagaling sa probinsya.
"Kilogram na shabu na nagkakahalaga ng P10,200,000, digital weighing scale, celphone na gamit sa pakikipag-transaksyon sa mga parukyano nito gayundin ang buy-bust money.","Kilogram na shabu na nagkakahalaga ng P10,200,000, digital weighing scale, celphone na gamit sa pakikipag-transaksyon sa mga parukyano nito gayundin ang buy-bust money."
"Tuwang-tuwa ang mga ‘galak’ dahil for the first time mayroong isang ‘galak’ na naging Miss Philippines Universe, si Beatrice Luigi Gomez ng Cebu.","Tuwang-tuwa ang mga ‘galak’ dahil for the first time mayroong isang ‘galak’ na naging Miss Philippines Universe, si Beatrice Luigi Gomez ng Cebu."
"Masaya ang mga Blaan sa Barangay Datalblao dahil sa patuloy na peace and development interventions ng SMI, bilang corporate social responsibility program nito, kahit hindi pa man ito nakakapag-mina ng copper sa Tampakan, pahayag ni Columbio Vice Mayor Bai Naila Mamalinta.","Masaya ang mga Blaan sa Barangay Datalblao dahil sa patuloy na peace and development interventions ng SMI, bilang corporate social responsibility program nito, kahit hindi pa man ito nakakapag-mina ng copper sa Tampakan, pahayag ni Columbio Vice Mayor Bai Naila Mamalinta."
"Patungkol sa isyu, ngunit dati nang sinabi ng presidentengwala siyang balak ibalik sa ICC ang Pilipinas.","Patungkol sa isyu, ngunit dati nang sinabi ng presidentengwala siyang balak ibalik sa ICC ang Pilipinas."
"Actually, umabot pa raw siya sa puntong nagbilin na siya sa mister na senador na kung kailangang mamili sa kanila ng panganay nilang anak, ang piliin nito ay ang kanilang baby.","Actually, umabot pa raw siya sa puntong nagbilin na siya sa mister na senador na kung kailangang mamili sa kanila ng panganay nilang anak, ang piliin nito ay ang kanilang baby."
Nakuha sa lugar ang 10 basyo ng bala na nanggaling sa isang.,Nakuha sa lugar ang 10 basyo ng bala na nanggaling sa isang.
"Pero pagdating sa last stop sa Quezon Memorial Circle, umalis na siya at hindi na sumali sa stage para mag-promote.","Pero pagdating sa last stop sa Quezon Memorial Circle, umalis na siya at hindi na sumali sa stage para mag-promote."
Bahagi nga kaya ito ng pre-historic animal at magkano kaya ang magiging halaga nito?,Bahagi nga kaya ito ng pre-historic animal at magkano kaya ang magiging halaga nito?
"Hindi ko kasi naiisip na ako yung nagbibida ngayon, na ganun kalalaki yung binibigay na role sa akin.","Hindi ko kasi naiisip na ako yung nagbibida ngayon, na ganun kalalaki yung binibigay na role sa akin."
Matagal na umanong minamanmanan ng mga operatiba ang mga suspek matapos ang sunud-sunod na reklamo ng mga residente dahil sa talamak nilang pagtutulak ng droga.,Matagal na umanong minamanmanan ng mga operatiba ang mga suspek matapos ang sunud-sunod na reklamo ng mga residente dahil sa talamak nilang pagtutulak ng droga.
Ito ay upang mabawasan ang oras ng paghihintay ng mga pasahero.,Ito ay upang mabawasan ang oras ng paghihintay ng mga pasahero.
"Kahapon, yung report ng AMLC, nilabas din nila na 'yung sinabi ni gunman Escorial ay very accurate.","Kahapon, yung report ng AMLC, nilabas din nila na 'yung sinabi ni gunman Escorial ay very accurate."
Ines sa MPD-SMaRT at tuluyang pinosasan ang dalawang kawatan.,Ines sa MPD-SMaRT at tuluyang pinosasan ang dalawang kawatan.
"Dati naman daw kapag iniimbita siyang mag-guest sa isang show, kaagad na okay at walang dramang itsi-check pa ang script at walang bawal-bawal.","Dati naman daw kapag iniimbita siyang mag-guest sa isang show, kaagad na okay at walang dramang itsi-check pa ang script at walang bawal-bawal."
"Sa bilang na yan, patay na ang 60,684.","Sa bilang na yan, patay na ang 60,684."
"Ito ang ipinaliwanag ni Health Undersecretary Maria Rosario Vergeire, Miyerkules, matapos matanong tungkol sa epekto ng ""waning immunity"" nang marami dahil sa kakaonting bilang ng nagpapa-booster shotlaban sa COVID-19.","Ito ang ipinaliwanag ni Health Undersecretary Maria Rosario Vergeire, Miyerkules, matapos matanong tungkol sa epekto ng ""waning immunity"" nang marami dahil sa kakaonting bilang ng nagpapa-booster shotlaban sa COVID-19."
"Camp VICENTE LIM, Laguna, Philippines — Isang lider ng gunrunning syndicate at kanyang kasama ang naaresto ng mga awtoridad sa magkahiwalay na operasyon sa Cavite, ayon sa pulisya kahapon.","Camp VICENTE LIM, Laguna, Philippines — Isang lider ng gunrunning syndicate at kanyang kasama ang naaresto ng mga awtoridad sa magkahiwalay na operasyon sa Cavite, ayon sa pulisya kahapon."
"Kasi nagtatrabaho ako nang matagal na sa pamilyang ito na mayaman, Forbes Park, parang ganyan, na ako yung nagpalaki sa mga bata.","Kasi nagtatrabaho ako nang matagal na sa pamilyang ito na mayaman, Forbes Park, parang ganyan, na ako yung nagpalaki sa mga bata."
"Laganap ang salot na COVID-19, parang bumalik ang alaala ng Martial Law, dahil nagkaroon ng lockdown.","Laganap ang salot na COVID-19, parang bumalik ang alaala ng Martial Law, dahil nagkaroon ng lockdown."
"Isang 17-8 atake naman ang ginawa ng NLEX para agawin ang 55-54 bentahe bago muling naiwanan sa pagtatapos ng third quarter, 76-77, bagamat nagsalpak ng walong triples.","Isang 17-8 atake naman ang ginawa ng NLEX para agawin ang 55-54 bentahe bago muling naiwanan sa pagtatapos ng third quarter, 76-77, bagamat nagsalpak ng walong triples."
"Payo niya sa mga OFW na isiping mabuti ang lahat ng gagawin at kung may mga hindi kanais-nais at alanganin na gagawin ay dapat pag-isipan nang maraming besesLBG/FRJ, GMA News.","Payo niya sa mga OFW na isiping mabuti ang lahat ng gagawin at kung may mga hindi kanais-nais at alanganin na gagawin ay dapat pag-isipan nang maraming besesLBG/FRJ, GMA News."
"Matatandaang libu-libo ang inilikas sa rehiyon ng Calabarzon matapos huling sumabog ang bulkan noong umabot ito sa Alert Level 4Enero noong nakaraang taon, dahilan din para umabot ang mapanganib na ""ashfall"" hanggang Metro Manila.","Matatandaang libu-libo ang inilikas sa rehiyon ng Calabarzon matapos huling sumabog ang bulkan noong umabot ito sa Alert Level 4Enero noong nakaraang taon, dahilan din para umabot ang mapanganib na ""ashfall"" hanggang Metro Manila."
"Nang magpositibo ang bilihan,dito na dinakma ng pulisya ang mag-ina na nakuhanan ng isang pouch na naglalaman ng nasa6-gramong shabu na nagkakahalaga ng P50,000.","Nang magpositibo ang bilihan,dito na dinakma ng pulisya ang mag-ina na nakuhanan ng isang pouch na naglalaman ng nasa6-gramong shabu na nagkakahalaga ng P50,000."
Maging ang international flights na manggagaling sa Pilipinas ay magtataas na rin subalit kailangan munang hintayin ang desisyon ng CAB sa kanilang petisyon.,Maging ang international flights na manggagaling sa Pilipinas ay magtataas na rin subalit kailangan munang hintayin ang desisyon ng CAB sa kanilang petisyon.
Sinabi ni Garafil na ang AFP ang may pinakamataas na trust rating dahil direktang sangkot ito sa search and rescue operations sa oras ng kalamidad tulad ng bagyo at lindol.,Sinabi ni Garafil na ang AFP ang may pinakamataas na trust rating dahil direktang sangkot ito sa search and rescue operations sa oras ng kalamidad tulad ng bagyo at lindol.
"Halos na kay Jill na ang lahat sa personal na buhay man o trabaho, pero babaliktad ang mundo niya nang madiskubre niya niloloko siya ng kanyang asawa kasama ang isang mas batang babae.","Halos na kay Jill na ang lahat sa personal na buhay man o trabaho, pero babaliktad ang mundo niya nang madiskubre niya niloloko siya ng kanyang asawa kasama ang isang mas batang babae."
Ibinibigay ang booster shots sa mga nakakuha na ng primary series ng COVID-19 vaccines dahil bumababa ang bisa nito habang tumatagal.,Ibinibigay ang booster shots sa mga nakakuha na ng primary series ng COVID-19 vaccines dahil bumababa ang bisa nito habang tumatagal.
"Taos-pusong nagpasalamat si Coco sa walang sawang suporta na ibinibigay ng mga manonood at sabi niyang, Nakakatuwa kasi na-appreciate nila yung pinaghirapan namin.","Taos-pusong nagpasalamat si Coco sa walang sawang suporta na ibinibigay ng mga manonood at sabi niyang, Nakakatuwa kasi na-appreciate nila yung pinaghirapan namin."
Agad namang dinukot ng nanay ang mga barya ngunit ang isa ay nalunok na ng kanyang anak.,Agad namang dinukot ng nanay ang mga barya ngunit ang isa ay nalunok na ng kanyang anak.
"Sa isang panayam, sinabi ni Marcos na nagpahatid siya ng kanyang pakikidalamhati at nangako ng tulong sa pamilya.","Sa isang panayam, sinabi ni Marcos na nagpahatid siya ng kanyang pakikidalamhati at nangako ng tulong sa pamilya."
"From East Coast noong Saturday kung saan nag-show sila sa Newark, New Jersey ay lumipad naman pa-West Coast (Los Angeles, California) sina Sharon Cuneta at Regine Velasquez-Alcasid para mag-show uli.","From East Coast noong Saturday kung saan nag-show sila sa Newark, New Jersey ay lumipad naman pa-West Coast (Los Angeles, California) sina Sharon Cuneta at Regine Velasquez-Alcasid para mag-show uli."
"Nakikiramay tayo sa kanyang pamilya, kaibigan at lahat ng mahal sa buhay, at sa lahat ng mga taga-NBBS Kaunlaran.","Nakikiramay tayo sa kanyang pamilya, kaibigan at lahat ng mahal sa buhay, at sa lahat ng mga taga-NBBS Kaunlaran."
"Magsasalita rin ang mga dating PMC delegate na ngayon ay tanyag nang mga eksperto sa kanilang larangan tulad nina PACE president Mark Lester Chico, ABS-CBN supervising producer EJ Mallari, at reporter Raya Capulong.","Magsasalita rin ang mga dating PMC delegate na ngayon ay tanyag nang mga eksperto sa kanilang larangan tulad nina PACE president Mark Lester Chico, ABS-CBN supervising producer EJ Mallari, at reporter Raya Capulong."
"Ayon sa pulisya, habang nakaupo sa loob ng kanyang bahay ang biktima kasama ang kanyang anak dakong alas-8:40 ng gabi nang biglang pumasok ang hindi nakikilalang lalaki na armado ng di pa batid na kalibre ng baril at nakasuot ng bull cap at jacket na kulay itim.","Ayon sa pulisya, habang nakaupo sa loob ng kanyang bahay ang biktima kasama ang kanyang anak dakong alas-8:40 ng gabi nang biglang pumasok ang hindi nakikilalang lalaki na armado ng di pa batid na kalibre ng baril at nakasuot ng bull cap at jacket na kulay itim."
"Ang eleksyon din umano ang paraan para mapalitan na ang mga tiwali, mga walang ginagawa sa posisyon, at walang maipakitang performance sa pamahalaan.","Ang eleksyon din umano ang paraan para mapalitan na ang mga tiwali, mga walang ginagawa sa posisyon, at walang maipakitang performance sa pamahalaan."
May edad na ngayon ang sexy starlet na sa tantiya namin ngayon ay mga 50 na rin o baka higit pa.,May edad na ngayon ang sexy starlet na sa tantiya namin ngayon ay mga 50 na rin o baka higit pa.
"Bukod sa posibilidad ng pagkaimpeksiyon, wala ring budget si Jun para magpatuli dahil hindi magagawa sa karaniwang tuli ang mga ari na may phimosis.","Bukod sa posibilidad ng pagkaimpeksiyon, wala ring budget si Jun para magpatuli dahil hindi magagawa sa karaniwang tuli ang mga ari na may phimosis."
Ang panukala na isailalim ang NCR sa Alert Level 1 ay dahil sa patuloy na pagbaba ng bilang ng mga kaso ng COVID-19.,Ang panukala na isailalim ang NCR sa Alert Level 1 ay dahil sa patuloy na pagbaba ng bilang ng mga kaso ng COVID-19.
"Kung tatanggi at mamimili ng ibang brand, posibleng pabalikin sa dulo ng pila ang sinuman, dagdag ni Cabotaje.","Kung tatanggi at mamimili ng ibang brand, posibleng pabalikin sa dulo ng pila ang sinuman, dagdag ni Cabotaje."
"Ang naitalang daily cases sa nakaraang linggo na nag-average rin ng 17,124, ay mahigit sa doble ng 6.500.","Ang naitalang daily cases sa nakaraang linggo na nag-average rin ng 17,124, ay mahigit sa doble ng 6.500."
"Sa halip daw kasi na preno, silenyador ang naapakan ng driver habang ipinaparada nito ang SUV.","Sa halip daw kasi na preno, silenyador ang naapakan ng driver habang ipinaparada nito ang SUV."
"Habang nag-a-adjust sa buhay may-asawa noong 2015, nabanggit ni Toni ang “biggest surprise” sa pagtalikod niya sa pagiging single, Dun ako na-surprise.","Habang nag-a-adjust sa buhay may-asawa noong 2015, nabanggit ni Toni ang “biggest surprise” sa pagtalikod niya sa pagiging single, Dun ako na-surprise."
Subalit naghinalaang courier sa laman ng kahon kaya pagdating nito sa checkpoint ay kusa nitong pinabuksan ang laman ng kahon sa mga pulis na bantay at doon tumambad sa kanila ang dalawang kahon ng marijuana.,Subalit naghinalaang courier sa laman ng kahon kaya pagdating nito sa checkpoint ay kusa nitong pinabuksan ang laman ng kahon sa mga pulis na bantay at doon tumambad sa kanila ang dalawang kahon ng marijuana.
"Ginawa ni Go ang pahayag matapos ang ambush interview sa kanya nang personal niyang bisitahin ang mga medical frontliners sa Cotabato Regional and Medical Center, Cotabato City noong Biyernes.","Ginawa ni Go ang pahayag matapos ang ambush interview sa kanya nang personal niyang bisitahin ang mga medical frontliners sa Cotabato Regional and Medical Center, Cotabato City noong Biyernes."
Ang pinakamalala na Ebola outbreak na nangyari sa Uganda ay noong 2000.,Ang pinakamalala na Ebola outbreak na nangyari sa Uganda ay noong 2000.
"Sinunod ko yon, ayon sa kaniya.","Sinunod ko yon, ayon sa kaniya."
"Napuruhan ng punglo sa ibat-ibang bahagi ng katawan ang biktimang si Noe Conjito Conje habang kasalukuyang ginagamot sa Cawayan District Hospital ang si Anna Marie Conje Dejito, 23, pawang residente ng barangay.","Napuruhan ng punglo sa ibat-ibang bahagi ng katawan ang biktimang si Noe Conjito Conje habang kasalukuyang ginagamot sa Cawayan District Hospital ang si Anna Marie Conje Dejito, 23, pawang residente ng barangay."
Walang ilangan at nag-uusap kami kung anong gagawin sa scene.,Walang ilangan at nag-uusap kami kung anong gagawin sa scene.
Masaya si Rio Olympics silver medalist Hidilyn Diaz sa pag-usbong ng mga bagong talento sa weightlifting.,Masaya si Rio Olympics silver medalist Hidilyn Diaz sa pag-usbong ng mga bagong talento sa weightlifting.
"Replica lamang din umano ang ginamit niyang baril sa panghoholdap, na itinapon na niya.","Replica lamang din umano ang ginamit niyang baril sa panghoholdap, na itinapon na niya."
"Paliwanag ng ichthyologist na si Kent Sorgon ng Institute of Biological Sciences sa University of the Philippines Los Baños, hindi native sa Pilipinas ang janitor fish at mabilis itong dumami dahil walang ibang isda na kumakain dito.","Paliwanag ng ichthyologist na si Kent Sorgon ng Institute of Biological Sciences sa University of the Philippines Los Baños, hindi native sa Pilipinas ang janitor fish at mabilis itong dumami dahil walang ibang isda na kumakain dito."
May nagtanong pa nga sa kanya kung handa na ba siyang ma-in love uli.,May nagtanong pa nga sa kanya kung handa na ba siyang ma-in love uli.
Tunghayan sa GMA Pinoy TV ang pagdating ng primetime series na First Yaya na pagbibidahan nina Gabby Concepcion at Sanya Lopez; at I Can See You: On My Way To You nina Ruru Madrid at Shaira Diaz.,Tunghayan sa GMA Pinoy TV ang pagdating ng primetime series na First Yaya na pagbibidahan nina Gabby Concepcion at Sanya Lopez; at I Can See You: On My Way To You nina Ruru Madrid at Shaira Diaz.
"Bukod sa 58 containers, sinuri din ng BOC ang dalawang containers ng squid rings na may lamang ibat ibang frozen meat products na nagkakahalaga ng P40 milyon.","Bukod sa 58 containers, sinuri din ng BOC ang dalawang containers ng squid rings na may lamang ibat ibang frozen meat products na nagkakahalaga ng P40 milyon."
"Worst is, may anak kayo, ang buong comment ng netizen.","Worst is, may anak kayo, ang buong comment ng netizen."
"Sa mediacon ni Matteo sa pagiging Kapuso niya, panay ang tanong nito sa press kung manonood ba, kaya lang, wala yatang complimentary ticket na ipinamigay ang Viva Live, kaya “sana may tiket” ang sagot ng press kay Matteo.","Sa mediacon ni Matteo sa pagiging Kapuso niya, panay ang tanong nito sa press kung manonood ba, kaya lang, wala yatang complimentary ticket na ipinamigay ang Viva Live, kaya “sana may tiket” ang sagot ng press kay Matteo."
"Kung ang ating magiging pananaw sa buhay ay tulad ng naging pagtingin ng mga Apostol, talagang lalo lamang tayong malulugmok sa problema sa halip na makaahon.","Kung ang ating magiging pananaw sa buhay ay tulad ng naging pagtingin ng mga Apostol, talagang lalo lamang tayong malulugmok sa problema sa halip na makaahon."
"Dito nagsagawa ng manu-manong pagsusuri ang Office of the Senior Citizen Affairs (OSCA) sa kanilang listahan kung saan nadiskubre na 24,700 sa mga pangalang nasa talaan ay mga ‘non-existent’.","Dito nagsagawa ng manu-manong pagsusuri ang Office of the Senior Citizen Affairs (OSCA) sa kanilang listahan kung saan nadiskubre na 24,700 sa mga pangalang nasa talaan ay mga ‘non-existent’."
Iginiit ng Senate President na malaki ang respeto ng bansa sa press freedom kaya kailangang tumulong ang media para mapaganda ang imahe nito dulot na rin ng nasabing kaso.,Iginiit ng Senate President na malaki ang respeto ng bansa sa press freedom kaya kailangang tumulong ang media para mapaganda ang imahe nito dulot na rin ng nasabing kaso.
Hindi ako naniniwala na hindi lalaban si Kris Aquino para gumaling siya sa kanyang sakit.,Hindi ako naniniwala na hindi lalaban si Kris Aquino para gumaling siya sa kanyang sakit.
"Sa kabila nito, wala pa namang mapaminsalang tsumani threat kaugnay ng naturang paglindol batay sa available na datos mula sa Phivolcs.","Sa kabila nito, wala pa namang mapaminsalang tsumani threat kaugnay ng naturang paglindol batay sa available na datos mula sa Phivolcs."
Bago mawalan ng prangkisa ang ABS-CBN noong 2020 ay nakatanggap si Angeline Quinto ng mga alok na gumawa ng proyekto sa ibang TV network.,Bago mawalan ng prangkisa ang ABS-CBN noong 2020 ay nakatanggap si Angeline Quinto ng mga alok na gumawa ng proyekto sa ibang TV network.
Ito ay para bigyang-daan ang mga provincial buses sa inaasahang pagdagsa ng mga pasaherong pupunta sa mga probinsya para sa holiday season at matiyak ang kaginhawahanng mga mananakay.,Ito ay para bigyang-daan ang mga provincial buses sa inaasahang pagdagsa ng mga pasaherong pupunta sa mga probinsya para sa holiday season at matiyak ang kaginhawahanng mga mananakay.
"Lahat nung time na nangyari yun, parang hindi siya totoo.","Lahat nung time na nangyari yun, parang hindi siya totoo."
"‘Yung mga mukhang mababait, hindi n’yo alam,” makahulugang pahayag ni Karina.","‘Yung mga mukhang mababait, hindi n’yo alam,” makahulugang pahayag ni Karina."
"Si Carmina ay masasabi ngang ulilang lubos na sa kanyang mga magulang, nauna nang namatay ang ermat niya matagal na rin.","Si Carmina ay masasabi ngang ulilang lubos na sa kanyang mga magulang, nauna nang namatay ang ermat niya matagal na rin."
"Hindi lang kami nagkasundo sa bayarin sa kanya, at hindi ko rin po siya pinagnakawan, ayon sa suspek.","Hindi lang kami nagkasundo sa bayarin sa kanya, at hindi ko rin po siya pinagnakawan, ayon sa suspek."
Mahigit dalawang taon na raw sinusubukan nina Robson at ng Asia Center na damihan ang edukasyon patungkol sa Timogsilangang Asya sa Harvard.,Mahigit dalawang taon na raw sinusubukan nina Robson at ng Asia Center na damihan ang edukasyon patungkol sa Timogsilangang Asya sa Harvard.
"Base sa record, ang nasabing AUV napag-aari ng isang Jeanet Gisalan ay naiulat na kinarnap sa Scout Borromeo st.","Base sa record, ang nasabing AUV napag-aari ng isang Jeanet Gisalan ay naiulat na kinarnap sa Scout Borromeo st."
"Aniya, wala pa raw kasing kongretong depenisyon kung kailan nagiging ""surge"" ang case increases.","Aniya, wala pa raw kasing kongretong depenisyon kung kailan nagiging ""surge"" ang case increases."
"Isa rin itong pagtupad sa pangarap ng kanyang namayapang kapatid na si Albert Vicente. Si Albert ay matalik kong kaibigan, kaya ko nakilala si Jan.","Isa rin itong pagtupad sa pangarap ng kanyang namayapang kapatid na si Albert Vicente. Si Albert ay matalik kong kaibigan, kaya ko nakilala si Jan."
"Una nang ipinanawagan ng Anakpawis party-list kay Digong na ideklara ang isang regular holiday sa Lunes, lalo nat panghihinayangan pa raw ng mga manggagawa na bumoto dahil sa mawawalang sahod.","Una nang ipinanawagan ng Anakpawis party-list kay Digong na ideklara ang isang regular holiday sa Lunes, lalo nat panghihinayangan pa raw ng mga manggagawa na bumoto dahil sa mawawalang sahod."
Nagpapasalamat na lang ang Kapamilya actress na matutuloy na rin ang pagiging super hero niya.,Nagpapasalamat na lang ang Kapamilya actress na matutuloy na rin ang pagiging super hero niya.
"Gayunpaman, iimbestigahan muna raw nila ang nangyari at aalamin ang dahilan kung bakit ito pinayagan.","Gayunpaman, iimbestigahan muna raw nila ang nangyari at aalamin ang dahilan kung bakit ito pinayagan."
"Noong 2019 MMFF, maaga rin kami sa nasabing lugar at ang haba na ng pila, pero kahapon, hindi ganoon ka-impressive ang pila, huh!","Noong 2019 MMFF, maaga rin kami sa nasabing lugar at ang haba na ng pila, pero kahapon, hindi ganoon ka-impressive ang pila, huh!"
Ilang alagad ng batas din ang umanoy nabigo na sumunod sa protocols kabilang ang koordinasyon sa ibang ahensya at tamang pagproseso sa ‘crime scene’.,Ilang alagad ng batas din ang umanoy nabigo na sumunod sa protocols kabilang ang koordinasyon sa ibang ahensya at tamang pagproseso sa ‘crime scene’.
"Sa ulat ng Palanan Police Sub-station ng Makati City Police Station, dakong ala-1 ng hapon kamakalawa nang maaresto ang dalawang suspek sa Bagtikan St.","Sa ulat ng Palanan Police Sub-station ng Makati City Police Station, dakong ala-1 ng hapon kamakalawa nang maaresto ang dalawang suspek sa Bagtikan St."
"Kapuna-puna ang itinaas ng bilang ng na-cremate na umakyat sa 405 sa buwan ng Marso ngayong taon, habang noong Enero ay nasa 46 lamang at Pebrero na 63, na may kabuuang 514.","Kapuna-puna ang itinaas ng bilang ng na-cremate na umakyat sa 405 sa buwan ng Marso ngayong taon, habang noong Enero ay nasa 46 lamang at Pebrero na 63, na may kabuuang 514."
Ayon kay Dela Rosa na hinangad ng mga gumawa ng konstitusyon na magkaroon ng partylist system para maging malawak ang representasyon ng taumbayan sa kongreso subalit naabuso at sinamantala na ito sa mga nakalipas na taon.,Ayon kay Dela Rosa na hinangad ng mga gumawa ng konstitusyon na magkaroon ng partylist system para maging malawak ang representasyon ng taumbayan sa kongreso subalit naabuso at sinamantala na ito sa mga nakalipas na taon.
Kailangan ang mga karagdagang check-up lalo na sa kanyang paningin dahil nga sa diumanoy pambubugbog kanya dahil daw sa selos.,Kailangan ang mga karagdagang check-up lalo na sa kanyang paningin dahil nga sa diumanoy pambubugbog kanya dahil daw sa selos.
"So tulungan is the key, dapat talagang tulong-tulong sa pagsulong.","So tulungan is the key, dapat talagang tulong-tulong sa pagsulong."
"Ang tingin kasi nila sa akin, for how many competition na na nagawa ko, ang total ko is 214 kg lang, 215, 212 at hindi nila nakita yung best ko.","Ang tingin kasi nila sa akin, for how many competition na na nagawa ko, ang total ko is 214 kg lang, 215, 212 at hindi nila nakita yung best ko."
Napabilis ang pagbaba ng hatol para sa pangalawang batch ng kanilang mga kaso matapos silang sumailalim sa plea-bargaining agreement.,Napabilis ang pagbaba ng hatol para sa pangalawang batch ng kanilang mga kaso matapos silang sumailalim sa plea-bargaining agreement.
Ang Taguig City stay-at-home food packs ay kumpletong magbibigay ng supply ng tatlo hanggang limang araw para sa pamilyang may limang miyembro.,Ang Taguig City stay-at-home food packs ay kumpletong magbibigay ng supply ng tatlo hanggang limang araw para sa pamilyang may limang miyembro.
"Ayon sa multi-awarded career law enforcement officer, nasa top 12 na siya sa survey at maspinalakas pa ito ng pag-endorso ng INC sa mga kaalyado, kaibigan, at mga tagasuporta sa ibat ibang bahagi ng bansa.","Ayon sa multi-awarded career law enforcement officer, nasa top 12 na siya sa survey at maspinalakas pa ito ng pag-endorso ng INC sa mga kaalyado, kaibigan, at mga tagasuporta sa ibat ibang bahagi ng bansa."
Pero meron din namang nagtanggol kay AJ at pinayuhan siyang dont mind them dahil nang-aasar lang talaga ang mga ito.,Pero meron din namang nagtanggol kay AJ at pinayuhan siyang dont mind them dahil nang-aasar lang talaga ang mga ito.
Dun na niya nakita sa islang yun ang kanyang kapalaran.,Dun na niya nakita sa islang yun ang kanyang kapalaran.
"Napakaraming naibabato pabalik sa kanya, kinukunsensiya siya ng mga personalidad na nakatrabaho niya sa Siyete, ano raw ba ang gusto niyang palabasin?","Napakaraming naibabato pabalik sa kanya, kinukunsensiya siya ng mga personalidad na nakatrabaho niya sa Siyete, ano raw ba ang gusto niyang palabasin?"
Magugunita na may mga pagkakataon na hinaharang ng Chinese Coast Guard maging ang civilian re-supply vessel na patungo sa Ayungin Shoal.,Magugunita na may mga pagkakataon na hinaharang ng Chinese Coast Guard maging ang civilian re-supply vessel na patungo sa Ayungin Shoal.
Isang matinding kalaban ang nakaharap ng Philippine sports sa taong 2020.,Isang matinding kalaban ang nakaharap ng Philippine sports sa taong 2020.
"Layunin din ng proyekto na maghatid ng mga benepisyo sa mga estudyante at lokal na komunidad sa susunod na 20 taon, at may malaking epekto sa 1,000 mag-aaral sa unang 5-taon lamang.","Layunin din ng proyekto na maghatid ng mga benepisyo sa mga estudyante at lokal na komunidad sa susunod na 20 taon, at may malaking epekto sa 1,000 mag-aaral sa unang 5-taon lamang."
Papalitan ni Veloso sa posisyon si Rolando Macasaet ang kasalukuyang GSIS president.,Papalitan ni Veloso sa posisyon si Rolando Macasaet ang kasalukuyang GSIS president.
Si Anwar ang unang pinuno ng pamahalaan na bibisita sa Pilipinas sa ilalim ng administrasyong Marcos.,Si Anwar ang unang pinuno ng pamahalaan na bibisita sa Pilipinas sa ilalim ng administrasyong Marcos.
Lasing daw ang suspek nang pumunta sa kanila at nag-trip umano itong manggulo.,Lasing daw ang suspek nang pumunta sa kanila at nag-trip umano itong manggulo.
"So, if you can send help not only to Cebu but those areas hit by the typhoon so badly in Visayas and in Mindanao, if you have a little more than you actually need, please send help, patuloy niya na nabanggit din na nasa bansa ang anak nila ni vice presidentiable Kiko Pangilinan na si Frankie mula sa US at nag-aalala rin siya dahil nagkakaroon ngayon ng pagtaas uli ng COVID cases sa New York.","So, if you can send help not only to Cebu but those areas hit by the typhoon so badly in Visayas and in Mindanao, if you have a little more than you actually need, please send help, patuloy niya na nabanggit din na nasa bansa ang anak nila ni vice presidentiable Kiko Pangilinan na si Frankie mula sa US at nag-aalala rin siya dahil nagkakaroon ngayon ng pagtaas uli ng COVID cases sa New York."
"Tunghayan ang buong report sa video na ito ng ""Brigada"" at alamin ang iba pang insekto na nagiging pagkain na rin ng tao.","Tunghayan ang buong report sa video na ito ng ""Brigada"" at alamin ang iba pang insekto na nagiging pagkain na rin ng tao."
"Ramdam na ramdam din ng mga ito ang kawalan niya ng respeto, naghahamon siya ng away, hindi nga naman makagaganda sa imahe ng network na may isang artista silang kapos sa respeto.","Ramdam na ramdam din ng mga ito ang kawalan niya ng respeto, naghahamon siya ng away, hindi nga naman makagaganda sa imahe ng network na may isang artista silang kapos sa respeto."
"Nagbukas ito nung nakaraang Biyernes, June 10, sa FDCP Cinematheque Centre Manila na kung sana ipinalabas ang opening film na Lingua Franca ni Isabel Sandoval.","Nagbukas ito nung nakaraang Biyernes, June 10, sa FDCP Cinematheque Centre Manila na kung sana ipinalabas ang opening film na Lingua Franca ni Isabel Sandoval."
Pinayuhan nito ang publiko at ang mga kinauukulang disaster risk reduction and management offices na magsagawa ng mga kinakailangang pag-iingat upang protektahan ang buhay at ari-arian.,Pinayuhan nito ang publiko at ang mga kinauukulang disaster risk reduction and management offices na magsagawa ng mga kinakailangang pag-iingat upang protektahan ang buhay at ari-arian.
"Matatandaang si Richard din ang naging Mayor ng Ormoc, Leyte nitong mga nakaraang taon.","Matatandaang si Richard din ang naging Mayor ng Ormoc, Leyte nitong mga nakaraang taon."
"Nangyayari ito matapos makahuli ng illegal Chinese vessel sa Bataan nitong Miyerkules, ""angkinin"" ng Tsina ang ilang bahagi ng West Philippine Sea at ibasura ng gobyerno ang UP-DND Accord — bagay na ginawa raw laban sa ""CPP-NPA recruitment"" sa Unibersidad ng Pilipinas.","Nangyayari ito matapos makahuli ng illegal Chinese vessel sa Bataan nitong Miyerkules, ""angkinin"" ng Tsina ang ilang bahagi ng West Philippine Sea at ibasura ng gobyerno ang UP-DND Accord — bagay na ginawa raw laban sa ""CPP-NPA recruitment"" sa Unibersidad ng Pilipinas."
"Ang nuclear energy na sinubukang buuin ng kanyang ama, lalo nat hindi raw ""infinite"" ang suplay ng langis.","Ang nuclear energy na sinubukang buuin ng kanyang ama, lalo nat hindi raw ""infinite"" ang suplay ng langis."
"Sa mga pamilyang ""mahirap"" ang tingin sa sarili nitong Disyembre, ipinakita ng SWS na 2 milyon dito ang bago lang habang 5.2.","Sa mga pamilyang ""mahirap"" ang tingin sa sarili nitong Disyembre, ipinakita ng SWS na 2 milyon dito ang bago lang habang 5.2."
"Ayon kay Pagulayan, isinantabi ang pagsasara sa kompanya nang pumayag na magpa-audit ang Megaworld kayat binubusisi na ngayon gn BIR ang mga dokumento nito.","Ayon kay Pagulayan, isinantabi ang pagsasara sa kompanya nang pumayag na magpa-audit ang Megaworld kayat binubusisi na ngayon gn BIR ang mga dokumento nito."
Nasa maayos na kalagayan ang magkakapatid.,Nasa maayos na kalagayan ang magkakapatid.
"Ng warrant of arrest ang otoridad sa mga ito sa salang murder at attempted murder,subalit nagpaputok ang mga ito.","Ng warrant of arrest ang otoridad sa mga ito sa salang murder at attempted murder,subalit nagpaputok ang mga ito."
"Paniwala ng mga mananaliklsik, mahihikayat nito ang marami pang kabataang Pilipino na magtrabaho sa larangan ng agham, at para na rin maitaguyod ang pagtatanggol ng likas-yaman ng bansa.","Paniwala ng mga mananaliklsik, mahihikayat nito ang marami pang kabataang Pilipino na magtrabaho sa larangan ng agham, at para na rin maitaguyod ang pagtatanggol ng likas-yaman ng bansa."
"Kinahiligan din niya ang panonood nang magdamag sa anime show na ""Naruto,"" na dilaw rin ang kulay ng buhok ng bida.","Kinahiligan din niya ang panonood nang magdamag sa anime show na ""Naruto,"" na dilaw rin ang kulay ng buhok ng bida."
"Kaugnay nito, pinaalalahanan ng BFAR ang publiko na lahat ng uri ng shellfish at acetes, o alamang, na nakokolekta mula sa naturang mga lugar ay hindi ligtas na kainin.","Kaugnay nito, pinaalalahanan ng BFAR ang publiko na lahat ng uri ng shellfish at acetes, o alamang, na nakokolekta mula sa naturang mga lugar ay hindi ligtas na kainin."
Pinagsabihan ni Bravo sina MMDA Task Force Special Operations and Anti-Colorum Unit head Bong Nebrija at mga kasama na huwag galawin ang car wash at siya na ang kusang mag-aalis nito.Nagkaroon.,Pinagsabihan ni Bravo sina MMDA Task Force Special Operations and Anti-Colorum Unit head Bong Nebrija at mga kasama na huwag galawin ang car wash at siya na ang kusang mag-aalis nito.Nagkaroon.
"Hinimok naman ni Communist Party of the Philippines (CPP) chief information officer Marco Valbuena si Digong na ""enjoyin"" ang ika-77 birthday ngayong araw — posibleng ito na raw kasi ang huli ""bago siya ikulong"" dahil sa mga isyu ng extrajudicial killings at paglabag sa karapatang pantao.","Hinimok naman ni Communist Party of the Philippines (CPP) chief information officer Marco Valbuena si Digong na ""enjoyin"" ang ika-77 birthday ngayong araw — posibleng ito na raw kasi ang huli ""bago siya ikulong"" dahil sa mga isyu ng extrajudicial killings at paglabag sa karapatang pantao."
"At sure ako na pag binigyan ni Ben Chan ng dinner si Hyun Bin, invited sila ni Dingdong, at doon niya makikita na hoy, mas pogi si Dingdong noh, at mas maganda si Marian kay Son Ye-jin noh!","At sure ako na pag binigyan ni Ben Chan ng dinner si Hyun Bin, invited sila ni Dingdong, at doon niya makikita na hoy, mas pogi si Dingdong noh, at mas maganda si Marian kay Son Ye-jin noh!"
"For that, promise Papa Miguel, fan mo na ako forever, hindi na kita puwedeng palitan sa buhay ko, talagang nandiyan ka na, at hindi mo na rin ako puwedeng burahin, dahil nauna ako kay Mama Millet, hah hah hah.","For that, promise Papa Miguel, fan mo na ako forever, hindi na kita puwedeng palitan sa buhay ko, talagang nandiyan ka na, at hindi mo na rin ako puwedeng burahin, dahil nauna ako kay Mama Millet, hah hah hah."
"May hinatid po ako, pauwi na ako o kaya ay papunta sa isang lugar,ayon pa kay Eleazar.","May hinatid po ako, pauwi na ako o kaya ay papunta sa isang lugar,ayon pa kay Eleazar."
"Dagdag ng gobernador, ginagawa na rin ngayon ng Sangguniang Panlalawigan ang ordinansa hinggil sa overloading at quarrying.","Dagdag ng gobernador, ginagawa na rin ngayon ng Sangguniang Panlalawigan ang ordinansa hinggil sa overloading at quarrying."
Tinapos na nga ng aktor sa pamamagitan ng Instagram post niyang magkasama sila ng kanyang asawa.,Tinapos na nga ng aktor sa pamamagitan ng Instagram post niyang magkasama sila ng kanyang asawa.
"Ayon sa madre, wala itong katotohanan sapagkat nito lamang Mayo at Hunyo ay isinagawa ang unang batch ng bakuna sa RVM sisters at sinundan din ito ng ikalawang batch nitong Hulyo.","Ayon sa madre, wala itong katotohanan sapagkat nito lamang Mayo at Hunyo ay isinagawa ang unang batch ng bakuna sa RVM sisters at sinundan din ito ng ikalawang batch nitong Hulyo."
Iginiit ng TNT/Abante na hindi imbento at kathang-isip lang sumulat ang nasabing istorya kung kayat walang basehan at kabastusan ang ginawang pagtanggal dito sa internet ng nagpapakilalang fact-checker.,Iginiit ng TNT/Abante na hindi imbento at kathang-isip lang sumulat ang nasabing istorya kung kayat walang basehan at kabastusan ang ginawang pagtanggal dito sa internet ng nagpapakilalang fact-checker.
Ito ‘yung batas dito sa Indonesia kaya’t kailangan natin ipagpatupad ‘yan.,Ito ‘yung batas dito sa Indonesia kaya’t kailangan natin ipagpatupad ‘yan.
"Modus ng grupo na buhusan ng palihim ng toyo o oyster sauce ang damit ng biktima, at habang tinutulungan kunyari ng isang miyembro ng grupo, sasamantalahin ng ibang miyembro ng grupo ang pagkakataon para dukutan ang biktima.","Modus ng grupo na buhusan ng palihim ng toyo o oyster sauce ang damit ng biktima, at habang tinutulungan kunyari ng isang miyembro ng grupo, sasamantalahin ng ibang miyembro ng grupo ang pagkakataon para dukutan ang biktima."
"Nagkapikunan umano habang naglalaro ang koponan ng Barangay Osmena at JP Laurel, na nauwi sa suntukan.","Nagkapikunan umano habang naglalaro ang koponan ng Barangay Osmena at JP Laurel, na nauwi sa suntukan."
"Nawasak din ang unahang bahagi ng van, maging ang bus.","Nawasak din ang unahang bahagi ng van, maging ang bus."
"Ayon kay Duterte, kabilang sa binisita niya ang bata sa ospital na nag-iisa na lamang dahil namatay ang mga magulang at mga kapatid nito.","Ayon kay Duterte, kabilang sa binisita niya ang bata sa ospital na nag-iisa na lamang dahil namatay ang mga magulang at mga kapatid nito."
"Ngayon, kung subukan ninyo ayaw ninyo ng bakuna, anti-rabies marami akong stock diyan ngayon.","Ngayon, kung subukan ninyo ayaw ninyo ng bakuna, anti-rabies marami akong stock diyan ngayon."
"Kaya sa gabi, kailangan nilang gumamit ng gasera kapag may kailangang gawin sa pag-aaral.","Kaya sa gabi, kailangan nilang gumamit ng gasera kapag may kailangang gawin sa pag-aaral."
"Darating din ang panahon na magkaka-edad tayo, kapag retiro ko sa overseas ay at least may pagkakakitaan talagang napakalaki ng kita ng nagka-calamansi habang nandun pa ako sa abroad pinapa-establish ko to sa wife ko, saad niya.","Darating din ang panahon na magkaka-edad tayo, kapag retiro ko sa overseas ay at least may pagkakakitaan talagang napakalaki ng kita ng nagka-calamansi habang nandun pa ako sa abroad pinapa-establish ko to sa wife ko, saad niya."
"Nalungkot si Danita na hindi niya ito matutuloy dahil natatakot siya sa tumataas na COVID cases, at may mga kasama raw siya sa bahay na maaring mahawa kaya nakiusap siya sa production na hindi muna siya tutuloy sa taping nito.","Nalungkot si Danita na hindi niya ito matutuloy dahil natatakot siya sa tumataas na COVID cases, at may mga kasama raw siya sa bahay na maaring mahawa kaya nakiusap siya sa production na hindi muna siya tutuloy sa taping nito."
Idinagdag pa ng senador na ang tatlong dekada nang Labor Code ay kailangang makasabay sa mga pangangailangan at hamon ng kasalukuyang panahon.,Idinagdag pa ng senador na ang tatlong dekada nang Labor Code ay kailangang makasabay sa mga pangangailangan at hamon ng kasalukuyang panahon.
"Sabi nga niya, bukas naman daw siya sa posibilidad na ma-in love uli pero base sa mga natutunan niya sa nakaraang relasyon, napagtanto niyang kailangang mahalin daw niya muna ang sarili niya.","Sabi nga niya, bukas naman daw siya sa posibilidad na ma-in love uli pero base sa mga natutunan niya sa nakaraang relasyon, napagtanto niyang kailangang mahalin daw niya muna ang sarili niya."
"Mayroon din po sa specific areas na hindi gagana po ang signal dahil mayroon tayong jammer, pahayag ni National Capital Region Police Office (NCRPO) chief Police Major General Vicente Danao Jr.","Mayroon din po sa specific areas na hindi gagana po ang signal dahil mayroon tayong jammer, pahayag ni National Capital Region Police Office (NCRPO) chief Police Major General Vicente Danao Jr."
Ngunit parehong inilipat ang FIBA Asia Cup at SEA Games sa susunod na taon dahil sa coronavirus disease (COVID-19) surge sa mga naturang host countries.,Ngunit parehong inilipat ang FIBA Asia Cup at SEA Games sa susunod na taon dahil sa coronavirus disease (COVID-19) surge sa mga naturang host countries.
"Naitala rin ang apat na bagong kaso ng delta sa Central Visayas, dalawa sa Davao Region, and one each in Zamboanga Peninsula, Cagayan Valley, at Ilocos Region at lahat naman ng kaso ay pawang nakarekober.","Naitala rin ang apat na bagong kaso ng delta sa Central Visayas, dalawa sa Davao Region, and one each in Zamboanga Peninsula, Cagayan Valley, at Ilocos Region at lahat naman ng kaso ay pawang nakarekober."
"Ayon kay Abalos, mahaharap sa multa ang mga lalabag sa patakaran.","Ayon kay Abalos, mahaharap sa multa ang mga lalabag sa patakaran."
"Gusto rin ni Yorme na siya ang personal na magpaabot kay Ate Vi ng balita na ang sangguniang panlungsod ng Maynila sa pangunguna ni Vice Mayor Honey Lacuna, at ang mga konsehal ng lungsod ay nagpalabas ng isang resolusyon na nag-eendorso kay Ate Vi bilang National Artist. Hindi karaniwan sa isang konseho na magpalabas ng ganyang endorsement, dahil iyan ay karaniwang iniiwan na lang nila sa desisyon ng NCCA at CCP na siyang gumagawa talaga ng nominasyon.","Gusto rin ni Yorme na siya ang personal na magpaabot kay Ate Vi ng balita na ang sangguniang panlungsod ng Maynila sa pangunguna ni Vice Mayor Honey Lacuna, at ang mga konsehal ng lungsod ay nagpalabas ng isang resolusyon na nag-eendorso kay Ate Vi bilang National Artist. Hindi karaniwan sa isang konseho na magpalabas ng ganyang endorsement, dahil iyan ay karaniwang iniiwan na lang nila sa desisyon ng NCCA at CCP na siyang gumagawa talaga ng nominasyon."
"Wala siyang itinatago, sinasabi niya ang totoo, ano pa nga naman ang bubusisiin sa kanya kung ganun na siya na mismo ang umaamin?","Wala siyang itinatago, sinasabi niya ang totoo, ano pa nga naman ang bubusisiin sa kanya kung ganun na siya na mismo ang umaamin?"
"Kalaunan, pumanaw si Lola Merlyn, habang patay patay rin ang ahas na nakatuklaw sa kaniya.","Kalaunan, pumanaw si Lola Merlyn, habang patay patay rin ang ahas na nakatuklaw sa kaniya."
Ngayong araw ay may zoom interview kami kay K kaya malalaman natin ang buong detalye ng nanloko sa kanyang contractor at kung anong nararamdaman niya ngayong officially ay may new home na ang anak niyang si Crystal kasama ang partner nito : Weve been dreaming of living together since weve started loving each other.,Ngayong araw ay may zoom interview kami kay K kaya malalaman natin ang buong detalye ng nanloko sa kanyang contractor at kung anong nararamdaman niya ngayong officially ay may new home na ang anak niyang si Crystal kasama ang partner nito : Weve been dreaming of living together since weve started loving each other.
"Ayon sa mga scientist, karaniwang nangyayari ang pamemeste ng mga bubuwit na isang beses sa bawat dekada.","Ayon sa mga scientist, karaniwang nangyayari ang pamemeste ng mga bubuwit na isang beses sa bawat dekada."
"Ayon sa ulat ni Jonathan Andal sa Unang Balita nitong Huwebes, hindi bababa sa siyam na saksak ang tinamo ng biktimang si Edgardo Manggay, na duguang lumabas ng tindahan at pumara ng tricycle para magpadala sa ospital.","Ayon sa ulat ni Jonathan Andal sa Unang Balita nitong Huwebes, hindi bababa sa siyam na saksak ang tinamo ng biktimang si Edgardo Manggay, na duguang lumabas ng tindahan at pumara ng tricycle para magpadala sa ospital."
"Kuwento ni Mang Virgilio, namamaos daw siya at inuubo kapag uminom siya ng tubig.","Kuwento ni Mang Virgilio, namamaos daw siya at inuubo kapag uminom siya ng tubig."
Inaasahang magiging stationary ang bagyo o dahan-dahang kikilos sa karagatan ng Eastern Visayas.,Inaasahang magiging stationary ang bagyo o dahan-dahang kikilos sa karagatan ng Eastern Visayas.
Binigyang diin ni Macabitas na taliwas sa alegasyon ng mga lider ng magsasaka ay walang anumang pang-aabuso sa karapatang pantao ang nangyari.,Binigyang diin ni Macabitas na taliwas sa alegasyon ng mga lider ng magsasaka ay walang anumang pang-aabuso sa karapatang pantao ang nangyari.
Masayang-masaya si Mutya Orquia dahil napabilang sa Mars Ravelos Darna na pinagbibidahan ni Jane de Leon.,Masayang-masaya si Mutya Orquia dahil napabilang sa Mars Ravelos Darna na pinagbibidahan ni Jane de Leon.
Minsan ay sinasabihan na raw si guwapong boyfriend ng mga pinsan niya na huwag nang isama ang girlfriend dahil hindi naman sila pinapansin.,Minsan ay sinasabihan na raw si guwapong boyfriend ng mga pinsan niya na huwag nang isama ang girlfriend dahil hindi naman sila pinapansin.
Isang cellphone na pag-aari daw ng suspek ang naiwan sa crime scene.,Isang cellphone na pag-aari daw ng suspek ang naiwan sa crime scene.
"Anya, napapanahon upang ang mga kabataan ay dapat na makiisa at makipagtulungan sa mga magsasaka upang magsama-samang lutasin ang mga problema sa pagsasaka.","Anya, napapanahon upang ang mga kabataan ay dapat na makiisa at makipagtulungan sa mga magsasaka upang magsama-samang lutasin ang mga problema sa pagsasaka."
"Agot ng trading post e ang kanyang agenda rin po ay yung welfare ng mga farmers at hindi po politika, ani Yap.","Agot ng trading post e ang kanyang agenda rin po ay yung welfare ng mga farmers at hindi po politika, ani Yap."
"Nung nakaraan lang po talagang alarming kasi naninigas na po siya eh, ng one and a half month.","Nung nakaraan lang po talagang alarming kasi naninigas na po siya eh, ng one and a half month."
"Sabi ni Rey, ang laking realization sa kanya itong nangyaring COVID pandemic dahil dito nakikitang hindi natin tiyak ang bukas kung buhay pa ba tayo.","Sabi ni Rey, ang laking realization sa kanya itong nangyaring COVID pandemic dahil dito nakikitang hindi natin tiyak ang bukas kung buhay pa ba tayo."
"Sa imbestigasyon, dakong alas-9:30 ng gabi nang maganap ang insidente sa kahabaan ng Buhay na Tubig road, Imus kung saan bumabagtas ang Mitsubishi Adventure (ABQ1845) na minamaneho ni Roderick kasama ang misis nito nang mag-counterflow umano ang isang motor na sakay ang 2 katao kaya hindi na nakaiwas ang Adventure at tuloy tuloy na sumalpok dito.","Sa imbestigasyon, dakong alas-9:30 ng gabi nang maganap ang insidente sa kahabaan ng Buhay na Tubig road, Imus kung saan bumabagtas ang Mitsubishi Adventure (ABQ1845) na minamaneho ni Roderick kasama ang misis nito nang mag-counterflow umano ang isang motor na sakay ang 2 katao kaya hindi na nakaiwas ang Adventure at tuloy tuloy na sumalpok dito."
"Isang pasahero ang nasawi habang sugatan ang labindalawang iba pa matapos na mahulog sa bangin ang sinasakyan nilang jeep sa bahagi ng Barangay San Jose, San Mariano, Isabela.","Isang pasahero ang nasawi habang sugatan ang labindalawang iba pa matapos na mahulog sa bangin ang sinasakyan nilang jeep sa bahagi ng Barangay San Jose, San Mariano, Isabela."
Pinag-iingat din ang lahat dahil maaaring maganap ang sumusunod sa lugar anumang oras.,Pinag-iingat din ang lahat dahil maaaring maganap ang sumusunod sa lugar anumang oras.
Dito na binanatan ng netizens si Velentine at inakusahan pa siyang pakawala raw ng isang grupo para magkalat ng black propaganda laban kay VP Leni.,Dito na binanatan ng netizens si Velentine at inakusahan pa siyang pakawala raw ng isang grupo para magkalat ng black propaganda laban kay VP Leni.
"Napakarami po ng mga Taliban na palakad-lakad and purposely ang layunin po ay ma eskortan po kami, makalampas doon sa military airport, kuwento niya.","Napakarami po ng mga Taliban na palakad-lakad and purposely ang layunin po ay ma eskortan po kami, makalampas doon sa military airport, kuwento niya."
Inaasahan na ng World Health Organization (WHO) ang pagtaas ng mga bagong kaso sa ibat-ibang panig ng mundo sa mas malamig na panahon na magiging dahilan ng indoor activities habang nasa ilalim ng pinaluwag na health protocols.,Inaasahan na ng World Health Organization (WHO) ang pagtaas ng mga bagong kaso sa ibat-ibang panig ng mundo sa mas malamig na panahon na magiging dahilan ng indoor activities habang nasa ilalim ng pinaluwag na health protocols.
"Nasa maayos nang kalagayan ang lola, na nagtamo ng sugat sa ulo.","Nasa maayos nang kalagayan ang lola, na nagtamo ng sugat sa ulo."
Dalawang truck ng basura ang nakolekta ng Metropolitan Manila Development Authority (MMDA) sa Manila Bay na dala ng matinding pag-ulan dulot ng southwest monsoon sa mga nakalipas na araw.,Dalawang truck ng basura ang nakolekta ng Metropolitan Manila Development Authority (MMDA) sa Manila Bay na dala ng matinding pag-ulan dulot ng southwest monsoon sa mga nakalipas na araw.
"Sapagkat hindi naman ipinangako ng Panginoong Diyos na kapag tayoy sumunod, nanampalataya at nagsilbi sa Kaniya ay hindi na tayo makakaranas ng mga pagsubok sa buhay.","Sapagkat hindi naman ipinangako ng Panginoong Diyos na kapag tayoy sumunod, nanampalataya at nagsilbi sa Kaniya ay hindi na tayo makakaranas ng mga pagsubok sa buhay."
Huwag daw silang (mga katrabaho) masyadong masanay na consistent siya sa pagiging on time kasi ngayon lang to habang mainit-init pa ang mga intriga sa kanya.,Huwag daw silang (mga katrabaho) masyadong masanay na consistent siya sa pagiging on time kasi ngayon lang to habang mainit-init pa ang mga intriga sa kanya.
"Sa ulat ni Divine Reyes sa Super Radyo DZBB nitong Miyerkoles, sinabi ng nakabanggang si Anthony Santos ng Hagonoy, Bulacan, na hindi umano niya sinasadyang makaaksidente sa may kanto ng Ayala Boulevard.","Sa ulat ni Divine Reyes sa Super Radyo DZBB nitong Miyerkoles, sinabi ng nakabanggang si Anthony Santos ng Hagonoy, Bulacan, na hindi umano niya sinasadyang makaaksidente sa may kanto ng Ayala Boulevard."
Matatandaang gumanap ang dalawa bilang mag-ina sa teleseryeng Kadenang Ginto ng ABS-CBN.,Matatandaang gumanap ang dalawa bilang mag-ina sa teleseryeng Kadenang Ginto ng ABS-CBN.
Kumalat ang video nito kahapon sa TikTok na para lang silang PBB Teen housemates at pang-high school ang vibe.,Kumalat ang video nito kahapon sa TikTok na para lang silang PBB Teen housemates at pang-high school ang vibe.
"Puwede rin namang Labyu with an Accent o My Father, Myself dahil maganda raw ang pagkakadirek doon ni Joel Lamangan.","Puwede rin namang Labyu with an Accent o My Father, Myself dahil maganda raw ang pagkakadirek doon ni Joel Lamangan."
Nangako rin ang dalawa na gagawing transparent o maging bukas para malaman ng publiko na seryoso ang gobyerno sa tax law enforcement.,Nangako rin ang dalawa na gagawing transparent o maging bukas para malaman ng publiko na seryoso ang gobyerno sa tax law enforcement.
"Dito na umano lumabas sa pinagtataguan ang bata, na nasa kabilang kuwarto, at humingi ng saklolo sa mga kapitbahay na nagtulung-tulong naman para agad maapula ang apoy.","Dito na umano lumabas sa pinagtataguan ang bata, na nasa kabilang kuwarto, at humingi ng saklolo sa mga kapitbahay na nagtulung-tulong naman para agad maapula ang apoy."
"Sa programang ""Mars Pa More,"" kinilabutan ang mga host na si Iya Villania at Camille Prats nang ibahagi ng kanilang bisita na si Sherilyn ang kuwento sa likod ng pag-alis nila sa bahay na 10 taon na nilang tinitirhan.","Sa programang ""Mars Pa More,"" kinilabutan ang mga host na si Iya Villania at Camille Prats nang ibahagi ng kanilang bisita na si Sherilyn ang kuwento sa likod ng pag-alis nila sa bahay na 10 taon na nilang tinitirhan."
Hindi naman siya same sa real life ko at hindi naman kailangang ma-experience ko muna ‘yung gano’ng bagay bago ko siya maiarte o magawa sa eksena.,Hindi naman siya same sa real life ko at hindi naman kailangang ma-experience ko muna ‘yung gano’ng bagay bago ko siya maiarte o magawa sa eksena.
Bukas naman daw sa ngayon ang DOH sa mga inilalabas na estimates ng OCTA.,Bukas naman daw sa ngayon ang DOH sa mga inilalabas na estimates ng OCTA.
"Sa mga tanong EB dabarkads, sinabi ni Kulot na ang kaniyang nanay ang nag-utos sa kaniya na pauwiin na ang kanilang padre de pamilya.","Sa mga tanong EB dabarkads, sinabi ni Kulot na ang kaniyang nanay ang nag-utos sa kaniya na pauwiin na ang kanilang padre de pamilya."
"Nagkaroon na kami ng pag-uusap in a private meeting with the president, akoang justice secretary, ang presidential legal adviser, ang dating executive secretary, ang DFA at unanimous ang aming decision na i-oppose ang plano ng ICC prosecutor namakialam sa imbestigasyon na ginagawanatin dito sa Pilipinas, wika ni Guevarra.","Nagkaroon na kami ng pag-uusap in a private meeting with the president, akoang justice secretary, ang presidential legal adviser, ang dating executive secretary, ang DFA at unanimous ang aming decision na i-oppose ang plano ng ICC prosecutor namakialam sa imbestigasyon na ginagawanatin dito sa Pilipinas, wika ni Guevarra."
"Mas sikat nun ang male personality kesa sa kanya, kahit saan ito magpunta ay matindi ang pagkakagulo ng mga kababayan natin, nasaksihan yun ng male personality na nangarap mag-artista.","Mas sikat nun ang male personality kesa sa kanya, kahit saan ito magpunta ay matindi ang pagkakagulo ng mga kababayan natin, nasaksihan yun ng male personality na nangarap mag-artista."
"Sa paghagupit ng Bagyong Karding, isa sina Totoy Brown sa mga nasalanta, kung saan nasira ang kanilang bahay at pananim.","Sa paghagupit ng Bagyong Karding, isa sina Totoy Brown sa mga nasalanta, kung saan nasira ang kanilang bahay at pananim."
"Kaya we were looking and seeing ano yung mga tinatawag ko na best practices ay tinitingnan namin para mas maging maganda, dagdag pa ng Pangulong Marcos.","Kaya we were looking and seeing ano yung mga tinatawag ko na best practices ay tinitingnan namin para mas maging maganda, dagdag pa ng Pangulong Marcos."
"Resulta ito ng ipinatupad na ""rapid test"" sa lahat ng empleyado at kasunod na ""swab test.""","Resulta ito ng ipinatupad na ""rapid test"" sa lahat ng empleyado at kasunod na ""swab test."""
Patuloy namang hinahanap ng mga awtoridad ang dalawa pang suspek na kinilala na ng sumukong suspek.,Patuloy namang hinahanap ng mga awtoridad ang dalawa pang suspek na kinilala na ng sumukong suspek.
"Kung ok lang sana ang daanan namin dito makakapasok ang sasakyan, buhay pa siya dahil mabilis siyang madala sa ospital.","Kung ok lang sana ang daanan namin dito makakapasok ang sasakyan, buhay pa siya dahil mabilis siyang madala sa ospital."
Pero hindi na sila sa Sexy Babe segment ilalagay katulad ng unang plano.,Pero hindi na sila sa Sexy Babe segment ilalagay katulad ng unang plano.
"Paglilinaw naman ni GM Santiago, inaprubahan ng PPA Board ang naturang polisiya noong 2021 at anim na departamento ang sumang-ayon dito –DOTr, DOF, DTI, NEDA, DPWH at DENR kabilang na ang MARINA.","Paglilinaw naman ni GM Santiago, inaprubahan ng PPA Board ang naturang polisiya noong 2021 at anim na departamento ang sumang-ayon dito –DOTr, DOF, DTI, NEDA, DPWH at DENR kabilang na ang MARINA."
"Nakararamdam din siya ng pananakit ng batok, pagkahilo, at madaling mahapo.","Nakararamdam din siya ng pananakit ng batok, pagkahilo, at madaling mahapo."
"During the virtual presscon ng programa nilang Quizon CT ng mga kapatid niyang sina Epi and Vandolph, sinabi rin ni Eric na tuloy na ang residential subdivision ng almost 14-hectare lot na pag-aari ng kanilang yumaong ama, ang Dolphyville.","During the virtual presscon ng programa nilang Quizon CT ng mga kapatid niyang sina Epi and Vandolph, sinabi rin ni Eric na tuloy na ang residential subdivision ng almost 14-hectare lot na pag-aari ng kanilang yumaong ama, ang Dolphyville."
"Pagpasok ng mga pulis at sundalo sa lugar, agad silang nakakuha ng impormasyon mula sa mga nagrereklamong mga residente sa kinaroroonan ng mga komunista kaya nang magpang-abot ay agad nagkaroon ng sagupaan na umabot ng hanggang 20 minuto na ikinasawi ng tatlo at nadakip ang sugatang dalawang kasamahan.","Pagpasok ng mga pulis at sundalo sa lugar, agad silang nakakuha ng impormasyon mula sa mga nagrereklamong mga residente sa kinaroroonan ng mga komunista kaya nang magpang-abot ay agad nagkaroon ng sagupaan na umabot ng hanggang 20 minuto na ikinasawi ng tatlo at nadakip ang sugatang dalawang kasamahan."
"Sa video ng San Ildefonso Band 78, na mapapanood sa Unang Balita nitong Martes, makikita ang hataw na dance moves ni Nicole Marbella, na hindi nagpahuli sa exhibition.","Sa video ng San Ildefonso Band 78, na mapapanood sa Unang Balita nitong Martes, makikita ang hataw na dance moves ni Nicole Marbella, na hindi nagpahuli sa exhibition."
"Milyon na katao na hindi naka-download sa Star Pay app ngunit sa record po ay nakatanggap sila ng ayuda, ani Pacquiao.","Milyon na katao na hindi naka-download sa Star Pay app ngunit sa record po ay nakatanggap sila ng ayuda, ani Pacquiao."
Hinarang ng mga tauhan ng Bureau of Immigration ang dalawang Africano makaraang madiskubre na gumagamit sila ng pekeng Canadian passports at nagpapakilalang mga Canadian citizens nang lumapag sa Ninoy Aquino International Airport.,Hinarang ng mga tauhan ng Bureau of Immigration ang dalawang Africano makaraang madiskubre na gumagamit sila ng pekeng Canadian passports at nagpapakilalang mga Canadian citizens nang lumapag sa Ninoy Aquino International Airport.
"Ngayong nasa 75 milyon na ang bilang ng mga Pilipino na nasa working age, sinabi ni senatorial candidate at Sorsogon Gov.","Ngayong nasa 75 milyon na ang bilang ng mga Pilipino na nasa working age, sinabi ni senatorial candidate at Sorsogon Gov."
"Kalaboso ang dalawang college students nang matiyempuhan na may dalang baril at iligal na droga sa isinagawang ‘Oplan Galugad’ kaugnay sa Anti-Criminality Law Enforcement Operation (SACLEO) ng Taguig Police, nitong Huwebes, sa Taguig City.","Kalaboso ang dalawang college students nang matiyempuhan na may dalang baril at iligal na droga sa isinagawang ‘Oplan Galugad’ kaugnay sa Anti-Criminality Law Enforcement Operation (SACLEO) ng Taguig Police, nitong Huwebes, sa Taguig City."
"Pabagsakin, at pilit mang siniraan, nagpatuloy pa rin sa pagtugon sa mga suliranin ng bansa.","Pabagsakin, at pilit mang siniraan, nagpatuloy pa rin sa pagtugon sa mga suliranin ng bansa."
"Ayon sa pulisya, posibleng planado at sinundan ng salarin na sakay ng motorsiklo ang biktima nang sumakay sa tricycle.","Ayon sa pulisya, posibleng planado at sinundan ng salarin na sakay ng motorsiklo ang biktima nang sumakay sa tricycle."
Ayon sa host ay malaki rin ang pinagbago talaga ng programa mula nang mawala ang Its Showtime sa free TV noong isang taon.,Ayon sa host ay malaki rin ang pinagbago talaga ng programa mula nang mawala ang Its Showtime sa free TV noong isang taon.
"Hangga’t maaari, pag binigyan kita ng chance ingatan at pahalagahan mo yun kasi sobrang nag-stick lang po talaga ako sa isang tao.","Hangga’t maaari, pag binigyan kita ng chance ingatan at pahalagahan mo yun kasi sobrang nag-stick lang po talaga ako sa isang tao."
Naunang inihain naman ng tatlong konsehal ang isang panukala na naglalayong pagkalooban ng isang buwang suweldo ang lahat ng mga kawani ng lungsod bilang dagdag ayuda sa nararanasang krisis.,Naunang inihain naman ng tatlong konsehal ang isang panukala na naglalayong pagkalooban ng isang buwang suweldo ang lahat ng mga kawani ng lungsod bilang dagdag ayuda sa nararanasang krisis.
