Original Sentence,Gold Sentence
Pormal na ihahayag ang mga pangalan ng tig-60 men at women golfers na maglalaro sa quadrennial event sa qualification deadline sa Hunyo 28.,Pormal na ihahayag ang mga pangalan ng tig-60 men at women golfers na maglalaro sa quadrennial event sa qualification deadline sa Hunyo 28.
Siguro nakakabawas din sa sadness mo yung parang may communication ka pa rin sa mga nawala mong kaibigan.,Siguro nakakabawas din sa sadness mo yung parang may communication ka pa rin sa mga nawala mong kaibigan.
Magiging virtual home ng Calista itong Kumu at nakapagsimula na raw silang makipag-interact sa fans nila sa kanilang Kumustahan.,Magiging virtual home ng Calista itong Kumu at nakapagsimula na raw silang makipag-interact sa fans nila sa kanilang Kumustahan.
Natumba ang biktima at ilang beses pa siyang tinadyakan sa ulo bago umalis ang salarin.,Natumba ang biktima at ilang beses pa siyang tinadyakan sa ulo bago umalis ang salarin.
"Ginagamit ng China ang ginawa ng Russia upang manghimasok sa Pilipinas at lantarang pananakot sa Taiwan, ayon kay Amber Quiban, ang co-convenor ng grupong Atin Ang Pinas.","Ginagamit ng China ang ginawa ng Russia upang manghimasok sa Pilipinas at lantarang pananakot sa Taiwan, ayon kay Amber Quiban, ang co-convenor ng grupong Atin Ang Pinas."
Pinuntahan nito ang simbahan pero wala roon ang mga lalaki sa video.,Pinuntahan nito ang simbahan pero wala roon ang mga lalaki sa video.
Naniniwala pa rin sila na itinatago lang ng dating magka-loveteam ang kanilang tunay na relasyon.,Naniniwala pa rin sila na itinatago lang ng dating magka-loveteam ang kanilang tunay na relasyon.
"San ESTEBAN, Ilocos Sur, Philippines — Pisak ang isang rider matapos magulungan ng kakarera niyang trailer truck sa national highway ng Sitio Bigbiga, Brgy.","San ESTEBAN, Ilocos Sur, Philippines — Pisak ang isang rider matapos magulungan ng kakarera niyang trailer truck sa national highway ng Sitio Bigbiga, Brgy."
"Ayon sa pulisya, minamaneho ni Maniebo ang isang Nmax motorcycle at nakaangkas ang kalive in at binabagtas ang barangay road nang salpukin ng hindi natukoy na uri ng sasakyan dakong alas-8:00 ng gabi.","Ayon sa pulisya, minamaneho ni Maniebo ang isang Nmax motorcycle at nakaangkas ang kalive in at binabagtas ang barangay road nang salpukin ng hindi natukoy na uri ng sasakyan dakong alas-8:00 ng gabi."
"Nagkakahalaga ng P70 kada araw ang meal allowance sa bawat PDL, mula sa P20 noong dekada 90.","Nagkakahalaga ng P70 kada araw ang meal allowance sa bawat PDL, mula sa P20 noong dekada 90."
Para sa lahat ng nag aalala sakin.,Para sa lahat ng nag aalala sakin.
Kanina lang nang sabihin ni Press Secretary Trixie Cruz-Angeles na ayaw pa nilang magbigay ng komento patungkol sa panukala.,Kanina lang nang sabihin ni Press Secretary Trixie Cruz-Angeles na ayaw pa nilang magbigay ng komento patungkol sa panukala.
"Kaugnay nito, hinikayat din naman ni Iral ang mga PDLs na magparehistro upang makaboto sa araw ng halalan.","Kaugnay nito, hinikayat din naman ni Iral ang mga PDLs na magparehistro upang makaboto sa araw ng halalan."
"Humihingi ng paumanhin ang pamilya nina Dela Vega sa mga nagkasakit, at sinabing hindi nila ginusto ang nangyari.","Humihingi ng paumanhin ang pamilya nina Dela Vega sa mga nagkasakit, at sinabing hindi nila ginusto ang nangyari."
"Kuwento ni Lovi, may nagta-tag sa kaniyang netizen sa Instagram na pinatay nito ang TV nang mag-iba na ang kasama ng kaniyang karakter na si Sensen at hindi na si Doc Migs, karakter ni Benjamin.","Kuwento ni Lovi, may nagta-tag sa kaniyang netizen sa Instagram na pinatay nito ang TV nang mag-iba na ang kasama ng kaniyang karakter na si Sensen at hindi na si Doc Migs, karakter ni Benjamin."
"Batay sa huling census ng Philippine Statistics Authority (PSA),umaabot na sa 34.8.","Batay sa huling census ng Philippine Statistics Authority (PSA),umaabot na sa 34.8."
May mga fans kasi ang binatang ama na nagsasabing susuportahan nila ang anak ng dating Presidente na si Joseph Estrada sakaling tumakbo ito next year sa anumang posisyon.,May mga fans kasi ang binatang ama na nagsasabing susuportahan nila ang anak ng dating Presidente na si Joseph Estrada sakaling tumakbo ito next year sa anumang posisyon.
"Sabi ng Bermaz, nire-recall ang mga sasakyan para mapalitan ang mga piyesa nang libre at walang sisingilin sa may-ari.","Sabi ng Bermaz, nire-recall ang mga sasakyan para mapalitan ang mga piyesa nang libre at walang sisingilin sa may-ari."
"Nangako rin sila ng suporta sa 15,000 freelance artists at cultural workers na isusulong nito ang kanilang kalagayan at kapakanan sa Kongreso.","Nangako rin sila ng suporta sa 15,000 freelance artists at cultural workers na isusulong nito ang kanilang kalagayan at kapakanan sa Kongreso."
Nananatiling nag-iisa pa lang ang kaso ng tinamaan ng ligaw na bala nitong Bagong Taon habang wala pa ring naiuulat na fireworks ingestion sa kabutihang palad.,Nananatiling nag-iisa pa lang ang kaso ng tinamaan ng ligaw na bala nitong Bagong Taon habang wala pa ring naiuulat na fireworks ingestion sa kabutihang palad.
Simula bukas ng gabi ay ipapatupad na ang uniform curfew na napagkasunduan ng Metro Manila mayors para maagapan ang tuluyang pag-alagwa ng bilang ng nagkaka-COVID sa rehiyon.,Simula bukas ng gabi ay ipapatupad na ang uniform curfew na napagkasunduan ng Metro Manila mayors para maagapan ang tuluyang pag-alagwa ng bilang ng nagkaka-COVID sa rehiyon.
"Lalo na po ngayon na tumataas na naman nang tumataas ang COVID-19 cases, ayon kay Arra San Agutin.","Lalo na po ngayon na tumataas na naman nang tumataas ang COVID-19 cases, ayon kay Arra San Agutin."
Itinanggi ni Estolas na nakatulog ang kaniyang driver habang nagmamaneho.,Itinanggi ni Estolas na nakatulog ang kaniyang driver habang nagmamaneho.
Ipinakita rin ang nag-viral na larawan sa social media na itinatapon ang napakaraming patatas na sakay sa jeepney.,Ipinakita rin ang nag-viral na larawan sa social media na itinatapon ang napakaraming patatas na sakay sa jeepney.
"Patuloy na nagbibigay-pugay ang Sagip Pelikula Festival sa karera ni Maricel sa pagpapalabas pa ng iba pang mga pelikula niya na digitally restored tulad ng Mila, Ikaw Pa Lang ang Minahal, John & Marsha 85 sa Probinsya, Separada, Minsan Lang Kita Iibigin, at Inagaw Mo ang Lahat sa Akin na nag-start din kagabi sa KTX.","Patuloy na nagbibigay-pugay ang Sagip Pelikula Festival sa karera ni Maricel sa pagpapalabas pa ng iba pang mga pelikula niya na digitally restored tulad ng Mila, Ikaw Pa Lang ang Minahal, John & Marsha 85 sa Probinsya, Separada, Minsan Lang Kita Iibigin, at Inagaw Mo ang Lahat sa Akin na nag-start din kagabi sa KTX."
"Nang araw rin iyon, may nakita naman siyang P2,000 cash na naiwan sa bulsa ng labahan.","Nang araw rin iyon, may nakita naman siyang P2,000 cash na naiwan sa bulsa ng labahan."
"Ang sa akin, hindi naman ako nagyayabang kasi ang lahat ng kumakain sa akin, sinasabi ko kakaiba ang lasa ng lugaw ko,"" sabi ng may-ari ng ""Eddie-Wow Lugaw!""","Ang sa akin, hindi naman ako nagyayabang kasi ang lahat ng kumakain sa akin, sinasabi ko kakaiba ang lasa ng lugaw ko,"" sabi ng may-ari ng ""Eddie-Wow Lugaw!"""
"Laguna, Philippines — Bulagta ang isang drug suspect habang sugatan ang isang pulis at dalawa pa ang naaresto matapos na mauwi sa engkuwentro ang isinagawang buy-bust operation ng mga awtoridad sa San Pedro City kahapon.","Laguna, Philippines — Bulagta ang isang drug suspect habang sugatan ang isang pulis at dalawa pa ang naaresto matapos na mauwi sa engkuwentro ang isinagawang buy-bust operation ng mga awtoridad sa San Pedro City kahapon."
"Naideklarang fire under control ang sunog, na umabot lamang ng unang alarma, dakong alas-3:35 ng madaling araw.","Naideklarang fire under control ang sunog, na umabot lamang ng unang alarma, dakong alas-3:35 ng madaling araw."
"Katunayan, ini-release ni Saviour ang kaniyang pinakabagong single na ""Ibang Iba"" ngayong 2022.","Katunayan, ini-release ni Saviour ang kaniyang pinakabagong single na ""Ibang Iba"" ngayong 2022."
"Batay sa ulat, alas-7:30 ng umaga nang bumulusok paibaba ang trak na minamaneho ni Bonzato, kayat nawalan umano ng kontrol sa manibela at sinalpok ang dalawang traysikel at pagkatapos ay ang isang bahay kung saan tumapon ang lamang gasolina.","Batay sa ulat, alas-7:30 ng umaga nang bumulusok paibaba ang trak na minamaneho ni Bonzato, kayat nawalan umano ng kontrol sa manibela at sinalpok ang dalawang traysikel at pagkatapos ay ang isang bahay kung saan tumapon ang lamang gasolina."
"Cavite, Philippines — Nalambat ng pulisya ang dalawang hinihinalang bigtime drug pusher na nasa high value target (HVT) list sa lalawigang ito matapos mahulog sa ikinasang anti-drug operation kamakalawa sa Brgy.","Cavite, Philippines — Nalambat ng pulisya ang dalawang hinihinalang bigtime drug pusher na nasa high value target (HVT) list sa lalawigang ito matapos mahulog sa ikinasang anti-drug operation kamakalawa sa Brgy."
Magagamit ba iyon para makapag-produce ng isang magandang pelikula na magiging box office hit na siya niyang kailangan ngayon bilang superstar?,Magagamit ba iyon para makapag-produce ng isang magandang pelikula na magiging box office hit na siya niyang kailangan ngayon bilang superstar?
Kung mayroong hindi pagkakaintindihan ay agad naman daw itong naaayos ng mag-asawa bago matulog sa gabi.,Kung mayroong hindi pagkakaintindihan ay agad naman daw itong naaayos ng mag-asawa bago matulog sa gabi.
Inamin ng Department of Health (DOH) na may mga ‘fully vaccinated’ na Pilipino ang nahawa pa rin ng COVID-19 na tinatawag nila ngayong ‘breakthrough infections’.,Inamin ng Department of Health (DOH) na may mga ‘fully vaccinated’ na Pilipino ang nahawa pa rin ng COVID-19 na tinatawag nila ngayong ‘breakthrough infections’.
"Sinabi ni Aurea na kahit hirap sa buhay, hindi siya nawawalan ng pag-asa na matupad ang kaniyang pangarapJamil Santos/KBK, GMA News.","Sinabi ni Aurea na kahit hirap sa buhay, hindi siya nawawalan ng pag-asa na matupad ang kaniyang pangarapJamil Santos/KBK, GMA News."
Ang pagkilala ay ipinagkaloob kaalinsabay ng paggunita sa National Disaster Resilience Month.,Ang pagkilala ay ipinagkaloob kaalinsabay ng paggunita sa National Disaster Resilience Month.
"Sa ulat ni Ivy Hernando sa GMA Regional TV ""Balitang Amianan"" nitong Martes, sinabing nangyari ang insidente nang dumikit sa live wire ang itinatayo nilang poste sa Barangay Pantoc.","Sa ulat ni Ivy Hernando sa GMA Regional TV ""Balitang Amianan"" nitong Martes, sinabing nangyari ang insidente nang dumikit sa live wire ang itinatayo nilang poste sa Barangay Pantoc."
"Hindi ko akalain napaka-grateful pala niyang tao, very loving.","Hindi ko akalain napaka-grateful pala niyang tao, very loving."
"Dito, nakita na niyang lumiliyab ang kanilang bahay kaya dali-dali siyang bumangon at binuhat palabas ng bahay ang isa pa niyang kapatid.","Dito, nakita na niyang lumiliyab ang kanilang bahay kaya dali-dali siyang bumangon at binuhat palabas ng bahay ang isa pa niyang kapatid."
Bilyon para sa renta pa lang nito.,Bilyon para sa renta pa lang nito.
Rodante Marcoleta ang 34 entities na pag-aari ng Kalihim bago ito naitalaga sa DENR.,Rodante Marcoleta ang 34 entities na pag-aari ng Kalihim bago ito naitalaga sa DENR.
"Ang nadiskubre raw kasi ng direktor, hirap na hirap itong umarte.","Ang nadiskubre raw kasi ng direktor, hirap na hirap itong umarte."
"Pangalawang birthday celebration na si Vic Sotto na naka-quarantine kaya wala silang party, at kahit nga simpleng lunch o dinner kasama ang mga anak ay hindi na nila nagawa.","Pangalawang birthday celebration na si Vic Sotto na naka-quarantine kaya wala silang party, at kahit nga simpleng lunch o dinner kasama ang mga anak ay hindi na nila nagawa."
Ayon sa aktres ay talagang nakaramdam siya ng pressure na tapusin ang pag-aaral dahil sa nag-iisang anak.,Ayon sa aktres ay talagang nakaramdam siya ng pressure na tapusin ang pag-aaral dahil sa nag-iisang anak.
Hindi sukat akalain ng isang lalaking kawani sa planta ng isang malaking kompanya na ang pag-sideline niya bilang habal-habal driver ang maging dahilan ng kanyang kamatayan matapos pagbabarilin ng tatlong hindi pa kilalang suspek sa Cagayan de Oro City.,Hindi sukat akalain ng isang lalaking kawani sa planta ng isang malaking kompanya na ang pag-sideline niya bilang habal-habal driver ang maging dahilan ng kanyang kamatayan matapos pagbabarilin ng tatlong hindi pa kilalang suspek sa Cagayan de Oro City.
Ibibigay namin ang espasyo sa panghihingi ng panalangin para sa pamilya ng OPM singer na si Richard Reynoso.,Ibibigay namin ang espasyo sa panghihingi ng panalangin para sa pamilya ng OPM singer na si Richard Reynoso.
Ang daming puwedeng gawin.,Ang daming puwedeng gawin.
Siya lang din daw ang nag-style at gumawa sa kanyang hair at make-up.,Siya lang din daw ang nag-style at gumawa sa kanyang hair at make-up.
"Hinihingi rin namin ang pakikiisa ng publiko sa pag-iingat at pagsunod sa mga batas-trapiko para sa biyaheng ayos ngayong taon,dagdag niTugade.","Hinihingi rin namin ang pakikiisa ng publiko sa pag-iingat at pagsunod sa mga batas-trapiko para sa biyaheng ayos ngayong taon,dagdag niTugade."
Nagpapasalamat si Joong Ki sa kaniyang fans na nagpapahalaga sa kaniya anuman ang mangyari.,Nagpapasalamat si Joong Ki sa kaniyang fans na nagpapahalaga sa kaniya anuman ang mangyari.
Inaalam na ng Las Piñas Police ang pagkakakilanlan ng mga suspek.,Inaalam na ng Las Piñas Police ang pagkakakilanlan ng mga suspek.
"Apart from being competent and qualified, of course yung sinasabi ko kahapon pa ay yung may pagmamahal sa bansa, yung kinikilala ang watawat ng Republika ng Pilipinas, yung rumerespeto sa Saligang Batas at hindi mananawagan ng pagpapabagsak ng gobyerno, ani Rodriguez.","Apart from being competent and qualified, of course yung sinasabi ko kahapon pa ay yung may pagmamahal sa bansa, yung kinikilala ang watawat ng Republika ng Pilipinas, yung rumerespeto sa Saligang Batas at hindi mananawagan ng pagpapabagsak ng gobyerno, ani Rodriguez."
Dito rin niya naikuwento na dahil sa naturang segment ay nalalaman niya na napakaraming mga kabit at mga taong nangangaliwa.,Dito rin niya naikuwento na dahil sa naturang segment ay nalalaman niya na napakaraming mga kabit at mga taong nangangaliwa.
"Ayon kay Presidential spokesperson Harry Roque, ang mga HCWs na kabilang sa MCS at may kontrata na noong Mayo 31, 2021 ay magiging bahagi ng adjusted ceiling.","Ayon kay Presidential spokesperson Harry Roque, ang mga HCWs na kabilang sa MCS at may kontrata na noong Mayo 31, 2021 ay magiging bahagi ng adjusted ceiling."
"Sa second day, hindi ko po talaga events yung mga nilaro maliban sa pole vault.","Sa second day, hindi ko po talaga events yung mga nilaro maliban sa pole vault."
Napapanood na rin ang music video nito sa pamamagitan ng YouTube.,Napapanood na rin ang music video nito sa pamamagitan ng YouTube.
Sa madaling salita ay magpapalit ng puwesto sina Richard at Lucy.,Sa madaling salita ay magpapalit ng puwesto sina Richard at Lucy.
"Wasak na wasak ang kanyang pagkatao, lalo na ang pagiging konsehal na sumumpang maglilingkod sa kanyang mga nasasakupan, pero ang mismong mga anak naman pala ay pinababayaan.","Wasak na wasak ang kanyang pagkatao, lalo na ang pagiging konsehal na sumumpang maglilingkod sa kanyang mga nasasakupan, pero ang mismong mga anak naman pala ay pinababayaan."
"Wow, isang milestone sa kanyang career ang ipinagdiwang ng Kapuso actress na si Andrea Torres bilang bida siya sa isang international movie project.","Wow, isang milestone sa kanyang career ang ipinagdiwang ng Kapuso actress na si Andrea Torres bilang bida siya sa isang international movie project."
"Nag-try talaga siya, nag-effort siya para maging kumportable kami sa isat isa.","Nag-try talaga siya, nag-effort siya para maging kumportable kami sa isat isa."
"At katuwang dito ng GMA Network ang Agosto Dos Media at APT Entertainment, kung saan mapapanood ang pakikipagsapalaran, kasawian, at ang mga hadlang na kanilang pagdaraanan na maghahatid ng pinakamahahalagang aral sa buhay.","At katuwang dito ng GMA Network ang Agosto Dos Media at APT Entertainment, kung saan mapapanood ang pakikipagsapalaran, kasawian, at ang mga hadlang na kanilang pagdaraanan na maghahatid ng pinakamahahalagang aral sa buhay."
"Dalawang araw bago ng pagkakasibak, sinabi ni SorianosaCebu Provincial Police Offices Facebook pagena ang EO ni CebuGovernor Gwen Garcia ang masusunod.","Dalawang araw bago ng pagkakasibak, sinabi ni SorianosaCebu Provincial Police Offices Facebook pagena ang EO ni CebuGovernor Gwen Garcia ang masusunod."
"Puna pa ng kalihim, naunang pinalampas ng gobyerno ang pagkuha ng Pfizer sumunod ang Moderna at ngayon naman ay ang heringgilya.","Puna pa ng kalihim, naunang pinalampas ng gobyerno ang pagkuha ng Pfizer sumunod ang Moderna at ngayon naman ay ang heringgilya."
"Ayaw naman manisi ng Malacañang sa mga hindi nakasunod sa minimum public health standards sa nakaraang holiday season at Traslacion 2021, wika ni presidential spokesperson Harry Roque: ""Ang nangyari ay nangyari na.","Ayaw naman manisi ng Malacañang sa mga hindi nakasunod sa minimum public health standards sa nakaraang holiday season at Traslacion 2021, wika ni presidential spokesperson Harry Roque: ""Ang nangyari ay nangyari na."
"Ang mga naka-lockdown ay ang mga barangay ng Asinga-Via, Awallan, Barsat East, Immurung, Mocag, Poblacion, San Isidro, Santa Margarita, Taytay at Tungel, simula ng hatinggabi kamakalawa.","Ang mga naka-lockdown ay ang mga barangay ng Asinga-Via, Awallan, Barsat East, Immurung, Mocag, Poblacion, San Isidro, Santa Margarita, Taytay at Tungel, simula ng hatinggabi kamakalawa."
"Sa ulat, mga dating miyembro ng militar ang mga ito na sinipa sa serbisyo dahil sa kanilang mga ‘deregatory record.’","Sa ulat, mga dating miyembro ng militar ang mga ito na sinipa sa serbisyo dahil sa kanilang mga ‘deregatory record.’"
Hangad ng Gilas mens squad na makapasok sa quarterfinals.,Hangad ng Gilas mens squad na makapasok sa quarterfinals.
"Giit ni Morillo, kahit magpapalit ang administrasyon, kailangang bumuo ng task force na mag-aayos ng suliranin sa transportasyon at maghanap ng pangmatagalang solusyon na hindi fossil fuels ang inaasahan o isang sistema kung saan puro nakakotse ang pinapahalagahan.","Giit ni Morillo, kahit magpapalit ang administrasyon, kailangang bumuo ng task force na mag-aayos ng suliranin sa transportasyon at maghanap ng pangmatagalang solusyon na hindi fossil fuels ang inaasahan o isang sistema kung saan puro nakakotse ang pinapahalagahan."
Mainit na tinanggap ng HD Spikers ang tatlong players sa kanilang koponan.,Mainit na tinanggap ng HD Spikers ang tatlong players sa kanilang koponan.
"Ayon kay Salceda, isusulong din ng CREATE at bagong PSA ang pamumuhunan sa makabagong mga imprastraktura sa mga rehiyon gaya ng bagong bukas na Bicol International Airport sa Albay na kanyang lalawigan, bukod sa edukadong mga manggagawa upang, makasabay ang Pilipinas sa mauunlad na bansa sa mundo.","Ayon kay Salceda, isusulong din ng CREATE at bagong PSA ang pamumuhunan sa makabagong mga imprastraktura sa mga rehiyon gaya ng bagong bukas na Bicol International Airport sa Albay na kanyang lalawigan, bukod sa edukadong mga manggagawa upang, makasabay ang Pilipinas sa mauunlad na bansa sa mundo."
"Bagama't matagal nang iginigiit ng mga progresibong grupo na ""indirect colony"" pa rin ng Estados Unidos o Tsina ang Pilipinas sa pamamagitan ng imperyalismo, Dekada '40 pa huling direktang naging kolonya ang Pilipinas.","Bagama't matagal nang iginigiit ng mga progresibong grupo na ""indirect colony"" pa rin ng Estados Unidos o Tsina ang Pilipinas sa pamamagitan ng imperyalismo, Dekada '40 pa huling direktang naging kolonya ang Pilipinas."
May ilang negatrons kasi na na nagsasabing parang may dalang sumpa raw yung may crying grooms sa kasal.,May ilang negatrons kasi na na nagsasabing parang may dalang sumpa raw yung may crying grooms sa kasal.
Kabilang sa parusa sa ilalim ng batas na ito ay ang pagkakakulong na anim hanggang labindalawang taon.,Kabilang sa parusa sa ilalim ng batas na ito ay ang pagkakakulong na anim hanggang labindalawang taon.
Wala pang pinal na desisyon si Peoples Champion Manny Pacquiao para sa kanyang “one last fight” na planong ganapin sa Enero sa susunod na taon.,Wala pang pinal na desisyon si Peoples Champion Manny Pacquiao para sa kanyang “one last fight” na planong ganapin sa Enero sa susunod na taon.
"Sa halip, naniniwala ang aktor na ang Diyos pa ang nag-akay sa kaniya patungo sa pagnenegosyo.","Sa halip, naniniwala ang aktor na ang Diyos pa ang nag-akay sa kaniya patungo sa pagnenegosyo."
"Oo, yung akala mo nga hala ngiti-ngiti, pero pag mag-isa ka na naman, ayan babalik na naman, dugtong ni Manilyn na aminadong hanggang ngayon ay dumarating pa rin ang lungkot sa pagpanaw ng kanyang ama.","Oo, yung akala mo nga hala ngiti-ngiti, pero pag mag-isa ka na naman, ayan babalik na naman, dugtong ni Manilyn na aminadong hanggang ngayon ay dumarating pa rin ang lungkot sa pagpanaw ng kanyang ama."
Papalakpakan ng kanilang pamilya at mga kaibigan ang desisyong ipapahayag nila.,Papalakpakan ng kanilang pamilya at mga kaibigan ang desisyong ipapahayag nila.
"Dahil dito, iminungkahi ng mambabatas na dapat gumawa ng isang ‘parallel reporting system’ kung saan oobligahin ang mga local government unit (LGU) na magsumite ng pangalan ng mga kumpirmadong nagpositibo sa COVID-19 gamit ang antigen test o yaong pinaniniwalaang positibo dahil may nakikitang sintomas o kasama sa bahay ng isang taong nagpositibo gamit ang PCR o antigen test.","Dahil dito, iminungkahi ng mambabatas na dapat gumawa ng isang ‘parallel reporting system’ kung saan oobligahin ang mga local government unit (LGU) na magsumite ng pangalan ng mga kumpirmadong nagpositibo sa COVID-19 gamit ang antigen test o yaong pinaniniwalaang positibo dahil may nakikitang sintomas o kasama sa bahay ng isang taong nagpositibo gamit ang PCR o antigen test."
"What we humbly and respectfully ask from your office, sir, is bigyan nyo po sana ng atensiyon at aksiyon yung mga issue na ito at umaasa po ako na makapag-launch ng investigation doon sa mga involved sa kaso namin.","What we humbly and respectfully ask from your office, sir, is bigyan nyo po sana ng atensiyon at aksiyon yung mga issue na ito at umaasa po ako na makapag-launch ng investigation doon sa mga involved sa kaso namin."
"Bukod sa warrant of arrest, nakita rin ang mga reklamo at komento kaugnay sa diumanoy mga panloloko ni Bagabaldo sa social media posts kabilang ang pagbebenta ng pekeng produkto at dalawa umano ang tumawag sa Makati Police na nagsabing sila ay na-scam din ng suspek.","Bukod sa warrant of arrest, nakita rin ang mga reklamo at komento kaugnay sa diumanoy mga panloloko ni Bagabaldo sa social media posts kabilang ang pagbebenta ng pekeng produkto at dalawa umano ang tumawag sa Makati Police na nagsabing sila ay na-scam din ng suspek."
"Ngayon, kasi hindi po makagalaw ang kapulisan kapag wala silang asset kasi roon po sila kumukuha ng trabaho, ayon sa isang suspek.","Ngayon, kasi hindi po makagalaw ang kapulisan kapag wala silang asset kasi roon po sila kumukuha ng trabaho, ayon sa isang suspek."
Naniniwala rin siya na hindi makakaapekto sa ginagawang pakikipag-negosasyon ng pamahalaan sa mga US manufacturers ang pagbabago ng lider ng Amerika.,Naniniwala rin siya na hindi makakaapekto sa ginagawang pakikipag-negosasyon ng pamahalaan sa mga US manufacturers ang pagbabago ng lider ng Amerika.
Ipinatawag daw siya sa opisina at pinabura ang video na ini-upload niya sa Tiktok.,Ipinatawag daw siya sa opisina at pinabura ang video na ini-upload niya sa Tiktok.
Especially kung napanood nyo ‘yung vlog ko na nagpunta ako sa Binondo.,Especially kung napanood nyo ‘yung vlog ko na nagpunta ako sa Binondo.
"Campo Filipino, dito.","Campo Filipino, dito."
"Ang daming illegally parked vehicles at saka yung mga truck, yung mga container po dyan po nakatengga yung iba kaya po kini-clear iniisa-isa na po namin yan,dagdag pa ni Nebrija.","Ang daming illegally parked vehicles at saka yung mga truck, yung mga container po dyan po nakatengga yung iba kaya po kini-clear iniisa-isa na po namin yan,dagdag pa ni Nebrija."
Base sa isa sa mga recent posts niya ay papunta sila bukas sa Bacolod para sa gaganaping peoples rally nina VP Leni Robredo-Kiko Pangilinan.,Base sa isa sa mga recent posts niya ay papunta sila bukas sa Bacolod para sa gaganaping peoples rally nina VP Leni Robredo-Kiko Pangilinan.
"Iguguhit po natin sa kasaysayan ng Pilipinas ang pangalan ng Hidilyn Diaz, at ayaw ko munang ianunsyo dahil baka mapalaki pa ang pabuya, pero milyun-milyon po ang ipinangako ng presidente para sa makakakamit ng gintong medalya, at ang pribadong sektor ay naglaan din ng milyun-milyon, dagdag pa niya.","Iguguhit po natin sa kasaysayan ng Pilipinas ang pangalan ng Hidilyn Diaz, at ayaw ko munang ianunsyo dahil baka mapalaki pa ang pabuya, pero milyun-milyon po ang ipinangako ng presidente para sa makakakamit ng gintong medalya, at ang pribadong sektor ay naglaan din ng milyun-milyon, dagdag pa niya."
"Ang Antique ay isang probinsyang punong-puno ng kasaysayan, at ang mga Antiqueño ay may taglay na talento at kakayahan na nararapat lamang bigyan ng pagkakataon na makilala at maipagmalaki hindi lamang sa Pilipinas kundi pati na rin sa ibang bansa, ani Legarda.","Ang Antique ay isang probinsyang punong-puno ng kasaysayan, at ang mga Antiqueño ay may taglay na talento at kakayahan na nararapat lamang bigyan ng pagkakataon na makilala at maipagmalaki hindi lamang sa Pilipinas kundi pati na rin sa ibang bansa, ani Legarda."
Bakit lalabas mo pa kahit naka labas na nga di parin ako nag react Pag usapan dapat natin dalawa hindi kailangan eh labas pero ganun ka eh linalabas mo eh well para naman ma protektaan ko sarili ko tsaka asawa ko kasi masyado kana riyan tsaka sobra na rin alam mo ginawa mo buntis ka tapos nag pa lag lag ka tama ba yun?,Bakit lalabas mo pa kahit naka labas na nga di parin ako nag react Pag usapan dapat natin dalawa hindi kailangan eh labas pero ganun ka eh linalabas mo eh well para naman ma protektaan ko sarili ko tsaka asawa ko kasi masyado kana riyan tsaka sobra na rin alam mo ginawa mo buntis ka tapos nag pa lag lag ka tama ba yun?
"Si Liza Hernandez, isa sa mga naging nobya rin ng former Los Angeles Lakers owner Jerry Buss, ang umanoy kasalukuyang girlfriend ni Mayweather.","Si Liza Hernandez, isa sa mga naging nobya rin ng former Los Angeles Lakers owner Jerry Buss, ang umanoy kasalukuyang girlfriend ni Mayweather."
"Paliwanag ni Hannah Carido ng DSWD, may ginawa silang adjustment sa kanilang target, kung saan 855,597 ang target na benepisyaryo noong Enero 2021 sa halip na 717,372.","Paliwanag ni Hannah Carido ng DSWD, may ginawa silang adjustment sa kanilang target, kung saan 855,597 ang target na benepisyaryo noong Enero 2021 sa halip na 717,372."
Matatandaan na una nang hinamon ng heneral ang mga kakandidato sa darating na Barangay at Sangguniang Kabataan Elections sa Oktubre na sumailalim muna sa drug test para mapatunayan ang pagiging malinis nila sa ilegal na droga.,Matatandaan na una nang hinamon ng heneral ang mga kakandidato sa darating na Barangay at Sangguniang Kabataan Elections sa Oktubre na sumailalim muna sa drug test para mapatunayan ang pagiging malinis nila sa ilegal na droga.
"Paalala naman ng aktres, hindi lang dapat mga karelasyon ang sinusubukan i-convert bagkus pati na rin ang mga kaibigan, kamag-anak, at mga kakilala.","Paalala naman ng aktres, hindi lang dapat mga karelasyon ang sinusubukan i-convert bagkus pati na rin ang mga kaibigan, kamag-anak, at mga kakilala."
"Si Baldonado ay inaresto nang pinagsanib na puwersa ng Drug Enforcement Unit Cluster 3 at SDEU sa isang joint buy-bust operation na isinagawa dakong alas-6:00 ng gabi ng Huwebes sa kahabaan ng Tambakan 2, Eusebio Avenue, Brgy.","Si Baldonado ay inaresto nang pinagsanib na puwersa ng Drug Enforcement Unit Cluster 3 at SDEU sa isang joint buy-bust operation na isinagawa dakong alas-6:00 ng gabi ng Huwebes sa kahabaan ng Tambakan 2, Eusebio Avenue, Brgy."
Ang sabi ay sa TV5 siya uli gagawa ng teleserye.,Ang sabi ay sa TV5 siya uli gagawa ng teleserye.
"Lalo na ang mga bumibida sa proyekto, mas maganda ang inaasahan sa kanila ng produksiyon, pero ilang beses nang nasisira ang pag-asa ng grupo mula sa isang kilalang female personality.","Lalo na ang mga bumibida sa proyekto, mas maganda ang inaasahan sa kanila ng produksiyon, pero ilang beses nang nasisira ang pag-asa ng grupo mula sa isang kilalang female personality."
"Nang tanungin na sina Bianca at Ruru kung ano so far ang kanilang best memories together, sinagot ng aktres-- Korea.","Nang tanungin na sina Bianca at Ruru kung ano so far ang kanilang best memories together, sinagot ng aktres-- Korea."
Bumaba naman ng 88% ang kaso ng nasaktan sa paputok sa Kamaynilaan.,Bumaba naman ng 88% ang kaso ng nasaktan sa paputok sa Kamaynilaan.
"Palalawakin din umano ang mga istasyon na kasalukuyang nakatayo sa Monumento, Bagong Barrio, at sa Guadalupe.","Palalawakin din umano ang mga istasyon na kasalukuyang nakatayo sa Monumento, Bagong Barrio, at sa Guadalupe."
Though may ilang nag-react lalo na nga at habang mainit na pinagtatalunan ito ay napatay ang isang tourist from New Zealand matapos nitong tangkaing labanan ang pagnanakaw ng naka-motor sa isang lugar sa Makati.,Though may ilang nag-react lalo na nga at habang mainit na pinagtatalunan ito ay napatay ang isang tourist from New Zealand matapos nitong tangkaing labanan ang pagnanakaw ng naka-motor sa isang lugar sa Makati.
Hindi na namin alam na magkakaanak pa kami.,Hindi na namin alam na magkakaanak pa kami.
"Anyway, napag-usapan namin ni Papa Noli ang na-cancel na Moronga Casino show ng kanyang misis sa Cabazon, California nang magkasakit ang Asias Nightingale.","Anyway, napag-usapan namin ni Papa Noli ang na-cancel na Moronga Casino show ng kanyang misis sa Cabazon, California nang magkasakit ang Asias Nightingale."
"Ito na ang ika-10 album ni TaylorJamil Santos/VBL, GMA News.","Ito na ang ika-10 album ni TaylorJamil Santos/VBL, GMA News."
Isa sa ikinagalit daw ni Britney sa libro ay ang ikuwento ang meltdown niya noong 2004 noong ikasal siya kay Jason Alexander sa Las Vegas.,Isa sa ikinagalit daw ni Britney sa libro ay ang ikuwento ang meltdown niya noong 2004 noong ikasal siya kay Jason Alexander sa Las Vegas.
"Tingnan mo si Andi Eigenmann, happy siya sa simpleng buhay sa Siargao.","Tingnan mo si Andi Eigenmann, happy siya sa simpleng buhay sa Siargao."
"Ayon pa sa pulisya, sinabi ng mga suspek na inaangkat nila ang droga sa katimugan at ihahatid sa Maynila.","Ayon pa sa pulisya, sinabi ng mga suspek na inaangkat nila ang droga sa katimugan at ihahatid sa Maynila."
"Ang ilan sa kanila, namamatay na lang sa karsel.","Ang ilan sa kanila, namamatay na lang sa karsel."
"Ayon naman kay Lauigan, kumpleto rin ito sa medical beds, oxygen tank, emergency supplies, electric fan at iba pa habang sasagutin naman ng LGU ang manpower o magbabantay sa naturang pasilidad.","Ayon naman kay Lauigan, kumpleto rin ito sa medical beds, oxygen tank, emergency supplies, electric fan at iba pa habang sasagutin naman ng LGU ang manpower o magbabantay sa naturang pasilidad."
"Dahil mayroon kasing agreement ang DSWD at Landbank na sila ang mag-disburse, saad ni Tanay Mayor Rafael Tanjuatco.","Dahil mayroon kasing agreement ang DSWD at Landbank na sila ang mag-disburse, saad ni Tanay Mayor Rafael Tanjuatco."
Isinusulong ng Ang Kabuhayan Partylist na ang bahagi ng pondo ng lokal na pamahalaan ay ibigay sa barangay bilang panimulang pautang at ang pagpapataas ng salaping ipapautang ay sa pamamagitan ng pagpapataas din ng alokasyon para sa mga barangay.,Isinusulong ng Ang Kabuhayan Partylist na ang bahagi ng pondo ng lokal na pamahalaan ay ibigay sa barangay bilang panimulang pautang at ang pagpapataas ng salaping ipapautang ay sa pamamagitan ng pagpapataas din ng alokasyon para sa mga barangay.
"Ayon kay Dhelta Bernardo, General Manager ng CTSC, ginigipit sila ng MTMD dahil sa paghuli sa mga tsuper at pagkumpiska sa lisensya ng mga bumibiyaheng driver.","Ayon kay Dhelta Bernardo, General Manager ng CTSC, ginigipit sila ng MTMD dahil sa paghuli sa mga tsuper at pagkumpiska sa lisensya ng mga bumibiyaheng driver."
Hindi na pinangalanan ni Galido ang pangalan ng 36 NPA maging kung saan sila nakatira upang hindi malaman ng mga dating kasamahan nila sa kilusan.,Hindi na pinangalanan ni Galido ang pangalan ng 36 NPA maging kung saan sila nakatira upang hindi malaman ng mga dating kasamahan nila sa kilusan.
Desidido si four-division world champion Donnie Nietes na maibalik ang ningning sa kanyang pangalan at muling makakuha ng world title.,Desidido si four-division world champion Donnie Nietes na maibalik ang ningning sa kanyang pangalan at muling makakuha ng world title.
"Nagtanim ng calamansi si Bea nitong huli, nagpundar na rin siya ng mga makinaryang pambukid tulad ng traktora, namitas siya ng mga gulay sa bakuran at nagluto siya ng pakbet.","Nagtanim ng calamansi si Bea nitong huli, nagpundar na rin siya ng mga makinaryang pambukid tulad ng traktora, namitas siya ng mga gulay sa bakuran at nagluto siya ng pakbet."
"The fact is, Mr. chair, yung pagtengga na bakit kami tumagal nang ganito?","The fact is, Mr. chair, yung pagtengga na bakit kami tumagal nang ganito?"
"Kinaumagahan, nakita sa CCTV na umalis ng sabungan ang Tamaraw FX na may kasunod na dalawang van, na inaalam na ngayon kung sino ang mga may-ari.","Kinaumagahan, nakita sa CCTV na umalis ng sabungan ang Tamaraw FX na may kasunod na dalawang van, na inaalam na ngayon kung sino ang mga may-ari."
Alam kong nasa gitna pa tayo ng krisis ngayon at nasunugan pa kayo ayon kay Go.,Alam kong nasa gitna pa tayo ng krisis ngayon at nasunugan pa kayo ayon kay Go.
"Sinabi ni David na hindi naman nila sinasabi ang posibleng mangyari pero sa nagdaang mga experience sa kaso ng virus, may malaking posibilidad na ito ay mangyari.","Sinabi ni David na hindi naman nila sinasabi ang posibleng mangyari pero sa nagdaang mga experience sa kaso ng virus, may malaking posibilidad na ito ay mangyari."
"Matapos na mapuruhan ang kapitana, mabilis na tumakas ang suspek gamit ang motorsiklo na dala ng isang naghihintay na kasabwat.","Matapos na mapuruhan ang kapitana, mabilis na tumakas ang suspek gamit ang motorsiklo na dala ng isang naghihintay na kasabwat."
"Kasama rito ang pag-designate ng COVID-19 protocol officer na makikipagtulungan sa local health office at LGU upang hanggat maari ay matiyak na napaptupad ang minimum public health safety protocol sa mga evacuation centers, dagdag ng PNP Chief.","Kasama rito ang pag-designate ng COVID-19 protocol officer na makikipagtulungan sa local health office at LGU upang hanggat maari ay matiyak na napaptupad ang minimum public health safety protocol sa mga evacuation centers, dagdag ng PNP Chief."
"Ipapakita ko na hanggang ngayon si Seth pa rin nakilala nila no’ng una na ganyan na nag-grow dahil sa tulong nilang lahat,” nakangiting pahayag ni Seth.","Ipapakita ko na hanggang ngayon si Seth pa rin nakilala nila no’ng una na ganyan na nag-grow dahil sa tulong nilang lahat,” nakangiting pahayag ni Seth."
“Antayin na lang daw namin ang next apo namin kay Onyok.,“Antayin na lang daw namin ang next apo namin kay Onyok.
Kinolekta ni Kate Yasmin Velasco ng Philippine Navy-Standard Insurance ang kanyang ikalawang sunod na panalo sa PhilCycling National Trials for Road sa Clark Freeport Zone sa Pampanga noong Linggo.,Kinolekta ni Kate Yasmin Velasco ng Philippine Navy-Standard Insurance ang kanyang ikalawang sunod na panalo sa PhilCycling National Trials for Road sa Clark Freeport Zone sa Pampanga noong Linggo.
"Hindi lang nila ma-confirm sa ngayon, at hindi rin masabi kung buong showbiz career ba ng aktor o endorsements nito.","Hindi lang nila ma-confirm sa ngayon, at hindi rin masabi kung buong showbiz career ba ng aktor o endorsements nito."
Kahit na masungit at hindi naging maganda ang pakikitungo ni Lino ay hindi pa rin aalis si Anna at babalik pa nga sa mga susunod pang mga gabi para tumambay sa parking booth ni Lino.,Kahit na masungit at hindi naging maganda ang pakikitungo ni Lino ay hindi pa rin aalis si Anna at babalik pa nga sa mga susunod pang mga gabi para tumambay sa parking booth ni Lino.
Dahil dito ay naniniwala si Tolentino na lalakas ang tsansa ng bansang makamit ang inaasam na kauna-unahang Olympic gold medal.,Dahil dito ay naniniwala si Tolentino na lalakas ang tsansa ng bansang makamit ang inaasam na kauna-unahang Olympic gold medal.
"Dagdag pa ng Makati LGU, hindi rin binabayaran ng Smart ang franchise tax deficiency nito na nagkakahalagang P3.2.","Dagdag pa ng Makati LGU, hindi rin binabayaran ng Smart ang franchise tax deficiency nito na nagkakahalagang P3.2."
"Nang makausap namin si direk Manny noong nakaraang Sabado, nadala na raw sa Arlington ang labi ng ina ni Jean at naka-freeze muna ito.","Nang makausap namin si direk Manny noong nakaraang Sabado, nadala na raw sa Arlington ang labi ng ina ni Jean at naka-freeze muna ito."
"Samantala, umpisa rin sa Hunyo 27 ay ipatutupad naman ang gun ban sa buong National Capital Region na tatagal hanggang Hulyo 2.","Samantala, umpisa rin sa Hunyo 27 ay ipatutupad naman ang gun ban sa buong National Capital Region na tatagal hanggang Hulyo 2."
"Kung magtutuloy-tuloy ang pagkontrol sa transmission, tayo po lahat ay nagho-hope that by Christmas time ay magkaroon tayo ng mas maluwag na classification and restriction sa mga kababayan, wika ni Vergeire.","Kung magtutuloy-tuloy ang pagkontrol sa transmission, tayo po lahat ay nagho-hope that by Christmas time ay magkaroon tayo ng mas maluwag na classification and restriction sa mga kababayan, wika ni Vergeire."
"Patuloy ng aming impormante, Sa kabuuang taping nila sa isang linggo, e, libre lang ang isa, pumayag pa rin ang mga hosts.","Patuloy ng aming impormante, Sa kabuuang taping nila sa isang linggo, e, libre lang ang isa, pumayag pa rin ang mga hosts."
"Napakaraming nagawa si Kitchie para sa industriya ng telebisyon sa bansa, marami siyang artistang napasikat at may mga pelikula rin na tinulungan niyang gawin.","Napakaraming nagawa si Kitchie para sa industriya ng telebisyon sa bansa, marami siyang artistang napasikat at may mga pelikula rin na tinulungan niyang gawin."
"Batay sa imbestigasyon, dakong 9:00 pm nitong Miyerkules nang maaksidente si Ayaton sa national highway sa bahagi ng Barangay Sampaga.","Batay sa imbestigasyon, dakong 9:00 pm nitong Miyerkules nang maaksidente si Ayaton sa national highway sa bahagi ng Barangay Sampaga."
"Samantala, mga mga ilan na umaayon sa paglilimita ng mga uuwi tulad ni Marivic Husain Jaron ay mas mabuti raw na may limit sa pag-uwi dahil para rin naman daw sa lahat na maging safe pagdating sa Pilipinas.","Samantala, mga mga ilan na umaayon sa paglilimita ng mga uuwi tulad ni Marivic Husain Jaron ay mas mabuti raw na may limit sa pag-uwi dahil para rin naman daw sa lahat na maging safe pagdating sa Pilipinas."
Ang bawat may edad nang magpapabakuna ay tatanggap nang dalawang libong piso mula sa kaban ng Pandi.,Ang bawat may edad nang magpapabakuna ay tatanggap nang dalawang libong piso mula sa kaban ng Pandi.
Nasa kaniyang pre-med ng pag-aaral na noon si Aicelle nang sumali siya sa kaniyang kauna-unahang singing contest.,Nasa kaniyang pre-med ng pag-aaral na noon si Aicelle nang sumali siya sa kaniyang kauna-unahang singing contest.
"Maraming panahon na pakiramdam ko mag-isa lang ako pero 'yung kamay mo 'yung nandiyan para meron akong mahawakan at makapitan, sabi ni Bianca.","Maraming panahon na pakiramdam ko mag-isa lang ako pero 'yung kamay mo 'yung nandiyan para meron akong mahawakan at makapitan, sabi ni Bianca."
"Sa video na mapapanood sa GMA News Feed, makikita sa kuha ng CCTV sa Barangay General Malvar 7-A sa Davao City, ang isang lalaki na tila naghahanap ng bahay na papasukin.","Sa video na mapapanood sa GMA News Feed, makikita sa kuha ng CCTV sa Barangay General Malvar 7-A sa Davao City, ang isang lalaki na tila naghahanap ng bahay na papasukin."
"Sa pagsulpot at pagdami ng mga pahayagan, hindi nagpatinag at nagpakabog ang PSN.","Sa pagsulpot at pagdami ng mga pahayagan, hindi nagpatinag at nagpakabog ang PSN."
"Matagal nang usap-usapan ang relasyon nina Vice Ganda at Ion pero noong October, 2019 lang kinumpirma ng una ang kanilang relasyon matapos ang kanyang “Magpasikat” performance sa Its Showtime.","Matagal nang usap-usapan ang relasyon nina Vice Ganda at Ion pero noong October, 2019 lang kinumpirma ng una ang kanilang relasyon matapos ang kanyang “Magpasikat” performance sa Its Showtime."
"Una nang sinabi ni presidential spokesperson Harry Roque kahapon na darating ang 487,200 doses ng AstraZeneca mamayang gabi sa pamamagitan ng COVAX facility, bagay na hindi pa kinukumpirma ni vaccine czar Carlito Galvez Jr.","Una nang sinabi ni presidential spokesperson Harry Roque kahapon na darating ang 487,200 doses ng AstraZeneca mamayang gabi sa pamamagitan ng COVAX facility, bagay na hindi pa kinukumpirma ni vaccine czar Carlito Galvez Jr."
"Bukod sa mainstay runner siya sa “Running Man Philippines”, kasama rin siya sa cast ng Kapusong primetime series na Mano Po Legacy: The Flower Sisters.","Bukod sa mainstay runner siya sa “Running Man Philippines”, kasama rin siya sa cast ng Kapusong primetime series na Mano Po Legacy: The Flower Sisters."
"Nang makakita ng isang ilog na may balsa na maaaring hatakin gamit ang lubid, tumigil ang dalawa at nakita ang isang dalaga na namimingwit para bigyan ng premyo.","Nang makakita ng isang ilog na may balsa na maaaring hatakin gamit ang lubid, tumigil ang dalawa at nakita ang isang dalaga na namimingwit para bigyan ng premyo."
Kumpirmado na ang pagdating ng ilang kilalang NBA stars.,Kumpirmado na ang pagdating ng ilang kilalang NBA stars.
"Nang matanong tungkol sa kasal, sinabi ni Jak na handang-handa siyang magpakasal.","Nang matanong tungkol sa kasal, sinabi ni Jak na handang-handa siyang magpakasal."
"Base sa report ng GMA Regional TV One North Central Luzon, na iniulat din sa Unang Balita nitong Martes, makikita sa isang video ang pag-iinuman ng dalawang grupo ng mga lalaki sa magkabilang mesa sa Barangay San Juan.","Base sa report ng GMA Regional TV One North Central Luzon, na iniulat din sa Unang Balita nitong Martes, makikita sa isang video ang pag-iinuman ng dalawang grupo ng mga lalaki sa magkabilang mesa sa Barangay San Juan."
Nabatid na ang naturang sawa ay nalaglag lamang umano mula sa isang malaking puno ng balete sa loob ng Neptali Gonzales Compound sa naturang lungsod bago mag-alas-12:00 ng hatinggabi.,Nabatid na ang naturang sawa ay nalaglag lamang umano mula sa isang malaking puno ng balete sa loob ng Neptali Gonzales Compound sa naturang lungsod bago mag-alas-12:00 ng hatinggabi.
"Hindi raw siya nagalit at hindi rin sumama ang loob sa mga nag-text sa kanya, nalungkot lang si Andrew.","Hindi raw siya nagalit at hindi rin sumama ang loob sa mga nag-text sa kanya, nalungkot lang si Andrew."
"Bukod kay Alice, kasama rin sina Andrea Torres at Bianca Umali sa tatlong asawa ni Dennis sa serye.","Bukod kay Alice, kasama rin sina Andrea Torres at Bianca Umali sa tatlong asawa ni Dennis sa serye."
Noong panahon aniya niya bilang BuCor Director General ay isang Supreme Court Justice ang humingi ng tulong sa kanya matapos pagbantaan ang kanyang buhay kung hindi papaboran ang drug case nito.,Noong panahon aniya niya bilang BuCor Director General ay isang Supreme Court Justice ang humingi ng tulong sa kanya matapos pagbantaan ang kanyang buhay kung hindi papaboran ang drug case nito.
Mas mataas din umano ang singil sa presyo ng kuryente sa Olongapo kung ikukumparasa mga kalapit na bayan.,Mas mataas din umano ang singil sa presyo ng kuryente sa Olongapo kung ikukumparasa mga kalapit na bayan.
Dinala sa ospital ang biktimang rider na si Alvin Mendez.,Dinala sa ospital ang biktimang rider na si Alvin Mendez.
Sinabi ng mga barangay officials na ang mga biktima at mga suspek ay matagal nang magkaaway at may mga nakabimbin pang argumento kabilang ang religious case ng mga ito sa barangay.,Sinabi ng mga barangay officials na ang mga biktima at mga suspek ay matagal nang magkaaway at may mga nakabimbin pang argumento kabilang ang religious case ng mga ito sa barangay.
Sa tanong ng kanyang ina ay lumalabas na pinabayaan ni Marilyn ang dalawang anak sa iniwan na lang sa kanyang magulang.,Sa tanong ng kanyang ina ay lumalabas na pinabayaan ni Marilyn ang dalawang anak sa iniwan na lang sa kanyang magulang.
Natatakot lang ang mga nakakabasa at nakakarinig sa mga papuri ng girl sa BF niya.,Natatakot lang ang mga nakakabasa at nakakarinig sa mga papuri ng girl sa BF niya.
"Nagulat siya at hindi raw niya akalaing mag-hit sa TikTok ang dalawa niyang kantang Aussie, Aussie (O Sige) at Shoot Shoot na hindi naman sumikat nung inilunsad niya ito 14 years ago.","Nagulat siya at hindi raw niya akalaing mag-hit sa TikTok ang dalawa niyang kantang Aussie, Aussie (O Sige) at Shoot Shoot na hindi naman sumikat nung inilunsad niya ito 14 years ago."
Kahit nga raw may takot at pangamba sa tuwing malakas ang ulan ay nagtitiis na lang sila talaga dahil wala naman silang ibang lugar na pupuntahan lalo nat may tatlo silang mga anak.,Kahit nga raw may takot at pangamba sa tuwing malakas ang ulan ay nagtitiis na lang sila talaga dahil wala naman silang ibang lugar na pupuntahan lalo nat may tatlo silang mga anak.
"Sa ulat ng Unang Balita nitong Miyerkoles, inilahad ng isang staff na umuulan noon at kumakain sila ng hapunan nang may lalaki na kumatok at sinabing may nakita siyang sanggol na iniwan sa lababo sa labas ng pagamutan.","Sa ulat ng Unang Balita nitong Miyerkoles, inilahad ng isang staff na umuulan noon at kumakain sila ng hapunan nang may lalaki na kumatok at sinabing may nakita siyang sanggol na iniwan sa lababo sa labas ng pagamutan."
"Ayon sa mag-asawa, ang responsibidad nila bilang mga botante ay kasinghalaga rin ng kinabukasan ng kanilang mga anak kaya naman kahit alam nilang marami ang masa-shock at kukuwestiyon sa kanilang desisyon, kailangan silang manindigan para na rin sa bayan.","Ayon sa mag-asawa, ang responsibidad nila bilang mga botante ay kasinghalaga rin ng kinabukasan ng kanilang mga anak kaya naman kahit alam nilang marami ang masa-shock at kukuwestiyon sa kanilang desisyon, kailangan silang manindigan para na rin sa bayan."
Kaarawan ngayon ng singer-actor na si Sam Milby pero hindi niya kasama ang kanyang girlfriend na si 2018 Miss Universe Catriona Gray.,Kaarawan ngayon ng singer-actor na si Sam Milby pero hindi niya kasama ang kanyang girlfriend na si 2018 Miss Universe Catriona Gray.
"Inangkin ni Nievarez ang gintong medalya sa mens lightweight single sculls habang nagreyna sina Delgaco at ang nagretiro nang si Melcah Jen Caballero sa womens lightweight double at lightweight single sculls, ayon sa pagkakasunod, noong 2019 Manila edition.","Inangkin ni Nievarez ang gintong medalya sa mens lightweight single sculls habang nagreyna sina Delgaco at ang nagretiro nang si Melcah Jen Caballero sa womens lightweight double at lightweight single sculls, ayon sa pagkakasunod, noong 2019 Manila edition."
"Aniya, ang mga lugar kung saan maglalagay ng satellite registration ay dapat na may zero COVID-19 cases sa nakalipas na 14-araw bago ang itatakdang pagrerehistro roon, kayat nahihirapan silang maghanap ng mga lugar na paglalagyan nito.","Aniya, ang mga lugar kung saan maglalagay ng satellite registration ay dapat na may zero COVID-19 cases sa nakalipas na 14-araw bago ang itatakdang pagrerehistro roon, kayat nahihirapan silang maghanap ng mga lugar na paglalagyan nito."
Ang isa lang daw sa ikinadismaya niya during the competition ay ang mga bashing na inabot niya roon.,Ang isa lang daw sa ikinadismaya niya during the competition ay ang mga bashing na inabot niya roon.
"Maliban kay Marcial, ang iba pang national boxers na lalaban sa 2021 Tokyo Olympics ay sina flyweight Irish Magno, featherweight Nesthy Petecio at light flyweight Carlo Paalam.","Maliban kay Marcial, ang iba pang national boxers na lalaban sa 2021 Tokyo Olympics ay sina flyweight Irish Magno, featherweight Nesthy Petecio at light flyweight Carlo Paalam."
"Pandemya ngayon, napakahalaga ng pag-asa at pananampalataya, kaya lagi nating sinasabing walang bibitiw at hawak pa nang mahigpit.","Pandemya ngayon, napakahalaga ng pag-asa at pananampalataya, kaya lagi nating sinasabing walang bibitiw at hawak pa nang mahigpit."
"Sa ulat ng OCTA nitong Lunes, sinabing nagkaroon ng 8% na pag-angat sa positive growth rate sa NCR matapos makapagtala 435 cases per day mula Nov.","Sa ulat ng OCTA nitong Lunes, sinabing nagkaroon ng 8% na pag-angat sa positive growth rate sa NCR matapos makapagtala 435 cases per day mula Nov."
"Cotabato CITY, Philippines —Tatlong tricycle drivers ang nasawi nang pagbabarilin ng dalawang lalaki na sakay ng motorsiklo sa Brgy.","Cotabato CITY, Philippines —Tatlong tricycle drivers ang nasawi nang pagbabarilin ng dalawang lalaki na sakay ng motorsiklo sa Brgy."
Wala umanong dokumento ang proyekto at hindi awtorisado ng BuCor ngunit inamin niya na kagamitan ng ahensya ang ginamit dito kabilang ang isang backhoe.,Wala umanong dokumento ang proyekto at hindi awtorisado ng BuCor ngunit inamin niya na kagamitan ng ahensya ang ginamit dito kabilang ang isang backhoe.
"Nang paalis umano ng biktima ang suspek, doon na ito nanaksak at unang inatake ang security aide.","Nang paalis umano ng biktima ang suspek, doon na ito nanaksak at unang inatake ang security aide."
Kinilala at sinaluduhan niya ang mahalagang papel na ginagampanan ng mga magsasaka sa pagtiyak ng supply ng pagkain ng mga Pilipino gayundin sa pagpapanatili ng ekonomiya ng bansa.,Kinilala at sinaluduhan niya ang mahalagang papel na ginagampanan ng mga magsasaka sa pagtiyak ng supply ng pagkain ng mga Pilipino gayundin sa pagpapanatili ng ekonomiya ng bansa.
"Pero nang matanong nga siya tungkol sa pinagagawang dream house nila ni Dingdong, nakiusap si Marian na wag muna itong pag-usapan.","Pero nang matanong nga siya tungkol sa pinagagawang dream house nila ni Dingdong, nakiusap si Marian na wag muna itong pag-usapan."
"Aniya, ang naturang paggamit ng wang-wang ay naging simbulo ng pang-aabuso sa kapangyarihan.","Aniya, ang naturang paggamit ng wang-wang ay naging simbulo ng pang-aabuso sa kapangyarihan."
"Pero kung susubukan natin makipag-ayos o makipagkasundo sa ating mga kagalit o kaaway, magiging payapa ang ating pamumuhay.","Pero kung susubukan natin makipag-ayos o makipagkasundo sa ating mga kagalit o kaaway, magiging payapa ang ating pamumuhay."
"Ayon kay De Guzman, kung makipag-ugnayan ang DOJ sa NCCA ay maaaring mapabilis ang pagkuha ng permit para maipagpatuloy ang pagsasaliksik.","Ayon kay De Guzman, kung makipag-ugnayan ang DOJ sa NCCA ay maaaring mapabilis ang pagkuha ng permit para maipagpatuloy ang pagsasaliksik."
As in parang gusto raw nitong makausap si Paolo para pasalamatan sa nangyari.,As in parang gusto raw nitong makausap si Paolo para pasalamatan sa nangyari.
"Dahil kompleto naman daw sila sa papeles, pumayag ang pari na ikasal sila.","Dahil kompleto naman daw sila sa papeles, pumayag ang pari na ikasal sila."
"Nasa maayos nang kalagayan ang lola, na nagtamo ng sugat sa ulo.","Nasa maayos nang kalagayan ang lola, na nagtamo ng sugat sa ulo."
"Ang pag-automate ng mga proseso at pagbibigay ng online services sa mga miyembro at employers ay kabilang sa ExpreSSS digitalization campaign upang mas maging simple, mas mabilis, at mas madaling proseso ng transaksyon, dagdag ni Ignacio.","Ang pag-automate ng mga proseso at pagbibigay ng online services sa mga miyembro at employers ay kabilang sa ExpreSSS digitalization campaign upang mas maging simple, mas mabilis, at mas madaling proseso ng transaksyon, dagdag ni Ignacio."
"May mga ilang artista rin na nagpa-manage sa kanila noon, pero hindi pa kasi uso iyan, kaya wala ring nangyari.","May mga ilang artista rin na nagpa-manage sa kanila noon, pero hindi pa kasi uso iyan, kaya wala ring nangyari."
Taong 2017 nang palitan ni Lim ang dating chairperson at general manager ng MMDA na si Thomas Orbos sa ilalim ng administration ni Pangulong Rodrigo Duterte may mga ulat mula sa News5.,Taong 2017 nang palitan ni Lim ang dating chairperson at general manager ng MMDA na si Thomas Orbos sa ilalim ng administration ni Pangulong Rodrigo Duterte may mga ulat mula sa News5.
Natanong din ito kung nakakaramdam daw ba ito ng pressure bilang anak ng music royalty na itinanggi nito dahil mahal daw nito ang musika at enjoy ito sa pag-perform.,Natanong din ito kung nakakaramdam daw ba ito ng pressure bilang anak ng music royalty na itinanggi nito dahil mahal daw nito ang musika at enjoy ito sa pag-perform.
Hinihintay pa ng GMA News Online ang komento ng kampo nina Bantag at Zulueta.,Hinihintay pa ng GMA News Online ang komento ng kampo nina Bantag at Zulueta.
Wala namang nasugatan o namatay sa insidente.,Wala namang nasugatan o namatay sa insidente.
"Maraming nagtatanong sa akin kung ano ang nararamdaman ko dahil hanggang ngayon ay wala pang nakakabura sa six-gold medal na nakuha ko sa SEA Games noong 1991, ani Buhain.","Maraming nagtatanong sa akin kung ano ang nararamdaman ko dahil hanggang ngayon ay wala pang nakakabura sa six-gold medal na nakuha ko sa SEA Games noong 1991, ani Buhain."
Hindi pa naman klaro kung papatawan ng mga parusa ang mga community pantries na mamahagi pa rin ng alak o sigarilyo sa gitna ng pandemya.,Hindi pa naman klaro kung papatawan ng mga parusa ang mga community pantries na mamahagi pa rin ng alak o sigarilyo sa gitna ng pandemya.
Tumatanggi silang pag-usapan ito.,Tumatanggi silang pag-usapan ito.
Simple lang naman ang hiling ng national athletes -- maibigay lang ang allowance at masunod ang petsang itinakda sa pamimigay nito.,Simple lang naman ang hiling ng national athletes -- maibigay lang ang allowance at masunod ang petsang itinakda sa pamimigay nito.
"Sabi ng co-manager ni Jane de Leon na si Tyrone Escalante, totoo raw yung nasulat namin na may three new endorsements ang Kapamilya star, pero bukod daw roon, may iba pa ring gagawin ang nagbida sa Darna, ang katatapos lang na fantaserye ng ABS-CBN.","Sabi ng co-manager ni Jane de Leon na si Tyrone Escalante, totoo raw yung nasulat namin na may three new endorsements ang Kapamilya star, pero bukod daw roon, may iba pa ring gagawin ang nagbida sa Darna, ang katatapos lang na fantaserye ng ABS-CBN."
"Gusto nga raw ng Papa niya na i-invite si Vic Sotto, pero alam daw niyang nag-iingat din si Bossing Vic at hindi ito gaanong naglalabas, kaya hindi na niya inimbita.","Gusto nga raw ng Papa niya na i-invite si Vic Sotto, pero alam daw niyang nag-iingat din si Bossing Vic at hindi ito gaanong naglalabas, kaya hindi na niya inimbita."
"Nang magkita nga raw sina Mama Guy at Snooky, nagyakap at sobra silang nagtsikahan.","Nang magkita nga raw sina Mama Guy at Snooky, nagyakap at sobra silang nagtsikahan."
Kanina lang nang sabihin ng MMDA na nakausap na nila si Interior Secretary Behur Abalos na maglalabas ang Department of the Interior Government ng memorandum para sa mga local government units kaugnay ng transport strikes.,Kanina lang nang sabihin ng MMDA na nakausap na nila si Interior Secretary Behur Abalos na maglalabas ang Department of the Interior Government ng memorandum para sa mga local government units kaugnay ng transport strikes.
Sapagkat tayo man ay nagtataksil din sa ating Panginoon sa pamamagitan ng paulit-ulit na paggawa ng kasalanan.,Sapagkat tayo man ay nagtataksil din sa ating Panginoon sa pamamagitan ng paulit-ulit na paggawa ng kasalanan.
Join the community of nations in condemning kasi (because) after all it is an encroachment on international law Ang delikado pa sa atin kasi kung ma-establish ang precedent na yung Russia puwede pala mag-invade ng sinasabi nilang territory nila baka...mangyari.,Join the community of nations in condemning kasi (because) after all it is an encroachment on international law Ang delikado pa sa atin kasi kung ma-establish ang precedent na yung Russia puwede pala mag-invade ng sinasabi nilang territory nila baka...mangyari.
"Isang linggo na raw hindi stable ang kanyang blood pressure, umiinom na nga siya ng maintenance medicines para doon, at sinabihan siya ng doctor na huwag magpapagod, iwasan ang mga usok, iwasan din ang stress at huwag na munang kakanta.","Isang linggo na raw hindi stable ang kanyang blood pressure, umiinom na nga siya ng maintenance medicines para doon, at sinabihan siya ng doctor na huwag magpapagod, iwasan ang mga usok, iwasan din ang stress at huwag na munang kakanta."
Nabatid na karamihan sa mga mag-partner ay inabutan ng pandemya na dulot ng COVID-19 sa kanilang planong pagpapakasal at dahil sa magkakasunod na lockdown sa loob ng halos dalawang taon ay tuluyan na silang nagsasama bilang “mag-asawa”.,Nabatid na karamihan sa mga mag-partner ay inabutan ng pandemya na dulot ng COVID-19 sa kanilang planong pagpapakasal at dahil sa magkakasunod na lockdown sa loob ng halos dalawang taon ay tuluyan na silang nagsasama bilang “mag-asawa”.
"Kapag nakapagtayo ng maraming (water) dams, marami rin ang maitatayong hydroelectric power at solar power plants, ayon kay De Jesus.","Kapag nakapagtayo ng maraming (water) dams, marami rin ang maitatayong hydroelectric power at solar power plants, ayon kay De Jesus."
"Sa teorya ng pulisya, posible umanong inakala ng salarin na patay na rin ang dalaga nang tumakas ito sa crime scene.","Sa teorya ng pulisya, posible umanong inakala ng salarin na patay na rin ang dalaga nang tumakas ito sa crime scene."
Talagang magkakabit na ang showbiz at politics.,Talagang magkakabit na ang showbiz at politics.
"Sa Roman Catholic, may sense kasi na gunitain sila kaya pumupunta tayo sa sementeryo, paliwanag ni Flores.--.","Sa Roman Catholic, may sense kasi na gunitain sila kaya pumupunta tayo sa sementeryo, paliwanag ni Flores.--."
"Mula sa ginawa ni Asiado, sinubukang isabuhay ng “Good News” ang sitwasyon at nagsagawa ng social experiment kung saan isang ate at isang kuya ang hiwalay na magpapanggap na mga pagod na trabahador at makikiusap sa mga karinderya na kanin lang ang bibilhin nila at hihingi na lang ng libreng sabaw dahil wala na silang pera.","Mula sa ginawa ni Asiado, sinubukang isabuhay ng “Good News” ang sitwasyon at nagsagawa ng social experiment kung saan isang ate at isang kuya ang hiwalay na magpapanggap na mga pagod na trabahador at makikiusap sa mga karinderya na kanin lang ang bibilhin nila at hihingi na lang ng libreng sabaw dahil wala na silang pera."
Milyong Pinoy sa NCR ay tumanggap na ng unang bakuna.,Milyong Pinoy sa NCR ay tumanggap na ng unang bakuna.
"Pero nagdeklara umano si Gniby na walang siya pakialam sa sinasabi ni Samb, at doon na nangyari ang sampalan na humantong sa kaguluhan.--Reuters/FRJ.","Pero nagdeklara umano si Gniby na walang siya pakialam sa sinasabi ni Samb, at doon na nangyari ang sampalan na humantong sa kaguluhan.--Reuters/FRJ."
"Aniya, isa raw ito sa mga dahilan kung bakit siya laging sumasama sa mga meeting ng pangulo para maklaro sa publiko kung nagbibiro lang ang 75-anyos — na dati nang inuungkat ang estado ng kalusugan.","Aniya, isa raw ito sa mga dahilan kung bakit siya laging sumasama sa mga meeting ng pangulo para maklaro sa publiko kung nagbibiro lang ang 75-anyos — na dati nang inuungkat ang estado ng kalusugan."
"From start to finish, iyon ang ginawa talaga namin.","From start to finish, iyon ang ginawa talaga namin."
Tatlong pamilya umano ang nakatira sa mga bahay na ito.,Tatlong pamilya umano ang nakatira sa mga bahay na ito.
"Nang dumami ang dine in at pickup, kinailangan na niya ng dagdag na empleyado.","Nang dumami ang dine in at pickup, kinailangan na niya ng dagdag na empleyado."
"Ito yung sinasabi ni Kuya Germs before, na kailangang mag-business mag-business.","Ito yung sinasabi ni Kuya Germs before, na kailangang mag-business mag-business."
Inaalam din ng mga imbestigador kung nakainom ang driver na kaniya namang itinanggi.--FRJ.,Inaalam din ng mga imbestigador kung nakainom ang driver na kaniya namang itinanggi.--FRJ.
"Ani Morillo, pwedeng gamitin ang pondo ng gobyerno upang maaayos ang pampublikong transportasyon sa pagpapaiksi ng biyahe at paghihintay sa mga sakayan.","Ani Morillo, pwedeng gamitin ang pondo ng gobyerno upang maaayos ang pampublikong transportasyon sa pagpapaiksi ng biyahe at paghihintay sa mga sakayan."
Nakakuha ng kopya ng CCTV footage ang dalaga at agad itong nag-viral ilang sandali lang matapos niya itong i-post sa kanyang Facebook wall.,Nakakuha ng kopya ng CCTV footage ang dalaga at agad itong nag-viral ilang sandali lang matapos niya itong i-post sa kanyang Facebook wall.
Agad naman daw ibinigay ng vaccination team ang tamang COVID-19 vaccine dose sa vaccinee matapos ipakita ang naturang video.,Agad naman daw ibinigay ng vaccination team ang tamang COVID-19 vaccine dose sa vaccinee matapos ipakita ang naturang video.
Matapos ang tres ni Caracut para sa 113-105 bentahe ng Elasto Painters sa huling 3:19 minuto ng fourth quarter ay bumida si Williams sa 13-5 atake ng Dyip para tumabla sa 118-118 sa nalalabing 24.3.,Matapos ang tres ni Caracut para sa 113-105 bentahe ng Elasto Painters sa huling 3:19 minuto ng fourth quarter ay bumida si Williams sa 13-5 atake ng Dyip para tumabla sa 118-118 sa nalalabing 24.3.
Bagamat malayo pa ang araw eleksyon ngayon pa lang ay nagsimula nang mag-ikot sa kanilang nasasakupan ang pamilyang ito.,Bagamat malayo pa ang araw eleksyon ngayon pa lang ay nagsimula nang mag-ikot sa kanilang nasasakupan ang pamilyang ito.
"Sa isang vlog, pinakita ni Basel ang kanyang sorpresa para sa kanyang matapat na driver na dinala sa bentahan ng motorsiklo, pinapirma ng papeles, at binigay ang regalo.","Sa isang vlog, pinakita ni Basel ang kanyang sorpresa para sa kanyang matapat na driver na dinala sa bentahan ng motorsiklo, pinapirma ng papeles, at binigay ang regalo."
Sinabi ni Estoperez na nakikipag-ugnayan na sila sa local government units (LGUs) lalo na sa lalawigan ng Cebu upang magtulungan na mapigilan pa ang pagkalat ng virus.,Sinabi ni Estoperez na nakikipag-ugnayan na sila sa local government units (LGUs) lalo na sa lalawigan ng Cebu upang magtulungan na mapigilan pa ang pagkalat ng virus.
Ano-ano nga ba ang mga hayop na nasa zoo at papaano makatutulong sa kanila?,Ano-ano nga ba ang mga hayop na nasa zoo at papaano makatutulong sa kanila?
"Sa halip, red-tagging, union-busting, forced disaffiliation sa mga progresibong unyon at pag-aresto raw ang hinarap ng kanilang sektor.","Sa halip, red-tagging, union-busting, forced disaffiliation sa mga progresibong unyon at pag-aresto raw ang hinarap ng kanilang sektor."
Itinakda rin nila ang parade ng mga pelikula at mga artista kung bisperas ng Pasko.,Itinakda rin nila ang parade ng mga pelikula at mga artista kung bisperas ng Pasko.
"Pero dahil nag-iiyak si Rose at marahil sa takot, dinala na siya ng lalaking employer sa agency nila sa Dammam.","Pero dahil nag-iiyak si Rose at marahil sa takot, dinala na siya ng lalaking employer sa agency nila sa Dammam."
"Pero more than anything, grateful talaga ako sa tiwalang ibinigay ng ABS-CBN sa akin at sa lahat ng mga Momshies na nanood at tumutok,” pagtatapos ng aktres.","Pero more than anything, grateful talaga ako sa tiwalang ibinigay ng ABS-CBN sa akin at sa lahat ng mga Momshies na nanood at tumutok,” pagtatapos ng aktres."
Pag ganyan ang ugali ng isang estudyante tiyak na magagawa niyang matapos ang pag-aaral.,Pag ganyan ang ugali ng isang estudyante tiyak na magagawa niyang matapos ang pag-aaral.
"Babalik sa Houston si Vande Heimatapos sumailalim sa medical checkup habang patungo naman sa training base sa Star City, Russia ang mga cosmonaut na kasama niya.","Babalik sa Houston si Vande Heimatapos sumailalim sa medical checkup habang patungo naman sa training base sa Star City, Russia ang mga cosmonaut na kasama niya."
"Pero nang suriin ni Fortun ang mga labi ni Villamor, sinabi nito na namatay bilanggo dahil hindi nakahinga dulot ng pagsuklob ng plastic bag sa kaniyang ulo.","Pero nang suriin ni Fortun ang mga labi ni Villamor, sinabi nito na namatay bilanggo dahil hindi nakahinga dulot ng pagsuklob ng plastic bag sa kaniyang ulo."
"Arestado sa operasyon ng PNP-AKG ang isa sa mga kidnaper na sina Ma. Rachel Erica Gonzales, registered owner ng Mitsubishi Strada at asawa ng suspek na siyang negotiator na si John Paolo Gonzales habang pinaghahanap pa ang apat na iba pa.","Arestado sa operasyon ng PNP-AKG ang isa sa mga kidnaper na sina Ma. Rachel Erica Gonzales, registered owner ng Mitsubishi Strada at asawa ng suspek na siyang negotiator na si John Paolo Gonzales habang pinaghahanap pa ang apat na iba pa."
"Talagang may chance pa rin na kahit may bakuna sila, maaari pa rin silang makakuha at magtago ng rabies virus sa loob ng katawan nila, paliwanag niya.","Talagang may chance pa rin na kahit may bakuna sila, maaari pa rin silang makakuha at magtago ng rabies virus sa loob ng katawan nila, paliwanag niya."
"Sabi naman ni Marian sa nakaraang presscon ng renewal niya bilang Brand Ambassador ng Beautederm Home, ang importante raw sa kanila ay masaya sila sa taping at ang ganda ng samahan nilang lahat.","Sabi naman ni Marian sa nakaraang presscon ng renewal niya bilang Brand Ambassador ng Beautederm Home, ang importante raw sa kanila ay masaya sila sa taping at ang ganda ng samahan nilang lahat."
Aminado ang isang suspek na nagsusuplay sila sa mga tulak ng shabu.,Aminado ang isang suspek na nagsusuplay sila sa mga tulak ng shabu.
Una nang napababa ang kaso ng malnutrisyon ng batang Malabonian mula 7.1%.,Una nang napababa ang kaso ng malnutrisyon ng batang Malabonian mula 7.1%.
"Sa ulat ni Russel Simorio sa GMA Regional TV ""One North Central Luzon"" nitong Lunes, galit at sama ng loob ang nararamdaman ng ina sa 37-anyos na suspek dahil sa ginawa sa kaniyang anak.","Sa ulat ni Russel Simorio sa GMA Regional TV ""One North Central Luzon"" nitong Lunes, galit at sama ng loob ang nararamdaman ng ina sa 37-anyos na suspek dahil sa ginawa sa kaniyang anak."
Natapos ni Dangca ang kanyang pag-aaral at nakapagtrabaho bilang disability support worker sa isang care facility para sa matatanda kasabay ng pagiging janitor niya.,Natapos ni Dangca ang kanyang pag-aaral at nakapagtrabaho bilang disability support worker sa isang care facility para sa matatanda kasabay ng pagiging janitor niya.
"Totoo po ‘yun, na after po nung nagpahinga kami ilang linggo lang para sa last lock-in taping namin, lahat kami ganadong magtrabaho.","Totoo po ‘yun, na after po nung nagpahinga kami ilang linggo lang para sa last lock-in taping namin, lahat kami ganadong magtrabaho."
"1, i-encourage namin ang aming mga miyembro na wag muna tumanggap ng PhilHealth from January 1 to January 5, nang sa ganon po, gusto lang namin ipakita ang aming pagsuporta sa aming mga kasamang ospital, ani De Grano sa panayam sa telebisyon.","1, i-encourage namin ang aming mga miyembro na wag muna tumanggap ng PhilHealth from January 1 to January 5, nang sa ganon po, gusto lang namin ipakita ang aming pagsuporta sa aming mga kasamang ospital, ani De Grano sa panayam sa telebisyon."
"Nitongjune 2021,mayroong1,339kabataan na may kapansanan ang na-profile ngdisability focal personsat dito ay may1,163ang tumanggap ng serbisyo saKabahagi Center;may1,240 therapy servicesang nakinabang na mga kabataan at ang pamilya ng mga batang may kapansanan ay mayroong dagdag benepisyo tulad nglivelihood training ateducational workshops.Ang.","Nitongjune 2021,mayroong1,339kabataan na may kapansanan ang na-profile ngdisability focal personsat dito ay may1,163ang tumanggap ng serbisyo saKabahagi Center;may1,240 therapy servicesang nakinabang na mga kabataan at ang pamilya ng mga batang may kapansanan ay mayroong dagdag benepisyo tulad nglivelihood training ateducational workshops.Ang."
Lalarga rin ang engkuwentro ng National University at Far Eastern University sa alas-12:30 ng hapon gayundin ang duwelo ng University of the East at De La Salle University sa alas-7 ng gabi.,Lalarga rin ang engkuwentro ng National University at Far Eastern University sa alas-12:30 ng hapon gayundin ang duwelo ng University of the East at De La Salle University sa alas-7 ng gabi.
"Nasabat ng mga tauhan ng Manila Police District ang nasa P12 milyong halaga ng shabu buhat sa isang hinihinalang bigtime na ‘tulak’ sa isang buy-bust operation sa Quiapo, Maynila nitong Huwebes ng madaling araw.","Nasabat ng mga tauhan ng Manila Police District ang nasa P12 milyong halaga ng shabu buhat sa isang hinihinalang bigtime na ‘tulak’ sa isang buy-bust operation sa Quiapo, Maynila nitong Huwebes ng madaling araw."
Bibigyan ang may-ari o kinatawan ng bodega ng 15 araw para magpresenta ng mga kaukulang dokumento na nagpapakita ng pagiging legal ng kanilang mga produkto.,Bibigyan ang may-ari o kinatawan ng bodega ng 15 araw para magpresenta ng mga kaukulang dokumento na nagpapakita ng pagiging legal ng kanilang mga produkto.
Pinayo pa ni Enrile na kailangan umano na maging maingat at hindi dapat magpakita ng pagka-arogante sa kapangyarihan sa pag-uugali bilang public person lalo pa nga at naa-identified ito sa kasalukuyang administrasyon.,Pinayo pa ni Enrile na kailangan umano na maging maingat at hindi dapat magpakita ng pagka-arogante sa kapangyarihan sa pag-uugali bilang public person lalo pa nga at naa-identified ito sa kasalukuyang administrasyon.
"Yun ang laging tanong sa amin,” pagbabahagi ni Yves.","Yun ang laging tanong sa amin,” pagbabahagi ni Yves."
"Yung 2021 budget, ginawa siya panahon na ng pandemic.","Yung 2021 budget, ginawa siya panahon na ng pandemic."
"Ang aktibidad ay bahagi rin ng pagdiriwang ng QC sa National Bike Day noong November 18, 2022.","Ang aktibidad ay bahagi rin ng pagdiriwang ng QC sa National Bike Day noong November 18, 2022."
Naabutan ng mga rumespondeng pulis ang pagsigaw ng biktima na humingi ng tulong pero nang puwersahan nilang pasukin ang bahay ay tumambad na sa kanila ang duguang katawan ni Fantone.,Naabutan ng mga rumespondeng pulis ang pagsigaw ng biktima na humingi ng tulong pero nang puwersahan nilang pasukin ang bahay ay tumambad na sa kanila ang duguang katawan ni Fantone.
Parang naghahanap daw sila ng mas magandang programa na talagang magtsa-challenge ang galing nila sa pag-arte.,Parang naghahanap daw sila ng mas magandang programa na talagang magtsa-challenge ang galing nila sa pag-arte.
"Tulad ng ibang negosyo, hindi rin maiiwasan ang bogus buyers o joy miners o mga nag-""mine"" pero hindi naman talaga bibili.","Tulad ng ibang negosyo, hindi rin maiiwasan ang bogus buyers o joy miners o mga nag-""mine"" pero hindi naman talaga bibili."
"Hindi ka naman humihingi ng pabalik, yung pulitika sa tabi lang yan, makahulugang pahayag ni Binoe noong 2018 yun.","Hindi ka naman humihingi ng pabalik, yung pulitika sa tabi lang yan, makahulugang pahayag ni Binoe noong 2018 yun."
"Kinabibilangan ito ng Davao City, Dipolog City at Quezon City na napili ng WWF sa labing-anim (16) na mga siyudad na sumali sa patimpalak.","Kinabibilangan ito ng Davao City, Dipolog City at Quezon City na napili ng WWF sa labing-anim (16) na mga siyudad na sumali sa patimpalak."
Ibig sabihin niyan may isang kumpanya nang magbabalik sa paggawa ng mga pelikulang seryoso.,Ibig sabihin niyan may isang kumpanya nang magbabalik sa paggawa ng mga pelikulang seryoso.
"Malugod namang tinanggap ni Domagoso ang desisyon ni De Castro na bitiwan ang naturang senatorial candidacy: ""In truth, when my team was convincing him to run once more for the Senate, he contemplated on it for a long time.","Malugod namang tinanggap ni Domagoso ang desisyon ni De Castro na bitiwan ang naturang senatorial candidacy: ""In truth, when my team was convincing him to run once more for the Senate, he contemplated on it for a long time."
"Tinanong ni Toni kung ilang taon si Ivana nang ma-heartbroken, “17-years-old,” sagot ng dalaga.","Tinanong ni Toni kung ilang taon si Ivana nang ma-heartbroken, “17-years-old,” sagot ng dalaga."
Papayagan lamang na makasakay ang Authorized Person Outside Residence (APOR) subalit kailangang magpakita sila ng identification card bilang patunay.,Papayagan lamang na makasakay ang Authorized Person Outside Residence (APOR) subalit kailangang magpakita sila ng identification card bilang patunay.
Sinabi ng Pangulo na hindi kailangang umabot sa 110 milyon ang bakuna.,Sinabi ng Pangulo na hindi kailangang umabot sa 110 milyon ang bakuna.
"Dito, maaari daw nilang iulat ang mga isyung kanilang nararanasan.","Dito, maaari daw nilang iulat ang mga isyung kanilang nararanasan."
Pag-alala pa ng aming impormante.,Pag-alala pa ng aming impormante.
Sa Taiwan pa raw ito nangyari kaya talagang hindi niya pa rin makalimutan hanggang ngayon.,Sa Taiwan pa raw ito nangyari kaya talagang hindi niya pa rin makalimutan hanggang ngayon.
"Obviously, yung love na yun hindi naman din naman mawawala yun overnight or in a week or in a month, sabi ni Carla, na hindi pa raw kayang sagutin si Tom kung sakaling tatawag ito sa telepono para kausapin siyaLBG, GMA Integrated News.","Obviously, yung love na yun hindi naman din naman mawawala yun overnight or in a week or in a month, sabi ni Carla, na hindi pa raw kayang sagutin si Tom kung sakaling tatawag ito sa telepono para kausapin siyaLBG, GMA Integrated News."
"Bagamat sinabi na niya na suportado siya ng kanyang pamilya sa kanyang gender preference, nag-aabang pa rin ang madlang pipol kung ano nga ba ang magiging pahayag ni Megastar at Sen.","Bagamat sinabi na niya na suportado siya ng kanyang pamilya sa kanyang gender preference, nag-aabang pa rin ang madlang pipol kung ano nga ba ang magiging pahayag ni Megastar at Sen."
"Sa kabila ng dami ng mga nagpunta sa kaganapan simula ika-7 ng Enero, napansin ng DOH na marami pa rin sa kanila ay sumusunod sa minimum public health standards laban sa nakamamatay na sakit.","Sa kabila ng dami ng mga nagpunta sa kaganapan simula ika-7 ng Enero, napansin ng DOH na marami pa rin sa kanila ay sumusunod sa minimum public health standards laban sa nakamamatay na sakit."
"Kahit mataas-taas pa rin ang bilang ng nahahawaan ng coronavirus disease (COVID-19), desidido ang gobyerno na magluwag ng quarantine restrictions sa punong rehiyon at mga kalapit nitong probinsya simula Sabado.","Kahit mataas-taas pa rin ang bilang ng nahahawaan ng coronavirus disease (COVID-19), desidido ang gobyerno na magluwag ng quarantine restrictions sa punong rehiyon at mga kalapit nitong probinsya simula Sabado."
"Dumadalo siya sa maraming pagtitipon mula sa mga lungsod na may matataas na kaso ng COVID-19 at pagkatapos ay pupunta sa mga probinsya, giit ni Ramos.","Dumadalo siya sa maraming pagtitipon mula sa mga lungsod na may matataas na kaso ng COVID-19 at pagkatapos ay pupunta sa mga probinsya, giit ni Ramos."
Susubukan ng Gin Kings na itiklop ang kanilang title wars ng Bolts sa Game Six ngayong alas-6 ng gabi sa Smart Araneta Coliseum.,Susubukan ng Gin Kings na itiklop ang kanilang title wars ng Bolts sa Game Six ngayong alas-6 ng gabi sa Smart Araneta Coliseum.
"Ayon sa nag-upload ng video, hindi nila inaasahan na mag-viral online ang kanilang ""drive-thru in style"" na video.","Ayon sa nag-upload ng video, hindi nila inaasahan na mag-viral online ang kanilang ""drive-thru in style"" na video."
Bukod sa pagiging artista ay abala rin ngayon si Yassi Pressman bilang isang negosyante.,Bukod sa pagiging artista ay abala rin ngayon si Yassi Pressman bilang isang negosyante.
Handa naman daw ang kanilang kampo at mga volunteer lawyers na tumulong oras na i-red tag at iharas ang kanilang mga tagasuporta.,Handa naman daw ang kanilang kampo at mga volunteer lawyers na tumulong oras na i-red tag at iharas ang kanilang mga tagasuporta.
Ika-24 ng Mayo naman nang dumating ng Pilipinas mula Saudi ang ikaapat na kaso at nakatapos na ng kanyang kinakailangang isolation period.,Ika-24 ng Mayo naman nang dumating ng Pilipinas mula Saudi ang ikaapat na kaso at nakatapos na ng kanyang kinakailangang isolation period.
"Sabi naman ng line producer ng Heavens Best Entertainment na si Dennis Evangelista, pursigido pa rin daw si Harlene Bautista na gawin ang isang pelikulang pagbibidahan ni Paolo na kukunan ang kabuuan sa Italy.","Sabi naman ng line producer ng Heavens Best Entertainment na si Dennis Evangelista, pursigido pa rin daw si Harlene Bautista na gawin ang isang pelikulang pagbibidahan ni Paolo na kukunan ang kabuuan sa Italy."
"Same habang nagbabasa ako ng script,” paliwanag ng baguhang aktres.","Same habang nagbabasa ako ng script,” paliwanag ng baguhang aktres."
Iayos yong planting season na hindi tatama roon sa maraming bagyo.,Iayos yong planting season na hindi tatama roon sa maraming bagyo.
Arnie Teves sa Pilipinas pero natatakot umano ito sa mga banta sa kanyang buhay.,Arnie Teves sa Pilipinas pero natatakot umano ito sa mga banta sa kanyang buhay.
"Sa ilalim ng programa, mahigit 800 barangay na ‘free’ na sa mga rebelde ang mabibiyayaan ng P20 milyon kada barangay para pondohan ang kanilang ibat ibang community development program.","Sa ilalim ng programa, mahigit 800 barangay na ‘free’ na sa mga rebelde ang mabibiyayaan ng P20 milyon kada barangay para pondohan ang kanilang ibat ibang community development program."
"Grabe, na may mga tao na hindi ko akalain na handa akong tulungan pag kailangan ko.","Grabe, na may mga tao na hindi ko akalain na handa akong tulungan pag kailangan ko."
"Nagiging popular umano ngayon sa mga influencer ang tinatawag na ""sleep stream"" sa Twitch, ang livestream na ginagamit ng mga gamer at lifestylecasters.","Nagiging popular umano ngayon sa mga influencer ang tinatawag na ""sleep stream"" sa Twitch, ang livestream na ginagamit ng mga gamer at lifestylecasters."
Labis naman ang pagsisisi ng suspek sa ginawa at humiling siya na mapatawad sana siya.,Labis naman ang pagsisisi ng suspek sa ginawa at humiling siya na mapatawad sana siya.
"Siyempre, magbibigay ka ng advice kung hihingi ng advice sa yo, di ba?","Siyempre, magbibigay ka ng advice kung hihingi ng advice sa yo, di ba?"
"Pero nang malaman ko ho pati yung aming sinasakang lupa ay gusto nilang sakupin, doon na ho ako umalis sa kanila kasi yung daanan ho naming hinarangan nila, bale binakuran nila ayon sa biktima.","Pero nang malaman ko ho pati yung aming sinasakang lupa ay gusto nilang sakupin, doon na ho ako umalis sa kanila kasi yung daanan ho naming hinarangan nila, bale binakuran nila ayon sa biktima."
Sinabi ng opisyal sa paliparan sa Maldives na pagdating dito ay hinatid ang grupo ni Rajapaksa sa isang hindi tinukoy na lugar.,Sinabi ng opisyal sa paliparan sa Maldives na pagdating dito ay hinatid ang grupo ni Rajapaksa sa isang hindi tinukoy na lugar.
"Indibidwal ng first dose, inaasahan nila na may 2.1.","Indibidwal ng first dose, inaasahan nila na may 2.1."
"Ngayon hindi na ako masyadong takot, dahil tiyak ko pag may nangyari sa akin, may isang Bong Revilla na mag-aasikaso, magbibigay oras habang hindi maayos ang kinalalagyan ko.","Ngayon hindi na ako masyadong takot, dahil tiyak ko pag may nangyari sa akin, may isang Bong Revilla na mag-aasikaso, magbibigay oras habang hindi maayos ang kinalalagyan ko."
"Palibhasa, parehong palaban ang dalawang ito, asahan na ang sobrang intense na bangayan.","Palibhasa, parehong palaban ang dalawang ito, asahan na ang sobrang intense na bangayan."
"Ang nasabing grupo ang responsable rin sa pagdukot kay Guang Lin noong Disyembre 18, 2020.Nagbayad.","Ang nasabing grupo ang responsable rin sa pagdukot kay Guang Lin noong Disyembre 18, 2020.Nagbayad."
Nagkasakit daw kasi siya after na manggaling sa California.,Nagkasakit daw kasi siya after na manggaling sa California.
Nagsagawa na raw ang Las Piñas Police ng backtracking sa mga lugar kung saan huling nakita si Mendoza at sa sasakyan kung saan siya pinatay.,Nagsagawa na raw ang Las Piñas Police ng backtracking sa mga lugar kung saan huling nakita si Mendoza at sa sasakyan kung saan siya pinatay.
"Kakainin po yung ating national budget, ayon kay Lacson.","Kakainin po yung ating national budget, ayon kay Lacson."
"Nagpapasalamat po kami kay Pangulong Duterte at Senator Bong Go dahil napakalaki ng tulong ng ibinigay nila para sa pagsisimulang muli namin ng buhay sa bansa, sabi ng isang migrant workers na hindi muna binanggit ang pangalan.","Nagpapasalamat po kami kay Pangulong Duterte at Senator Bong Go dahil napakalaki ng tulong ng ibinigay nila para sa pagsisimulang muli namin ng buhay sa bansa, sabi ng isang migrant workers na hindi muna binanggit ang pangalan."
"Una nang humingi ng tawad ang akusado patungkol sa paggulong pa sa biktima kahit nabangga na, habang ipinaliliwanag na natakot at nag-""panic"" lang siya matapos ang insidente kaya humarurot paalis.","Una nang humingi ng tawad ang akusado patungkol sa paggulong pa sa biktima kahit nabangga na, habang ipinaliliwanag na natakot at nag-""panic"" lang siya matapos ang insidente kaya humarurot paalis."
Anim na bayan ang una nang isinailalim ng kanilang mga opisyal sa state of calamity dahil sa paulit-ulit na pagbaha na dala ng malakas na pag-ulan mula noong huling linggo ng Hulyo at unang bahagi ng buwan ng Agosto.,Anim na bayan ang una nang isinailalim ng kanilang mga opisyal sa state of calamity dahil sa paulit-ulit na pagbaha na dala ng malakas na pag-ulan mula noong huling linggo ng Hulyo at unang bahagi ng buwan ng Agosto.
"Mula sa Bangkok, dumiretso ang Kapamilya couple sa Chiang Mai at nilibot ang ilang tourist attractions doon kabilang na ang isang elephant sanctuary kung saan pwedeng makipaglaro ang mga turista sa mga elepante roon.","Mula sa Bangkok, dumiretso ang Kapamilya couple sa Chiang Mai at nilibot ang ilang tourist attractions doon kabilang na ang isang elephant sanctuary kung saan pwedeng makipaglaro ang mga turista sa mga elepante roon."
Saka hindi ko naman din sila kalaban sa totoo lang.,Saka hindi ko naman din sila kalaban sa totoo lang.
"Pagtulak ko lumabas na lahat, dagdag ni Apple.","Pagtulak ko lumabas na lahat, dagdag ni Apple."
"Dapat lagi tayong handa for the next pandemic, Deltacron man o maski anong variant, o bagong pandemic, dagdag ng senador.","Dapat lagi tayong handa for the next pandemic, Deltacron man o maski anong variant, o bagong pandemic, dagdag ng senador."
"Sa ulat, dakong alas-4:20 ng madaling araw, mabilis na binabagtas ng Hi Ace van (DAM-5737) na minamaneho ni Ofong ang kahabaan ng highway nang bigla silang salpukin ng kasalubong na AUV na minamaneho ni Marlo Anies Tacalan na lumihis ng linya.","Sa ulat, dakong alas-4:20 ng madaling araw, mabilis na binabagtas ng Hi Ace van (DAM-5737) na minamaneho ni Ofong ang kahabaan ng highway nang bigla silang salpukin ng kasalubong na AUV na minamaneho ni Marlo Anies Tacalan na lumihis ng linya."
"Kaya kayo Donnalyn at Alex, gayahin nyo na lang sila, baka yung ginagawa lang nila ang tama—balahurain nyo ang sarili nyo, papangitin nyo.","Kaya kayo Donnalyn at Alex, gayahin nyo na lang sila, baka yung ginagawa lang nila ang tama—balahurain nyo ang sarili nyo, papangitin nyo."
Nilinaw rin ni Bolano na layon ng programa na dumaan sa modernization ang operasyon at ang mga uri ng unit ng mga jeep na ginagamit sa bansa.,Nilinaw rin ni Bolano na layon ng programa na dumaan sa modernization ang operasyon at ang mga uri ng unit ng mga jeep na ginagamit sa bansa.
Nabanggit pa ng dalaga na puwede naman daw ang house tour pero huwag ipakita lahat para hindi magkaroon ng ideya ang masasamanf loob.,Nabanggit pa ng dalaga na puwede naman daw ang house tour pero huwag ipakita lahat para hindi magkaroon ng ideya ang masasamanf loob.
Ilan sa kanila ang nag-iingat sa dami ng kanilang nakakahalubilo.,Ilan sa kanila ang nag-iingat sa dami ng kanilang nakakahalubilo.
Kinakailangan lamang aniya ng mga estudyante na ipakita ang kanilang school ID at orihinal na enrollment form sa passenger assistance booth upang mabigyan sila ng single journey ticket para sa libreng sakay.,Kinakailangan lamang aniya ng mga estudyante na ipakita ang kanilang school ID at orihinal na enrollment form sa passenger assistance booth upang mabigyan sila ng single journey ticket para sa libreng sakay.
Hanggang sa makapag-asawa na ang dalawa nilang anak at nakapagpatayo ng magandang bahay.,Hanggang sa makapag-asawa na ang dalawa nilang anak at nakapagpatayo ng magandang bahay.
"Anyway, hintayin na lang natin ang ibang details pero ayon sa source, lahat daw ng studio at transmitter ng Kapamilya network ay kabilang sa nagaganap na bilihan.","Anyway, hintayin na lang natin ang ibang details pero ayon sa source, lahat daw ng studio at transmitter ng Kapamilya network ay kabilang sa nagaganap na bilihan."
"Sa pahayag din ng isa sa mga suspek, tinukoy niya na mayroon ngang mastermind sa krimen ngunit hindi pa muna nagbigay ng detalye ang kalihim dahil kailangan pa rin umanong suriin ang impormasyon.","Sa pahayag din ng isa sa mga suspek, tinukoy niya na mayroon ngang mastermind sa krimen ngunit hindi pa muna nagbigay ng detalye ang kalihim dahil kailangan pa rin umanong suriin ang impormasyon."
"Maging si National Task Force Against COVID-19 deputy chief implementer Vince Dizon ay sinabing kung hindi irerekomenda na mga vaccine expert panel ang Sinovac, posibleng hindi ito ang bilhin ng gobyerno.","Maging si National Task Force Against COVID-19 deputy chief implementer Vince Dizon ay sinabing kung hindi irerekomenda na mga vaccine expert panel ang Sinovac, posibleng hindi ito ang bilhin ng gobyerno."
Dito na umano tinamaan si Salazar na malaunan ay binawian ng buhay.,Dito na umano tinamaan si Salazar na malaunan ay binawian ng buhay.
"Sa naantalang ulat na nakarating kahapon sa Camp Crame, nangyari ang insidente sa Sitio Kalubihan ng bandang alas-5:40 ng madaling-araw.","Sa naantalang ulat na nakarating kahapon sa Camp Crame, nangyari ang insidente sa Sitio Kalubihan ng bandang alas-5:40 ng madaling-araw."
Sa Talk to the People ni Pangulong Duterte na ganap nang nabakunahan ng bansa ang 76.70%.,Sa Talk to the People ni Pangulong Duterte na ganap nang nabakunahan ng bansa ang 76.70%.
Itinanggi naman ng suspect ang paratang at sinabing nagbibiro lang siya nang magpakilalang ama ng biktima.,Itinanggi naman ng suspect ang paratang at sinabing nagbibiro lang siya nang magpakilalang ama ng biktima.
Minsan hindi mo inaasahan kung saan darating ang isang pagkakataon.,Minsan hindi mo inaasahan kung saan darating ang isang pagkakataon.
Isa ang alitan sa pamilya sa mga sinisilip na anggulo sa nasabing krimen habang hindi naman isinasantabi ang iba pang motibo.,Isa ang alitan sa pamilya sa mga sinisilip na anggulo sa nasabing krimen habang hindi naman isinasantabi ang iba pang motibo.
"Kuwento ng mga nakatira sa lugar, ilang araw nang walang takip ang manhole na nilagyan lang ng harang.","Kuwento ng mga nakatira sa lugar, ilang araw nang walang takip ang manhole na nilagyan lang ng harang."
"Hinanakit ng isang vendor, kabibili lang niya ng kaniyang mga paninda na kinuha ng raiding team.","Hinanakit ng isang vendor, kabibili lang niya ng kaniyang mga paninda na kinuha ng raiding team."
Bukod sa tatlong i-phone ay Halos isang bilyon ang halaga nang nawala kay Ronnie at kasintahang si Loisa Andalio.,Bukod sa tatlong i-phone ay Halos isang bilyon ang halaga nang nawala kay Ronnie at kasintahang si Loisa Andalio.
"Una nang itinaas ng DFA ang Alert Level 4 sa Ukraine, dahilan para iutos ang sapilitang pagpapaalis ng mga manggagawang Pilipino sa naturang bansa.","Una nang itinaas ng DFA ang Alert Level 4 sa Ukraine, dahilan para iutos ang sapilitang pagpapaalis ng mga manggagawang Pilipino sa naturang bansa."
Patuloy naman umano ang monitoring at oberbasyon dito upang mabatid kung makakategorya ito na panibagong ‘sub-variant’ ng Omicron o panibagong variant ng COVID-19.,Patuloy naman umano ang monitoring at oberbasyon dito upang mabatid kung makakategorya ito na panibagong ‘sub-variant’ ng Omicron o panibagong variant ng COVID-19.
"Lumabas 'yung babae, 'yung special child.","Lumabas 'yung babae, 'yung special child."
"Sabi ng aming impormante, Ganun siya kayabang!","Sabi ng aming impormante, Ganun siya kayabang!"
"Pero kahit walang ligawan na nangyari, sinabi ni Carmina na humingi siya ng ""signs"" kung si Zoren na nga ba ang para sa kaniya.","Pero kahit walang ligawan na nangyari, sinabi ni Carmina na humingi siya ng ""signs"" kung si Zoren na nga ba ang para sa kaniya."
“Sino ba namang hindi dumaan sa pagsubok nitong pandemya na ito?,“Sino ba namang hindi dumaan sa pagsubok nitong pandemya na ito?
"Upang mapataas ang tsansa na makamit ang “strong finish” sa kampanya laban sa iligal na droga, binigyang-diin ni Sermonia na tututukan ng PNP Directorate for Operations (DO) ang pagpapalakas sa mga polisiya gayundin ang pagbuhay sa mga programa at aktibidad na napatunayan nang epektibo sa paglaban sa iligal na droga.","Upang mapataas ang tsansa na makamit ang “strong finish” sa kampanya laban sa iligal na droga, binigyang-diin ni Sermonia na tututukan ng PNP Directorate for Operations (DO) ang pagpapalakas sa mga polisiya gayundin ang pagbuhay sa mga programa at aktibidad na napatunayan nang epektibo sa paglaban sa iligal na droga."
"Ikinukuwento pa ng source ni Nay Cristy, na kapag dumarating daw si Aljur at magluluto ng pagkain yung kanilang kasambahay, sasabihin diumano ni Kylie, Huwag ka nang magluto, hayaan mo siyang magutom.","Ikinukuwento pa ng source ni Nay Cristy, na kapag dumarating daw si Aljur at magluluto ng pagkain yung kanilang kasambahay, sasabihin diumano ni Kylie, Huwag ka nang magluto, hayaan mo siyang magutom."
"Gusto raw niyang gawin iyon habang hindi pa naman siya talaga naglalalabas ng bahay, pero may sinabi na siya na in a few more days may ia-announce na siyang gagawin niyang project at ang ginamit pa niyang salita ay “mayroon na akong makaka-collab”.","Gusto raw niyang gawin iyon habang hindi pa naman siya talaga naglalalabas ng bahay, pero may sinabi na siya na in a few more days may ia-announce na siyang gagawin niyang project at ang ginamit pa niyang salita ay “mayroon na akong makaka-collab”."
Mali rin ang palagay ng kanilang damage controller na makalipas ang isang taon ay hindi na magiging issue kung aminin na nila ni Julia ang relasyon nila.,Mali rin ang palagay ng kanilang damage controller na makalipas ang isang taon ay hindi na magiging issue kung aminin na nila ni Julia ang relasyon nila.
Ito ang mariing sinabi ni Lakas-CMD vice presidential candidate at Davao City Mayor Sara Duterte sa kaniyang ka-tandem na si presidential frontrunner Ferdinand “Bongbong” Marcos Jr.,Ito ang mariing sinabi ni Lakas-CMD vice presidential candidate at Davao City Mayor Sara Duterte sa kaniyang ka-tandem na si presidential frontrunner Ferdinand “Bongbong” Marcos Jr.
"Malaki ang tiwala ko na mai-execute niya nang maayos ang mga sensitibong eksena namin,” paliwanag niya.","Malaki ang tiwala ko na mai-execute niya nang maayos ang mga sensitibong eksena namin,” paliwanag niya."
Sinabi ni Duterte na puwedeng ipagamit ang mga hotel at motels sa gitna nang kakulangan sa pasilidad dahil sa patuloy na pagtaas ng bilang ng may COVID-19.,Sinabi ni Duterte na puwedeng ipagamit ang mga hotel at motels sa gitna nang kakulangan sa pasilidad dahil sa patuloy na pagtaas ng bilang ng may COVID-19.
"Matatandaang noong nakaraang linggo, isa ang nasaktan sa pagpapasabog sa loob ng isang bus sa Koronadal City.","Matatandaang noong nakaraang linggo, isa ang nasaktan sa pagpapasabog sa loob ng isang bus sa Koronadal City."
"Kinilala ang nasawi na si Andrei John Almazan, habang ang sugatang backrider ay si Roswell Gepte, 21; kapwa ng Brgy.","Kinilala ang nasawi na si Andrei John Almazan, habang ang sugatang backrider ay si Roswell Gepte, 21; kapwa ng Brgy."
Milyong halaga ng mga commodities ang nasa mga bodega ng DOH central office at handang ipakalat anumang oras kapag kinakailangan ng isang lugar.,Milyong halaga ng mga commodities ang nasa mga bodega ng DOH central office at handang ipakalat anumang oras kapag kinakailangan ng isang lugar.
"Dead-on-the-spot ang biktimang si Nelon Manalo, 52, magsasaka habang nadakip naman ng mga awtoridad ang suspek at misis nitong si Imelda, 51, kapwa residente ng Purok uno, Brgy.","Dead-on-the-spot ang biktimang si Nelon Manalo, 52, magsasaka habang nadakip naman ng mga awtoridad ang suspek at misis nitong si Imelda, 51, kapwa residente ng Purok uno, Brgy."
Noong Enero na naniniwala siyang gumagana ang judicial system ng bansa.,Noong Enero na naniniwala siyang gumagana ang judicial system ng bansa.
Isa sa hindi makakalimutan sa Siargao ay ang teardrop-shaped island na kilala bilang best surfing island dahil mababait daw ang alon at nakikipaglaro sa mga surfers.,Isa sa hindi makakalimutan sa Siargao ay ang teardrop-shaped island na kilala bilang best surfing island dahil mababait daw ang alon at nakikipaglaro sa mga surfers.
Ang Noralyn na may make-up ang nakikita at nagugustuhan ng mga lalaking nakilala niya sa social media.,Ang Noralyn na may make-up ang nakikita at nagugustuhan ng mga lalaking nakilala niya sa social media.
"Bago makipag-usap sa mga mamamahayag, pinangunahan ni Pangulong Marcos ang groundbreaking ng anim na proyektong pabahay sa Bulacan, na maaaring makabuo ng hanggang 30,000 shelter units.","Bago makipag-usap sa mga mamamahayag, pinangunahan ni Pangulong Marcos ang groundbreaking ng anim na proyektong pabahay sa Bulacan, na maaaring makabuo ng hanggang 30,000 shelter units."
"Dahil sa gitna ng tubig nangyari ang lindol, mabababa lang ang ""instrumental intensities"" naitala sa mga sumusunod na lugar.","Dahil sa gitna ng tubig nangyari ang lindol, mabababa lang ang ""instrumental intensities"" naitala sa mga sumusunod na lugar."
Nauna nang binanggit ni Duterte sa kanyang regular na ‘Talk to the People’ na hindi niya aatrasan ang China kahit buhay pa niya ang maging kapalit sa kabila ng napakalaki umano nating utang na loob sa China dahil sa mga donasyong bakuna sa bansa.,Nauna nang binanggit ni Duterte sa kanyang regular na ‘Talk to the People’ na hindi niya aatrasan ang China kahit buhay pa niya ang maging kapalit sa kabila ng napakalaki umano nating utang na loob sa China dahil sa mga donasyong bakuna sa bansa.
Nakikita naman daw sa suot niya kung sino raw ang dapat iboto.,Nakikita naman daw sa suot niya kung sino raw ang dapat iboto.
Si Rubilen nga ang script consultant ng nasabing sports drama series habang si Johann naman ang naging coach ni Kylie.,Si Rubilen nga ang script consultant ng nasabing sports drama series habang si Johann naman ang naging coach ni Kylie.
Pero mas mabuti rin aniya kung may karanasan lalo na sa pag-i-interview o mga naging ahente.,Pero mas mabuti rin aniya kung may karanasan lalo na sa pag-i-interview o mga naging ahente.
Sigurado ako na-miss ng mga tao si Julia.,Sigurado ako na-miss ng mga tao si Julia.
Kabilang nga sila ni Pasig Mayor Vico Sotto sa mga bagong dagdag na nag-positive sa covid.,Kabilang nga sila ni Pasig Mayor Vico Sotto sa mga bagong dagdag na nag-positive sa covid.
"Hawak ang 3-2 lead, lalabanan ng Tropang Giga ang Gin Kings ngayong alas-5:45 ng hapon sa Game Six ng 2023 PBA Governors Cup Finals sa Smart Araneta Coliseum.","Hawak ang 3-2 lead, lalabanan ng Tropang Giga ang Gin Kings ngayong alas-5:45 ng hapon sa Game Six ng 2023 PBA Governors Cup Finals sa Smart Araneta Coliseum."
"Naniningil umano ang mga suspek ng P2,500 membership fee at maaari nang makabili ng lote mula 100 hanggang 300 square meters sa presyong P350-P500 kada sqm.","Naniningil umano ang mga suspek ng P2,500 membership fee at maaari nang makabili ng lote mula 100 hanggang 300 square meters sa presyong P350-P500 kada sqm."
Talagang apat na lalaki ang nagpasasa sa katawan niya.,Talagang apat na lalaki ang nagpasasa sa katawan niya.
"Sinabi rin mismo ni Willie na usually, ang renewal ng kontrata ay inihahanda na tatlong buwan bago mag-expire.","Sinabi rin mismo ni Willie na usually, ang renewal ng kontrata ay inihahanda na tatlong buwan bago mag-expire."
"Sinabi ni Salceda na bagamat hindi gaanong nabugbog ng ‘inflation’ ang Pilipinas nitong nakaraan gaya ng ibang bansa, ang kasiraang nagawa nito ay magpapatuloy at inaasahang aabot sa 5% kada buwan ngayong dekada, na higit na mataas sa 3% sa nakaraang 10 taon.","Sinabi ni Salceda na bagamat hindi gaanong nabugbog ng ‘inflation’ ang Pilipinas nitong nakaraan gaya ng ibang bansa, ang kasiraang nagawa nito ay magpapatuloy at inaasahang aabot sa 5% kada buwan ngayong dekada, na higit na mataas sa 3% sa nakaraang 10 taon."
"Inaasahan din na makakausap ni Marcos sa Amerika ang ibang lider ng ibat ibang bansa, mga negosyante at potential investors sa economic briefings sa New York.","Inaasahan din na makakausap ni Marcos sa Amerika ang ibang lider ng ibat ibang bansa, mga negosyante at potential investors sa economic briefings sa New York."
Maria at Joshua Garcia nang mapanood ang teaser ng Unbreak My Heart.,Maria at Joshua Garcia nang mapanood ang teaser ng Unbreak My Heart.
"Aniya pa, Talagang gagawin ko yung best ko para kahit paano, mainaintindi sa audience kung bakit may ganoong klaseng tao, kung bakit napupunta siya sa ganoong sitwasyon, kung bakit ka nagmamahal ng dalawang babae.","Aniya pa, Talagang gagawin ko yung best ko para kahit paano, mainaintindi sa audience kung bakit may ganoong klaseng tao, kung bakit napupunta siya sa ganoong sitwasyon, kung bakit ka nagmamahal ng dalawang babae."
"Sinabi rin ni Lacson na pabor siya sa pagsusulong ng mga repormang politikal na magbabalik sa two-party system sa Pilipinas sa halip na ang kasalukuyang multi-party set up, at pananatilihin din niya ang presidential form ng pamahalaan.","Sinabi rin ni Lacson na pabor siya sa pagsusulong ng mga repormang politikal na magbabalik sa two-party system sa Pilipinas sa halip na ang kasalukuyang multi-party set up, at pananatilihin din niya ang presidential form ng pamahalaan."
"Marami pa kaming dapat ihanda para sa kinabukasan, sabi ni Barbie Forteza nang matanong kung may balak na ba siyang mag-asawa.","Marami pa kaming dapat ihanda para sa kinabukasan, sabi ni Barbie Forteza nang matanong kung may balak na ba siyang mag-asawa."
"Hanggang sa huli ay walang inendorsong kandidato sa pagka-presidente si Duterte na bababa sa puwesto sa Hunyo 30, 2022.","Hanggang sa huli ay walang inendorsong kandidato sa pagka-presidente si Duterte na bababa sa puwesto sa Hunyo 30, 2022."
"Katuwang ni Eala si Russian Oksana Selekhmeteva sa pagkakataong ito kung saan naitakas ng dalawa ang pahirapang 7-6 (7), 7-6 (5) panalo laban kina Croatian Petra Marcinko at Hungarian Natalia Szbanin sa quarterfinals.","Katuwang ni Eala si Russian Oksana Selekhmeteva sa pagkakataong ito kung saan naitakas ng dalawa ang pahirapang 7-6 (7), 7-6 (5) panalo laban kina Croatian Petra Marcinko at Hungarian Natalia Szbanin sa quarterfinals."
"Ayon kay Anonas Police Station 9 Chief Police Supt Richie Claraval, ground commander ng Quezon City Police District (QCPD), hindi nila maaaring payagang makapunta sa Batasan Complex ang mga militante para roon magdaos ng rally dahil walang permit ang mga ito.","Ayon kay Anonas Police Station 9 Chief Police Supt Richie Claraval, ground commander ng Quezon City Police District (QCPD), hindi nila maaaring payagang makapunta sa Batasan Complex ang mga militante para roon magdaos ng rally dahil walang permit ang mga ito."
"Galing daw sa Amerika ang nasa 8,000 piyesa ng bangka na kaniyang ipina-ship at binuo na mag-isa na tumagal ng dalawang buwan.","Galing daw sa Amerika ang nasa 8,000 piyesa ng bangka na kaniyang ipina-ship at binuo na mag-isa na tumagal ng dalawang buwan."
Maaari daw kasing mag-develop ang naturang phenomenon sa pagitan ng Hulyo hanggang Setyembre at maaaring tumagal hanggang 2024.,Maaari daw kasing mag-develop ang naturang phenomenon sa pagitan ng Hulyo hanggang Setyembre at maaaring tumagal hanggang 2024.
"Pero sa tingin ko, kahit kalahati man lang niyan ay matanggap ng manggagawa natin ay malaking pag-alwa na, makakatulong na kahit wala pa sa P1,600.","Pero sa tingin ko, kahit kalahati man lang niyan ay matanggap ng manggagawa natin ay malaking pag-alwa na, makakatulong na kahit wala pa sa P1,600."
"Inihayag kahapon ng Philippine National Police (PNP) na nasa 6,000 tourist-oriented police ang ipakakalat sa upang matiyak ang seguridad ng publiko sa Metro Manila at mga matataong lugar na dadayuhin ngayong Pasko at Bagong Taon.","Inihayag kahapon ng Philippine National Police (PNP) na nasa 6,000 tourist-oriented police ang ipakakalat sa upang matiyak ang seguridad ng publiko sa Metro Manila at mga matataong lugar na dadayuhin ngayong Pasko at Bagong Taon."
"Sa Botolan, Zambales naman, isang lalaki ang malubhang nasugatan nang nakasalpukan ng minamaneho niyang garong ang isang bus sa Barangay Batonlapoc.","Sa Botolan, Zambales naman, isang lalaki ang malubhang nasugatan nang nakasalpukan ng minamaneho niyang garong ang isang bus sa Barangay Batonlapoc."
"Ayon kay Roque, basta may kasamang nakatatanda, ang bata ay puwede nang magpunta sa mga sumusunod na lugar.","Ayon kay Roque, basta may kasamang nakatatanda, ang bata ay puwede nang magpunta sa mga sumusunod na lugar."
"Dahil dito, bumaha ng requests online para totohanin ni Buendia — na kilala rin para sa banda niyang Pupil — ang ""pangako"" niyang reunion dapat ng Eraserheads nang maging opisyal ang kandidatura ni Robredo.","Dahil dito, bumaha ng requests online para totohanin ni Buendia — na kilala rin para sa banda niyang Pupil — ang ""pangako"" niyang reunion dapat ng Eraserheads nang maging opisyal ang kandidatura ni Robredo."
"Bukod sa kailangang mabakunahan ang mga nagtatrabaho sa mga paaralan, kailangan din ang ilang estratehiya tulad ng pagsusuot ng face mask, distancing, ventilation, at manatili sa bahay kapag may naramdamang sintomas.--.","Bukod sa kailangang mabakunahan ang mga nagtatrabaho sa mga paaralan, kailangan din ang ilang estratehiya tulad ng pagsusuot ng face mask, distancing, ventilation, at manatili sa bahay kapag may naramdamang sintomas.--."
"Una rito, inireklamo ng Pilipinas ang ginagawang panggigipit ng Chinese vessels sa mga sasakyang pandagat ng Pilipinas na nagsasagawa ng maritime patrol sa karagatang sakop ng Pilipinas.","Una rito, inireklamo ng Pilipinas ang ginagawang panggigipit ng Chinese vessels sa mga sasakyang pandagat ng Pilipinas na nagsasagawa ng maritime patrol sa karagatang sakop ng Pilipinas."
Dito na pinagsasaksak ng mga salarin ang mag-anak.,Dito na pinagsasaksak ng mga salarin ang mag-anak.
Sa debate na hamon kay presidential frontrunner Bongbong Marcos ay hindi ito kailanman mangyayari sa ilang kadahilanan.,Sa debate na hamon kay presidential frontrunner Bongbong Marcos ay hindi ito kailanman mangyayari sa ilang kadahilanan.
"Samantala, last two weeks na lang ang First Lady nila ni Sanya Lopez kung saan bukod kay Jestoni Alarcon, inaabangan na rin ng Kapuso viewers kung sinu-sino pa ang Kapuso stars na magkakaroon ng special participation sa finale ng nasabing series.","Samantala, last two weeks na lang ang First Lady nila ni Sanya Lopez kung saan bukod kay Jestoni Alarcon, inaabangan na rin ng Kapuso viewers kung sinu-sino pa ang Kapuso stars na magkakaroon ng special participation sa finale ng nasabing series."
Kung gaano siya kasikat ay ganun din pinagpipistahan ang kontrobersiyang kinapapalooban niya ngayon.,Kung gaano siya kasikat ay ganun din pinagpipistahan ang kontrobersiyang kinapapalooban niya ngayon.
"Kapag nahalal sa Kongreso sa darating na Mayo, tututukan ng ACT As One Partylist ang pagpopondo sa imprastruktura upang paliitin ang kakulangan ng classrooms sa bansa na ngayon ay umaabot na sa 123,994.","Kapag nahalal sa Kongreso sa darating na Mayo, tututukan ng ACT As One Partylist ang pagpopondo sa imprastruktura upang paliitin ang kakulangan ng classrooms sa bansa na ngayon ay umaabot na sa 123,994."
"Sa Laging Handa public briefing ni DTI Undersecretary Ruth Castelo, inamin nito na marami silang kahilingan na natanggap na malalaki ang porsiyentong nais ipataw sa presyo ng mga bilihin.","Sa Laging Handa public briefing ni DTI Undersecretary Ruth Castelo, inamin nito na marami silang kahilingan na natanggap na malalaki ang porsiyentong nais ipataw sa presyo ng mga bilihin."
Jestonie na may panahon din na sumagi sa isipan niya noon na lumabas na sa seminaryo para magtrabaho at makatulong sa pamilya.,Jestonie na may panahon din na sumagi sa isipan niya noon na lumabas na sa seminaryo para magtrabaho at makatulong sa pamilya.
"Ang dami naming napag-usapan, at nakakatuwa, pursigido pa rin ang Rein Entertainment na mag-produce ng pelikula kahit hindi naman ganun kaganda ang resulta sa katatapos na Metro Manila Film Festival entry nilang Nanahimik ang Gabi.","Ang dami naming napag-usapan, at nakakatuwa, pursigido pa rin ang Rein Entertainment na mag-produce ng pelikula kahit hindi naman ganun kaganda ang resulta sa katatapos na Metro Manila Film Festival entry nilang Nanahimik ang Gabi."
Boots lang ang makikitang suot nito habang nasa harap ng salamin at nagmi-make up.,Boots lang ang makikitang suot nito habang nasa harap ng salamin at nagmi-make up.
Sinabi ng Department of Agriculture (DA) na sapat ang supply ng manok sa bansa ngunit patuloy pa rin ang pag-aangkat ng mga imported na karne.,Sinabi ng Department of Agriculture (DA) na sapat ang supply ng manok sa bansa ngunit patuloy pa rin ang pag-aangkat ng mga imported na karne.
"Bagama't ipinagpapalagay na raw ng ilan na patay na ang isa sa mga Pinay, ipinagdarasal pa rin naman daw nila ng kanilang mga kasamahan na sana'y buhay pa ang mga nabanggit.","Bagama't ipinagpapalagay na raw ng ilan na patay na ang isa sa mga Pinay, ipinagdarasal pa rin naman daw nila ng kanilang mga kasamahan na sana'y buhay pa ang mga nabanggit."
Sa palagay nyo ba magkakaroon ng lakas ng loob na kumuha ng litrato si Mark Anthony kung alam nila na may mali sa ginawa nila?,Sa palagay nyo ba magkakaroon ng lakas ng loob na kumuha ng litrato si Mark Anthony kung alam nila na may mali sa ginawa nila?
Nalasap naman ng Elasto Painters ang kanilang ikaapat na kabiguan sa pitong laro.,Nalasap naman ng Elasto Painters ang kanilang ikaapat na kabiguan sa pitong laro.
Masama ang loob ng production team sa ginawa ni Pacman at parang gusto na raw nilang maniwala na hindi marunong mag-honor ng verbal commitment ang dating pulitiko.,Masama ang loob ng production team sa ginawa ni Pacman at parang gusto na raw nilang maniwala na hindi marunong mag-honor ng verbal commitment ang dating pulitiko.
"Sa tanong nga pala namin kay Sen. Imee kung ano pa ang mga plano niya for showbiz dahil talagang maraming umaasa na tututukan niya ang Philippine movie and TV industry, binanggit niya na ginagawa na nila ngayon ang Martyr or Murderer na part two ng Maid in Malacañang at may part three na rin daw yon.","Sa tanong nga pala namin kay Sen. Imee kung ano pa ang mga plano niya for showbiz dahil talagang maraming umaasa na tututukan niya ang Philippine movie and TV industry, binanggit niya na ginagawa na nila ngayon ang Martyr or Murderer na part two ng Maid in Malacañang at may part three na rin daw yon."
"Hindi niyo naman ako pakakainin eh, paliwanag niya.","Hindi niyo naman ako pakakainin eh, paliwanag niya."
"Para kay Marcos, kailangan din pag-isipan ang dapat gawin sa Sangguniang Kabataan kada barangay na laging nagkukulang sa miyembro.","Para kay Marcos, kailangan din pag-isipan ang dapat gawin sa Sangguniang Kabataan kada barangay na laging nagkukulang sa miyembro."
Sinabi rin sa ulat na kasalukuyang naka-home isolation si Ignacio matapos magpositibo sa COVID-19.,Sinabi rin sa ulat na kasalukuyang naka-home isolation si Ignacio matapos magpositibo sa COVID-19.
"At alam niya rin kung ano yung puso ko at ganundin ang puso niya,” sabi pa ng actor / pulitiko na senador pa rin sa susunod na tatlong taon.","At alam niya rin kung ano yung puso ko at ganundin ang puso niya,” sabi pa ng actor / pulitiko na senador pa rin sa susunod na tatlong taon."
"Unang-una, ang ating mga batas sa procurement, hindi sinunod.","Unang-una, ang ating mga batas sa procurement, hindi sinunod."
Sinabi ng Maritime Police na agad silang rumesponde sa report ng Bantay Dagat na may nahuling pating sa lugar.,Sinabi ng Maritime Police na agad silang rumesponde sa report ng Bantay Dagat na may nahuling pating sa lugar.
Tatanggapin ng 58-anyos na si Reyes ang kanyang ikaanim na Virgilio ‘Baby’ Dalupan trophy sa traditional Awards Night ngayon sa Novotel Manila Araneta Center.,Tatanggapin ng 58-anyos na si Reyes ang kanyang ikaanim na Virgilio ‘Baby’ Dalupan trophy sa traditional Awards Night ngayon sa Novotel Manila Araneta Center.
"Baka mamaya, yun na ang timbang niya.","Baka mamaya, yun na ang timbang niya."
Ang mga taong hirap na magbitiw ng kanilang yaman para ipangtulong sa mga nangangailangan ay sakim at madamot.,Ang mga taong hirap na magbitiw ng kanilang yaman para ipangtulong sa mga nangangailangan ay sakim at madamot.
"Nitong December 27, epektibo ang IRR ng SIM Card Registration Act, na nag-uutos sa lahat ng public telecommunications entities (PTEs) na magtalaga ng sariling registration platform kung saan itatala nila ang users.","Nitong December 27, epektibo ang IRR ng SIM Card Registration Act, na nag-uutos sa lahat ng public telecommunications entities (PTEs) na magtalaga ng sariling registration platform kung saan itatala nila ang users."
"Wala nang mas higit pa rito, wala nang mas hihigit pa rito sa ginagawa mo.","Wala nang mas higit pa rito, wala nang mas hihigit pa rito sa ginagawa mo."
"Kung mayroong mga relief goods, tulong tayo kaagad, ani Go.","Kung mayroong mga relief goods, tulong tayo kaagad, ani Go."
"Landslide win nga ang nangyari ngunit pero ang kabilang kandidato ang lumitaw na nanalo matapos makuha ang 63 porsiyento boto, mas mataas ng 26 porsiyento ng kabilang kampo ba palaging nagwawagi sa survey.","Landslide win nga ang nangyari ngunit pero ang kabilang kandidato ang lumitaw na nanalo matapos makuha ang 63 porsiyento boto, mas mataas ng 26 porsiyento ng kabilang kampo ba palaging nagwawagi sa survey."
"Pero noong nagpalit na ako ng upuan, doon ko na naramdaman na tumatayo ang balahibo ko, paliwanag ng guro.","Pero noong nagpalit na ako ng upuan, doon ko na naramdaman na tumatayo ang balahibo ko, paliwanag ng guro."
"Ngayong Enero lang nang huling ihirit ng KMU ang P750 national minimum wage, bagay na dapat daw mapapaspasan ang pagpapasa bilang batas.","Ngayong Enero lang nang huling ihirit ng KMU ang P750 national minimum wage, bagay na dapat daw mapapaspasan ang pagpapasa bilang batas."
"Arby Resullar, officer on case,bandang alas-11:30 ng tanghali, masaya pang nag-iinuman ng alak ang mag-ama bilang kanilang bonding sa loob ng kanilang bahay pero nang kapwa na malasing ay nagkaroon umano ng mainitang pagtatalo ang dalawa.","Arby Resullar, officer on case,bandang alas-11:30 ng tanghali, masaya pang nag-iinuman ng alak ang mag-ama bilang kanilang bonding sa loob ng kanilang bahay pero nang kapwa na malasing ay nagkaroon umano ng mainitang pagtatalo ang dalawa."
"Kumakanta rin siya, sumasayaw, napakarami niyang talento.","Kumakanta rin siya, sumasayaw, napakarami niyang talento."
"Idinagdag ni Daproza na batay sa tauhan ng BFAR na kaniyang nakausap, ito umano ang unang pagkakataon na nakita nila ang napakaraming bulate.","Idinagdag ni Daproza na batay sa tauhan ng BFAR na kaniyang nakausap, ito umano ang unang pagkakataon na nakita nila ang napakaraming bulate."
Kasama raw niya roon ang kanyang mga kamag-anak.,Kasama raw niya roon ang kanyang mga kamag-anak.
Ito ay ang pag-ibig Mo para sa amin.,Ito ay ang pag-ibig Mo para sa amin.
Ang SSS member na kukuha ng card ngayong taon ay tatanggap ng?,Ang SSS member na kukuha ng card ngayong taon ay tatanggap ng?
"Ayon sa ulat, alas-3:00 ng hapon nang makita ng ilang residente ang biktima na nakagapos ang dalawang kamay at nakapiring ang mga mata na nakabulagta sa tabi ng kalsada.","Ayon sa ulat, alas-3:00 ng hapon nang makita ng ilang residente ang biktima na nakagapos ang dalawang kamay at nakapiring ang mga mata na nakabulagta sa tabi ng kalsada."
"Ayon kay Salceda, Chairman ng House Committee on Ways and Means, kailangan ang nasabing hakbanginkapag mataas ang presyong alok ng mga rehistradong ‘bidders’ o nagbebenta ng mga produkto.","Ayon kay Salceda, Chairman ng House Committee on Ways and Means, kailangan ang nasabing hakbanginkapag mataas ang presyong alok ng mga rehistradong ‘bidders’ o nagbebenta ng mga produkto."
"Gayunman, nakaidlip umano ang driver dahilan para mabangga nito ang tumatawid na si Christine Joy at mga kasamahang bata.","Gayunman, nakaidlip umano ang driver dahilan para mabangga nito ang tumatawid na si Christine Joy at mga kasamahang bata."
"Sa Probinsyano ko rin nakuha yung knee problem kasi every time na meron kaming rest period, so ginagawa ko umiikot ako dun sa...","Sa Probinsyano ko rin nakuha yung knee problem kasi every time na meron kaming rest period, so ginagawa ko umiikot ako dun sa..."
"Sa kabila ng pagkabulag at paghihirap ni Mira (Andrea), nanatiling matatag ang loob niya dahil sa paniniwala niya sa Diyos Dahil dito, naniniwala siyang kaya niyang harapin ang anumang laban sa buhay bastat nagtitiwala siya kay Bro.","Sa kabila ng pagkabulag at paghihirap ni Mira (Andrea), nanatiling matatag ang loob niya dahil sa paniniwala niya sa Diyos Dahil dito, naniniwala siyang kaya niyang harapin ang anumang laban sa buhay bastat nagtitiwala siya kay Bro."
"Sa naturang bilang ng mga tinamaan ng virus, 95.4%.","Sa naturang bilang ng mga tinamaan ng virus, 95.4%."
Nauna nang nagpalabas ng subpoena ang Commission on Elections (Comelec) upang pagpaliwanagin si Lin sa mga inihaing kaso laban sa kanya.,Nauna nang nagpalabas ng subpoena ang Commission on Elections (Comelec) upang pagpaliwanagin si Lin sa mga inihaing kaso laban sa kanya.
"Hanggang sa isang araw, matapos nilang ipaubaya sa Diyos ang lahat, nakatanggap daw ang mag-asawa ng tawag na may hatid na magandang balita.","Hanggang sa isang araw, matapos nilang ipaubaya sa Diyos ang lahat, nakatanggap daw ang mag-asawa ng tawag na may hatid na magandang balita."
Pinapurihan ng Teo ang pamahalaan sa pagbabakuna ng mahigit 62 milyong Pilipino o halos 57 porsiyento ng 110 milyong populasyon ng bansa at inaasahan ang 100 porsiyentong immunization sa kasalukuyang taon.,Pinapurihan ng Teo ang pamahalaan sa pagbabakuna ng mahigit 62 milyong Pilipino o halos 57 porsiyento ng 110 milyong populasyon ng bansa at inaasahan ang 100 porsiyentong immunization sa kasalukuyang taon.
"Alalahanin lamang natin na kailangan natin na patuloy na lumaban sa mga pagsubok, manalig at humingi ng awa sa Panginoon.","Alalahanin lamang natin na kailangan natin na patuloy na lumaban sa mga pagsubok, manalig at humingi ng awa sa Panginoon."
"Sabi naman ni JK nang nakatsikahan namin bago ang screening ng naturang pelikula, meron na nga raw siyang break-up version ng Buwan, pagkatapos ng paghihiwalay nila ni Maureen Wroblewitz.","Sabi naman ni JK nang nakatsikahan namin bago ang screening ng naturang pelikula, meron na nga raw siyang break-up version ng Buwan, pagkatapos ng paghihiwalay nila ni Maureen Wroblewitz."
Nais ng biktima na mahuli ang kasambahay para mapanagot sa ginawa at hindi na makapambiktima ng iba.,Nais ng biktima na mahuli ang kasambahay para mapanagot sa ginawa at hindi na makapambiktima ng iba.
"Sa mega trailer, nakita rin ang karakter nina Ned Armstrong Dennis Trillo at asawa nito na si Mary Ann Armstrong Carla Abellana, ang mga magulang nina Steve, Big Bert Matt Lozano at Little Jon Raphael Landicho.","Sa mega trailer, nakita rin ang karakter nina Ned Armstrong Dennis Trillo at asawa nito na si Mary Ann Armstrong Carla Abellana, ang mga magulang nina Steve, Big Bert Matt Lozano at Little Jon Raphael Landicho."
"Babala ni Chua, kung hindi tutugma ang ibibigay na suporta sa mga magsasaka para sa magiging produksyon ng ani, magiging problema umano na maibaba ang presyo ng bigas sa P10-P30 per kilo.","Babala ni Chua, kung hindi tutugma ang ibibigay na suporta sa mga magsasaka para sa magiging produksyon ng ani, magiging problema umano na maibaba ang presyo ng bigas sa P10-P30 per kilo."
Saan manggagaling ang imported pork?,Saan manggagaling ang imported pork?
"Nauna raw kasing napagkasunduan ng magkabilang-panig na sasagutin din ng driver ang kaniyang suweldo sa mga araw na hindi siya makabalik sa trabaho pero P2,000 pa lang ang ibinibigay sa kaniya.","Nauna raw kasing napagkasunduan ng magkabilang-panig na sasagutin din ng driver ang kaniyang suweldo sa mga araw na hindi siya makabalik sa trabaho pero P2,000 pa lang ang ibinibigay sa kaniya."
Ang isang ektaryang center na pag-aari ng MMDA ay matatagpuan sa Carmona Sanitary Landfill sa Cavite City ay lalagyan ng kinakailangtang facilities at tools para gamitin ng mga magsasanay.,Ang isang ektaryang center na pag-aari ng MMDA ay matatagpuan sa Carmona Sanitary Landfill sa Cavite City ay lalagyan ng kinakailangtang facilities at tools para gamitin ng mga magsasanay.
Vlog daw muna ang gagawin niya.,Vlog daw muna ang gagawin niya.
"Ang tingin kasi nila sa akin, for how many competition na na nagawa ko, ang total ko is 214 kg lang, 215, 212 at hindi nila nakita yung best ko.","Ang tingin kasi nila sa akin, for how many competition na na nagawa ko, ang total ko is 214 kg lang, 215, 212 at hindi nila nakita yung best ko."
"Kasabay nito, inakusahan ni Kusug Tausug Partylist Rep.","Kasabay nito, inakusahan ni Kusug Tausug Partylist Rep."
Sa nakalipas na linggo na indikasyon ng patuloy na pagdami ng nahahawa sa virus.,Sa nakalipas na linggo na indikasyon ng patuloy na pagdami ng nahahawa sa virus.
"Sa Laging Handa press briefing, sinabi ni DOH Undersecretary Maria Rosario Vergeire na nakikipag-usap na sila sa mga laboratoryong gumagawa ng testing para mabigyan ng prayoridad ang mga OFW.","Sa Laging Handa press briefing, sinabi ni DOH Undersecretary Maria Rosario Vergeire na nakikipag-usap na sila sa mga laboratoryong gumagawa ng testing para mabigyan ng prayoridad ang mga OFW."
Hindi dadalo sina Senators Manny Pacquiao at Koko Pimentel sa pagtitipon ng PDP-Laban sa Hulyo 17 na ipinatawag ng kampo ni Energy Secretary Alfonso Cusi.,Hindi dadalo sina Senators Manny Pacquiao at Koko Pimentel sa pagtitipon ng PDP-Laban sa Hulyo 17 na ipinatawag ng kampo ni Energy Secretary Alfonso Cusi.
Wala pang linaw kung maglalaro ito sa Grand Prix ngunit kasama ito ng delegasyong tutulak pa-Thailand.,Wala pang linaw kung maglalaro ito sa Grand Prix ngunit kasama ito ng delegasyong tutulak pa-Thailand.
"Tumilapon sa kalsada si Santiago, gayunman imbes na tukungan ay tinakbuhan pa ng tricycle driver.","Tumilapon sa kalsada si Santiago, gayunman imbes na tukungan ay tinakbuhan pa ng tricycle driver."
Bong dahil sa sunud-sunod na dagok na dumating sa bansa na halos hindi pa nakakaporma ay may kasunod na namang trahedya kaya kabi-kabila rin ang ginawa nitong Bayanihan Relief operations.,Bong dahil sa sunud-sunod na dagok na dumating sa bansa na halos hindi pa nakakaporma ay may kasunod na namang trahedya kaya kabi-kabila rin ang ginawa nitong Bayanihan Relief operations.
"Sa kabilang banda, nais ng Perlas Spikers na magsagawa ng training camp sa Baguio City.","Sa kabilang banda, nais ng Perlas Spikers na magsagawa ng training camp sa Baguio City."
"Ayon sa ulat ng Reuters, kita sa video na nagsi-sermon si Bishop Lamor Whitehead ng Leaders of Tomorrow International Ministries nang biglang pumasok sa simbahan ang dalawang armadong lalaki na nakasuot ng itim na damit at may takip ang mga mukha.","Ayon sa ulat ng Reuters, kita sa video na nagsi-sermon si Bishop Lamor Whitehead ng Leaders of Tomorrow International Ministries nang biglang pumasok sa simbahan ang dalawang armadong lalaki na nakasuot ng itim na damit at may takip ang mga mukha."
"Sa kanyang “War Room” podcast, sinabi ni Steve Bannon na ihahayag ni Trump ang kanyang intensyon na makabalik sa White House sa darating na Martes.","Sa kanyang “War Room” podcast, sinabi ni Steve Bannon na ihahayag ni Trump ang kanyang intensyon na makabalik sa White House sa darating na Martes."
"At lalong hindi sa pag-oopinyon na bulag ang isa niyang mata, habol na komento ng kaibigan naming propesor.","At lalong hindi sa pag-oopinyon na bulag ang isa niyang mata, habol na komento ng kaibigan naming propesor."
"Bawat ulo po nagbigay lang ako ng tig-P4,000, apat po yung huli kong kasama.","Bawat ulo po nagbigay lang ako ng tig-P4,000, apat po yung huli kong kasama."
"Dasmariñas CITY, Cavite, Philippines — Naging viral sa social media ang pagiging bayani ng 2 pulis na lalaki matapos na tulungan nila ang isang buntis na dadalhin sana sa hospital, subalit inabot nang panganganak sa kanilang mobile car, kamakalawa ng hapon sa Brgy.","Dasmariñas CITY, Cavite, Philippines — Naging viral sa social media ang pagiging bayani ng 2 pulis na lalaki matapos na tulungan nila ang isang buntis na dadalhin sana sa hospital, subalit inabot nang panganganak sa kanilang mobile car, kamakalawa ng hapon sa Brgy."
"Kasi alam na nila ang hitsura kapag mahaba na ang buhok mo,’” pag-alala ni Dindo sa payo sa kaniya ni Da King.","Kasi alam na nila ang hitsura kapag mahaba na ang buhok mo,’” pag-alala ni Dindo sa payo sa kaniya ni Da King."
"Bayombong, Nueva Vizcaya, Philippines — Halos nasa isang milyong halaga ng kontrabandong mga first class na narra ang nasabat ng mga awtoridad sa pagitan ng Pangasinan at lalawigang ito kamakalawa ng hapon.","Bayombong, Nueva Vizcaya, Philippines — Halos nasa isang milyong halaga ng kontrabandong mga first class na narra ang nasabat ng mga awtoridad sa pagitan ng Pangasinan at lalawigang ito kamakalawa ng hapon."
"Gustuhin man nating itrato ito bilang isang isolated case, hindi natin maikakaila na ang Kuwait ay isa sa mga bansa na may mataas na kaso ng pang-aabuso at pagkamatay ng ating mga OFW, sabi pa niya.","Gustuhin man nating itrato ito bilang isang isolated case, hindi natin maikakaila na ang Kuwait ay isa sa mga bansa na may mataas na kaso ng pang-aabuso at pagkamatay ng ating mga OFW, sabi pa niya."
Sabi naman ni Kristoffer sa nakaraang mediacon niya nang mag-renew siya ng kontrata sa GMA 7 na okay na raw sila ng ina ng kanyang anak.,Sabi naman ni Kristoffer sa nakaraang mediacon niya nang mag-renew siya ng kontrata sa GMA 7 na okay na raw sila ng ina ng kanyang anak.
Excited din si Gigi na makapamasyal sa ibat ibang lugar sa Amerika at namnamin ang lamig doon.,Excited din si Gigi na makapamasyal sa ibat ibang lugar sa Amerika at namnamin ang lamig doon.
Narito pa ang ilang kuwentong magpapasimula sa inyong mag-negosyo.,Narito pa ang ilang kuwentong magpapasimula sa inyong mag-negosyo.
"Ayon sa ilang napagtanungan namin, ibibigay raw muna kasi nila ang timeslot na ito sa book two ng Mano Po.","Ayon sa ilang napagtanungan namin, ibibigay raw muna kasi nila ang timeslot na ito sa book two ng Mano Po."
"Ang materyales nito ay katulad din umano sa ginagamit sa pera ng Australia, Canada, Mexico, New Zealand, at United Kingdom.","Ang materyales nito ay katulad din umano sa ginagamit sa pera ng Australia, Canada, Mexico, New Zealand, at United Kingdom."
Giit din ni Roque na dapat ituro rin sa mga bata ang tamang pagtatapon ng mga nagamit na face mask atface shield.,Giit din ni Roque na dapat ituro rin sa mga bata ang tamang pagtatapon ng mga nagamit na face mask atface shield.
"But anyway, sa rami ng mga sumusuportang celebrity kay Presidential candidate Leni Robredo, siguradong alam na nito ang gagawin kung sakali.","But anyway, sa rami ng mga sumusuportang celebrity kay Presidential candidate Leni Robredo, siguradong alam na nito ang gagawin kung sakali."
Lumaki sa Davao si Plaza pero naninirahan na siya ngayon sa Bulacan.,Lumaki sa Davao si Plaza pero naninirahan na siya ngayon sa Bulacan.
"Sa isang catching up chikahan with selected entertainment press, sinabi ni Jinggoy na magaling na ang kanyang daddy na nagkaroon ng COVID-19 noong nakaraang taon.","Sa isang catching up chikahan with selected entertainment press, sinabi ni Jinggoy na magaling na ang kanyang daddy na nagkaroon ng COVID-19 noong nakaraang taon."
Tapos nanalo siya sa kasunod na eleksiyon at tumatakbo sana para sa kanyang ikalawang full term.,Tapos nanalo siya sa kasunod na eleksiyon at tumatakbo sana para sa kanyang ikalawang full term.
Ikinatuwa ni Mav na nagbago rin kalaunan ang polisiya sa mga babae tungkol sa kanilang mga kasuotan bilang courtside reporter.,Ikinatuwa ni Mav na nagbago rin kalaunan ang polisiya sa mga babae tungkol sa kanilang mga kasuotan bilang courtside reporter.
Nagsumite na rin ng kani-kanilang certificate of candidacy (COCs) sina Senador Panfilo Lacson at katambal niyang si Senate President Tito Sotto na tatakbo bilang pangulo at ikalawang pangulo sa darating na 2022 Elections.,Nagsumite na rin ng kani-kanilang certificate of candidacy (COCs) sina Senador Panfilo Lacson at katambal niyang si Senate President Tito Sotto na tatakbo bilang pangulo at ikalawang pangulo sa darating na 2022 Elections.
Itoy para pag-usapan ang itinatakbo ng natitirang drug cases laban kay De Lima.,Itoy para pag-usapan ang itinatakbo ng natitirang drug cases laban kay De Lima.
"Ayon kay Governor Manuel Mamba, ang istriktong 10 araw na MECQ ay nagsimula kahapon (Miyerkules) kasabay ng itinaas na ECQ sa Tuguegarao City.","Ayon kay Governor Manuel Mamba, ang istriktong 10 araw na MECQ ay nagsimula kahapon (Miyerkules) kasabay ng itinaas na ECQ sa Tuguegarao City."
"Habang binabagtas nila ang kahabaan ng Barangay Bagongbayan sa Tabuk, posibleng nawalan umano ng kontrol sa sasakyan ang driver na dahilan para mangyari ang malagin na trahedya.","Habang binabagtas nila ang kahabaan ng Barangay Bagongbayan sa Tabuk, posibleng nawalan umano ng kontrol sa sasakyan ang driver na dahilan para mangyari ang malagin na trahedya."
"Kaugnay nito, nanawagan din si Living Laudato Si-Philippines executive director Rodne Galicha sa mamamayan na palaging isaalang-alang ang pangangalaga sa ating nag-iisang tahanan.","Kaugnay nito, nanawagan din si Living Laudato Si-Philippines executive director Rodne Galicha sa mamamayan na palaging isaalang-alang ang pangangalaga sa ating nag-iisang tahanan."
"Bagong taon na nga naman, hanggang ngayon ba ay problema pa rin sa pagtitinda ng tuyo at tinapa ang pag-uusapan?","Bagong taon na nga naman, hanggang ngayon ba ay problema pa rin sa pagtitinda ng tuyo at tinapa ang pag-uusapan?"
"Samantala, may isang matagal na ring show sa GMA 7 na malapit na rin daw tsugihin.","Samantala, may isang matagal na ring show sa GMA 7 na malapit na rin daw tsugihin."
Nabatid na kasalukuyang abala ang mag-asawa kasama ang kanilang anak na lalaki sa paghahanap ng ginto sa may river bank nang biglang gumuho ang bundok hanggang sa mabagsakan sila ng mga lupa at bato mula sa itaas.,Nabatid na kasalukuyang abala ang mag-asawa kasama ang kanilang anak na lalaki sa paghahanap ng ginto sa may river bank nang biglang gumuho ang bundok hanggang sa mabagsakan sila ng mga lupa at bato mula sa itaas.
Umakyat naman sa 122 ang death toll rate ng ahensya matapos madagdagan ng isang bilang ng nasawi.,Umakyat naman sa 122 ang death toll rate ng ahensya matapos madagdagan ng isang bilang ng nasawi.
"Tuwang-tuwa si Alexa Ilacad na mapili bilang kauna-unahang cover girl niya ng Slay, ang bagong digital video magazine na ilulunsad ng Star Magic sa kanilang pagdiriwang ng ika-30 anibersaryo.","Tuwang-tuwa si Alexa Ilacad na mapili bilang kauna-unahang cover girl niya ng Slay, ang bagong digital video magazine na ilulunsad ng Star Magic sa kanilang pagdiriwang ng ika-30 anibersaryo."
"Alam mo, Ateng Salve, maraming napatatawa at napaliligaya ni showbiz personality, pero akma nga sa kanya ang dalawang mukha ng showbiz – isang tumatawa at isang umiiyak – dahil kahit akala natin ay masayang-masaya siya, ang totoo ay nagluluksa siya.","Alam mo, Ateng Salve, maraming napatatawa at napaliligaya ni showbiz personality, pero akma nga sa kanya ang dalawang mukha ng showbiz – isang tumatawa at isang umiiyak – dahil kahit akala natin ay masayang-masaya siya, ang totoo ay nagluluksa siya."
"Pili, Camarines Sur, Philippines — Bulagta ang isang bigtime na tulak ng droga na dumayo pa para magbenta ng shabu matapos na makipagbarilan sa mga pulis sa ginawang buy-bust operation sa Sitio Pag-asa,Brgy.San.","Pili, Camarines Sur, Philippines — Bulagta ang isang bigtime na tulak ng droga na dumayo pa para magbenta ng shabu matapos na makipagbarilan sa mga pulis sa ginawang buy-bust operation sa Sitio Pag-asa,Brgy.San."
"Subic BAY FREEPORT, Philippines — Inaresto ang isang lalaki na hinihinalang nangunguha ng mga kable na may tanso sa isang gusali rito sa freeport habang nakatakas ang kasamahan nito kamakalawa ng gabi.","Subic BAY FREEPORT, Philippines — Inaresto ang isang lalaki na hinihinalang nangunguha ng mga kable na may tanso sa isang gusali rito sa freeport habang nakatakas ang kasamahan nito kamakalawa ng gabi."
Iyong isa wala pang sinasabi kundi I am groot.,Iyong isa wala pang sinasabi kundi I am groot.
Nabanggit din na kailangan ng maturity para maging kaibigan niya ang exes niya.,Nabanggit din na kailangan ng maturity para maging kaibigan niya ang exes niya.
Puspusan na ang paghahanda ng lahat para sa planong pagbubukas ng liga sa susunod na buwan.,Puspusan na ang paghahanda ng lahat para sa planong pagbubukas ng liga sa susunod na buwan.
"Alam naman namin iyon, we understand that.","Alam naman namin iyon, we understand that."
Sino ba naman ang mag-aakala na ang buhay ng isang nerd ay pwede palang gawing pelikula.,Sino ba naman ang mag-aakala na ang buhay ng isang nerd ay pwede palang gawing pelikula.
Nakasuporta rin daw ang kasintahang si Daniel Padilla sa bagong negosyong pinasok ng aktres.,Nakasuporta rin daw ang kasintahang si Daniel Padilla sa bagong negosyong pinasok ng aktres.
Napako ang pangalan ni Moira sa trending topic kahapon dahil nga sa nangyari sa kanila.,Napako ang pangalan ni Moira sa trending topic kahapon dahil nga sa nangyari sa kanila.
Dobleng pag-iingat na ngayon ang ginagawa ni Angeline upang makaiwas sa sakit.,Dobleng pag-iingat na ngayon ang ginagawa ni Angeline upang makaiwas sa sakit.
Maraming sinehan ang hindi nagbukas kahapon.,Maraming sinehan ang hindi nagbukas kahapon.
"Sa ulat ni John Consulta sa GMA News ""24 Oras"" nitong Biyernes, makikita ang dahan-dahang pagtulak ng National Bureau of Investigation (NBI)-Fugitive Search Unit sa target na bahay sa nasabing siyudad, saka sila lumusob nang makuha ang timbre ng kanilang impormante.","Sa ulat ni John Consulta sa GMA News ""24 Oras"" nitong Biyernes, makikita ang dahan-dahang pagtulak ng National Bureau of Investigation (NBI)-Fugitive Search Unit sa target na bahay sa nasabing siyudad, saka sila lumusob nang makuha ang timbre ng kanilang impormante."
"Dahil dito, may mga nagmagandang loob na pahiramin sina Donald at Jeanne ng mga damit, at ang kanilang entourage.","Dahil dito, may mga nagmagandang loob na pahiramin sina Donald at Jeanne ng mga damit, at ang kanilang entourage."
Ang 13 sa mga ito ay asymptomatic active cases habang ang pito ay gumaling na.,Ang 13 sa mga ito ay asymptomatic active cases habang ang pito ay gumaling na.
Minamaneho ni Surab ang tricycle sakay ang kanyang mag-iina nang bigla na lamang silang araruhin ng Isuzu pick-up na may plakang WLE-478 na minamaneho ni Aviador.,Minamaneho ni Surab ang tricycle sakay ang kanyang mag-iina nang bigla na lamang silang araruhin ng Isuzu pick-up na may plakang WLE-478 na minamaneho ni Aviador.
"Nakapagdududa yung bungo na sinasabi nila three weeks ganun agad, linis?.","Nakapagdududa yung bungo na sinasabi nila three weeks ganun agad, linis?."
"Sa imbestigasyon ng pulisya,nakatayo ang biktima noong Sabado ng hapon sa multi-purpose hall nang sumulpot ang hindi pa nakilalang mga salarin at malapitan itong pinagbabaril.","Sa imbestigasyon ng pulisya,nakatayo ang biktima noong Sabado ng hapon sa multi-purpose hall nang sumulpot ang hindi pa nakilalang mga salarin at malapitan itong pinagbabaril."
Maraming tinutulungan ang pamosong personalidad na puwedeng lalaki at puwede rin namang maging babae.,Maraming tinutulungan ang pamosong personalidad na puwedeng lalaki at puwede rin namang maging babae.
"Habang bata ka, nag-iipon ka na.","Habang bata ka, nag-iipon ka na."
Mamahagi sila ng tulong at ayuda sa Brgy.,Mamahagi sila ng tulong at ayuda sa Brgy.
Sinabi niyang sa susunod na taon na ulit siya babalik sa social media.,Sinabi niyang sa susunod na taon na ulit siya babalik sa social media.
"Batay sa pananaliksik, nagpapakita na ang mga nabakunahan ay nakararanas ng mas kaunting malubhang sintomas mula sa virus.","Batay sa pananaliksik, nagpapakita na ang mga nabakunahan ay nakararanas ng mas kaunting malubhang sintomas mula sa virus."
"Ayon pa sa isang residente na si Benhar Habe, kadalasan daw ay simisilong ang mga buwaya sa ilalim ng mga bahay kapag high tide.","Ayon pa sa isang residente na si Benhar Habe, kadalasan daw ay simisilong ang mga buwaya sa ilalim ng mga bahay kapag high tide."
"Samantala, batay pa sa Pebrero 21 bulletin ng Phivolcs, mahinang nagbuga rin ang bulking Taal ng putong usok na umabot sa limang metro ang taas, at nakapagtala ng 17 pagyanig.","Samantala, batay pa sa Pebrero 21 bulletin ng Phivolcs, mahinang nagbuga rin ang bulking Taal ng putong usok na umabot sa limang metro ang taas, at nakapagtala ng 17 pagyanig."
"Nasa Geneva, Switzerland si Boying para dumalo sa kombensiyon tungkol sa karapatang pantao.","Nasa Geneva, Switzerland si Boying para dumalo sa kombensiyon tungkol sa karapatang pantao."
"Ang media launch bukas ng Gutz & Glow, ang bagong business ni Ruffa Gutierrez.","Ang media launch bukas ng Gutz & Glow, ang bagong business ni Ruffa Gutierrez."
Sa debate na hamon kay presidential frontrunner Bongbong Marcos ay hindi ito kailanman mangyayari sa ilang kadahilanan.,Sa debate na hamon kay presidential frontrunner Bongbong Marcos ay hindi ito kailanman mangyayari sa ilang kadahilanan.
"Ayon kay Pagasa weather specialist Shelly Ignacio, dahil sa ITCZ ay makulimlim ang kalangitan at may inaasahan na mga pag-ulan.","Ayon kay Pagasa weather specialist Shelly Ignacio, dahil sa ITCZ ay makulimlim ang kalangitan at may inaasahan na mga pag-ulan."
"Marami kaming nakitang ganyan, makikita mo ang pictures noong bata pa, dugyot ang dating.","Marami kaming nakitang ganyan, makikita mo ang pictures noong bata pa, dugyot ang dating."
Sabi ng doktor na si Dr.,Sabi ng doktor na si Dr.
"Pagdating sa mga nakumpirma na ang vaccination status, umaayon ang mga pag-aaral na nakapagbibigay ng proteksyon laban sa nakamamatay na virus ang mga bakuna.","Pagdating sa mga nakumpirma na ang vaccination status, umaayon ang mga pag-aaral na nakapagbibigay ng proteksyon laban sa nakamamatay na virus ang mga bakuna."
Hindi naman umano overloaded ang barko na 430-katao ang kapasidad at 205 lang ang pasahero at may 35 crew nang mangyari ang sunog.,Hindi naman umano overloaded ang barko na 430-katao ang kapasidad at 205 lang ang pasahero at may 35 crew nang mangyari ang sunog.
"Pagsapit ng Bagong Taon, nakapag-ipon sina Relucio at Ansus ng halos P73,000.","Pagsapit ng Bagong Taon, nakapag-ipon sina Relucio at Ansus ng halos P73,000."
Papatawan ng kaparusahan ng batas ang sinumang masasangkot sa pang-aabuso at pag-abandona sa mga senior citizens sa bansa.,Papatawan ng kaparusahan ng batas ang sinumang masasangkot sa pang-aabuso at pag-abandona sa mga senior citizens sa bansa.
"Samantala, iba-iba ang mga prayoridad na marinig ng mga taga-Kamaynilaan, Luzon, Visayas at Mindanao mamaya.","Samantala, iba-iba ang mga prayoridad na marinig ng mga taga-Kamaynilaan, Luzon, Visayas at Mindanao mamaya."
Inamin naman ng aktres na natuwa siyang muling makasama si Mark at nagulat siya na gumaling na ring umarte ang aktor.,Inamin naman ng aktres na natuwa siyang muling makasama si Mark at nagulat siya na gumaling na ring umarte ang aktor.
"Ang CPBRD ang nagbibigay sa Mababang Kapulungan ng teknikal na serbisyo sa pagbubuo ng mga pambansang patakaran sa ekonomiya, fiscal at social policies.","Ang CPBRD ang nagbibigay sa Mababang Kapulungan ng teknikal na serbisyo sa pagbubuo ng mga pambansang patakaran sa ekonomiya, fiscal at social policies."
"Pantay-pantay kami, ‘wag kang gumanyan Lahat gagawin ko as a normal housemate ayaw kong may special treatment, ang daya no’n, paliwanag ng dalaga.Sabay.","Pantay-pantay kami, ‘wag kang gumanyan Lahat gagawin ko as a normal housemate ayaw kong may special treatment, ang daya no’n, paliwanag ng dalaga.Sabay."
"Viral din ngayon ang pagbabagsak-presyo ng wedding supplies dahil ang bride na dapat gagamit nito, diumano, niloko ng groom?","Viral din ngayon ang pagbabagsak-presyo ng wedding supplies dahil ang bride na dapat gagamit nito, diumano, niloko ng groom?"
Tiniyak din niBelmonte na makalilikha pa ang lokal na pamahalaan ng Quezon City ng mga bagong inisyatibo para matugunan ang climate change at self-sustainability.,Tiniyak din niBelmonte na makalilikha pa ang lokal na pamahalaan ng Quezon City ng mga bagong inisyatibo para matugunan ang climate change at self-sustainability.
"Sabi ng NPC, patuloy pa rin nitong iniimbestigahan ang maaaring pinanggalingan ng mga smishing message at ang ugat nito.","Sabi ng NPC, patuloy pa rin nitong iniimbestigahan ang maaaring pinanggalingan ng mga smishing message at ang ugat nito."
"Yung pagapang-gapang, yung first steps niya, pinadala na lang sa akin ni Trina.","Yung pagapang-gapang, yung first steps niya, pinadala na lang sa akin ni Trina."
"Nabatid na nakaranas ng lagnat, ubo, sipon at kahirapan sa paghinga ang mga bilanggong nahawa at sa ngayon ay inilipat sa isolation facility ng institusyon.","Nabatid na nakaranas ng lagnat, ubo, sipon at kahirapan sa paghinga ang mga bilanggong nahawa at sa ngayon ay inilipat sa isolation facility ng institusyon."
"Kung meron man akong kilalang Mars na sobrang-sobrang practical, its my Mars Iya, ani Camille.","Kung meron man akong kilalang Mars na sobrang-sobrang practical, its my Mars Iya, ani Camille."
"Ayon kay Maguindanao Police Provincial Director Colonel Roel Sermese, sakay ng kulay pula na multicab ang mga biktima at binabaybay ang nasabing lugar nang bigla na lamang pagbabarilin ng riding-in-tandem.","Ayon kay Maguindanao Police Provincial Director Colonel Roel Sermese, sakay ng kulay pula na multicab ang mga biktima at binabaybay ang nasabing lugar nang bigla na lamang pagbabarilin ng riding-in-tandem."
"Paniwala ni Salceda, miyembro ng PDP-Laban at kapartido ni Pangulong Rodrigo Duterte (ama ni Inday Sara), na ""malaki ang posibilidad"" na sumali ang presidente sa Lakas-CMD na pinamumunuan ni House Majority Leader Martin Romualdez.","Paniwala ni Salceda, miyembro ng PDP-Laban at kapartido ni Pangulong Rodrigo Duterte (ama ni Inday Sara), na ""malaki ang posibilidad"" na sumali ang presidente sa Lakas-CMD na pinamumunuan ni House Majority Leader Martin Romualdez."
"Ayon kay Talusan ang pakete ay dumating sa Port of NAIA bilang balikbayan box at idineklarang personal effects galing California, USA.","Ayon kay Talusan ang pakete ay dumating sa Port of NAIA bilang balikbayan box at idineklarang personal effects galing California, USA."
"Inaresto rin ang dalawa niyang kasamahang sundalo na sina John Denver Allao, at Rolito Cornel.","Inaresto rin ang dalawa niyang kasamahang sundalo na sina John Denver Allao, at Rolito Cornel."
"Kaugnay raw ito ng pagtitipon ng nasa 150 katao sa Liwasang Bonifacio Shrine, Ermita, Manila nitong Martes habang hindi nagsusuot ng face masks at nagra-rally laban sa pagbabakuna ng gobyerno.","Kaugnay raw ito ng pagtitipon ng nasa 150 katao sa Liwasang Bonifacio Shrine, Ermita, Manila nitong Martes habang hindi nagsusuot ng face masks at nagra-rally laban sa pagbabakuna ng gobyerno."
"Posible rin umanong sinundan si Cris ng engkanto mula sa Leyte na pinuntahan niya, at may galit sa kaniya.","Posible rin umanong sinundan si Cris ng engkanto mula sa Leyte na pinuntahan niya, at may galit sa kaniya."
"Kahit mabilis ang paglago ng ekonomiya bago pumasok ang 2023, duda ang isang research group na mauulit pa ito — ito maliban sa hindi ito naramdaman ng karaniwang tao dahil sa kahirapan at kawalan ng permanenteng trabaho.","Kahit mabilis ang paglago ng ekonomiya bago pumasok ang 2023, duda ang isang research group na mauulit pa ito — ito maliban sa hindi ito naramdaman ng karaniwang tao dahil sa kahirapan at kawalan ng permanenteng trabaho."
"Sabi pa ni De Guia, na isa ring abogado, kakaianganin ding may arrest warrant laban sa mga huhulihin dahil lalabag na ito sa due process ng Saligang Batas.","Sabi pa ni De Guia, na isa ring abogado, kakaianganin ding may arrest warrant laban sa mga huhulihin dahil lalabag na ito sa due process ng Saligang Batas."
"Paglilinaw pa ni Garcia, 15 minutos lang naman daw ang brownout na nangyari sa ilang lugar, bagay na ""hindi naman gaano katagal,"" wika niya.","Paglilinaw pa ni Garcia, 15 minutos lang naman daw ang brownout na nangyari sa ilang lugar, bagay na ""hindi naman gaano katagal,"" wika niya."
Parang ito ang nagmana ng pagiging comedian niya.,Parang ito ang nagmana ng pagiging comedian niya.
"Ang dalawang water quality monitoring stations malapit sa Dolomite Beach ay nagtala rin ng mababang fecal coliform levels – mula 7,300 MPN/100mL ay naging 1,700 MPN/100mL, at mula 10,200 MPN/100mL ay bumaba sa 2,100 MPN/100mL, ayon sa pagkakasunod.","Ang dalawang water quality monitoring stations malapit sa Dolomite Beach ay nagtala rin ng mababang fecal coliform levels – mula 7,300 MPN/100mL ay naging 1,700 MPN/100mL, at mula 10,200 MPN/100mL ay bumaba sa 2,100 MPN/100mL, ayon sa pagkakasunod."
"Ibabalik sa regular at mas maluwag na General Community Quarantine (GCQ) ang Metro Manila simula Miyerkules sampu ng iba pang mga probinsya at lungsod, ani presidential spokesperson Harry Roque kanina.","Ibabalik sa regular at mas maluwag na General Community Quarantine (GCQ) ang Metro Manila simula Miyerkules sampu ng iba pang mga probinsya at lungsod, ani presidential spokesperson Harry Roque kanina."
"Malaki ang pasasalamat ng aktor sa pamunuan ng Dreamscape dahil sa pagiging bahagi ng Gold Squad kasama sina Andrea Brillantes, Francine Diaz at Seth Fedelin.","Malaki ang pasasalamat ng aktor sa pamunuan ng Dreamscape dahil sa pagiging bahagi ng Gold Squad kasama sina Andrea Brillantes, Francine Diaz at Seth Fedelin."
Subalit 70% na ng Japanese population doon ang bakunado na kontra virus.,Subalit 70% na ng Japanese population doon ang bakunado na kontra virus.
Nagsimula na sa ensayo si Pacquiao upang paghandaan ang kanyang susunod na laban matapos ang mahigit isang taong pagkakatengga dahil sa coronavirus disease (COVID-19) pandemic.,Nagsimula na sa ensayo si Pacquiao upang paghandaan ang kanyang susunod na laban matapos ang mahigit isang taong pagkakatengga dahil sa coronavirus disease (COVID-19) pandemic.
Nagkalayo ang dalawa dahil na rin sa pag-aakalang ilang buwan lang o saglit lang ang pandemya.,Nagkalayo ang dalawa dahil na rin sa pag-aakalang ilang buwan lang o saglit lang ang pandemya.
"Dapat i-relaxng gobyerno kung talagang gustong tulungan, luwagan, yung ayudang ibibigay sa mga nagsarang MSMEs.","Dapat i-relaxng gobyerno kung talagang gustong tulungan, luwagan, yung ayudang ibibigay sa mga nagsarang MSMEs."
"Sa NCR kung saan inaasahan na nasa ilalim pa rin ng modified enhanced community quarantine (MECQ) sa nasabing petsa, maaaring tumanggap ang Election Officer (EOs) ng aplikante sa piling malls ng Robinsons Mall, Ayala Malls, SM Supermalls hanggang alas-5 ng hapon.","Sa NCR kung saan inaasahan na nasa ilalim pa rin ng modified enhanced community quarantine (MECQ) sa nasabing petsa, maaaring tumanggap ang Election Officer (EOs) ng aplikante sa piling malls ng Robinsons Mall, Ayala Malls, SM Supermalls hanggang alas-5 ng hapon."
"Dito sa loob ng bansa, at hindi sa labas, sabi pa ng Speaker.","Dito sa loob ng bansa, at hindi sa labas, sabi pa ng Speaker."
Huwag pupunta roon ng turista na bobolahin kayo ng recruiter na pagdating niyo roon iko-convert sa working visa.,Huwag pupunta roon ng turista na bobolahin kayo ng recruiter na pagdating niyo roon iko-convert sa working visa.
"Samantala, kinuha ng PetroGazz si University of the East middle blocker Seth Rodrigues habang pumirma na ng kontrata si Jeanette Panaga sa Creamline.","Samantala, kinuha ng PetroGazz si University of the East middle blocker Seth Rodrigues habang pumirma na ng kontrata si Jeanette Panaga sa Creamline."
"Sa ""Pinoy MD,"" sinabing bago pa man nagkaroon ng COVID-19 pandemic ay palagi nang nagsusuot ng face mask si Queenie Matahum para takpan ang kaniyang skin tuberculosis, kung saan tila kinain na ang laman sa kaniyang ilong at pisngi.","Sa ""Pinoy MD,"" sinabing bago pa man nagkaroon ng COVID-19 pandemic ay palagi nang nagsusuot ng face mask si Queenie Matahum para takpan ang kaniyang skin tuberculosis, kung saan tila kinain na ang laman sa kaniyang ilong at pisngi."
I-settle ko muna yung magulang ko.,I-settle ko muna yung magulang ko.
"Sa press briefing saCamp Crame, sinabi ni Azurin na inatasan niya ang lahat ng police units na agad na kumilos sa sandaling makatanggap ng impormasyon hinggil sa ibat ibang krimen.","Sa press briefing saCamp Crame, sinabi ni Azurin na inatasan niya ang lahat ng police units na agad na kumilos sa sandaling makatanggap ng impormasyon hinggil sa ibat ibang krimen."
Sa ngayon aniya ay nangangailangan ng tulong ang maraming sektor para makabangon at maipagpatuloy ang kanilang normal na aktibidad.,Sa ngayon aniya ay nangangailangan ng tulong ang maraming sektor para makabangon at maipagpatuloy ang kanilang normal na aktibidad.
Suportado ng Philippine National Police ang pagpapatupad ng SIM card Registration Act na isang sistema upang makilalaang nagmamay-ari ng mga SIM card.,Suportado ng Philippine National Police ang pagpapatupad ng SIM card Registration Act na isang sistema upang makilalaang nagmamay-ari ng mga SIM card.
Nagsasabi lang siya ng katotohanan dahil sa kabila ng kanyang timbang ay napakaganda niya naman talaga.,Nagsasabi lang siya ng katotohanan dahil sa kabila ng kanyang timbang ay napakaganda niya naman talaga.
"Aniya, hindi lamang ito nagpamulat sa mga manonood ngayon sa mga makasaysayang obra kundi naipamalas din ang talento ng bawat Pilipino sa larangan ng industriya.","Aniya, hindi lamang ito nagpamulat sa mga manonood ngayon sa mga makasaysayang obra kundi naipamalas din ang talento ng bawat Pilipino sa larangan ng industriya."
Itinakda naman ng Department of Health sa April 5 ang rehistrasyon ng mga senior citizen mula sa ibat ibang rehiyon.,Itinakda naman ng Department of Health sa April 5 ang rehistrasyon ng mga senior citizen mula sa ibat ibang rehiyon.
Nagpapagaling pa rin ito sa Amerika at kasama niya roon ang ilang malalapit na tao na pinagkakatiwalaan niya.,Nagpapagaling pa rin ito sa Amerika at kasama niya roon ang ilang malalapit na tao na pinagkakatiwalaan niya.
Dahil dito ay isinailalim na ang Brgy.,Dahil dito ay isinailalim na ang Brgy.
"6 NLEX Road Warriors noong Linggo ay nagposte si Standhardinger ng 20 points, 8 rebounds at 2 assists para labanan ang No.","6 NLEX Road Warriors noong Linggo ay nagposte si Standhardinger ng 20 points, 8 rebounds at 2 assists para labanan ang No."
"Si direk Chito Roño pa rin daw ang nagdidirek sa kanila, at iba raw talaga ang galing ng naturang direktor.","Si direk Chito Roño pa rin daw ang nagdidirek sa kanila, at iba raw talaga ang galing ng naturang direktor."
Pero wala raw naipakita ang mga suspek kaya lalong nagduda ang mga taga-LTFRB kaya dinala ang mga lalaki sa himpilan ng pulisya.,Pero wala raw naipakita ang mga suspek kaya lalong nagduda ang mga taga-LTFRB kaya dinala ang mga lalaki sa himpilan ng pulisya.
"Kaugnay nito, hinimok nina Tulfo at Acosta ang mga ina na lumapit sa DSWD at ireklamo ang mga ama ng kanilang mga anak.","Kaugnay nito, hinimok nina Tulfo at Acosta ang mga ina na lumapit sa DSWD at ireklamo ang mga ama ng kanilang mga anak."
"Nagsimula ang “Salute of Siren” ganap na alas-5:05PM, 5:10PM, 5:15PM, 5:20PM, 5:25PM kahapon na tumagal ng 25 segundo.","Nagsimula ang “Salute of Siren” ganap na alas-5:05PM, 5:10PM, 5:15PM, 5:20PM, 5:25PM kahapon na tumagal ng 25 segundo."
"Nang hindi na niya matiis ang sakit sa paa, nagpatingin na siya sa duktor at pinayuhan siyang ipaalis na ang natitirang ingrown kapag nawala na ang pamamaga sa paa.","Nang hindi na niya matiis ang sakit sa paa, nagpatingin na siya sa duktor at pinayuhan siyang ipaalis na ang natitirang ingrown kapag nawala na ang pamamaga sa paa."
"Naideklarang fire out ang sunog dakong ala-1:00 ng madaling araw kahapon, Sabado de Gloria.","Naideklarang fire out ang sunog dakong ala-1:00 ng madaling araw kahapon, Sabado de Gloria."
Hindi pa rin tinatanggal ng gobyerno ng Pilipinas ang posibilidad ng isa pang uncontrolled reentry ng upper stages ng Long March 7A sa ngayon.,Hindi pa rin tinatanggal ng gobyerno ng Pilipinas ang posibilidad ng isa pang uncontrolled reentry ng upper stages ng Long March 7A sa ngayon.
"Binanggit din niya na layunin ng tatlong taong Philippine National Vaccine Roadmap na mabigyan ng ligtas, epektibo at libreng bakuna ang lahat lalo na ang mga mahihirap na komunidad.","Binanggit din niya na layunin ng tatlong taong Philippine National Vaccine Roadmap na mabigyan ng ligtas, epektibo at libreng bakuna ang lahat lalo na ang mga mahihirap na komunidad."
"Hanggat mabuti ang ginagawa ng ibang tao at para sa kaligtasan ng kaluluwa ng kaniyang kapuwa ang ginagawa ng isang tao o relihiyon, hindi ito dapat pigilan.","Hanggat mabuti ang ginagawa ng ibang tao at para sa kaligtasan ng kaluluwa ng kaniyang kapuwa ang ginagawa ng isang tao o relihiyon, hindi ito dapat pigilan."
Plano ni Domingo na gawing 12 ang online sabong operators para mas malaki pa raw ang kikitain ng ahensya.,Plano ni Domingo na gawing 12 ang online sabong operators para mas malaki pa raw ang kikitain ng ahensya.
Sa layuning tapusin ang kanilang PBA record na 24-game losing ay kukuha ng bagong import ang Blackwater sa kanilang kampanya sa 2021 PBA Governors Cup.,Sa layuning tapusin ang kanilang PBA record na 24-game losing ay kukuha ng bagong import ang Blackwater sa kanilang kampanya sa 2021 PBA Governors Cup.
"Kasalukuyan nang nakakulong ang suspek na nakilalang siRuth Ruiz Viray, nasa hustong gulang at residente ngCabanela Street, Brgy.","Kasalukuyan nang nakakulong ang suspek na nakilalang siRuth Ruiz Viray, nasa hustong gulang at residente ngCabanela Street, Brgy."
"Nagdulot ng matinding alarma ang ginawa ng suspek sa mga mag-aaral, guro at mga magulang ng mga estudyante sa nasabing paaralan.","Nagdulot ng matinding alarma ang ginawa ng suspek sa mga mag-aaral, guro at mga magulang ng mga estudyante sa nasabing paaralan."
"Ayon kay Azurin, ang malalimang imbestigasyon sa kaso ang dahilan kaya binuo ang Special Investigation Task Group na pinamumunuan ni Major Gen. Eliseo Cruz na siya ring hepe ng Director for Investigation and Detective Management.","Ayon kay Azurin, ang malalimang imbestigasyon sa kaso ang dahilan kaya binuo ang Special Investigation Task Group na pinamumunuan ni Major Gen. Eliseo Cruz na siya ring hepe ng Director for Investigation and Detective Management."
"Nais ni Diaz na makatulong upang makatuklas pa ng mga bagong talento na susunod sa kanyang yapak sa mga darating na henerasyon,.","Nais ni Diaz na makatulong upang makatuklas pa ng mga bagong talento na susunod sa kanyang yapak sa mga darating na henerasyon,."
"Magarbong tinapos ng Behrouz Elite Swimming Team (BEST) ang kampanya nito tangan ang tumataginting na 30 ginto, 27 pilak at siyam na tansong medalya sa Philippine National Age-Group Championships na ginanap sa Rizal Memorial Sports Complex sa Manila.","Magarbong tinapos ng Behrouz Elite Swimming Team (BEST) ang kampanya nito tangan ang tumataginting na 30 ginto, 27 pilak at siyam na tansong medalya sa Philippine National Age-Group Championships na ginanap sa Rizal Memorial Sports Complex sa Manila."
"Kaya upang maiwasan ang santambak na kaso na nareresolba lamang kapag patapos na ang termino ng isang SK official, sa pagpapasa pa lamang ng COC ay kanila na itong mahigpit na susuriin at tatanggihan.","Kaya upang maiwasan ang santambak na kaso na nareresolba lamang kapag patapos na ang termino ng isang SK official, sa pagpapasa pa lamang ng COC ay kanila na itong mahigpit na susuriin at tatanggihan."
"Samantala, ibinibigay na ni Puyat sa mga pinuno ng lokal na pamahalaan ang pagdedesisyon kung hihingan pa ng RT-PCR test ang isang indibiduwal na ‘fully-vaccinated’ na.","Samantala, ibinibigay na ni Puyat sa mga pinuno ng lokal na pamahalaan ang pagdedesisyon kung hihingan pa ng RT-PCR test ang isang indibiduwal na ‘fully-vaccinated’ na."
Mainam na makapag-isolate na raw ang mga magpapakita ng sinyales ng virus at makapagpa-test anim na araw matapos ang Traslacion.,Mainam na makapag-isolate na raw ang mga magpapakita ng sinyales ng virus at makapagpa-test anim na araw matapos ang Traslacion.
"Matapos nito, may 41 pang biktima ang dumagsa sa tanggapan ng MPD-SMaRT na pawang biktima umano ng grupo at natangayan ng pera mula P100,000 hanggang P600,000.","Matapos nito, may 41 pang biktima ang dumagsa sa tanggapan ng MPD-SMaRT na pawang biktima umano ng grupo at natangayan ng pera mula P100,000 hanggang P600,000."
"Tutulungan umano ng embahada ang OFW kung gusto nitong sampahan ng kaso ang kaniyang amo, ayon kay Marquez.","Tutulungan umano ng embahada ang OFW kung gusto nitong sampahan ng kaso ang kaniyang amo, ayon kay Marquez."
"Sinabi ni Vergeire, kapwa naman magaling na sa sakit ang mga pasyente at isa sa mga ito ang partially vaccinated habang hindi naman bakunado ang isa pa.","Sinabi ni Vergeire, kapwa naman magaling na sa sakit ang mga pasyente at isa sa mga ito ang partially vaccinated habang hindi naman bakunado ang isa pa."
"Masakit din namang masabihan ka na ang asawa mo, call boy o kabit ng bakla,” ang pasabog na kumpisal ng aktres tungkol sa asawa.","Masakit din namang masabihan ka na ang asawa mo, call boy o kabit ng bakla,” ang pasabog na kumpisal ng aktres tungkol sa asawa."
"Kalaboso ang isang Chinese national at limang Pilipino nang mauwi sa pakikipagsuntukan sa mga security guard ng BF Homes bahagi ng Las Piñas, City ang hit-and-run sa isang motorcycle rider, kamakalawa.","Kalaboso ang isang Chinese national at limang Pilipino nang mauwi sa pakikipagsuntukan sa mga security guard ng BF Homes bahagi ng Las Piñas, City ang hit-and-run sa isang motorcycle rider, kamakalawa."
"Ngayon sinabi niya sa akin hanggang P45,000 lang, patuloy niya.","Ngayon sinabi niya sa akin hanggang P45,000 lang, patuloy niya."
"Oras na gawin na raw niya ito, posibleng mawala muna siya sa mundo ng showbiz ng ilang buwan.","Oras na gawin na raw niya ito, posibleng mawala muna siya sa mundo ng showbiz ng ilang buwan."
Agad-agad naman daw epektibo ang naturang kautusan.,Agad-agad naman daw epektibo ang naturang kautusan.
"Panoorin ang buong kuwento ng dedikasyon ng mga guro sa kanilang tungkulin, at ang pagpupursige ng mga mag-aaral at kanilang mga magulang para sa edukasyon.","Panoorin ang buong kuwento ng dedikasyon ng mga guro sa kanilang tungkulin, at ang pagpupursige ng mga mag-aaral at kanilang mga magulang para sa edukasyon."
Ayon kay Jake ay kailangang pakaabangan ng mga tagahanga ang kanyang mga gagawin sa serye.,Ayon kay Jake ay kailangang pakaabangan ng mga tagahanga ang kanyang mga gagawin sa serye.
"Habang nitong nakaraang Marso, ipinakita ng 17-anyos na Kapuso star ang kaniyang bagong Porsche sports car.","Habang nitong nakaraang Marso, ipinakita ng 17-anyos na Kapuso star ang kaniyang bagong Porsche sports car."
"Nasa 117 pasahero na patungong Zamboanga City ang na-stranded sa Manila North Port Passenger Terminal dahil sa kabiguang magpakita ng kanilang “vaccination cards” o negatibong RT-PCR tests alinsunod sa “No Vaccine, No Ride” policy ng pamahalaan.","Nasa 117 pasahero na patungong Zamboanga City ang na-stranded sa Manila North Port Passenger Terminal dahil sa kabiguang magpakita ng kanilang “vaccination cards” o negatibong RT-PCR tests alinsunod sa “No Vaccine, No Ride” policy ng pamahalaan."
"Dati ay kumokolekta ng service fee ang mga SSS partner banks sa mga miyembro ng P25 per transaction, habang ang remittance at transfer companies ay naniningil ng pass-on service fee ng hanggang P15 per transaction kapag nagbabayad ng kanilang kontribusyon.","Dati ay kumokolekta ng service fee ang mga SSS partner banks sa mga miyembro ng P25 per transaction, habang ang remittance at transfer companies ay naniningil ng pass-on service fee ng hanggang P15 per transaction kapag nagbabayad ng kanilang kontribusyon."
Ano ang naganap?,Ano ang naganap?
Mag-schedule pa tayo ng another hearing dahil yung mga gusto kong resource persons na didikdikin ng tanong ay wala rito.,Mag-schedule pa tayo ng another hearing dahil yung mga gusto kong resource persons na didikdikin ng tanong ay wala rito.
"Hindi naman daw mawawala ‘yung ma-pressure, lalo na’t marami ang sumusuporta sa kanya at umaasang iri-represent niya ang ating bansa sa susunod na Miss Universe.","Hindi naman daw mawawala ‘yung ma-pressure, lalo na’t marami ang sumusuporta sa kanya at umaasang iri-represent niya ang ating bansa sa susunod na Miss Universe."
"Tumanggi ang ibang suspek na magbigay ng pahyag sa insidente Jamil Santos/DVM, GMA News.","Tumanggi ang ibang suspek na magbigay ng pahyag sa insidente Jamil Santos/DVM, GMA News."
"Umaabot na sa 311 ang active cases ng lalawigan, o mga pasyenteng ginagamot at nagpapagaling na pawang nasa mild at moderate ang kalagayan.","Umaabot na sa 311 ang active cases ng lalawigan, o mga pasyenteng ginagamot at nagpapagaling na pawang nasa mild at moderate ang kalagayan."
Pero kinakailangan po may ligal na basehan.,Pero kinakailangan po may ligal na basehan.
"Sa kabila ng naranasang pandemya, ipinagmalaki ng Bureau of Customs (BOC) na nalagpasan nila ang kanilang taunang target sa koleksyon nitong 2020.","Sa kabila ng naranasang pandemya, ipinagmalaki ng Bureau of Customs (BOC) na nalagpasan nila ang kanilang taunang target sa koleksyon nitong 2020."
Ang lagi Niyang binibigyang prayoridad ay ang pangangailangan ng mga taong lumalapit sa Kaniya para sila ay gamutin sa kanilang mga karamdaman at turuan ng Salita ng Diyos.,Ang lagi Niyang binibigyang prayoridad ay ang pangangailangan ng mga taong lumalapit sa Kaniya para sila ay gamutin sa kanilang mga karamdaman at turuan ng Salita ng Diyos.
Para kay Nadine ay ibang pagmamahal ang nararamdaman niya sa lugar kaya palagi siyang babalik dito.,Para kay Nadine ay ibang pagmamahal ang nararamdaman niya sa lugar kaya palagi siyang babalik dito.
"Kapag may ayaw ka, anak, isinaalang-alang din nila 'yun di ba?""","Kapag may ayaw ka, anak, isinaalang-alang din nila 'yun di ba?"""
"Sa video na ito na ini-live stream kanina, makikita ang dami ng mga pulis at security na kinaharap ng mga residente.","Sa video na ito na ini-live stream kanina, makikita ang dami ng mga pulis at security na kinaharap ng mga residente."
"Pero gusto niyang makapagtrabaho pa rito, at sana makagawa raw siya ng pelikula.","Pero gusto niyang makapagtrabaho pa rito, at sana makagawa raw siya ng pelikula."
"Pero nilinaw rin ni Liza na tanging sa mga endorsement lang niya kumukuha ng komisyon ang Star Margic, at hindi na sa mga proyekto niya gaya ng mga teleserye.","Pero nilinaw rin ni Liza na tanging sa mga endorsement lang niya kumukuha ng komisyon ang Star Margic, at hindi na sa mga proyekto niya gaya ng mga teleserye."
Pero siyempre nandyan naman ang tulong ng family ko pero hindi ganoon kadali.,Pero siyempre nandyan naman ang tulong ng family ko pero hindi ganoon kadali.
Iniulat din ni Mapagu na halos kalahating bilyong piso na ang nagastos ng pamahalaan para sa ibat ibang programa para sa mga sumusukong mga rebelde.,Iniulat din ni Mapagu na halos kalahating bilyong piso na ang nagastos ng pamahalaan para sa ibat ibang programa para sa mga sumusukong mga rebelde.
"Ang inflation rate ay naitala noong kasagsagan ng sunud-sunod na oil price hikes noong nakaraang buwan, bagay na sinasabing naapektuhan ng gera sa pagitan ng Ukraine at Russia.","Ang inflation rate ay naitala noong kasagsagan ng sunud-sunod na oil price hikes noong nakaraang buwan, bagay na sinasabing naapektuhan ng gera sa pagitan ng Ukraine at Russia."
"Ayon kay Causing, bukas naman sila sa lahat ng posibilidad maging ang pakikipagdayalogo kay Bantag, upang mahalukay ang katotohanan.","Ayon kay Causing, bukas naman sila sa lahat ng posibilidad maging ang pakikipagdayalogo kay Bantag, upang mahalukay ang katotohanan."
Tinukoy sa kauna-unahang pagpupulong ng Legislative-Executive Development Advisory Council (LEDAC) ang mga panukalang kinailangang bigyan ng prayoridad na maipasa.,Tinukoy sa kauna-unahang pagpupulong ng Legislative-Executive Development Advisory Council (LEDAC) ang mga panukalang kinailangang bigyan ng prayoridad na maipasa.
Inaalam na ng mga kapulisan ang posibleng pagkakakilanlan sa mga magulang ng sanggol.,Inaalam na ng mga kapulisan ang posibleng pagkakakilanlan sa mga magulang ng sanggol.
"Percent ang Family Feud, kahit may ilang nam-bash kina Paul Salas at Kate Valdez kasama ang pamilya nila na walang kabuhay-buhay raw maglaro.","Percent ang Family Feud, kahit may ilang nam-bash kina Paul Salas at Kate Valdez kasama ang pamilya nila na walang kabuhay-buhay raw maglaro."
"Nandito pa rin siya, humaharap pa rin sa mga camera at maraming trabaho, pero talagang iwas na iwas na siya sa pagpunta sa parlor.","Nandito pa rin siya, humaharap pa rin sa mga camera at maraming trabaho, pero talagang iwas na iwas na siya sa pagpunta sa parlor."
Natunton na ng Department of Health (DOH) ang lima pang ‘returning Filipino’ na nagmula sa South Africa habang dalawa pa ang patuloy na hinahanap para isailalim sa muling pagsusuri bilang bahagi ng pagbabantay laban sa pagpasok ng omicron variant ng COVID-19.,Natunton na ng Department of Health (DOH) ang lima pang ‘returning Filipino’ na nagmula sa South Africa habang dalawa pa ang patuloy na hinahanap para isailalim sa muling pagsusuri bilang bahagi ng pagbabantay laban sa pagpasok ng omicron variant ng COVID-19.
Isa ring siyam na buwang sanggol ang nai-ligtas kasama ng kaniyang ina na ibinebenta rin ng sindikato.,Isa ring siyam na buwang sanggol ang nai-ligtas kasama ng kaniyang ina na ibinebenta rin ng sindikato.
"Noong Mayo 2022, namataan din sa ilang bahagi ng India ang debris ng Chinese rocket na Long March 3B.","Noong Mayo 2022, namataan din sa ilang bahagi ng India ang debris ng Chinese rocket na Long March 3B."
Dapat din na may target na bilang lamang sa isang araw kung ilan ang walk-in na tatanggapin upang hindi magkaroon ng pagkukumpulan ng mga tao sa vaccination sites.,Dapat din na may target na bilang lamang sa isang araw kung ilan ang walk-in na tatanggapin upang hindi magkaroon ng pagkukumpulan ng mga tao sa vaccination sites.
"Ang local absentee voting ay tatagal hanggang sa Mayo 9, araw ng eleksyon dito sa Pilipinas Gemma Garcia.","Ang local absentee voting ay tatagal hanggang sa Mayo 9, araw ng eleksyon dito sa Pilipinas Gemma Garcia."
Apat sa mga nagreklamo ay may-ari ng mga sasakyan na nagtamo ng minor injuries.,Apat sa mga nagreklamo ay may-ari ng mga sasakyan na nagtamo ng minor injuries.
"Medyo sinasabi niya na accidental firing lang at sinasabi niya na hindi naman niya sinasadya, dagdag ng opisyal.","Medyo sinasabi niya na accidental firing lang at sinasabi niya na hindi naman niya sinasadya, dagdag ng opisyal."
Buti na lang swak ang sked ng meet the press ni Lito Lapid kaya puwede akong pumunta.,Buti na lang swak ang sked ng meet the press ni Lito Lapid kaya puwede akong pumunta.
"Gusto ko, 50 years old, bigyan n’yo na ako ng apo,” bulalas ni Sylvia.","Gusto ko, 50 years old, bigyan n’yo na ako ng apo,” bulalas ni Sylvia."
"Nililigawan ni Aljur ang anak ng action star na si Jeric Raval, ayon kay Kylie ay ayos lang yun, tutal naman ay may usapan na sila ni Aljur na puwede na silang makipag-date pareho dahil matagal na silang hiwalay.","Nililigawan ni Aljur ang anak ng action star na si Jeric Raval, ayon kay Kylie ay ayos lang yun, tutal naman ay may usapan na sila ni Aljur na puwede na silang makipag-date pareho dahil matagal na silang hiwalay."
"Ayon kay NICA Deputy Director General Abelardo Villacorta, sa lingguhang ‘virtual’ balitaan ng National Task Force to End Local Communist Armed Conflict, para makapangampanya dalawa hanggang apat milyong piso ang kailangang ibayad ng mga kandidato sa pagka-gobernador at kongresista.","Ayon kay NICA Deputy Director General Abelardo Villacorta, sa lingguhang ‘virtual’ balitaan ng National Task Force to End Local Communist Armed Conflict, para makapangampanya dalawa hanggang apat milyong piso ang kailangang ibayad ng mga kandidato sa pagka-gobernador at kongresista."
"Inaresto ito sa isang hot pursuit operation sa Mc Arthur Highway, Apalit, Pampanga dakong alas-10:00 ng umaga noong Nobyembre 11.","Inaresto ito sa isang hot pursuit operation sa Mc Arthur Highway, Apalit, Pampanga dakong alas-10:00 ng umaga noong Nobyembre 11."
Ngunit nangako itong gagawin ang lahat upang muling bigyan ng karangalan ang bansa.,Ngunit nangako itong gagawin ang lahat upang muling bigyan ng karangalan ang bansa.
"Talagang iyon pag-iwas sa crowd ang number 1 na pag-iingat na dapat gawin, aside from pagsuot ng mask, paghuhugas ng kamay at higit sa lahat, dapat may bakuna ka.","Talagang iyon pag-iwas sa crowd ang number 1 na pag-iingat na dapat gawin, aside from pagsuot ng mask, paghuhugas ng kamay at higit sa lahat, dapat may bakuna ka."
"Kung puwede mas higit pa, kasi magiging masaya ako para sa'yo, hindi ako magtatanim ng galit, pagpapatuloy ng komedyante.","Kung puwede mas higit pa, kasi magiging masaya ako para sa'yo, hindi ako magtatanim ng galit, pagpapatuloy ng komedyante."
"Itinanggi ito ng kampo ni Navarro at iginiit ng kaniyang abogado na ang aktor ang biktima nang bugbugin siya ng isang grupo ng lalaki sa pangunguna ng negosyanteng si Cedric Lee noong Enero 22, 2014.","Itinanggi ito ng kampo ni Navarro at iginiit ng kaniyang abogado na ang aktor ang biktima nang bugbugin siya ng isang grupo ng lalaki sa pangunguna ng negosyanteng si Cedric Lee noong Enero 22, 2014."
Naputol din ang 14-game winning streak ng Knights na nagsimula noong nakaraang season.,Naputol din ang 14-game winning streak ng Knights na nagsimula noong nakaraang season.
"Sa Laging Handa Public Briefing, sinabi ni MMDA Chairman Romando Artes na sa ngayon ay patuloy na nababawasan ang bilang mga sasakyan na bumibiyahe sa kalsada dahil sa mataas na presyo ng gasolina.","Sa Laging Handa Public Briefing, sinabi ni MMDA Chairman Romando Artes na sa ngayon ay patuloy na nababawasan ang bilang mga sasakyan na bumibiyahe sa kalsada dahil sa mataas na presyo ng gasolina."
"Sa post ng aktres, makikita na ang kanilang mga karakter habang magkahawak ng kamay at may magkayakap din.","Sa post ng aktres, makikita na ang kanilang mga karakter habang magkahawak ng kamay at may magkayakap din."
"Ayon sa aktres, lagi siyang andyan sa mga anak na sina Sam, Angelina and Angel Francheska at handa siyang ipagtanggol ang mga ito pero ang lagi raw niyang sinasabi, piliin ang mga papatulang comments o bashing.","Ayon sa aktres, lagi siyang andyan sa mga anak na sina Sam, Angelina and Angel Francheska at handa siyang ipagtanggol ang mga ito pero ang lagi raw niyang sinasabi, piliin ang mga papatulang comments o bashing."
"Si Marcus ay isang estudyante na mahuhulog ang loob sa guidance counselor ng paaralan na si Bridgette de Leon, na ginagampanan ni Beauty Gonzalez.","Si Marcus ay isang estudyante na mahuhulog ang loob sa guidance counselor ng paaralan na si Bridgette de Leon, na ginagampanan ni Beauty Gonzalez."
"Regular ang exercise ng aktor/politician, at ensayado nga raw siya kaya keri pa niyang lumagare sa senado at sa paggawa ng pelikula.","Regular ang exercise ng aktor/politician, at ensayado nga raw siya kaya keri pa niyang lumagare sa senado at sa paggawa ng pelikula."
"Si Direk Bobot Mortiz umano ang posibleng magdirek ng sitcom, at isang aktres na may initial na A.T.","Si Direk Bobot Mortiz umano ang posibleng magdirek ng sitcom, at isang aktres na may initial na A.T."
Buti na lang at andyan ang GMA na lagi talagang naka-suporta sa kanya.,Buti na lang at andyan ang GMA na lagi talagang naka-suporta sa kanya.
Sinabi ni Health Undersecretary Maria Rosario Vergeire na ang dalawa pang hinahanap na Pilipino ay dumating sa bansa noong Nobyembre 22 at sumailalim naman sa COVID-19 test nitong Nobyembre 28 at Disyembre 3 kung kailan pareho silang nagnegatibo sa virus.,Sinabi ni Health Undersecretary Maria Rosario Vergeire na ang dalawa pang hinahanap na Pilipino ay dumating sa bansa noong Nobyembre 22 at sumailalim naman sa COVID-19 test nitong Nobyembre 28 at Disyembre 3 kung kailan pareho silang nagnegatibo sa virus.
Isyu sa ibang fans ng actress ang pagla-like ng jowa nitong actor sa isang young and pretty mayora.,Isyu sa ibang fans ng actress ang pagla-like ng jowa nitong actor sa isang young and pretty mayora.
Sentimos per kWh sa mga residential customer para sa distribution rate true up na nakikita sa bill bilang “Dist True-Up” kayat hindi pa ganoon kalaki ang tinaas ng singil sa kuryente.,Sentimos per kWh sa mga residential customer para sa distribution rate true up na nakikita sa bill bilang “Dist True-Up” kayat hindi pa ganoon kalaki ang tinaas ng singil sa kuryente.
Parang bumalik na nga sa dati ang lahat.,Parang bumalik na nga sa dati ang lahat.
"""Sabi nila makakatulong daw 'to sa career ko as an artist.","""Sabi nila makakatulong daw 'to sa career ko as an artist."
"At ang isa sa pikon diumano sa ginagawa ni Bea, si Daniel Padilla, ayon pa sa source.","At ang isa sa pikon diumano sa ginagawa ni Bea, si Daniel Padilla, ayon pa sa source."
"In a classy way, aniya, dapat humanap ng magandang paraan ang vlogger para ubusin ang kanyang oras.","In a classy way, aniya, dapat humanap ng magandang paraan ang vlogger para ubusin ang kanyang oras."
"Pero hindi raw kaya ni Kyla ang matagal na mag-""social media diet"" kaya bumalik din siya pagkaraan ng tatlong araw dahil kailangan niya ito upang makaugnayan ang kaniyang pamilya.","Pero hindi raw kaya ni Kyla ang matagal na mag-""social media diet"" kaya bumalik din siya pagkaraan ng tatlong araw dahil kailangan niya ito upang makaugnayan ang kaniyang pamilya."
Traumatized sa nangyari ang ibang kaibigan nito kabilang na ang influencer at personal friend ni Ms. Albert na si Ms.,Traumatized sa nangyari ang ibang kaibigan nito kabilang na ang influencer at personal friend ni Ms. Albert na si Ms.
"Sa teaser ng susunod na episodes at nakikita na ang kilig-kiligan sa tandem nina Ysabel at Miguel, dagdag pa ang conflict ng karakter na ginagampanan ni Yasser.","Sa teaser ng susunod na episodes at nakikita na ang kilig-kiligan sa tandem nina Ysabel at Miguel, dagdag pa ang conflict ng karakter na ginagampanan ni Yasser."
"Bukas, sasabihin ng lahat, mayabang!","Bukas, sasabihin ng lahat, mayabang!"
Itataguyod din ng asosasyon ang National Sambo Championshipna magsisilbing qualifying para sa 32nd Southeast Asian Games sa Cambodia sa susunod na taon.,Itataguyod din ng asosasyon ang National Sambo Championshipna magsisilbing qualifying para sa 32nd Southeast Asian Games sa Cambodia sa susunod na taon.
"Though merong pinag-uusapan ang ilang nang-iintriga kung ano raw kanyang bagay na name if ever na magka-baby ang controversial na government official na may uploaded ding photos na naka-motor na ang payat niya pero ang sabi ng iba, old photos daw yun.","Though merong pinag-uusapan ang ilang nang-iintriga kung ano raw kanyang bagay na name if ever na magka-baby ang controversial na government official na may uploaded ding photos na naka-motor na ang payat niya pero ang sabi ng iba, old photos daw yun."
Matagal nang binabantayan ng fans ang lovelife ni KC dahil ramdam daw nilang gusto na rin naman ni KC na magkaroon ng kabiyak na makakasama sa niya sa lahat ng pagkakataon.,Matagal nang binabantayan ng fans ang lovelife ni KC dahil ramdam daw nilang gusto na rin naman ni KC na magkaroon ng kabiyak na makakasama sa niya sa lahat ng pagkakataon.
Saka sooner or later lalabas din naman tiyak ang katotohanan.,Saka sooner or later lalabas din naman tiyak ang katotohanan.
Una nang sinabi ng Department of Health (DOH) na pinakamabisa ito sa pag-alam kung may COVID-19 ang isang tao kung nagpapakita sila ng sintomas ng COVID-19.,Una nang sinabi ng Department of Health (DOH) na pinakamabisa ito sa pag-alam kung may COVID-19 ang isang tao kung nagpapakita sila ng sintomas ng COVID-19.
"Tiniyak din ni Marcos sa mga residente ng Misamis Occidental na ang kanyang pamahalaan ay patuloy na magbibigay ng tulong sa mga nangangailangan, tulad ng mga relief goods, maiinom na tubig, damit, at pansamantalang tirahan para sa mga lumikas.","Tiniyak din ni Marcos sa mga residente ng Misamis Occidental na ang kanyang pamahalaan ay patuloy na magbibigay ng tulong sa mga nangangailangan, tulad ng mga relief goods, maiinom na tubig, damit, at pansamantalang tirahan para sa mga lumikas."
"Sa programang “Good News,” ipinakita ang bahagi ng nag-viral na video na inihaharang ng babae ang kaniyang sarili para hindi makaparada ang sasakyan ng lalaki.","Sa programang “Good News,” ipinakita ang bahagi ng nag-viral na video na inihaharang ng babae ang kaniyang sarili para hindi makaparada ang sasakyan ng lalaki."
"Kaya nitong mga huling taping nila, sobra silang nag-iingat at talagang binabantayan sila ng health officer na nakatalaga sa kanilang set.","Kaya nitong mga huling taping nila, sobra silang nag-iingat at talagang binabantayan sila ng health officer na nakatalaga sa kanilang set."
"Si direk Joey Reyes ng FDCP at ang presidente ng DGPI na si Paolo Villaluna ang nag-announce ng magandang balitang yun, at pagkatapos nun ay nagpahayag na rin ang chairman ng FDCP na si Tirso Cruz III na magbibigay ng isang milyong pisong tulong sa One The Job: The Missing 8 para gamitin sa pangangampanya nila sa Academy.","Si direk Joey Reyes ng FDCP at ang presidente ng DGPI na si Paolo Villaluna ang nag-announce ng magandang balitang yun, at pagkatapos nun ay nagpahayag na rin ang chairman ng FDCP na si Tirso Cruz III na magbibigay ng isang milyong pisong tulong sa One The Job: The Missing 8 para gamitin sa pangangampanya nila sa Academy."
"Samantala, inilabas ng pulisya ang ilang kuha sa CCTV na makikita ang riding in tandem na nag-abang kay Bugayon sa Dinalaoan at sumunod sa kaniya hanggang sa Barangay Lasip kung saan na pinagbabaril ang biktima.","Samantala, inilabas ng pulisya ang ilang kuha sa CCTV na makikita ang riding in tandem na nag-abang kay Bugayon sa Dinalaoan at sumunod sa kaniya hanggang sa Barangay Lasip kung saan na pinagbabaril ang biktima."
Yung kaso ni Karen Davila na nakakatanggap ngayon ng bashing dahil sinabi niyang lalayas siya ng Pilipinas pag nanalo si Bongbong Marcos ay kagaya rin ng kaso ng ibang celebrities na ang bilis magsalita na ngayon ay hindi alam kung paano babawiin ang mga nasabi nila.,Yung kaso ni Karen Davila na nakakatanggap ngayon ng bashing dahil sinabi niyang lalayas siya ng Pilipinas pag nanalo si Bongbong Marcos ay kagaya rin ng kaso ng ibang celebrities na ang bilis magsalita na ngayon ay hindi alam kung paano babawiin ang mga nasabi nila.
Ito ang pinakamahalagang rekognisyon na tinatanggap ng LGU.Ito.,Ito ang pinakamahalagang rekognisyon na tinatanggap ng LGU.Ito.
Ginagawa ko ito para sa aking sarili at para matulungan ako yakapin yung mga mali sa akin.,Ginagawa ko ito para sa aking sarili at para matulungan ako yakapin yung mga mali sa akin.
Taglay ni Karding ang lakas ng hangin na umaabot sa 130 kph at bugso na aabot sa 160 kph.,Taglay ni Karding ang lakas ng hangin na umaabot sa 130 kph at bugso na aabot sa 160 kph.
"Nag-volunteer umano si Stiger bilang Sunday school teacher sa mga ‘church communities’ sa Michigan, ngunit dito niya sinamantala ang pambibiktima sa mga bata niyang estudyante sa loob ng anim na taon.","Nag-volunteer umano si Stiger bilang Sunday school teacher sa mga ‘church communities’ sa Michigan, ngunit dito niya sinamantala ang pambibiktima sa mga bata niyang estudyante sa loob ng anim na taon."
"Inaasahan po nating itong LPA ay hindi papasok sa PAR at ito ay kikilo pa-northwestward patungo sa Japan, ani PAGASA weather specialist Aldczar Aurelio kaninang umaga.","Inaasahan po nating itong LPA ay hindi papasok sa PAR at ito ay kikilo pa-northwestward patungo sa Japan, ani PAGASA weather specialist Aldczar Aurelio kaninang umaga."
"Makikilala nila si Apol (Janno Gibbs), isang photographer na pasado sa lahat ng qualifications nila para sa isang lalake, at sa tingin nila ay hindi sila mai-inlove o magiging attached dito.","Makikilala nila si Apol (Janno Gibbs), isang photographer na pasado sa lahat ng qualifications nila para sa isang lalake, at sa tingin nila ay hindi sila mai-inlove o magiging attached dito."
"“Huwag sana itong maging kaso na idinelay raw ang mas malaking power rate increase para itago ang mas malaki pa na dapat ibalik sa mga konsyumer,” paliwanag ni Zarate.","“Huwag sana itong maging kaso na idinelay raw ang mas malaking power rate increase para itago ang mas malaki pa na dapat ibalik sa mga konsyumer,” paliwanag ni Zarate."
"Nang tanungin kung mas pipiliin niyang masampal o manampal ng isang co-actor, sinabi ni Claire na mas gusto niya ang una.","Nang tanungin kung mas pipiliin niyang masampal o manampal ng isang co-actor, sinabi ni Claire na mas gusto niya ang una."
Digong ay unahin ito at ihuli na lang siya sa listahan dahil hindi naman siya interesado para sa pinakamataas na posisyon sa bansa.,Digong ay unahin ito at ihuli na lang siya sa listahan dahil hindi naman siya interesado para sa pinakamataas na posisyon sa bansa.
Ngunit patuloy pa rin itong biniberepika ng mga regional at lokal na health offices.,Ngunit patuloy pa rin itong biniberepika ng mga regional at lokal na health offices.
Nagtamo ang mga biktima ng mga grabeng pinsala sa ulo at katawan at namatay noon din matapos silang pumailalim sa truck.,Nagtamo ang mga biktima ng mga grabeng pinsala sa ulo at katawan at namatay noon din matapos silang pumailalim sa truck.
"Sa advisory na inilabas ng Philippine Consulate General sa kanilang Facebook page, sinabi nito na naipadala na ng Commission on Elections sa Alaska ang mga VCM, balota at iba pang election materials na gagamitin at inaasahan na darating ito sa mga susunod na araw.","Sa advisory na inilabas ng Philippine Consulate General sa kanilang Facebook page, sinabi nito na naipadala na ng Commission on Elections sa Alaska ang mga VCM, balota at iba pang election materials na gagamitin at inaasahan na darating ito sa mga susunod na araw."
"Ngunit, dahil sa nangyayari ngayon, nakabitin din ang tanong kung meron ba tayong MMFF ngayong tayong ito.","Ngunit, dahil sa nangyayari ngayon, nakabitin din ang tanong kung meron ba tayong MMFF ngayong tayong ito."
"Kailangan mo nang humarap sa mga tao, gagawin mo na lang ang kailangan mong gawin.","Kailangan mo nang humarap sa mga tao, gagawin mo na lang ang kailangan mong gawin."
Hiniling ng mga kongresista sa PhilHealth na repasuhin ang proseso ng pagbabayad sa mga ospital upang bumilis ito.,Hiniling ng mga kongresista sa PhilHealth na repasuhin ang proseso ng pagbabayad sa mga ospital upang bumilis ito.
"Sa pangalawang episode naman ng programang nagbabalik noong Linggo (Setyembre 25), nagwagi ng P70,000 ang mall sales clerks matapos nilang mahulaan ang pitong kanta sa jackpot round.","Sa pangalawang episode naman ng programang nagbabalik noong Linggo (Setyembre 25), nagwagi ng P70,000 ang mall sales clerks matapos nilang mahulaan ang pitong kanta sa jackpot round."
Napilitan din sina Elaine at Jennifer na tumira sa iisang apartment kasama sina Madel at ang mga anak nito kay Joseph.,Napilitan din sina Elaine at Jennifer na tumira sa iisang apartment kasama sina Madel at ang mga anak nito kay Joseph.
Igiiniit daw kasi ni Marcos na eligible siyang tumakbo sa eleksyon kahit na napatunayang guilty si Bongbong ng Quezon City Regional Trial Court kaugnay ng ilang beses na kabiguang maghain ng income tax returns.,Igiiniit daw kasi ni Marcos na eligible siyang tumakbo sa eleksyon kahit na napatunayang guilty si Bongbong ng Quezon City Regional Trial Court kaugnay ng ilang beses na kabiguang maghain ng income tax returns.
"Sa halagang P649 at walang kinakailangang monthly fees, makakapanood ka na ng TV on-the-go for free at mae-enjoy mo pa ang exclusive interactive features ng GMA Now!","Sa halagang P649 at walang kinakailangang monthly fees, makakapanood ka na ng TV on-the-go for free at mae-enjoy mo pa ang exclusive interactive features ng GMA Now!"
"Ayon pa kay Dulce, ""disinformation"" lang ang pangakong magdadala ito ng pera para sa economic recovery lalo nat 12% lang daw ng mineral resources na nakukuha sa Pilipinas ang nakababalik sa ekonomiya sa pamamagitan ng buwis, mga bayarin at royalty.","Ayon pa kay Dulce, ""disinformation"" lang ang pangakong magdadala ito ng pera para sa economic recovery lalo nat 12% lang daw ng mineral resources na nakukuha sa Pilipinas ang nakababalik sa ekonomiya sa pamamagitan ng buwis, mga bayarin at royalty."
Pero tumanggi umano ang biktima na ikinagalit ng suspek dahil tila napahiya ito.,Pero tumanggi umano ang biktima na ikinagalit ng suspek dahil tila napahiya ito.
"Kahit hanggang ngayon nga ay binubusisi pa nila ang graphics at effects, kaya matagal-tagal daw ang paghahanda nito.","Kahit hanggang ngayon nga ay binubusisi pa nila ang graphics at effects, kaya matagal-tagal daw ang paghahanda nito."
"Pero kailangan daw nilang kasuhan ang mga ito, kaya humingi na sila ng tulong sa Optical Media Board para tuluyan na raw nila itong kasuhan.","Pero kailangan daw nilang kasuhan ang mga ito, kaya humingi na sila ng tulong sa Optical Media Board para tuluyan na raw nila itong kasuhan."
"Pero magsa-sign ka ng waiver na hindi ka nagpaturok at kapag ikaw ay mayroong prayoridad, siyempre mawawala ang prayoridad mo, sasama ka roon sa the rest ng taumbayan na naghihintay ng bakuna.","Pero magsa-sign ka ng waiver na hindi ka nagpaturok at kapag ikaw ay mayroong prayoridad, siyempre mawawala ang prayoridad mo, sasama ka roon sa the rest ng taumbayan na naghihintay ng bakuna."
"Ayon kay Pagasa weather specialist Shelly Ignacio, dahil sa ITCZ ay makulimlim ang kalangitan at may inaasahan na mga pag-ulan.","Ayon kay Pagasa weather specialist Shelly Ignacio, dahil sa ITCZ ay makulimlim ang kalangitan at may inaasahan na mga pag-ulan."
"Siguro nilalagay na lang din sa isip namin na hindi pa tapos, Game 1 pa lang yung nakukuha namin and hindi namin siya ilalagay talaga sa ulo namin.","Siguro nilalagay na lang din sa isip namin na hindi pa tapos, Game 1 pa lang yung nakukuha namin and hindi namin siya ilalagay talaga sa ulo namin."
"Samantala, hinikayat ni Klarisse, na naging contestant din ng The Voice Philippines season 1, si Kzhoebe na sumali sa MarTeam.","Samantala, hinikayat ni Klarisse, na naging contestant din ng The Voice Philippines season 1, si Kzhoebe na sumali sa MarTeam."
"Siyempre, lumalabas po kami, bumibisita rin naman siya, saad ni Eisel.","Siyempre, lumalabas po kami, bumibisita rin naman siya, saad ni Eisel."
"Pero sa pagdaragdag ng dalawa pang baitang, binibigyan ng mga ""academic tracks"" ang mga estudyante, maliban pa sa vocational trackatbp.","Pero sa pagdaragdag ng dalawa pang baitang, binibigyan ng mga ""academic tracks"" ang mga estudyante, maliban pa sa vocational trackatbp."
Masuwerte namang hindi tinamaan ng bala ng baril ang bunso niyang kapatid na lalaki na dumapa na lamang din sa likod bahay.,Masuwerte namang hindi tinamaan ng bala ng baril ang bunso niyang kapatid na lalaki na dumapa na lamang din sa likod bahay.
Nagbayanihan din ang mga residente upang tumulong sa pagpatay sa sunog.,Nagbayanihan din ang mga residente upang tumulong sa pagpatay sa sunog.
"Baka akala ng mga tao tinatanggal ko ang mga co-host, hindi ho sila nawawala, ayon kay Kuya Wil.","Baka akala ng mga tao tinatanggal ko ang mga co-host, hindi ho sila nawawala, ayon kay Kuya Wil."
"Siyempre hindi na kailangang sabihing nagkabati na sila ulit, dahil hindi naman nila inamin na naghiwalay sila.","Siyempre hindi na kailangang sabihing nagkabati na sila ulit, dahil hindi naman nila inamin na naghiwalay sila."
"Anyway, pagdating dito sa Pilipinas, ang group of companies pala ni Mayor Chavit ay nakatutok sa mining, transportation, defense, logistics at telecommunication towers.","Anyway, pagdating dito sa Pilipinas, ang group of companies pala ni Mayor Chavit ay nakatutok sa mining, transportation, defense, logistics at telecommunication towers."
"Pagkatapos kolektahin ang mga natirang pagkain, nililinis nila ito at niluluto muli, para kainin o di kaya itinda para pagkakitaan.","Pagkatapos kolektahin ang mga natirang pagkain, nililinis nila ito at niluluto muli, para kainin o di kaya itinda para pagkakitaan."
"Sa ulat, lulan ng kotse ang mga biktima na minamaneho ni Pat.","Sa ulat, lulan ng kotse ang mga biktima na minamaneho ni Pat."
"Wala akong makuhanan ng ibang paraan eh, sabi ng suspek.","Wala akong makuhanan ng ibang paraan eh, sabi ng suspek."
Sinusubukan po niyang umabot ng 12 a.m.,Sinusubukan po niyang umabot ng 12 a.m.
"12, na nag-aalis ng taripa sa mga de-kuryenteng sasakyan (EVs) sa layu­ning mapababa ang mga presyo ng EV para sa mga mamimili.","12, na nag-aalis ng taripa sa mga de-kuryenteng sasakyan (EVs) sa layu­ning mapababa ang mga presyo ng EV para sa mga mamimili."
"Matapos nito, in-access ng nabanggit ang crypto wallet ng aktor at inilipat ang nasa P50,000 sa kanyang sariling GCash account.","Matapos nito, in-access ng nabanggit ang crypto wallet ng aktor at inilipat ang nasa P50,000 sa kanyang sariling GCash account."
Nagpalamat si Kris sa mga nagpahayag ng suporta at mga nagdarasal para sa kaniya at mga mahal niya sa buhay.,Nagpalamat si Kris sa mga nagpahayag ng suporta at mga nagdarasal para sa kaniya at mga mahal niya sa buhay.
Na ang kanilang partisipasyon sa debate ay magdedepende sa format at sa mga isyu na tatalakayin dito.,Na ang kanilang partisipasyon sa debate ay magdedepende sa format at sa mga isyu na tatalakayin dito.
"Dahil diyan, nakikita ng kagawaran na ""katanggap-katanggap"" pa rin ang 12% na ito ng pagkakasayang batay sa mga karanasan ng ibang bansa.","Dahil diyan, nakikita ng kagawaran na ""katanggap-katanggap"" pa rin ang 12% na ito ng pagkakasayang batay sa mga karanasan ng ibang bansa."
"Sa ulat, alas-9:30 ng umaga magkasamang naglalakad sa kalsada ang biktima at kanyang anak na menor-de-edad nang harangin sila ng apat na suspek sa daan.","Sa ulat, alas-9:30 ng umaga magkasamang naglalakad sa kalsada ang biktima at kanyang anak na menor-de-edad nang harangin sila ng apat na suspek sa daan."
"Ang sinasabi lang nila ay authorized silang magbenta roon sa pinagkukunan nila from Bulacan pero noong hinahanap naman namin itong authority to sell from the authorized seller sa Bulacan ay wala naman po silang maipakita, saad ni CIDG Batangas chief Police Major Jey Sayno.","Ang sinasabi lang nila ay authorized silang magbenta roon sa pinagkukunan nila from Bulacan pero noong hinahanap naman namin itong authority to sell from the authorized seller sa Bulacan ay wala naman po silang maipakita, saad ni CIDG Batangas chief Police Major Jey Sayno."
Siyam na miyembro ng Moro Islamic Liberation Front (MILF) ang nasawi habang tatlo pa ang malubha nang tambangan ng mga armadong lalaki mula sa paksiyon ng separatistang grupo sa malagim na clan war sa Brgy.,Siyam na miyembro ng Moro Islamic Liberation Front (MILF) ang nasawi habang tatlo pa ang malubha nang tambangan ng mga armadong lalaki mula sa paksiyon ng separatistang grupo sa malagim na clan war sa Brgy.
"May mga apo na raw siya sa ibang mga anak niya, pero special daw si Winwyn sa kanya.","May mga apo na raw siya sa ibang mga anak niya, pero special daw si Winwyn sa kanya."
"Ngayong linggo ay lalabas din ang ugnayan nina Lolo Badong at Ismael, at kung ano ang nakaraan nilang dalawa.","Ngayong linggo ay lalabas din ang ugnayan nina Lolo Badong at Ismael, at kung ano ang nakaraan nilang dalawa."
Inaasahan ng Comelec na magiging mataas ang bilang ng mga boboto.,Inaasahan ng Comelec na magiging mataas ang bilang ng mga boboto.
Nabatid na ang bakunang ito ay magkakaroon ng mas mababang konsentrasyon at dosage kumpara sa ginagamit sa pediatric population para sa edad 12 hanggang 17-anyos.,Nabatid na ang bakunang ito ay magkakaroon ng mas mababang konsentrasyon at dosage kumpara sa ginagamit sa pediatric population para sa edad 12 hanggang 17-anyos.
"Iginiit naman ni Sotto na imposible na ang Cha-Cha dahil kulang sa panahon at malapit na ang eleksyon, subalit anuman umano ang mapapag-usapan ng mga lider ng Senado ay susunod siya rito.","Iginiit naman ni Sotto na imposible na ang Cha-Cha dahil kulang sa panahon at malapit na ang eleksyon, subalit anuman umano ang mapapag-usapan ng mga lider ng Senado ay susunod siya rito."
Kasama pa rin daw si Lani sa The Clash ng GMA 7 at babalik lang siya sa atin kapag malapit nang magsimula ang bagong season ng nasabing reality singing contest.,Kasama pa rin daw si Lani sa The Clash ng GMA 7 at babalik lang siya sa atin kapag malapit nang magsimula ang bagong season ng nasabing reality singing contest.
"Sa Chika Minute report ni Cata Tibayan sa GMA News ""24 Oras"" nitong Biyernes, sinabing aasahan sa episode na pagbibidahan nina Albert at Kelvin sa darating na Sabado.","Sa Chika Minute report ni Cata Tibayan sa GMA News ""24 Oras"" nitong Biyernes, sinabing aasahan sa episode na pagbibidahan nina Albert at Kelvin sa darating na Sabado."
Ang nasabing bansa ay nahaharap din sa paglobo ng kaso ng Omicron variant.,Ang nasabing bansa ay nahaharap din sa paglobo ng kaso ng Omicron variant.
"Akala ko pa naman si Mel na ang forever ni Kris, at ito na ang hinahanap niyang ‘the one.’","Akala ko pa naman si Mel na ang forever ni Kris, at ito na ang hinahanap niyang ‘the one.’"
"Buti na lang may nakasaksi, tinulungan din makaakyat kapatid ko, sabi ni Banababa.","Buti na lang may nakasaksi, tinulungan din makaakyat kapatid ko, sabi ni Banababa."
Gusto raw kasing malimutan agad ang chismis dahil tatakbo yata sa higher position ang nakabuntis na aktor-pulitiko.,Gusto raw kasing malimutan agad ang chismis dahil tatakbo yata sa higher position ang nakabuntis na aktor-pulitiko.
Nawa raw ay magsilbing inspirasyon sa mga batang scout ang kanilang ginawa upang sila ay magsikap sa buhay at maging huwarang mamamayan.,Nawa raw ay magsilbing inspirasyon sa mga batang scout ang kanilang ginawa upang sila ay magsikap sa buhay at maging huwarang mamamayan.
"Hindi aniya bababa sa tig-tatlong saksak ang tinamo ng mga biktima, na nagresulta sa kanilang agarang kamatayan.","Hindi aniya bababa sa tig-tatlong saksak ang tinamo ng mga biktima, na nagresulta sa kanilang agarang kamatayan."
"Ayon kay Doctor Kevin Matundan, former World Health Organization physician at isang Public Health Practitioner, pangkaraniwan daw talaga ang snake bites sa mga tropical countries partikular sa Pilipinas.","Ayon kay Doctor Kevin Matundan, former World Health Organization physician at isang Public Health Practitioner, pangkaraniwan daw talaga ang snake bites sa mga tropical countries partikular sa Pilipinas."
"Ang nakakagulat lang, diumanoy nagtatrabaho sa casino ang ama ng magiging anak ni Angeline.","Ang nakakagulat lang, diumanoy nagtatrabaho sa casino ang ama ng magiging anak ni Angeline."
Mainit din si import Yeliz Basa na may 17 puntos --lahat galing sa attacks habang nagparamdam din si two-time MVP Tots Carlos na bumanat ng 17 hits.,Mainit din si import Yeliz Basa na may 17 puntos --lahat galing sa attacks habang nagparamdam din si two-time MVP Tots Carlos na bumanat ng 17 hits.
"Nakasaad din sa EO ng Pangulo na kinakailangang bumalangkas ng joint regulation sa loob ng 90 araw ang CSC, DBM, DepEd at Professional Regulation Commission para sa epektibong implementasyon nito.","Nakasaad din sa EO ng Pangulo na kinakailangang bumalangkas ng joint regulation sa loob ng 90 araw ang CSC, DBM, DepEd at Professional Regulation Commission para sa epektibong implementasyon nito."
Sinabi ni Padilla na kailangang maturuan at mamulat ang publiko sa ideya ng pagdo-donate ng kanilang mga mata dahil sa napakaraming Pilipino na walang paningin ang nangangailangan nito.,Sinabi ni Padilla na kailangang maturuan at mamulat ang publiko sa ideya ng pagdo-donate ng kanilang mga mata dahil sa napakaraming Pilipino na walang paningin ang nangangailangan nito.
"Hinaharass na nga nila ang ating mga ma­ngingisda, sinisira pa ang ating likas-yaman.","Hinaharass na nga nila ang ating mga ma­ngingisda, sinisira pa ang ating likas-yaman."
Suportado ni Sotto ang mga dati niyang katropa sa Blue Eagles noong naglalaro pa ito para sa Ateneo sa juniors division.,Suportado ni Sotto ang mga dati niyang katropa sa Blue Eagles noong naglalaro pa ito para sa Ateneo sa juniors division.
Habang hindi pa lumalabas ang driver ay isang lalaki naman ang nakaabang sa likod ng sasakyan at nang nakitang lumabas na ang driver ay mabilis nitong binuksan ang passenger door.,Habang hindi pa lumalabas ang driver ay isang lalaki naman ang nakaabang sa likod ng sasakyan at nang nakitang lumabas na ang driver ay mabilis nitong binuksan ang passenger door.
"Doon nagsimula ang Malasakit Center, pahayag ni Go.","Doon nagsimula ang Malasakit Center, pahayag ni Go."
"Isang netizen din ang nagsabi na nangangailangan din ang bansa ng mas marami pang educators, novelists, at film directors.","Isang netizen din ang nagsabi na nangangailangan din ang bansa ng mas marami pang educators, novelists, at film directors."
Hahanapin niya si Maria Clara para sabihing buhay pa rin si Crisostomo at nag-disguise na isang jeweller na si Simoun.,Hahanapin niya si Maria Clara para sabihing buhay pa rin si Crisostomo at nag-disguise na isang jeweller na si Simoun.
May kinalaman daw pala ito sa Digiworx ni Maam Malou Santos na kung saan ay kinukuha sila para tumulong sa social media content ng Sparkle artists.,May kinalaman daw pala ito sa Digiworx ni Maam Malou Santos na kung saan ay kinukuha sila para tumulong sa social media content ng Sparkle artists.
"Sa kabila nito, iginigiit ni BBM na ""hindi muna ito kinokolekta sa kanila"" dahil hindi pa raw malinaw kung magkano ang sisingilin sa kanila.","Sa kabila nito, iginigiit ni BBM na ""hindi muna ito kinokolekta sa kanila"" dahil hindi pa raw malinaw kung magkano ang sisingilin sa kanila."
Sinabi raw sa kanya ng amo na dinala sa police station si Ana dahil sa mga litrato sa cellphone.,Sinabi raw sa kanya ng amo na dinala sa police station si Ana dahil sa mga litrato sa cellphone.
Tumagal din ng maraming taon ang seksyon na ito dahil tinangkilik ng napakaraming mambabasa ng PSN at kabilang dito ang mga Overseas Filipino worker.,Tumagal din ng maraming taon ang seksyon na ito dahil tinangkilik ng napakaraming mambabasa ng PSN at kabilang dito ang mga Overseas Filipino worker.
"Inaasahan pa umanong lalaki ang baha dahil patuloy ang pag-ulan sa nakapaligid na bundok, na bumababa sa Baco.","Inaasahan pa umanong lalaki ang baha dahil patuloy ang pag-ulan sa nakapaligid na bundok, na bumababa sa Baco."
"Ayon sa pinsan ng biktima, bibili lang sila ng tinapay nang mangyari ang insidente.","Ayon sa pinsan ng biktima, bibili lang sila ng tinapay nang mangyari ang insidente."
Binanggit din ni Kris ang iba pang kumpanya na tumulong sa kanila para makapag-abot ng ayuda sa mga biktima ni Odette.,Binanggit din ni Kris ang iba pang kumpanya na tumulong sa kanila para makapag-abot ng ayuda sa mga biktima ni Odette.
May ilang lalaki rin na nagtakbuhan sa tulay.,May ilang lalaki rin na nagtakbuhan sa tulay.
Ipinagtanggol din ni Roque ang Pangulo sa kanyang banta na ipapakulong ang mga ayaw magpabakuna dahil mayroon aniyang “police power” ang gobyerno para maprotektahan ang kaligtasan ng lahat.,Ipinagtanggol din ni Roque ang Pangulo sa kanyang banta na ipapakulong ang mga ayaw magpabakuna dahil mayroon aniyang “police power” ang gobyerno para maprotektahan ang kaligtasan ng lahat.
Napansin din ni Uy ang kakulangan ng mga mag-aaral na kumukuha ng mga kursong STEM.,Napansin din ni Uy ang kakulangan ng mga mag-aaral na kumukuha ng mga kursong STEM.
"Cavite, Philippines — Patay ang isang 28-anyos na driver ng kotse makaraang makatulog habang nagmamaneho sanhi upang sumalpok ito sa nakaparadang truck van sa gilid ng highway kahapon ng madaling araw sa Aguinaldo Highway, Brgy.","Cavite, Philippines — Patay ang isang 28-anyos na driver ng kotse makaraang makatulog habang nagmamaneho sanhi upang sumalpok ito sa nakaparadang truck van sa gilid ng highway kahapon ng madaling araw sa Aguinaldo Highway, Brgy."
"Sa isang pahayag ng Philippine Charity Sweepstakes Office na makikita sa kanilang website, sinabing messenger ang trabaho ng nanalo at binili nito ang kaniyang winning ticket sa Las Piñas City.","Sa isang pahayag ng Philippine Charity Sweepstakes Office na makikita sa kanilang website, sinabing messenger ang trabaho ng nanalo at binili nito ang kaniyang winning ticket sa Las Piñas City."
"Samantala, ang mga bagong Mayor na inaasahan sa mga sumusunod na lungsod at mga nangungunang kandidato ay sina-Cong.","Samantala, ang mga bagong Mayor na inaasahan sa mga sumusunod na lungsod at mga nangungunang kandidato ay sina-Cong."
Maraming celebrities ang naririnig at nakikita kong tumutulong sa mga apektado ngayon ng pandemic.,Maraming celebrities ang naririnig at nakikita kong tumutulong sa mga apektado ngayon ng pandemic.
"Tiniyak din ng DepEd-NCR na handa sila sa mandatong full in-person classes pagsapit ng Nobyembre, sa harap ng mga kakulangan sa classroom.","Tiniyak din ng DepEd-NCR na handa sila sa mandatong full in-person classes pagsapit ng Nobyembre, sa harap ng mga kakulangan sa classroom."
Kaya naman ang kanilang biyahe ang nagsisilbing pasasalamat din ni Tatay Jorge sa buhay.,Kaya naman ang kanilang biyahe ang nagsisilbing pasasalamat din ni Tatay Jorge sa buhay.
Nagmamalasakit lang naman ang mga kababayan nating nakakakita kay Jinkee Pacquiao sa pag-iikot ng kanyang asawang tumatakbo sa panguluhan.,Nagmamalasakit lang naman ang mga kababayan nating nakakakita kay Jinkee Pacquiao sa pag-iikot ng kanyang asawang tumatakbo sa panguluhan.
At malalaman din ni Kim na ang tunay na depensa ng maliliit na bansa ay ang kanilang mga sariling sundalo lang at hindi makakaasa sa pangako ng mga dayuhan.,At malalaman din ni Kim na ang tunay na depensa ng maliliit na bansa ay ang kanilang mga sariling sundalo lang at hindi makakaasa sa pangako ng mga dayuhan.
Last Saturday ay may streaming party sila na kung saan ay sinilebrayt na rin nila ang kaarawan ng Mommy ni Nadine na si My Lustre.,Last Saturday ay may streaming party sila na kung saan ay sinilebrayt na rin nila ang kaarawan ng Mommy ni Nadine na si My Lustre.
Paliwanag pa ng opisyal na patuloy na inoobserbahan ng Pilipinas ang “One China Policy” at mayroon lamang diplomatic sa naturang bansa.,Paliwanag pa ng opisyal na patuloy na inoobserbahan ng Pilipinas ang “One China Policy” at mayroon lamang diplomatic sa naturang bansa.
"Mansilangmagkasamasalabasayparanaman silangmgaholdapernanakatakipangmgamukha,ayaw nilangmakitangmgamironnamagkasamasila,nagpapanggapsilangibangtao.","Mansilangmagkasamasalabasayparanaman silangmgaholdapernanakatakipangmgamukha,ayaw nilangmakitangmgamironnamagkasamasila,nagpapanggapsilangibangtao."
Ang mga nabanggit ay sinasabing nagmula sa sumusunod na lugar.,Ang mga nabanggit ay sinasabing nagmula sa sumusunod na lugar.
"Sa ulat ng GMA Regional TV One North Central Luzon, na iniulat din sa Unang Balita nitong Huwebes, makikita na kumpleto sa set-up si Teacher Clinton Miguel na may TV, tablets, speaker sa Quebiauan Integrated School.","Sa ulat ng GMA Regional TV One North Central Luzon, na iniulat din sa Unang Balita nitong Huwebes, makikita na kumpleto sa set-up si Teacher Clinton Miguel na may TV, tablets, speaker sa Quebiauan Integrated School."
"Ang isa pang ikinaloka ng staff, strictly na nasusunod daw ang 14 working hours.","Ang isa pang ikinaloka ng staff, strictly na nasusunod daw ang 14 working hours."
Agad itong pinusuan ng milyon-milyon nilang fans.,Agad itong pinusuan ng milyon-milyon nilang fans.
Mayroon din daw siyang dalawang anak.,Mayroon din daw siyang dalawang anak.
Posible rin daw na mas nakahahawa ito kaysa sa karaniwan habang maaari din daw nitong mapababa ang bisa ng mga COVID-19 vaccines.,Posible rin daw na mas nakahahawa ito kaysa sa karaniwan habang maaari din daw nitong mapababa ang bisa ng mga COVID-19 vaccines.
"Patuloy na dumarami ang kaso ng dinadapuan ng sakit na leptospirosis na naitala na sa higit 1,400 habang umaakyat din ang bilang ng mga nasawi dahil dito, ayon sa Department of Health.","Patuloy na dumarami ang kaso ng dinadapuan ng sakit na leptospirosis na naitala na sa higit 1,400 habang umaakyat din ang bilang ng mga nasawi dahil dito, ayon sa Department of Health."
"Sinabi ni Sanman Promotions chief JC Manangquil — ang humahawak sa boxing career ni Gaballo — nasa puspusang paghahanda na ang Pinoy pug kasama ang Cuban mentor sa Miami, Florida.","Sinabi ni Sanman Promotions chief JC Manangquil — ang humahawak sa boxing career ni Gaballo — nasa puspusang paghahanda na ang Pinoy pug kasama ang Cuban mentor sa Miami, Florida."
Parang nag-enjoy siya ngayon ng ganyannapagod na raw siya e.,Parang nag-enjoy siya ngayon ng ganyannapagod na raw siya e.
"Si Manny Pacquiao lang ang Filipino boxer na nakaranas ng ganitong buhay, dahil din naging mahusay ang paghawak niya sa kinita niyang pera, at naging maayos nang makamit ang tagumpay.","Si Manny Pacquiao lang ang Filipino boxer na nakaranas ng ganitong buhay, dahil din naging mahusay ang paghawak niya sa kinita niyang pera, at naging maayos nang makamit ang tagumpay."
Kabilang din sa features nito ang lighting panel na puwedeng baguhin ang tema depende sa mood ng gumagamit.,Kabilang din sa features nito ang lighting panel na puwedeng baguhin ang tema depende sa mood ng gumagamit.
"Ito ay dahil sa akusasyon na nagkaroon umano ng dayaan sa eleksyon kaya papanagutin nila ang nagkasala, habang nangako naman ang mga military officials na ibabalik nila ang gobyerno sa mga residente kapag maayos na ang sitwasyon.","Ito ay dahil sa akusasyon na nagkaroon umano ng dayaan sa eleksyon kaya papanagutin nila ang nagkasala, habang nangako naman ang mga military officials na ibabalik nila ang gobyerno sa mga residente kapag maayos na ang sitwasyon."
Matinding holiday rush ang naranasan hanggang kahapon ng mga biyahero na dumaan sa North Luzon Expressway para roon magdiwang ng Bagong Taon sa piling ng kanilang mga mahal sa buhay.,Matinding holiday rush ang naranasan hanggang kahapon ng mga biyahero na dumaan sa North Luzon Expressway para roon magdiwang ng Bagong Taon sa piling ng kanilang mga mahal sa buhay.
"Malaking tulong po kasi lagi akong sumasama sa kanya, dati po akong tambay-tambay lang, wika niya noong taong 2019.","Malaking tulong po kasi lagi akong sumasama sa kanya, dati po akong tambay-tambay lang, wika niya noong taong 2019."
Na ng konstruksyon ang natatapos at dadalhin na sa kanilang puwesto ang mga hayop sa susunod na linggo para sa pagbubukas ng zoo.,Na ng konstruksyon ang natatapos at dadalhin na sa kanilang puwesto ang mga hayop sa susunod na linggo para sa pagbubukas ng zoo.
"Hopefully in the coming weeks makikita natin ang slow na pagtaas ng 12 to 17 booster doses dahil kailangan din po ng ating kabataan ang booster doses na ito, dagdag nito.","Hopefully in the coming weeks makikita natin ang slow na pagtaas ng 12 to 17 booster doses dahil kailangan din po ng ating kabataan ang booster doses na ito, dagdag nito."
"Bagaman batid daw niya na may multo sa gusali, hindi naman daw karaniwang nanakit ang mga ito.","Bagaman batid daw niya na may multo sa gusali, hindi naman daw karaniwang nanakit ang mga ito."
"Lalo na sa ngayon na batay sa gobyerno ay sa darating na August 22, ay mag-o-open classes na kaya mas kailangan talaga ng malaking public transport para roon sa tuluy-tuloy na pagse-serbisyo sa ating mamamayan, ani Floranda, sa panayam sa radyo nitong Linggo.","Lalo na sa ngayon na batay sa gobyerno ay sa darating na August 22, ay mag-o-open classes na kaya mas kailangan talaga ng malaking public transport para roon sa tuluy-tuloy na pagse-serbisyo sa ating mamamayan, ani Floranda, sa panayam sa radyo nitong Linggo."
Nag-start lang daw yun nang mag-chikahan sila ni Bambbi habang inaayusan siya ng mahusay na make up artist.,Nag-start lang daw yun nang mag-chikahan sila ni Bambbi habang inaayusan siya ng mahusay na make up artist.
"Nangangailangan ng $1,700 ang isang qualified swimmer para makalahok sa Malaysian meet.","Nangangailangan ng $1,700 ang isang qualified swimmer para makalahok sa Malaysian meet."
Sa ngayon ay hindi pa raw masabi ni Carlo kung mahihiligan din ng anak ang pag-aartista.,Sa ngayon ay hindi pa raw masabi ni Carlo kung mahihiligan din ng anak ang pag-aartista.
Nung nakaraang presscon ng Kurdapya ay natawa si Marco sa nakakarating na komentong siya raw talaga ang hari ng Vivamax na itinanggi ito ng aktor.,Nung nakaraang presscon ng Kurdapya ay natawa si Marco sa nakakarating na komentong siya raw talaga ang hari ng Vivamax na itinanggi ito ng aktor.
Milyon na halaga ng shabu ang mga kasapi ng Philippine Drug Enforcement Agency-Bangsamoro Autonomous Region in Muslim Mindanao (PDEA-BARMM) sa isang entrapment operation dito sa lungsod nitong Huwebes ng hapon.,Milyon na halaga ng shabu ang mga kasapi ng Philippine Drug Enforcement Agency-Bangsamoro Autonomous Region in Muslim Mindanao (PDEA-BARMM) sa isang entrapment operation dito sa lungsod nitong Huwebes ng hapon.
Halos magkasunod lang daw sila ng wedding nina Cong.,Halos magkasunod lang daw sila ng wedding nina Cong.
Nakita raw sa CCTV na ang asawa ni Damasain ang nagdala ng axe o blade na siyang ginamit umano sa paglagare sa steel bars.,Nakita raw sa CCTV na ang asawa ni Damasain ang nagdala ng axe o blade na siyang ginamit umano sa paglagare sa steel bars.
Mas gusto raw ni Allen na mag-restore kaysa bumili ng sasakyan.,Mas gusto raw ni Allen na mag-restore kaysa bumili ng sasakyan.
"Bukod dito, ang munisipyo ng Itogon ay kinalampag din ng COA para sa mga unaccounted o hindi nabilang na milyun-milyong pisong halaga ng ibat ibang welfare goods na ipinamahagi sa panahon ng ECQ.","Bukod dito, ang munisipyo ng Itogon ay kinalampag din ng COA para sa mga unaccounted o hindi nabilang na milyun-milyong pisong halaga ng ibat ibang welfare goods na ipinamahagi sa panahon ng ECQ."
Nu'ng amount na pinagawa roon sa resibo.,Nu'ng amount na pinagawa roon sa resibo.
Hindi raw siya ang unang nagnakaw sa apartment.,Hindi raw siya ang unang nagnakaw sa apartment.
"At kung sino ang matitira, doon na niya ibabalandra ang napakaganda niyang buntot sa peahen upang makuha ang atensyon nito.","At kung sino ang matitira, doon na niya ibabalandra ang napakaganda niyang buntot sa peahen upang makuha ang atensyon nito."
"Nang makitang lumabas ang sasakyan ng broadcaster, sinundan ito ng gunman hanggang makarating malapit sa gate ng BF Resort at doon na pinaputukan ng ilang beses ang biktima.Ayon.","Nang makitang lumabas ang sasakyan ng broadcaster, sinundan ito ng gunman hanggang makarating malapit sa gate ng BF Resort at doon na pinaputukan ng ilang beses ang biktima.Ayon."
"Well, on point din naman ang sentiment ng ibang estudyante na ganun na ba talaga ang mga kabataan, parang disoriented na sa history at parang twisted na raw ang ‘mind’ ng iba dahil sa epekto ng social media.","Well, on point din naman ang sentiment ng ibang estudyante na ganun na ba talaga ang mga kabataan, parang disoriented na sa history at parang twisted na raw ang ‘mind’ ng iba dahil sa epekto ng social media."
"Aniya, matitiyak daw nito namakapaglulunsad ng ""contact tracing procedures"" sa mga pasahero ng nasabing PAL flight.","Aniya, matitiyak daw nito namakapaglulunsad ng ""contact tracing procedures"" sa mga pasahero ng nasabing PAL flight."
"Ganoon din sa buong bansa, ito iyong pinakamataas natin, 4,700 cases, highest since February, mga first week of February, ani David.","Ganoon din sa buong bansa, ito iyong pinakamataas natin, 4,700 cases, highest since February, mga first week of February, ani David."
"Magsabi `Halika, dito ka.","Magsabi `Halika, dito ka."
"Nauna nang inihayag ni Marcial na wala nang balak na bumalik sa bubble setup ang liga dahil sa malaking gastusing kakailanganin dito gayundin ang malaking epekto nito sa mental health ng mga players, coaches at officials.","Nauna nang inihayag ni Marcial na wala nang balak na bumalik sa bubble setup ang liga dahil sa malaking gastusing kakailanganin dito gayundin ang malaking epekto nito sa mental health ng mga players, coaches at officials."
Pero ilang buwan lang daw siyang nakatanggap ng dibidendo hanggang sa hindi na niya makita ang may-ari ng kompanya.,Pero ilang buwan lang daw siyang nakatanggap ng dibidendo hanggang sa hindi na niya makita ang may-ari ng kompanya.
Ewan ko lang kung totoong apat na programa ang tatapusin kaya pinag-uusapan kung ano ang ipapalit.,Ewan ko lang kung totoong apat na programa ang tatapusin kaya pinag-uusapan kung ano ang ipapalit.
Matapos nito ay pinagtrabaho pa raw ang babaeng biktima sa isang unregistered POGO.,Matapos nito ay pinagtrabaho pa raw ang babaeng biktima sa isang unregistered POGO.
"Sa kabila nito, hindi pa raw tiyak kung may epekto ito sa pagkalat ng mas nakahahawang Delta variant,.","Sa kabila nito, hindi pa raw tiyak kung may epekto ito sa pagkalat ng mas nakahahawang Delta variant,."
Kahit nag-iisang lalaki sa mga pangunahing bida ay hindi naman daw nahirapan ang aktor sa trabaho para sa naturang Viu original series.,Kahit nag-iisang lalaki sa mga pangunahing bida ay hindi naman daw nahirapan ang aktor sa trabaho para sa naturang Viu original series.
"Na-meet daw niya roon ang director ng naturang international film festival na si Giona Nazzaro, at iba pang stakeholders kasama ang mga producer na naghanap ng mga co-producer.","Na-meet daw niya roon ang director ng naturang international film festival na si Giona Nazzaro, at iba pang stakeholders kasama ang mga producer na naghanap ng mga co-producer."
"Para sa kanya, mas naging inspired pa raw siyang magpursige sa buhay nang dumating si Sylvio.“Simula.","Para sa kanya, mas naging inspired pa raw siyang magpursige sa buhay nang dumating si Sylvio.“Simula."
"Kaya naman ay bumuo ang DOT ng tourism response and recovery plan para muling maiangat ang turismo sa kabila ng global health crisis kabilang dito ang pagsiguro sa kabuhayan at pangangailangan ng mga mamamayan, paglaanan ng business operations, infrastructure, palakasin ang marketing, market and product development, tamang institutional support at epektibong strategic communications.","Kaya naman ay bumuo ang DOT ng tourism response and recovery plan para muling maiangat ang turismo sa kabila ng global health crisis kabilang dito ang pagsiguro sa kabuhayan at pangangailangan ng mga mamamayan, paglaanan ng business operations, infrastructure, palakasin ang marketing, market and product development, tamang institutional support at epektibong strategic communications."
"Natunton at na-swab na rin daw ang mga close contacts ng Pilipina sa Maynila, na naka-quarantine na rin at inoobserbahan ang kalagayan.","Natunton at na-swab na rin daw ang mga close contacts ng Pilipina sa Maynila, na naka-quarantine na rin at inoobserbahan ang kalagayan."
Bongbong Marcos ang ating entertainment industry dahil ipinangako naman daw niya ito sa kanyang SONA.,Bongbong Marcos ang ating entertainment industry dahil ipinangako naman daw niya ito sa kanyang SONA.
"Pero sabi ni SJDM police chief Police Major Julius Alvaro, hindi alam ng biktima na dadalhin siya sa madamong lugar ng suspek.","Pero sabi ni SJDM police chief Police Major Julius Alvaro, hindi alam ng biktima na dadalhin siya sa madamong lugar ng suspek."
"Wala naman daw po itong banta dahil mayroon namang nilalagay na kemikal doon sa pagsusunog atsaka ito po ay may disinfection, every after ng kini-cremate.","Wala naman daw po itong banta dahil mayroon namang nilalagay na kemikal doon sa pagsusunog atsaka ito po ay may disinfection, every after ng kini-cremate."
"So, noong late afternoon ng March 14 ay itinuloy pa rin nina Richard at Sarah ang wedding at ginanap yon sa office ni Mayor Lino Cayetano sa may SM Aura at isang pastor ang nagkasal sa kanila, pero in-announce lang nila ang tungkol doon nang nasa reception na kami sa Samba restaurant sa Shangri-La The Fort.","So, noong late afternoon ng March 14 ay itinuloy pa rin nina Richard at Sarah ang wedding at ginanap yon sa office ni Mayor Lino Cayetano sa may SM Aura at isang pastor ang nagkasal sa kanila, pero in-announce lang nila ang tungkol doon nang nasa reception na kami sa Samba restaurant sa Shangri-La The Fort."
"Hmmm, akala ko di na muna ilalabas ni Kris sila Bimby sa social media.","Hmmm, akala ko di na muna ilalabas ni Kris sila Bimby sa social media."
Kailangan sumunod sila riyan kasi ano ba naman susundan natin?,Kailangan sumunod sila riyan kasi ano ba naman susundan natin?
May waiting siyang isang Kapuso series na gagawin niya.,May waiting siyang isang Kapuso series na gagawin niya.
"Bilang kilala ko si Vice nae-excite yan hindi mapakali yan kapag nae-excite siya sa gagawin niya, so, parang hindi siya na-excite.","Bilang kilala ko si Vice nae-excite yan hindi mapakali yan kapag nae-excite siya sa gagawin niya, so, parang hindi siya na-excite."
"Malaki po ang ibinawas ng sasakyan sa kalye, sabi ni Presidential Spokesperson Harry Roque.","Malaki po ang ibinawas ng sasakyan sa kalye, sabi ni Presidential Spokesperson Harry Roque."
Thankful siya na ipinagkatiwala sa kanya ng Watsons ang mag-endorse ng Collagen na noon pa man ay ginagamit na raw niya.,Thankful siya na ipinagkatiwala sa kanya ng Watsons ang mag-endorse ng Collagen na noon pa man ay ginagamit na raw niya.
Patungkol din dito ang pelikulang “Maid in Malañang” ngunit ito raw ay magiging base sa nangyayari sa loob ng Palasyo tatlong araw bago ang EDSA People Power Revolution ayon sa kuwento ng “reliable source”.,Patungkol din dito ang pelikulang “Maid in Malañang” ngunit ito raw ay magiging base sa nangyayari sa loob ng Palasyo tatlong araw bago ang EDSA People Power Revolution ayon sa kuwento ng “reliable source”.
Kaya naaligaga ang kanilang fans lalo na sa video clip kung saan makikita rin ang Film-Am star na si Ivan Dorschner.,Kaya naaligaga ang kanilang fans lalo na sa video clip kung saan makikita rin ang Film-Am star na si Ivan Dorschner.
Inutusan sila ng salarin na paandarin ang sasakyan pero pagsapit sa circumferential road ay kinuha ng salarin ang cellphone at pera ng biktima bago binaril sa ulo at tumakas.,Inutusan sila ng salarin na paandarin ang sasakyan pero pagsapit sa circumferential road ay kinuha ng salarin ang cellphone at pera ng biktima bago binaril sa ulo at tumakas.
Kasalukuyang nasa pagamutan pa ang magkakapatid na nakararanas daw ng hirap sa paghinga at pananakit ng katawan.,Kasalukuyang nasa pagamutan pa ang magkakapatid na nakararanas daw ng hirap sa paghinga at pananakit ng katawan.
"Hindi raw ito dapat haluin habang hinihintay na bumula ang kape, pero hindi rin dapat umabot sa pagkulo ang tubig..","Hindi raw ito dapat haluin habang hinihintay na bumula ang kape, pero hindi rin dapat umabot sa pagkulo ang tubig.."
"Sa halip na malungkot, makikita sa mga mukha ng mga kaanak ni Cabarles ang saya na para bang may parada lang sa fiesta.","Sa halip na malungkot, makikita sa mga mukha ng mga kaanak ni Cabarles ang saya na para bang may parada lang sa fiesta."
Halos iisa ang komento ng netizens na sinabihan siya ng “good luck” ng mga kaibigan dahil daw sa bago niyang career sa Amerika.,Halos iisa ang komento ng netizens na sinabihan siya ng “good luck” ng mga kaibigan dahil daw sa bago niyang career sa Amerika.
"Sakaling magpakita kayang muli si Hesus sa ibabaw ng lupa para bumisita pero sandali lang siyang mananatili, sino sa tingin ninyo ang gugustuhin Niyang makita at makaharap: Ang mabubuting tao ba o ang mga makasalanan?","Sakaling magpakita kayang muli si Hesus sa ibabaw ng lupa para bumisita pero sandali lang siyang mananatili, sino sa tingin ninyo ang gugustuhin Niyang makita at makaharap: Ang mabubuting tao ba o ang mga makasalanan?"
Inaabangan talaga ang Valentines concert ni Regine Velasquez-Alcasid at patunay riyan ang mabilis na pagkaubos ng VIP tickets para sa unang digital concert niya ngayong 2021 na Freedom.,Inaabangan talaga ang Valentines concert ni Regine Velasquez-Alcasid at patunay riyan ang mabilis na pagkaubos ng VIP tickets para sa unang digital concert niya ngayong 2021 na Freedom.
"Sa Unang Balita nitong Miyerkoles, makikita sa larawan ni Cristina Frencillo na gumagawa ng assignment ang guard na si Melquisidec Aurea habang nagbabantay sa establisimyento.","Sa Unang Balita nitong Miyerkoles, makikita sa larawan ni Cristina Frencillo na gumagawa ng assignment ang guard na si Melquisidec Aurea habang nagbabantay sa establisimyento."
Sabi ko sa kanya eh mas pipiliin kong lumigaya kaysa kumita ng pera.,Sabi ko sa kanya eh mas pipiliin kong lumigaya kaysa kumita ng pera.
Inaasahang ilalabas ng PBA ang listahan ng mga kwalipikadong aplikante sa Marso 9.,Inaasahang ilalabas ng PBA ang listahan ng mga kwalipikadong aplikante sa Marso 9.
"Nagpapadala nga ako ng video sa kanya, titingnan ko kung ano ang magagawa ng show para umayos na ang sitwasyon niya.","Nagpapadala nga ako ng video sa kanya, titingnan ko kung ano ang magagawa ng show para umayos na ang sitwasyon niya."
"Pero nitong Martes, nagsimula na ang kalbaryo ng mga consumer sa Parañaque, Muntinlupa at Pasay dahil sa pinatupad na tatlong araw na water interruption bunsod naman ng mataas na raw water turbidity na dala ng hanging amihan.","Pero nitong Martes, nagsimula na ang kalbaryo ng mga consumer sa Parañaque, Muntinlupa at Pasay dahil sa pinatupad na tatlong araw na water interruption bunsod naman ng mataas na raw water turbidity na dala ng hanging amihan."
"Ayon kay Marikina City Mayor Marcelino Teodoro, kamakalawa ay nagpulong na silang mga alkalde sa Metro Manila at dito napagkasunduan na bumuo ng standard at unified protocols para sa mga establisimyento at mga public areas na dinarayo ngayon ng mga tao.","Ayon kay Marikina City Mayor Marcelino Teodoro, kamakalawa ay nagpulong na silang mga alkalde sa Metro Manila at dito napagkasunduan na bumuo ng standard at unified protocols para sa mga establisimyento at mga public areas na dinarayo ngayon ng mga tao."
"Nang suriin niya ang bungo, doon na nila nakita ang mga larawan ng mga tao, at listahan ng mga pangalan na natuklasan na magkakaanak.","Nang suriin niya ang bungo, doon na nila nakita ang mga larawan ng mga tao, at listahan ng mga pangalan na natuklasan na magkakaanak."
"Ito naman daw talaga ang isa sa gusto nilang simulan, ang pagbangon muli ng ating movie industry.","Ito naman daw talaga ang isa sa gusto nilang simulan, ang pagbangon muli ng ating movie industry."
"Hindi yata ako ready na magkaroon ng relasyon, sabi raw ng kanyang anak.","Hindi yata ako ready na magkaroon ng relasyon, sabi raw ng kanyang anak."
"Pero mas marami ang natuwa kung totoo nga bang buntis, dahil dapat din naman daw na magkaroon na sila ng baby ni Dennis Trillo.","Pero mas marami ang natuwa kung totoo nga bang buntis, dahil dapat din naman daw na magkaroon na sila ng baby ni Dennis Trillo."
"Makikita naman natin na hindi naman 47% in this province, in this province hindi naman 47%, baka mas mataas pa in this province because balwarte niya roon, tapos dito mababa and then nag-compensate lang 'yung 47%.","Makikita naman natin na hindi naman 47% in this province, in this province hindi naman 47%, baka mas mataas pa in this province because balwarte niya roon, tapos dito mababa and then nag-compensate lang 'yung 47%."
"And then, yung mga talagang doon na lumaki, like si Dominic Ochoa.","And then, yung mga talagang doon na lumaki, like si Dominic Ochoa."
"Hindi raw inasahan ni Rock na mapupuno niya ang venue, pero laking gulat niya na sold-out ang tickets at ang dami pang nakapila sa labas ng theater club.","Hindi raw inasahan ni Rock na mapupuno niya ang venue, pero laking gulat niya na sold-out ang tickets at ang dami pang nakapila sa labas ng theater club."
"Minsan daw ay tumutulong si Mura sa pagtatanim ng mais, pero mahina na raw siya at madaling mapagod sanhi ng pagkaaksidente sa kanya sa traysikel na sinasakyan niya noong taong 2010.","Minsan daw ay tumutulong si Mura sa pagtatanim ng mais, pero mahina na raw siya at madaling mapagod sanhi ng pagkaaksidente sa kanya sa traysikel na sinasakyan niya noong taong 2010."
"Sabi ni Gregg, triple H daw kung Halalahi Halalahoo Homan.","Sabi ni Gregg, triple H daw kung Halalahi Halalahoo Homan."
"Ang aming approach ngayon para sa OFW ay tulungan hindi lamang yong OFW kung di pati yong pamilya na naiwan dito sa Pilipinas, wika ni Marcos Jr.","Ang aming approach ngayon para sa OFW ay tulungan hindi lamang yong OFW kung di pati yong pamilya na naiwan dito sa Pilipinas, wika ni Marcos Jr."
"Mga 2002, nang sumikat dito sa atin ang Taiwanese group na F4, o Forever Four, matapos na ipalabas sa telebisyon ang seryeng Meteor Garden.","Mga 2002, nang sumikat dito sa atin ang Taiwanese group na F4, o Forever Four, matapos na ipalabas sa telebisyon ang seryeng Meteor Garden."
"“Nung nagsabi si Mayor Lani na gusto niyang tumakbo, nagbigay-daan ako, parang nakita ko yung sarili ko na mas marami akong pwedeng gawin dito sa industriya,” pahayag ni direk Lino kahapon sa isang interview.","“Nung nagsabi si Mayor Lani na gusto niyang tumakbo, nagbigay-daan ako, parang nakita ko yung sarili ko na mas marami akong pwedeng gawin dito sa industriya,” pahayag ni direk Lino kahapon sa isang interview."
"Ang nasabing agreement umano ang tiyak na kanilang pag-aaralan sa kanyang pagbalik dito sa Pilipinas, ito ay bilang bahagi rin ng proseso sa pagpapalakas ng ating alyansa lalo na ngayong may delikadong sitwasyon ang bansa.","Ang nasabing agreement umano ang tiyak na kanilang pag-aaralan sa kanyang pagbalik dito sa Pilipinas, ito ay bilang bahagi rin ng proseso sa pagpapalakas ng ating alyansa lalo na ngayong may delikadong sitwasyon ang bansa."
"So roon na yung mga sasabihin nilang mag-ingat kayo, mahalin niyo si mama niyo.","So roon na yung mga sasabihin nilang mag-ingat kayo, mahalin niyo si mama niyo."
"Sa isang Laging Handa public briefing, sinabi ni Light Rail Transit Authority (LRTA) Administrator Hernando Cabrera na upang mai-avail ang programa, kakailanganin lamang ng mga estudyante na iprisinta ang kanilang school identification (ID) o patunay ng enrollment, sa LRT-2 passenger assistance center kung saan bibigyan sila ng single-journey ticket.","Sa isang Laging Handa public briefing, sinabi ni Light Rail Transit Authority (LRTA) Administrator Hernando Cabrera na upang mai-avail ang programa, kakailanganin lamang ng mga estudyante na iprisinta ang kanilang school identification (ID) o patunay ng enrollment, sa LRT-2 passenger assistance center kung saan bibigyan sila ng single-journey ticket."
"At ang seryeng gagawin nila ay experimental, dahil iba na nga ang istorya niyan kaysa sa mga naunang Darna na talagang sinulat ni Mars Ravelo.","At ang seryeng gagawin nila ay experimental, dahil iba na nga ang istorya niyan kaysa sa mga naunang Darna na talagang sinulat ni Mars Ravelo."
"Ang gagawin daw nila ay pupuntahan nila ang isang botika, at babayaran niya ang gamot na binibili roon.","Ang gagawin daw nila ay pupuntahan nila ang isang botika, at babayaran niya ang gamot na binibili roon."
Nagpaalam na raw ito sa bosses niya at pinayagan naman siya.,Nagpaalam na raw ito sa bosses niya at pinayagan naman siya.
"Habang kaharap ang isang kasamahan na si Jaylord Dela Torre, puwersahan niyang binuksan ang pinto ng Room 3J sa MRC Building at dito tumambad ang walang malay na si Sarmiento.","Habang kaharap ang isang kasamahan na si Jaylord Dela Torre, puwersahan niyang binuksan ang pinto ng Room 3J sa MRC Building at dito tumambad ang walang malay na si Sarmiento."
Pero hindi naman daw ito ginagawa sa kaniya ni Barbie.,Pero hindi naman daw ito ginagawa sa kaniya ni Barbie.
Kabilang daw sa mga idinadaing ng lalaki ay wala silang kuryente sa bahay.,Kabilang daw sa mga idinadaing ng lalaki ay wala silang kuryente sa bahay.
Dito nagbabala si Moreno na pananagutinang mga opisyal ng barangay na tila labis nanagiging ganid sa ayuda.,Dito nagbabala si Moreno na pananagutinang mga opisyal ng barangay na tila labis nanagiging ganid sa ayuda.
Ilalagay sa mga sobre ang hinihiling sa 2022 at saka ito ididikit sa likod ng pinto.,Ilalagay sa mga sobre ang hinihiling sa 2022 at saka ito ididikit sa likod ng pinto.
"Sa kanilang pag-aaral, nagawa raw ng “dancing molecules” na i-reverse ang paralysis sa bubuwit at nagamot nito ang severe spinal cord injuries.","Sa kanilang pag-aaral, nagawa raw ng “dancing molecules” na i-reverse ang paralysis sa bubuwit at nagamot nito ang severe spinal cord injuries."
"Konting galos lang ang tinamo ko, nagpamedical na, doon na siya humingi ng despensa na hindi niya raw alam ang pinaggagawa niya sa sarili niya, ayon naman kay Police Colonel Marlon Sandoval.","Konting galos lang ang tinamo ko, nagpamedical na, doon na siya humingi ng despensa na hindi niya raw alam ang pinaggagawa niya sa sarili niya, ayon naman kay Police Colonel Marlon Sandoval."
"Doon sa mga basura sa taas ng truck nakita ko na may P500 na nakakalat, doon kasi ako sa taas ng truck, ako ang taga-buhos ng basura, sabi ni Corpuz.","Doon sa mga basura sa taas ng truck nakita ko na may P500 na nakakalat, doon kasi ako sa taas ng truck, ako ang taga-buhos ng basura, sabi ni Corpuz."
"Nagtatanungan ang mga kababayan natin, ano raw kaya ang pinagkakaabalahan ngayon ng isang pamosong female personality na parang may nunal sa talampakan sa hilig rumampa sa labas ng kanyang bahay?","Nagtatanungan ang mga kababayan natin, ano raw kaya ang pinagkakaabalahan ngayon ng isang pamosong female personality na parang may nunal sa talampakan sa hilig rumampa sa labas ng kanyang bahay?"
"Ang sa kanila naman ni Sheryl, bukas daw ang linya nila sa para sa isat isa.","Ang sa kanila naman ni Sheryl, bukas daw ang linya nila sa para sa isat isa."
"Dito raw muna magpu-focus si Alden sa soap, dahil hindi pa raw muna nila masimulan ang pelikulang gagawin nila ni Bea Alonzo, ang A Moment to Remember.","Dito raw muna magpu-focus si Alden sa soap, dahil hindi pa raw muna nila masimulan ang pelikulang gagawin nila ni Bea Alonzo, ang A Moment to Remember."
"Batay umano sa datos ng DOH, mula sa 116 na bagong kaso ng Delta variant sa bansa ay 83 dito ang nasa Metro Manila.","Batay umano sa datos ng DOH, mula sa 116 na bagong kaso ng Delta variant sa bansa ay 83 dito ang nasa Metro Manila."
Dito na naghinala ang pamilya ni Jeda na kusang bumabalik ng misteryosong bakas ng mukha sa salamin.,Dito na naghinala ang pamilya ni Jeda na kusang bumabalik ng misteryosong bakas ng mukha sa salamin.
"Aniya, kung gagamitin sa konteksto ng armadong tunggalian, pwede pa nga itong itratong war crime sa ilalim ng international human rights instruments.","Aniya, kung gagamitin sa konteksto ng armadong tunggalian, pwede pa nga itong itratong war crime sa ilalim ng international human rights instruments."
"Ayaw pa namang iugnay ngMalacañang sa pagbubukas ng ekonomiyaang pagsirit ng mga kaso, kundi sa mga hindi raw sumusunod sa minimum health standards.","Ayaw pa namang iugnay ngMalacañang sa pagbubukas ng ekonomiyaang pagsirit ng mga kaso, kundi sa mga hindi raw sumusunod sa minimum health standards."
Masyado raw maasim at maanghang ang tubo ng kanyang dila na dapat niyang kalusin at bawasan.,Masyado raw maasim at maanghang ang tubo ng kanyang dila na dapat niyang kalusin at bawasan.
At hindi naman daw nabigo ang mag-ama dahil naging maayos daw ang takbo ng sasakyan sa kanilang long trip.,At hindi naman daw nabigo ang mag-ama dahil naging maayos daw ang takbo ng sasakyan sa kanilang long trip.
Hindi ko siya kakantahin kung hindi siya maganda.,Hindi ko siya kakantahin kung hindi siya maganda.
Sinabi raw niya sa mga ito na tumawag na sila ng pulis.,Sinabi raw niya sa mga ito na tumawag na sila ng pulis.
"Ipinaliwanag ni Vergeire na sa kabuuang populasyon ng bansa, tatanggalin sa kuwenta ang mga edad na zero hanggang apat na taong gulang ng mga bata na hindi pa maaaring mabakunahan.","Ipinaliwanag ni Vergeire na sa kabuuang populasyon ng bansa, tatanggalin sa kuwenta ang mga edad na zero hanggang apat na taong gulang ng mga bata na hindi pa maaaring mabakunahan."
Nagtatanong na rin daw si Jessie ng possible venue ng kasal.,Nagtatanong na rin daw si Jessie ng possible venue ng kasal.
Natutunan na raw nina Florentino kung papano magbalanse kapag dumadaan sa Kidungan upang hindi maaksidente.,Natutunan na raw nina Florentino kung papano magbalanse kapag dumadaan sa Kidungan upang hindi maaksidente.
Pinandigan talaga ni Rafael Ragos na lahat ng akusasyon niya noon kay senator Leila de Lima ay pawang kasinungalingan lamang at ito ay bunga ng sinasabi niyang coercion at pagpe-presurre sa kanya mismo ni secretary Aguirre at kasama roon na binanggit niya sina Atty.,Pinandigan talaga ni Rafael Ragos na lahat ng akusasyon niya noon kay senator Leila de Lima ay pawang kasinungalingan lamang at ito ay bunga ng sinasabi niyang coercion at pagpe-presurre sa kanya mismo ni secretary Aguirre at kasama roon na binanggit niya sina Atty.
Sa alas-2 ng hapon ay haharapin ni Kobe Paras at ng Niigata Albirex BB (2-10) ang nagdedepensang Chiba Jets.,Sa alas-2 ng hapon ay haharapin ni Kobe Paras at ng Niigata Albirex BB (2-10) ang nagdedepensang Chiba Jets.
"Kuwento ng aming source, nasa second floor lang daw si Alex at inikot doon ang opisina ng mga Senador para mag-carolling.","Kuwento ng aming source, nasa second floor lang daw si Alex at inikot doon ang opisina ng mga Senador para mag-carolling."
Siguro nga training ni Marian Rivera iyon para lumaking independent at matuto si Zia na magtrabaho sa loob ng bahay para hindi maging mahirap dito kung sakali na walang katulong sa bahay.,Siguro nga training ni Marian Rivera iyon para lumaking independent at matuto si Zia na magtrabaho sa loob ng bahay para hindi maging mahirap dito kung sakali na walang katulong sa bahay.
"Alam mo ba Ateng Salve, may nakapagkuwento sa akin na nang tanungin daw ng stylist na may hawak sa comeback concert niya ang misis ni Erwan Heusssaff kung magkano ang budget para sa outfits, shoes and accessories, ang dialogue raw ni Anne ay wala.","Alam mo ba Ateng Salve, may nakapagkuwento sa akin na nang tanungin daw ng stylist na may hawak sa comeback concert niya ang misis ni Erwan Heusssaff kung magkano ang budget para sa outfits, shoes and accessories, ang dialogue raw ni Anne ay wala."
"Matapos na barilin ang mag-asawa, nagtungo umano si Escosar sa kaniyang sasakyan at kumuha ng isa pang baril at nagbaril din sa sarili.","Matapos na barilin ang mag-asawa, nagtungo umano si Escosar sa kaniyang sasakyan at kumuha ng isa pang baril at nagbaril din sa sarili."
Kaya pina-videohan na lang daw niya ito sa kanyang misis na angkas para mamukhaan at maplakahan ang mga suspek.,Kaya pina-videohan na lang daw niya ito sa kanyang misis na angkas para mamukhaan at maplakahan ang mga suspek.
Inaasahan na rin naman daw niyang biruin siya at paglaruan ni Vice Ganda dahil close naman silang dalawa.,Inaasahan na rin naman daw niyang biruin siya at paglaruan ni Vice Ganda dahil close naman silang dalawa.
"Kaya baka mga six years na lang daw siya sa kanyang showbiz career, titigil na siya.","Kaya baka mga six years na lang daw siya sa kanyang showbiz career, titigil na siya."
"Gaya diumano sa nauna nilang sinabi, dadaluhan lamang ang seremonyas ng humigit-kumulang 100 bisita, dahil sa mga protocol ng COVID-19.","Gaya diumano sa nauna nilang sinabi, dadaluhan lamang ang seremonyas ng humigit-kumulang 100 bisita, dahil sa mga protocol ng COVID-19."
"Nitong Miyerkules, sinabi ni DOH Officer in Charge Maria Rosario Vergeire na aalisin lamang ng Pilipinas ang sarili nitong PHEIC kung magiging handa at palalakasin ang health care system nito.","Nitong Miyerkules, sinabi ni DOH Officer in Charge Maria Rosario Vergeire na aalisin lamang ng Pilipinas ang sarili nitong PHEIC kung magiging handa at palalakasin ang health care system nito."
"Maliban sa kasalukuyang members ng Gilas Cadets, isasama rin sa koponan ang mga makukuha sa special draft sa Gilas Pilipinas na sasalang sa dalawang malaking torneo.","Maliban sa kasalukuyang members ng Gilas Cadets, isasama rin sa koponan ang mga makukuha sa special draft sa Gilas Pilipinas na sasalang sa dalawang malaking torneo."
"Muling idinaan ng aktor sa Instagram ang mensahe niya para sa nakahiway na misis, dito nga niya sinabi na handa siyang harapin ang lahat ng pagsubok bastat magkabalikan lamang sila ni Jennica.","Muling idinaan ng aktor sa Instagram ang mensahe niya para sa nakahiway na misis, dito nga niya sinabi na handa siyang harapin ang lahat ng pagsubok bastat magkabalikan lamang sila ni Jennica."
"Nakasaad din sa proklamasyon na ang pagdedeklara ng national holidays sa paggunita ng Eid'l Fitr at Eid'l Adha ay ilalabas pagkaraan na matukoy ang petsa sa Islamic calendar, o lunar calendar, o batay sa Islamic astronomical calculations, o alinman sa mga ito.","Nakasaad din sa proklamasyon na ang pagdedeklara ng national holidays sa paggunita ng Eid'l Fitr at Eid'l Adha ay ilalabas pagkaraan na matukoy ang petsa sa Islamic calendar, o lunar calendar, o batay sa Islamic astronomical calculations, o alinman sa mga ito."
"Gayunman, wala namang mga patak ng dugo sa lugar na kinatagpuan nito dakong alas-5:30 ng umaga na palatandaang doon lamang itinapon ang katawan matapos na paslangin ng di kilalang salarin.","Gayunman, wala namang mga patak ng dugo sa lugar na kinatagpuan nito dakong alas-5:30 ng umaga na palatandaang doon lamang itinapon ang katawan matapos na paslangin ng di kilalang salarin."
Tanggap naman na raw ni Kuya Kim na bubuhos ng batikos sa kaniyang naging desisyon.,Tanggap naman na raw ni Kuya Kim na bubuhos ng batikos sa kaniyang naging desisyon.
Pormal nang naghain ng civil case laban sa aktor at Cebu City North District congressional candidate Richard Yap ang lalaking nagpapakilalang anak daw niya.,Pormal nang naghain ng civil case laban sa aktor at Cebu City North District congressional candidate Richard Yap ang lalaking nagpapakilalang anak daw niya.
"Samantala, sinabi ni Villar na ipinagtataka niya kung bakit paulit-ulit na sinasabi ng isang tauhan na kaniyang kinokompronta na huwag sasaktan ang security guard kaya nakapagsalita ng tungkol sa LGBT.","Samantala, sinabi ni Villar na ipinagtataka niya kung bakit paulit-ulit na sinasabi ng isang tauhan na kaniyang kinokompronta na huwag sasaktan ang security guard kaya nakapagsalita ng tungkol sa LGBT."
Dumalo roon ang ibang mga sosyalerang suot ang mamahaling alahas at nakabalandra ang mga signature bag.,Dumalo roon ang ibang mga sosyalerang suot ang mamahaling alahas at nakabalandra ang mga signature bag.
May kuwento pa ang komedyanang ito na kailangan daw nilang magpasok ng commercials sa TV network na pinagtatrabahuhan niya.,May kuwento pa ang komedyanang ito na kailangan daw nilang magpasok ng commercials sa TV network na pinagtatrabahuhan niya.
Dahil dito ay kailangang maipanalo ng Gilas Pilipinas ang laro kontra sa India upang masiguro ang pagpasok sa susunod na yugto ng torneo.,Dahil dito ay kailangang maipanalo ng Gilas Pilipinas ang laro kontra sa India upang masiguro ang pagpasok sa susunod na yugto ng torneo.
"May listahan na rin sila ng ninong at ninang, pero hindi raw nila nakakausap ang mga ito.","May listahan na rin sila ng ninong at ninang, pero hindi raw nila nakakausap ang mga ito."
"Sabi ng ilang mahaderang fans, keber daw nila kung nagti-taping na o hindi na matutuloy ang action-fantasy series na ito.","Sabi ng ilang mahaderang fans, keber daw nila kung nagti-taping na o hindi na matutuloy ang action-fantasy series na ito."
Tutulungan din umano si Manuales na magsampa ng reklamo laban sa amo at agency nito kung mapapatunayan na totoo ang kaniyang mga alegasyon.--FRJ.,Tutulungan din umano si Manuales na magsampa ng reklamo laban sa amo at agency nito kung mapapatunayan na totoo ang kaniyang mga alegasyon.--FRJ.
"Sana mag-hire ng mga security guard kasi alam naman natin na napakaraming establishment dito sa Olongapo na hindi natin matutukan lahat, ayon kay Tecson.","Sana mag-hire ng mga security guard kasi alam naman natin na napakaraming establishment dito sa Olongapo na hindi natin matutukan lahat, ayon kay Tecson."
"Suspendido raw mula sa Facebook ang account ng tagapagsalita ni presidential candidate Ferdinand ""Bongbong"" Marcos Jr.","Suspendido raw mula sa Facebook ang account ng tagapagsalita ni presidential candidate Ferdinand ""Bongbong"" Marcos Jr."
"Naniniwala ako na nagbibigay siya ng suwerte sa akin, sabi ni lola Leona, na sa kaniyang edad ay wala raw siyang malubhang karamdaman.","Naniniwala ako na nagbibigay siya ng suwerte sa akin, sabi ni lola Leona, na sa kaniyang edad ay wala raw siyang malubhang karamdaman."
"Kung mahahalal siya bilang susunod na Pangulo ng bansa, tiniyak ni Lacson na tatapusin niya ang nasabing maling sistema para ipatupad ang pantay na hustisya sa lahat – mahirap man o mayaman.","Kung mahahalal siya bilang susunod na Pangulo ng bansa, tiniyak ni Lacson na tatapusin niya ang nasabing maling sistema para ipatupad ang pantay na hustisya sa lahat – mahirap man o mayaman."
"Kaso, ang second cam na gagamitin niya, e, ginagamit pa ng ibang show, itatakbo na lang sa venue ng interview niya kapag available na.","Kaso, ang second cam na gagamitin niya, e, ginagamit pa ng ibang show, itatakbo na lang sa venue ng interview niya kapag available na."
Bakit nila ilalabas iyon kung wala kahit na kaunting pakimkim.,Bakit nila ilalabas iyon kung wala kahit na kaunting pakimkim.
"Hindi rin daw nangangagat ng ibang tao ang buwaya, hindi gaya ng aso.","Hindi rin daw nangangagat ng ibang tao ang buwaya, hindi gaya ng aso."
"Sabi ng BSP, maaring itutulak pa pataas ang inflation dahil nagmamahal ang mga presyo sa world market kahit ng hindi produktong petrolyo, dahil sa kakulangan sa isda, at dahil sa mga petisyon para sa pagpapataas ng pamasahe at pagtaas sa presyo ng gasolina at diesel.","Sabi ng BSP, maaring itutulak pa pataas ang inflation dahil nagmamahal ang mga presyo sa world market kahit ng hindi produktong petrolyo, dahil sa kakulangan sa isda, at dahil sa mga petisyon para sa pagpapataas ng pamasahe at pagtaas sa presyo ng gasolina at diesel."
"Mabait siya, walang kaangas-angas, marespeto, ano pa ba naman ang hahanapin niya sa male personality?","Mabait siya, walang kaangas-angas, marespeto, ano pa ba naman ang hahanapin niya sa male personality?"
Nasa higit P200/kilo raw ang profit margin nila sa ngayonsa pagitan ng farmgate priceng buhay na baboy at retail price nito sa mga palengke.,Nasa higit P200/kilo raw ang profit margin nila sa ngayonsa pagitan ng farmgate priceng buhay na baboy at retail price nito sa mga palengke.
"Winelcome rin ngayong araw ng Bayan Muna party-list ang desisyon ng Comelec lalo nat kitang-kita naman daw na ""kilo-kilometro"" ang pila sa Comelec boths sa nakaraang linggo, sinyales na marami pa ang hindi nakakarehistro.","Winelcome rin ngayong araw ng Bayan Muna party-list ang desisyon ng Comelec lalo nat kitang-kita naman daw na ""kilo-kilometro"" ang pila sa Comelec boths sa nakaraang linggo, sinyales na marami pa ang hindi nakakarehistro."
"Naririnig na raw nilang nagsasabi si dating sexy actor ng tama na please, nagagalit na e!","Naririnig na raw nilang nagsasabi si dating sexy actor ng tama na please, nagagalit na e!"
Bukod sa ilang mga sintomas ay dumating na raw sa pagkakataong hindi maalala ng singer maging ang pangalan ng alagang aso.,Bukod sa ilang mga sintomas ay dumating na raw sa pagkakataong hindi maalala ng singer maging ang pangalan ng alagang aso.
Ang mahalaga raw ay natuloy ang graduation na isa sa pinakamasayang yugto ng kanilang kabataan.,Ang mahalaga raw ay natuloy ang graduation na isa sa pinakamasayang yugto ng kanilang kabataan.
"Nag-hit sa Amerika itong concert nila, kaya tinawagan daw si Pops ng Newport World Resorts para aluking mag-show sila roon.","Nag-hit sa Amerika itong concert nila, kaya tinawagan daw si Pops ng Newport World Resorts para aluking mag-show sila roon."
"Hinarangan ni Pangulong Rodrigo Duterte ang tuluyang pagsasabatas ng SIM card registration bill, bagay na mag-oobliga rin daw ng pagpaparehistro ng social media accounts dahil dudulo raw ito sa sobra-sobrang pakikialam ng estado sa mga indibidwal.","Hinarangan ni Pangulong Rodrigo Duterte ang tuluyang pagsasabatas ng SIM card registration bill, bagay na mag-oobliga rin daw ng pagpaparehistro ng social media accounts dahil dudulo raw ito sa sobra-sobrang pakikialam ng estado sa mga indibidwal."
"Hindi raw totoo iyung sinabi ng manager ni Jake na nakipag-ugnayan sila sa isang family member, dahil tinanong daw niya lahat, wala naman.","Hindi raw totoo iyung sinabi ng manager ni Jake na nakipag-ugnayan sila sa isang family member, dahil tinanong daw niya lahat, wala naman."
Nabatid na nag-overtake si Morales sa isang sasakyan sa kurbadang bahagi ng kalye at sinakop ang kinaroroonan ng magkasintahan sanhi ng salpukan.,Nabatid na nag-overtake si Morales sa isang sasakyan sa kurbadang bahagi ng kalye at sinakop ang kinaroroonan ng magkasintahan sanhi ng salpukan.
Umaasa siyang susundan ng baby ang tunog na madidinig para bumaligtad at lumapit ang ulo sa kaniyang puwerta.,Umaasa siyang susundan ng baby ang tunog na madidinig para bumaligtad at lumapit ang ulo sa kaniyang puwerta.
"Gayunman, iimbestigahan pa rin aniya nila ang kaso kabilang dito ang pagbusisi sa radio program ni Lapid mula 2021 hanggang 2022 para matukoy ang mga personalidad na nabanatan nito at posibleng maging utak sa pamamaslang sa brodkaster.","Gayunman, iimbestigahan pa rin aniya nila ang kaso kabilang dito ang pagbusisi sa radio program ni Lapid mula 2021 hanggang 2022 para matukoy ang mga personalidad na nabanatan nito at posibleng maging utak sa pamamaslang sa brodkaster."
Maraming beses din daw niyang tinanong ito at sinasabi raw ni Paolo na akala mo lang yun.,Maraming beses din daw niyang tinanong ito at sinasabi raw ni Paolo na akala mo lang yun.
Dito magsisimula 'yung pagpapatuloy ng kuwento ng mga Manalotos.,Dito magsisimula 'yung pagpapatuloy ng kuwento ng mga Manalotos.
"Nandun din daw ang girlfriend nung lalaking nakahalikan ni James, at meron pa raw silang isa pang kaibigan na sumabay ring naki-birthday sa kanila.","Nandun din daw ang girlfriend nung lalaking nakahalikan ni James, at meron pa raw silang isa pang kaibigan na sumabay ring naki-birthday sa kanila."
"Noong limitado pa ang face-to-face classes, ginagawa raw ng mga eskwelahan ang lahat ng makakaya nito upang maipatupad ang minimum health standards para sa kaligtasan ng mga guro at estudyante.","Noong limitado pa ang face-to-face classes, ginagawa raw ng mga eskwelahan ang lahat ng makakaya nito upang maipatupad ang minimum health standards para sa kaligtasan ng mga guro at estudyante."
"Gayunman, may iilan umano na hindi sumusunod sa ordinansa dahil wala raw kasi silang ibang lugar na pagsasampayan.","Gayunman, may iilan umano na hindi sumusunod sa ordinansa dahil wala raw kasi silang ibang lugar na pagsasampayan."
Tapos hanggang ngayon may mga palpak pa na kailangan i-fix dito sa building na parang hindi matapos tapos ang pag re-repair.,Tapos hanggang ngayon may mga palpak pa na kailangan i-fix dito sa building na parang hindi matapos tapos ang pag re-repair.
"Sinagot ng respondents ang sumusunod na tanong: ""Sa mga taong nasa listahang ito, sino ang inyong iboboto bilang PRESIDENTE NG PILIPINAS kung ang eleksyon ng Mayo 2022 ay gaganapin ngayon at sila ang mga kandidato?""","Sinagot ng respondents ang sumusunod na tanong: ""Sa mga taong nasa listahang ito, sino ang inyong iboboto bilang PRESIDENTE NG PILIPINAS kung ang eleksyon ng Mayo 2022 ay gaganapin ngayon at sila ang mga kandidato?"""
Hindi rin daw nagpahuli itong si Mommy ni sikat na aktres.,Hindi rin daw nagpahuli itong si Mommy ni sikat na aktres.
Itoy dahil hindi na raw miyembro ng ICC ang Pilipinas noong Marso 2019 at gumagana naman daw ang local judicial system sa bansa.,Itoy dahil hindi na raw miyembro ng ICC ang Pilipinas noong Marso 2019 at gumagana naman daw ang local judicial system sa bansa.
Si Marco ang gumaganap na tambay na si Carlos at si Nikko naman ang sosyal dito na nouveau rich na ipinartner sa sosyal ding si Daphne.,Si Marco ang gumaganap na tambay na si Carlos at si Nikko naman ang sosyal dito na nouveau rich na ipinartner sa sosyal ding si Daphne.
"At ang first assignment niya pagkatapos maging legal ang working visa, ang pagho-host ng coronation night ng Miss Universe Philippines 2021 noong Setyembre 30 sa Panglao, Bohol kung saan nakatikim siya ng bashing dahil boring daw siyang mag-host.","At ang first assignment niya pagkatapos maging legal ang working visa, ang pagho-host ng coronation night ng Miss Universe Philippines 2021 noong Setyembre 30 sa Panglao, Bohol kung saan nakatikim siya ng bashing dahil boring daw siyang mag-host."
"Bukod diyan, hindi na rin daw kinakailangang i-test para sa COVID-19 ang mga pashero sa kanilang arrival.","Bukod diyan, hindi na rin daw kinakailangang i-test para sa COVID-19 ang mga pashero sa kanilang arrival."
"Aniya, hindi raw dapat limitahan ang mga babae para tuparin ang kanilang mga pangarap dahil lamang naging ina na sila o maybahay.","Aniya, hindi raw dapat limitahan ang mga babae para tuparin ang kanilang mga pangarap dahil lamang naging ina na sila o maybahay."
May isang kilala ring young actress na nagpositibo rin daw pero mabuti at hindi naman ganun ka-severe kaya nagpahinga na lang at in-isolate ang sarili sa kanilang tahanan.,May isang kilala ring young actress na nagpositibo rin daw pero mabuti at hindi naman ganun ka-severe kaya nagpahinga na lang at in-isolate ang sarili sa kanilang tahanan.
"Hindi rin daw maiwasan ang pag-aaway, pero ‘yun daw ang lalong nagpapatibay sa kanilang relasyon.","Hindi rin daw maiwasan ang pag-aaway, pero ‘yun daw ang lalong nagpapatibay sa kanilang relasyon."
"Kasi kung wala raw karapatan ang asawa, parang pinatayan na nito ang kaniyang kabiyak sa sama ng loob.","Kasi kung wala raw karapatan ang asawa, parang pinatayan na nito ang kaniyang kabiyak sa sama ng loob."
Iba pa raw ‘yun sa gastos sa kanilang tinitirhang building at sa pagiging bingi niya.,Iba pa raw ‘yun sa gastos sa kanilang tinitirhang building at sa pagiging bingi niya.
"Para hindi makapanakit ng ibang tao, at pati na ang kaniyang sarili, nagpasya na ang mga magkakaanak na ilagay na lang si Mia sa kulungan kung saan doon na umikot ang kaniyang mundo sa loob ng mahigit isang taon.","Para hindi makapanakit ng ibang tao, at pati na ang kaniyang sarili, nagpasya na ang mga magkakaanak na ilagay na lang si Mia sa kulungan kung saan doon na umikot ang kaniyang mundo sa loob ng mahigit isang taon."
"Ayon sa kaniyang amo na si Maddison Kelly, kaya raw nitong i-play ang video nang mag-isa at ang kaniyang bini-binge watch ay mga video ng mga kabayo.","Ayon sa kaniyang amo na si Maddison Kelly, kaya raw nitong i-play ang video nang mag-isa at ang kaniyang bini-binge watch ay mga video ng mga kabayo."
"Chika pa niya, hindi raw siya madalas magselos at mukhang may tiwala rin siya kay Seth dahil alam naman daw nito kung sino ang pinag-seselosan niya.","Chika pa niya, hindi raw siya madalas magselos at mukhang may tiwala rin siya kay Seth dahil alam naman daw nito kung sino ang pinag-seselosan niya."
"Pero bigla raw nagdatingan ang hawi boys, parang tinulak daw ang mga press people at hinila ang aktor palabas ng venue.","Pero bigla raw nagdatingan ang hawi boys, parang tinulak daw ang mga press people at hinila ang aktor palabas ng venue."
"Ang residente na si Arman, nakita na raw ang buwaya sa ilog na mahaba umano ang nguso at malaki ang mata.","Ang residente na si Arman, nakita na raw ang buwaya sa ilog na mahaba umano ang nguso at malaki ang mata."
"Pinagpahinga raw siya sandali sa backstage at pinapauwi na raw sana siya, pero ayaw raw niya.","Pinagpahinga raw siya sandali sa backstage at pinapauwi na raw sana siya, pero ayaw raw niya."
Nilinaw rin ni Carnie na patuloy ang pagbebenta nila ng tickets at nakabibilib daw talaga ang Aegis dahil ang dami nilang fans.,Nilinaw rin ni Carnie na patuloy ang pagbebenta nila ng tickets at nakabibilib daw talaga ang Aegis dahil ang dami nilang fans.
"Sabi ni Jonas, either September o October daw ang Miss Universe 2021 at pagkatapos ma-relinquish ni Rabiya ang kanyang korona, doon na raw siya papasok sa pag-aartista.","Sabi ni Jonas, either September o October daw ang Miss Universe 2021 at pagkatapos ma-relinquish ni Rabiya ang kanyang korona, doon na raw siya papasok sa pag-aartista."
"Bahagi raw ng pag-move on niya, gusto na raw niyang mag-focus sa trabaho.","Bahagi raw ng pag-move on niya, gusto na raw niyang mag-focus sa trabaho."
"Halos isang milyong piso raw ang nagastos ni sexy actress, kaya sobrang tuwa raw ng magulang ni basketbolista.","Halos isang milyong piso raw ang nagastos ni sexy actress, kaya sobrang tuwa raw ng magulang ni basketbolista."
"Sa bilang na yan, apat ang gumaling na raw talaga.","Sa bilang na yan, apat ang gumaling na raw talaga."
Proud si Elijah dito sa Livescream dahil bago siyang tipo ng horror na hindi typical na napapanood natin sa Pinoy horror films at dapat na mapanood daw ito ng mga kabataan na nahuhumaling sa social media.,Proud si Elijah dito sa Livescream dahil bago siyang tipo ng horror na hindi typical na napapanood natin sa Pinoy horror films at dapat na mapanood daw ito ng mga kabataan na nahuhumaling sa social media.
"Ang pinsan naman daw ni Stiffany, takot nang matulog sa kanilang sala dahil nakararanas doon ng bangungunot.","Ang pinsan naman daw ni Stiffany, takot nang matulog sa kanilang sala dahil nakararanas doon ng bangungunot."
"Matatandaang nasawi naman daw sa loob ng Bilibid ang isa sa mga ""middleman"" sa pagpatay kay Mabasa na si Jun Villamor sa parehong araw ng pagsuko ni Estorial, dahilan para masuspindi si Bantag ng 90 araw.","Matatandaang nasawi naman daw sa loob ng Bilibid ang isa sa mga ""middleman"" sa pagpatay kay Mabasa na si Jun Villamor sa parehong araw ng pagsuko ni Estorial, dahilan para masuspindi si Bantag ng 90 araw."
Bilang bahagi ng standard operating procedure sa pagamutan ay isinailalim muli si Erap sa swab test at dito na nakumpirmang positibo ito sa COVID-19.,Bilang bahagi ng standard operating procedure sa pagamutan ay isinailalim muli si Erap sa swab test at dito na nakumpirmang positibo ito sa COVID-19.
"Actually, hindi na nga raw siya nakakapag-workout dahil ito na nga ang workout niya.","Actually, hindi na nga raw siya nakakapag-workout dahil ito na nga ang workout niya."
At ang pinaka-last nga raw ay mismong katrabaho at kaibigan pa nilang mag-asawa kaya sobrang nasaktan si Moira.,At ang pinaka-last nga raw ay mismong katrabaho at kaibigan pa nilang mag-asawa kaya sobrang nasaktan si Moira.
"So, diyan mali na sila at hindi dapat tayo sumunod sa ganyang pamamalakad na walang konsultasyon and it somehow breaks the separation of church ang state, sila ang nagse-separate ngayon.","So, diyan mali na sila at hindi dapat tayo sumunod sa ganyang pamamalakad na walang konsultasyon and it somehow breaks the separation of church ang state, sila ang nagse-separate ngayon."
"Tapos lahat ng character dito may sikreto,” pagbabahagi ni Zanjoe.","Tapos lahat ng character dito may sikreto,” pagbabahagi ni Zanjoe."
"Kahit dito sa Malaysia may Filipino songs na pinapatugtog, sabi ni @Ms Numb.","Kahit dito sa Malaysia may Filipino songs na pinapatugtog, sabi ni @Ms Numb."
Ang suspek ay pumuwesto umano sa may bintana ng nasa-bing karinderya at doon ay dalawang beses na pinaputukan ang biktima na nagresulta sa agaran nitong kamatayan.,Ang suspek ay pumuwesto umano sa may bintana ng nasa-bing karinderya at doon ay dalawang beses na pinaputukan ang biktima na nagresulta sa agaran nitong kamatayan.
Hindi raw nya makakalimutan ang pananakit ng kanyang amo at mabuti na Lang daw ay nagawa nyang mai-record sa mobile phone na kanyang inilagay sa isang cabinet kung saan kitang-kita ang pananakit sa kanya.,Hindi raw nya makakalimutan ang pananakit ng kanyang amo at mabuti na Lang daw ay nagawa nyang mai-record sa mobile phone na kanyang inilagay sa isang cabinet kung saan kitang-kita ang pananakit sa kanya.
"Buck Estate, bayan ng Alfonso, dito kahapon ng umaga.","Buck Estate, bayan ng Alfonso, dito kahapon ng umaga."
"Nang kaniyang inspeksyunin ito, dito niya nakita ang kinakalawang na bomba.","Nang kaniyang inspeksyunin ito, dito niya nakita ang kinakalawang na bomba."
Dahil dito ay aasa ang St.,Dahil dito ay aasa ang St.
Kinagat-kagat pa raw ng salarin ang tinangay nitong mga salawal bago iniuwi ang mga kasuotan at ginawang kumot.,Kinagat-kagat pa raw ng salarin ang tinangay nitong mga salawal bago iniuwi ang mga kasuotan at ginawang kumot.
What if may isang kandidato na roon ibinenta kung anong nahawakan ng sindikato?,What if may isang kandidato na roon ibinenta kung anong nahawakan ng sindikato?
"Bagaman naiisip na raw noon ni Kean na kumalas at mag-solo, sinabi ni Chynna na hindi iyon kaagad ginawa ng kaniyang mister hanggang sa maramdaman na ang tamang oras.","Bagaman naiisip na raw noon ni Kean na kumalas at mag-solo, sinabi ni Chynna na hindi iyon kaagad ginawa ng kaniyang mister hanggang sa maramdaman na ang tamang oras."
May isa pa raw malaking proyekto na inihahanda ang GMA para kay Alden na siguradong ikatutuwa at ikagugulat ng kanyang mga fans.,May isa pa raw malaking proyekto na inihahanda ang GMA para kay Alden na siguradong ikatutuwa at ikagugulat ng kanyang mga fans.
"""Kaya parang sinabi ko na parang hanggang dito na lang ako tapos na babalik ako sa pagiging dating ako na maraming trabaho sa isang linggo.","""Kaya parang sinabi ko na parang hanggang dito na lang ako tapos na babalik ako sa pagiging dating ako na maraming trabaho sa isang linggo."
Ilang staff ng AOS ang nakatsikahan ko kahapon tungkol sa tweet ni Ate Gay na hindi pa raw nababayaran ang talent fee niya sa nakaraang taong guesting niya sa naturang show.,Ilang staff ng AOS ang nakatsikahan ko kahapon tungkol sa tweet ni Ate Gay na hindi pa raw nababayaran ang talent fee niya sa nakaraang taong guesting niya sa naturang show.
Dito raw niya naisip ang advice ng kanyang award-winning actress na inang si Jean Garcia na subukan niyang mag-reach out sa ABS-CBN.,Dito raw niya naisip ang advice ng kanyang award-winning actress na inang si Jean Garcia na subukan niyang mag-reach out sa ABS-CBN.
"So yung inflation doon sa ini-importan (import) natin nadadala rito sa Pilipinas, anang Pangulo.","So yung inflation doon sa ini-importan (import) natin nadadala rito sa Pilipinas, anang Pangulo."
Kapapasok lang sa team ni head coach Edgar Barroga noong Setyembre.,Kapapasok lang sa team ni head coach Edgar Barroga noong Setyembre.
"Sa mga lugar nga raw gaya ng Bohol, Leyte, Surigao at Dinagat tuloy-tuloy pa rin naman daw ang eleksyon matapos payagan ang pag-arkila ng mga generation sets para matiyak ang suplay ng kuryente sa mga presinto.","Sa mga lugar nga raw gaya ng Bohol, Leyte, Surigao at Dinagat tuloy-tuloy pa rin naman daw ang eleksyon matapos payagan ang pag-arkila ng mga generation sets para matiyak ang suplay ng kuryente sa mga presinto."
"Ayon kay Nanay Ising, maybahay ni Tatay Ted, kung saan-saan nga raw parte ng bahay nag-iipit ng pera ang kaniyang mister para itabi.","Ayon kay Nanay Ising, maybahay ni Tatay Ted, kung saan-saan nga raw parte ng bahay nag-iipit ng pera ang kaniyang mister para itabi."
"Kabilang dito ang fire extinguisher, ang mas maliit na disposable fire extinguisher, ang fire extinguisher ball na inihahagis sa apoy, at ang fire blanket na maaari ring gamitin ng tao kung kailangan lumikas o umalis sa nasusunog na bahay.","Kabilang dito ang fire extinguisher, ang mas maliit na disposable fire extinguisher, ang fire extinguisher ball na inihahagis sa apoy, at ang fire blanket na maaari ring gamitin ng tao kung kailangan lumikas o umalis sa nasusunog na bahay."
Dahil dito ay hindi na makakapasok si Djokovic sa Australia sa loob ng tatlong taon maliban na lamang sa ibang mahalagang dahilan.,Dahil dito ay hindi na makakapasok si Djokovic sa Australia sa loob ng tatlong taon maliban na lamang sa ibang mahalagang dahilan.
"Parang controlled and marami ang ginawa—ang partnership doon hindi lang talaga LGU pero very active roon ang medical communitySo tingin ko ang mga lesson sa Cebu, ganoon din.","Parang controlled and marami ang ginawa—ang partnership doon hindi lang talaga LGU pero very active roon ang medical communitySo tingin ko ang mga lesson sa Cebu, ganoon din."
"Para naman sa mga aplikanteng nais maghanap ng trabaho sa Region II, magkakaroon ng sariling landing page ang TrabaHanap para dito simula Hunyo 11.","Para naman sa mga aplikanteng nais maghanap ng trabaho sa Region II, magkakaroon ng sariling landing page ang TrabaHanap para dito simula Hunyo 11."
"Tinukoy ng PNP at BSP ang mga nag-viral na video ng mga ito tulad ng pagpunit ng social influencer sa P20 at pangakong P5,000 na premyo sa sinumang makakaayos nito; pagbutas sa P1,000 bill na ginamit ng isang TikToker sa kanyang magic; paggamit ng isa pa sa P50 bilang imbudo sa pagsasalin ng gasolina sa kanyang motorsiklo; pinamunas naman ng isa pa ang P500 sa kanyang sapatos at saka ito itinapon; at pag-stapler ng isa pang TikToker ng P100 sa net ng plastic basketball ding bilang premyo sa makakapagpasok dito ng bola.","Tinukoy ng PNP at BSP ang mga nag-viral na video ng mga ito tulad ng pagpunit ng social influencer sa P20 at pangakong P5,000 na premyo sa sinumang makakaayos nito; pagbutas sa P1,000 bill na ginamit ng isang TikToker sa kanyang magic; paggamit ng isa pa sa P50 bilang imbudo sa pagsasalin ng gasolina sa kanyang motorsiklo; pinamunas naman ng isa pa ang P500 sa kanyang sapatos at saka ito itinapon; at pag-stapler ng isa pang TikToker ng P100 sa net ng plastic basketball ding bilang premyo sa makakapagpasok dito ng bola."
Dito na nagkasa ang pulisya ng operasyon na nagresulta sa pagkakadakip ng dalawang suspek.,Dito na nagkasa ang pulisya ng operasyon na nagresulta sa pagkakadakip ng dalawang suspek.
"Ang kanilang commercial load, hindi na kagaya ng dati, kasi wala sila sa free TV kundi roon lamang sa blocktimed channels nila, at napapanood lamang sila sa cable at internet.","Ang kanilang commercial load, hindi na kagaya ng dati, kasi wala sila sa free TV kundi roon lamang sa blocktimed channels nila, at napapanood lamang sila sa cable at internet."
"Nabatid na bumuo na rin ang Quezon City Health Department (QCHD) ng response mechanism laban sa virus, kabilang dito ang prevention; early detection; management at isolation ng mga suspected, probable, and confirmed case; at contact tracing.","Nabatid na bumuo na rin ang Quezon City Health Department (QCHD) ng response mechanism laban sa virus, kabilang dito ang prevention; early detection; management at isolation ng mga suspected, probable, and confirmed case; at contact tracing."
Nagkaroon po kasi ng maliit na rambolan diyan sa lugar namin.,Nagkaroon po kasi ng maliit na rambolan diyan sa lugar namin.
May maririnig pa kaya tayong sigaw na three points kung ganyan na wala na siyang ilalabas dahil nasira na yun ng kapupuyat at kasusugal niya?,May maririnig pa kaya tayong sigaw na three points kung ganyan na wala na siyang ilalabas dahil nasira na yun ng kapupuyat at kasusugal niya?
"Ang problema, wala pa raw makapagpapatunay riyan sabi ng PGC.","Ang problema, wala pa raw makapagpapatunay riyan sabi ng PGC."
Pero wala pong exact number na magsasabi na hanggang diyan lang”.,Pero wala pong exact number na magsasabi na hanggang diyan lang”.
"Dahil sa ginawa nating masusing investigation doon sa lahat ng personalities involved, isa-isa silang nagpunta sa ating police station, dagdag pa ni Jopia.","Dahil sa ginawa nating masusing investigation doon sa lahat ng personalities involved, isa-isa silang nagpunta sa ating police station, dagdag pa ni Jopia."
Sa Amerika na muna nagsisimulang rumaket ang concert performers dahil okay na okay na roon ang concerts at live shows.,Sa Amerika na muna nagsisimulang rumaket ang concert performers dahil okay na okay na roon ang concerts at live shows.
"Kabilang dito ang ECQ mula Agosto 6-20, MECQ mula Agosto 21-Setyembre 15 at kasalukuyang Alert Level 4 sa ilalim naman ng GCQ.","Kabilang dito ang ECQ mula Agosto 6-20, MECQ mula Agosto 21-Setyembre 15 at kasalukuyang Alert Level 4 sa ilalim naman ng GCQ."
"Nitong Biyernes, sinabi ni Huang na dapat tutulan ng Pilipinas ang pagsusulong ng Taiwan sa kasarinlan kung nagmamalasakit ang pamahalaan sa 150,000 OFWs doon Taiwan.","Nitong Biyernes, sinabi ni Huang na dapat tutulan ng Pilipinas ang pagsusulong ng Taiwan sa kasarinlan kung nagmamalasakit ang pamahalaan sa 150,000 OFWs doon Taiwan."
Masaya siyang nakabalik sa GMA dahil ang dami naman daw niyang kaibigan dito at gusto raw niya ang working atmosphere sa Kapuso network.,Masaya siyang nakabalik sa GMA dahil ang dami naman daw niyang kaibigan dito at gusto raw niya ang working atmosphere sa Kapuso network.
Kasama na riyan sina Bise Presidente Leni Robredo-Sen.,Kasama na riyan sina Bise Presidente Leni Robredo-Sen.
Ewan ko lang kung nasalubong nila roon si Yen at ipinakilala niyang friend.,Ewan ko lang kung nasalubong nila roon si Yen at ipinakilala niyang friend.
"Maganda ang role ni Yasser dito sa totoo lang, sa napanood naming unang episode sa ginanap na press preview nito kamakailan, lalo na nga at may shirtless moment siya rito.","Maganda ang role ni Yasser dito sa totoo lang, sa napanood naming unang episode sa ginanap na press preview nito kamakailan, lalo na nga at may shirtless moment siya rito."
"Nakikita nga namin sa mga Instagram post ni Matteo na nangangabayo ito, maaring doon daw iyon sa nabili nilang property sa Paete.","Nakikita nga namin sa mga Instagram post ni Matteo na nangangabayo ito, maaring doon daw iyon sa nabili nilang property sa Paete."
Naglista naman si middle blocker Thea Gagate ng 15 puntos kabilang ang limang blocks habang gumawa si Fifi Sharma ng 12 puntos — anim dito galing sa blocks.,Naglista naman si middle blocker Thea Gagate ng 15 puntos kabilang ang limang blocks habang gumawa si Fifi Sharma ng 12 puntos — anim dito galing sa blocks.
"Sa imbestigasyon ng pulisya, mabilis umano ang takbo ng motorsiklo sa diversion road sa Batangas City nitong Miyerkules ng gabi nang mapunta ito sa linya ng kalsada na tinatahak ng truck at doon na nangyari ang salpukan.","Sa imbestigasyon ng pulisya, mabilis umano ang takbo ng motorsiklo sa diversion road sa Batangas City nitong Miyerkules ng gabi nang mapunta ito sa linya ng kalsada na tinatahak ng truck at doon na nangyari ang salpukan."
"Aminin natin, nangyari iyan sa kainitan ng career ni Vhong, pero dahil diyan naapektuhan ang kanyang popularidad at nakatikim siya ng pagbagsak ng kanyang mga pelikula.","Aminin natin, nangyari iyan sa kainitan ng career ni Vhong, pero dahil diyan naapektuhan ang kanyang popularidad at nakatikim siya ng pagbagsak ng kanyang mga pelikula."
Ang laki raw ng realization sa kanya nitong nagka-pandemic dahil dito niya napagtanto na dapat ay magsimula na siyang mag-put up ng sariling negosyo.,Ang laki raw ng realization sa kanya nitong nagka-pandemic dahil dito niya napagtanto na dapat ay magsimula na siyang mag-put up ng sariling negosyo.
"Victoria Reyes, Dasmariñas City, may tatlong barangay ang pagitan mula sa San Nicolas 2, kung saan naganap ang insidente, kaya agad na nagtungo ang mga pulis sa nasabing lugar at dito nakorner ang suspek.","Victoria Reyes, Dasmariñas City, may tatlong barangay ang pagitan mula sa San Nicolas 2, kung saan naganap ang insidente, kaya agad na nagtungo ang mga pulis sa nasabing lugar at dito nakorner ang suspek."
Kabilang dito ang sa Angeles City exit.,Kabilang dito ang sa Angeles City exit.
Dito na sila humingi ng tulongsa mga awtoridad upang marekober angbiktima.,Dito na sila humingi ng tulongsa mga awtoridad upang marekober angbiktima.
"So iyon di mo siya iteterminate, you can only tell him not to report and then this will result doon sa sinasabi mo na no vaccine no pay dahil kapag di pumasok, no work no pay, ayon kay Bello.","So iyon di mo siya iteterminate, you can only tell him not to report and then this will result doon sa sinasabi mo na no vaccine no pay dahil kapag di pumasok, no work no pay, ayon kay Bello."
Dito nagsuplong sa Sta. Ana Police station ang biktima at nagsampa ng kasong Estafa.Nagkasa.,Dito nagsuplong sa Sta. Ana Police station ang biktima at nagsampa ng kasong Estafa.Nagkasa.
Binubulyawan kami riyan sa labas.,Binubulyawan kami riyan sa labas.
Nagpiyesta ang mga netizen sa kapu-postng mga ko mento sa katatapos lang na Binibining Pilipinas 2021.,Nagpiyesta ang mga netizen sa kapu-postng mga ko mento sa katatapos lang na Binibining Pilipinas 2021.
"Ayon sa pulisya, kagagaling lang ng sabungan ang biktima at pauwi na nang pagbabarilin siya ng mga salaring sakay ng motorsiklo sa Barangay Don Lorenzo Querubin sa bayan ng Caoyan.","Ayon sa pulisya, kagagaling lang ng sabungan ang biktima at pauwi na nang pagbabarilin siya ng mga salaring sakay ng motorsiklo sa Barangay Don Lorenzo Querubin sa bayan ng Caoyan."
"Kung doon ka sa ICC, para sinampal yung ating kasarinlan yung ating soberenya, ani Dela Rosa.","Kung doon ka sa ICC, para sinampal yung ating kasarinlan yung ating soberenya, ani Dela Rosa."
Ang nakalagay rin po kasi roon pampaputi tapos pampalaki ng ari.,Ang nakalagay rin po kasi roon pampaputi tapos pampalaki ng ari.
"Optimistic pa rin naman kami roon sa game plan ng mga coaches namin, dagdag pa ng reigning PBA MVP na tumapos na may 9 points, 3 rebounds at 2 assists sa kanilang 17-point loss sa Game Two.","Optimistic pa rin naman kami roon sa game plan ng mga coaches namin, dagdag pa ng reigning PBA MVP na tumapos na may 9 points, 3 rebounds at 2 assists sa kanilang 17-point loss sa Game Two."
"Ayon sa suspek, pinadala lamang umano ang nakumpiskang shabu na dalhin dito sa lungsod upang ideliber, ngunit minalas dahil ang nakatransaksiyon ay isang pulis na poseur buyer.","Ayon sa suspek, pinadala lamang umano ang nakumpiskang shabu na dalhin dito sa lungsod upang ideliber, ngunit minalas dahil ang nakatransaksiyon ay isang pulis na poseur buyer."
"Sumunod dito ang mga taga-Metro Manila at Luzon sa 82%, at Visayas sa 81%.","Sumunod dito ang mga taga-Metro Manila at Luzon sa 82%, at Visayas sa 81%."
Wala namang sophistication diyan sa utos ng Pangulo.,Wala namang sophistication diyan sa utos ng Pangulo.
"Napapansin natin nagdo-double time rin ang mga scammer considering na alam naman natin na roon sa registration natin ngayon is talagang minamadali na, anang opisyal.","Napapansin natin nagdo-double time rin ang mga scammer considering na alam naman natin na roon sa registration natin ngayon is talagang minamadali na, anang opisyal."
"Wala akong bayad doon dahil iyong ikinasal, pareho iyong lalaki at iyong babae, mga kaibigan ko, sabi ng isang dating sexy male star.","Wala akong bayad doon dahil iyong ikinasal, pareho iyong lalaki at iyong babae, mga kaibigan ko, sabi ng isang dating sexy male star."
"Manager ni Gabby Concepcion si Popoy at sabi ng isang nakakaalam, proyektong pagsasamahan ng ex-couple raw ang pinag-usapan doon ng talent manager, ni Sharon at Nancy.","Manager ni Gabby Concepcion si Popoy at sabi ng isang nakakaalam, proyektong pagsasamahan ng ex-couple raw ang pinag-usapan doon ng talent manager, ni Sharon at Nancy."
"Ayusin mo iyan, Jun, hanap ka na ng lugar, hingi na agad tayo ng mga ilalagay na goods diyan sa ating colorful at very cute na pantry sa lahat.","Ayusin mo iyan, Jun, hanap ka na ng lugar, hingi na agad tayo ng mga ilalagay na goods diyan sa ating colorful at very cute na pantry sa lahat."
"Siguradong hindi na, dahil hindi naman po ako ia-accept doon sa ICU dahil bawal na bawal po roon ang bisita, ani lola.","Siguradong hindi na, dahil hindi naman po ako ia-accept doon sa ICU dahil bawal na bawal po roon ang bisita, ani lola."
Matatandaang ang Department of Justice (DOJ) ang nagsampa ng omnibus motion para parehong buhayin ang kasong rebelyon laban kay Trillanes sa Makati RTC Branch 150 at ang coup detat case laban dito sa Makati RTC Branch 148.,Matatandaang ang Department of Justice (DOJ) ang nagsampa ng omnibus motion para parehong buhayin ang kasong rebelyon laban kay Trillanes sa Makati RTC Branch 150 at ang coup detat case laban dito sa Makati RTC Branch 148.
Dito na nagsimula ang habulan kung saan ilang sasakyan ang binangga ni Tan hanggang umabot sila sa Legarda sa Maynila.,Dito na nagsimula ang habulan kung saan ilang sasakyan ang binangga ni Tan hanggang umabot sila sa Legarda sa Maynila.
"Kung hindi kami nagkamali, dito nag-New Year si KC.","Kung hindi kami nagkamali, dito nag-New Year si KC."
"Dito nadiskubre na ang mga suspek ang itinuturo ng isang Jerome Janer, na tumangay ng kaniyang cellular phone habang naglalakad sa may Malvar Street, Malate nitong Huwebes ng madaling araw.","Dito nadiskubre na ang mga suspek ang itinuturo ng isang Jerome Janer, na tumangay ng kaniyang cellular phone habang naglalakad sa may Malvar Street, Malate nitong Huwebes ng madaling araw."
"Kaniya-kaniyang room at maaaring may nag-develop na sunog dito sa area ng sala, dining, kitchen, ani Briones.","Kaniya-kaniyang room at maaaring may nag-develop na sunog dito sa area ng sala, dining, kitchen, ani Briones."
"Ayon sa Public Health France, nagtala sila ng 5,000 bagong kaso ng human immunodeficiency virus (HIV) noong 2021 at 15% dito ay nasa edad 26 pababa.","Ayon sa Public Health France, nagtala sila ng 5,000 bagong kaso ng human immunodeficiency virus (HIV) noong 2021 at 15% dito ay nasa edad 26 pababa."
"Si Fire Marshal, siya ang pumasok din doon nakita niya na safe yung ibang structures, sabi ni Batac City DRRM Officer Arvin Francis Lumang.","Si Fire Marshal, siya ang pumasok din doon nakita niya na safe yung ibang structures, sabi ni Batac City DRRM Officer Arvin Francis Lumang."
"Iyong mga nabuksan po nating industriya, marami pong mga nagtatrabaho riyan na matagal nang walang hanapbuhay, ngayon po makakapaghanapbuhay na silang muli, patuloy niya.","Iyong mga nabuksan po nating industriya, marami pong mga nagtatrabaho riyan na matagal nang walang hanapbuhay, ngayon po makakapaghanapbuhay na silang muli, patuloy niya."
"Binalikan umano ng matandang babae ang kaniyang asawang nakaratay sa banig, at doon na umano bumagsak ang kahoy na sahig ng second floor ng bahay -- dahil may kalumaan na ito -- na ikinamatay ng dalawa.","Binalikan umano ng matandang babae ang kaniyang asawang nakaratay sa banig, at doon na umano bumagsak ang kahoy na sahig ng second floor ng bahay -- dahil may kalumaan na ito -- na ikinamatay ng dalawa."
"Bago nito, lumaki si Yasmien sa Kuwait dahil doon nagtatrabaho ang kaniyang ama na isang Lebanese, at Filipina ang kaniyang ina.","Bago nito, lumaki si Yasmien sa Kuwait dahil doon nagtatrabaho ang kaniyang ama na isang Lebanese, at Filipina ang kaniyang ina."
"PJGMRMC, as of April 5, nasa 73 na ang admitted sa kanilang COVID ward, 77% dito ang taga-Nueva Ecija habang 23% ay nagmula sa National Capital Region (NCR) at mga probinsya ng Bulacan, Pampanga at Laguna, alinsunod sa one hospital command center.","PJGMRMC, as of April 5, nasa 73 na ang admitted sa kanilang COVID ward, 77% dito ang taga-Nueva Ecija habang 23% ay nagmula sa National Capital Region (NCR) at mga probinsya ng Bulacan, Pampanga at Laguna, alinsunod sa one hospital command center."
"Alam mo, Salve, maraming nagtatanong kung okay lang ba yung mga ginagawa nating blind items sa Take It Per Minute Me Ganun, at kung minsan naisusulat din natin dito sa Pilipino Star NGAYON at Pang-Masa.","Alam mo, Salve, maraming nagtatanong kung okay lang ba yung mga ginagawa nating blind items sa Take It Per Minute Me Ganun, at kung minsan naisusulat din natin dito sa Pilipino Star NGAYON at Pang-Masa."
"Iwan mo riyan ang phone mo, pasok ka, do your thing in three minutes tapos alis ka, next person, patuloy niya.","Iwan mo riyan ang phone mo, pasok ka, do your thing in three minutes tapos alis ka, next person, patuloy niya."
"Paliwanag ni Teodoro, hindi ligtas dito ang Pilipinas kaya dapat lamang na makontrol ang inflation ng polisiya ng bansa.","Paliwanag ni Teodoro, hindi ligtas dito ang Pilipinas kaya dapat lamang na makontrol ang inflation ng polisiya ng bansa."
"Salaysay pa ni Aparri na sa mga ganitong babasahin umiikot ang kanyang pantasya at nalilibang pa siya, bukod dito bilang dating youth leader namadalas na naiimbitahang magsalita sa mga pagtitipon, isa ang PSN sa kanyang mga pinagkukunan ng impormasyon tungkol sa mga nangyayari sa paligid at mga current events.","Salaysay pa ni Aparri na sa mga ganitong babasahin umiikot ang kanyang pantasya at nalilibang pa siya, bukod dito bilang dating youth leader namadalas na naiimbitahang magsalita sa mga pagtitipon, isa ang PSN sa kanyang mga pinagkukunan ng impormasyon tungkol sa mga nangyayari sa paligid at mga current events."
"Sa rami ng mga nagtatanong dito kay young actor, tila nakukumbinsi na raw siya ngayon kung ginawa ba niya iyon o hindi.","Sa rami ng mga nagtatanong dito kay young actor, tila nakukumbinsi na raw siya ngayon kung ginawa ba niya iyon o hindi."
Bukod dito suppliers din umano ito ng matataas na kalibre ng baril at pampasabog ng Bangsamoro Islamic Freedom Fighters.,Bukod dito suppliers din umano ito ng matataas na kalibre ng baril at pampasabog ng Bangsamoro Islamic Freedom Fighters.
"So kailangang ipaabot natin, ilapit talaga roon yong mga vaccination site, pahayag ni Ano.","So kailangang ipaabot natin, ilapit talaga roon yong mga vaccination site, pahayag ni Ano."
Pero naikuwento roon ni Marian na handa na siyang magka-teleserye ulit.,Pero naikuwento roon ni Marian na handa na siyang magka-teleserye ulit.
"Iba ang dating at hindi mawala sa isip ni Toto si Candy, kaya susubukan niyang mapalapit dito at makasama araw-araw, gabi-gabi.","Iba ang dating at hindi mawala sa isip ni Toto si Candy, kaya susubukan niyang mapalapit dito at makasama araw-araw, gabi-gabi."
"Halimbawa gagamitin sa isang concert, o sa mga sing along, ang papasok naman diyan para maningil ay ang FILSCAP na kakatawan sa miyembro nilang si Willy Cruz na may intellectual property.","Halimbawa gagamitin sa isang concert, o sa mga sing along, ang papasok naman diyan para maningil ay ang FILSCAP na kakatawan sa miyembro nilang si Willy Cruz na may intellectual property."
"Follow-up ito sa nasulat namin dito sa BANDERA nitong Miyerkules na napili na ang gaganap na Valentina, ang iconic kontrabida ni Darna at sinabi naming bagay na bagay na kalaban siya ni Jane de Leon dahil almost same height sila at walang iba kundi si Janella Salvador.","Follow-up ito sa nasulat namin dito sa BANDERA nitong Miyerkules na napili na ang gaganap na Valentina, ang iconic kontrabida ni Darna at sinabi naming bagay na bagay na kalaban siya ni Jane de Leon dahil almost same height sila at walang iba kundi si Janella Salvador."
"Ngayon, kasama siya roon sa mga nag-aano, nanggugulo rito sa nangungupahan, ayon kay Caloocan Sub-Station 12 commander Police Major Darwin Decano.","Ngayon, kasama siya roon sa mga nag-aano, nanggugulo rito sa nangungupahan, ayon kay Caloocan Sub-Station 12 commander Police Major Darwin Decano."
"Actually we heard the Commission on Elections also last week stating na sila ay magbibigay rin ng mga paalala sa ating mga kandidato ukol dito sa mga overcrowding na nangyayari, dagdag pa ni Vergeire.","Actually we heard the Commission on Elections also last week stating na sila ay magbibigay rin ng mga paalala sa ating mga kandidato ukol dito sa mga overcrowding na nangyayari, dagdag pa ni Vergeire."
Kahapon nga ay lumipad siya patungong Siargao at Dinagat Island para roon naman maghatid ng tulong.,Kahapon nga ay lumipad siya patungong Siargao at Dinagat Island para roon naman maghatid ng tulong.
Nagdaan siya rito sa Pilipinas bago siya umuwi roon sa Hong Kong.,Nagdaan siya rito sa Pilipinas bago siya umuwi roon sa Hong Kong.
Grabe ‘yung gastos ng GMA dito na isipin n’yo dinala kami lahat sa Sorsogon na sobrang ganda talaga ng Sorsogon.,Grabe ‘yung gastos ng GMA dito na isipin n’yo dinala kami lahat sa Sorsogon na sobrang ganda talaga ng Sorsogon.
"Ito na yung aming second week dito kasi halos lahat ng tao sa bahay namin ay nag-positive, kuwento ng Kapuso actress.","Ito na yung aming second week dito kasi halos lahat ng tao sa bahay namin ay nag-positive, kuwento ng Kapuso actress."
"Sa nasabing pagpupulong, sinabi ni BTA Chairman Murad na hinirit ng BTA na ipagpaliban ang eleksyon sa BARMM batay na rin sa ginawa nilang pag-aaral at mga naranasang hamon na hindi magtatagumpay ang wastong implementasyon sa aspetong pulitikal at sa normalisasyon dito na naging dahilan upang batikusin ito ni Rep.","Sa nasabing pagpupulong, sinabi ni BTA Chairman Murad na hinirit ng BTA na ipagpaliban ang eleksyon sa BARMM batay na rin sa ginawa nilang pag-aaral at mga naranasang hamon na hindi magtatagumpay ang wastong implementasyon sa aspetong pulitikal at sa normalisasyon dito na naging dahilan upang batikusin ito ni Rep."
"Kabilang dito ang 129 Pilipino at 919 dayuhan na Chinese, Vietnamese, Malaysian, Indonesian, Taiwanese Nepalese, at Thailander.","Kabilang dito ang 129 Pilipino at 919 dayuhan na Chinese, Vietnamese, Malaysian, Indonesian, Taiwanese Nepalese, at Thailander."
"Si Ate Marissa kasi yung victim, nandoon sa gitna ng kalsada, habang nag-iimbestigan yung mga pulis natin doon medyo mabilis itong pickup at nahagip ngayon yung biktima.","Si Ate Marissa kasi yung victim, nandoon sa gitna ng kalsada, habang nag-iimbestigan yung mga pulis natin doon medyo mabilis itong pickup at nahagip ngayon yung biktima."
Tapos dito ako magtu-toothbrush.,Tapos dito ako magtu-toothbrush.
"Dito na umano nagduda ang biktima at nang matanong-tanong siya, sinabihan na magpunta sa NHA upang beripikahin ang pagbebenta ng nasabing mga units.","Dito na umano nagduda ang biktima at nang matanong-tanong siya, sinabihan na magpunta sa NHA upang beripikahin ang pagbebenta ng nasabing mga units."
"Isa na namang probinsya ang idinagdag ng Inter-Agency Task Force for the Management of Emerging Infectious Diseases (IATF-EID) sa mga nasa ilalim ng Alert Level 3, dahilan para maghigpit doon pansamantala sa gitna ng COVID-19 pandemic.","Isa na namang probinsya ang idinagdag ng Inter-Agency Task Force for the Management of Emerging Infectious Diseases (IATF-EID) sa mga nasa ilalim ng Alert Level 3, dahilan para maghigpit doon pansamantala sa gitna ng COVID-19 pandemic."
"Pagkatapos sila i-manage roon sa kanilang healthcare facility, nawala na rin yung nararanasan, saad ni Vergeire.","Pagkatapos sila i-manage roon sa kanilang healthcare facility, nawala na rin yung nararanasan, saad ni Vergeire."
"Sa 48 samples, 23 dito ay mula sa National Capital Region na karamihan ay sa Quezon City; 19 ang mula sa CALABARZON na karamihan ay mula sa Laguna; apat mula sa Cordillera region; at dalawa sa mga nagbabalik na overseas Filipinos.","Sa 48 samples, 23 dito ay mula sa National Capital Region na karamihan ay sa Quezon City; 19 ang mula sa CALABARZON na karamihan ay mula sa Laguna; apat mula sa Cordillera region; at dalawa sa mga nagbabalik na overseas Filipinos."
"Pero tingnan ninyo, tuwirang itinanggi ni AiAi ang sinasabing suporta niya sa kandidatong dala ng karamihan sa mga paring Katoliko, at walang reaksyon ang simbahan doon dahil ang paniniwala nga, ang bawat isa ay may karapatan at may kalayaang mamili kung sino ang gusto niyang kandidato.","Pero tingnan ninyo, tuwirang itinanggi ni AiAi ang sinasabing suporta niya sa kandidatong dala ng karamihan sa mga paring Katoliko, at walang reaksyon ang simbahan doon dahil ang paniniwala nga, ang bawat isa ay may karapatan at may kalayaang mamili kung sino ang gusto niyang kandidato."
"Katatapos lang niya ng Sitio Diablo, tapos sa akin agad.","Katatapos lang niya ng Sitio Diablo, tapos sa akin agad."
"Samantala, naikuwento rin ni Ms. Pinky na kasama sa mga nag-organize ng surprise party ni Erik ang Kapamilya singer-actor na si Darren Espanto at dumalo rin doon sina KZ Tandingan, Vina Morales, Jolina Magdangal, at dumating din daw si Piolo Pascual.","Samantala, naikuwento rin ni Ms. Pinky na kasama sa mga nag-organize ng surprise party ni Erik ang Kapamilya singer-actor na si Darren Espanto at dumalo rin doon sina KZ Tandingan, Vina Morales, Jolina Magdangal, at dumating din daw si Piolo Pascual."
Alamin ang paliwanag dito ni Atty.,Alamin ang paliwanag dito ni Atty.
"Naman dito ang nabakunahan na para sa ikalawang dosenitong Mayo 10, 2021.","Naman dito ang nabakunahan na para sa ikalawang dosenitong Mayo 10, 2021."
Nagpadala ang PDEA ng K9 sniffing dogs at nagpositibo ito sa iligal na droga at dito isinailalim ng Customs Anti-Illegal Drug Task Force (CAIDTF) sa “field testing” ang kontrabando dahilan para matukoy ang “mixture of cocaine and lidocaine” sa naturang pulbos.,Nagpadala ang PDEA ng K9 sniffing dogs at nagpositibo ito sa iligal na droga at dito isinailalim ng Customs Anti-Illegal Drug Task Force (CAIDTF) sa “field testing” ang kontrabando dahilan para matukoy ang “mixture of cocaine and lidocaine” sa naturang pulbos.
"Sa tindi ng galit at pagseselos ni Llamido, dito na niya inundayan ng sunud-sunod na saksak si Pillo subalit nanlaban ang huli hanggang sa mauwi pa sa pagpapambuno ng dalawa.","Sa tindi ng galit at pagseselos ni Llamido, dito na niya inundayan ng sunud-sunod na saksak si Pillo subalit nanlaban ang huli hanggang sa mauwi pa sa pagpapambuno ng dalawa."
Kapapasok ko lang.,Kapapasok ko lang.
"So, nakita niya directly, nagpunta kaagad siya roon sa parking at yun nga wala na ang sasakyan niya, saad ni Imus PNP Police chief Police Lieutenant Jun Alamo.","So, nakita niya directly, nagpunta kaagad siya roon sa parking at yun nga wala na ang sasakyan niya, saad ni Imus PNP Police chief Police Lieutenant Jun Alamo."
Kabilang dito ang mga botante na may expired na o ang registration ay na-deactivate.,Kabilang dito ang mga botante na may expired na o ang registration ay na-deactivate.
"Nang magpositibo ang bilihan, dito na dinakma ng grupo ang mga suspek na nakuhanan ngmahigit sa 10 gramo ng shabu na nagkakahalaga ng P73,000.","Nang magpositibo ang bilihan, dito na dinakma ng grupo ang mga suspek na nakuhanan ngmahigit sa 10 gramo ng shabu na nagkakahalaga ng P73,000."
At bukod dito meron daw silang ibang pinag-uusapan na trabaho.,At bukod dito meron daw silang ibang pinag-uusapan na trabaho.
Ang naturang mga lugar ay magkakaroon ng mga pagbaha at pagguho ng lupa kayat ang lahat ng residente roon aypinag-iingat.,Ang naturang mga lugar ay magkakaroon ng mga pagbaha at pagguho ng lupa kayat ang lahat ng residente roon aypinag-iingat.
"Itoy sa gitna na rin ng pagsusulong ng ilang mambabatas na huwag munang idaos ang nasabing eleksyon upang makatipid ng pondo ang pamahalaan lalo pa at malaki ang nagasta sa katatapos na May 9, 2022 national polls.","Itoy sa gitna na rin ng pagsusulong ng ilang mambabatas na huwag munang idaos ang nasabing eleksyon upang makatipid ng pondo ang pamahalaan lalo pa at malaki ang nagasta sa katatapos na May 9, 2022 national polls."
"Ayon kay QC Mayor Joy Belmonte ang naturang guidelines ay may malaking tulong para makatiyak na ang test kits na gamit dito ay FDA-approved, may kaukulang training para rito ang mga medical professionals at mananatiling ligtas dito ang mga residente ng QC.","Ayon kay QC Mayor Joy Belmonte ang naturang guidelines ay may malaking tulong para makatiyak na ang test kits na gamit dito ay FDA-approved, may kaukulang training para rito ang mga medical professionals at mananatiling ligtas dito ang mga residente ng QC."
"Aniya, mas natututukan dito ng guro ang estudyante para magkaroon ng self confidence ang bawat estudyante.","Aniya, mas natututukan dito ng guro ang estudyante para magkaroon ng self confidence ang bawat estudyante."
"Doon na siya magiging ideal partner for you, kasi naiintindihan ka na niya.'","Doon na siya magiging ideal partner for you, kasi naiintindihan ka na niya.'"
"Una, malayo ang kanilang personalidad, at dito sa Pilipinas, walang magkapatid na parehong sumikat.","Una, malayo ang kanilang personalidad, at dito sa Pilipinas, walang magkapatid na parehong sumikat."
"Ang nakakatawa roon is per table, isang tao.","Ang nakakatawa roon is per table, isang tao."
"Pero habang nag-iinuman, sumakit ang sikmura ni April at doon na siya nagsimulang magwala.","Pero habang nag-iinuman, sumakit ang sikmura ni April at doon na siya nagsimulang magwala."
"More than any other papers, its the COVID that is taking my time or most of my time looking for ways ang kung ano na ang nangyayari roon sa labas kung saan tayo makakuha, anang Pangulo.","More than any other papers, its the COVID that is taking my time or most of my time looking for ways ang kung ano na ang nangyayari roon sa labas kung saan tayo makakuha, anang Pangulo."
"Nanindigan din si Año na ang pagsusuot ng face masks sa Cebu ay nananatiling mandatory sa gitna ng patuloy na banta ng COVID-19 pandemic, at ang mga lalabag dito ay maaaaring arestuhin ng mga pulis.","Nanindigan din si Año na ang pagsusuot ng face masks sa Cebu ay nananatiling mandatory sa gitna ng patuloy na banta ng COVID-19 pandemic, at ang mga lalabag dito ay maaaaring arestuhin ng mga pulis."
"At kung dati raw ay ang pagiging performer niya, singer lang ang nakikita, dito madidiskubre kung ano talaga siya.","At kung dati raw ay ang pagiging performer niya, singer lang ang nakikita, dito madidiskubre kung ano talaga siya."
"Mas gusto ko na humarap dito yung mga nandoon talaga during that time of the incident, noong nangyari yung pagkawala ng mga tao na nagbe-bet, nagsasabong doon sa arena, dagdag pa ni Dela Rosa.","Mas gusto ko na humarap dito yung mga nandoon talaga during that time of the incident, noong nangyari yung pagkawala ng mga tao na nagbe-bet, nagsasabong doon sa arena, dagdag pa ni Dela Rosa."
"Alam ko pong may kamalian po ako pero ang akin lang sir, hindi ko naman po tinatalikuran yung mga obligasyon ko sa kanila, willing naman po akong magbalik doon sa mga naatraso ko.","Alam ko pong may kamalian po ako pero ang akin lang sir, hindi ko naman po tinatalikuran yung mga obligasyon ko sa kanila, willing naman po akong magbalik doon sa mga naatraso ko."
"Sinalakay ng NBI-VAWCD at FLD ang target area at doon naaktuhan natin ang suspek na ino-offer ang kaniyang dalawang menor de edad sa ating undercover pusher, sabi ni Atty.","Sinalakay ng NBI-VAWCD at FLD ang target area at doon naaktuhan natin ang suspek na ino-offer ang kaniyang dalawang menor de edad sa ating undercover pusher, sabi ni Atty."
"Ginagawa nilang hostage ang mga pasahero para sa demand nila na gusto nila na at any given time, doon sila sa kanilang private terminals.","Ginagawa nilang hostage ang mga pasahero para sa demand nila na gusto nila na at any given time, doon sila sa kanilang private terminals."
"Nasungkit ni Herlene Nicole Budol o mas kilala bilang ""Hipon Girl"" ang pitong special awards sa katatapos lang na Binibining Pilipinas 2022 pageant.","Nasungkit ni Herlene Nicole Budol o mas kilala bilang ""Hipon Girl"" ang pitong special awards sa katatapos lang na Binibining Pilipinas 2022 pageant."
Si Janella naman noong maging syota ni Markus ay kagagaling lamang sa isang hindi magandang relasyon sa dati niyang boyfriend na si Elmo Magalona.,Si Janella naman noong maging syota ni Markus ay kagagaling lamang sa isang hindi magandang relasyon sa dati niyang boyfriend na si Elmo Magalona.
"Nasa 22,114 diyan ang ""aktibong kaso"" o yaong mga nagpapagaling pa sa ngayon.","Nasa 22,114 diyan ang ""aktibong kaso"" o yaong mga nagpapagaling pa sa ngayon."
Doon siya i-quarantine.,Doon siya i-quarantine.
"Pero kung sakaling hindi ako makalaban doon baka after ng wedding siguro babalik na ako sa US para simulan na iyong ensayo ko, dagdag nito.","Pero kung sakaling hindi ako makalaban doon baka after ng wedding siguro babalik na ako sa US para simulan na iyong ensayo ko, dagdag nito."
"Bukod dito, nais din talaga na dalhin ang tatak Pinoy roon para na rin sa mga kababayan at kapwa niya OFW.","Bukod dito, nais din talaga na dalhin ang tatak Pinoy roon para na rin sa mga kababayan at kapwa niya OFW."
"Doon 'yung, ang sakit, pinagtatawanan nila ako, tapos bigla silang tumahimik noong pagharap ko, sabi ni Dianne.","Doon 'yung, ang sakit, pinagtatawanan nila ako, tapos bigla silang tumahimik noong pagharap ko, sabi ni Dianne."
"Ayon kay Edmund Mayormita, tagapagsalita ng grupo, “may mga miyembro kami riyan sa Metro Manila na nagsusumbong na kulang ang ibinigay sa kanilang cash assistance from national government”.","Ayon kay Edmund Mayormita, tagapagsalita ng grupo, “may mga miyembro kami riyan sa Metro Manila na nagsusumbong na kulang ang ibinigay sa kanilang cash assistance from national government”."
Pahayag ni direk nang nakapanayam namin sa DZRH nung nakaraang Biyernes ng gabi: Ang sinasabi nila na ang mga sumugod doon sa Malacañang ay may hawak na sulo.,Pahayag ni direk nang nakapanayam namin sa DZRH nung nakaraang Biyernes ng gabi: Ang sinasabi nila na ang mga sumugod doon sa Malacañang ay may hawak na sulo.
"Now, nasa bahay lang kami, doon na kami kakanta, though feeling ni Ogie, walang kapantay ang experience ng face-to-face concert dahil nakikita mo ang reaction nila.","Now, nasa bahay lang kami, doon na kami kakanta, though feeling ni Ogie, walang kapantay ang experience ng face-to-face concert dahil nakikita mo ang reaction nila."
"So baka magkita kami roon sa events na yun, pahayag ni Duterte sa panayam ng mga mamamahayag sa isang event sa Sta Maria, Bulacan.","So baka magkita kami roon sa events na yun, pahayag ni Duterte sa panayam ng mga mamamahayag sa isang event sa Sta Maria, Bulacan."
"According doon sa nanay, ang nirereklamo ni Jullebee yung anak ng employer na lalaki.","According doon sa nanay, ang nirereklamo ni Jullebee yung anak ng employer na lalaki."
"Inamin nilang totoo na may mga talent silang nang matapos ang contract, hindi na nila ni-renew at isa roon si Kris.","Inamin nilang totoo na may mga talent silang nang matapos ang contract, hindi na nila ni-renew at isa roon si Kris."
"Hinikayat ni Kamille si Jelle na gumawa ng Pinoy-flavored ice cream, at doon na nagsimula ang negosyo nilang sorbetes.","Hinikayat ni Kamille si Jelle na gumawa ng Pinoy-flavored ice cream, at doon na nagsimula ang negosyo nilang sorbetes."
"Matamis na regalo ito para kay Brownlee sa kanyang ika-34 na kaarawan kamakalawa, isang araw matapos ang kampeonato ng Gin Kings subalit higit doon – isa itong malaking karangalan.","Matamis na regalo ito para kay Brownlee sa kanyang ika-34 na kaarawan kamakalawa, isang araw matapos ang kampeonato ng Gin Kings subalit higit doon – isa itong malaking karangalan."
"Doon na lang kayo sa Voltes V sir, wala pa kasing bumibili ng tickets sa (Papa) Mascot baka cancelled ang screening niyan sayang ang oras ng paghihintay ninyo.","Doon na lang kayo sa Voltes V sir, wala pa kasing bumibili ng tickets sa (Papa) Mascot baka cancelled ang screening niyan sayang ang oras ng paghihintay ninyo."
Napili namin na perfect para roon sa embryo na yun.,Napili namin na perfect para roon sa embryo na yun.
"Nakikita natin na dumami sila kaya nagpunta kami roon kaya alarma na rin siguro ito para makipag-usap sa Kuwaiti side at hanggat hindi natin nakikita ang reporma, significant reforms ay deferment muna ng deployment ng new applicants, dugtong ng opisyal.","Nakikita natin na dumami sila kaya nagpunta kami roon kaya alarma na rin siguro ito para makipag-usap sa Kuwaiti side at hanggat hindi natin nakikita ang reporma, significant reforms ay deferment muna ng deployment ng new applicants, dugtong ng opisyal."
Nakasaad din na lahat ng kaso ng pulis ay mapupunta lang sa isang husgado sa probinsya kung saan doon madaling hanapin at madaling mabilang.,Nakasaad din na lahat ng kaso ng pulis ay mapupunta lang sa isang husgado sa probinsya kung saan doon madaling hanapin at madaling mabilang.
Nasabi pa nga ni Tom na may wedding reception sa function room pero roon muna pinapunta ang lahat ng mga tao para sa kanilang kaligtasan.,Nasabi pa nga ni Tom na may wedding reception sa function room pero roon muna pinapunta ang lahat ng mga tao para sa kanilang kaligtasan.
“Hindi ko naman kakalimutan yon kasi riyan ako nanggaling.,“Hindi ko naman kakalimutan yon kasi riyan ako nanggaling.
Bale 2007 pa umalis ang magkapatid sa lugar ng kanilang ama nang sundan nila rito sa Pinas si Ruffa na tumakas doon dahil sa naging mga problema sa pagsasama nila ni Yilmaz noon.,Bale 2007 pa umalis ang magkapatid sa lugar ng kanilang ama nang sundan nila rito sa Pinas si Ruffa na tumakas doon dahil sa naging mga problema sa pagsasama nila ni Yilmaz noon.
"Again, wala akong masamang ano roon sa mga dumadating, basta legit, sabi ni Noli.--.","Again, wala akong masamang ano roon sa mga dumadating, basta legit, sabi ni Noli.--."
Isasailalim din sa pagsusuri ang mga pasyente upang nabatid kung may taglay na variant ang dumapo sa kanilang virus at dadalhin sila sa Manila COVID-19 Field Hospital upang doon gamutin at pagalingin.,Isasailalim din sa pagsusuri ang mga pasyente upang nabatid kung may taglay na variant ang dumapo sa kanilang virus at dadalhin sila sa Manila COVID-19 Field Hospital upang doon gamutin at pagalingin.
"So as for Jenny, whether alam niya kung may asawa yung lalaki o wala as long as hindi naging scandalous yung pagsasama nila o hindi itinira si Jenny roon sa conjugal house ng lalaki at lawful wife niya hindi pupwedeng i-charge si Jenny rito ng concubinage, aniya pa.","So as for Jenny, whether alam niya kung may asawa yung lalaki o wala as long as hindi naging scandalous yung pagsasama nila o hindi itinira si Jenny roon sa conjugal house ng lalaki at lawful wife niya hindi pupwedeng i-charge si Jenny rito ng concubinage, aniya pa."
"Sapantaha naman ni Nay Cristy, Kapag nauna kasi yung pagdududa, pag nauna yung angas, pag nauna yung hindi pakikisama roon sa kumpanyang nag-aalaga sa kanyang karera talagang ganito kauuwian.","Sapantaha naman ni Nay Cristy, Kapag nauna kasi yung pagdududa, pag nauna yung angas, pag nauna yung hindi pakikisama roon sa kumpanyang nag-aalaga sa kanyang karera talagang ganito kauuwian."
"Medyo maganda na ang pondo roon sapagkat P31 bilyon yon, four years ago P16bilyon lang, prinotektahan lang namin kung tingin ng mga eksperto kulang pa, puwede namin dagdagan, paliwanag ni Senador Sonny Angara kaugnay sa inilaang pondo para sa kalamidad.","Medyo maganda na ang pondo roon sapagkat P31 bilyon yon, four years ago P16bilyon lang, prinotektahan lang namin kung tingin ng mga eksperto kulang pa, puwede namin dagdagan, paliwanag ni Senador Sonny Angara kaugnay sa inilaang pondo para sa kalamidad."
Nasa naturang event din noon si Maiqui at doon na sila unang nagkakilala nang personal ni Robi.,Nasa naturang event din noon si Maiqui at doon na sila unang nagkakilala nang personal ni Robi.
Pero sandali lang daw roon ang miyembro ng Ex-Battalion at tumanggi itong magpa-interview sa media.,Pero sandali lang daw roon ang miyembro ng Ex-Battalion at tumanggi itong magpa-interview sa media.
"Doon sa lugar nila, hindi naman siya nagdyi-gym.","Doon sa lugar nila, hindi naman siya nagdyi-gym."
"Doon nila nakita na hindi lang basta nakaligtas sa lindol si Sila, matagumpay pa siyang nakapagsilang.","Doon nila nakita na hindi lang basta nakaligtas sa lindol si Sila, matagumpay pa siyang nakapagsilang."
May mga ibang schools po na pinayagan ang police assistance desk doon po mismo sa loob ng mga eskwelahan.,May mga ibang schools po na pinayagan ang police assistance desk doon po mismo sa loob ng mga eskwelahan.
"150,000 okay tayo roon kasi sobra-sobra na swapang yung mga retailer, trader.","150,000 okay tayo roon kasi sobra-sobra na swapang yung mga retailer, trader."
"Pero nang tumagal, nagkaroon na siya ng puwesto sa palengke at doon lalong dumami ang kaniyang mga suki.","Pero nang tumagal, nagkaroon na siya ng puwesto sa palengke at doon lalong dumami ang kaniyang mga suki."
"Dalawa rito ay construction worker, bumaha roon sa lugar na pinagtatrabahuan at yung isa, factory worker, dagdag pa ng alkalde.","Dalawa rito ay construction worker, bumaha roon sa lugar na pinagtatrabahuan at yung isa, factory worker, dagdag pa ng alkalde."
"Aniya, nang iwan ng biktima ang kanyang bag, doon na sumalisi ang suspek at kinuha lamang ang card at iniwan ang wallet.","Aniya, nang iwan ng biktima ang kanyang bag, doon na sumalisi ang suspek at kinuha lamang ang card at iniwan ang wallet."
Katatapos lang magprograma ni Cortes at pasakay na sa kaniyang sasakyan nang barilin siya.,Katatapos lang magprograma ni Cortes at pasakay na sa kaniyang sasakyan nang barilin siya.
Doon ay may natagpuan ang otoridad na supply cache ng mga rebelde at mga sangkap umano sa pampasabog.,Doon ay may natagpuan ang otoridad na supply cache ng mga rebelde at mga sangkap umano sa pampasabog.
Instant milyonaryo ang isang mananaya mula sa lalawigan ng Quezon matapos na mahulaan ang winning combination ng Megalotto sa katatapos na draw kamakalawa ng gabi.,Instant milyonaryo ang isang mananaya mula sa lalawigan ng Quezon matapos na mahulaan ang winning combination ng Megalotto sa katatapos na draw kamakalawa ng gabi.
"Bong ang GMA 7 na kung saan ay roon naman siya nagka-show, ang Agimat ng Agila.","Bong ang GMA 7 na kung saan ay roon naman siya nagka-show, ang Agimat ng Agila."
"Matapos ang stand-off sa labas ng punerarya, kani-kanina lang pinayagang pumasok doon ang mga abogado ng National Union of Peoples Lawyers (NUPL) para makausap ang pamilya ng apat, kasama ang staff ng Commission on Human Rights (CHR) at PNP.","Matapos ang stand-off sa labas ng punerarya, kani-kanina lang pinayagang pumasok doon ang mga abogado ng National Union of Peoples Lawyers (NUPL) para makausap ang pamilya ng apat, kasama ang staff ng Commission on Human Rights (CHR) at PNP."
Umaasa ang actor na hahaba pa ang role niya sa nasabing action serye dahil sa Cebu ito ngayon nakatira at doon nagti-taping ng TIH kaya malaking tulong daw kung magiging regular ang character niya.,Umaasa ang actor na hahaba pa ang role niya sa nasabing action serye dahil sa Cebu ito ngayon nakatira at doon nagti-taping ng TIH kaya malaking tulong daw kung magiging regular ang character niya.
Meron diyan talagang hindi puwedeng maging presidente.,Meron diyan talagang hindi puwedeng maging presidente.
"Pagkaakyat sa tuktok, diretso na sa klase ang mga guro, pero hindi rin sila agad nakapagsisimula, dahil doble kalbaryo naman ang pagpunta roon para sa mga mag-aaral.","Pagkaakyat sa tuktok, diretso na sa klase ang mga guro, pero hindi rin sila agad nakapagsisimula, dahil doble kalbaryo naman ang pagpunta roon para sa mga mag-aaral."
"Doon nagiging hard, kapag nanghihingi siya sa akin ng advice kung paano um-acting.","Doon nagiging hard, kapag nanghihingi siya sa akin ng advice kung paano um-acting."
Mas mahirap daw makahap doon ng trabaho kung sa Pilipinas siya maglalagi.,Mas mahirap daw makahap doon ng trabaho kung sa Pilipinas siya maglalagi.
"Maliban pa riyan ang pagpayag sa carpooling, company shuttles at pag-maksimisa sa Pasig River para sa pampublikong tranportasyon para ma-meet ang mataas na demand.","Maliban pa riyan ang pagpayag sa carpooling, company shuttles at pag-maksimisa sa Pasig River para sa pampublikong tranportasyon para ma-meet ang mataas na demand."
"Ngayong araw lang din nang sabihin ni Ejercito na kalalabas lang ng kanyang RT-PCR results kahapon ng umaga kung saan kagabi lang niya nakuha ang resulta: ""No symptoms.","Ngayong araw lang din nang sabihin ni Ejercito na kalalabas lang ng kanyang RT-PCR results kahapon ng umaga kung saan kagabi lang niya nakuha ang resulta: ""No symptoms."
