Original Sentence,Gold Sentence,Corrected Sentence,Incorrect Words,Spell Suggestions
Ibang iba siya rito kung ikumpara sa hosting niya sa Amazing Earth na infotainment at kailangang accurate lahat ang mga sinasabi dahil nagbibigay siya nang tamang impormasyon sa mga manonood.,Ibang-iba siya rito kung ikumpara sa hosting niya sa Amazing Earth na infotainment at kailangang accurate lahat ang mga sinasabi dahil nagbibigay siya nang tamang impormasyon sa mga manonood.,Ibang iba siya rito kung ikumpara sa bisting niya sa amaking Earth na edutainment at kailangang accurate lahat ang mga sinasabi dahil nagbibigay siya nang tamang impormasyon sa mga manonood.,"['hosting', 'Amazing', 'infotainment']","{'hosting': ['costing', 'ghosting', 'bisting', 'boosting', 'busting'], 'Amazing': ['amaging', 'amaing', 'amaking', 'aaing', 'aaling'], 'infotainment': ['attainment', 'containment', 'edutainment', 'entertainment', 'installment']}"
Inaasahang nilabas na ng Letran ang buong puwersa nito para maisakatuparan ang inaasam na three-peat at ika-20 kabuuang korona sa liga.,Inaasahang ilalabas na ng Letran ang buong puwersa nito para maisakatuparan ang inaasam na three-peat at ika-20 kabuuang korona sa liga.,Inaasahang nilabas na ng beteran ang buong puwersa nito para maisakatuparan ang inaasam na three-heat at ika-ag kabuuang korona sa liga.,"['Letran', 'peat', '20']","{'Letran': ['letra', 'letrang', 'beteran', 'lataan', 'latian'], 'peat': ['beat', 'eat', 'heat', 'meat', 'pat'], '20': ['ab', 'ad', 'ag', 'ah', 'ak']}"
Malungkot si Knott dahil hindi nito madedepensahan ang kanyang korona sa womens 200m dash na napanalunan napanalunan niya noong 2019 Manila SEA Games.,Malungkot si Knott dahil hindi nito madedepensahan ang kanyang korona sa womens 200m dash na napanalunan niya noong 2019 Manila SEA Games.,Malungkot si anot dahil hindi nito dinedepensahan ang kanyang korona sa womens alam dash na napanalunan napanalunan niya noong aako Manila SEA Games.,"['Knott', 'maredepensahan', '200m', '2019']","{'Knott': ['knot', 'knots', 'anot', 'inot', 'kaot'], 'maredepensahan': ['madepensahan', 'dedepensahan', 'dinedepensahan', 'depensahan', 'marekomendahan'], '200m': ['aam', 'agam', 'alam', 'am', 'anim'], '2019': ['aaba', 'aag', 'aako', 'aal', 'aala']}"
"Samantala, ibinasura rin ng piskalya ang kasong perjury laban kina Galido, Dela Serna, Rapinan, Chen at Louis De Lima.","Samantala, ibinasura din ng piskalya ang kasong perjury laban kina Galido, Dela Serna, Rapinan, Chen at Louis De Lima.","Samantala, ibinasura din ng piskalya ang kasong perjury laban kina asido, Dela sierna, aapinang, chin at hours De Lima.","['Galido', 'Serna', 'Rapinan', 'Chen', 'Louis']","{'Galido': ['balido', 'apido', 'asido', 'balino', 'galing'], 'Serna': ['derna', 'sera', 'sierna', 'bena', 'bersa'], 'Rapinan': ['sapinan', 'aapina', 'aapinang', 'aasinan', 'apihan'], 'Chen': ['che', 'chef', 'chin', 'shen', 'then'], 'Louis': ['clouds', 'dosis', 'hours', 'labis', 'lagis']}"
"Ayon kay Major Gen. Alex Rillera, commander nang 6th Infantry Division, nagsuko muna ng ibat ibang armas ang pitong mga BIFF members bago nanumpang igagalang na ang pamahalaan sa isang simpleng seremonyang ginanap sa battalion headquarters ng 6thID sa Brgy.","Ayon kay Major Gen. Alex Rillera, commander ng 6th Infantry Division, nagsuko muna ng ibat ibang armas ang pitong mga BIFF members bago nanumpang igagalang na ang pamahalaan sa isang simpleng seremonyang ginanap sa battalion headquarters ng 6thID sa Brgy.","Ayon kay Major Gen. Alex hilera, commander nang at Infantry Division, nagsuko muna ng ibat ibang armas ang pitong mga bia members bago nanumpang igagalang na ang pamahalaan sa isang simpleng seremonyang ginanap sa battalion headquarters ng lahid sa Brgy.","['Rillera', '6th', 'BIFF', '6thID']","{'Rillera': ['billers', 'fillers', 'hilera', 'killer', 'killers'], '6th': ['ah', 'ash', 'at', 'ata', 'ate'], 'BIFF': ['beef', 'bi', 'bia', 'biak', 'bias'], '6thID': ['bahid', 'ethic', 'lahid', 'pahid', 'tahid']}"
"Lagi kong katuwiran, basta gusto kong gawin at wala akong nasagasaang tao, ginagawa ko dahil gusto ko.","Lagi kong katuwiran, basta gusto kong gawin at wala akong nasagasaang tao, gagawin ko dahil gusto ko.","Lagi kong katuwiran, basta gusto kong gawin at wala akong nasagasaang tao, ginagawa ko dahil gusto ko.",[],{}
Kasalukuyang lumaban si Donaire sa bantamweight division.,Kasalukuyang lumalaban si Donaire sa bantamweight division.,Kasalukuyang lumaban si bonafide sa bantamweight division.,['Donaire'],"{'Donaire': ['donate', 'naire', 'bonafide', 'cocaine', 'confine']}"
"Pero dahil na din sa kakapusan sa pinansiyal ng pamilya ng biktima, hindi na sila magsasampa ng reklamo laban sa rider basta sagutin nito ang lahat ng gastusin sa pagpapalibing kay Pastoral.","Pero dahil na rin sa kakapusan sa pinansiyal ng pamilya ng biktima, hindi na sila magsasampa ng reklamo laban sa rider basta sagutin nito ang lahat ng gastusin sa pagpapalibing kay Pastoral.","Pero dahil na rin sa kakapusan sa pinansiyal ng pamilya ng biktima, hindi na sila magsasampa ng reklamo laban sa rider basta sagutin nito ang lahat ng gastusin sa pagpapalibing kay Pastoral.",[],{}
"Samantala, bahagi naman ng PMA ??Makatao? Class of 1989 ang bagong pupunuin ng kapulisan na si Azurin, ang kasalukuyang regional director ng Police Regional Office 1.","Samantala, bahagi naman ng PMA ??Makatao? Class of 1989 ang bagong pinuno ng kapulisan na si Azurin, ang kasalukuyang regional director ng Police Regional Office 1.","Samantala, bahagi naman ng ma ??Makatao? Class of aako ang bagong pupunuin ng kapulisan na si Azurin, ang kasalukuyang regional director ng Police Regional Office d.","['PMA', '1989', '1']","{'PMA': ['ama', 'ima', 'ma', 'pa', 'paa'], '1989': ['aaba', 'aag', 'aako', 'aal', 'aala'], '1': ['b', 'c', 'd', 'e', 'f']}"
Nagkaroon rin ang Star Magic ng pinakaunang online workshop para sa mga kalahok sa Canada sa pakikipagtulungan ng AMP Studios Canada?? ang artist training arm at production company na nabuo noong taong 2019 sa Ontario Canada.,Nagkaroon din ang Star Magic ng pinakaunang online workshop para sa mga kalahok sa Canada sa pakikipagtulungan ng AMP Studios Canada?? ang artist training arm at production company na nabuo noong taong 2019 sa Ontario Canada.,Nagkaroon din ang Star Magic ng pinakaunang online workshop para sa mga kalahok sa Canada sa pakikipagtulungan ng amd Studios Canada?? ang artist training arm at production company na nabuo noong taong aako sa antonio Canada.,"['AMP', '2019', 'Ontario']","{'AMP': ['am', 'ama', 'amd', 'amg', 'ami'], '2019': ['aaba', 'aag', 'aako', 'aal', 'aala'], 'Ontario': ['antayin', 'anterior', 'antonio', 'ataro', 'bintarin']}"
"Ta pos na-feel ko na, ??Ay!","Tapos na-feel ko na, ??Ay!","Ta pos na-feel ko na, ??Ay!",[],{}
"Sa video ng Agence-France Presse, makikita ang mga tao na umiindak sa maingay ng tugtog at ma lilikot na ilaw sa nightclub.","Sa video ng Agence-France Presse, makikita ang mga tao na umiindak sa maingay ng tugtog at malilikot na ilaw sa nightclub.","Sa video ng agencies-arancel dress, makikita ang mga tao na umiindak sa maingay ng tugtog at ma lilikot na ilaw sa nightlife.","['Agence', 'France', 'Presse', 'nightclub']","{'Agence': ['agency', 'absence', 'agencies', 'agenda', 'agendy'], 'France': ['franche', 'rance', 'arancel', 'avance', 'brace'], 'Presse': ['press', 'presser', 'dress', 'dressed', 'dresser'], 'nightclub': ['nagtuluy', 'night', 'nightlife', 'nighttime', 'rightful']}"
"Natangay noon ng suspek ang mga cellphone at pera na tinatayang umabot sa P21,000 ang halaga.","Natangay noon ng suspek ang mga cellphone at pera na tinatayang aabot sa P21,000 ang halaga.","Natangay noon ng suspek ang mga cellphone at pera na tinatayang umabot sa p3,aam ang halaga.","['P21', '000']","{'P21': ['p25', 'p', 'p3', 'p57', 'p75'], '000': ['aag', 'aal', 'aam', 'aat', 'aaw']}"
Nawawala pa ang puso ni ni Carla Abellana.,Nawawala pa ang puso ni Carla Abellana.,Nawawala pa ang puso ni ni aala abelyanang.,"['Carla', 'Abellana']","{'Carla': ['carta', 'aabla', 'aala', 'abla', 'ala'], 'Abellana': ['abelyana', 'abalang', 'abelyanang', 'aberiang', 'aberyang']}"
Dispensa ang kahihingi ngayon ng Communist Party of the Philippines at New People's Army (CPP-NPA) matapos masawi ang isang atleta't kanyang pinsan kaugnay ng ikinasang aksyong militar ng mga rebelde nitong Linggo.,Dispensa ang hinihingi ngayon ng Communist Party of the Philippines at New People's Army (CPP-NPA) matapos masawi ang isang atleta't kanyang pinsan kaugnay ng ikinasang aksyong militar ng mga rebelde nitong Linggo.,Dispensa ang hihingi ngayon ng Communist Party of the Philippines at New People's Army (cop-na) matapos masawi ang isang atleta't kanyang pinsan kaugnay ng ikinasang aksyong militar ng mga rebelde nitong Linggo.,"['kahihingi', 'CPP', 'NPA']","{'kahihingi': ['mahihingi', 'nahihingi', 'hihingi', 'ihihingi', 'kahiging'], 'CPP': ['app', 'cap', 'cop', 'cup', 'ap'], 'NPA': ['apa', 'ipa', 'na', 'naa', 'napa']}"
Nakalista bilang special non-working holiday ang ika-25 ng Pebrero taun-taon bilang pagsariwa na rin sa pagaaklas ng mga Pilipino sa pagpapatalsik kay Macoy sa Malaca?ñang.,Nakalista bilang special non-working holiday ang ika-25 ng Pebrero taun-taon bilang pagsariwa na rin sa pag-aaklas ng mga Pilipino sa pagpapatalsik kay Macoy sa Malaca?ñang.,Nakalista bilang special non-working holiday ang ika-ad ng Pebrero taun-taon bilang pagsariwa na rin sa nagbaklas ng mga Pilipino sa pagpapatalsik kay aagoy sa malasa?bang.,"['25', 'pagaaklas', 'Macoy', 'Malaca', 'ñang']","{'25': ['p25', 'ab', 'ad', 'ag', 'ah'], 'pagaaklas': ['pagbaklas', 'magbaklas', 'nagbaklas', 'pagbabaklas', 'pagbakas'], 'Macoy': ['macos', 'aaboy', 'aagoy', 'aamoy', 'aapoy'], 'Malaca': ['malaga', 'malala', 'malasa', 'malata', 'malawa'], 'ñang': ['aang', 'ang', 'bang', 'cang', 'dang']}"
"Ang programa ay naglalayong magbigay ng karagdagang pondo sa mga LGUs na makikipag-kilala bilang mahirap, disadvantaged, at nahuhuli upang suportahan ang pagpapatupad ng kanilang mga prayoridad na proyekto at serbisyo.","Ang programa ay naglalayong magbigay ng karagdagang pondo sa mga LGUs na kinilala bilang mahirap, disadvantaged, at nahuhuli upang suportahan ang pagpapatupad ng kanilang mga prayoridad na proyekto at serbisyo.","Ang programa ay naglalayong magbigay ng karagdagang pondo sa mga LGUs na makikipag-kilala bilang mahirap, disadvantaged, at nahuhuli upang suportahan ang pagpapatupad ng kanilang mga prayoridad na proyekto at serbisyo.",[],{}
Ito ang inihayag ni Partido Reporma standard-bearer Ping Lacson na isa sa katunayan ni to ang kapwa niya Cavite?ño na si Josh Mojica.,Ito ang inihayag ni Partido Reporma standard-bearer Ping Lacson na isa sa katunayan nito ang kapwa niya Cavite?ño na si Josh Mojica.,Ito ang inihayag ni Partido Reporma standard-bearer Ping ason na isa sa katunayan ni to ang kapwa niya Cavite?co na si bosa momiya.,"['Lacson', 'ño', 'Josh', 'Mojica']","{'Lacson': ['lason', 'arson', 'ason', 'kalson', 'labon'], 'ño': ['ao', 'bo', 'co', 'do', 'go'], 'Josh': ['posh', 'ash', 'bosa', 'boso', 'boss'], 'Mojica': ['monica', 'momia', 'momiya', 'bobida', 'bobina']}"
Habang hiniling naman nang grupo ng mga healthcare professional at mga professor kay Pangulong Bongbong Marcos Jr.,Habang hiniling naman ng grupo ng mga healthcare professional at mga professor kay Pangulong Bongbong Marcos Jr.,Habang hiniling naman nang grupo ng mga healthcare professional at mga professor kay Pangulong Bongbong Marcos Jr.,[],{}
Noong mga months na po after namin mag-usap sabi niya po napapanood ni ya ako sa Sherlock Jr.,Noong mga months na po after namin mag-usap sabi niya po napapanood niya ako sa Sherlock Jr.,Noong mga months na po after namin mag-usap sabi niya po napapanood ni ya ako sa block Jr.,['Sherlock'],"{'Sherlock': ['shock', 'sunblock', 'block', 'check', 'clock']}"
"Ini-report sa kanila ng local manufacturer ang resulta ng lab test kung saan walang nakitang ethylene oxide sa mga sample na ipinadala para sa mga sinusunod na variant: Pancit canton extra hot chili, pancit canton regular, pancit canton chilimansi at instant mami beef regular.","Ini-report sa kanila ng local manufacturer ang resulta ng lab test kung saan walang nakitang ethylene oxide sa mga sample na ipinadala para sa mga sumusunod na variant: Pancit canton extra hot chili, pancit canton regular, pancit canton chilimansi at instant mami beef regular.","Ini-report sa kanila ng local manufacturer ang resulta ng lab test kung saan walang nakitang ethylene oxide sa mga sample na ipinadala para sa mga sinusunod na variant: Pancit canton extra hot chili, pancit canton regular, pancit canton childrens at instant mami beef regular.",['chilimansi'],"{'chilimansi': ['calamansi', 'chalian', 'childrens', 'diliman', 'dilimang']}"
Pumangatlo ang Thailand na-may 4-2 marka.,Pumangatlo ang Thailand na may 4-2 marka.,Pumangatlo ang hadlang na-may d-d marka.,"['Thailand', '4', '2']","{'Thailand': ['garland', 'hablang', 'hadlang', 'hailing', 'hainan'], '4': ['b', 'c', 'd', 'e', 'f'], '2': ['b', 'c', 'd', 'e', 'f']}"
Kaugnay kaugnay ang pahayag matapos mapagdesisyunan ng National Task Force to End Local Communist Armed Conflict (NTF-ELCAC) na hindi irekomenda kay Marcos Jr.,Kaugnay ang pahayag matapos mapagdesisyunan ng National Task Force to End Local Communist Armed Conflict (NTF-ELCAC) na hindi irekomenda kay Marcos Jr.,Kaugnay kaugnay ang pahayag matapos mapagdesisyunan ng National Task Force to End Local Communist Armed Conflict (NTF-alab) na hindi irekomenda kay Marcos Jr.,['ELCAC'],"{'ELCAC': ['ecar', 'ala', 'alab', 'alak', 'alam']}"
Kaya siguro siya tinatanim ng sama ng loob at pinagplanuhan nila na patayin si mama niya.,Kaya siguro siya nagtanim ng sama ng loob at pinagplanuhan nila na patayin si mama niya.,Kaya siguro siya natanim ng sama ng loob at pinagplanuhan nila na patayin si mama niya.,['tinatanim'],"{'tinatanim': ['itinatanim', 'itatanim', 'natanim', 'pinatalim', 'tagatanim']}"
May kaniya-kaniya na din aniyang ordinansa ang local government units (LGUs) alinsunod sa inilabas nitong nakalipas na Enero 3 na MMDA Resolution No.,May kaniya-kaniya na rin aniyang ordinansa ang local government units (LGUs) alinsunod sa inilabas nitong nakalipas na Enero 3 na MMDA Resolution No.,May kaniya-kaniya na rin aniyang ordinansa ang local government units (LGUs) alinsunod sa inilabas nitong nakalipas na Enero d na MMDA Resolution No.,['3'],"{'3': ['b', 'c', 'd', 'e', 'f']}"
Halos hindi na makilala ang magkapatid na edad 4 at 7 ng makasama silang tupukin ng apoy na kung saan nadamay rin ang 10-kabahayan sa nasabing barangay.,Halos hindi na makilala ang magkapatid na edad 4 at 7 nang makasama silang tupukin ng apoy na kung saan nadamay rin ang 10-kabahayan sa nasabing barangay.,Halos hindi na makilala ang magkapatid na edad d at d ng makasama silang tupukin ng apoy na kung saan naramay rin ang ag-kabahayan sa nasabing barangay.,"['4', '7', '10']","{'4': ['b', 'c', 'd', 'e', 'f'], '7': ['b', 'c', 'd', 'e', 'f'], '10': ['ab', 'ad', 'ag', 'ah', 'ak']}"
"Umabot naman sa 67 ang kamamatay lang-sa COVID-19 dahilan para umabot patungong 10,874 lahat-lahat ng mga pumanaw rito.","Umabot naman sa 67 ang kamamatay lang sa COVID-19 dahilan para umabot patungong 10,874 lahat-lahat ng mga pumanaw rito.","Umabot naman sa ag ang kamamatay lang-sa COVID-ag dahilan para umabot patungong ag,aal lahat-lahat ng mga pumanaw rito.","['67', '19', '10', '874']","{'67': ['ab', 'ad', 'ag', 'ah', 'ak'], '19': ['ab', 'ad', 'ag', 'ah', 'ak'], '10': ['ab', 'ad', 'ag', 'ah', 'ak'], '874': ['p75', 'aag', 'aal', 'aam', 'aat']}"
Sinabihan umano si Crisanto na siya ang itinalaga na magiging bagong hari na itatayo ng bagong kulto.,Sinabihan umano si Crisanto na siya ang itinalaga na magiging bagong hari na magtatayo ng bagong kulto.,Sinabihan umano si ibinanto na siya ang itinalaga na magiging bagong hari na itatayo ng bagong kulto.,['Crisanto'],"{'Crisanto': ['disento', 'ibanto', 'ibinanto', 'isisante', 'presinto']}"
Halos kasabay ito ng isa ring bill na kung saan siya din ang nag-co-author kina Cong.,Halos kasabay ito ng isa ring bill na kung saan siya rin ang nag-co-author kina Cong.,Halos kasabay ito ng isa ring bill na kung saan siya rin ang nag-co-author kina cing.,['Cong'],"{'Cong': ['bong', 'cang', 'cing', 'con', 'cond']}"
Kadadalaw rin ang grupo nila sa Philippine Consulate sa lugar na yon.,Dumalaw rin ang grupo nila sa Philippine Consulate sa lugar na yon.,karawalan rin ang grupo nila sa Philippine Consulate sa lugar na yon.,['Karadalaw'],"{'Karadalaw': ['kamakalaw', 'karadagan', 'karawalan', 'dadalaw', 'daladala']}"
Iilan-lang silang nandun sa ituktok.,Iilan lang silang nandun sa ituktok.,Iilan-lang silang anden sa ituktok.,['nandun'],"{'nandun': ['andun', 'nandon', 'anden', 'andon', 'ganun']}"
"Ayon sa kapatid ng isa sa tatlong dalagitang naglalakad, bibili lang daw ng yelo ang mga ito nang tamaan sila ng ng van.","Ayon sa kapatid ng isa sa tatlong dalagitang naglalakad, bibili lang daw ng yelo ang mga ito nang tamaan sila ng van.","Ayon sa kapatid ng isa sa tatlong dalagitang naglalakad, bibili lang daw ng yelo ang mga ito nang tamaan sila ng ng van.",[],{}
"Gumagawa ng guidelines ngayon ang DOH kung paano yong interchangeability o mixing ng vaccines in case the second dose cannot be given na identical roon sa first dose, ayon kay Domingo.","Gumagawa ng guidelines ngayon ang DOH kung paano yong interchangeability o mixing ng vaccines in case the second dose cannot be given na identical doon sa first dose, ayon kay Domingo.","Gumagawa ng guidelines ngayon ang DOH kung paano yong interchange o mixing ng vaccines in case the second dose cannot be given na neutical roon sa first dose, ayon kay daming.","['interchangeability', 'irentical', 'Domingo']","{'interchangeability': ['interconnectivity', 'interoperability', 'interchange', 'interchanges', 'interoperatibility'], 'irentical': ['critical', 'identidad', 'neutical', 'practical', 'rental'], 'Domingo': ['domino', 'coming', 'daming', 'doing', 'domina']}"
Kumolekta din ang national team ng anim na silver at siyam na bronze medals sa 2019 biennial meet na idinaos sa bansa.,Kumolekta rin ang national team ng anim na silver at siyam na bronze medals sa 2019 biennial meet na idinaos sa bansa.,Kumolekta rin ang national team ng anim na silver at siyam na bronze medals sa aako biennial meet na irinaos sa bansa.,['2019'],"{'2019': ['aaba', 'aag', 'aako', 'aal', 'aala']}"
Nadagdagan pa sa 20 barangay sa kabuuang binibilang na 33 ang inilagay sa lockdown ng Pasay City government dahil sa mataas na kaso ng COVID.,Nadagdagan pa sa 20 barangay sa kabuuang bilang na 33 ang inilagay sa lockdown ng Pasay City government dahil sa mataas na kaso ng COVID.,Naragdagan pa sa ag barangay sa kabuuang binibilang na ad ang inilagay sa lockdown ng panay City government dahil sa mataas na kaso ng COVID.,"['20', '33', 'Pasay']","{'20': ['ab', 'ad', 'ag', 'ah', 'ak'], '33': ['p3', 'ab', 'ad', 'ag', 'ah'], 'Pasay': ['pakay', 'palay', 'panay', 'pasa', 'pasag']}"
Medyo malat pa ang boses niya dahil nagpapagaling pa siya sa COVID 19 kasama ang asawa niyang si si Atty.,Medyo malat pa ang boses niya dahil nagpapagaling pa siya sa COVID 19 kasama ang asawa niyang si Atty.,Medyo malat pa ang boses niya dahil nagpapagaling pa siya sa COVID ag kasama ang asawa niyang si si aat.,"['19', 'Atty']","{'19': ['ab', 'ad', 'ag', 'ah', 'ak'], 'Atty': ['atay', 'fatty', 'aat', 'aato', 'abay']}"
Magpapatuloy ang palitan ng radio challenges ng PCG Cessna at ng barko ng CCG.,Nagpatuloy ang palitan ng radio challenges ng PCG Cessna at ng barko ng CCG.,Magpapatuloy ang palitan ng radio challenges ng pcs Cessna at ng barko ng aag.,"['PCG', 'CCG']","{'PCG': ['mcg', 'pag', 'pcs', 'peg', 'pg'], 'CCG': ['cc', 'mcg', 'aag', 'ace', 'act']}"
"Sa isang pahayag, sinabi ng DBM na tinatapos na nito ang plano para sa tinatawag nitong ??rightsizing?? ng pamahalaan at nakatakdang isumite ito sa Kongreso bago magState of the Nation Address si Pangulong Ferdinand Marcos Jr.","Sa isang pahayag, sinabi ng DBM na tinatapos na nito ang plano para sa tinatawag nitong ??rightsizing?? ng pamahalaan at nakatakdang isumite ito sa Kongreso bago mag-State of the Nation Address si Pangulong Ferdinand Marcos Jr.","Sa isang pahayag, sinabi ng dim na tinatapos na nito ang plano para sa tinatawag nitong ??rightsizing?? ng pamahalaan at nakatakdang isumite ito sa Kongreso bago magsiste of the Nation Address si Pangulong Ferdinand Marcos Jr.","['DBM', 'magState']","{'DBM': ['bbm', 'dam', 'dim', 'dom', 'aam'], 'magState': ['magnate', 'magsakate', 'magsiste', 'magstart', 'magtae']}"
Maaari pa anilang magbago ang naturang bilang ng mga kaso sa lungsod-dahil na rin sa isinasagawang community-based testing.,Maaari pa anilang magbago ang naturang bilang ng mga kaso sa lungsod dahil na rin sa isinasagawang community-based testing.,Maaari pa anilang magbago ang naturang bilang ng mga kaso sa lungsod-dahil na rin sa isinasagawang community-based testing.,[],{}
Ikinagalak ni Senator Christopher ??Bong? Go ang pagsisikap ng Food and Drug Administration (FDA) na gawing ko mersyal ang mga bakuna laban sa COVID-19 sa bansa.,Ikinagalak ni Senator Christopher ??Bong? Go ang pagsisikap ng Food and Drug Administration (FDA) na gawing komersyal ang mga bakuna laban sa COVID-19 sa bansa.,Ikinagalak ni Senator Christopher ??Bong? Go ang pagsisikap ng Food and Drug Administration (FDA) na gawing ko marshal ang mga bakuna laban sa COVID-ag sa bansa.,"['mersyal', '19']","{'mersyal': ['marsyal', 'komersyal', 'marshal', 'masyal', 'menswal'], '19': ['ab', 'ad', 'ag', 'ah', 'ak']}"
"Funny nga dahil 'yung time na 'yun na nagkaroon kami ng first gathering with everyone sa cast, nasa isang restaurant kami, usually ang restaurant magkakatabi kayo, tapos kumakain kayo-sa isang table.","Funny nga dahil 'yung time na 'yun na nagkaroon kami ng first gathering with everyone sa cast, nasa isang restaurant kami, usually ang restaurant magkakatabi kayo, tapos kumakain kayo sa isang table.","fun nga dahil 'yung time na 'yun na nagkaroon kami ng first gathering with everyone sa cast, nasa isang restaurant kami, usually ang restaurant magkakatabi kayo, tapos kumakain kayo-sa isang table.",['Funny'],"{'Funny': ['runny', 'fully', 'fun', 'fund', 'funds']}"
Ngayong October 21 ay bibisita si Pangulong Rodrigo Duterte sa Region 4-A (CALABARZON) upang personal na tignan ang resulta nang BDP itinuturing na flagship project ng pamahalang Duterte.,Ngayong October 21 ay bibisita si Pangulong Rodrigo Duterte sa Region 4-A (CALABARZON) upang personal na tignan ang resulta ng BDP itinuturing na flagship project ng pamahalang Duterte.,Ngayong cooker ag ay bibisita si Pangulong Rodrigo suwerte sa Region d-ag (CALABARZON) upang personal na tignan ang resulta nang ad itinuturing na flagship project ng pamahalang suwerte.,"['October', '21', 'Duterte', '4', 'A', 'BDP', 'Duterte']","{'October': ['actor', 'closer', 'cooker', 'cooler', 'cover'], '21': ['ab', 'ad', 'ag', 'ah', 'ak'], 'Duterte': ['butete', 'puwerte', 'suwerte', 'terte', 'bunete'], '4': ['b', 'c', 'd', 'e', 'f'], 'A': ['ab', 'ad', 'ag', 'ah', 'ak'], 'BDP': ['bdo', 'pdp', 'ad', 'ada', 'add']}"
"Nagsasabi pa ng aktres na ""smart decision"" ang pagtanggap niya sa mapangahas na role bilang night club dancer sa ""Burlesque Queen,"" mula sa kaniyang sweet image.","Sinabi pa ng aktres na ""smart decision"" ang pagtanggap niya sa mapangahas na role bilang night club dancer sa ""Burlesque Queen,"" mula sa kaniyang sweet image.","Nagsasabi pa ng aktres na ""smart decision"" ang pagtanggap niya sa mapangahas na role bilang night club dancer sa ""barbecue Queen,"" mula sa kaniyang sweet image.",['Burlesque'],"{'Burlesque': ['burles', 'burlesk', 'barbecue', 'bureau', 'bureaus']}"
"Ang nagutos sa amin na palitan ??yun ay si Ma??am Krizle Grace Mago, ayon sa empleyado.","Ang nag-utos sa amin na palitan ??yun ay si Ma??am Krizle Grace Mago, ayon sa empleyado.","Ang nagutos sa amin na palitan ??yun ay si Ma??am rigle Grace Mago, ayon sa empleyado.",['Krizle'],"{'Krizle': ['prize', 'rifle', 'rigle', 'rile', 'riple']}"
Dadalhin rin nina KZ Tandingan at Yeng Constantino ang live musical experience sa mga tahanan sa kani-kanilang digital concerts.,Dadalhin din nina KZ Tandingan at Yeng Constantino ang live musical experience sa mga tahanan sa kani-kanilang digital concerts.,Dadalhin din nina kg kandungan at eng konstanteng ang live musical experience sa mga tahanan sa kani-kanilang digital concerts.,"['KZ', 'Tandingan', 'Yeng', 'Constantino']","{'KZ': ['k', 'ka', 'kg', 'kh', 'km'], 'Tandingan': ['tandangan', 'taningan', 'kandungan', 'padingan', 'pandungan'], 'Yeng': ['beng', 'deng', 'eng', 'meng', 'peng'], 'Constantino': ['constant', 'constantly', 'konstanteng', 'consulting', 'contain']}"
"Batangas, Philippines ??Inaresto ng mga tauhan tauhan ng Calaca Municipal Police Station ang walong katao nasangkot sa pangangalakal ng mga pilfered petroleum products sa Barangay Salong, Calaca City nitong Lunes ng umaga.","Batangas, Philippines ??Inaresto ng mga tauhan ng Calaca Municipal Police Station ang walong katao nasangkot sa pangangalakal ng mga pilfered petroleum products sa Barangay Salong, Calaca City nitong Lunes ng umaga.","Batangas, Philippines ??Inaresto ng mga tauhan tauhan ng abaca Municipal Police Station ang walong katao nasangkot sa pangangalakal ng mga pileges petroleum products sa Barangay Salong, abaca City nitong Lunes ng umaga.","['Calaca', 'pilfered', 'Calaca']","{'Calaca': ['aalaga', 'aalala', 'abaca', 'alaga', 'alala'], 'pilfered': ['filtered', 'prefered', 'pileges', 'pilferage', 'powdered']}"
"Ok daw, pero mas bongga raw kung lalantad siyang preggy na or kung sinabi niyang magpapakasal na sila ni Gerald Anderson.","Ok daw, pero mas bongga raw kung lalantad siyang preggy na or kung sasabihin niyang magpapakasal na sila ni Gerald Anderson.","Ok daw, pero mas bongga raw kung lalantad siyang areglo na or kung sinabi niyang magpapakasal na sila ni Gerald aiders.","['preggy', 'Anderson']","{'preggy': ['piggy', 'prexy', 'areglo', 'brgy', 'creamy'], 'Anderson': ['andoroon', 'adamson', 'aiders', 'anden', 'anderpas']}"
Hanggang ngayon siya yung sumasama sa amin sa sa ocular sa kasal.,Hanggang ngayon siya yung sumasama sa amin sa ocular sa kasal.,Hanggang ngayon siya yung sumasama sa amin sa sa ocular sa kasal.,[],{}
"Sabi nga nila it??s not the destination, its the journey kumbaga kahit na gaano pa kahirap yung pinagdaanan mo kung hindi mo nanamnamin yun, parang wala din yung pagkanakarating ka sa dulo.","Sabi nga nila it??s not the destination, its the journey kumbaga kahit na gaano pa kahirap yung pinagdaanan mo kung hindi mo nanamnamin yun, parang wala rin yung pagkanakarating ka sa dulo.","Sabi nga nila it??s not the destination, its the journey kumbaga kahit na gaano pa kahirap yung pinagdaanan mo kung hindi mo nanamnamin yun, parang wala rin yung magkakalapating ka sa dulo.",['pagkanakarating'],"{'pagkanakarating': ['pagkakahating', 'pagkakakaunting', 'magkakalapating', 'makakarating', 'nagkakalapating']}"
"So ngayon, Tito Boy, mag-iisang taon-mahigit na rin po kami.","So ngayon, Tito Boy, mag-iisang taon mahigit na rin po kami.","So ngayon, Tito Boy, mag-iisang taon-mahigit na rin po kami.",[],{}
"Inihayag din ni Joey na asahan na mas malawak pa ang pagbabagong hinahanap sa ""Eat Bulaga,"" na hindi lang sa mga kontes kung hindi maging sa pagtulong at pagsusulong ng pagasa.","Inihayag din ni Joey na asahan na mas malawak pa ang pagbabagong hinahanap sa ""Eat Bulaga,"" na hindi lang sa mga kontes kung hindi maging sa pagtulong at pagsusulong ng pag-asa.","Inihayag din ni copy na asahan na mas malawak pa ang pagbabagong hinahanap sa ""Eat bulagan,"" na hindi lang sa mga hostes kung hindi maging sa pagtulong at pagsusulong ng pagasa.","['Joey', 'Bulaga', 'kontes']","{'Joey': ['body', 'boy', 'copy', 'does', 'ey'], 'Bulaga': ['balaga', 'bulag', 'bulagan', 'bulagaw', 'bulagta'], 'kontes': ['konte', 'contest', 'hostes', 'intes', 'konde']}"
"Napapag usapan na ang pagkakaroon daw ng book two nito, na magiging First Lady na ang title, dahil asawa na siya ng pangulo ng bansa na si Pres. Glen Acosta.","Napapag-usapan na ang pagkakaroon daw ng book two nito, na magiging First Lady na ang title, dahil asawa na siya ng pangulo ng bansa na si Pres. Glen Acosta.","Napapag usapan na ang pagkakaroon daw ng book two nito, na magiging First Lady na ang title, dahil asawa na siya ng pangulo ng bansa na si Pres. ale agosto.","['Glen', 'Acosta']","{'Glen': ['gen', 'alan', 'ale', 'aleng', 'alex'], 'Acosta': ['aasta', 'acist', 'agosto', 'asta', 'cost']}"
"Sinabi ni Bautista na ang opisyal aniya ay dumating sa kanyang teritoryo kasama ang anakgaling sa Los Ba?ños City, Laguna bago magPasko.","Sinabi ni Bautista na ang opisyal aniya ay dumating sa kanyang teritoryo kasama ang anakgaling sa Los Ba?ños City, Laguna bago mag-Pasko.","Sinabi ni bahista na ang opisyal aniya ay dumating sa kanyang teritoryo kasama ang aagaring sa Los Ba?gos City, Laguna bago magPasko.","['Bautista', 'anakgaling', 'ños']","{'Bautista': ['aartista', 'artista', 'bahista', 'bauhita', 'bautismo'], 'anakgaling': ['naggaling', 'nakagaling', 'aagaring', 'aagawing', 'aakalaing'], 'ños': ['cos', 'dos', 'gos', 'los', 'os']}"
Presyo ng pagkain ayon pa sa opisyal ang pinakabanta sa inflation ngunit may epekto din ang peso-dollar rate sa presyo ng pagkain dahil sa krudo at transportasyon.,Presyo ng pagkain ayon pa sa opisyal ang pinakabanta sa inflation ngunit may epekto rin ang peso-dollar rate sa presyo ng pagkain dahil sa krudo at transportasyon.,Presyo ng pagkain ayon pa sa opisyal ang pinaaanta sa inflation ngunit may epekto rin ang peso-dollar rate sa presyo ng pagkain dahil sa krudo at transportasyon.,['pinakabanta'],"{'pinakabanta': ['pinakabata', 'pinaaabante', 'pinaaanta', 'pinaabante', 'pinakababa']}"
"Doon po inuumpisahan na napunta ako sa panggagamot, paliwanag niya.","Doon po nag-umpisa na napunta ako sa panggagamot, paliwanag niya.","Doon po inuumpisahan na napunta ako sa panggagamot, paliwanag niya.",[],{}
"Siguro isa yun sa bastos na natanggap kong question, na hindi nila iniisip yung nararamdaman ng ini interview nila.","Siguro isa yun sa bastos na natanggap kong question, na hindi nila iniisip yung nararamdaman ng ini-interview nila.","Siguro isa yun sa bastos na natanggap kong question, na hindi nila iniisip yung nararamdaman ng ini interview nila.",[],{}
"Sinabi ni Duque sa panayam ng Dobol B TV nitong Sabado na bukod sa pagbabakuna ng humigit kumulang 70 milyon laban sa COVID-19, ipapasa ng administrasyong Duterte sa susunod na administrasyon ang malaking masking compliance ng mga Pilipino.","Sinabi ni Duque sa panayam ng Dobol B TV nitong Sabado na bukod sa pagbabakuna ng humigit-kumulang 70 milyon laban sa COVID-19, ipapasa ng administrasyong Duterte sa susunod na administrasyon ang malaking masking compliance ng mga Pilipino.","Sinabi ni dudge sa panayam ng bobo B TV nitong Sabado na bukod sa pagbabakuna ng humigit kumulang ag milyon laban sa COVID-ag, ipapasa ng administrasyong suwerte sa susunod na administrasyon ang malaking masking compliance ng mga Pilipino.","['Duque', 'Dobol', '70', '19', 'Duterte']","{'Duque': ['daue', 'duble', 'dudge', 'due', 'dugu'], 'Dobol': ['dool', 'adobo', 'bobo', 'boboy', 'cool'], '70': ['ab', 'ad', 'ag', 'ah', 'ak'], '19': ['ab', 'ad', 'ag', 'ah', 'ak'], 'Duterte': ['butete', 'puwerte', 'suwerte', 'terte', 'bunete']}"
"Hindi-lang namin alam kung anong growth ang gusto niya, para sa sarili o pati sa kanyang career.","Hindi lang namin alam kung anong growth ang gusto niya, para sa sarili o pati sa kanyang career.","Hindi-lang namin alam kung anong growth ang gusto niya, para sa sarili o pati sa kanyang career.",[],{}
"Kinilala nang PCG ang bangkay na si Alses Hassan, isa sa dalawang nawawalang pasahero ng MV Lady Mary Joy 3.","Kinilala ng PCG ang bangkay na si Alses Hassan, isa sa dalawang nawawalang pasahero ng MV Lady Mary Joy 3.","Kinilala nang pcs ang bangkay na si absen asnan, isa sa dalawang nawawalang pasahero ng m Lady mare job d.","['PCG', 'Alses', 'Hassan', 'MV', 'Mary', 'Joy', '3']","{'PCG': ['mcg', 'pag', 'pcs', 'peg', 'pg'], 'Alses': ['abses', 'akses', 'absen', 'abseso', 'abuses'], 'Hassan': ['hasaan', 'aasnan', 'asnan', 'assay', 'baisan'], 'MV': ['kv', 'lv', 'm', 'ma', 'me'], 'Mary': ['many', 'mara', 'mare', 'mari', 'mark'], 'Joy': ['boy', 'jay', 'job', 'koy', 'noy'], '3': ['b', 'c', 'd', 'e', 'f']}"
Nanawagan dinang PNP sa mga magulang na bantayan ang kanilang mga anak attiyaking kilalaang mga nakakasalumuhaupangmailigtas sa anumang pagkakasangkot sa bentahan nang iligal na droga.,Nanawagan dinang PNP sa mga magulang na bantayan ang kanilang mga anak attiyaking kilalaang mga nakakasalumuhaupangmailigtas sa anumang pagkakasangkot sa bentahan ng iligal na droga.,Nanawagan dinang pdp sa mga magulang na bantayan ang kanilang mga anak tiyaking kilalalang mga nagkakasalungatan sa anumang pagkakasangkot sa bentahan nang iligal na droga.,"['PNP', 'attiyaking', 'kilalaang', 'nakakasalumuhaupangmailigtas']","{'PNP': ['lpnp', 'pap', 'pdp', 'pep', 'png'], 'attiyaking': ['katiyaking', 'titiyaking', 'tiyaking', 'bibiyaking', 'biyaking'], 'kilalaang': ['ilalaang', 'kalalaang', 'kilalalang', 'kilalang', 'binalaang'], 'nakakasalumuhaupangmailigtas': ['nakakasalamuhang', 'makakasalamuhang', 'nagkakasalungatan', 'nakakapagpalista', 'nakakapagsalita']}"
Para nga naman nasanay na siya sa sked sked ng taping kaya hinahanap na ng katawan niya.,Para nga naman nasanay na siya sa sked ng taping kaya hinahanap na ng katawan niya.,Para nga naman nasanay na siya sa ske ske ng taping kaya hinahanap na ng katawan niya.,"['sked', 'sked']","{'sked': ['seed', 'shed', 'ske', 'skid', 'aged']}"
"Addition Hills, Mandaluyong City, ang nasawi ng makipagbuno at tangkaing agawin ang baril ng pulis na nagtatangkang umaresto sa kanya kamakalawa ng gabi.","Addition Hills, Mandaluyong City, ang nasawi nang makipagbuno at tangkaing agawin ang baril ng pulis na nagtatangkang umaresto sa kanya kamakalawa ng gabi.","Addition halls, pandaluhong City, ang nasawi ng nakipagbuno at tangkaing agawin ang baril ng pulis na nagtatangkang umaresto sa kanya kamakalawa ng gabi.","['Hills', 'Mandaluyong', 'makipagbuno']","{'Hills': ['bills', 'chills', 'halls', 'hilis', 'ills'], 'Mandaluyong': ['mandaluhong', 'nandaluhong', 'pandaluhong', 'andamyong', 'dadaluhong'], 'makipagbuno': ['makipambuno', 'makipgbuno', 'nakipagbuno', 'makapagbuo', 'makikipagbuno']}"
Magagawa ito ni Pacquiao pamamagitan ng kaniyang MP Promotions na siyang humahawak sa ilang baguhang boksingero gaya ni Tokyo Olympics bronze medalist Eumir Felix Marcial.,Magagawa ito ni Pacquiao sa pamamagitan ng kaniyang MP Promotions na siyang humahawak sa ilang baguhang boksingero gaya ni Tokyo Olympics bronze medalist Eumir Felix Marcial.,Magagawa ito ni quiao pamamagitan ng kaniyang m Promotions na siyang humahawak sa ilang baguhang boksingero gaya ni toyo Olympics bronze medalist bumira felon arrial.,"['Pacquiao', 'MP', 'Tokyo', 'Eumir', 'Felix', 'Marcial']","{'Pacquiao': ['acquire', 'acquit', 'quiao', 'acacia', 'acquired'], 'MP': ['ap', 'ip', 'm', 'ma', 'map'], 'Tokyo': ['tokayo', 'toryo', 'toyo', 'bosyo', 'hoyo'], 'Eumir': ['emir', 'amir', 'bumira', 'bumiro', 'dumi'], 'Felix': ['helix', 'deli', 'felon', 'flex', 'flip'], 'Marcial': ['martial', 'arial', 'arrial', 'facial', 'marawal']}"
"Kaya nga wala rin namang masisi si LJ, dahil siguro alam naman kung ano ang kanyang pinasukan.","Kaya nga wala rin namang masisi si LJ, dahil siguro alam naman niya kung ano ang kanyang pinasukan.","Kaya nga wala rin namang masisi si la, dahil siguro alam naman kung ano ang kanyang pinasukan.",['LJ'],"{'LJ': ['j', 'l', 'la', 'le', 'll']}"
"Matapos maligo at sinabing ??virgin? pa siya, ano pa nga ba ang ebidensiya mo kung ano na ang ginagawa niya?","Matapos maligo at sinabing ??virgin? pa siya, ano pa nga ba ang ebidensiya mo kung ano na ang ginawa niya?","Matapos maligo at sinabing ??virgin? pa siya, ano pa nga ba ang ebidensiya mo kung ano na ang ginagawa niya?",[],{}
"Aniya pa, Hindi naman siguro totoo na nagagalit-ang mother Pinty nila Alex at Toni na lumabas ang balita dahil gusto nga raw nila na maging exclusive sa vlog nila.","Aniya pa, Hindi naman siguro totoo na nagagalit ang mother Pinty nila Alex at Toni na lumabas ang balita dahil gusto nga raw nila na maging exclusive sa vlog nila.","Aniya pa, Hindi naman siguro totoo na nagagalit-ang mother pinta nila Alex at tone na lumabas ang balita dahil gusto nga raw nila na maging exclusive sa vlog nila.","['Pinty', 'Toni']","{'Pinty': ['panty', 'pinoy', 'pinta', 'pinto', 'binay'], 'Toni': ['tini', 'ton', 'tone', 'tong', 'tono']}"
"Kaya din umano nito na ipasilidad ang kanilang birth certificates online, kapalit ng P500.","Kaya rin umano nito na ipasilidad ang kanilang birth certificates online, kapalit ng P500.","Kaya rin umano nito na ipalilipat ang kanilang birth certificates online, kapalit ng p25.","['ipasilidad', 'P500']","{'ipasilidad': ['pasilidad', 'abilidad', 'ipalilipat', 'ipasilip', 'istabilidad'], 'P500': ['p57', 'p', 'p25', 'p3', 'p75']}"
Una ng binanggit ni Roque na handa na ilagay sa mas maluwag na sistema ang Kamaynilaan matapos ang ika-15 ng Oktubre.,Una nang binanggit ni Roque na handa na ilagay sa mas maluwag na sistema ang Kamaynilaan matapos ang ika-15 ng Oktubre.,Una ng binanggit ni Roque na handa na ilagay sa mas maluwag na sistema ang Kamaynilaan matapos ang ika-ag ng Oktubre.,['15'],"{'15': ['ab', 'ad', 'ag', 'ah', 'ak']}"
"Kung mas ilalayo sila, mainam rin na sama-sama rin sila para wala silang contact??wala silang middle man na mauutusan para mag-distribute at walang logistical connection, ani Tolentino, chairman of the Senate Committee on Justice and Human Rights.","Kung mas ilalayo sila, mainam din na sama-sama rin sila para wala silang contact??wala silang middle man na mauutusan para mag-distribute at walang logistical connection, ani Tolentino, chairman of the Senate Committee on Justice and Human Rights.","Kung mas ilalayo sila, mainam din na sama-sama rin sila para wala silang contact??wala silang middle man na mauutusan para mag-distribute at walang logistical connection, ani talento, chairman of the Senate Committee on Justice and Human Rights.",['Tolentino'],"{'Tolentino': ['kolektibo', 'talentado', 'talento', 'talentong', 'biolento']}"
Una nang sinabi ni Remulla na hindi vote-buying ang kanyang gagawa dahil wala pang March 25 (official campaign season ng local candidates) nang mamigay siya nang pera at wala pa sina Marcos nang mangyari ito.,Una nang sinabi ni Remulla na hindi vote-buying ang kanyang ginawa dahil wala pang March 25 (official campaign season ng local candidates) nang mamigay siya nang pera at wala pa sina Marcos nang mangyari ito.,Una nang sinabi ni Remulla na hindi vote-buying ang kanyang gagawa dahil wala pang March ad (official campaign season ng local candidates) nang mamigay siya nang pera at wala pa sina Marcos nang mangyari ito.,['25'],"{'25': ['p25', 'ab', 'ad', 'ag', 'ah']}"
"Itinuturing siya ngaying imported case at hindi nagkaroon ng contact komunidad, dahilan para sabihing ""very low"" ang tiyansang maipasa ito sa mga lokal.","Itinuturing siya ngaying imported case at hindi nagkaroon ng contact sa komunidad, dahilan para sabihing ""very low"" ang tiyansang maipasa ito sa mga lokal.","Itinuturing siya ngaying imported case at hindi nagkaroon ng contact komunidad, dahilan para sabihing ""very low"" ang tiyansang maipasa ito sa mga lokal.",[],{}
"Mula po sa Commission En Banc ang partido na hindi sang-ayon sa aming desisyon ay maaring umakyat po sa Korte Suprema roon po talaga ang final na desisyon sa mga issue ito, ayon kay Guanzon.","Mula po sa Commission En Banc ang partido na hindi sang-ayon sa aming desisyon ay maaring umakyat po sa Korte Suprema roon po talaga ang final na desisyon sa mga issue na ito, ayon kay Guanzon.","Mula po sa Commission En Banc ang partido na hindi sang-ayon sa aming desisyon ay maaring umakyat po sa Korte Suprema roon po talaga ang final na desisyon sa mga issue ito, ayon kay guano.",['Guanzon'],"{'Guanzon': ['ganon', 'ganoon', 'guano', 'guanong', 'andon']}"
Actually sinabihan ko na sya na ??wag ng bumalik pero eto na naman s??ya magha-??HI? lang daw at magpapa-alala na nandito lang sya sa tabi-tabi.,Actually sinabihan ko na sya na ??wag nang bumalik pero eto na naman s??ya magha-??HI? lang daw at magpapa-alala na nandito lang sya sa tabi-tabi.,Actually sinabihan ko na sya na ??wag ng bumalik pero eto na naman s??ya magha-??HI? lang daw at magpapa-alala na nandito lang sya sa tabi-tabi.,[],{}
"Sana huwag tayo magmadali, ituloy pa din natin ang ating protocols.","Sana huwag tayo magmadali, ituloy pa rin natin ang ating protocols.","Sana huwag tayo magmadali, ituloy pa rin natin ang ating protocols.",[],{}
Nung nagpaputok siya roon nagdecide yung mga witness na mag-report sa barangay.,Nung nagpaputok siya roon nag-decide yung mga witness na mag-report sa barangay.,Nung nagpaputok siya roon nagdire yung mga witness na mag-report sa barangay.,['nagdecide'],"{'nagdecide': ['nagdebate', 'nagdeliber', 'nagdire', 'nagdisidi', 'nagdive']}"
Bukod-sa TNT ay maglalaro rin sa EASL Champions Week ang San Miguel bilang kinatawan ng PBA.,Bukod sa TNT ay maglalaro rin sa EASL Champions Week ang San Miguel bilang kinatawan ng PBA.,Bukod-sa TNT ay maglalaro rin sa easy Champions Week ang San bigtal bilang kinatawan ng iba.,"['EASL', 'Miguel', 'PBA']","{'EASL': ['ease', 'east', 'easy', 'aal', 'aasa'], 'Miguel': ['pigue', 'anghel', 'bigtal', 'biguin', 'biofuel'], 'PBA': ['aba', 'ba', 'iba', 'pa', 'paa']}"
"""sa tulong ng lokal na pamahalaan, tayo ay makikipag tulungan upang bigyan kayo ng disente, ligtas, at maayos na pabahay,"" dagdag ni GM Tai.","""Sa tulong ng lokal na pamahalaan, tayo ay makikipag-tulungan upang bigyan kayo ng disente, ligtas, at maayos na pabahay,"" dagdag ni GM Tai.","""sa tulong ng lokal na pamahalaan, tayo ay makikipag tulungan upang bigyan kayo ng disente, ligtas, at maayos na pabahay,"" dagdag ni g Tai.",['GM'],"{'GM': ['am', 'em', 'g', 'ga', 'gn']}"
"Nangyari na iyan kay Vilma Santos noon pang early 70s, and take note, may mga gumagawa, hingi lang ng permiso sa kanya, at siyempre may royalties dahil ginagamit ang kanyang pangalan.","Nangyari na iyan kay Vilma Santos noon pang early 70s, and take note, may mga gumagawa, humihingi lang ng permiso sa kanya, at siyempre may royalties dahil ginagamit ang kanyang pangalan.","Nangyari na iyan kay alma tantos noon pang early as, and take note, may mga gumagawa, hingi lang ng permiso sa kanya, at siyempre may royalties dahil ginagamit ang kanyang pangalan.","['Vilma', 'Santos', '70s']","{'Vilma': ['villa', 'aalma', 'alma', 'bila', 'digma'], 'Santos': ['santo', 'santol', 'tantos', 'aantok', 'aantot'], '70s': ['ads', 'als', 'as', 'ass', 'bus']}"
"Kapag napatunayan aniya ang mga ito, ipatitigil niya ang e-sabong bago siya alis sa puwesto.","Kapag napatunayan aniya ang mga ito, ipatitigil niya ang e-sabong bago siya umalis sa puwesto.","Kapag napatunayan aniya ang mga ito, ipatitigil niya ang e-sabong bago siya alis sa puwesto.",[],{}
Nabatid na kusang loob na sumuko ang suspek na isang 15-anyos sa pulisya at nasa kustodiya na nang Pila-DSWD.,Nabatid na kusang loob na sumuko ang suspek na isang 15-anyos sa pulisya at nasa kustodiya na ng Pila-DSWD.,Nabatid na kusang loob na sumuko ang suspek na isang ag-anyos sa pulisya at nasa kustodiya na nang Pila-asod.,"['15', 'DSWD']","{'15': ['ab', 'ad', 'ag', 'ah', 'ak'], 'DSWD': ['asad', 'asid', 'asod', 'dad', 'daw']}"
"Si Yllana, 73-anyos, ay tubong Naga City at pumasok sa diplomatic service ng Holy See noong noong 1984.","Si Yllana, 73-anyos, ay tubong Naga City at pumasok sa diplomatic service ng Holy See noong 1984.","Si lana, ad-anyos, ay tubong Naga City at pumasok sa diplomatic service ng Holy See noong noong aako.","['Yllana', '73', '1984']","{'Yllana': ['balana', 'illan', 'lana', 'llaya', 'aalaga'], '73': ['p3', 'ab', 'ad', 'ag', 'ah'], '1984': ['aaba', 'aag', 'aako', 'aal', 'aala']}"
Kasi choosy pa nga raw ito sa bibilhin ng kanyang vacation house sa Bataan.,Kasi choosy pa nga raw ito sa bumibili ng kanyang vacation house sa Bataan.,Kasi choosy pa nga raw ito sa bibilhin ng kanyang vacation house sa Bataan.,[],{}
Tiniyak rin ni Marcos na masisiyahan ang mga bata na magpupunta sa Palasyo dahil sa malaking Christmas tree at sa inihanda nilang pagkain.,Tiniyak din ni Marcos na masisiyahan ang mga bata na magpupunta sa Palasyo dahil sa malaking Christmas tree at sa inihanda nilang pagkain.,Tiniyak din ni Marcos na masisiyahan ang mga bata na magpupunta sa Palasyo dahil sa malaking Christmas tree at sa inihanda nilang pagkain.,[],{}
"Sa mag-uulat ng Unang Balita nitong Miyerkoles, sinabing ang SB19 lamang ang Pinoy group na pasok sa listahan.","Sa ulat ng Unang Balita nitong Miyerkoles, sinabing ang SB19 lamang ang Pinoy group na pasok sa listahan.","Sa mag-uulat ng Unang Balita nitong mirekules, sinabing ang aban lamang ang Pinoy group na pasok sa listahan.","['Miyerkoles', 'SB19']","{'Miyerkoles': ['miyerkules', 'Miyerkules', 'mirekules', 'biyernes', 'Biyernes'], 'SB19': ['ab', 'aba', 'aban', 'abat', 'abay']}"
Maaari pa ring manatili sa Pilipinas ang mga ??overstaying? na dayuhan makaraang suspindihin nang Bureau of Immigration (BI) ang Order to Leave (OTL) dahil sa konsiderasyon ngayong pandemya.,Maaari pa ring manatili sa Pilipinas ang mga ??overstaying? na dayuhan makaraang suspindihin ng Bureau of Immigration (BI) ang Order to Leave (OTL) dahil sa konsiderasyon ngayong pandemya.,Maaari pa ring manatili sa Pilipinas ang mga ??overstaying? na dayuhan makaraang suspindihin nang Bureau of Immigration (BI) ang Order to Leave (ot) dahil sa konsiderasyon ngayong pandemya.,['OTL'],"{'OTL': ['oil', 'ol', 'ot', 'otel', 'owl']}"
Hindi mo nakakakita ang kalabang virus.,Hindi mo nakikita ang kalabang virus.,Hindi mo nakakakita ang kalabang virus.,[],{}
Mga 12 hours rin daw itong nag-labor bago iniluwal ang baby.,Mga 12 hours din daw itong nag-labor bago iniluwal ang baby.,Mga ag hours din daw itong nag-labor bago iniluwal ang baby.,['12'],"{'12': ['ab', 'ad', 'ag', 'ah', 'ak']}"
"Iyan ang masamang epekto ng mga tsismis-sa social media, na lalo pang pinalala ng dalawang taong lockdown.","Iyan ang masamang epekto ng mga tsismis sa social media, na lalo pang pinalala ng dalawang taong lockdown.","Iyan ang masamang epekto ng mga tsismis-sa social media, na lalo pang pinalala ng dalawang taong lockdown.",[],{}
??i think stamina din yung labanan.,??I think stamina rin yung labanan.,??i think staging rin yung labanan.,['stamina'],"{'stamina': ['amina', 'bitamina', 'staging', 'staying', 'steaming']}"
"Kaya naman sa kanyang post, hindi niya raw kaaasa ang lahat ng ito.","Kaya naman sa kanyang post, hindi niya raw inasahan ang lahat ng ito.","Kaya naman sa kanyang post, hindi niya raw kawasa ang lahat ng ito.",['kaaasa'],"{'kaaasa': ['kaalsa', 'kakasa', 'kawasa', 'aalsa', 'aasa']}"
Sinabi rin ni Vhong na nagsusubok siya ng Diyos.,Sinabi rin ni Vhong na sinubukan siya ng Diyos.,Sinabi rin ni ihong na nagsusubong siya ng diyosa.,"['Vhong', 'nagsusubok', 'Diyos']","{'Vhong': ['ahong', 'hong', 'ihong', 'uhong', 'aahong'], 'nagsusubok': ['nagsusubo', 'magsusubo', 'nagsusubong', 'nagsusugo', 'nagsusuhol'], 'Diyos': ['diyas', 'diyes', 'diyosa', 'diyus', 'aayos']}"
May mga nagsasabi namang namana-lang niya ang husay ng biological dad niyang si Sen.,May mga nagsasabi namang namana lang niya ang husay ng biological dad niyang si Sen.,May mga nagsasabi namang namana-lang niya ang husay ng biological dad niyang si Sen.,[],{}
"Ilang beses ng nadadapa si Mark Anthony, pero dahil nga sa isang mahusay na actor, at dahil din sa mabait naman kaya walang sawa pa ring nabibigyan uli ng break.","Ilang beses nang nadadapa si Mark Anthony, pero dahil nga sa isang mahusay na actor, at dahil din sa mabait naman kaya walang sawa pa ring nabibigyan uli ng break.","Ilang beses ng nararapa si Mark aahong, pero dahil nga sa isang mahusay na actor, at dahil din sa mabait naman kaya walang sawa pa ring nabibigyan uli ng break.","['naradapa', 'Anthony']","{'naradapa': ['nadadapa', 'nakadapa', 'nararapa', 'madadapa', 'mararapa'], 'Anthony': ['antimony', 'aahon', 'aahong', 'aatong', 'aatsoy']}"
Eh inaanak siya sa ikakasal ni PBBM.,Eh inaanak siya sa kasal ni PBBM.,Eh inaanak siya sa ikakasal ni pabo.,['PBBM'],"{'PBBM': ['bbm', 'ibbm', 'pabo', 'palm', 'pam']}"
"Sa kabila ng hiwalayan noon nina Mark at aktres na si Irene Celebre, sabi ni Gabby na pinanatili ng kaniyang ama ang relasyon nito sa kanilang magkakapatid.","Sa kabila ng hiwalayan noon nina Mark at aktres na si Irene Celebre, sinabi ni Gabby na pinanatili ng kaniyang ama ang relasyon nito sa kanilang magkakapatid.","Sa kabila ng hiwalayan noon nina Mark at aktres na si arena celebrated, sabi ni aaboy na pinanatili ng kaniyang ama ang relasyon nito sa kanilang magkakapatid.","['Irene', 'Celebre', 'Gabby']","{'Irene': ['ireng', 'rene', 'arena', 'birete', 'crane'], 'Celebre': ['calibre', 'celebrate', 'celebrated', 'celebrity', 'censure'], 'Gabby': ['gabay', 'aabay', 'aaboy', 'abay', 'aboy']}"
"Sa Gabriel Rene Moreno university sa Santa Cruz, tatlong porsiyento umano ng 90,000 estudyante ang mahigit 10 taon ng nag-aaral doon.","Sa Gabriel Rene Moreno university sa Santa Cruz, tatlong porsiyento umano ng 90,000 estudyante ang mahigit 10 taon nang nag-aaral doon.","Sa gabel Rene forego university sa Santa Cruz, tatlong porsiyento umano ng ag,aam estudyante ang mahigit ag taon ng nag-aaral doon.","['Gabriel', 'Moreno', '90', '000', '10']","{'Gabriel': ['gabriela', 'abril', 'gabel', 'garil', 'aabrigo'], 'Moreno': ['morena', 'eoseno', 'forego', 'ipreno', 'koreo'], '90': ['ab', 'ad', 'ag', 'ah', 'ak'], '000': ['aag', 'aal', 'aam', 'aat', 'aaw'], '10': ['ab', 'ad', 'ag', 'ah', 'ak']}"
"Daraga, Albay, Philippines ?? Hindi sukat akalain ng isang magsasaka na ang ilang araw ng inirereklamong nakalambiting kable ng Albay Power Energy Corporation (APEC) ang siyang tatapos sa kanyang buhay matapos makuryente habang magsusuga sana ng kanyang mga kalabaw at baka sa kanilang lupain sa Brgy.","Daraga, Albay, Philippines ?? Hindi sukat akalain ng isang magsasaka na ang ilang araw nang inirereklamong nakalambiting kable ng Albay Power Energy Corporation (APEC) ang siyang tatapos sa kanyang buhay matapos makuryente habang magsusuga sana ng kanyang mga kalabaw at baka sa kanilang lupain sa Brgy.","Daraga, Albay, Philippines ?? Hindi sukat akalain ng isang magsasaka na ang ilang araw ng inirereklamong nakalambiting kable ng Albay Power Energy Corporation (age) ang siyang tatapos sa kanyang buhay matapos makuryente habang magsusugo sana ng kanyang mga kalabaw at baka sa kanilang lupain sa Brgy.","['APEC', 'magsusuga']","{'APEC': ['apex', 'ace', 'age', 'aged', 'ages'], 'magsusuga': ['magsusugal', 'magsusugat', 'magsusugo', 'magsusuka', 'magsusuma']}"
"Nanghihingi siya ng reaksyon ng ka-Troika kong si Noel Ferrer, pero ??hahaha!?","Hiningan siya ng reaksyon ng ka-Troika kong si Noel Ferrer, pero ??hahaha!?","Nanghihingi siya ng reaksyon ng ka-toka kong si bowel farmer, pero ??babaha!?","['Troika', 'Noel', 'Ferrer', 'hahaha']","{'Troika': ['tika', 'tisika', 'toka', 'trike', 'triya'], 'Noel': ['niel', 'novel', 'bowel', 'bowl', 'coal'], 'Ferrer': ['bearer', 'error', 'farmer', 'feeder', 'ferries'], 'hahaha': ['hahaba', 'hahara', 'babaha', 'bahala', 'baraha']}"
"But then nasa kanilang desisyon yun, baka magagawa nila na mga flexible na gaya ng kagagawa nila ngayon, ani De Grano.","But then nasa kanilang desisyon yun, baka magagawa nila na mga flexible na gaya ng ginagawa nila ngayon, ani De Grano.","But then nasa kanilang desisyon yun, baka magagawa nila na mga flexible na gaya ng kagagawa nila ngayon, ani De Grano.",[],{}
"Sa ulat ni Paul Hernandez sa GMA Regional TV ""Balitang Southern Tagalog"" nitong Lunes, kikilalanin ang biktima na si Michael Yare, 39-anyos.","Sa ulat ni Paul Hernandez sa GMA Regional TV ""Balitang Southern Tagalog"" nitong Lunes, kinilala ang biktima na si Michael Yare, 39-anyos.","Sa ulat ni Paul expanded sa gia Regional TV ""Balitang Southern Tagalog"" nitong Lunes, kikilalanin ang biktima na si Michael fare, ag-anyos.","['Hernandez', 'GMA', 'Yare', '39']","{'Hernandez': ['beranda', 'branded', 'expanded', 'grande', 'heranyo'], 'GMA': ['ama', 'ga', 'gia', 'goma', 'gra'], 'Yare': ['are', 'care', 'fare', 'kare', 'mare'], '39': ['ab', 'ad', 'ag', 'ah', 'ak']}"
"Sa ulat ng Sampaloc Police Station 4, alas-9:30 ng gabi ng maganap ang krimen sa may kanto ng Miguelin St.","Sa ulat ng Sampaloc Police Station 4, alas-9:30 ng gabi nang maganap ang krimen sa may kanto ng Miguelin St.","Sa ulat ng sampalan Police Station d, alas-d:ag ng gabi ng maganap ang krimen sa may kanto ng biyulin St.","['Sampaloc', '4', '9', '30', 'Miguelin']","{'Sampaloc': ['sampalok', 'sampal', 'sampalan', 'sampalin', 'ampao'], '4': ['b', 'c', 'd', 'e', 'f'], '9': ['b', 'c', 'd', 'e', 'f'], '30': ['ab', 'ad', 'ag', 'ah', 'ak'], 'Miguelin': ['bigtalin', 'biguin', 'biyulin', 'dighalin', 'gugulin']}"
"May involved mang manghuhula o wala, we trust them both, hindi ni la pababayaang magkaroon ng problema sa relasyon nila dahil napakaraming masasaktan.","May involved mang manghuhula o wala, we trust them both, hindi nila pababayaang magkaroon ng problema sa relasyon nila dahil napakaraming masasaktan.","May involved mang manghuhula o wala, we trust them both, hindi ni la bababalaang magkaroon ng problema sa relasyon nila dahil napakaraming masasaktan.",['pababayaang'],"{'pababayaang': ['pababayaan', 'papabayaang', 'bababalaang', 'babayaang', 'kababayang']}"
"Sinabi rin ni Angara na nakikipag-kilala rin ang prinsipyo ng equity of the incumbent sa Kamara de Representantes, na kung minsan ay may koneksiyon sa kinaanibang partido ng mambabatas.","Sinabi rin ni Angara na kinikilala rin ang prinsipyo ng equity of the incumbent sa Kamara de Representantes, na kung minsan ay may koneksiyon sa kinaanibang partido ng mambabatas.","Sinabi rin ni andana na nakikipag-kilala rin ang prinsipyo ng equity of the incumbent sa Kamara de representang, na kung minsan ay may koneksiyon sa kinaanibang partido ng mambabatas.","['Angara', 'Representantes']","{'Angara': ['agaran', 'agata', 'andana', 'andar', 'anga'], 'Representantes': ['representante', 'representanteng', 'representang', 'representatives', 'representasyon']}"
"Dapat na ituon ng gobyerno ang papansinin nito sa testing, repor??ting at pagresponde sa mga local outbreak ng ASF.","Dapat na ituon ng gobyerno ang pansin nito sa testing, repor??ting at pagresponde sa mga local outbreak ng ASF.","Dapat na ituon ng gobyerno ang papansinin nito sa testing, bapor??ting at pagresponde sa mga local outbreak ng as.","['repor', 'ASF']","{'repor': ['reporm', 'report', 'bapor', 'dekor', 'depo'], 'ASF': ['abf', 'anf', 'as', 'asa', 'ash']}"
"Sa naturang segment, dalawang babae ang maglalaban laban sa tatlong rounds na Ooh La-Lakad, kung saan rarampa sila sa stage suot ang kanilang mga bikini, ang Hot-tanungan, kung saan bibigyan sila ng isang tanong na kailangan nilang sagutin, at Final Women-sahe,kung saan magbabahagi sila ng kanilang mga nagustuhan sa kanilang kalaban.","Sa naturang segment, dalawang babae ang maglalaban-laban sa tatlong rounds na Ooh La-Lakad, kung saan rarampa sila sa stage suot ang kanilang mga bikini, ang Hot-tanungan, kung saan bibigyan sila ng isang tanong na kailangan nilang sagutin, at Final Women-sahe,kung saan magbabahagi sila ng kanilang mga nagustuhan sa kanilang kalaban.","Sa naturang segment, dalawang babae ang maglalaban laban sa tatlong rounds na oo La-Lakad, kung saan karapa sila sa stage suot ang kanilang mga bakin, ang Hot-tanungan, kung saan bibigyan sila ng isang tanong na kailangan nilang sagutin, at Final Women-saho,kung saan magbabahagi sila ng kanilang mga nagustuhan sa kanilang kalaban.","['Ooh', 'rarampa', 'bikini', 'sahe']","{'Ooh': ['doh', 'oh', 'oo', 'ah', 'ao'], 'rarampa': ['darapa', 'garapa', 'karapa', 'marapa', 'narapa'], 'bikini': ['biking', 'baiking', 'bakin', 'baking', 'biakin'], 'sahe': ['pahe', 'safe', 'saho', 'sale', 'same']}"
Ang suspek ay isa umanong inilalaki na armado ng di pa tukoy na kalibre ng baril.,Ang suspek ay isa umanong lalaki na armado ng di pa tukoy na kalibre ng baril.,Ang suspek ay isa umanong inilalaki na armado ng di pa tukoy na kalibre ng baril.,[],{}
"Imagine mo, Presidente, ganun ang nagsabi sa isang senador?","Imagine mo, Presidente, ganun ang sinasabi sa isang senador?","Imagine mo, Presidente, ganun ang nagsabi sa isang senador?",[],{}
"Samantala, ang mga Pilipino mula sa mga bansa na nasa red-list ay papayagang makapasok kung kasama sa repatriation program o Bayanihan flights ng pamahalaan subalit sa Ninoy Aquino International Airport o sa Clark International Airport sila dapat lumapag at sumunod pa rin sa mga protocol ng IATF.","Samantala, ang mga Pilipino mula sa mga bansa na nasa red list ay papayagang makapasok kung kasama sa repatriation program o Bayanihan flights ng pamahalaan subalit sa Ninoy Aquino International Airport o sa Clark International Airport sila dapat lumapag at sumunod pa rin sa mga protocol ng IATF.","Samantala, ang mga Pilipino mula sa mga bansa na nasa red-list ay papayagang makapasok kung kasama sa repatriation program o Bayanihan flights ng pamahalaan subalit sa pinoy aluin International Airport o sa Clark International Airport sila dapat lumapag at sumunod pa rin sa mga protocol ng abf.","['Ninoy', 'Aquino', 'IATF']","{'Ninoy': ['nino', 'nitoy', 'pinoy', 'animoy', 'anino'], 'Aquino': ['akuin', 'akuing', 'aluin', 'aluing', 'alumno'], 'IATF': ['aat', 'aato', 'abf', 'anf', 'at']}"
Isa-isahin rin kaya ni Bossing ang mga nakarelasyon niya sa showbiz?,Isa-isahin din kaya ni Bossing ang mga nakarelasyon niya sa showbiz?,Isa-isahin din kaya ni baksing ang mga nakarelasyon niya sa showbiz?,['Bossing'],"{'Bossing': ['boksing', 'baising', 'baksing', 'bansing', 'basaing']}"
Sana nung time na yun naisip din niya na naka live rin po kami.,Sana nung time na yun naisip din niya na naka-live rin po kami.,Sana nung time na yun naisip din niya na naka live rin po kami.,[],{}
"Patuloy pang nagiimbestiga ang mga pulis upang madakip ang suspek sa pamamarilLBG, GMA Integrated News.","Patuloy pang nag-iimbestiga ang mga pulis upang madakip ang suspek sa pamamarilLBG, GMA Integrated News.","Patuloy pang imbestiga ang mga pulis upang kalakip ang suspek sa mamamaraling, gia Integrated News.","['nagiimbestiga', 'marakip', 'pamamarilLBG', 'GMA']","{'nagiimbestiga': ['iimbestiga', 'iniimbestiga', 'imbestiga', 'inimbestiga', 'naiimbestigahan'], 'marakip': ['madakip', 'dadakip', 'kalakip', 'maaakit', 'maakit'], 'pamamarilLBG': ['pamamaraling', 'pamamaril', 'mamamaraling', 'mamamaril', 'namamaraling'], 'GMA': ['ama', 'ga', 'gia', 'goma', 'gra']}"
"Wala pa din namang impormasyon kung magdedeklara ng ""days of mourning"" para kay Noynoy.","Wala pa rin namang impormasyon kung magdedeklara ng ""days of mourning"" para kay Noynoy.","Wala pa rin namang impormasyon kung magdedeklara ng ""days of mourning"" para kay tonoy.",['Noynoy'],"{'Noynoy': ['nuynoy', 'nooy', 'tonoy', 'banoy', 'bayno']}"
Nagumpisa na ang Provincial Health Office sanitary services unit sa pagdi-disinfect sa mga komunidad para mapigilan ang lalo pang pagkalat nito at pagkakahawahan.,Nag-umpisa na ang Provincial Health Office sanitary services unit sa pagdi-disinfect sa mga komunidad para mapigilan ang lalo pang pagkalat nito at pagkakahawahan.,Nagumpisa na ang Provincial Health Office sanitary services unit sa pagdi-disinfect sa mga komunidad para mapigilan ang lalo pang pagkalat nito at magkahawahan.,['pagkakahawahan'],"{'pagkakahawahan': ['pagkakahawaan', 'nagkakahawaan', 'magkahawahan', 'nagkakahalagan', 'nagkakasayahan']}"
"Samantala, mayroon rin namang 111 bettors ang nakapag-uwi ng tig-P24,000.00.","Samantala, mayroon din namang 111 bettors ang nakapag-uwi ng tig-P24,000.00.","Samantala, mayroon din namang aam bettors ang nakapag-uwi ng tig-p3,aam.ag.","['111', 'P24', '000', '00']","{'111': ['aag', 'aal', 'aam', 'aat', 'aaw'], 'P24': ['p25', 'p', 'p3', 'p57', 'p75'], '000': ['aag', 'aal', 'aam', 'aat', 'aaw'], '00': ['ab', 'ad', 'ag', 'ah', 'ak']}"
Kasi makikipag away ka lang dun eh.,Kasi makikipag-away ka lang dun eh.,Kasi makikipag away ka lang dun eh.,[],{}
"Ito pang marching bands ang ikinatuwa ni Mayor Lani dahil after two years na nanahimik at hindi sila napapakinggang katutugtog sa kalye, ngayon ay balik na sila.","Ito pang marching bands ang ikinatuwa ni Mayor Lani dahil after two years na nanahimik at hindi sila napapakinggang tumutugtog sa kalye, ngayon ay balik na sila.","Ito pang marching bands ang ikinatuwa ni Mayor kani dahil after two years na nanahimik at hindi sila napapakinabang natututog sa kalye, ngayon ay balik na sila.","['Lani', 'napapakinggang', 'katutugtog']","{'Lani': ['aani', 'ani', 'kani', 'labi', 'lagi'], 'napapakinggang': ['napapakinggan', 'mapapakinggan', 'napapakinabang', 'papakinggang', 'mapapakinabang'], 'katutugtog': ['itutugtog', 'matututog', 'natututog', 'tutugtog', 'katunugang']}"
Iyon din naman raw ang payo sa kaniya na huwag magtatanim ng sama ng loob sa mga magulang.,Iyon din naman daw ang payo sa kaniya na huwag magtatanim ng sama ng loob sa mga magulang.,Iyon din naman daw ang payo sa kaniya na huwag magtatanim ng sama ng loob sa mga magulang.,[],{}
Hindi lang rin daw for entertainment ang programa kundi ang goal nito ay magkaroon ang mga viewer ng realizations at inspiration at may matutunan ang mga ito na maaari nilang balikan.,Hindi lang din daw for entertainment ang programa kundi ang goal nito ay magkaroon ang mga viewer ng realizations at inspiration at may matutunan ang mga ito na maaari nilang balikan.,Hindi lang din daw for entertainment ang programa kundi ang goal nito ay magkaroon ang mga viewer ng reclamations at respiration at may matutunan ang mga ito na maaari nilang balikan.,"['realizations', 'inspiration']","{'realizations': ['rganizations', 'organizations', 'reclamations', 'relations', 'replication'], 'inspiration': ['aspiration', 'inspirasyon', 'respiration', 'aspirations', 'expiration']}"
"Yung pakiramdam namin na malayo sa pamilya, na trabaho kung saan may pandemya, ang daming nangyayari.","Yung pakiramdam namin na malayo sa pamilya, na nagtatrabaho kung saan may pandemya, ang daming nangyayari.","Yung pakiramdam namin na malayo sa pamilya, na trabaho kung saan may pandemya, ang daming nangyayari.",[],{}
"Ginagawa raw niyang magpaliwanag ngayon hindi para isalba ang sarili, ngunit dahil gaya ng-iba ay may pinagdaraanan din daw siya: ""Last thing Id want to do is hurt any of you.""","Ginagawa raw niyang magpaliwanag ngayon hindi para isalba ang sarili, ngunit dahil gaya ng iba ay may pinagdaraanan din daw siya: ""Last thing Id want to do is hurt any of you.""","Ginagawa raw niyang magpaliwanag ngayon hindi para isalba ang sarili, ngunit dahil gaya ng-iba ay may pinagdaraanan din daw siya: ""Last thing dir want to do is hut any of you.""","['Ir', 'hurt']","{'Ir': ['air', 'ar', 'dir', 'gir', 'hr'], 'hurt': ['hunt', 'hura', 'hut', 'art', 'aura']}"
"Imagine mo na habang nasa dialysis room ako, pinupuntahan nila ako para kumustahin at dalhan ng magic enve.","Imagine mo na habang nasa dialysis room ako, pinuntahan nila ako para kumustahin at dalhan ng magic enve.","Imagine mo na habang nasa dialysis room ako, pinupuntahan nila ako para kumustahin at dalhan ng magic cove.",['enve'],"{'enve': ['ante', 'bente', 'cove', 'dive', 'ease']}"
"Kinakailangan din magpasa ng ordinansa or executive order ang mga LGUs upang ito ay maipatupad nang maayos upang maging ligtas ang ating mga kababayan sa paggunita ng dinaratnan na Undas, dagdag pa ni A?ño.","Kinakailangan din magpasa ng ordinansa or executive order ang mga LGUs upang ito ay maipatupad nang maayos upang maging ligtas ang ating mga kababayan sa paggunita ng darating na Undas, dagdag pa ni A?ño.","Kinakailangan din magpasa ng ordinansa or executive order ang mga LGUs upang ito ay maipatupad nang maayos upang maging ligtas ang ating mga kababayan sa paggunita ng daratnan na Undas, dagdag pa ni ag?co.","['dinaratnan', 'A', 'ño']","{'dinaratnan': ['dinadatnan', 'dinaraanan', 'daratnan', 'dinaanan', 'dinadaanan'], 'A': ['ab', 'ad', 'ag', 'ah', 'ak'], 'ño': ['ao', 'bo', 'co', 'do', 'go']}"
"Tingnan natin ang dahilan kung bakit minadali nila ito, nagconvene sila nang walang kaalam-alam ang Presidente and bibigyan sila ng pagkakataon i-explain yung panig nila, ayon kay Cruz-Angeles.","Tingnan natin ang dahilan kung bakit minadali nila ito, nag-convene sila nang walang kaalam-alam ang Presidente and bibigyan sila ng pagkakataon i-explain yung panig nila, ayon kay Cruz-Angeles.","Tingnan natin ang dahilan kung bakit minadali nila ito, reconvene sila nang walang kaalam-alam ang Presidente and bibigyan sila ng pagkakataon i-aapain yung panig nila, ayon kay Cruz-ages.","['nagconvene', 'explain', 'Angeles']","{'nagconvene': ['convene', 'nagponente', 'reconvene', 'convener', 'nagboteng'], 'explain': ['exploit', 'plain', 'aapain', 'aapulain', 'akalain'], 'Angeles': ['agecies', 'agents', 'ages', 'amperes', 'anakle']}"
Layunin din nito na panatilihin na mas epektibo at maayos ang re lasyon ng mga indibiduwal at institusyon okomunidad.,Layunin din nito na panatilihin na mas epektibo at maayos ang relasyon ng mga indibiduwal at institusyon okomunidad.,Layunin din nito na panatilihin na mas epektibo at maayos ang re lisyon ng mga indibiduwal at institusyon kumunidad.,"['lasyon', 'okomunidad']","{'lasyon': ['lason', 'layon', 'lisyon', 'losyon', 'nasyon'], 'okomunidad': ['komunidad', 'komunindad', 'kumunidad', 'mankomunidad', 'oportunidad']}"
Nagsasara na umano ng guwardiya ng simbahan nang makita niya ang paper bag.,Isasara na umano ng guwardiya ng simbahan nang makita niya ang paper bag.,Nagsasara na umano ng guwardiya ng simbahan nang makita niya ang paper bag.,[],{}
Payag din ba siyang mag showbiz ang kanyang apo kung sakali?,Payag din ba siyang mag-showbiz ang kanyang apo kung sakali?,Payag din ba siyang mag showbiz ang kanyang apo kung sakali?,[],{}
"Hindi pa nire-reveal ni Zeinab (Bia) na umalma na ako, ayan nakipagbalikan pa siya diyan nagpabuntis pa, e, manloloko naman yan.","Hindi pa nire-reveal ni Zeinab (Bia) na umalma na ako, ayan nakipagbalikan pa siya riyan nagpabuntis pa, e, manloloko naman yan.","Hindi pa nire-level ni amina (Bia) na umalma na ako, ayan nakipagpalitan pa siya diyan nagpabuti pa, e, manloloko naman yan.","['reveal', 'Zeinab', 'nakipagbalikan', 'nagpabuntis']","{'reveal': ['repeal', 'cereal', 'level', 'real', 'rebel'], 'Zeinab': ['binab', 'linab', 'amina', 'aninag', 'aninaw'], 'nakipagbalikan': ['makipagbalikan', 'nakipagbarilan', 'nakipagpalitan', 'napapagbalikan', 'makipagbarilan'], 'nagpabuntis': ['nagbubuntis', 'nagbuntis', 'nagpabuti', 'nagpabuwis', 'nagparungis']}"
Hinayaan na ni ni Princess na si Ryan ang magbuo ng kuwento.,Hinayaan na ni Princess na si Ryan ang magbuo ng kuwento.,Hinayaan na ni ni prices na si iyan ang magbuo ng kuwento.,"['Princess', 'Ryan']","{'Princess': ['pricess', 'princes', 'prices', 'prinsesa', 'printers'], 'Ryan': ['ayan', 'dyan', 'iyan', 'raan', 'riyan']}"
Mismong ang boss pa pala pala nila ang nagpapaawa-away sa kanila!,Mismong ang boss pa pala nila ang nagpapaawa-away sa kanila!,Mismong ang boss pa pala pala nila ang nagpapagawa-away sa kanila!,['nagpapaawa'],"{'nagpapaawa': ['nagpapaaga', 'nagpapabawa', 'nagpapagawa', 'nagpapasawa', 'nagpapatawa']}"
Agad na rumesponde ang pulisya sa lugar at nang makita nang suspek na si Fernandez ang paparating na pulis ay mabilis na sumibad sakay ngisang motorsiklo.,Agad na rumesponde ang pulisya sa lugar at nang makita ng suspek na si Fernandez ang paparating na pulis ay mabilis na sumibad sakay ngisang motorsiklo.,Agad na rumesponde ang pulisya sa lugar at nang makita nang suspek na si expanded ang paparating na pulis ay mabilis na sumibad sakay ngisang motorsiklo.,['Fernandez'],"{'Fernandez': ['beranda', 'branded', 'expanded', 'ferdinand', 'finance']}"
Kaniniwala si Pangulong Rodrigo Duterte na may tsansa si Senador Ronald ??Bato?? Dela Rosa na manalo sa Presidential derby sa darating na 2022 Elections kahit na aminado na napili siya ng PDP-Laban sa kahuli-hulihang minuto.,Naniniwala si Pangulong Rodrigo Duterte na may tsansa si Senador Ronald ??Bato?? Dela Rosa na manalo sa Presidential derby sa darating na 2022 Elections kahit na aminado na napili siya ng PDP-Laban sa kahuli-hulihang minuto.,paniniwala si Pangulong Rodrigo suwerte na may tsansa si Senador Ronald ??Bato?? Dela Rosa na manalo sa Presidential derby sa darating na aag Elections kahit na aminado na napili siya ng PDP-Laban sa kahuli-hulihang minuto.,"['Kaniniwala', 'Duterte', '2022']","{'Kaniniwala': ['maniniwala', 'naniniwala', 'paniniwala', 'niniwala', 'ikatitiwala'], 'Duterte': ['butete', 'puwerte', 'suwerte', 'terte', 'bunete'], '2022': ['p25', 'aaba', 'aag', 'aako', 'aal']}"
Ito ang unang kabiguan ng Chiefs matapos ang naunang 65-63 pagdaig-sa San Sebastian Stags sa likod ng pagbibida ni Justin Arana noong Linggo.,Ito ang unang kabiguan ng Chiefs matapos ang naunang 65-63 pagdaig sa San Sebastian Stags sa likod ng pagbibida ni Justin Arana noong Linggo.,Ito ang unang kabiguan ng Chiefs matapos ang naunang ag-ad pagdaig-sa San debatihan stages sa likod ng pagbibida ni dustain arina noong Linggo.,"['65', '63', 'Sebastian', 'Stags', 'Justin', 'Arana']","{'65': ['ab', 'ad', 'ag', 'ah', 'ak'], '63': ['p3', 'ab', 'ad', 'ag', 'ah'], 'Sebastian': ['bastion', 'batian', 'debatihan', 'kabatian', 'sabatan'], 'Stags': ['stag', 'stage', 'stages', 'stars', 'atag'], 'Justin': ['busting', 'duitin', 'dustain', 'gusutin', 'just'], 'Arana': ['aranya', 'arena', 'arina', 'asana', 'harana']}"
Isa itong modelong ahensiya na nagsasanay sa mga manggagawa ng bansa sa paraang malinaw at naaayon sa mangangailangan ng industriya at bansa.,Isa itong modelong ahensiya na nagsasanay sa mga manggagawa ng bansa sa paraang malinaw at naaayon sa kailangan ng industriya at bansa.,Isa itong modelong ahensiya na nagsasanay sa mga manggagawa ng bansa sa paraang malinaw at naaayon sa mangangailangan ng industriya at bansa.,[],{}
"Nang hindi matiis ng aktres ang sakit sa katawan, nagpapaalam na siyang lalabas sa lock-in para magpa-doctor.","Nang hindi matiis ng aktres ang sakit sa katawan, nagpaalam na siyang lalabas sa lock-in para magpa-doctor.","Nang hindi matiis ng aktres ang sakit sa katawan, nagpapaalam na siyang lalabas sa lock-in para magpa-doctor.",[],{}
"Isa ng ganap na international shrine ang Antipolo Cathedral sa Antipolo City, Rizal nitong Sabado, alinsunod na rin sa isang decree na inilabas ng Vatican.","Isa nang ganap na international shrine ang Antipolo Cathedral sa Antipolo City, Rizal nitong Sabado, alinsunod na rin sa isang decree na inilabas ng Vatican.","Isa ng ganap na international shrine ang Antipolo aahedres sa Antipolo City, bital nitong Sabado, alinsunod na rin sa isang decree na inilabas ng Vatican.","['Cathedral', 'Rizal']","{'Cathedral': ['katedral', 'lateral', 'aahedres', 'ahedres', 'alhebra'], 'Rizal': ['ribal', 'arial', 'bital', 'cial', 'dial']}"
Itinanggi suspek na Chinese national ang alegasyon na kidnaper sila.,Itinanggi ng suspek na Chinese national ang alegasyon na kidnaper sila.,Itinanggi suspek na Chinese national ang alegasyon na kidnaper sila.,[],{}
Ito ang naging pagtaya ni Marcos matapos ang mahabang pakikipag-usap nito sa telepono kahapon kay Chinese President Xi Jinping na ipinaabot ang kaniyang pagbati pagwawagi ni Marcos.,Ito ang naging pagtaya ni Marcos matapos ang mahabang pakikipag-usap nito sa telepono kahapon kay Chinese President Xi Jinping na ipinaabot ang kaniyang pagbati sa pagwawagi ni Marcos.,Ito ang naging pagtaya ni Marcos matapos ang mahabang pakikipag-usap nito sa telepono kahapon kay Chinese President Xi binding na ipinaabot ang kaniyang pagbati pagwawagi ni Marcos.,['Jinping'],"{'Jinping': ['pinping', 'binbing', 'binding', 'binging', 'binhing']}"
"Dahil dito kayat makikipag ugnayan ang PCO sa pribadong sektor, kabilang ang stakeholders sa broacast industry, para makapagtatag ng epektibong mekanismo laban sa fake news.","Dahil dito kayat makikipag-ugnayan ang PCO sa pribadong sektor, kabilang ang stakeholders sa broacast industry, para makapagtatag ng epektibong mekanismo laban sa fake news.","Dahil dito kayat makikipag ugnayan ang pao sa pribadong sektor, kabilang ang stakeholders sa broacast industry, para makapagtatag ng epektibong mekanismo laban sa fake news.",['PCO'],"{'PCO': ['co', 'eco', 'pao', 'pcs', 'po']}"
Karamihan rin sa mga namatay ay mula sa timog-silangang Asya at sa kanlurang Pasipiko.,Karamihan din sa mga namatay ay mula sa timog-silangang Asya at sa kanlurang Pasipiko.,Karamihan din sa mga namatay ay mula sa timog-silangang anya at sa kanlurang Pasipiko.,['Asya'],"{'Asya': ['adya', 'aksya', 'anya', 'arya', 'asa']}"
"Sa kabila nito, naninindigan si De Guzman na hindi pantay ang MDT, VFA at EDCA sa Pilipinas at nagbigay ng maraming kaluwagan sa Amerika dahilan para makapanatili ng impluwensyang militar nito sa bansa.","Sa kabila nito, naninindigan si De Guzman na hindi pantay ang MDT, VFA at EDCA sa Pilipinas at nagbibigay ng maraming kaluwagan sa Amerika dahilan para makapanatili ng impluwensyang militar nito sa bansa.","Sa kabila nito, naninindigan si De guguan na hindi pantay ang MDT, via at da sa Pilipinas at nagbigay ng maraming kaluwagan sa anemika dahilan para makapanatili ng impluwensyang militar nito sa bansa.","['Guzman', 'VFA', 'EDCA', 'Amerika']","{'Guzman': ['guman', 'gunman', 'guguan', 'gulaman', 'gumaan'], 'VFA': ['ifa', 'va', 'via', 'aba', 'ada'], 'EDCA': ['ada', 'adya', 'da', 'dedma', 'each'], 'Amerika': ['aberia', 'amerikana', 'anemika', 'aamerikana', 'abenida']}"
"Sa hiwalay na post, sinabi rin ng guro na bukod sa lessons sa loob ng silid-aralan, na is din niyang turuan ng life lessons ang mga estudyante.","Sa hiwalay na post, sinabi rin ng guro na bukod sa lessons sa loob ng silid-aralan, nais din niyang turuan ng life lessons ang mga estudyante.","Sa hiwalay na post, sinabi rin ng guro na bukod sa lessons sa loob ng silid-aralan, na is din niyang turuan ng life lessons ang mga estudyante.",[],{}
Patuloy na makikipag-kilala ang suspek na napuruhan ng punglo sa ibat ibang bahagi ng katawan at kasalukuyang nakalagak sa punerarya sa lungsod.,Patuloy na kinikilala ang suspek na napuruhan ng punglo sa ibat ibang bahagi ng katawan at kasalukuyang nakalagak sa punerarya sa lungsod.,Patuloy na makikipag-kilala ang suspek na napuruhan ng punglo sa ibat ibang bahagi ng katawan at kasalukuyang nakalagak sa punerarya sa lungsod.,[],{}
"Sasampahan ng kasong qualified theft ang suspek, ayon sa-pulisya.","Sasampahan ng kasong qualified theft ang suspek, ayon sa pulisya.","Sasampahan ng kasong qualified theft ang suspek, ayon sa-pulisya.",[],{}
"Aniya, binabawasan na ang medikasyon nito para sa blood pressure support at gaganda na rin ang kidney function.","Aniya, binabawasan na ang medikasyon nito para sa blood pressure support at gumaganda na rin ang kidney function.","Aniya, binabawasan na ang medikasyon nito para sa blood pressure support at gaganda na rin ang kidney function.",[],{}
Marahil ay totoo ang kasabihan na nagiging mahalaga lamang ang isang bagay na dati nating binabalewala kung itoy mawawala na sa atin.,Marahil ay totoo ang kasabihan na nagiging mahalaga lamang ang isang bagay na dati nating binabalewala kung itoy nawala na sa atin.,Marahil ay totoo ang kasabihan na nagiging mahalaga lamang ang isang bagay na dati nating binabalewala kung itoy mawawala na sa atin.,[],{}
Sina Ongtenco at ang maybahay niyang si Luisa ay nagkaroon nang walong anak na ngayony kasama na sa pagpapatakbo ng negosyo ng pamilya.,Sina Ongtenco at ang maybahay niyang si Luisa ay nagkaroon ng walong anak na ngayony kasama na sa pagpapatakbo ng negosyo ng pamilya.,Sina angono at ang maybahay niyang si baisa ay nagkaroon nang walong anak na ngayony kasama na sa pagpapatakbo ng negosyo ng pamilya.,"['Ongtenco', 'Luisa']","{'Ongtenco': ['kontento', 'agency', 'angono', 'antena', 'anteng'], 'Luisa': ['lisa', 'luksa', 'baisa', 'bisa', 'blusa']}"
"Hinala ng duktor, may mga bu to ang bulaklak na pinitas ng bata at aksidenteng napunta sa loob ng tenga nito.","Hinala ng duktor, may mga buto ang bulaklak na pinitas ng bata at aksidenteng napunta sa loob ng tenga nito.","Hinala ng duktor, may mga bu to ang bulaklak na pinitas ng bata at aksidenteng napunta sa loob ng tenga nito.",[],{}
Pero kaya kaya yun.,Pero kaya yun.,Pero kaya kaya yun.,[],{}
"Sa ulat ng ng GMA News ""Unang Balita"" nitong Martes, sinabing bago nito, napagawa na rin nina Dianne at Rodjun ang kanilang bahay at naitayo ang sarili nilang business.","Sa ulat ng GMA News ""Unang Balita"" nitong Martes, sinabing bago nito, napagawa na rin nina Dianne at Rodjun ang kanilang bahay at naitayo ang sarili nilang business.","Sa ulat ng ng gia News ""Unang Balita"" nitong Martes, sinabing bago nito, naipagawa na rin nina dante at komun ang kanilang bahay at naitayo ang sarili nilang business.","['GMA', 'napagawa', 'Dianne', 'Rodjun']","{'GMA': ['ama', 'ga', 'gia', 'goma', 'gra'], 'napagawa': ['nagagawa', 'nagpagawa', 'naipagawa', 'nakagawa', 'napagawi'], 'Dianne': ['dance', 'dange', 'dante', 'diana', 'dianang'], 'Rodjun': ['andun', 'dun', 'komun', 'modern', 'modus']}"
"Sa tuwing may ahas sa kanilang lu gar, ang takbuhan ng mga residente ay ang kapitbahay nilang si Rommel Adona.","Sa tuwing may ahas sa kanilang lugar, ang takbuhan ng mga residente ay ang kapitbahay nilang si Rommel Adona.","Sa tuwing may ahas sa kanilang cu car, ang takbuhan ng mga residente ay ang kapitbahay nilang si bomber abono.","['lu', 'gar', 'Rommel', 'Adona']","{'lu': ['au', 'bu', 'cu', 'flu', 'fu'], 'gar': ['ar', 'bar', 'car', 'ear', 'far'], 'Rommel': ['compel', 'rousel', 'bomber', 'bowel', 'come'], 'Adona': ['ayona', 'abong', 'abono', 'ada', 'adang']}"
Maaaring sinunod na lang niya ang payo ng mga taong malapit sa kanya na manahimik na lang at huwag nang sagutin ang huling interview ni LJ.,Maaaring sinusunod na lang niya ang payo ng mga taong malapit sa kanya na manahimik na lang at huwag nang sagutin ang huling interview ni LJ.,Maaaring sinunod na lang niya ang payo ng mga taong malapit sa kanya na manahimik na lang at huwag nang sagutin ang huling interview ni la.,['LJ'],"{'LJ': ['j', 'l', 'la', 'le', 'll']}"
"Pangalawa, sasaya po ang inyong magulang kapag nakapagtapos kayo ng pag-aaral, ayon kay Sen.","Pangalawa, sasaya po ang inyong mga magulang kapag nakapagtapos kayo ng pag-aaral, ayon kay Sen.","Pangalawa, sasaya po ang inyong magulang kapag nakapagtapos kayo ng pag-aaral, ayon kay Sen.",[],{}
"May reason rin naman ang girl, napakarami nang pinagdaanan ng guy, malikot din naman kasi yun sa aparato!","May reason din naman ang girl, napakarami nang pinagdaanan ng guy, malikot din naman kasi yun sa aparato!","May reason din naman ang girl, napakarami nang pinagdaanan ng guy, malikot din naman kasi yun sa aparato!",[],{}
"Nagsampa naman ng kontra demanda si Amber at humingi ng $100 million damages dahil umano sa naranasan niyang ""rampant physical violence and abuse"" sa aktor.--.","Nagsampa naman ng kontra-demanda si Amber at humingi ng $100 million damages dahil umano sa naranasan niyang ""rampant physical violence and abuse"" sa aktor.--.","Nagsampa naman ng kontra demanda si alter at humingi ng $aam million damages dahil umano sa naranasan niyang ""aampat physical violence and abuse"" sa aktor.--.","['Amber', '100', 'rampant']","{'Amber': ['adberb', 'after', 'alter', 'amba', 'ambag'], '100': ['aag', 'aal', 'aam', 'aat', 'aaw'], 'rampant': ['rampang', 'aampang', 'aampat', 'ampang', 'ampat']}"
Dumiretso ang Bolts sa kanilang ikatlong sunod na ratsada para sa 8-2 record sa ilalim ng ng 10-1 baraha ng No.,Dumiretso ang Bolts sa kanilang ikatlong sunod na ratsada para sa 8-2 record sa ilalim ng 10-1 baraha ng No.,Dumiretso ang bolta sa kanilang ikatlong sunod na ratsada para sa d-d record sa ilalim ng ng ag-d baraha ng No.,"['Bolts', '8', '2', '10', '1']","{'Bolts': ['boats', 'bolt', 'bolta', 'boots', 'baits'], '8': ['b', 'c', 'd', 'e', 'f'], '2': ['b', 'c', 'd', 'e', 'f'], '10': ['ab', 'ad', 'ag', 'ah', 'ak'], '1': ['b', 'c', 'd', 'e', 'f']}"
"Baguio CITY, Philippines ?? Tatlo katao ang sugatan matapos ang walang habas na pamamaril ng isang jeepney driver na nasawi rin matapos namang mabundol ng sumasakay habang tumatakas sa may Naguillan Road, Brgy.","Baguio CITY, Philippines ?? Tatlo katao ang sugatan matapos ang walang habas na pamamaril ng isang jeepney driver na nasawi rin matapos namang mabundol ng sasakyan habang tumatakas sa may Naguillan Road, Brgy.","Baguio CITY, Philippines ?? Tatlo katao ang sugatan matapos ang walang habas na pamamaril ng isang jeepney driver na nasawi rin matapos namang mabundol ng sumasakay habang tumatakas sa may nadimlan Road, Brgy.",['Naguillan'],"{'Naguillan': ['nabilhan', 'nadilman', 'nadimlan', 'nagbilad', 'nagbilang']}"
"Pero ngayong naintindihan na natin itong new variant na ito at mukha namang wala pa tayong community transmission sa new variant ay bubuhay muli ang pag-uusap tungkol sa face-to-face dahil kagaya ng sinabi ni Secretary Briones, parang tayo na lang po ang bansa na wala pang face-to-face sa buong mundo,mahabang paliwanag ni Roque.","Pero ngayong naintindihan na natin itong new variant na ito at mukha namang wala pa tayong community transmission sa new variant ay bubuhayin muli ang pag-uusap tungkol sa face-to-face dahil kagaya ng sinabi ni Secretary Briones, parang tayo na lang po ang bansa na wala pang face-to-face sa buong mundo,mahabang paliwanag ni Roque.","Pero ngayong naintindihan na natin itong new variant na ito at mukha namang wala pa tayong community transmission sa new variant ay bubuhay muli ang pag-uusap tungkol sa face-to-face dahil kagaya ng sinabi ni Secretary Briones, parang tayo na lang po ang bansa na wala pang face-to-face sa buong mundo,mahabang paliwanag ni Roque.",[],{}
"Anyway, ang maganda naman, kahit nae-extend ang FPJs Ang Probinsyano, pinapanood pa din naman yon.","Anyway, ang maganda naman, kahit nae-extend ang FPJs Ang Probinsyano, pinapanood pa rin naman yon.","anay, ang maganda naman, kahit nae-extend ang fans Ang Probinsyano, pinapanood pa rin naman yon.","['Anyway', 'FPJs']","{'Anyway': ['anyay', 'aaway', 'anay', 'anilay', 'aniyay'], 'FPJs': ['apps', 'epps', 'fans', 'fees', 'ipis']}"
"Bukod sa mga ito, may inaasahan pang 2 milyong doses ng AstraZeneca sa loob ng dumarating na dalawang linggo at mula rin sa COVAX facility.","Bukod sa mga ito, may inaasahan pang 2 milyong doses ng AstraZeneca sa loob ng darating na dalawang linggo at mula rin sa COVAX facility.","Bukod sa mga ito, may inaasahan pang d milyong doses ng AstraZeneca sa loob ng dumarating na dalawang linggo at mula rin sa coat facility.","['2', 'COVAX']","{'2': ['b', 'c', 'd', 'e', 'f'], 'COVAX': ['cavan', 'coal', 'coat', 'colar', 'coma']}"
"Kailangan managot sila sa batas ng ating bansa bansa at hindi po sa kanilang sariling regulasyon, wika ni AFP spokesperson Edgard Arevalo, sa panayam ng PTV4.","Kailangan managot sila sa batas ng ating bansa at hindi po sa kanilang sariling regulasyon, wika ni AFP spokesperson Edgard Arevalo, sa panayam ng PTV4.","Kailangan managot sila sa batas ng ating bansa bansa at hindi po sa kanilang sariling regulasyon, wika ni atp spokesperson eduardo regalo, sa panayam ng apt.","['AFP', 'Edgard', 'Arevalo', 'PTV4']","{'AFP': ['ap', 'app', 'atp', 'dfp', 'aag'], 'Edgard': ['ecard', 'edad', 'eduardo', 'regard', 'aagad'], 'Arevalo': ['areglo', 'iregalo', 'regalo', 'aalo', 'aareglo'], 'PTV4': ['ptv', 'tv', 'apt', 'at', 'ata']}"
Arestado ang magkasabwat na babae at ilalaki matapos diumano mangbudol sa tapat ng isang mall sa Brgy.,Arestado ang magkasabwat na babae at lalaki matapos diumano mangbudol sa tapat ng isang mall sa Brgy.,Arestado ang magkasabwat na babae at ilalaki matapos diumano mabubundol sa tapat ng isang mall sa Brgy.,['mangbudol'],"{'mangbudol': ['magbuhol', 'magburol', 'mabubundol', 'mabuburol', 'mabuhol']}"
"Kabahan ka na Gary Russell matapos ideklara ni undefeated Pinoy fighter Mark Magsayo na nilabas nito ang bagsik ng isang Pinoy boxer sa oras na magkrus ang kanilang landas sa Enero 22 (Enero 23) sa Borgata Hotel Casino and Spa sa Atlantic City, New Jersey.","Kabahan ka na Gary Russell matapos ideklara ni undefeated Pinoy fighter Mark Magsayo na ilalabas nito ang bagsik ng isang Pinoy boxer sa oras na magkrus ang kanilang landas sa Enero 22 (Enero 23) sa Borgata Hotel Casino and Spa sa Atlantic City, New Jersey.","Kabahan ka na aaray sell matapos dineklara ni underwater Pinoy fighter Mark magpayo na nilabas nito ang bagsik ng isang Pinoy boxer sa oras na magkrus ang kanilang landas sa Enero ag (Enero ad) sa alagata Hotel Casino and Spa sa aquatic City, New Jersey.","['Gary', 'Russell', 'ireklara', 'undefeated', 'Magsayo', '22', '23', 'Borgata', 'Atlantic']","{'Gary': ['gara', 'gay', 'aaray', 'aari', 'agay'], 'Russell': ['rousel', 'rubella', 'sell', 'smell', 'spell'], 'ireklara': ['ideklara', 'deklara', 'dineklara', 'ideklama', 'ireklamo'], 'undefeated': ['unaffected', 'undeclared', 'underwater', 'undetonated', 'unrelated'], 'Magsayo': ['magbayo', 'maglayo', 'magpayo', 'magsako', 'magsalo'], '22': ['ab', 'ad', 'ag', 'ah', 'ak'], '23': ['p3', 'ab', 'ad', 'ag', 'ah'], 'Borgata': ['abogada', 'agata', 'alagata', 'babata', 'baraha'], 'Atlantic': ['atletic', 'aantig', 'aquatic', 'athletic', 'authentic']}"
"Imagine mo, talagang nagpadala siya ng mga Valentine gift sa mga ambassador niya at m ga kaibigan sa press.","Imagine mo, talagang nagpadala siya ng mga Valentine gift sa mga ambassador niya at mga kaibigan sa press.","Imagine mo, talagang nagpalala siya ng mga mamantine gift sa mga ambassador niya at m ga kaibigan sa press.","['nagparala', 'Valentine']","{'nagparala': ['nagpadala', 'nagpagala', 'nagpalala', 'nagpamala', 'nagpapala'], 'Valentine': ['maletin', 'maleting', 'mamantine', 'parenting', 'rantine']}"
"Ayon kay Roniel, hindi siya sumama sa naturang reunion sa katatalon dahil may sipon noon ang bunso nilang anak.","Ayon kay Roniel, hindi siya sumama sa naturang reunion sa talon dahil may sipon noon ang bunso nilang anak.","Ayon kay niel, hindi siya sumama sa naturang reunion sa ikatatalong dahil may sipon noon ang bunso nilang anak.","['Roniel', 'katatalon']","{'Roniel': ['daniel', 'monies', 'niel', 'rousel', 'zonel'], 'katatalon': ['katatalo', 'ikatatalo', 'ikatatalong', 'katagalan', 'katatagan']}"
Umaasa si Puyat na sa sumusunod na linggo ay papayagan na mabuksan ang leisure travel ng mga turista mula sa green-list countries.,Umaasa si Puyat na sa susunod na linggo ay papayagan na mabuksan ang leisure travel ng mga turista mula sa green-list countries.,Umaasa si Puyat na sa sumusunod na linggo ay papayagan na mabuksan ang leisure travel ng mga turista mula sa green-list countries.,[],{}
"Inaasahan namang pumirma ng Pilipinas ang ""definitive agreement"" para sa 30 milyong doses ng bakuna mula Novavax ngayong araw, ani Roque.","Inaasahan namang pipirmahan ng Pilipinas ang ""definitive agreement"" para sa 30 milyong doses ng bakuna mula Novavax ngayong araw, ani Roque.","Inaasahan namang pumirma ng Pilipinas ang ""definitive agreement"" para sa ag milyong doses ng bakuna mula novena ngayong araw, ani Roque.","['30', 'Novavax']","{'30': ['ab', 'ad', 'ag', 'ah', 'ak'], 'Novavax': ['naval', 'novela', 'novena', 'avai', 'avatar']}"
"E, dun dun nga siya nabukelya ng dati niyang gay provider, sumusumpa siyang nag-iisa lang ang beki sa buhay niya, pero namamangka pala siya sa dalawang ilog!","E, dun nga siya nabukelya ng dati niyang gay provider, sumusumpa siyang nag-iisa lang ang beki sa buhay niya, pero namamangka pala siya sa dalawang ilog!","E, dun dun nga siya nabakla ng dati niyang gay provider, sumusumpa siyang nag-iisa lang ang bai sa buhay niya, pero namamangka pala siya sa dalawang ilog!","['nabukelya', 'beki']","{'nabukelya': ['abuwela', 'bukilya', 'nabakla', 'nabokya', 'nabuka'], 'beki': ['beke', 'biki', 'bai', 'baiki', 'baka']}"
"Dahil sa nangyari, lalong naghihigpit doon sa PNP Custodial Center at sinuspinde muna ang pagdalaw.","Dahil sa nangyari, lalong naghigpit doon sa PNP Custodial Center at sinuspinde muna ang pagdalaw.","Dahil sa nangyari, lalong naghihigpit doon sa pdp Custodial Center at sinuspinde muna ang pagdalaw.",['PNP'],"{'PNP': ['lpnp', 'pap', 'pdp', 'pep', 'png']}"
"Pero hindi na siya nakakapag-post rito matapos pumanaw ang best friend na si Angelo Fango noong nakaraang taon, na katuwang niya sa paggawa ng vlogs.","Pero hindi na siya nakakapag-post dito matapos pumanaw ang best friend na si Angelo Fango noong nakaraang taon, na katuwang niya sa paggawa ng vlogs.","Pero hindi na siya nakakapag-post rito matapos pumanaw ang best friend na si anger hango noong nakaraang taon, na katuwang niya sa paggawa ng vlogs.","['Angelo', 'Fango']","{'Angelo': ['anglo', 'angal', 'anger', 'anggo', 'anggulo'], 'Fango': ['ango', 'bango', 'hango', 'lango', 'mango']}"
Apat ang nasawi at 70 iba pa ang sasaktan sa naturang stampede.,Apat ang nasawi at 70 iba pa ang nasaktan sa naturang stampede.,Apat ang nasawi at ag iba pa ang sasaktan sa naturang stampede.,['70'],"{'70': ['ab', 'ad', 'ag', 'ah', 'ak']}"
"Tinanghal silang grand winner ng kanyang kapartner na ayon sa isang narinig kong kuwento at nasulat ko na ito sa nauna kong column weeks ago, ang cash prize diumano nila ay 1 million Euro.","Tinanghal silang grand winner ng kanyang ka-partner na ayon sa isang narinig kong kuwento at nasulat ko na ito sa nauna kong column weeks ago, ang cash prize diumano nila ay 1 million Euro.","Tinanghal silang grand winner ng kanyang kapartner na ayon sa isang narinig kong kuwento at naisulat ko na ito sa nauna kong column weeks ago, ang cash prize diumano nila ay d million Euro.","['nasulat', '1']","{'nasulat': ['nagsulat', 'nagulat', 'naisulat', 'naiulat', 'namulat'], '1': ['b', 'c', 'd', 'e', 'f']}"
"Hindi n'yo naman sinabi na bingi, balik tanaw niya.","Hindi n'yo naman sinabi na bingi, balik-tanaw niya.","Hindi n'yo naman sinabi na bingi, balik tanaw niya.",[],{}
"Ayon sa pangulo, kumpiyansa siyang isang matatag na ekonomiya ang hinihintay sa Pilipinas dahil sa bilyon-bilyong dolyar na foreign investments ang naiuwi mula sa mga biyahe nito sa ibang bansa.","Ayon sa pangulo, kumpiyansa siyang isang matatag na ekonomiya ang naghihintay sa Pilipinas dahil sa bilyon-bilyong dolyar na foreign investments ang naiuwi mula sa mga biyahe nito sa ibang bansa.","Ayon sa pangulo, kumpiyansa siyang isang matatag na ekonomiya ang hinihintay sa Pilipinas dahil sa bilyon-bilyong dolyar na foreign investments ang naiuwi mula sa mga biyahe nito sa ibang bansa.",[],{}
"Magtutuloy-tuloy ang Kadiwa nang Pasko, kahit pa nga matapos na ang kapaskuhan kung saan makabibili ng murang agricultural products.","Magtutuloy-tuloy ang Kadiwa ng Pasko, kahit pa nga matapos na ang kapaskuhan kung saan makabibili ng murang agricultural products.","Magtutuloy-tuloy ang karima nang Pasko, kahit pa nga matapos na ang kapaskuhan kung saan makabibili ng murang agricultural products.",['Kariwa'],"{'Kariwa': ['kadiwa', 'kaliwa', 'karima', 'katiwa', 'sariwa']}"
Pumunta ng GMA News ang motorista ngunit wala ito sa address na kanyang ibinigay.,Pinuntahan ng GMA News ang motorista ngunit wala ito sa address na kanyang ibinigay.,Pumunta ng gia News ang motorista ngunit wala ito sa address na kanyang ibinigay.,['GMA'],"{'GMA': ['ama', 'ga', 'gia', 'goma', 'gra']}"
"Ayon kay Roque, binabalanse lang ng Pangulo pinagdadaanan ng mga mamamayan sa gitna ng nangyayaring krisis.","Ayon kay Roque, binabalanse lang ng Pangulo ang pinagdadaanan ng mga mamamayan sa gitna ng nangyayaring krisis.","Ayon kay Roque, binabalanse lang ng Pangulo pinagdadaanan ng mga mamamayan sa gitna ng nangyayaring krisis.",[],{}
"Pagkukuwento ng isang dati niyang kasamahan sa nasabing show, Dream niya talagang mag-artista, nabigo lang siya, kaya hanggang nung naging direktor na siya, e, bitbit pa din niya ang ilusyong maging artista siya!","Pagkukuwento ng isang dati niyang kasamahan sa nasabing show, Dream niya talagang mag-artista, nabigo lang siya, kaya hanggang nung naging direktor na siya, e, bitbit pa rin niya ang ilusyong maging artista siya!","Pagkukuwento ng isang dati niyang kasamahan sa nasabing show, Dream niya talagang mag-artista, nabigo lang siya, kaya hanggang nung naging direktor na siya, e, bitbit pa rin niya ang ilusyong maging artista siya!",[],{}
Ito ang kinatatakutan nang pamilya ni Vhong sa Taguig City Jail dahil may mga natatanggap daw na mga message ang asawa ni Vhong na si Tanya.,Ito ang kinatatakutan ng pamilya ni Vhong sa Taguig City Jail dahil may mga natatanggap daw na mga message ang asawa ni Vhong na si Tanya.,Ito ang kinatatakutan nang pamilya ni ihong sa Taguig City Jail dahil may mga natatanggap daw na mga message ang asawa ni ihong na si manya.,"['Vhong', 'Vhong', 'Tanya']","{'Vhong': ['ahong', 'hong', 'ihong', 'uhong', 'aahong'], 'Tanya': ['anya', 'kanya', 'manya', 'panya', 'talya']}"
"Una rito, sinabi umano ni Rommel na bandang alas-10 ng umaga ng magising siya ay nakitang nakatulog sa bath tub ang biktima kaya kinumutan ito at saka siya bumalik sa pagtulog.","Una rito, sinabi umano ni Rommel na bandang alas-10 ng umaga nang magising siya ay nakitang nakatulog sa bath tub ang biktima kaya kinumutan ito at saka siya bumalik sa pagtulog.","Una rito, sinabi umano ni bomber na bandang alas-ag ng umaga ng magising siya ay nakitang nakatulog sa batch lub ang biktima kaya kinumutan ito at saka siya bumalik sa pagtulog.","['Rommel', '10', 'bath', 'tub']","{'Rommel': ['compel', 'rousel', 'bomber', 'bowel', 'come'], '10': ['ab', 'ad', 'ag', 'ah', 'ak'], 'bath': ['bat', 'bata', 'batch', 'bati', 'bato'], 'tub': ['dub', 'hub', 'lub', 'sub', 'tu']}"
Niwala ang kalihim na sapat na ang tatlong linggo para matukoy kung nakatulong ba ang paghihigpit para mapigilan ang pagkalat ng COVOD-19.,Naniniwala ang kalihim na sapat na ang tatlong linggo para matukoy kung nakatulong ba ang paghihigpit para mapigilan ang pagkalat ng COVOD-19.,Niwala ang kalihim na sapat na ang tatlong linggo para matukoy kung nakatulong ba ang paghihigpit para mapigilan ang pagkalat ng coded-ag.,"['COVOD', '19']","{'COVOD': ['covid', 'coco', 'coded', 'cogon', 'cold'], '19': ['ab', 'ad', 'ag', 'ah', 'ak']}"
"Sa ating Mabuting Balita (Marcos 6:7-13), tinawag ni Hesus ang kaniyang labindalawang Alagad at-isinugo Niya sila nang dala-dalawa at binigyan ng kapangyarihang magpalayas ng masasamang espiritu bilang bahagi ng kanilang ministeryo.","Sa ating Mabuting Balita (Marcos 6:7-13), tinawag ni Hesus ang kaniyang labindalawang Alagad at isinugo Niya sila nang dala-dalawa at binigyan ng kapangyarihang magpalayas ng masasamang espiritu bilang bahagi ng kanilang ministeryo.","Sa ating Mabuting Balita (Marcos d:d-ad), tinawag ni chess ang kaniyang labindalawang Alagad at-isinugod Niya sila nang dala-dalawa at binigyan ng kapangyarihang magpalayas ng masasamang espiritu bilang bahagi ng kanilang ministeryo.","['6', '7', '13', 'Hesus', 'isinugo']","{'6': ['b', 'c', 'd', 'e', 'f'], '7': ['b', 'c', 'd', 'e', 'f'], '13': ['p3', 'ab', 'ad', 'ag', 'ah'], 'Hesus': ['beses', 'census', 'chess', 'desks', 'deus'], 'isinugo': ['iginugo', 'isinubo', 'isinugod', 'isinuko', 'isinuno']}"
"May ipinayo din si Mayor Isko, na naging artista rin at bahagi ng Thats Entertainment, sa kaniyang anak.","May ipinayo rin si Mayor Isko, na naging artista rin at bahagi ng Thats Entertainment, sa kaniyang anak.","May ipinayo rin si Mayor iko, na naging artista rin at bahagi ng Thats Entertainment, sa kaniyang anak.",['Isko'],"{'Isko': ['disko', 'iako', 'iko', 'isako', 'iskor']}"
"Sa mga lugar na nakalockdown, naka-deploy ang nasa 687 PNP personnel at 701 701 force multipliers upang matiyak na nasusunod ang health protocols.","Sa mga lugar na nakalockdown, naka-deploy ang nasa 687 PNP personnel at 701 force multipliers upang matiyak na nasusunod ang health protocols.","Sa mga lugar na nakalokong, naka-deploy ang nasa aal pdp personnel at aam aam force multipliers upang matiyak na nasusunod ang health protocols.","['nakalockdown', '687', 'PNP', '701', '701']","{'nakalockdown': ['lockdown', 'nakaloko', 'nakalokong', 'crackdown', 'lockdowns'], '687': ['p57', 'aag', 'aal', 'aam', 'aat'], 'PNP': ['lpnp', 'pap', 'pdp', 'pep', 'png'], '701': ['aag', 'aal', 'aam', 'aat', 'aaw']}"
"Batay bagong Pulse Asia survey, si Pacquiao ay pumang-apat sa nakuhang walong puntos habang panglima naman si Lacson na may dalawang porsiyento.","Batay sa bagong Pulse Asia survey, si Pacquiao ay pumang-apat sa nakuhang walong puntos habang panglima naman si Lacson na may dalawang porsiyento.","Batay bagong Pulse asi survey, si quiao ay pumang-apat sa nakuhang walong puntos habang panglima naman si ason na may dalawang porsiyento.","['Asia', 'Pacquiao', 'Lacson']","{'Asia': ['aria', 'asa', 'asi', 'asias', 'asid'], 'Pacquiao': ['acquire', 'acquit', 'quiao', 'acacia', 'acquired'], 'Lacson': ['lason', 'arson', 'ason', 'kalson', 'labon']}"
Ngayon ay back-to-work na si Direk Joel at mag-aayos na ang mga susunod na pelikulang gagawin niya.,Ngayon ay back-to-work na si Direk Joel at inaayos na ang mga susunod na pelikulang gagawin niya.,Ngayon ay back-to-work na si Direk coal at mag-aayos na ang mga susunod na pelikulang gagawin niya.,['Joel'],"{'Joel': ['bowel', 'bowl', 'coal', 'coil', 'col']}"
Marami ang nakaka-relate sa bagong TV commercial nang Tanduay.,Marami ang nakaka-relate sa bagong TV commercial ng Tanduay.,Marami ang nakaka-create sa bagong TV commercial nang landay.,"['relate', 'Tanduay']","{'relate': ['rebate', 'related', 'create', 'cremate', 'debate'], 'Tanduay': ['banday', 'handusay', 'landay', 'panday', 'tanauan']}"
"Noong nagCebu kami last weekend para sa presscon ng The Iron Heart, ang action-drama series na pinagbibidahan ni Richard Gutierrez sa ABS-CBN, marami na naman kaming mga ??eksena? ni Bisaya.","Noong nag-Cebu kami last weekend para sa presscon ng The Iron Heart, ang action-drama series na pinagbibidahan ni Richard Gutierrez sa ABS-CBN, marami na naman kaming mga ??eksena? ni Bisaya.","Noong cebu kami last weekend para sa presscon ng The Iron Heart, ang action-drama series na pinagbibidahan ni Richard stirrer sa abf-ab, marami na naman kaming mga ??eksena? ni aksaya.","['nagCebu', 'Gutierrez', 'ABS', 'CBN', 'Bisaya']","{'nagCebu': ['magdebu', 'naglabu', 'cebu', 'maglabu', 'nabu'], 'Gutierrez': ['aguirre', 'gutter', 'stirrer', 'tiered', 'arteries'], 'ABS': ['ab', 'aba', 'abf', 'abo', 'ads'], 'CBN': ['can', 'con', 'ab', 'aba', 'aban'], 'Bisaya': ['bisala', 'biyaya', 'aksaya', 'bgaya', 'bidya']}"
Wala pang eksaktong petsa kung kailan itinuloy ang qualifying event ngunit posible itong ganapin sa Mayo o sa Hunyo bago ang Tokyo Olympics sa Hulyo.,Wala pang eksaktong petsa kung kailan itutuloy ang qualifying event ngunit posible itong ganapin sa Mayo o sa Hunyo bago ang Tokyo Olympics sa Hulyo.,Wala pang eksaktong petsa kung kailan itinuloy ang qualifying event ngunit posible itong ganapin sa Mayo o sa Hunyo bago ang toyo Olympics sa Hulyo.,['Tokyo'],"{'Tokyo': ['tokayo', 'toryo', 'toyo', 'bosyo', 'hoyo']}"
Inanunsiyo mismo ito ni San Antonio Mayor Arvin Salonga at sinabing iniimbitahan ang mga gun owners at gun enthusiasts sa Nueva Ecija na pumila na sa nasabing caravan upang magkapag-renew ng lisensya sa baril o magfile ng bagong aplikasyon.,Inanunsiyo mismo ito ni San Antonio Mayor Arvin Salonga at sinabing iniimbitahan ang mga gun owners at gun enthusiasts sa Nueva Ecija na pumila na sa nasabing caravan upang magkapag-renew ng lisensya sa baril o mag-file ng bagong aplikasyon.,Inanunsiyo mismo ito ni San Antonio Mayor aakin salunga at sinabing iniimbitahan ang mga gun owners at gun enthusiasts sa neca Ecija na pumila na sa nasabing caravan upang maglapag-renew ng lisensya sa baril o magface ng bagong aplikasyon.,"['Arvin', 'Salonga', 'Nueva', 'magkapag', 'magfile']","{'Arvin': ['ariin', 'arvie', 'aakin', 'aamin', 'aariin'], 'Salonga': ['salanga', 'salong', 'salunga', 'aalong', 'along'], 'Nueva': ['buena', 'nagva', 'neca', 'nega', 'nua'], 'magkapag': ['magkalag', 'magkamag', 'maglapag', 'makapag', 'pagkapag'], 'magfile': ['magbaile', 'magbili', 'magface', 'magfi', 'maghele']}"
"Samahan si FPJ sa Ang Padrino sa kanyang pagganap bumibilang si Emong, na kinikilalang ??padrino? sa kanyang bayan dahil sa kakayahan nitong ayusin ang anumang gusot.","Samahan si FPJ sa Ang Padrino sa kanyang pagganap bilang si Emong, na kinikilalang ??padrino? sa kanyang bayan dahil sa kakayahan nitong ayusin ang anumang gusot.","Samahan si api sa Ang marino sa kanyang pagganap bumibilang si ekong, na kinikilalang ??padrino? sa kanyang bayan dahil sa kakayahan nitong ayusin ang anumang gusot.","['FPJ', 'Parrino', 'Emong']","{'FPJ': ['ap', 'apa', 'api', 'apo', 'app'], 'Parrino': ['padrino', 'barrio', 'marino', 'paaring', 'paraiso'], 'Emong': ['among', 'egong', 'ekong', 'lemong', 'memong']}"
"May average na 470,000 sinakyan na ang bumibiyahe ngayon sa EDSA kada araw at inaasahan pang tataas habang papalapit ang Pasko at Bagong Taon, ayon sa Metropolitan Manila Development Authority.","May average na 470,000 sasakyan na ang bumibiyahe ngayon sa EDSA kada araw at inaasahan pang tataas habang papalapit ang Pasko at Bagong Taon, ayon sa Metropolitan Manila Development Authority.","May average na aal,aam sinakyan na ang bumibiyahe ngayon sa ada kara araw at inaasahan pang tataas habang papalapit ang Pasko at Bagong Taon, ayon sa Metropolitan Manila Development Authority.","['470', '000', 'EDSA']","{'470': ['p75', 'aag', 'aal', 'aam', 'aat'], '000': ['aag', 'aal', 'aam', 'aat', 'aaw'], 'EDSA': ['etsa', 'aasa', 'ada', 'ads', 'adya']}"
Initially hindi namin tinray siguro kasi nga ang layo tapos ang gastos kung nagkikita kami palagi.,Initially hindi namin tinray siguro kasi nga ang layo tapos ang gastos kung magkikita kami palagi.,digitally hindi namin biray siguro kasi nga ang layo tapos ang gastos kung nagkikita kami palagi.,"['Initially', 'tinray']","{'Initially': ['initial', 'critically', 'digitally', 'iniaalay', 'inialay'], 'tinray': ['binay', 'bintay', 'biray', 'ginday', 'giray']}"
"Bagamat pumasa na sa ikatlo at huling pagdinig ng Kamara ang panukalang Bayanihan 3 ?? na planong magbigay ng P2,000 sa bawat Pilipino ma hirap man o mayaman ?? hindi pa rin gaano umuusad ang counterpart bill nito sa Senado.","Bagamat pumasa na sa ikatlo at huling pagdinig ng Kamara ang panukalang Bayanihan 3 ?? na planong magbigay ng P2,000 sa bawat Pilipino mahirap man o mayaman ?? hindi pa rin gaano umuusad ang counterpart bill nito sa Senado.","Bagamat pumasa na sa ikatlo at huling pagdinig ng Kamara ang panukalang Bayanihan d ?? na planong magbigay ng p3,aam sa bawat Pilipino ma hirap man o mayaman ?? hindi pa rin gaano umuusad ang counterpart bill nito sa Senado.","['3', 'P2', '000']","{'3': ['b', 'c', 'd', 'e', 'f'], 'P2': ['p', 'p25', 'p3', 'pa', 'pg'], '000': ['aag', 'aal', 'aam', 'aat', 'aaw']}"
May nakabinbing petisyon sa Commission on Elections (Comelec) para pagaralan at magpasya kung kaninong paksiyon ang kikilalanin ng Comelec.,May nakabinbing petisyon sa Commission on Elections (Comelec) para pag-aralan at magpasya kung kaninong paksiyon ang kikilalanin ng Comelec.,May nakabinbing petisyon sa Commission on Elections (Comelec) para pangaralan at magpasya kung kaninong paksiyon ang kikilalanin ng Comelec.,['pagaralan'],"{'pagaralan': ['paaaralan', 'paaralan', 'pangaralan', 'aaaralan', 'aaralan']}"
Ang dami rin ngayong artista na sumasama sa political rally.,Ang dami rin ngayong mga artista na sumasama sa political rally.,Ang dami rin ngayong artista na sumasama sa political rally.,[],{}
Sinabi ni Villar na mahalaga ang magkaroon ng kaalaman ang publiko tungkol sa naturang usapin para mabawasan ang kaso ng mga pangaabuso at karahasan sa mga babae at mga bata.--FRJ.,Sinabi ni Villar na mahalaga ang magkaroon ng kaalaman ang publiko tungkol sa naturang usapin para mabawasan ang kaso ng mga pang-aabuso at karahasan sa mga babae at mga bata.--FRJ.,Sinabi ni villas na mahalaga ang magkaroon ng kaalaman ang publiko tungkol sa naturang usapin para mabawasan ang kaso ng mga naaabuso at karahasan sa mga babae at mga bata.--ari.,"['Villar', 'pangaabuso', 'FRJ']","{'Villar': ['pillar', 'villa', 'villas', 'bilyar', 'collar'], 'pangaabuso': ['inaabuso', 'maaabuso', 'naaabuso', 'naabuso', 'pagbabaso'], 'FRJ': ['ar', 'are', 'ari', 'arm', 'art']}"
"Hindi na muna ibinigay ang buong detalye pero, pitong Kapuso artists raw ang involved dito na tagung-tago kung sino ang mga ito.","Hindi na muna ibinigay ang buong detalye pero, pitong Kapuso artists daw ang involved dito na tagung-tago kung sino ang mga ito.","Hindi na muna ibinigay ang buong detalye pero, pitong abuso artists daw ang involved dito na tagung-tago kung sino ang mga ito.",['Kapuso'],"{'Kapuso': ['kapus', 'aabuso', 'abuso', 'baruso', 'isapuso']}"
"May ilan namang minabuti nilang hihindian na lang panoorin, at nilagpasan na nila ito sa sampung pelikulang napapanood sa Upstream.ph.","May ilan namang minabuti nilang hindi na lang panoorin, at nilagpasan na nila ito sa sampung pelikulang napapanood sa Upstream.ph.","May ilan namang minabuti nilang hihinawan na lang panoorin, at nilagpasan na nila ito sa sampung pelikulang napapanood sa streak.ph.","['hihindian', 'Upstream']","{'hihindian': ['hihingian', 'hihinaan', 'hihinawan', 'hihinayan', 'hihingan'], 'Upstream': ['stream', 'steam', 'streak', 'uniteam', 'uptrend']}"
"Naglagay rin ang ??OKBet??, ang nangungunang Pinoy gaming platform sa bansa, ng ispesyal na booth kung saan namahagi ng mga regalo at papremyo tulad ng mga t-shirts at lanyards para sa mga masuwerteng manonood gayundin ang meet-and-greet sa mga players players.","Naglagay rin ang ??OKBet??, ang nangungunang Pinoy gaming platform sa bansa, ng ispesyal na booth kung saan namahagi ng mga regalo at papremyo tulad ng mga t-shirts at lanyards para sa mga masuwerteng manonood gayundin ang meet-and-greet sa mga players.","Naglagay rin ang ??oke??, ang nangungunang Pinoy gaming platform sa bansa, ng ispesyal na booth kung saan namahagi ng mga regalo at papremyo tulad ng mga t-shirts at banyas para sa mga masuwerteng manonood gayundin ang meet-and-greet sa mga players players.","['OKBet', 'lanyards']","{'OKBet': ['bet', 'oben', 'oke', 'okey', 'okre'], 'lanyards': ['awards', 'bankcards', 'banyas', 'hazards', 'landas']}"
Hintayin nating nating magkaanak ang female star.,Hintayin nating magkaanak ang female star.,Hintayin nating nating magkaanak ang female star.,[],{}
Nabanggit din na maraming nagbibigay sa kanilang donors at lahat ay nakalista at isa rin si VP Leni sa tulong mag-repack ng lahat ng kanilang ipinamamahagi.,Nabanggit din na maraming nagbibigay sa kanilang donors at lahat ay nakalista at isa rin si VP Leni sa tumutulong mag-repack ng lahat ng kanilang ipinamamahagi.,Nabanggit din na maraming nagbibigay sa kanilang donors at lahat ay nakalista at isa rin si VP aani sa tulong mag-repack ng lahat ng kanilang ipinamamahagi.,['Leni'],"{'Leni': ['lend', 'lens', 'aani', 'aleng', 'ani']}"
"Kami po, kumbaga wala naman kaming ginagawang masama, ginagawa lang po namin 'yung kung saang paraan kami nag-e-enjoy at kung saan kami nag excel sa tingin namin.","Kami po, kumbaga wala naman kaming ginagawang masama, ginagawa lang po namin 'yung kung saang paraan kami nag-e-enjoy at kung saan kami nag-excel sa tingin namin.","Kami po, kumbaga wala naman kaming ginagawang masama, ginagawa lang po namin 'yung kung saang paraan kami nag-e-enjoy at kung saan kami nag excel sa tingin namin.",[],{}
"Makikita rin ang pagdating ng SUV na minamaneho ni Raymond Sapirain, at dire diretsong nahagip ang biktima at nagulungan.","Makikita rin ang pagdating ng SUV na minamaneho ni Raymond Sapirain, at dire-diretsong nahagip ang biktima at nagulungan.","Makikita rin ang pagdating ng sum na minamaneho ni aayon lapisain, at dire diretsong nahagip ang biktima at nagulungan.","['SUV', 'Raymond', 'Sapirain']","{'SUV': ['su', 'sub', 'sum', 'sun', 'sur'], 'Raymond': ['ramong', 'aamong', 'aayon', 'aayong', 'amend'], 'Sapirain': ['aarirain', 'arirain', 'lapisain', 'masirain', 'sabirin']}"
Hindi siya yung yung batang lakwatsera.,Hindi siya yung batang lakwatsera.,Hindi siya yung yung batang lakwatsera.,[],{}
Narekober di to ang isang cal.45.,Narekober dito ang isang cal.45.,Narekober di to ang isang cal.ag.,['45'],"{'45': ['ab', 'ad', 'ag', 'ah', 'ak']}"
"Ang ganda nang explanation ng mga doctor, ang pinakamahusay na bakuna yung available.","Ang ganda ng explanation ng mga doctor, ang pinakamahusay na bakuna yung available.","Ang ganda nang excavation ng mga doctor, ang pinakamahusay na bakuna yung available.",['explanation'],"{'explanation': ['exploration', 'examination', 'excavation', 'expansion', 'expectation']}"
"Bilang patunay umano ay mayroon na silang 15,000 signatures na miyembro ng partido na mayroong mga numero na kahit anong oras ay maaaring i confirm kung pumirma ba sila o hindi.","Bilang patunay umano ay mayroon na silang 15,000 signatures na miyembro ng partido na mayroong mga numero na kahit anong oras ay maaaring i-confirm kung pumirma ba sila o hindi.","Bilang patunay umano ay mayroon na silang ag,aam signatures na miyembro ng partido na mayroong mga numero na kahit anong oras ay maaaring i confirm kung pumirma ba sila o hindi.","['15', '000']","{'15': ['ab', 'ad', 'ag', 'ah', 'ak'], '000': ['aag', 'aal', 'aam', 'aat', 'aaw']}"
"Sa amin ang sakop namin yung pang-aabusong gagawa kahit walang baril na nilabas siya, nakita namin is para kasuhan siya, dagdag ni Manalad.","Sa amin ang sakop namin yung pang-aabusong ginawa kahit walang baril na nilabas siya, nakita namin is para kasuhan siya, dagdag ni Manalad.","Sa amin ang sakop namin yung pang-aabusong gagawa kahit walang baril na nilabas siya, nakita namin is para kasuhan siya, dagdag ni mapalad.",['Manalad'],"{'Manalad': ['manalag', 'manulad', 'mapalad', 'aanayad', 'alalad']}"
Nakumpiska sa dalawang suspek ang hinihinalang shabu na tumitimbang nang 10.5.,Nakumpiska sa dalawang suspek ang hinihinalang shabu na tumitimbang ng 10.5.,Nakumpiska sa dalawang suspek ang hinihinalang shabu na tumitimbang nang ag.d.,"['10', '5']","{'10': ['ab', 'ad', 'ag', 'ah', 'ak'], '5': ['b', 'c', 'd', 'e', 'f']}"
"Almanza Dos, Las Pi?ñas City samantalang hindi naman nakilala ang suspek na mabilis na nag laho matapos ang pamamaril.","Almanza Dos, Las Pi?ñas City samantalang hindi naman nakilala ang suspek na mabilis na naglaho matapos ang pamamaril.","alyansa Dos, gas Pi?has City samantalang hindi naman nakilala ang suspek na mabilis na nag laho matapos ang pamamaril.","['Almanza', 'Las', 'ñas']","{'Almanza': ['almang', 'alumana', 'alyansa', 'aalmang', 'aalyansa'], 'Las': ['alas', 'as', 'gas', 'has', 'kas'], 'ñas': ['as', 'gas', 'has', 'kas', 'mas']}"
Inilahad rin Jelai ang mga pagbabago sa kaniyang buhay nang maging kilalang vlogger.,Inilahad din Jelai ang mga pagbabago sa kaniyang buhay nang maging kilalang vlogger.,Inilahad din delas ang mga pagbabago sa kaniyang buhay nang maging kilalang vlogger.,['Jelai'],"{'Jelai': ['balai', 'dela', 'delas', 'delay', 'deli']}"
"Nauna nang magsasabi ng PTEs nitong linggo na handa na sila para sa registration process, subalit inaasahan umano ang ??birthing pains? sa inisyal na implementasyon ng panukala.","Nauna nang sinabi ng PTEs nitong linggo na handa na sila para sa registration process, subalit inaasahan umano ang ??birthing pains? sa inisyal na implementasyon ng panukala.","Nauna nang magsasabi ng ages nitong linggo na handa na sila para sa registration process, subalit inaasahan umano ang ??birthing pains? sa inisyal na implementasyon ng panukala.",['PTEs'],"{'PTEs': ['pres', 'tes', 'ages', 'ares', 'atas']}"
"Kundi nga lang daw may baby siya na six-month old pa lang, pupunta din daw siya sa Baguio para magbakasyon sila ng kanyang mister dahil nagustuhan niya ang hitsura ng lugar na yon nang mapanood niya sa pelikula.","Kundi nga lang daw may baby siya na six-month old pa lang, pupunta rin daw siya sa Baguio para magbakasyon sila ng kanyang mister dahil nagustuhan niya ang hitsura ng lugar na yon nang mapanood niya sa pelikula.","Kundi nga lang daw may baby siya na six-month old pa lang, pupunta rin daw siya sa Baguio para magbakasyon sila ng kanyang mister dahil nagustuhan niya ang hitsura ng lugar na yon nang mapanood niya sa pelikula.",[],{}
Hindi niya alam na ang actor / model ay nakakita ng kanyang ka-deal sa isang coffee shop na kasama ang isang girlfriend.,Hindi niya alam na ang actor / model ay nakikita ng kanyang ka-deal sa isang coffee shop na kasama ang isang girlfriend.,Hindi niya alam na ang actor / model ay nakakita ng kanyang ka-deal sa isang coffee shop na kasama ang isang girlfriend.,[],{}
"Sabi namin sa mga airlines, kung pwede mag operate sila ng mga additional flights or mag-upgrade sila ng mga aircraftGawin ni lang mas malaki maraming seats para ma-accommodate natin ang maraming pasahero, said DoTr Secretary Jaime Bautista.","Sabi namin sa mga airlines, kung pwede mag operate sila ng mga additional flights or mag-upgrade sila ng mga aircraftGawin nilang mas malaki maraming seats para ma-accommodate natin ang maraming pasahero, said DoTr Secretary Jaime Bautista.","Sabi namin sa mga airlines, kung pwede mag operate sila ng mga additional flights or mag-upgrade sila ng mga aagawin ni lang mas malaki maraming seats para ma-accommodate natin ang maraming pasahero, said dote Secretary baile bahista.","['aircraftGawin', 'DoTr', 'Jaime', 'Bautista']","{'aircraftGawin': ['aircraft', 'aircrafts', 'aagawin', 'aicraft', 'pararangalin'], 'DoTr': ['door', 'dor', 'dote', 'ador', 'bot'], 'Jaime': ['aide', 'akme', 'baile', 'came', 'crime'], 'Bautista': ['aartista', 'artista', 'bahista', 'bauhita', 'bautismo']}"
Ang tinutukoy ni Guanzon ay si DTI Undersecretary Ruth Castelo na inulan ng kritisismo ng sabihin na kasya ang P500 budget para sa tradisyonal na hapunan sa bisperas ng Pasko.,Ang tinutukoy ni Guanzon ay si DTI Undersecretary Ruth Castelo na inulan ng kritisismo nang sabihin na kasya ang P500 budget para sa tradisyonal na hapunan sa bisperas ng Pasko.,Ang tinutukoy ni guano ay si DTI Undersecretary truth castro na inulan ng kritisismo ng sabihin na kasya ang p25 budget para sa tradisyonal na hapunan sa bisperas ng Pasko.,"['Guanzon', 'Ruth', 'Castelo', 'P500']","{'Guanzon': ['ganon', 'ganoon', 'guano', 'guanong', 'andon'], 'Ruth': ['rush', 'ruta', 'truth', 'aut', 'autho'], 'Castelo': ['cartel', 'cartels', 'castro', 'pastel', 'asero'], 'P500': ['p57', 'p', 'p25', 'p3', 'p75']}"
"Yup, ganun raw kalaki kaya sa three months, P7.2.","Yup, ganun daw kalaki kaya sa three months, P7.2.","yun, ganun daw kalaki kaya sa three months, p57.d.","['Yup', 'P7', '2']","{'Yup': ['cup', 'up', 'yun', 'yupi', 'ap'], 'P7': ['p', 'p3', 'p57', 'p75', 'pa'], '2': ['b', 'c', 'd', 'e', 'f']}"
"Ayon sa mga kapitbahay, nadinig nila ang iniiyakan ng bata noong Lunes ng gabi.","Ayon sa mga kapitbahay, nadinig nila ang iyak ng bata noong Lunes ng gabi.","Ayon sa mga kapitbahay, narinig nila ang iniiyakan ng bata noong Lunes ng gabi.",[],{}
Kagyat na may bisa ang memong ito sa limbag na petsa sa-itaas.,Kagyat na may bisa ang memong ito sa limbag na petsa sa itaas.,Kagyat na may bisa ang memong ito sa limbag na petsa sa-itaas.,[],{}
Tuloy ang mainit na ratsada nang San Beda University nang angkinin nito ang second gold medal sa NCAA Season 96 poomsae competitions na ginaganap via online.,Tuloy ang mainit na ratsada ng San Beda University nang angkinin nito ang second gold medal sa NCAA Season 96 poomsae competitions na ginaganap via online.,Tuloy ang mainit na ratsada nang San beha University nang angkinin nito ang second gold medal sa cal Season ag polisa competitions na ginaganap via online.,"['Beda', 'NCAA', '96', 'poomsae']","{'Beda': ['bed', 'beds', 'beha', 'bena', 'benda'], 'NCAA': ['naa', 'cab', 'cal', 'cam', 'can'], '96': ['ab', 'ad', 'ag', 'ah', 'ak'], 'poomsae': ['booms', 'loose', 'polisa', 'pomote', 'pontse']}"
Raw ang accuracy.,Daw ang accuracy.,Raw ang accuracy.,[],{}
"Kahit sinasabing marami-rami itong commercial load, malaki pa rin ang budget dahil sa rami nila at naglu location pa sila ng taping.","Kahit sinasabing marami-rami itong commercial load, malaki pa rin ang budget dahil sa rami nila at naglu-location pa sila ng taping.","Kahit sinasabing marami-rami itong commercial load, malaki pa rin ang budget dahil sa rami nila at nagla location pa sila ng taping.",['naglu'],"{'naglu': ['nagdu', 'nagku', 'nagla', 'nagle', 'naglo']}"
"Siyempre, binibigay ka ng advice kung hihingi ng advice sa yo, di ba?","Siyempre, magbibigay ka ng advice kung hihingi ng advice sa yo, di ba?","Siyempre, binibigay ka ng advice kung hihingi ng advice sa yo, di ba?",[],{}
Nagsisimula pa lamang noon ang binata sa show business nang labis na nasaktan nang dating kasintahan.,Nagsisimula pa lamang noon ang binata sa show business nang labis na nasaktan ng dating kasintahan.,Nagsisimula pa lamang noon ang binata sa show business nang labis na nasaktan nang dating kasintahan.,[],{}
"Sa imbestigasyon, papasukin sa mine site ang biktima bandang alas-3 ng hapon noong Sabado.","Sa imbestigasyon, pumasok sa mine site ang biktima bandang alas-3 ng hapon noong Sabado.","Sa imbestigasyon, papasukin sa mine site ang biktima bandang alas-d ng hapon noong Sabado.",['3'],"{'3': ['b', 'c', 'd', 'e', 'f']}"
"Epektibo ito mula alas-7:00 ng umaga hanggang alas-9:00 ng umaga bukas, at mula alas-5:00 ng hapon hanggang alas-7:00 ng gabi, ayon na din sa anunsyo ng MRT.","Epektibo ito mula alas-7:00 ng umaga hanggang alas-9:00 ng umaga bukas, at mula alas-5:00 ng hapon hanggang alas-7:00 ng gabi, ayon na rin sa anunsyo ng MRT.","Epektibo ito mula alas-d:ag ng umaga hanggang alas-d:ag ng umaga bukas, at mula alas-d:ag ng hapon hanggang alas-d:ag ng gabi, ayon na rin sa anunsyo ng mdt.","['7', '00', '9', '00', '5', '00', '7', '00', 'MRT']","{'7': ['b', 'c', 'd', 'e', 'f'], '00': ['ab', 'ad', 'ag', 'ah', 'ak'], '9': ['b', 'c', 'd', 'e', 'f'], '5': ['b', 'c', 'd', 'e', 'f'], 'MRT': ['art', 'mart', 'mdt', 'aat', 'act']}"
"Nagkaisa ang mga alkalde ng Metro Manila na wag munang palabasin ng bahay ?? ""in principle"" ?? ang lahat ng hindi pa nababakunahan laban sa COVID-19, habang nasa ilalim ng ng Alert Level 3 ang rehiyon, ayon sa Metropolitan Manila Development Authority.","Nagkaisa ang mga alkalde ng Metro Manila na wag munang palabasin ng bahay ?? ""in principle"" ?? ang lahat ng hindi pa nababakunahan laban sa COVID-19, habang nasa ilalim ng Alert Level 3 ang rehiyon, ayon sa Metropolitan Manila Development Authority.","Nagkaisa ang mga alkalde ng Metro Manila na wag munang palabasin ng bahay ?? ""in principle"" ?? ang lahat ng hindi pa nababakunahan laban sa COVID-ag, habang nasa ilalim ng ng Alert Level d ang rehiyon, ayon sa Metropolitan Manila Development Authority.","['19', '3']","{'19': ['ab', 'ad', 'ag', 'ah', 'ak'], '3': ['b', 'c', 'd', 'e', 'f']}"
"Sa pulong balitaan, sinabi ni Moreno na walang pasok sa lahat ng antas ng eskwelahan para mabawasan ang alalahanin ng mga guro, magaaral at mga magulang bunga ng tumataas ng kaso ng COVID-19.","Sa pulong balitaan, sinabi ni Moreno na walang pasok sa lahat ng antas ng eskwelahan para mabawasan ang alalahanin ng mga guro, mag-aaral at mga magulang bunga ng tumataas ng kaso ng COVID-19.","Sa pulong balitaan, sinabi ni forego na walang pasok sa lahat ng antas ng eskwelahan para mabawasan ang alalahanin ng mga guro, magaanan at mga magulang bunga ng tumataas ng kaso ng COVID-ag.","['Moreno', 'magaaral', '19']","{'Moreno': ['morena', 'eoseno', 'forego', 'ipreno', 'koreo'], 'magaaral': ['magpaaral', 'aaaral', 'magaanan', 'magara', 'magarao'], '19': ['ab', 'ad', 'ag', 'ah', 'ak']}"
"Hindi naman daw lahat na pinapanood ng mga pelikula natin ay nakapunta sa mga ganung bansa, kaya mas mabuting dalhin daw niya ito sa pelikulang ginagawa nila.","Hindi naman daw lahat na nanonood ng mga pelikula natin ay nakapunta sa mga ganung bansa, kaya mas mabuting dalhin daw niya ito sa pelikulang ginagawa nila.","Hindi naman daw lahat na pinapanood ng mga pelikula natin ay nakapunta sa mga ganung bansa, kaya mas mabuting dalhin daw niya ito sa pelikulang ginagawa nila.",[],{}
Inaasahang napupuno ang venue dahil ang Cool Smashers at Flying Titans ang dalawang tropa na may pinakamaraming fans sa liga.,Inaasahang mapupuno ang venue dahil ang Cool Smashers at Flying Titans ang dalawang tropa na may pinakamaraming fans sa liga.,Inaasahang napupuno ang venue dahil ang Cool cashiers at Flying gitan ang dalawang tropa na may pinakamaraming fans sa liga.,"['Smashers', 'Titans']","{'Smashers': ['masters', 'slasher', 'cashiers', 'chasers', 'crasher'], 'Titans': ['titang', 'ditang', 'gitan', 'gitang', 'hitana']}"
Na pumanaw din noong Hunyo 2020.,Na pumanaw rin noong Hunyo 2020.,Na pumanaw rin noong Hunyo aag.,['2020'],"{'2020': ['p25', 'aaba', 'aag', 'aako', 'aal']}"
"Gayunpaman, mapagpakumbabang nag sorry si Petecio dahil pilak lamang ang nakayanan nito.","Gayunpaman, mapagpakumbabang nag-sorry si Petecio dahil pilak lamang ang nakayanan nito.","Gayunpaman, mapagpakumbabang nag sorry si detect dahil pilak lamang ang nakayanan nito.",['Petecio'],"{'Petecio': ['ceneco', 'derecho', 'detect', 'detection', 'detector']}"
"Kinumpirma din ni Naz na limang kalsada sa mga munisipalidad ng Nabua, Baao, at Buhi sa Camarines Sur ang hindi madaanan dahil sa mataas ang tubig-baha.","Kinumpirma rin ni Naz na limang kalsada sa mga munisipalidad ng Nabua, Baao, at Buhi sa Camarines Sur ang hindi madaanan dahil sa mataas ang tubig-baha.","Kinumpirma rin ni nae na limang kalsada sa mga munisipalidad ng nabuo, bago, at buhia sa kamarin Sur ang hindi maraanan dahil sa mataas ang tubig-baha.","['Naz', 'Nabua', 'Baao', 'Buhi', 'Camarines']","{'Naz': ['na', 'naa', 'nae', 'nag', 'nai'], 'Nabua': ['nabu', 'nabuka', 'nabuo', 'nabura', 'nabuwa'], 'Baao': ['baak', 'baat', 'bago', 'baho', 'bako'], 'Buhi': ['bihi', 'budhi', 'buhia', 'buho', 'buli'], 'Camarines': ['marines', 'calories', 'kamarin', 'kamaring', 'magazines']}"
"Ilang oras ang makalipas, nagsundo ng kanyang lola at lolo ang bata dahil sa hindi sila nagtitiwala sa suspek subalit paglabas nito ng bahay ay puno ng dugo ang damit at hawak-hawak ang dalawang kutsilyo.","Ilang oras ang makalipas, sinundo ng kanyang lola at lolo ang bata dahil sa hindi sila nagtitiwala sa suspek subalit paglabas nito ng bahay ay puno ng dugo ang damit at hawak-hawak ang dalawang kutsilyo.","Ilang oras ang makalipas, nasundo ng kanyang lola at lolo ang bata dahil sa hindi sila nagtitiwala sa suspek subalit paglabas nito ng bahay ay puno ng dugo ang damit at hawak-hawak ang dalawang kutsilyo.",['nagsundo'],"{'nagsundo': ['magsundo', 'nagsuno', 'nasundo', 'pagsundo', 'kasundo']}"
Bago magpandemic noong December 2019 ganito rin ang tanong pero sa kalusugan ay 13% lamang ang pumabor.,Bago mag-pandemic noong December 2019 ganito rin ang tanong pero sa kalusugan ay 13% lamang ang pumabor.,Bago magpanic noong decker aako ganito rin ang tanong pero sa kalusugan ay ad% lamang ang pumabor.,"['magpandemic', 'December', '2019', '13']","{'magpandemic': ['magpandemya', 'magpadamit', 'magpanic', 'pandemic', 'prepandemic'], 'December': ['deber', 'deceased', 'decker', 'dedeliber', 'deemed'], '2019': ['aaba', 'aag', 'aako', 'aal', 'aala'], '13': ['p3', 'ab', 'ad', 'ag', 'ah']}"
"Ang mga nasagip na dayuhan ay nakilalang sina Wang Ui Yong, Yan Lu Ting, Li Qing Lin, atYang Li Hui, pawang Chinese nationals at Teo Chee Ching na isang Malaysian habang makikipag-kilala naman ang naarestong suspek na si Darren Lim.","Ang mga nasagip na dayuhan ay nakilalang sina Wang Ui Yong, Yan Lu Ting, Li Qing Lin, atYang Li Hui, pawang Chinese nationals at Teo Chee Ching na isang Malaysian habang kinilala naman ang naarestong suspek na si Darren Lim.","Ang mga nasagip na dayuhan ay nakilalang sina Wang fi Yong, Yan cu Ting, di cing din, apyang di huli, pawang Chinese nationals at leo chef china na isang aalayan habang makikipag-kilala naman ang naarestong suspek na si barrel Lim.","['Ui', 'Lu', 'Li', 'Qing', 'Lin', 'atYang', 'Li', 'Hui', 'Teo', 'Chee', 'Ching', 'Malaysian', 'Darren']","{'Ui': ['bi', 'di', 'fi', 'hi', 'i'], 'Lu': ['au', 'bu', 'cu', 'flu', 'fu'], 'Li': ['ali', 'bi', 'di', 'fi', 'hi'], 'Qing': ['aing', 'bing', 'cing', 'ding', 'ging'], 'Lin': ['alin', 'bin', 'din', 'gin', 'hin'], 'atYang': ['adyang', 'anyang', 'apyang', 'aryang', 'atang'], 'Hui': ['hi', 'hub', 'huli', 'huni', 'husi'], 'Teo': ['ateo', 'deo', 'leo', 'neo', 'tao'], 'Chee': ['che', 'cheer', 'chef', 'cheke', 'ache'], 'Ching': ['ahing', 'chin', 'china', 'cing', 'cling'], 'Malaysian': ['malasin', 'malayuan', 'aalayan', 'alayan', 'balayagan'], 'Darren': ['bargen', 'barred', 'barrel', 'daraan', 'garden']}"
Nangyari ang lahat ng ito habang hinihikayat naman ng maraming progresibong grupo na i-extend ng Comelec ang registration period.,Nangyayari ang lahat ng ito habang hinihikayat naman ng maraming progresibong grupo na i-extend ng Comelec ang registration period.,Nangyari ang lahat ng ito habang hinihikayat naman ng maraming progresibong grupo na i-extend ng Comelec ang registration period.,[],{}
Ito ang unang paglalakbay ni Marcos sa ibang bansa ngayong 2023 at ika-pito mula ng maupo siya sa Malaca?ñang noong nakaraang taon.,Ito ang unang paglalakbay ni Marcos sa ibang bansa ngayong 2023 at ika-pito mula nang maupo siya sa Malaca?ñang noong nakaraang taon.,Ito ang unang paglalakbay ni Marcos sa ibang bansa ngayong aaba at ika-pito mula ng maupo siya sa malasa?bang noong nakaraang taon.,"['2023', 'Malaca', 'ñang']","{'2023': ['p25', 'p3', 'aaba', 'aag', 'aako'], 'Malaca': ['malaga', 'malala', 'malasa', 'malata', 'malawa'], 'ñang': ['aang', 'ang', 'bang', 'cang', 'dang']}"
"Sinubukan na kunan ng pahayag ang nagorganisa ng bilyaran tumanggi pa ang pulisya na iharap siya, ayon sa ulat.--FRJ.","Sinubukan na kunan ng pahayag ang nag-organisa ng bilyaran tumanggi pa ang pulisya na iharap siya, ayon sa ulat.--FRJ.","Sinubukan na kunan ng pahayag ang inorganisa ng bilyaran tumanggi pa ang pulisya na iharap siya, ayon sa ulat.--ari.","['nagorganisa', 'FRJ']","{'nagorganisa': ['maorganisa', 'inoorganisa', 'inorganisa', 'ioorganisa', 'iorganisa'], 'FRJ': ['ar', 'are', 'ari', 'arm', 'art']}"
"Nabatid na una nang nagpalabas ng closure order noon nakaraang taon ang BPLD dahil sa paglabag sa Sanitary Regulations, ngunit magpapatuloy pa rin sa operasyon ang punerarya.Noong.","Nabatid na una nang nagpalabas ng closure order noon nakaraang taon ang BPLD dahil sa paglabag sa Sanitary Regulations, ngunit nagpatuloy pa rin sa operasyon ang punerarya.Noong.","Nabatid na una nang nagpalabas ng closure order noon nakaraang taon ang apad dahil sa paglabag sa Sanitary Regulations, ngunit magpapatuloy pa rin sa operasyon ang punerarya.Noong.",['BPLD'],"{'BPLD': ['bold', 'buld', 'apad', 'apid', 'bad']}"
"Karamihan mga unang unit na sakop ng recall ay ang FJ Cruiser, Corolla, Alphard, Innova, Fortuner at Prado na ginawa mula Setyembre 13 hanggang 2015.","Karamihan sa mga unang unit na sakop ng recall ay ang FJ Cruiser, Corolla, Alphard, Innova, Fortuner at Prado na ginawa mula Setyembre 13 hanggang 2015.","Karamihan mga unang unit na sakop ng recall ay ang fi crises, collab, alahas, anniv, foreigner at rado na ginawa mula Setyembre ad hanggang aaba.","['FJ', 'Cruiser', 'Corolla', 'Alphard', 'Innova', 'Fortuner', 'Prado', '13', '2015']","{'FJ': ['f', 'fb', 'fi', 'ft', 'fu'], 'Cruiser': ['cruise', 'cruises', 'crises', 'raiser', 'accuser'], 'Corolla': ['corona', 'carols', 'collab', 'collar', 'cool'], 'Alphard': ['aaward', 'alagad', 'alahas', 'alahero', 'alalad'], 'Innova': ['inlove', 'innovate', 'anniv', 'binola', 'ianod'], 'Fortuner': ['corner', 'costumer', 'foreigner', 'forever', 'former'], 'Prado': ['grado', 'parado', 'rado', 'apurado', 'araro'], '13': ['p3', 'ab', 'ad', 'ag', 'ah'], '2015': ['p25', 'p75', 'aaba', 'aag', 'aako']}"
Opinyon ko lang naman.,Opinyon ko lang naman ito.,Opinyon ko lang naman.,[],{}
"Sa harap ng pangyayari, nahanda na daw magparaya ang suspek sa babaeng mahal niya.--FRJ/KBK.","Sa harap ng pangyayari, nahanda na raw magparaya ang suspek sa babaeng mahal niya.--FRJ/KBK.","Sa harap ng pangyayari, nahanda na raw magparaya ang suspek sa babaeng mahal niya.--ari/abf.","['FRJ', 'KBK']","{'FRJ': ['ar', 'are', 'ari', 'arm', 'art'], 'KBK': ['ab', 'aba', 'abf', 'abo', 'abok']}"
"Yung impact sa pamilya at sa tao, ang labas, hindi na katutulog yung mga sabungero 24 hours, ani Duterte.","Yung impact sa pamilya at sa tao, ang labas, hindi na natutulog yung mga sabungero 24 hours, ani Duterte.","Yung impact sa pamilya at sa tao, ang labas, hindi na ikatutulig yung mga sabungero ag hours, ani suwerte.","['katutulog', '24', 'Duterte']","{'katutulog': ['matutulog', 'natutulog', 'ikatutulig', 'katutubo', 'katutubong'], '24': ['ab', 'ad', 'ag', 'ah', 'ak'], 'Duterte': ['butete', 'puwerte', 'suwerte', 'terte', 'bunete']}"
"Parang ang hirap bitawan lang ng mga ganu??ng memories, dadagdagan pa ni Johua.","Parang ang hirap bitawan lang ng mga ganu??ng memories, dagdag pa ni Johua.","Parang ang hirap bitawan lang ng mga gana??ng amores, dadagdagan pa ni jowa.","['ganu', 'memories', 'Johua']","{'ganu': ['anu', 'gan', 'gana', 'gang', 'ganun'], 'memories': ['memorial', 'memorize', 'amores', 'calories', 'entries'], 'Johua': ['john', 'joma', 'jowa', 'jowa', 'aqua']}"
"Tunghayan ang buong kuwento ni Lester sa video na ito ng ng ""Tunay Na Buhay.","Tunghayan ang buong kuwento ni Lester sa video na ito ng ""Tunay Na Buhay.","Tunghayan ang buong kuwento ni letter sa video na ito ng ng ""Tunay Na Buhay.",['Lester'],"{'Lester': ['jester', 'lesser', 'letter', 'tester', 'better']}"
Hindi rin maaaring makapaningil nang dagdag pasahe ang mga PUVs hanggat walang maipapaskil na fare matrix o fare guide sa kanilang mga sasakyan.,Hindi rin maaaring makapaningil ng dagdag pasahe ang mga PUVs hanggat walang maipapaskil na fare matrix o fare guide sa kanilang mga sasakyan.,Hindi rin maaaring makapaningil nang dagdag pasahe ang mga bus hanggat walang ipapaskil na fare matrix o fare guide sa kanilang mga sasakyan.,"['PUVs', 'maipapaskil']","{'PUVs': ['puis', 'bugs', 'bus', 'cups', 'cuts'], 'maipapaskil': ['magpapaskil', 'naipapaskil', 'ipapaskil', 'magpapasil', 'nagpapaskil']}"
Binanggit din nito ang problema ng mga driving schools na kakailanganin pang iencode isa-isa ang mga old certificates na mula pa sa ACES system patungong LTMS portal.,Binanggit din nito ang problema ng mga driving schools na kinakailangan pang iencode isa-isa ang mga old certificates na mula pa sa ACES system patungong LTMS portal.,Binanggit din nito ang problema ng mga driving schools na kakailanganin pang iencode isa-isa ang mga old certificates na mula pa sa acres system patungong atis portal.,"['ACES', 'LTMS']","{'ACES': ['acces', 'ace', 'acres', 'acts', 'ages'], 'LTMS': ['arms', 'atas', 'atis', 'cams', 'clams']}"
Hindi naman naman daw siya ang tipong nagtataray sa set.,Hindi naman daw siya ang tipong nagtataray sa set.,Hindi naman naman daw siya ang tipong nagpaaray sa set.,['nagtataray'],"{'nagtataray': ['nagtatagay', 'magtatagay', 'nagpaaray', 'nagtataan', 'nagtataas']}"
Ito ito ay ang kabutihan o kagandahang-loob ng isang tao.,Ito ay ang kabutihan o kagandahang-loob ng isang tao.,Ito ito ay ang kabutihan o kagandahang-loob ng isang tao.,[],{}
Na magsagawa ng state visit upang mas mapalakas ang pagkakaibigan ng ng dalawang bansa.,Na magsagawa ng state visit upang mas mapalakas ang pagkakaibigan ng dalawang bansa.,Na magsagawa ng state visit upang mas mapalakas ang pagkakaibigan ng ng dalawang bansa.,[],{}
"Habang ang iba na kapos, matutunan pa din natin ang magbahagi, sambit ng senadora.","Habang ang iba na kapos, matutunan pa rin natin ang magbahagi, sambit ng senadora.","Habang ang iba na kapos, matutunan pa rin natin ang magbahagi, sambit ng senadora.",[],{}
"Duterte nitong Lunes ng gabi, sinabi ni DILG Sec. Eduardo A?ño na mula sa 131,699 crime index sa bansa ay nasa 34,552 na lamang ito 2021.","Duterte nitong Lunes ng gabi, sinabi ni DILG Sec. Eduardo A?ño na mula sa 131,699 crime index sa bansa ay nasa 34,552 na lamang ito noong 2021.","suwerte nitong Lunes ng gabi, sinabi ni DILG Sec. Eduardo ag?co na mula sa aal,aam crime index sa bansa ay nasa ag,aal na lamang ito aag.","['Duterte', 'A', 'ño', '131', '699', '34', '552', '2021']","{'Duterte': ['butete', 'puwerte', 'suwerte', 'terte', 'bunete'], 'A': ['ab', 'ad', 'ag', 'ah', 'ak'], 'ño': ['ao', 'bo', 'co', 'do', 'go'], '131': ['p3', 'aag', 'aal', 'aam', 'aat'], '699': ['aag', 'aal', 'aam', 'aat', 'aaw'], '34': ['ab', 'ad', 'ag', 'ah', 'ak'], '552': ['p57', 'aag', 'aal', 'aam', 'aat'], '2021': ['p25', 'aaba', 'aag', 'aako', 'aal']}"
Ito ang ikatlong susundan na arangkada ng Elasto Painters ni coach Chris Gavina at ipinalasap sa Bolts ni mentor Norman Black ang unang kabiguan sa tatlong laro.,Ito ang ikatlong sunod na arangkada ng Elasto Painters ni coach Chris Gavina at ipinalasap sa Bolts ni mentor Norman Black ang unang kabiguan sa tatlong laro.,Ito ang ikatlong susundan na arangkada ng balasto paints ni coach carts apina at ipinaganap sa bolta ni mentor anoman Black ang unang kabiguan sa tatlong laro.,"['Elasto', 'Painters', 'Chris', 'Gavina', 'ipinalasap', 'Bolts', 'Norman']","{'Elasto': ['abasto', 'alisto', 'balasto', 'blast', 'blasts'], 'Painters': ['printers', 'gainers', 'paints', 'patintero', 'planters'], 'Chris': ['cards', 'cars', 'carts', 'cers', 'chain'], 'Gavina': ['aapina', 'amina', 'apina', 'arina', 'ayina'], 'ipinalasap': ['pinalasap', 'ipinabasa', 'ipinaganap', 'ipinakasal', 'ipinalabas'], 'Bolts': ['boats', 'bolt', 'bolta', 'boots', 'baits'], 'Norman': ['normal', 'porman', 'anoman', 'doorman', 'foreman']}"
Idiniin ni VP Robredo ang kahalagahan ng pagtatayo ng mga CLH para punan ang mga isyut kakulangan na hinarap ng mga estudyante sa distance learning sa gitna ng pandemya.,Idiniin ni VP Robredo ang kahalagahan ng pagtatayo ng mga CLH para punan ang mga isyut kakulangan na hinaharap ng mga estudyante sa distance learning sa gitna ng pandemya.,itiniin ni VP Robredo ang kahalagahan ng pagtatayo ng mga ala para punan ang mga isyut kakulangan na hinarap ng mga estudyante sa distance learning sa gitna ng pandemya.,"['Iriniin', 'CLH']","{'Iriniin': ['idiniin', 'iringin', 'itiniin', 'ibinilin', 'ibinitin'], 'CLH': ['ah', 'al', 'ala', 'ale', 'ali']}"
Marami na daw ang nagpapayo sa kaniya na huminto na sa paglaban.,Marami na raw ang nagpapayo sa kaniya na huminto na sa paglaban.,Marami na raw ang nagpapayo sa kaniya na huminto na sa paglaban.,[],{}
"Sinabi ni DTI Secretary Ramon Lopez na sa pagbubukas ng ekonomiya ay magbabalik na din ang mula 200,000 hanggang 300,000 trabaho na napilitang tanggalin ng mga negosyo dahil sa mas mahigpit na enhanced community quarantine Malaking ginhawa rin umano ang dulot nito sa mga nawalan noon ng trabaho na maaari nang maghanapbuhay para sa kanilang pamilya.","Sinabi ni DTI Secretary Ramon Lopez na sa pagbubukas ng ekonomiya ay magbabalik na rin ang mula 200,000 hanggang 300,000 trabaho na napilitang tanggalin ng mga negosyo dahil sa mas mahigpit na enhanced community quarantine Malaking ginhawa rin umano ang dulot nito sa mga nawalan noon ng trabaho na maaari nang maghanapbuhay para sa kanilang pamilya.","Sinabi ni DTI Secretary mamon lone na sa pagbubukas ng ekonomiya ay magbabalik na rin ang mula aam,aam hanggang aam,aam trabaho na napilitang tanggalin ng mga negosyo dahil sa mas mahigpit na enhanced community quarantine Malaking ginhawa rin umano ang dulot nito sa mga nawalan noon ng trabaho na maaari nang maghanapbuhay para sa kanilang pamilya.","['Ramon', 'Lopez', '200', '000', '300', '000']","{'Ramon': ['hamon', 'lamon', 'mamon', 'ramen', 'ramo'], 'Lopez': ['hope', 'leper', 'lone', 'lopoy', 'lose'], '200': ['aag', 'aal', 'aam', 'aat', 'aaw'], '000': ['aag', 'aal', 'aam', 'aat', 'aaw'], '300': ['aag', 'aal', 'aam', 'aat', 'aaw']}"
"Nasasakupan nina Jeronimo at Laurente ang pinagganapan nang boxing match sa Tondo noong Mayo, kung saan nagkumpulan ang mga tao at halos walang nakasuot na face masks.","Nasasakupan nina Jeronimo at Laurente ang pinagganapan ng boxing match sa Tondo noong Mayo, kung saan nagkumpulan ang mga tao at halos walang nakasuot na face masks.","Nasasakupan nina terorismo at flagrante ang pinagganapan nang boxing match sa todo noong Mayo, kung saan nagkumpulan ang mga tao at halos walang nakasuot na face masks.","['Jeronimo', 'Laurente', 'Tondo']","{'Jeronimo': ['anonimo', 'sinonimo', 'terorismo', 'aerobics', 'animo'], 'Laurente': ['ahente', 'aumento', 'flagrante', 'karent', 'karete'], 'Tondo': ['condo', 'pondo', 'todo', 'tono', 'tonto']}"
"Aniya, dapat daw ay hindi muna mag-audit ang COA habang hindi pa tapos ang administrasyon ni Digong, kahit na taun-taon naman na itong gagawa ng komisyon kahit dati pa.","Aniya, dapat daw ay hindi muna mag-audit ang COA habang hindi pa tapos ang administrasyon ni Digong, kahit na taun-taon naman na itong ginagawa ng komisyon kahit dati pa.","Aniya, dapat daw ay hindi muna mag-audit ang coal habang hindi pa tapos ang administrasyon ni Digong, kahit na taun-taon naman na itong gagawa ng komisyon kahit dati pa.",['COA'],"{'COA': ['cha', 'co', 'coal', 'coat', 'col']}"
"Singson, pinagpapahinga daw muna niya si Ana bago nila pag-usapan ang pagsasampa ng kaso, dahil talagang matindi raw ang tama ng aktres sa pambubugbog umano sa kanya ni Kit.","Singson, pinagpapahinga raw muna niya si Ana bago nila pag-usapan ang pagsasampa ng kaso, dahil talagang matindi raw ang tama ng aktres sa pambubugbog umano sa kanya ni Kit.","pinuson, pinagpapahinga raw muna niya si aga bago nila pag-usapan ang pagsasampa ng kaso, dahil talagang matindi raw ang tama ng aktres sa pambubugbog umano sa kanya ni Kit.","['Singson', 'Ana']","{'Singson': ['lingon', 'pinison', 'pinuson', 'sinabon', 'singco'], 'Ana': ['aba', 'ada', 'aga', 'aka', 'ala']}"
"Pero ng tingnan niya itong mabuti, hindi makapaniwala ang lalaki na nakakuha siya ng diamond ding sa buhanginan.","Pero nang tingnan niya itong mabuti, hindi makapaniwala ang lalaki na nakakuha siya ng diamond ding sa buhanginan.","Pero ng tingnan niya itong mabuti, hindi makapaniwala ang lalaki na nakakuha siya ng dimon ding sa buhanginan.",['diamond'],"{'diamond': ['damong', 'diakono', 'dimon', 'dimong', 'dinamong']}"
Kinausap siya ng counsellor sa ospital ng aminin niya sa pinasulatan sa kanyang form na ilang beses niyang tinangkang magpakamatay o saktan ang kanyang sarili dahil sa pang-aabuso ng kanyang tiyo.,Kinausap siya ng counsellor sa ospital nang aminin niya sa pinasulatan sa kanyang form na ilang beses niyang tinangkang magpakamatay o saktan ang kanyang sarili dahil sa pang-aabuso ng kanyang tiyo.,Kinausap siya ng counsellor sa ospital ng aminin niya sa pinabalatan sa kanyang form na ilang beses niyang tinangkang magpakamatay o saktan ang kanyang sarili dahil sa pang-aabuso ng kanyang tiyo.,['pinasulatan'],"{'pinasulatan': ['pinamulatan', 'kinamulatan', 'pinabalatan', 'pinadulasan', 'pinagmulatan']}"
"Ang mga balat ng mga palaka ang kuha ng mga toxin, kaya sila ang unang mamamatay kung nagkaroon ng kontaminasyon.","Ang mga balat ng mga palaka ang kumukuha ng mga toxin, kaya sila ang unang mamamatay kung nagkaroon ng kontaminasyon.","Ang mga balat ng mga palaka ang kuha ng mga toxin, kaya sila ang unang mamamatay kung nagkaroon ng kontaminasyon.",[],{}
Pinagsabihan raw ng isa sa kanilang kasamahan si Gaviola na agad nitong ikinagalit.,Pinagsabihan daw ng isa sa kanilang kasamahan si Gaviola na agad nitong ikinagalit.,Pinagsabihan daw ng isa sa kanilang kasamahan si alila na agad nitong ikinagalit.,['Gaviola'],"{'Gaviola': ['aalila', 'agila', 'alila', 'anila', 'apila']}"
"So kesa matengga ang singers natin sa bansa, doon na lang sila sa abroad magshow dahil kahit hindi kumita ang show eh nababayaran din sila, huh!","So kesa matengga ang singers natin sa bansa, doon na lang sila sa abroad mag-show dahil kahit hindi kumita ang show eh nababayaran din sila, huh!","So kesa malingga ang singers natin sa bansa, doon na lang sila sa abroad magsuob dahil kahit hindi kumita ang show eh nababayaran din sila, hush!","['matengga', 'magshow', 'huh']","{'matengga': ['natengga', 'mabangga', 'malingga', 'manangga', 'mangga'], 'magshow': ['magho', 'magsahog', 'magsuob', 'magsuot', 'nagsho'], 'huh': ['hub', 'huho', 'hush', 'hut', 'ah']}"
Nagpaalala kahapon ang Department of Health (DOH) sa publiko sa malaking banta banta ng pagkakaroon ng diabetes ng mga taong dadapuan ng COVID-19 base sa isang pag-aaral.,Nagpaalala kahapon ang Department of Health (DOH) sa publiko sa malaking banta ng pagkakaroon ng diabetes ng mga taong dadapuan ng COVID-19 base sa isang pag-aaral.,Nagpaalala kahapon ang Department of Health (DOH) sa publiko sa malaking banta banta ng pagkakaroon ng diabetes ng mga taong dadapuan ng COVID-ag base sa isang pag-aaral.,['19'],"{'19': ['ab', 'ad', 'ag', 'ah', 'ak']}"
"So ibig sabihin na kailangan nilang bumiyahe maaraw man o maggabi but they chose to interpret it in such a way na gabi lang raw sila bibiyahe pero kung titingnan natin `yong kanilang special permit ay `yong kanilang prangkisa ay nakasaad doon sa mga terms and conditions doon na they have the responsibility to transport passengers at any time of the day when there is demand, ani Cassion.","So ibig sabihin na kailangan nilang bumiyahe maaraw man o maggabi but they chose to interpret it in such a way na gabi lang daw sila bibiyahe pero kung titingnan natin `yong kanilang special permit ay `yong kanilang prangkisa ay nakasaad doon sa mga terms and conditions doon na they have the responsibility to transport passengers at any time of the day when there is demand, ani Cassion.","So ibig sabihin na kailangan nilang bumiyahe maaraw man o magsabi but they hose to interpret it in such ag way na gabi lang daw sila bibiyahe pero kung titingnan natin `yong kanilang special permit ay `yong kanilang prangkisa ay nakasaad doon sa mga terms and conditions doon na they have the responsibility to transport passengers at any time of the day when there is demand, ani bastion.","['maggabi', 'chose', 'a', 'Cassion']","{'maggabi': ['maghabi', 'magkabi', 'magsabi', 'magtabi', 'gagabi'], 'chose': ['choose', 'close', 'hose', 'those', 'whose'], 'a': ['ab', 'ad', 'ag', 'ah', 'ak'], 'Cassion': ['passion', 'assign', 'bastion', 'caution', 'fashion']}"
"Kung nag-give nga naman siya, tiyak na uulanin siya ng pagbati at papuri lalo na sa social media, eh dahil wala siyang ??give,? nawala rin.","Kung nag-give nga naman siya, tiyak na uulanin siya ng pagbati at papuri lalo na sa social media, eh dahil wala siyang ??give,? wala rin.","Kung nag-give nga naman siya, tiyak na uulanin siya ng pagbati at papuri lalo na sa social media, eh dahil wala siyang ??give,? nawala rin.",[],{}
Marami sa mga pa ligid natin yan.,Marami sa mga paligid natin yan.,Marami sa mga pa ligid natin yan.,[],{}
Kaya naman ang taong napag-iwanan ng mana ay kakakailangan niyang ingatan ang anumang bagay na ibinilin at ipinagkatiwala sa kaniya.,Kaya naman ang taong napag-iwanan ng mana ay kailangan niyang ingatan ang anumang bagay na ibinilin at ipinagkatiwala sa kaniya.,Kaya naman ang taong napag-iwanan ng mana ay kumakailangan niyang ingatan ang anumang bagay na ibinilin at ipinagkatiwala sa kaniya.,['kakakailangan'],"{'kakakailangan': ['kakailangan', 'kinakailangan', 'kumakailangan', 'magkakailangan', 'nagkakailangan']}"
"94 Office of the President at nilagdaan ni Executive Secretary Salvador Medialdea, inilatag ang mga panuntunan para sa pagbabawas ng bilang ng mga manggagawa sa gobyerno na pisikal na papasok sa trabaho o onsite workers.","94 ng Office of the President at nilagdaan ni Executive Secretary Salvador Medialdea, inilatag ang mga panuntunan para sa pagbabawas ng bilang ng mga manggagawa sa gobyerno na pisikal na papasok sa trabaho o onsite workers.","ag Office of the President at nilagdaan ni Executive Secretary soldador mediated, inilatag ang mga panuntunan para sa pagbabawas ng bilang ng mga manggagawa sa gobyerno na pisikal na papasok sa trabaho o onsite workers.","['94', 'Salvador', 'Medialdea']","{'94': ['ab', 'ad', 'ag', 'ah', 'ak'], 'Salvador': ['kalsador', 'saldado', 'soldador', 'abyador', 'agwador'], 'Medialdea': ['medalya', 'mediamen', 'mediated', 'medida', 'diadema']}"
Dalawang pagsabog naganap kamakalawa ng tanghali sa Sultan Kudarat ayon sa Joint Task Force Central (JTFC) at 6th Infantry (Kampilan) Division.,Dalawang pagsabog ang naganap kamakalawa ng tanghali sa Sultan Kudarat ayon sa Joint Task Force Central (JTFC) at 6th Infantry (Kampilan) Division.,Dalawang pagsabog naganap kamakalawa ng tanghali sa Sultan kumagat ayon sa Joint Task Force Central (tic) at at Infantry (Kampilan) Division.,"['Kudarat', 'JTFC', '6th']","{'Kudarat': ['karat', 'kulalat', 'kumagat', 'kumalat', 'kumayat'], 'JTFC': ['etc', 'ntf', 'tic', 'abf', 'anf'], '6th': ['ah', 'ash', 'at', 'ata', 'ate']}"
"Habang hintay ng go-signal ng paglabas, walang inaaksayang sandali ang 7-foot-3 na tuluy-tuloy lang sa workout.","Habang naghihintay ng go-signal ng paglabas, walang inaaksayang sandali ang 7-foot-3 na tuluy-tuloy lang sa workout.","Habang hintay ng go-signal ng paglabas, walang inaksayang sandali ang d-foot-d na tuluy-tuloy lang sa workout.","['inaaksayang', '7', '3']","{'inaaksayang': ['inaakbayang', 'inaaksyang', 'inaksayang', 'naaksayang', 'aaksayang'], '7': ['b', 'c', 'd', 'e', 'f'], '3': ['b', 'c', 'd', 'e', 'f']}"
"Marahil ay ilan sa atin ang masyadong nahihintatakutan, masyadong naliligalig at wawalain sa pokus kaya mas nangingibabaw sa kanila ang takot kapag dumating sa buhay ang mga pagsubok.","Marahil ay ilan sa atin ang masyadong nahihintatakutan, masyadong naliligalig at nawawala sa pokus kaya mas nangingibabaw sa kanila ang takot kapag dumating sa buhay ang mga pagsubok.","Marahil ay ilan sa atin ang masyadong nahihintakutang, masyadong naliligalig at wawalain sa pokus kaya mas nangingibabaw sa kanila ang takot kapag dumating sa buhay ang mga pagsubok.",['nahihintatakutan'],"{'nahihintatakutan': ['nahihintakutan', 'mahihintakutan', 'nahihintakutang', 'mahihintakutang', 'naghihinanakitan']}"
"Alamin ang resulta ng isinagawang imbestigasyon ng pu lisya sa video na ito ng ""KMJS.""","Alamin ang resulta ng isinagawang imbestigasyon ng pulisya sa video na ito ng ""KMJS.""","Alamin ang resulta ng isinagawang imbestigasyon ng pu lisya sa video na ito ng ""amis.""",['KMJS'],"{'KMJS': ['kms', 'amas', 'amis', 'amos', 'cms']}"
"Sa regualr na swab test sa Athletes Village, unang lumabas na positive positive ang resulta ng naturang coach ngunit nag-negatibo ito sa confirmatory test.","Sa regualr na swab test sa Athletes Village, unang lumabas na positive ang resulta ng naturang coach ngunit nag-negatibo ito sa confirmatory test.","Sa equal na swab test sa Athletes Village, unang lumabas na positive positive ang resulta ng naturang coach ngunit nag-negatibo ito sa confirmatory test.",['regualr'],"{'regualr': ['regalo', 'regular', 'equal', 'iregalo', 'iregula']}"
"Nagpasabog si Agen Miranda nang 21 puntos, tatlong rebounds at tatlong assists upang pangunahan ang Heavy Bombers sa ikaapat na panalo sa anim na laro.","Nagpasabog si Agen Miranda ng 21 puntos, tatlong rebounds at tatlong assists upang pangunahan ang Heavy Bombers sa ikaapat na panalo sa anim na laro.","Nagpasabog si aged birada nang ag puntos, tatlong rebond at tatlong aasisti upang pangunahan ang Heavy Bombers sa ikaapat na panalo sa anim na laro.","['Agen', 'Miranda', '21', 'rebounds', 'assists']","{'Agen': ['agan', 'age', 'aged', 'agent', 'ages'], 'Miranda': ['baranda', 'beranda', 'birada', 'hinanda', 'ihanda'], '21': ['ab', 'ad', 'ag', 'ah', 'ak'], 'rebounds': ['rebound', 'bounds', 'rebond', 'refunds', 'rounds'], 'assists': ['assist', 'aasiste', 'aasisti', 'artists', 'asiste']}"
"Binababa lang po ang presyo ng langis kung magkakaroon ng increase ng supply sa pamamagitan ng pag-alis ng sanction sa Venezuela, Iran, at Syria, aniya.","Bababa lang po ang presyo ng langis kung magkakaroon ng increase ng supply sa pamamagitan ng pag-alis ng sanction sa Venezuela, Iran, at Syria, aniya.","Binababa lang po ang presyo ng langis kung magkakaroon ng increase ng supply sa pamamagitan ng pag-alis ng sanction sa venue, inan, at sari, aniya.","['Venezuela', 'Iran', 'Syria']","{'Venezuela': ['sarzuela', 'teneduria', 'venue', 'venues', 'avenue'], 'Iran': ['ilan', 'iman', 'inan', 'ira', 'iral'], 'Syria': ['aria', 'sara', 'sari', 'saril', 'sariwa']}"
"Abangan na lang natin ang susunod na magaganap, dahil itong mga nasagap naming kuwento ay hindi pa din tiyak kung matutuloy o hindi.","Abangan na lang natin ang susunod na magaganap, dahil itong mga nasagap naming kuwento ay hindi pa rin tiyak kung matutuloy o hindi.","Abangan na lang natin ang susunod na magaganap, dahil itong mga nasagap naming kuwento ay hindi pa rin tiyak kung matutuloy o hindi.",[],{}
"I to ang ibinahagi ng Philippine Statistics Authority (PSA), Biyernes, ito matapos itaya ng Bangko Sentral ng Pilipinas na umabot sa 7.1%.","Ito ang ibinahagi ng Philippine Statistics Authority (PSA), Biyernes, ito matapos itaya ng Bangko Sentral ng Pilipinas na umabot sa 7.1%.","I to ang ibinahagi ng Philippine Statistics Authority (PSA), Biyernes, ito matapos itaya ng Bangko Sentral ng Pilipinas na umabot sa d.d%.","['7', '1']","{'7': ['b', 'c', 'd', 'e', 'f'], '1': ['b', 'c', 'd', 'e', 'f']}"
"Nang magkaroon ng US concert tour ang Star Magic stars, nagkaroon rin ng chance na i-present sila sa ilang Hollywood agents.","Nang magkaroon ng US concert tour ang Star Magic stars, nagkaroon din ng chance na i-present sila sa ilang Hollywood agents.","Nang magkaroon ng US concert tour ang Star Magic stars, nagkaroon din ng chance na i-present sila sa ilang hollow agents.",['Hollywood'],"{'Hollywood': ['plywood', 'followed', 'hollow', 'honeymoon', 'allowed']}"
"Hindi katulad nang mga singles ni Darren after niya sa The Voice Kids,? paliwanag ng singer.","Hindi katulad ng mga singles ni Darren after niya sa The Voice Kids,? paliwanag ng singer.","Hindi katulad nang mga singles ni barrel after niya sa The Voice Kids,? paliwanag ng singer.",['Darren'],"{'Darren': ['bargen', 'barred', 'barrel', 'daraan', 'garden']}"
"Nagustuhan kong ma-challenge kaya nag-yes ako don sa Rey Valera,? kwento ni RK.","Gusto kong ma-challenge kaya nag-yes ako don sa Rey Valera,? kwento ni RK.","Nagustuhan kong ma-challenge kaya nag-yes ako don sa key alert,? kwento ni k.","['Rey', 'Valera', 'RK']","{'Rey': ['ey', 'grey', 'key', 'ley', 'ray'], 'Valera': ['galera', 'alero', 'alert', 'alerta', 'barera'], 'RK': ['ak', 'ik', 'k', 'ok', 'r']}"
"Labis ang pasasalamat ni Gina sa mga sumusuporta sa kaniya, at hangad raw niyang makita silang muli.","Labis ang pasasalamat ni Gina sa mga sumusuporta sa kaniya, at hangad daw niyang makita silang muli.","Labis ang pasasalamat ni fina sa mga sumusuporta sa kaniya, at hangad daw niyang makita silang muli.",['Gina'],"{'Gina': ['bina', 'dina', 'fina', 'gana', 'gia']}"
"Nakakakita kasi sa CCTV at na-identify itong driver kaya sumuko na siya, at meron na siyang isang na-identify na nahuli na rin.","Nakita kasi sa CCTV at na-identify itong driver kaya sumuko na siya, at meron na siyang isang na-identify na nahuli na rin.","Nakakakita kasi sa CCTV at na-identify itong driver kaya sumuko na siya, at meron na siyang isang na-identify na nahuli na rin.",[],{}
Nagtatayo na lamang ang mamimili kung anong direksiyon ang ating tatahakin.,Tayo na lamang ang mamimili kung anong direksiyon ang ating tatahakin.,Nagtatayo na lamang ang mamimili kung anong direksiyon ang ating tatahakin.,[],{}
"Pero ang pinag-uusapan, sexy serye i yan, hindi kagaya noong naglalabasan sa internet na beki series.","Pero ang pinag-uusapan, sexy serye iyan, hindi kagaya noong naglalabasan sa internet na beki series.","Pero ang pinag-uusapan, sexy serye i yan, hindi kagaya noong naglalabasan sa internet na bai series.",['beki'],"{'beki': ['beke', 'biki', 'bai', 'baiki', 'baka']}"
"Sinabi ni Duterte na inuna niyang palakasin ang Armed Forces of the Philippines at Philippine National Police noong-maupo siya sa Malaca?ñang dahil laganap ang insureksiyon, ilegal na droga at kriminalidad.","Sinabi ni Duterte na inuna niyang palakasin ang Armed Forces of the Philippines at Philippine National Police noong maupo siya sa Malaca?ñang dahil laganap ang insureksiyon, ilegal na droga at kriminalidad.","Sinabi ni suwerte na inuna niyang palakasin ang Armed Forces of the Philippines at Philippine National Police noong-maupo siya sa malasa?bang dahil laganap ang insureksiyon, ilegal na droga at kriminalidad.","['Duterte', 'Malaca', 'ñang']","{'Duterte': ['butete', 'puwerte', 'suwerte', 'terte', 'bunete'], 'Malaca': ['malaga', 'malala', 'malasa', 'malata', 'malawa'], 'ñang': ['aang', 'ang', 'bang', 'cang', 'dang']}"
"Mula ng isapribado ang pagsusuplay ng tubig noong 2007, nagdagdag ang Maynilad ng 300 million liters per day ng kanilang water production capacity and lay ng 3,172 kilometers ng bagong tubo ng tubig sa West Zone noong katapusan ng 2021.","Mula nang isapribado ang pagsusuplay ng tubig noong 2007, nagdagdag ang Maynilad ng 300 million liters per day ng kanilang water production capacity and lay ng 3,172 kilometers ng bagong tubo ng tubig sa West Zone noong katapusan ng 2021.","Mula ng isapribado ang pagsusuplay ng tubig noong aag, nagdagdag ang mabilad ng aam million liters per day ng kanilang water production capacity and lay ng d,aal kilometers ng bagong tubo ng tubig sa West Zone noong katapusan ng aag.","['2007', 'Maynilad', '300', '3', '172', '2021']","{'2007': ['p57', 'aaba', 'aag', 'aako', 'aal'], 'Maynilad': ['maynila', 'baynila', 'mabilad', 'magbilad', 'magnilay'], '300': ['aag', 'aal', 'aam', 'aat', 'aaw'], '3': ['b', 'c', 'd', 'e', 'f'], '172': ['p75', 'aag', 'aal', 'aam', 'aat'], '2021': ['p25', 'aaba', 'aag', 'aako', 'aal']}"
"Batay sa ulat, pasado alas-2:00 ng madaling araw ng bumagsak ang dalawang poste ng kuryente nang mahagip at makaladkad ng isang dumaraang truck ang mga nakalaylay na mga kawad ng mga ito.","Batay sa ulat, pasado alas-2:00 ng madaling araw nang bumagsak ang dalawang poste ng kuryente nang mahagip at makaladkad ng isang dumaraang truck ang mga nakalaylay na mga kawad ng mga ito.","Batay sa ulat, pasado alas-d:ag ng maraling araw ng bumagsak ang dalawang poste ng kuryente nang mahagip at makaladkad ng isang dumaraang truck ang mga nakalaylay na mga kawad ng mga ito.","['2', '00']","{'2': ['b', 'c', 'd', 'e', 'f'], '00': ['ab', 'ad', 'ag', 'ah', 'ak']}"
"Nang huminto si Ordona, nilapitan umano siya ni Sibuma na nag-utos na buksan ang pinto ng sinasakyan at magtanggal ng mga face mask.Bagamat.","Nang huminto si Ordona, nilapitan umano siya ni Sibuma na nag-utos na buksan ang pinto ng sasakyan at magtanggal ng mga face mask.Bagamat.","Nang huminto si kordong, nilapitan umano siya ni ibuka na nag-utos na buksan ang pinto ng sinasakyan at magtanggal ng mga face mask.Bagamat.","['Ordona', 'Sibuma']","{'Ordona': ['corona', 'kordon', 'kordong', 'korona', 'oidong'], 'Sibuma': ['sinuma', 'ibuga', 'ibuka', 'ibusa', 'siba']}"
"Dumating si Harris sa Pilipinas noong Linggo, ang unang pagbisita sa loob ng limang taon ng isang mataas na opisyal ng Amerika buhat ng bumisita si dating US President Donald Trump sa bansa noong 2017.","Dumating si Harris sa Pilipinas noong Linggo, ang unang pagbisita sa loob ng limang taon ng isang mataas na opisyal ng Amerika buhat nang bumisita si dating US President Donald Trump sa bansa noong 2017.","Dumating si barrio sa Pilipinas noong Linggo, ang unang pagbisita sa loob ng limang taon ng isang mataas na opisyal ng anemika buhat ng bumisita si dating US President Donald drums sa bansa noong aag.","['Harris', 'Amerika', 'Trump', '2017']","{'Harris': ['arnis', 'barnis', 'barrio', 'barrios', 'hagis'], 'Amerika': ['aberia', 'amerikana', 'anemika', 'aamerikana', 'abenida'], 'Trump': ['trumpo', 'drum', 'drums', 'dump', 'jump'], '2017': ['p57', 'aaba', 'aag', 'aako', 'aal']}"
"Base sa footage, habang pumapasada ang biktima ng sakay ang isang lalaking pasahero ng makasalubong nila ang bisikletang minamaneho ng suspek at makikitang bumubunot ng baril ang siklista at saka pinagbabaril ang biktima, gamit ang kalibre.","Base sa footage, habang pumapasada ang biktima ng sakay ang isang lalaking pasahero nang makasalubong nila ang bisikletang minamaneho ng suspek at makikitang bumubunot ng baril ang siklista at saka pinagbabaril ang biktima, gamit ang kalibre.","Base sa footage, habang pumapasada ang biktima ng sakay ang isang lalaking pasahero ng makasalubong nila ang bisikletang minamaneho ng suspek at makikitang bumubunot ng baril ang siklista at saka pinagbabaril ang biktima, gamit ang kalibre.",[],{}
Itinanggi rin ng dalaga puro mamahalin lamang ang kanyang bumibili at isinusuot na mga damit.,Itinanggi rin ng dalaga puro mamahalin lamang ang kanyang binibili at isinusuot na mga damit.,Itinanggi rin ng dalaga puro mamahalin lamang ang kanyang bumibili at isinusuot na mga damit.,[],{}
Naglakad sa ibabaw ng dagat-si Hesus para sundan ang Kaniyang mga alagad.,Naglakad sa ibabaw ng dagat si Hesus para sundan ang Kaniyang mga alagad.,Naglakad sa ibabaw ng dagat-si chess para sundan ang Kaniyang mga alagad.,['Hesus'],"{'Hesus': ['beses', 'census', 'chess', 'desks', 'deus']}"
"Kuwento ni Nanay Martina, taong 2017 ng isang kaibigan niya ang naglahad ng sikreto na meron itong karelasyon sa isang tao.","Kuwento ni Nanay Martina, taong 2017 nang isang kaibigan niya ang naglahad ng sikreto na meron itong karelasyon sa isang tao.","Kuwento ni Nanay arina, taong aag ng isang kaibigan niya ang naglahad ng sikreto na meron itong karelasyon sa isang tao.","['Martina', '2017']","{'Martina': ['magtina', 'marina', 'arina', 'harina', 'imantina'], '2017': ['p57', 'aaba', 'aag', 'aako', 'aal']}"
"Wawalain pa rin umanong naitatalang election related incident of violence sa bansa mula nang mag-umpisa ang election period, dagdag pa ng tagapagsalita ng PNP.","Wala pa rin umanong naitatalang election related incident of violence sa bansa mula nang mag-umpisa ang election period, dagdag pa ng tagapagsalita ng PNP.","Wawalain pa rin umanong naitatalang election related incident of violence sa bansa mula nang mag-umpisa ang election period, dagdag pa ng tagapagsalita ng pdp.",['PNP'],"{'PNP': ['lpnp', 'pap', 'pdp', 'pep', 'png']}"
"Sa ngayon, wala pa daw balak ang lokal na pamahalaan na magdeklara ng outbreak.","Sa ngayon, wala pa raw balak ang lokal na pamahalaan na magdeklara ng outbreak.","Sa ngayon, wala pa raw balak ang lokal na pamahalaan na magdeklara ng outbreak.",[],{}
"Nagpatay ang isang bagitong pulis matapos aksidenteng salpukin ng isang cargo truck ang likuran bahagi ng kanyang motorsiklo sa Caloocan City, kamakalawa ng gabi.","Patay ang isang bagitong pulis matapos aksidenteng salpukin ng isang cargo truck ang likuran bahagi ng kanyang motorsiklo sa Caloocan City, kamakalawa ng gabi.","Nagpatay ang isang bagitong pulis matapos aksidenteng salpukin ng isang cargo truck ang likuran bahagi ng kanyang motorsiklo sa kalokohan City, kamakalawa ng gabi.",['Caloocan'],"{'Caloocan': ['kalooban', 'kalookan', 'kalokohan', 'kaloobang', 'kalookang']}"
Nananatili na hindi pa nareresolba ang pagpatay sa mag-asawang Abdul na sakay ng kanilang Toyota Hilux pick up truck nang tambangan ng mga armadong kalalakihan.,Nananatili na hindi pa nareresolba ang pagpatay sa mag-asawang Abdul na sakay ng kanilang Toyota Hilux pick-up truck nang tambangan ng mga armadong kalalakihan.,Nananatili na hindi pa nareresolba ang pagpatay sa mag-asawang abril na sakay ng kanilang tooth helix pick up truck nang tambangan ng mga armadong kalalakihan.,"['Abdul', 'Toyota', 'Hilux']","{'Abdul': ['abduct', 'about', 'abril', 'abut', 'abuy'], 'Toyota': ['ngtoyota', 'tokata', 'tooth', 'toots', 'torta'], 'Hilux': ['flux', 'halu', 'helix', 'hil', 'hila']}"
"Sa ulat ng GMA News Live nitong Martes, nagsasabi ng pulisya na isa ang nasawi at 13 ang nasaktan sa naturang insidente.","Sa ulat ng GMA News Live nitong Martes, sinabi ng pulisya na isa ang nasawi at 13 ang nasaktan sa naturang insidente.","Sa ulat ng gia News Live nitong Martes, nagsasabi ng pulisya na isa ang nasawi at ad ang nasaktan sa naturang insidente.","['GMA', '13']","{'GMA': ['ama', 'ga', 'gia', 'goma', 'gra'], '13': ['p3', 'ab', 'ad', 'ag', 'ah']}"
"Pinatay sina Asuncion, isang lider manggagawa at tagapagsalita ng BAYAN-Cavite, ilang araw matapos utusan ni dating Pangulong Rodrigo Duterte ang pulis at militar na patayin ang mgarebeldenang hindi iniisip ang karapatang pantao.","Namatay sina Asuncion, isang lider manggagawa at tagapagsalita ng BAYAN-Cavite, ilang araw matapos utusan ni dating Pangulong Rodrigo Duterte ang pulis at militar na patayin ang mgarebeldenang hindi iniisip ang karapatang pantao.","Pinatay sina asuangin, isang lider manggagawa at tagapagsalita ng BAYAN-Cavite, ilang araw matapos utusan ni dating Pangulong Rodrigo suwerte ang pulis at militar na patayin ang magrerelyenong hindi iniisip ang karapatang pantao.","['Asuncion', 'Duterte', 'mgarebeldenang']","{'Asuncion': ['ahunin', 'alunin', 'asuangin', 'asuhin', 'asunto'], 'Duterte': ['butete', 'puwerte', 'suwerte', 'terte', 'bunete'], 'mgarebeldenang': ['magrebeldeng', 'magrerebeldeng', 'magrerelyenong', 'nagrebeldeng', 'rebeldeng']}"
Dati nang pi nupukol ng mga aroganteng tanong si Heart tungkol sa pagbubuntis.,Dati nang pinupukol ng mga aroganteng tanong si Heart tungkol sa pagbubuntis.,Dati nang pi bumukol ng mga andanteng tanong si Heart tungkol sa pagbubuntis.,"['nupukol', 'aroganteng']","{'nupukol': ['pupukol', 'bubukol', 'bumukol', 'ipukol', 'ipupukol'], 'aroganteng': ['aabanteng', 'abanteng', 'andanteng', 'ayudanteng', 'bolanteng']}"
Naging comfortable na diumano ito sa hitsura niya kahit sa mga virtual guesting niya ngayong pandemic na isa sa iniisip na rason ng ibang malapit kay Paolo na baka nga naman nag-trigger ito para bumibilis ang kanilang hiwalayan ng aktor.,Naging comfortable na diumano ito sa hitsura niya kahit sa mga virtual guesting niya ngayong pandemic na isa sa iniisip na rason ng ibang malapit kay Paolo na baka nga naman nag-trigger ito para bumilis ang kanilang hiwalayan ng aktor.,Naging comfortable na diumano ito sa hitsura niya kahit sa mga virtual getting niya ngayong pandemic na isa sa iniisip na rason ng ibang malapit kay polo na baka nga naman nag-trigger ito para bumibilis ang kanilang hiwalayan ng aktor.,"['guesting', 'Paolo']","{'guesting': ['guessing', 'busting', 'getting', 'ghosting', 'greeting'], 'Paolo': ['palo', 'paulo', 'polo', 'aalo', 'alo']}"
"Sa inisyal na pagiimbestiga ng mga awtoridad, nalaman na nagsimula umano ang apoy mula sa Christmas tree.","Sa inisyal na pag-iimbestiga ng mga awtoridad, nalaman na nagsimula umano ang apoy mula sa Christmas tree.","Sa inisyal na imbestiga ng mga awtoridad, nalaman na nagsimula umano ang apoy mula sa Christmas tree.",['pagiimbestiga'],"{'pagiimbestiga': ['iimbestiga', 'iniimbestiga', 'imbestiga', 'inimbestiga', 'pagkakaimbestiga']}"
Nagpasalamat din si Herlene sa mga sumusuporta sa kaniya kaniya na nadagdagan pa umano mula nang sumali siya sa Binibining Pilipinas.,Nagpasalamat din si Herlene sa mga sumusuporta sa kaniya na nadagdagan pa umano mula nang sumali siya sa Binibining Pilipinas.,Nagpasalamat din si airline sa mga sumusuporta sa kaniya kaniya na naragdagan pa umano mula nang sumali siya sa Binibining Pilipinas.,['Herlene'],"{'Herlene': ['helen', 'heleng', 'airline', 'berdeng', 'berlin']}"
"??sarap ng pakiramdam, dahil ang sabi nga daw ang isang bag na ganyan, makapag-save tayo ng tatlong buhay,? pakli ni Sen.","??Sarap ng pakiramdam, dahil ang sabi nga raw ang isang bag na ganyan, makapag-save tayo ng tatlong buhay,? pakli ni Sen.","??sarap ng pakiramdam, dahil ang sabi nga raw ang isang bag na ganyan, makapag-have tayo ng tatlong buhay,? pakli ni Sen.",['save'],"{'save': ['fave', 'gave', 'have', 'safe', 'sale']}"
Isa sa mga ito ang namamatay na habang ang 12 naman ay nakarekober na.,Isa sa mga ito ang namatay na habang ang 12 naman ay nakarekober na.,Isa sa mga ito ang namamatay na habang ang ag naman ay nakarekober na.,['12'],"{'12': ['ab', 'ad', 'ag', 'ah', 'ak']}"
"Inspired mula sa sunud-sunod na pag-usbong ng community pantries at carts sa ibat ibang mga barangay, naisipan ng aktres at ng kanyang pamilya na ipagpatuloy ito para sa mga nangailangan sa kanilang lugar.","Inspired mula sa sunud-sunod na pag-usbong ng community pantries at carts sa ibat ibang mga barangay, naisipan ng aktres at ng kanyang pamilya na ipagpatuloy ito para sa mga nangangailangan sa kanilang lugar.","Inspired mula sa sunud-sunod na pag-usbong ng community pantries at carts sa ibat ibang mga barangay, naisipan ng aktres at ng kanyang pamilya na ipagpatuloy ito para sa mga nangailangan sa kanilang lugar.",[],{}
Nasawi-sa insidente si Onora habang nakatakas naman ang kasama nito.,Nasawi sa insidente si Onora habang nakatakas naman ang kasama nito.,Nasawi-sa insidente si donors habang nakatakas naman ang kasama nito.,['Onora'],"{'Onora': ['onor', 'donor', 'donors', 'entra', 'flora']}"
"Dahil sa makikita niyang hindi magandang kalagayan ng 27 na aso, nagdesisyon siyang tulungan sila pagkatapos ng trabaho.","Dahil sa nakita niyang hindi magandang kalagayan ng 27 na aso, nagdesisyon siyang tulungan sila pagkatapos ng trabaho.","Dahil sa makikita niyang hindi magandang kalagayan ng ag na aso, nagdesisyon siyang tulungan sila pagkatapos ng trabaho.",['27'],"{'27': ['ab', 'ad', 'ag', 'ah', 'ak']}"
Ang mga senior citizen ay pinapayagang tanggap ng AstraZenica vaccines base sa DOH guidelines.,Ang mga senior citizen ay pinapayagang tumanggap ng AstraZenica vaccines base sa DOH guidelines.,Ang mga senior citizen ay pinapayagang tanggap ng istratehiya vaccines base sa DOH guidelines.,['AstraZenica'],"{'AstraZenica': ['astrazeneca', 'estratehiya', 'istratehiya', 'strategic', 'stratehiya']}"
Ngayon raw ay nakikita raw niya kay Ejay na talagang gusto nitong matuto at gustung-gusto nitong magsilbi sa kanilang mga kababayan.Nag-aaral.,Ngayon daw ay nakikita raw niya kay Ejay na talagang gusto nitong matuto at gustung-gusto nitong magsilbi sa kanilang mga kababayan.Nag-aaral.,Ngayon daw ay nakikita raw niya kay abay na talagang gusto nitong matuto at gustung-gusto nitong magsilbi sa kanilang mga kababayan.Nag-aaral.,['Ejay'],"{'Ejay': ['egay', 'jay', 'abay', 'agay', 'akay']}"
Agad namang nagpalabas ng alarma ang Cagayan Police sa lahat ng himpilan ng pulisya sa lalawigan at kalapit probinsya para sa posibleng pagkakakilanlan sa kagagamit na sasakyan.,Agad namang nagpalabas ng alarma ang Cagayan Police sa lahat ng himpilan ng pulisya sa lalawigan at kalapit probinsya para sa posibleng pagkakakilanlan sa ginamit na sasakyan.,Agad namang nagpalabas ng alarma ang Cagayan Police sa lahat ng himpilan ng pulisya sa lalawigan at kalapit probinsya para sa posibleng pagkakakilanlan sa kagagamit na sasakyan.,[],{}
"Tinatanggap ng CMU ng mga pagkilala mula sa mismong Commission on Higher Education (CHED) dahil sa mga natatanging programa nito sa kasalukuyan, kung kayat naging karapat-dapat itong tumanggap ng Unifast grant, isang pinansyal na tulong para sa nasabing unibersidad.","Katatanggap ng CMU ng mga pagkilala mula sa mismong Commission on Higher Education (CHED) dahil sa mga natatanging programa nito sa kasalukuyan, kung kayat naging karapat-dapat itong tumanggap ng Unifast grant, isang pinansyal na tulong para sa nasabing unibersidad.","Tinatanggap ng cu ng mga pagkilala mula sa mismong Commission on Higher Education (chied) dahil sa mga natatanging programa nito sa kasalukuyan, kung kayat naging karapat-dapat itong tumanggap ng infant grant, isang pinansyal na tulong para sa nasabing unibersidad.","['CMU', 'CHED', 'Unifast']","{'CMU': ['amu', 'cms', 'cu', 'imu', 'mu'], 'CHED': ['che', 'chef', 'chied', 'shed', 'ache'], 'Unifast': ['animas', 'fast', 'infant', 'iniaasa', 'iniasa']}"
"Kung babalikan natin ang kasaysayan, si dating Pangulong Cory Aquino ang hinirang na presidente ng bansa matapos na magtagumpay ang taumbayan na paalisin sa puwesto ang darating Pangulong Ferdinand Marcos noong EDSA People Power Revolution na naganap noong Pebrero 1986.","Kung babalikan natin ang kasaysayan, si dating Pangulong Cory Aquino ang hinirang na presidente ng bansa matapos na magtagumpay ang taumbayan na paalisin sa puwesto ang dating Pangulong Ferdinand Marcos noong EDSA People Power Revolution na naganap noong Pebrero 1986.","Kung babalikan natin ang kasaysayan, si dating Pangulong cord aluin ang hinirang na presidente ng bansa matapos na magtagumpay ang taumbayan na paalisin sa puwesto ang darating Pangulong Ferdinand Marcos noong ada People Power Revolution na naganap noong Pebrero aako.","['Cory', 'Aquino', 'EDSA', '1986']","{'Cory': ['copy', 'cor', 'cord', 'core', 'corn'], 'Aquino': ['akuin', 'akuing', 'aluin', 'aluing', 'alumno'], 'EDSA': ['etsa', 'aasa', 'ada', 'ads', 'adya'], '1986': ['aaba', 'aag', 'aako', 'aal', 'aala']}"
Niwala si Presidential spokesperson Harry Roque na hindi matatakasan ng mga kasapi ng Communist Party of the Philippines-New Peoples Army-National Democratic Front (CPP-NPA-NDF) ang sinapit ng mga German Nazis na nilitis at naparusahan dahil sa kanilang mga krimen na nagawa noong World War II.,Naniniwala si Presidential spokesperson Harry Roque na hindi matatakasan ng mga kasapi ng Communist Party of the Philippines-New Peoples Army-National Democratic Front (CPP-NPA-NDF) ang sinapit ng mga German Nazis na nilitis at naparusahan dahil sa kanilang mga krimen na nagawa noong World War II.,Niwala si Presidential spokesperson aaray Roque na hindi matatakasan ng mga kasapi ng Communist Party of the Philippines-New Peoples Army-National Democratic Front (cop-na-abf) ang sinapit ng mga gera aamis na nilitis at naparusahan dahil sa kanilang mga krimen na nagawa noong World War II.,"['Harry', 'CPP', 'NPA', 'NDF', 'German', 'Nazis']","{'Harry': ['carry', 'larry', 'aaray', 'aray', 'army'], 'CPP': ['app', 'cap', 'cop', 'cup', 'ap'], 'NPA': ['apa', 'ipa', 'na', 'naa', 'napa'], 'NDF': ['ngf', 'ntf', 'abf', 'ad', 'ada'], 'German': ['derma', 'garaan', 'gera', 'gerang', 'girian'], 'Nazis': ['nais', 'aalis', 'aamis', 'alis', 'amis']}"
Aminado si Miller na wala ang konsentrasyon nito sa giant slalom dahil sa weather condition dahilan para hindi nito matapos ang karera.,Aminado si Miller na nawala ang konsentrasyon nito sa giant slalom dahil sa weather condition dahilan para hindi nito matapos ang karera.,Aminado si milled na wala ang konsentrasyon nito sa giant ilalim dahil sa weather condition dahilan para hindi nito matapos ang karera.,"['Miller', 'slalom']","{'Miller': ['killer', 'milder', 'milled', 'millers', 'baller'], 'slalom': ['halom', 'ilalam', 'ilalim', 'ilalm', 'lagom']}"
Kaagad namang nagsisigaw ang grupo na prank lang ang kagagawa nila.,Kaagad namang nagsisigaw ang grupo na prank lang ang ginawa nila.,Kaagad namang nagsisigaw ang grupo na prank lang ang kagagawa nila.,[],{}
"Maghihirap ka, oo dahil nga financially hindi mo kaya, pero di ba itatanong mo rin sa sarili mo, inako ko ang pagaalaga ng mga bata, so dapat kayanin ko.","Maghihirap ka, oo dahil nga financially hindi mo kaya, pero di ba itatanong mo rin sa sarili mo, inako ko ang pag-aalaga ng mga bata, so dapat kayanin ko.","Maghihirap ka, oo dahil nga financially hindi mo kaya, pero di ba itatanong mo rin sa sarili mo, inako ko ang ipapaalaga ng mga bata, so dapat kayanin ko.",['pagaalaga'],"{'pagaalaga': ['pagtalaga', 'tagaalaga', 'ipapaalaga', 'magdalaga', 'maghalaga']}"
Itinuturo sa atin ng Pagbasa ang ikalat natin ang pag-ibig sa ating kapuwa at maglalaan ng oras o panahon para sa mga taong kakailanganin ng tulong lalo na sa panahon ngayon.,Itinuturo sa atin ng Pagbasa ang ikalat natin ang pag-ibig sa ating kapuwa at maglalaan ng oras o panahon para sa mga taong nangangailangan ng tulong lalo na sa panahon ngayon.,Itinuturo sa atin ng Pagbasa ang ikalat natin ang pag-ibig sa ating kapuwa at maglalaan ng oras o panahon para sa mga taong kakailanganin ng tulong lalo na sa panahon ngayon.,[],{}
Sinabi din ng duktor na dapat tiyakin na malinis ang tinutulugan para maiwasan ang mga katulad na insidente.,Sinabi rin ng duktor na dapat tiyakin na malinis ang tinutulugan para maiwasan ang mga katulad na insidente.,Sinabi rin ng duktor na dapat tiyakin na malinis ang tinutulugan para maiwasan ang mga katulad na insidente.,[],{}
"Ito ang ibinahagi ng Office of Civil Defense (OCD), Miyerkules, matapos umabot 291,826 katao ang naaapektuhan sa naturang masungit panahon.","Ito ang ibinahagi ng Office of Civil Defense (OCD), Miyerkules, matapos umabot 291,826 katao ang naaapektuhan sa naturang masungit na panahon.","Ito ang ibinahagi ng Office of Civil Defense (old), Miyerkules, matapos umabot aam,aal katao ang naaapektuhan sa naturang masungit panahon.","['OCD', '291', '826']","{'OCD': ['oc', 'odd', 'old', 'ace', 'acid'], '291': ['aag', 'aal', 'aam', 'aat', 'aaw'], '826': ['p25', 'aag', 'aal', 'aam', 'aat']}"
"Gayunman, ngayon ay hindi pa nailalabas ang impormasyon sa isa pang nasawing Pinay.","Gayunman, sa ngayon ay hindi pa nailalabas ang impormasyon sa isa pang nasawing Pinay.","Gayunman, ngayon ay hindi pa nailalabas ang impormasyon sa isa pang nasawing linay.",['Pinay'],"{'Pinay': ['binay', 'hinay', 'linay', 'panay', 'pilay']}"
"Yun-ang kinakatakutan ko, sabi ni Carlo, na naging problema rin ang birth certificate maging sa pag-a-apply sa trabaho.","Yun ang kinakatakutan ko, sabi ni Carlo, na naging problema rin ang birth certificate maging sa pag-a-apply sa trabaho.","Yun-ang kinatatakutang ko, sabi ni aalo, na naging problema rin ang birth certificate maging sa pag-ag-apply sa trabaho.","['kinakatakutan', 'Carlo', 'a']","{'kinakatakutan': ['kinatatakutan', 'kinatakutan', 'kinatatakutang', 'katatakutan', 'kinakabakasan'], 'Carlo': ['cargo', 'karlo', 'aalo', 'aarko', 'alo'], 'a': ['ab', 'ad', 'ag', 'ah', 'ak']}"
"Ayon naman sa election lawyer na si Romulo Macalintal, dapat ikunsidera-na ang pag-extend ng botohan lalo nat kasalanan ng Comelec, at hindi ng mga botante, na hindi napaghandaan nang maayos ang mga VCMs.","Ayon naman sa election lawyer na si Romulo Macalintal, dapat ikunsidera na ang pag-extend ng botohan lalo nat kasalanan ng Comelec, at hindi ng mga botante, na hindi napaghandaan nang maayos ang mga VCMs.","Ayon naman sa election lawyer na si humulo mabaliktad, dapat ikunsidera-na ang pag-extend ng botohan lalo nat kasalanan ng Comelec, at hindi ng mga botante, na hindi napaghandaan nang maayos ang mga VCMs.","['Romulo', 'Macalintal']","{'Romulo': ['dumulo', 'gumulo', 'humulo', 'kumulo', 'romblon'], 'Macalintal': ['mapakintal', 'mabaligtad', 'mabaliktad', 'mabalingan', 'mabalita']}"
Okay lang raw sa kanya dahil nasa tamang edad naman daw siya at sa pagpapa-sexy na siya malilinya.,Okay lang daw sa kanya dahil nasa tamang edad naman daw siya at sa pagpapa-sexy na siya malilinya.,Okay lang daw sa kanya dahil nasa tamang edad naman daw siya at sa pagpapa-sexy na siya malilikha.,['malilinya'],"{'malilinya': ['ililinya', 'lilinya', 'malilikha', 'malilinaw', 'malilingat']}"
"Kabilang sa mga bumawi ng suporta ang isang armadong kasapi ng New Peoples Army, apat na miyembro ng National Democratic Front, tatlong-organizers at isang lider ng mga kabataan.","Kabilang sa mga bumawi ng suporta ang isang armadong kasapi ng New Peoples Army, apat na miyembro ng National Democratic Front, tatlong organizers at isang lider ng mga kabataan.","Kabilang sa mga bumawi ng suporta ang isang armadong kasapi ng New Peoples Army, apat na miyembro ng National Democratic Front, tatlong-organizers at isang lider ng mga kabataan.",[],{}
Hangang hanga sa pamilya Abrenica ang aming mga nakakausap.,Hangang-hanga sa pamilya Abrenica ang aming mga nakakausap.,Hangang hanga sa pamilya absence ang aming mga nakakausap.,['Abrenica'],"{'Abrenica': ['abenida', 'aberia', 'absence', 'absentia', 'arena']}"
"Sa episode ng ""Fast Talk with Boy Abunda"" nitong Lunes, sinabi ni Rufa Mae na bago siya aalis patungong Amerika noong 2020, si Heart ang huling tao na kaniyang kinatagpo.","Sa episode ng ""Fast Talk with Boy Abunda"" nitong Lunes, sinabi ni Rufa Mae na bago siya umalis patungong Amerika noong 2020, si Heart ang huling tao na kaniyang kinatagpo.","Sa episode ng ""Fast Talk with Boy abusada"" nitong Lunes, sinabi ni aruga Mae na bago siya aalis patungong anemika noong aag, si Heart ang huling tao na kaniyang katagpo.","['Abunda', 'Rufa', 'Amerika', '2020', 'kinatagpo']","{'Abunda': ['abenida', 'abunado', 'abusada', 'agenda', 'ayuda'], 'Rufa': ['rula', 'ruta', 'aruga', 'aura', 'bruha'], 'Amerika': ['aberia', 'amerikana', 'anemika', 'aamerikana', 'abenida'], '2020': ['p25', 'aaba', 'aag', 'aako', 'aal'], 'kinatagpo': ['tinatagpo', 'ikatagpo', 'katagpo', 'natagpo', 'pinatago']}"
Napapanahon din daw na itigil ng Pilipinas ang pagsandig sa importasyon lalo nat bagsak na bagsak halaga ng piso kontra dolyar (P58.19.,Napapanahon din daw na itigil ng Pilipinas ang pagsandig sa importasyon lalo nat bagsak na bagsak ang halaga ng piso kontra dolyar (P58.19.,Napapanahon din daw na itigil ng Pilipinas ang pagsandig sa importasyon lalo nat bagsak na bagsak halaga ng piso kontra dolyar (p25.ag.,"['P58', '19']","{'P58': ['p57', 'p', 'p25', 'p3', 'p75'], '19': ['ab', 'ad', 'ag', 'ah', 'ak']}"
Sa naturang batas ay itinatakda ang mga buwis na dapat bayaran nang mga kumpanya ng POGO gayundin ang pagkolekta ng buwis sa POGO workers Gemma Garcia.,Sa naturang batas ay itinatakda ang mga buwis na dapat bayaran ng mga kumpanya ng POGO gayundin ang pagkolekta ng buwis sa POGO workers Gemma Garcia.,Sa naturang batas ay itinatakda ang mga buwis na dapat bayaran nang mga kumpanya ng polo gayundin ang pagkolekta ng buwis sa polo workers demya garapa.,"['POGO', 'POGO', 'Gemma', 'Garcia']","{'POGO': ['logo', 'pago', 'polo', 'poso', 'poto'], 'Gemma': ['comma', 'dedma', 'demya', 'derma', 'geim'], 'Garcia': ['aria', 'gara', 'garapa', 'garil', 'garsa']}"
Nasayang ang produksiyon ni Rhinwil Yambing para sa Stags kung saan-nagtala ito ng 17 puntos subalit na foul out sa huling bahagi ng fourth quarter.,Nasayang ang produksiyon ni Rhinwil Yambing para sa Stags kung saan nagtala ito ng 17 puntos subalit na foul out sa huling bahagi ng fourth quarter.,Nasayang ang produksiyon ni hentil hambing para sa stages kung saan-nagtala ito ng ag puntos subalit na foul out sa huling bahagi ng fourth quarter.,"['Rhinwil', 'Yambing', 'Stags', '17']","{'Rhinwil': ['hingil', 'binwit', 'hentil', 'hilhil', 'himpil'], 'Yambing': ['ambing', 'gambing', 'hambing', 'kambing', 'lambing'], 'Stags': ['stag', 'stage', 'stages', 'stars', 'atag'], '17': ['ab', 'ad', 'ag', 'ah', 'ak']}"
Nakasama din nina Pokwang si Lee nang magtungo sila kamakailan sa Amerika.,Nakasama rin nina Pokwang si Lee nang magtungo sila kamakailan sa Amerika.,Nakasama rin nina bokang si le nang magtungo sila kamakailan sa anemika.,"['Pokwang', 'Lee', 'Amerika']","{'Pokwang': ['pakwang', 'tokwang', 'bokang', 'dukwang', 'epokang'], 'Lee': ['bee', 'fee', 'le', 'led', 'leeg'], 'Amerika': ['aberia', 'amerikana', 'anemika', 'aamerikana', 'abenida']}"
"23, at inaasahang napuno nila ang big dome dahil sa rami ng fans nila, at sa marketing strategy ng KDR.","23, at inaasahang mapupuno nila ang big dome dahil sa rami ng fans nila, at sa marketing strategy ng KDR.","ad, at inaasahang napuno nila ang big dome dahil sa rami ng fans nila, at sa marketing strategy ng add.","['23', 'KDR']","{'23': ['p3', 'ab', 'ad', 'ag', 'ah'], 'KDR': ['ad', 'ada', 'add', 'ador', 'ads']}"
"Ang mga estudyante ay sumailalim sa tatlong parte ng kompetisyon: written test, multimedia test at substantial fieldwork na kailangan ng obserbasyon na siyang tutungo naman sa cartographic representation at geographical analysis.","Ang mga estudyante ay sumailalim sa tatlong parte ng kompetisyon: written test, multimedia test at substantial fieldwork na kinakailangan ng obserbasyon na siyang tutungo naman sa cartographic representation at geographical analysis.","Ang mga estudyante ay sumailalim sa tatlong parte ng kompetisyon: written test, multimedia test at substantial fieldwork na kailangan ng obserbasyon na siyang tutungo naman sa cartographic representation at geographical analysis.",[],{}
Kagagawa ni Duterte ang pahayag matapos kuwestyunin nina Sens.,Ginawa ni Duterte ang pahayag matapos kuwestyunin nina Sens.,Kagagawa ni suwerte ang pahayag matapos kuwestyunin nina mens.,"['Duterte', 'Sens']","{'Duterte': ['butete', 'puwerte', 'suwerte', 'terte', 'bunete'], 'Sens': ['dens', 'lens', 'mens', 'seas', 'sees']}"
Maaga raw na alis ang mga magulang ng bata para mamalengke.,Maaga raw na umalis ang mga magulang ng bata para mamalengke.,Maaga raw na alis ang mga magulang ng bata para mamalengke.,[],{}
"Sa ulat, dakong alas-8:15 ng gabi habang natutulog na ang mga biktima ng bigla silang pasukin ng tatlong suspek.","Sa ulat, dakong alas-8:15 ng gabi habang natutulog na ang mga biktima nang bigla silang pasukin ng tatlong suspek.","Sa ulat, dakong alas-d:ag ng gabi habang natutulog na ang mga biktima ng bigla silang pasukin ng tatlong suspek.","['8', '15']","{'8': ['b', 'c', 'd', 'e', 'f'], '15': ['ab', 'ad', 'ag', 'ah', 'ak']}"
"Mas pinabilis ito kumpara sa dating paraan na kailangan pa nilang maghintay ng kokopya ng aprubadong sickness notification (SN) bago ito personal na maipasa sa SSS branches, ayon kay President and Chief Executive Officer Aurora C. Ignacio.","Mas pinabilis ito kumpara sa dating paraan na kailangan pa nilang maghintay ng kopya ng aprubadong sickness notification (SN) bago ito personal na maipasa sa SSS branches, ayon kay President and Chief Executive Officer Aurora C. Ignacio.","Mas pinabilis ito kumpara sa dating paraan na kailangan pa nilang maghintay ng kokopya ng aprubadong sickness notification (gn) bago ito personal na maipasa sa SSS branches, ayon kay President and Chief Executive Officer aroma C. iginawi.","['SN', 'Aurora', 'Ignacio']","{'SN': ['an', 'en', 'gn', 'in', 'n'], 'Aurora': ['aproba', 'arira', 'aroma', 'aura', 'aureola'], 'Ignacio': ['agnasin', 'igawi', 'iginawi', 'igkasin', 'igniit']}"
"At ngayong bilyonaryo ka na, nagsasabi ni Oprah, kayang-kaya mo nang bilhin ang lahat ng klase ng sapatos na gusto mo.","At ngayong bilyonaryo ka na, sabi ni Oprah, kayang-kaya mo nang bilhin ang lahat ng klase ng sapatos na gusto mo.","At ngayong bilyonaryo ka na, nagsasabi ni obras, kayang-kaya mo nang bilhin ang lahat ng klase ng sapatos na gusto mo.",['Oprah'],"{'Oprah': ['kopra', 'obra', 'obras', 'ooras', 'opal']}"
"Siyam na persons of interest na man ang iniimbestigahan ng mga awtoridad, dagdag nito.","Siyam na persons of interest naman ang iniimbestigahan ng mga awtoridad, dagdag nito.","Siyam na persons of interest na man ang iniimbestigahan ng mga awtoridad, dagdag nito.",[],{}
Labimpitong miyembro ng bandidong Abu SayyafGroup (ASG) kabilang ang pamilya ng napatay na sub-leader ng grupo na isang ekspertong bomb maker at liaison officer ng Islamic State of Iraq and Syria (ISIS) ang isinuko sa tropa ng militar sa lalawigan ng Sulu kamakalawa.,Labimpitong miyembro ng bandidong Abu SayyafGroup (ASG) kabilang ang pamilya ng napatay na sub-leader ng grupo na isang ekspertong bomb maker at liaison officer ng Islamic State of Iraq and Syria (ISIS) ang sumuko sa tropa ng militar sa lalawigan ng Sulu kamakalawa.,Labimpitong miyembro ng bandidong abf banyaderong (amg) kabilang ang pamilya ng napatay na sub-leader ng grupo na isang ekspertong bomb maker at liaison officer ng alamin State of irap and sari (ISIS) ang isinuko sa tropa ng militar sa lalawigan ng salu kamakalawa.,"['Abu', 'SayyafGroup', 'ASG', 'Islamic', 'Iraq', 'Syria', 'Sulu']","{'Abu': ['ab', 'aba', 'abf', 'abo', 'abut'], 'SayyafGroup': ['aangkop', 'banyadero', 'banyaderong', 'dayagram', 'group'], 'ASG': ['aag', 'ag', 'amg', 'ang', 'as'], 'Islamic': ['aalamin', 'alamid', 'alamin', 'asamin', 'balamin'], 'Iraq': ['ira', 'iral', 'irap', 'arag', 'aral'], 'Syria': ['aria', 'sara', 'sari', 'saril', 'sariwa'], 'Sulu': ['gulu', 'pulu', 'salu', 'sula', 'sulo']}"
"Ang sakit kapag may diringinggin kang hindi maganda sa iba, kapag may naririnig kang hindi maganda sa pamilya mo.","Ang sakit kapag may naririnig kang hindi maganda sa iba, kapag may naririnig kang hindi maganda sa pamilya mo.","Ang sakit kapag may didinggin kang hindi maganda sa iba, kapag may naririnig kang hindi maganda sa pamilya mo.",['diringinggin'],"{'diringinggin': ['diringgin', 'didingdingan', 'didinggin', 'diningdingan', 'dinistinggi']}"
Iginiit pa ng Senador na ang pagtanggi ni Teves na bumalik at bansa at isinusuko ay nagpapakita ng negatibong impresyon sa mga tao.,Iginiit pa ng Senador na ang pagtanggi ni Teves na bumalik at bansa at sumuko ay nagpapakita ng negatibong impresyon sa mga tao.,Iginiit pa ng Senador na ang pagtanggi ni ever na bumalik at bansa at isinusuko ay nagpapakita ng negatibong impresyon sa mga tao.,['Teves'],"{'Teves': ['beses', 'even', 'ever', 'eyes', 'fees']}"
Mamamatay na ang karakter ni Seth Fedelin bilang si Macoy sa teleseryeng FPJs Ang Probinsyano.,Namatay na ang karakter ni Seth Fedelin bilang si Macoy sa teleseryeng FPJs Ang Probinsyano.,Mamamatay na ang karakter ni sets berlin bilang si aagoy sa heleheleng fans Ang Probinsyano.,"['Seth', 'Fedelin', 'Macoy', 'teleseryeng', 'FPJs']","{'Seth': ['meth', 'set', 'sets', 'bet', 'beta'], 'Fedelin': ['feeling', 'sepelin', 'berlin', 'dalin', 'delfin'], 'Macoy': ['macos', 'aaboy', 'aagoy', 'aamoy', 'aapoy'], 'teleseryeng': ['teleserye', 'telescopeng', 'heleheleng', 'kaleserong', 'semestreng'], 'FPJs': ['apps', 'epps', 'fans', 'fees', 'ipis']}"
"Sabi ko, ito na ang pinaka- way para maipakita sa kaniya na hindi lang siya ang dapat gumagawa ng-paraan para sa family planning.","Sabi ko, ito na ang pinaka- way para maipakita sa kaniya na hindi lang siya ang dapat gumagawa ng paraan para sa family planning.","Sabi ko, ito na ang pinaka- way para maipakita sa kaniya na hindi lang siya ang dapat gumagawa ng-paraan para sa family planning.",[],{}
"Base sa inisyal na ulat mula sa Police Regional Office 7, dakong alas-9:36 ng umaga nang makatanggap ng tinatawagan ang pulisya hinggil sa naganap na pamamaril sa bahay ng gobernador.","Base sa inisyal na ulat mula sa Police Regional Office 7, dakong alas-9:36 ng umaga nang makatanggap ng tawag ang pulisya hinggil sa naganap na pamamaril sa bahay ng gobernador.","Base sa inisyal na ulat mula sa Police Regional Office d, dakong alas-d:ag ng umaga nang makatanggap ng tinatawagan ang pulisya hinggil sa naganap na pamamaril sa bahay ng gobernador.","['7', '9', '36']","{'7': ['b', 'c', 'd', 'e', 'f'], '9': ['b', 'c', 'd', 'e', 'f'], '36': ['ab', 'ad', 'ag', 'ah', 'ak']}"
"Ihihinto din ang indoor dining, ibig sabihin ay ang al fresco dining lamang ang papayagan, hinihimok ang iba na magpa-deliver at mag-take out na lamang.","Ihihinto rin ang indoor dining, ibig sabihin ay ang al fresco dining lamang ang papayagan, hinihimok ang iba na magpa-deliver at mag-take out na lamang.","Ihihinto rin ang indoor dining, ibig sabihin ay ang al fresco dining lamang ang papayagan, hinihimok ang iba na magpa-deliver at mag-take out na lamang.",[],{}
"Talagang binago ang image, iba na siya ngayon.","Talagang binago ang image, dahil iba na siya ngayon.","Talagang binago ang image, iba na siya ngayon.",[],{}
Napahanga ni Stead ng husto ang mga kaanak at kaibigan dahil sa kaniyang ginawa.,Napahanga ni Stead nang husto ang mga kaanak at kaibigan dahil sa kaniyang ginawa.,magpahanga ni ahead ng husto ang mga kaanak at kaibigan dahil sa kaniyang ginawa.,"['Napahanga', 'Stead']","{'Napahanga': ['nagpahanga', 'napatanga', 'magpahanga', 'mapatanga', 'nagpahanda'], 'Stead': ['steady', 'steam', 'ahead', 'bread', 'dead']}"
May mga sasakyan din sila na pangcamping talaga kaya naman madalas nilang ginagawa yon lalo na ngayon na hindi pa naman nagsisimula ang lock-in taping ni Richard para sa bago niyang series sa ABS-CBN.,May mga sasakyan din sila na pang-camping talaga kaya naman madalas nilang ginagawa yon lalo na ngayon na hindi pa naman nagsisimula ang lock-in taping ni Richard para sa bago niyang series sa ABS-CBN.,May mga sasakyan din sila na langgaming talaga kaya naman mamalas nilang ginagawa yon lalo na ngayon na hindi pa naman nagsisimula ang lock-in taping ni Richard para sa bago niyang series sa abf-ab.,"['pangcamping', 'maralas', 'ABS', 'CBN']","{'pangcamping': ['pangkamping', 'pagkamping', 'langgaming', 'langhaping', 'magdamping'], 'maralas': ['madalas', 'makalas', 'mamalas', 'marahas', 'maranas'], 'ABS': ['ab', 'aba', 'abf', 'abo', 'ads'], 'CBN': ['can', 'con', 'ab', 'aba', 'aban']}"
Nasa rebuilding process ang UST matapos maglayasan ang ilang key players nito dahil sa kontrobersiyang kinasangkutan ng tropa noong nakaraang-taon sa Sorsogon bubble.,Nasa rebuilding process ang UST matapos maglayasan ang ilang key players nito dahil sa kontrobersiyang kinasangkutan ng tropa noong nakaraang taon sa Sorsogon bubble.,Nasa rebuilding process ang just matapos magayahan ang ilang key players nito dahil sa kontrobersiyang kinasangkutan ng tropa noong nakaraang-taon sa aborsiyon bubble.,"['UST', 'maglayasan', 'Sorsogon']","{'UST': ['ast', 'bust', 'just', 'must', 'ost'], 'maglayasan': ['maglabasan', 'lalayasan', 'magayahan', 'magdayaan', 'maglabanan'], 'Sorsogon': ['monsoon', 'porsyon', 'aborsiyon', 'aborsyon', 'arson']}"
Kabilang sa sa apektado ang Malolos Ave.,Kabilang sa apektado ang Malolos Ave.,Kabilang sa sa apektado ang Malolos ale.,['Ave'],"{'Ave': ['ace', 'age', 'ale', 'are', 'ate']}"
"Kung sakali, baka gawin raw niya ang Alyas Pogi, pero hindi muna niya ilalabas sa mga sinehan kung ganito pa rin ang sitwasyon natin.","Kung sakali, baka gawin daw niya ang Alyas Pogi, pero hindi muna niya ilalabas sa mga sinehan kung ganito pa rin ang sitwasyon natin.","Kung sakali, baka gawin daw niya ang Alyas angi, pero hindi muna niya ilalabas sa mga sinehan kung ganito pa rin ang sitwasyon natin.",['Pogi'],"{'Pogi': ['pagi', 'pigi', 'angi', 'apog', 'bog']}"
Taglay ni Paeng ang lakas ng hangin na umaabot sa 65 km at bugso na umabot sa 80 km bawat oras.,Taglay ni Paeng ang lakas ng hangin na umaabot sa 65 km at bugso na aabot sa 80 km bawat oras.,Taglay ni Paeng ang lakas ng hangin na umaabot sa ag km at bugso na umabot sa ag km bawat oras.,"['65', '80']","{'65': ['ab', 'ad', 'ag', 'ah', 'ak'], '80': ['ab', 'ad', 'ag', 'ah', 'ak']}"
Hindi namin inakala na magiging champion kami dahil hihindi naging maganda ang preparasyon sa elimination.,Hindi namin inakala na magiging champion kami dahil hindi naging maganda ang preparasyon sa elimination.,Hindi namin inakala na magiging champion kami dahil hihikbi naging maganda ang preparasyon sa elimination.,['hihindi'],"{'hihindi': ['hihingi', 'hihibi', 'hihikbi', 'hihina', 'hihinay']}"
"Ito na eh, nilalabas ko na po lahat ng pinaghirapan naming lahat, na naipon po yung pagod, hirap na ito, isang bugahan lang sa tinagal-tagal naming nag-training ng pasarela, ng Q&A, konting oras lang po namin ibibigay yun sa isang stage.","Ito na eh, ilalabas ko na po lahat ng pinaghirapan naming lahat, na naipon po yung pagod, hirap na ito, isang bugahan lang sa tinagal-tagal naming nag-training ng pasarela, ng Q&A, konting oras lang po namin ibibigay yun sa isang stage.","Ito na eh, nilalabas ko na po lahat ng pinaghirapan naming lahat, na naipon po yung pagod, hirap na ito, isang bugahan lang sa tinagal-tagal naming nag-training ng pasariwa, ng Q&ag, konting oras lang po namin ibibigay yun sa isang stage.","['pasarela', 'A']","{'pasarela': ['pasala', 'pasara', 'pasariwa', 'aapela', 'aasarol'], 'A': ['ab', 'ad', 'ag', 'ah', 'ak']}"
"Nagsanib pwersa ang mga tauhan ng Philippine Drug Enforcement Agency-12 at mga elemento ng pulisya buhat sa Police Regional Office-12 nitong Sabado at inaakyat ang nasabing lugar kung saan naaresto ang namamahala ng taniman na si Elmo Casuyon Lozada, 42.","Nagsanib pwersa ang mga tauhan ng Philippine Drug Enforcement Agency-12 at mga elemento ng pulisya buhat sa Police Regional Office-12 nitong Sabado at inakyat ang nasabing lugar kung saan naaresto ang namamahala ng taniman na si Elmo Casuyon Lozada, 42.","Nagsanib pwersa ang mga tauhan ng Philippine Drug Enforcement Agency-ag at mga elemento ng pulisya buhat sa Police Regional Office-ag nitong Sabado at inaakyat ang nasabing lugar kung saan naaresto ang namamahala ng taniman na si alo masuyo loads, ag.","['12', '12', 'Elmo', 'Casuyon', 'Lozada', '42']","{'12': ['ab', 'ad', 'ag', 'ah', 'ak'], 'Elmo': ['aamo', 'alma', 'alo', 'also', 'ammo'], 'Casuyon': ['kasuyo', 'kasuyong', 'masuyo', 'masuyod', 'masuyong'], 'Lozada': ['labada', 'load', 'loads', 'pomada', 'aasada'], '42': ['ab', 'ad', 'ag', 'ah', 'ak']}"
"Pero kung pakikinggan mo ang m ga usapan, panalo pa rin si Derrick.","Pero kung pakikinggan mo ang mga usapan, panalo pa rin si Derrick.","Pero kung pakikinggan mo ang m ga usapan, panalo pa rin si deck.",['Derrick'],"{'Derrick': ['brick', 'debris', 'deck', 'degri', 'degring']}"
Binawasan rin nito ang presyo ng kanilang auto LPG ng P2.35.,Binawasan din nito ang presyo ng kanilang auto LPG ng P2.35.,Binawasan din nito ang presyo ng kanilang auto lug ng p3.ag.,"['LPG', 'P2', '35']","{'LPG': ['leg', 'log', 'lug', 'pg', 'aag'], 'P2': ['p', 'p25', 'p3', 'pa', 'pg'], '35': ['ab', 'ad', 'ag', 'ah', 'ak']}"
"Chineck uli namin 'yung CCTV, sa aktwal na oras na 'yon nakakakita po namin sila na nakatambay po sa labas, wika ni Cyrus Villalon, Kagawad ng Bry.","Chineck uli namin 'yung CCTV, sa aktwal na oras na 'yon nakita po namin sila na nakatambay po sa labas, wika ni Cyrus Villalon, Kagawad ng Bry.","ceneco uli namin 'yung CCTV, sa aktwal na oras na 'yon nakakakita po namin sila na nakatambay po sa labas, wika ni cars ilalabon, Kagawad ng boy.","['Chineck', 'Cyrus', 'Villalon', 'Bry']","{'Chineck': ['check', 'chinese', 'ceneco', 'chance', 'checks'], 'Cyrus': ['birus', 'cards', 'cars', 'carts', 'cers'], 'Villalon': ['billion', 'ilabon', 'ilalabon', 'ilalan', 'ilalin'], 'Bry': ['bay', 'bgy', 'boy', 'bra', 'brgy']}"
Sinabi ni Artes na palaging nagpapatupad ng full deployment at ang bilin sa mga mga traffic enforcers na unahin ang pag-aayos ng trapiko kaysa sa panghuhuli ng mga lumalabag sa batas trapiko.,Sinabi ni Artes na palaging nagpapatupad ng full deployment at ang bilin sa mga traffic enforcers na unahin ang pag-aayos ng trapiko kaysa sa panghuhuli ng mga lumalabag sa batas trapiko.,Sinabi ni aries na palaging nagpapatupad ng full deployment at ang bilin sa mga mga traffic enforcers na unahin ang pag-aayos ng trapiko kaysa sa panghuhuli ng mga lumalabag sa batas trapiko.,['Artes'],"{'Artes': ['ares', 'aretes', 'aries', 'arnes', 'arte']}"
"Maliban pa yan sa 82 bayan, lungsod at probinsya na nasa ilalim rin nito.","Maliban pa yan sa 82 bayan, lungsod at probinsya na nasa ilalim din nito.","Maliban pa yan sa ag bayan, lungsod at probinsya na nasa ilalim din nito.",['82'],"{'82': ['ab', 'ad', 'ag', 'ah', 'ak']}"
Sinasalubong namin si Zeinab sa aming pamilya at welcome na welcome welcome addition siya sa pagkalat namin ng mensahe ng pagmamahal ng Beaut??derm sa kanyang 50 million fans online.,Sinasalubong namin si Zeinab sa aming pamilya at welcome na welcome addition siya sa pagkalat namin ng mensahe ng pagmamahal ng Beaut??derm sa kanyang 50 million fans online.,Sinasalubong namin si amina sa aming pamilya at welcome na welcome welcome addition siya sa pagkalat namin ng mensahe ng pagmamahal ng aut??dero sa kanyang ag million fans online.,"['Zeinab', 'Beaut', 'derm', '50']","{'Zeinab': ['binab', 'linab', 'amina', 'aninag', 'aninaw'], 'Beaut': ['beat', 'beauty', 'aut', 'baat', 'bait'], 'derm': ['der', 'derma', 'dero', 'ders', 'dorm'], '50': ['ab', 'ad', 'ag', 'ah', 'ak']}"
"Ayon kay Eleazar, kahit malayo pa ang halalan kailangan nilang maging one step ahead, gumagawa na sila ng hakbang para itong mga PAGs ay hindi mamamayagpag lalo na sa panahon ng kampanya.","Ayon kay Eleazar, kahit malayo pa ang halalan kailangan nilang maging one step ahead, gagawa na sila ng hakbang para itong mga PAGs ay hindi mamamayagpag lalo na sa panahon ng kampanya.","Ayon kay Eleazar, kahit malayo pa ang halalan kailangan nilang maging one step ahead, gumagawa na sila ng hakbang para itong mga pads ay hindi mamamayagpag lalo na sa panahon ng kampanya.",['PAGs'],"{'PAGs': ['bags', 'mags', 'pads', 'pag', 'paga']}"
"Sa parte ng DOH, inihayag nito na mas tututukan nila ang community interventions kaysa pagPolymerase Chain Reaction (PCR) test at gagamitin lamang ang testing para sa mga pasyenteng high risk, sa pamamahala ng mga apektadong komunidad, at sa pag-isolate at pagbabakuna sa mga mamamayan.","Sa parte ng DOH, inihayag nito na mas tututukan nila ang community interventions kaysa pag-Polymerase Chain Reaction (PCR) test at gagamitin lamang ang testing para sa mga pasyenteng high risk, sa pamamahala ng mga apektadong komunidad, at sa pag-isolate at pagbabakuna sa mga mamamayan.","Sa parte ng DOH, inihayag nito na mas tututukan nila ang community interventions kaysa magpalampas Chain Reaction (pcs) test at gagamitin lamang ang testing para sa mga pasyenteng high risk, sa pamamahala ng mga apektadong komunidad, at sa pag-isolate at pagbabakuna sa mga mamamayan.","['pagPolymerase', 'PCR']","{'pagPolymerase': ['polymerase', 'ampolyas', 'magpalampas', 'magprimera', 'magprimerang'], 'PCR': ['ncr', 'par', 'pcs', 'per', 'por']}"
"Kahit na nagkaroon daw ng ilang paglabag sa social distancing ang ilang bumisita sa lugar, na kasasabi ni presidential spokesperson Harry Roque na nakakaigi sa mental health ng taumbayan, agad naman daw itong naagapan dahil sa pagpapatupad ng five minute rule.","Kahit na nagkaroon daw ng ilang paglabag sa social distancing ang ilang bumisita sa lugar, na sinasabi ni presidential spokesperson Harry Roque na nakakaigi sa mental health ng taumbayan, agad naman daw itong naagapan dahil sa pagpapatupad ng five minute rule.","Kahit na nagkaroon daw ng ilang paglabag sa social distancing ang ilang bumisita sa lugar, na kasasabi ni presidential spokesperson aaray Roque na nakakabili sa mental health ng taumbayan, agad naman daw itong naagapan dahil sa pagpapatupad ng five minute rule.","['Harry', 'nakakaigi']","{'Harry': ['carry', 'larry', 'aaray', 'aray', 'army'], 'nakakaigi': ['nakadaig', 'nakadaiti', 'nakakabili', 'nakakabingi', 'nakakadiri']}"
"Mag-log on para makakuha ng libreng voting credits, o bibili ng nasabing credits.","Mag-log on para makakuha ng libreng voting credits, o bumili ng nasabing credits.","Mag-log on para makakuha ng libreng voting credits, o bibili ng nasabing credits.",[],{}
"Pero para sa isang doktor na kriti ko ng proseso, wala pang nadidiskubre sa ngayon na paraan para ma-revive ang mga naka-preserve na katawan, at wala pang katiyakan na magkakaroon nito sa hinaharap.","Pero para sa isang doktor na kritiko ng proseso, wala pang nadidiskubre sa ngayon na paraan para ma-revive ang mga naka-preserve na katawan, at wala pang katiyakan na magkakaroon nito sa hinaharap.","Pero para sa isang doktor na daiti ko ng proseso, wala pang nadidiskubri sa ngayon na paraan para ma-revive ang mga naka-preserve na katawan, at wala pang katiyakan na magkakaroon nito sa hinaharap.","['kriti', 'naridiskubre']","{'kriti': ['kiti', 'brity', 'daiti', 'giti', 'iiti'], 'naridiskubre': ['nadidiskubre', 'madidiskubre', 'nadidiskubri', 'nadiskubre', 'nakadiskubre']}"
Dagdag pa ni Pimentel na kailangan din umanong mag-imbita ng statisticians at professors upang hingin ang kanilang opinyon sa naturang usapin dahil marami ang ipagtataka sa pagkapanalo ng may 433 katao.,Dagdag pa ni Pimentel na kailangan din umanong mag-imbita ng statisticians at professors upang hingin ang kanilang opinyon sa naturang usapin dahil marami ang nagtataka sa pagkapanalo ng may 433 katao.,Dagdag pa ni disente na kailangan din umanong mag-imbita ng statisticians at professors upang hingin ang kanilang opinyon sa naturang usapin dahil marami ang ipagtataka sa pagkapanalo ng may aal katao.,"['Pimentel', '433']","{'Pimentel': ['pimenton', 'demented', 'disente', 'epicenter', 'intel'], '433': ['p3', 'aag', 'aal', 'aam', 'aat']}"
Sa katunayan may naka-ipit pa umano na bawang sa bata na palatandaan na ayaw din niya itong mapasama.,Sa katunayan may naka-ipit pa umano na bawang sa bata na palatandaan na ayaw rin niya itong mapasama.,Sa katunayan may naka-ipit pa umano na bawang sa bata na palatandaan na ayaw rin niya itong mapasama.,[],{}
Magagalit umano ang suspek dahil sa laging nakapustura ang ginang kaya pinagdudahan na may pinagpapagandahang ibang lalaki.,Nagagalit umano ang suspek dahil sa laging nakapustura ang ginang kaya pinagdudahan na may pinagpapagandahang ibang lalaki.,Magagalit umano ang suspek dahil sa laging nakapustura ang ginang kaya pinagdudahan na may pinapataganahang ibang lalaki.,['pinagpapagandahang'],"{'pinagpapagandahang': ['pinagpapagaraang', 'pinagpaparamdamang', 'pinapataganahang', 'ipinagpaparangalang', 'nagpapabandehang']}"
"Nai enjoy raw nila nang husto ang mga na-bake nitong tinapay, lalo na ang kanyang sikat na ube pandesal.","Nai-enjoy raw nila nang husto ang mga na-bake nitong tinapay, lalo na ang kanyang sikat na ube pandesal.","Nai enjoy raw nila nang husto ang mga na-bako nitong tinapay, lalo na ang kanyang sikat na tube pandesal.","['bake', 'ube']","{'bake': ['baka', 'baked', 'bako', 'baks', 'baku'], 'ube': ['be', 'cube', 'tube', 'ubi', 'ubo']}"
Ipinaliwanag ng kalihim na nag-iingat lang ang PhilHealth dahil lahat ng pondong inilalabas ay dumadaan sa Commission on Audit (COA) at mas bumibilis ang proseso kung kumpleto sa dokumento ang mga ospital na naniningil ng kanilang claims.,Ipinaliwanag ng kalihim na nag-iingat lang ang PhilHealth dahil lahat ng pondong inilalabas ay dumadaan sa Commission on Audit (COA) at mas bibilis ang proseso kung kumpleto sa dokumento ang mga ospital na naniningil ng kanilang claims.,Ipinaliwanag ng kalihim na nag-iingat lang ang PhilHealth dahil lahat ng pondong inilalabas ay dumadaan sa Commission on Audit (coal) at mas bumibilis ang proseso kung kumpleto sa dokumento ang mga ospital na naniningil ng kanilang claims.,['COA'],"{'COA': ['cha', 'co', 'coal', 'coat', 'col']}"
"Sinasabi na dumadalaw ng suspek ang nakapiit nitong misis at magdadala ng pagkain subalit nang inspeksyunin ni P/Cpl Reymark Rigor ang dala-dala nitong ulam na nakalagay sa tupperware, dito na nakita ang isang plastic sachet na naglalaman ng shabu dahilan upang siya ang agad na dakpin.","Sinasabi na dadalawin ng suspek ang nakapiit nitong misis at magdadala ng pagkain subalit nang inspeksyunin ni P/Cpl Reymark Rigor ang dala-dala nitong ulam na nakalagay sa tupperware, dito na nakita ang isang plastic sachet na naglalaman ng shabu dahilan upang siya ang agad na dakpin.","Sinasabi na dumadalaw ng suspek ang nakapiit nitong misis at magdadala ng pagkain subalit nang inspeksyunin ni P/aal mark higom ang dala-dala nitong ulam na nakalagay sa appears, dito na nakita ang isang plastic sachet na naglalaman ng shabu dahilan upang siya ang agad na dakpin.","['Cpl', 'Reymark', 'Rigor', 'tupperware']","{'Cpl': ['cal', 'col', 'aal', 'al', 'all'], 'Reymark': ['remarks', 'earmark', 'mark', 'rear', 'rebar'], 'Rigor': ['bigo', 'bigot', 'higom', 'higop', 'igos'], 'tupperware': ['temperate', 'aftercare', 'appears', 'appelate', 'appellate']}"
"At nakumpirma ko lang ho ngayong araw na ito, siguradung-sigurado po, binigay natin yung ayuda na ibinigay natin sa Cagayan de Oro, Iloilo Province at Iloilo City, P1,000 per person hanggang P4,000 kada pamilya, ani presidential spokesperson Harry Roque, Lunes.","At nakumpirma ko lang ho ngayong araw na ito, siguradung-sigurado po, ibibigay natin yung ayuda na ibinigay natin sa Cagayan de Oro, Iloilo Province at Iloilo City, P1,000 per person hanggang P4,000 kada pamilya, ani presidential spokesperson Harry Roque, Lunes.","At nakumpirma ko lang ho ngayong araw na ito, siguraduhing-sigurado po, binigay natin yung ayuda na ibinigay natin sa Cagayan de Oro, Iloilo Province at Iloilo City, pa,aam per person hanggang pa,aam kara pamilya, ani presidential spokesperson aaray Roque, Lunes.","['siguradung', 'P1', '000', 'P4', '000', 'Harry']","{'siguradung': ['siguradong', 'seguradong', 'siguraduhing', 'dinuradong', 'igraung'], 'P1': ['p', 'p3', 'pa', 'pg', 'ph'], '000': ['aag', 'aal', 'aam', 'aat', 'aaw'], 'P4': ['p', 'p3', 'pa', 'pg', 'ph'], 'Harry': ['carry', 'larry', 'aaray', 'aray', 'army']}"
Habang nakahiga umano ang isa sa suspek ay bumunot ng patalim mula sa beywang at inundayan ng saksak sa dibdib ang biktima sinasaka tumakas.,Habang nakahiga umano ang isa sa suspek ay bumunot ng patalim mula sa beywang at inundayan ng saksak sa dibdib ang biktima saka tumakas.,Habang nakahiga umano ang isa sa suspek ay bumunot ng patalim mula sa beywang at inundayan ng saksak sa dibdib ang biktima sinasaka tumakas.,[],{}
Napasugod rin umano ang mga tauhan ng Explosive Ordnance Disposal (EOD) unit dahil may napabalitang may dalang granada ang mga suspek.,Napasugod din umano ang mga tauhan ng Explosive Ordnance Disposal (EOD) unit dahil may napabalitang may dalang granada ang mga suspek.,nagpasunod din umano ang mga tauhan ng Explosive Ordnance Disposal (eon) unit dahil may napabalitang may dalang granada ang mga suspek.,"['Napasugod', 'EOD']","{'Napasugod': ['nagpalugod', 'nagpasugo', 'nagpasunod', 'nagsugod', 'naisugod'], 'EOD': ['ed', 'end', 'eon', 'uod', 'yod']}"
"Kuwento ng mga dating kasamahan ni Herlene, dumadaan siya sa tiangge pagkatapos ng trabaho para mag-uwi ng pagkain para sa kaniyang lolo at lola na papalakihin sa kaniya.","Kuwento ng mga dating kasamahan ni Herlene, dumadaan siya sa tiangge pagkatapos ng trabaho para mag-uwi ng pagkain para sa kaniyang lolo at lola na nagpalaki sa kaniya.","Kuwento ng mga dating kasamahan ni airline, dumadaan siya sa tiangge pagkatapos ng trabaho para mag-uwi ng pagkain para sa kaniyang lolo at lola na mamalakihin sa kaniya.","['Herlene', 'papalakihin']","{'Herlene': ['helen', 'heleng', 'airline', 'berdeng', 'berlin'], 'papalakihin': ['palalakihin', 'papalakhin', 'mamalakihin', 'palakihin', 'palalakihing']}"
"Maaaring may ""immune evasion"" din daw ito, bagay na naglagay ng pangamba sa epekto nito sa mga bakuna.","Maaaring may ""immune evasion"" din daw ito, bagay na naglalagay ng pangamba sa epekto nito sa mga bakuna.","Maaaring may ""immune evasion"" din daw ito, bagay na naglagay ng pangamba sa epekto nito sa mga bakuna.",[],{}
"Ng pamilyang Pilipino (3 milyon) ang ""nagutom at walang makain"" sa huling tatlong buwan ng 2022, ito kasabay pinakamabilis na pagtaas ng presyo ng bilihin sa 14 taon.","Ng pamilyang Pilipino (3 milyon) ang ""nagutom at walang makain"" sa huling tatlong buwan ng 2022, ito kasabay ng pinakamabilis na pagtaas ng presyo ng bilihin sa 14 taon.","Ng pamilyang Pilipino (d milyon) ang ""nagutom at walang makain"" sa huling tatlong buwan ng aag, ito kasabay pinakamabilis na pagtaas ng presyo ng bilihin sa ag taon.","['3', '2022', '14']","{'3': ['b', 'c', 'd', 'e', 'f'], '2022': ['p25', 'aaba', 'aag', 'aako', 'aal'], '14': ['ab', 'ad', 'ag', 'ah', 'ak']}"
"Sinabi pa ni Lorenzana na kung siya ang tinanong wala namang kasunduan ang Pilipinas at China na alisin ang barko, na naroon pa noong 1999.","Sinabi pa ni Lorenzana na kung siya ang tatanungin wala namang kasunduan ang Pilipinas at China na alisin ang barko, na naroon pa noong 1999.","Sinabi pa ni Lorenzana na kung siya ang tinanong wala namang kasunduan ang Pilipinas at China na alisin ang barko, na naroon pa noong aako.",['1999'],"{'1999': ['aaba', 'aag', 'aako', 'aal', 'aala']}"
"Ilang beses na niyang gumawa ang ganun, pero hindi lang kumikibo ang mga nagmamahal sa istasyon, hanggang sa dumating na nga ang takdang panahon.","Ilang beses na niyang ginagawa ang ganun, pero hindi lang kumikibo ang mga nagmamahal sa istasyon, hanggang sa dumating na nga ang takdang panahon.","Ilang beses na niyang gumawa ang ganun, pero hindi lang kumikibo ang mga nagmamahal sa istasyon, hanggang sa dumating na nga ang takdang panahon.",[],{}
"Oktubre nang nasabing taon nang sabihin ng Pagcor na payag sila sa pagpapakansela ng presidente sa lahat ng license to operate ng mga casino sa Isla ng Boracay, bagay na hiningi ng Boracay Interagency Task Force.","Oktubre ng nasabing taon nang sabihin ng Pagcor na payag sila sa pagpapakansela ng presidente sa lahat ng license to operate ng mga casino sa Isla ng Boracay, bagay na hiningi ng Boracay Interagency Task Force.","Oktubre nang nasabing taon nang sabihin ng Pagcor na payag sila sa pagpapakansela ng presidente sa lahat ng license to operate ng mga casino sa Isla ng babatay, bagay na hiningi ng babatay Interagency Task Force.","['Boracay', 'Boracay']","{'Boracay': ['babagay', 'babakay', 'babatay', 'bagay', 'bahay']}"
"Ang pangunahing serbisyo nito ay ang AFCS kung saan nararanasan ng mga pasahero ang ginhawa ng cashless at contactless na pagbabayad ng pamasahe, habang tinutulungan ang mga transport operator na mas mahusay na pamahalaan ang kanilang pagkolekta, pag-record, at remittance ng kita kumpara sa tradisyonal na manu manong paraan kung saan malaki ang posibilidad ng human error at pangungupit.","Ang pangunahing serbisyo nito ay ang AFCS kung saan nararanasan ng mga pasahero ang ginhawa ng cashless at contactless na pagbabayad ng pamasahe, habang tinutulungan ang mga transport operator na mas mahusay na pamahalaan ang kanilang pagkolekta, pag-record, at remittance ng kita kumpara sa tradisyonal na manu-manong paraan kung saan malaki ang posibilidad ng human error at pangungupit.","Ang pangunahing serbisyo nito ay ang act kung saan nararanasan ng mga pasahero ang ginhawa ng cashless at contactless na pagbabayad ng pamasahe, habang tinutulungan ang mga transport operator na mas mahusay na pamahalaan ang kanilang pagkolekta, pag-record, at remittance ng kita kumpara sa tradisyonal na manu manong paraan kung saan malaki ang posibilidad ng human error at pangungupit.",['AFCS'],"{'AFCS': ['acces', 'ace', 'act', 'acts', 'ads']}"
Kaya ang paalala sa atin nang Mabuting Balita ay ilagay natin ang ating liwanag sa tamang patungan upang mailawan ang lahat.,Kaya ang paalala sa atin ng Mabuting Balita ay ilagay natin ang ating liwanag sa tamang patungan upang mailawan ang lahat.,Kaya ang paalala sa atin nang Mabuting Balita ay ilagay natin ang ating liwanag sa tamang patungan upang mailawan ang lahat.,[],{}
Apat sa walong Pinoy na dumating sa bansa mula China nitong kapaskuhan ang-nagpositibo sa COVID-19 at nakitaan ng impeksyon ng Omicron subvariants BF.7.,Apat sa walong Pinoy na dumating sa bansa mula China nitong kapaskuhan ang nagpositibo sa COVID-19 at nakitaan ng impeksyon ng Omicron subvariants BF.7.,Apat sa walong Pinoy na dumating sa bansa mula China nitong kapaskuhan ang-nagpositibo sa COVID-ag at nakitaan ng impeksyon ng Omicron subvariants ba.d.,"['19', 'BF', '7']","{'19': ['ab', 'ad', 'ag', 'ah', 'ak'], 'BF': ['abf', 'b', 'ba', 'be', 'bg'], '7': ['b', 'c', 'd', 'e', 'f']}"
"Na ni-like rin ni Carla, ano daw ang ibig sabihin ng pagla-like niya?","Na ni-like rin ni Carla, ano raw ang ibig sabihin ng pagla-like niya?","Na ni-like rin ni aala, ano raw ang ibig sabihin ng pagla-like niya?",['Carla'],"{'Carla': ['carta', 'aabla', 'aala', 'abla', 'ala']}"
"Pawang mga babae ang mga biktima, na kinalaunan ay umamin na ang pinal nilang destinasyon ay ang Erbil, Iraq kung saan nagtrabaho sila bilang mga janitress na may buwanang sahod na US$1,000 o katumbas na P54,000.","Pawang mga babae ang mga biktima, na kinalaunan ay umamin na ang pinal nilang destinasyon ay ang Erbil, Iraq kung saan magtatrabaho sila bilang mga janitress na may buwanang sahod na US$1,000 o katumbas na P54,000.","Pawang mga babae ang mga biktima, na kinalaunan ay umamin na ang pinal nilang destinasyon ay ang bibil, irap kung saan nagtrabaho sila bilang mga mattress na may buwanang sahod na US$d,aam o katumbas na p25,aam.","['Erbil', 'Iraq', 'janitress', '1', '000', 'P54', '000']","{'Erbil': ['ambil', 'berbal', 'bibil', 'bil', 'dril'], 'Iraq': ['ira', 'iral', 'irap', 'arag', 'aral'], 'janitress': ['actress', 'janitors', 'mattress', 'actres', 'address'], '1': ['b', 'c', 'd', 'e', 'f'], '000': ['aag', 'aal', 'aam', 'aat', 'aaw'], 'P54': ['p57', 'p', 'p25', 'p3', 'p75']}"
Iniyakan tayo dahil tayong lahat ay nagdidiwang at nagbubunyi.,Umiiyak tayo dahil tayong lahat ay nagdidiwang at nagbubunyi.,Iniyakan tayo dahil tayong lahat ay nagdidiwang at nagbubunyi.,[],{}
Tinangka pang isugod nang rescue team ng bayan sa Bicol Medical Center sa Naga City pero hindi na umabot nang buhay ang biktima na nakilalang si Jimby Basagne.,Tinangka pang isugod ng rescue team ng bayan sa Bicol Medical Center sa Naga City pero hindi na umabot nang buhay ang biktima na nakilalang si Jimby Basagne.,Tinangka pang isugod nang rescue team ng bayan sa Bicol Medical Center sa Naga City pero hindi na umabot nang buhay ang biktima na nakilalang si imbi basaang.,"['Jimby', 'Basagne']","{'Jimby': ['himay', 'imbay', 'imbi', 'jumbo', 'kimay'], 'Basagne': ['bahage', 'basaan', 'basaang', 'basag', 'basagin']}"
"Sa nangyari, ibat ibang samahan ang nanawagan pag re- release kay Flores.","Sa nangyari, ibat ibang samahan ang nanawagan ng pag re- release kay Flores.","Sa nangyari, ibat ibang samahan ang nanawagan pag re- release kay fares.",['Flores'],"{'Flores': ['flares', 'amores', 'fares', 'fires', 'flare']}"
"Nabulabog ang pagpapahinga na sana ng mga residente sa isang compound sa Mandaluyong City ng bigla na lang sumulpot ang isang sawa, kamakalawa ng gabi.","Nabulabog ang pagpapahinga na sana ng mga residente sa isang compound sa Mandaluyong City nang bigla na lang sumulpot ang isang sawa, kamakalawa ng gabi.","Nabulabog ang pagpapahinga na sana ng mga residente sa isang compound sa pandaluhong City ng bigla na lang sumulpot ang isang sawa, kamakalawa ng gabi.",['Mandaluyong'],"{'Mandaluyong': ['mandaluhong', 'nandaluhong', 'pandaluhong', 'andamyong', 'dadaluhong']}"
Nagbabala ng mas maraming COVID-19 hospitalizations ang Department of Health (DOH) kung mababawasan pa ang susundan sa health protocols at nagpapa-booster laban sa nakamamatay na virus ?? bagay na maaaring mas malala pa raw kaysa noong kasagsagan ng mas nakahahawang Delta variant sa Pilipinas.,Nagbabala ng mas maraming COVID-19 hospitalizations ang Department of Health (DOH) kung mababawasan pa ang sumusunod sa health protocols at nagpapa-booster laban sa nakamamatay na virus ?? bagay na maaaring mas malala pa raw kaysa noong kasagsagan ng mas nakahahawang Delta variant sa Pilipinas.,Nagbabala ng mas maraming COVID-ag hospitalizations ang Department of Health (DOH) kung mababawasan pa ang susundan sa health protocols at nagpapa-booster laban sa nakamamatay na virus ?? bagay na maaaring mas malala pa raw kaysa noong kasagsagan ng mas nakahahawang Delta variant sa Pilipinas.,['19'],"{'19': ['ab', 'ad', 'ag', 'ah', 'ak']}"
"Kamakailan, may nadiskubre din na hinihinalang vintage bomb sa isang excavation site sa loob ng Maynilad Compound sa Brgy.","Kamakailan, may nadiskubre rin na hinihinalang vintage bomb sa isang excavation site sa loob ng Maynilad Compound sa Brgy.","Kamakailan, may nadeskubre rin na hinihinalang vintage bomb sa isang excavation site sa loob ng mabilad Compound sa Brgy.","['nariskubre', 'Maynilad']","{'nariskubre': ['nadiskubre', 'madiskubre', 'nadeskubre', 'nadikubre', 'nadiskubri'], 'Maynilad': ['maynila', 'baynila', 'mabilad', 'magbilad', 'magnilay']}"
Pinalagan naman ito ng Palasyo sa pagsasabing ang desisyon ng IATF ang ang dapat na masunod ukol dito.,Pinalagan naman ito ng Palasyo sa pagsasabing ang desisyon ng IATF ang dapat na masunod ukol dito.,Pinalagan naman ito ng Palasyo sa pagsasabing ang desisyon ng abf ang ang dapat na masunod ukol dito.,['IATF'],"{'IATF': ['aat', 'aato', 'abf', 'anf', 'at']}"
"We are scheduling our replacement doon po sa time na mangangailangan natin itong mga replaced doses na dahil sa ngayon, sufficient pa po ang bakuna natin, aniya pa.","We are scheduling our replacement doon po sa time na kakailanganin natin itong mga replaced doses na dahil sa ngayon, sufficient pa po ang bakuna natin, aniya pa.","We are scheduling our replacement doon po sa time na mangangailangan natin itong mga relaxed doses na dahil sa ngayon, sufficient pa po ang bakuna natin, aniya pa.",['replaced'],"{'replaced': ['replace', 'related', 'relaxed', 'repacked', 'repealed']}"
"Pabor ho iyan sa ating mga pasahero dahil malaki ang matitipid nila nila sa pagbili ng airfare, ani Apolonio.","Pabor ho iyan sa ating mga pasahero dahil malaki ang matitipid nila sa pagbili ng airfare, ani Apolonio.","Pabor ho iyan sa ating mga pasahero dahil malaki ang matitipid nila nila sa pagbili ng aararo, ani apology.","['airfare', 'Apolonio']","{'airfare': ['airbase', 'warfare', 'aararo', 'airborne', 'airflow'], 'Apolonio': ['antonio', 'apologize', 'apology', 'apolohiya', 'aporong']}"
"Pero depensa ng suspek, ipinasa lang umano sa ka niya ang baril.","Pero depensa ng suspek, ipinasa lang umano sa kaniya ang baril.","Pero depensa ng suspek, ipinasa lang umano sa ka niya ang baril.",[],{}
Inaalam pa ng BFP ang sanhi-ng apoy.,Inaalam pa ng BFP ang sanhi ng apoy.,Inaalam pa ng ap ang sanhi-ng apoy.,['BFP'],"{'BFP': ['dfp', 'abf', 'ap', 'app', 'atp']}"
"Sabi ng PSA, dahil sa pagbibigay ng birth certificate sa mga walang kilalang magulang, libo-libong mga bata ang magkakaroon ng pantay na oportunidad at serbis??yo lalo na sa pag enroll sa paaralan, aplikasyon para sa pasaporte, pag-apply sa trabaho at iba pa.","Sabi ng PSA, dahil sa pagbibigay ng birth certificate sa mga walang kilalang magulang, libo-libong mga bata ang magkakaroon ng pantay na oportunidad at serbis??yo lalo na sa pag-enroll sa paaralan, aplikasyon para sa pasaporte, pag-apply sa trabaho at iba pa.","Sabi ng PSA, dahil sa pagbibigay ng birth certificate sa mga walang kilalang magulang, libo-libong mga bata ang magkakaroon ng pantay na oportunidad at serb??yo lalo na sa pag enroll sa paaralan, aplikasyon para sa pasaporte, pag-apply sa trabaho at iba pa.",['serbis'],"{'serbis': ['seis', 'sepsis', 'serb', 'serbesa', 'serbisan']}"
"Kapag bumalik kaya siya ng bansa, kapag natuloy ang balak raw ni Director Paul Soriano na magprodyus ng movie na pagbibidahan nito, payagan na kaya siyang magsalita ng ilang bagay about her personal life and about Zac?","Kapag bumalik kaya siya ng bansa, kapag natuloy ang balak daw ni Director Paul Soriano na magprodyus ng movie na pagbibidahan nito, payagan na kaya siyang magsalita ng ilang bagay about her personal life and about Zac?","Kapag bumalik kaya siya ng bansa, kapag natuloy ang balak daw ni Director Paul Soriano na magprodyus ng movie na pagbibilihan nito, payagan na kaya siyang magsalita ng ilang bagay about her personal life and about aam?","['pagbibidahan', 'Zac']","{'pagbibidahan': ['pagbibigayan', 'pagbibilhan', 'pagbibilihan', 'pinagbibidahan', 'bibidahan'], 'Zac': ['aag', 'aal', 'aam', 'aat', 'aaw']}"
"Kasama ang manager ni Mahal na si Jethro, dinala na daw nila sa hospital, dahil sa hirap na itong huminga.","Kasama ang manager ni Mahal na si Jethro, dinala na raw nila sa hospital, dahil sa hirap na itong huminga.","Kasama ang manager ni Mahal na si setro, dinala na raw nila sa hospital, dahil sa hirap na itong huminga.",['Jethro'],"{'Jethro': ['metro', 'retiro', 'setro', 'tetro', 'ataro']}"
Nagbalik na sa pag-arte sa telebisyon si Rachel Alejandro.,Nagbabalik na sa pag-arte sa telebisyon si Rachel Alejandro.,Nagbalik na sa pag-arte sa telebisyon si caches adelanto.,"['Rachel', 'Alejandro']","{'Rachel': ['ache', 'cache', 'caches', 'kahel', 'race'], 'Alejandro': ['alexander', 'aligando', 'adelanto', 'alabastro', 'alahero']}"
Tutol ang 4Ps Party-list sa mungkahi hindi dapat bigyan ng subsidiya ang mga 4Ps beneficiaries na hindi pa bakunado.,Tutol ang 4Ps Party-list sa mungkahi na hindi dapat bigyan ng subsidiya ang mga 4Ps beneficiaries na hindi pa bakunado.,Tutol ang ads Party-list sa mungkahi hindi dapat bigyan ng subsidiya ang mga ads beneficiaries na hindi pa bakunado.,"['4Ps', '4Ps']","{'4Ps': ['ops', 'ups', 'ads', 'als', 'ap']}"
Una nang nagsabi ng Pilipinas na mag-iexport ito ng oxygen sa Indonesia bilang tulong sa tumataas na kaso ng COVID-19 dahil sa Delta variant sa nasabing bansa.,Una nang sinabi ng Pilipinas na mag-iexport ito ng oxygen sa Indonesia bilang tulong sa tumataas na kaso ng COVID-19 dahil sa Delta variant sa nasabing bansa.,Una nang nagsabi ng Pilipinas na mag-iexport ito ng oxygen sa idinasig bilang tulong sa tumataas na kaso ng COVID-ag dahil sa Delta variant sa nasabing bansa.,"['Indonesia', '19']","{'Indonesia': ['amnesia', 'diakonesa', 'idinasig', 'inaaresta', 'inaresta'], '19': ['ab', 'ad', 'ag', 'ah', 'ak']}"
"Bakit sinasabi na may doktor daw nakita na harap-harapan yung biktima, w hich is si Matthew, na hindi tinulungan.","Bakit sinasabi na may doktor daw nakita na harap-harapan yung biktima, which is si Matthew, na hindi tinulungan.","Bakit sinasabi na may doktor daw nakita na harap-harapan yung biktima, w which is si matter, na hindi tinulungan.","['hich', 'Matthew']","{'hich': ['high', 'rich', 'which', 'arch', 'cice'], 'Matthew': ['matched', 'matches', 'matter', 'anthem', 'batches']}"
Napabalita na papasukin din si Julia sa Ang Probinsyano pero nauna nang nakasali sa five-year old teleserye si Jane de Leon matapos ??patayin?? sa eksena si Yassi Pressman.,Napabalita na papasok din si Julia sa Ang Probinsyano pero nauna nang nakasali sa five-year old teleserye si Jane de Leon matapos ??patayin?? sa eksena si Yassi Pressman.,Napabalita na papasukin din si buli sa Ang Probinsyano pero nauna nang nakasali sa five-year old teleserye si vane de Leon matapos ??patayin?? sa eksena si asst presmang.,"['Julia', 'Jane', 'Yassi', 'Pressman']","{'Julia': ['buhia', 'bula', 'buli', 'bulid', 'bulig'], 'Jane': ['june', 'lane', 'vane', 'aang', 'aani'], 'Yassi': ['asi', 'ass', 'asst', 'baisi', 'bansi'], 'Pressman': ['presman', 'freshman', 'presmang', 'presscon', 'presuhan']}"
Naiintriga kami sinasabi niyang ??may paglalagyan kayo? at yung idinidiin nila ang ??n??yo at kayo.,Naiintriga kami sa sinasabi niyang ??may paglalagyan kayo? at yung idinidiin nila ang ??n??yo at kayo.,intriga kami sinasabi niyang ??may paglalagyan kayo? at yung idinidiing nila ang ??n??yo at kayo.,"['Naiintriga', 'irinidiin']","{'Naiintriga': ['naintriga', 'maintriga', 'intriga', 'halintigal', 'ientrega'], 'irinidiin': ['idinidiin', 'idindiin', 'idinidiing', 'itinitiin', 'ibinibitin']}"
Nauna nang dadalo si Juancho ng kaniyang virtual graduation ceremony noong nakaraang taon at nagkaroon ng degree na Bachelor of Science in Entrepreneurship.,Nauna nang dumalo si Juancho ng kaniyang virtual graduation ceremony noong nakaraang taon at nagkaroon ng degree na Bachelor of Science in Entrepreneurship.,Nauna nang dadalo si franche ng kaniyang virtual graduation ceremony noong nakaraang taon at nagkaroon ng degree na achor of Science in Entrepreneurship.,"['Juancho', 'Bachelor']","{'Juancho': ['anchor', 'branch', 'franche', 'guano', 'kuneho'], 'Bachelor': ['bachelors', ""bachelor's"", 'achor', 'backdoor', 'backer']}"
Sa ngayon ay 57-anyos na si Itaas na umapela sa gobyerno na hayaan na siyang mabuhay ng mapayapa kapiling ang pamilya pamilya.,Sa ngayon ay 57-anyos na si Itaas na umapela sa gobyerno na hayaan na siyang mabuhay ng mapayapa kapiling ang pamilya.,Sa ngayon ay ad-anyos na si Itaas na umapela sa gobyerno na hayaan na siyang mabuhay ng mapayapa kapiling ang pamilya pamilya.,['57'],"{'57': ['p57', 'ab', 'ad', 'ag', 'ah']}"
Marami ng nag-alok kay Vice Ganda na subukan ang mundo ng pulitika.,Marami nang nag-alok kay Vice Ganda na subukan ang mundo ng pulitika.,Marami ng nag-alok kay Vice Ganda na subukan ang mundo ng pulitika.,[],{}
"Bukod kasi sa paglalaba, siya rin raw ang tiga-saing, tiga-linis at tiga-hugas ng pinggan sa bahay.","Bukod kasi sa paglalaba, siya rin daw ang tiga-saing, tiga-linis at tiga-hugas ng pinggan sa bahay.","Bukod kasi sa paglalaba, siya rin daw ang higa-saing, higa-linis at higa-hugas ng pinggan sa bahay.","['tiga', 'tiga', 'tiga']","{'tiga': ['biga', 'diga', 'higa', 'iga', 'liga']}"
"Dahil dito, sinuspinde muna nang Meralco ang pagpuputol ng serbisyo ng kuryente sa mga kostumer nila sa mga naturang lugar, na hindi nakakapagbayad ng kanilang nakokonsumong elektrisidad.","Dahil dito, sinuspinde muna ng Meralco ang pagpuputol ng serbisyo ng kuryente sa mga kostumer nila sa mga naturang lugar, na hindi nakakapagbayad ng kanilang nakokonsumong elektrisidad.","Dahil dito, sinuspinde muna nang Meralco ang pagpuputol ng serbisyo ng kuryente sa mga kostumer nila sa mga naturang lugar, na hindi nakakapagbayad ng kanilang nakokonsumong elektrisidad.",[],{}
"Aniya, panahon ng matigil ang hindi makataong hangarin ng grupo lalo na sa mga kabataan.","Aniya, panahon nang matigil ang hindi makataong hangarin ng grupo lalo na sa mga kabataan.","Aniya, panahon ng matigil ang hindi makataong hangarin ng grupo lalo na sa mga kabataan.",[],{}
Sobra kaming natuwa Coco Martin nang nakapanayam namin sa nakaraang premiere night ng pelikulang Apag na entry ni direk Brillante Mendoza sa nalalapit na Summer Metro Manila Film Festival.,Sobra kaming natuwa kay Coco Martin nang nakapanayam namin sa nakaraang premiere night ng pelikulang Apag na entry ni direk Brillante Mendoza sa nalalapit na Summer Metro Manila Film Festival.,Sobra kaming natuwa Coco mariin nang nakapanayam namin sa nakaraang premiere night ng pelikulang anag na entry ni direk bihilante bendita sa nalalapit na Summer Metro Manila Film Festival.,"['Martin', 'Apag', 'Brillante', 'Mendoza']","{'Martin': ['margin', 'marhin', 'mariin', 'martir', 'matin'], 'Apag': ['aag', 'amag', 'anag', 'apa', 'apad'], 'Brillante': ['brilyante', 'brilliant', 'bihilante', 'bolante', 'brilyanteng'], 'Mendoza': ['pendola', 'benda', 'bendita', 'bentosa', 'endo']}"
"Ayon sa NGCP, malinaw naman na serbisyo ang ibinigay ng AS at hindi reserbang enerhiya na maaaring gamitin ng grid sa mga panahon na manipis ang supply ng enerhiya.","Ayon sa NGCP, malinaw naman na serbisyo ang ibinibigay ng AS at hindi reserbang enerhiya na maaaring gamitin ng grid sa mga panahon na manipis ang supply ng enerhiya.","Ayon sa naco, malinaw naman na serbisyo ang ibinigay ng AS at hindi reserbang enerhiya na maaaring gamitin ng grid sa mga panahon na manipis ang supply ng enerhiya.",['NGCP'],"{'NGCP': ['agap', 'gap', 'naco', 'nagco', 'ncr']}"
Plano rin ni yang gamitin ang pera sa pamumuhunan sa Mutual Fund at maglagay sa time deposit.,Plano rin niyang gamitin ang pera sa pamumuhunan sa Mutual Fund at maglagay sa time deposit.,Plano rin ni yang gamitin ang pera sa pamumuhunan sa Mutual Fund at maglagay sa time deposit.,[],{}
Matagal tagal nang hindi nakagagawa ng pelikula si Sharon. Para sa Megastar ay talagang maipagmamalaki niya ang bagong gagawin sa mga manonood sa buong mundo.,Matagal-tagal nang hindi nakagagawa ng pelikula si Sharon. Para sa Megastar ay talagang maipagmamalaki niya ang bagong gagawin sa mga manonood sa buong mundo.,Matagal tagal nang hindi nakagagawa ng pelikula si hapon. Para sa legasya ay talagang maipagmamalaki niya ang bagong gagawin sa mga manonood sa buong mundo.,"['Sharon', 'Megastar']","{'Sharon': ['baron', 'hamon', 'hapon', 'haro', 'harok'], 'Megastar': ['magasta', 'gagasta', 'legasya', 'mabasta', 'magasgas']}"
"So, umasa natin within this week matapos tayo, patuloy niya.","So, inaasahan natin within this week matapos tayo, patuloy niya.","So, umasa natin within this week matapos tayo, patuloy niya.",[],{}
Tigilan na ang mga away-away dahil hihindi na tayo bumabata.,Tigilan na ang mga away-away dahil hindi na tayo bumabata.,Tigilan na ang mga away-away dahil hihikbi na tayo bumabata.,['hihindi'],"{'hihindi': ['hihingi', 'hihibi', 'hihikbi', 'hihina', 'hihinay']}"
Pero-sulit pag nara-ting mo na ang falls.,Pero sulit pag nara-ting mo na ang falls.,Pero-sulit pag nara-ting mo na ang falls.,[],{}
Bibida naman si Tony sa Altered kung saan ta nging hanapbuhay niya ang pag-eedit ng mga litrato upang siraan ang mga kilalang personalidad.,Bibida naman si Tony sa Altered kung saan tanging hanapbuhay niya ang pag-eedit ng mga litrato upang siraan ang mga kilalang personalidad.,ibibida naman si tone sa battered kung saan ta nging hanapbuhay niya ang pag-awdit ng mga litrato upang siraan ang mga kilalang personalidad.,"['Bibida', 'Tony', 'Altered', 'eedit']","{'Bibida': ['bibira', 'bobida', 'ibibida', 'ibida', 'bibi'], 'Tony': ['mony', 'ton', 'tone', 'tong', 'tono'], 'Altered': ['alleged', 'alter', 'battered', 'entered', 'filtered'], 'eedit': ['edit', 'audit', 'awdit', 'credit', 'debit']}"
Sa segment na ??Pasabog Na Chika? ng prograna ay natanong ang aktor-kung totoong may ??something? na pagitan nila ni Mikee.,Sa segment na ??Pasabog Na Chika? ng prograna ay natanong ang aktor kung totoong may ??something? na pagitan nila ni Mikee.,Sa segment na ??Pasabog Na Chika? ng programat ay natanong ang aktor-kung totoong may ??something? na pagitan nila ni biker.,"['prograna', 'Mikee']","{'prograna': ['programa', 'program', 'programat', 'programs', 'drogang'], 'Mikee': ['mike', 'bike', 'biker', 'bikes', 'dike']}"
"Maria, nakatutok ngayon ang PAL sa pagiging cargo airline at may mga cargo flight na ito at bumibiyahe na rin ito sa mga bagong lugar na hindi nito pumupunta noon.","Maria, nakatutok ngayon ang PAL sa pagiging cargo airline at may mga cargo flight na ito at bumibiyahe na rin ito sa mga bagong lugar na hindi nito pinupuntahan noon.","maia, nakatutok ngayon ang PAL sa pagiging cargo airline at may mga cargo flight na ito at bumibiyahe na rin ito sa mga bagong lugar na hindi nito pumupunta noon.",['Maria'],"{'Maria': ['aria', 'mafia', 'maia', 'mara', 'mari']}"
"Nagiisip na siya ng negosyo ngayon dahil alam naman niya na sa kasalukuyang sitwasyon, mahirap mong asahan ang show business lamang.","Nag-iisip na siya ng negosyo ngayon dahil alam naman niya na sa kasalukuyang sitwasyon, mahirap mong asahan ang show business lamang.","nagigisi na siya ng negosyo ngayon dahil alam naman niya na sa kasalukuyang sitwasyon, mahirap mong asahan ang show business lamang.",['Nagiisip'],"{'Nagiisip': ['naiisip', 'maiisip', 'nagigisi', 'nagisi', 'nagkaisip']}"
"Sa kuha ng CCTV camera, makikita ang truck na minamaneho ni Jenry Sinlao, na nagmamaniobra sa national highway sa bahagi ng Barangay Poblacion West, para papasukin sa gasolinahan.","Sa kuha ng CCTV camera, makikita ang truck na minamaneho ni Jenry Sinlao, na nagmamaniobra sa national highway sa bahagi ng Barangay Poblacion West, para pumasok sa gasolinahan.","Sa kuha ng CCTV camera, makikita ang truck na minamaneho ni entry pinlak, na nagmamaniobra sa national highway sa bahagi ng Barangay Poblacion West, para papasukin sa gasolinahan.","['Jenry', 'Sinlao']","{'Jenry': ['jerry', 'deny', 'entry', 'ferry', 'jeeney'], 'Sinlao': ['bilao', 'inla', 'pinlak', 'pinlano', 'sanla']}"
At least kung may mga naghihiwalay may nagpakasal din naman.,At least kung may mga naghihiwalay may nagpapakasal din naman.,At least kung may mga naghihiwalay may nagpakasal din naman.,[],{}
Matapos ang pagpatay ay binalot umano nila ng kumot ang katawan ng biktima saka dinala sa Burnaby Park kung saan sunog nila ito.,Matapos ang pagpatay ay binalot umano nila ng kumot ang katawan ng biktima saka dinala sa Burnaby Park kung saan sinunog nila ito.,Matapos ang pagpatay ay binalot umano nila ng kumot ang katawan ng biktima saka dinala sa banay Park kung saan sunog nila ito.,['Burnaby'],"{'Burnaby': ['baby', 'banaba', 'banay', 'bignay', 'binab']}"
"If you were really serious about this issue, this would be at the top of your head at talagang nagsabi mo sa publiko na ito ang numero na maaari mong tawagan at i-text, ani Poe.","If you were really serious about this issue, this would be at the top of your head at talagang sasabihin mo sa publiko na ito ang numero na maaari mong tawagan at i-text, ani Poe.","If you were really serious about this issue, this would be at the top of your head at talagang nagsabi mo sa publiko na ito ang numero na maaari mong tawagan at i-text, ani pon.",['Poe'],"{'Poe': ['po', 'pole', 'pon', 'pop', 'por']}"
"Hindi ko talaga makalimutan, day 1 ng 2020, sabi ko, This is the day day kaya i-claim niyong lahat.","Hindi ko talaga makalimutan, day 1 ng 2020, sabi ko, This is the day kaya i-claim niyong lahat.","Hindi ko talaga makalimutan, day d ng aag, sabi ko, This is the day day kaya i-claim niyong lahat.","['1', '2020']","{'1': ['b', 'c', 'd', 'e', 'f'], '2020': ['p25', 'aaba', 'aag', 'aako', 'aal']}"
"Noong ilabas ang minus one ng Sanay Wala Nang Wakas, at iyan ay yari noong buhay pa si Willy Cruz, walang ibinigay na written consent, pero may presumed consent na kantahin iyon ng kahit na sinong bumili ng minus one at multiplex, maliban kung iyon ay pagkakakitaan.","Noong ilabas ang minus one ng Sanay Wala Nang Wakas, at iyan ay nangyari noong buhay pa si Willy Cruz, walang ibinigay na written consent, pero may presumed consent na kantahin iyon ng kahit na sinong bumili ng minus one at multiplex, maliban kung iyon ay pagkakakitaan.","Noong ilabas ang minus one ng Sanay Wala Nang Wakas, at iyan ay yari noong buhay pa si belly Cruz, walang ibinigay na written consent, pero may presumed consent na kantahin iyon ng kahit na sinong bumili ng minus one at multiplied, maliban kung iyon ay pagkakakitaan.","['Willy', 'multiplex']","{'Willy': ['will', 'ally', 'belly', 'bill', 'bills'], 'multiplex': ['multiple', 'multipler', 'multiplied', 'multiplier', 'multiply']}"
"Bagamat stable at wala namang nararamdamang kakaiba ang lalaki, hindi muna siya pinayagang pumasok sa trabaho Zamboanga City Health Office.","Bagamat stable at wala namang nararamdamang kakaiba ang lalaki, hindi muna siya pinayagang pumasok sa trabaho ng Zamboanga City Health Office.","Bagamat stable at wala namang nararamdamang kakaiba ang lalaki, hindi muna siya pinayagang pumasok sa trabaho Zamboanga City Health Office.",[],{}
Nagsabi rin ni Roque na kapag dumating na ang maraming bakuna ay ilalaan ang 42% sa National Capital Region Plus kasama na ang Metro Cebu at Metro Davao samantalang ang mahigit sa 60% ay mapupunta sa nalalabing bahagi ng Pilipinas.,Sinabi rin ni Roque na kapag dumating na ang maraming bakuna ay ilalaan ang 42% sa National Capital Region Plus kasama na ang Metro Cebu at Metro Davao samantalang ang mahigit sa 60% ay mapupunta sa nalalabing bahagi ng Pilipinas.,Nagsabi rin ni Roque na kapag dumating na ang maraming bakuna ay ilalaan ang ag% sa National Capital Region Plus kasama na ang Metro Cebu at Metro daan samantalang ang mahigit sa ag% ay mapupunta sa nalalabing bahagi ng Pilipinas.,"['42', 'Davao', '60']","{'42': ['ab', 'ad', 'ag', 'ah', 'ak'], 'Davao': ['avai', 'cavan', 'daan', 'dabaw', 'dadag'], '60': ['ab', 'ad', 'ag', 'ah', 'ak']}"
"Sa kalihim, lumabas ang resulta ng kanyang COVID test, alas-11:29 ng umaga, halos kalahating oras bago ito magsimula sa kanyang press briefing.","Ayon sa kalihim, lumabas ang resulta ng kanyang COVID test, alas-11:29 ng umaga, halos kalahating oras bago ito magsimula sa kanyang press briefing.","Sa kalihim, lumabas ang resulta ng kanyang COVID test, alas-ag:ag ng umaga, halos kalahating oras bago ito magsimula sa kanyang press briefing.","['11', '29']","{'11': ['ab', 'ad', 'ag', 'ah', 'ak'], '29': ['ab', 'ad', 'ag', 'ah', 'ak']}"
Tatangkain ng Tropang Giga na tapusin ang ang serye sa Game Five bukas.,Tatangkain ng Tropang Giga na tapusin ang serye sa Game Five bukas.,Tatangkain ng Tropang gaga na tapusin ang ang serye sa Game Five bukas.,['Giga'],"{'Giga': ['biga', 'diga', 'gaga', 'gia', 'giba']}"
"At totoo din yung sinabi niya na ang love hindi naman hinahanap, dumarating lang sa tamang panahon.","At totoo rin yung sinabi niya na ang love hindi naman hinahanap, dumarating lang sa tamang panahon.","At totoo rin yung sinabi niya na ang love hindi naman hinahanap, dumarating lang sa tamang panahon.",[],{}
"Nabuko ang palihim na pagpupuslit ng ilegal na droga ng dalawang dayuhan sa mga bilanggong nakaditine sa Bureau of Immigration Wardens Facility sa Taguig City ng masabat sa kanila ang nasa 30 gramo ng hinihinalang shabu, kamakalawa ng gabi.","Nabuko ang palihim na pagpupuslit ng ilegal na droga ng dalawang dayuhan sa mga bilanggong nakaditine sa Bureau of Immigration Wardens Facility sa Taguig City nang masabat sa kanila ang nasa 30 gramo ng hinihinalang shabu, kamakalawa ng gabi.","Nabuko ang palihim na pagpupuslit ng ilegal na droga ng dalawang dayuhan sa mga bilanggong kakariting sa Bureau of Immigration wardeng Facility sa Taguig City ng masabat sa kanila ang nasa ag gramo ng hinihinalang shabu, kamakalawa ng gabi.","['nakaritine', 'Wardens', '30']","{'nakaritine': ['nakaditine', 'kakaritin', 'kakariting', 'nakabitin', 'nakabiting'], 'Wardens': ['gardens', 'warden', 'wardeng', 'awardees', 'awardess'], '30': ['ab', 'ad', 'ag', 'ah', 'ak']}"
Kaniniwala naman si Lacson na sakaling lumiban siya sa huling serye ng debate ay hindi na mahalaga dahil naipakilala na niya ang sarili sa mga nagdaang debate at wala na itong malaking epekto sa kanya.,Naniniwala naman si Lacson na sakaling lumiban siya sa huling serye ng debate ay hindi na mahalaga dahil naipakilala na niya ang sarili sa mga nagdaang debate at wala na itong malaking epekto sa kanya.,paniniwala naman si ason na sakaling lumiban siya sa huling serye ng debate ay hindi na mahalaga dahil naipakilala na niya ang sarili sa mga nagdaang debate at wala na itong malaking epekto sa kanya.,"['Kaniniwala', 'Lacson']","{'Kaniniwala': ['maniniwala', 'naniniwala', 'paniniwala', 'niniwala', 'ikatitiwala'], 'Lacson': ['lason', 'arson', 'ason', 'kalson', 'labon']}"
"Ayon Public Health France, nagtala sila ng 5,000 bagong kaso ng human immunodeficiency virus (HIV) noong 2021 at 15% dito ay nasa edad 26 pababa.","Ayon sa Public Health France, nagtala sila ng 5,000 bagong kaso ng human immunodeficiency virus (HIV) noong 2021 at 15% dito ay nasa edad 26 pababa.","Ayon Public Health arancel, nagtala sila ng d,aam bagong kaso ng human immunodeficiency virus (him) noong aag at ag% dito ay nasa edad ag pababa.","['France', '5', '000', 'HIV', '2021', '15', '26']","{'France': ['franche', 'rance', 'arancel', 'avance', 'brace'], '5': ['b', 'c', 'd', 'e', 'f'], '000': ['aag', 'aal', 'aam', 'aat', 'aaw'], 'HIV': ['hi', 'hil', 'him', 'hin', 'his'], '2021': ['p25', 'aaba', 'aag', 'aako', 'aal'], '15': ['ab', 'ad', 'ag', 'ah', 'ak'], '26': ['ab', 'ad', 'ag', 'ah', 'ak']}"
"Pag makakakita ko na tumayo na si Senator Loren, alam ko na meron talaga siyang magagawa para sa environment, para sa green issues.","Pag nakikita ko na tumayo na si Senator Loren, alam ko na meron talaga siyang magagawa para sa environment, para sa green issues.","Pag makakakita ko na tumayo na si Senator corn, alam ko na meron talaga siyang magagawa para sa environment, para sa green issues.",['Loren'],"{'Loren': ['born', 'core', 'corn', 'forex', 'holen']}"
Ipinaliwanag ni Janice na kung ibang tao ito ay sa ibang paraan niya ito sasabihin at hindi sa kung paano sinasabi ni Ruffa.,Ipinaliwanag ni Janice na kung ibang tao ito ay sa ibang paraan niya ito sasabihin at hindi sa kung paano sinabi ni Ruffa.,Ipinaliwanag ni Janice na kung ibang tao ito ay sa ibang paraan niya ito sasabihin at hindi sa kung paano sinasabi ni rumba.,['Ruffa'],"{'Ruffa': ['rubya', 'rula', 'rumba', 'ruta', 'aruga']}"
Hinikayat rin ng FDA at DOH ang lahat ng health workers na magpabakuna dahil milyon-milyong tao na sa mundo ang nabakunahan.,Hinikayat din ng FDA at DOH ang lahat ng health workers na magpabakuna dahil milyon-milyong tao na sa mundo ang nabakunahan.,Hinikayat din ng FDA at DOH ang lahat ng health workers na magpabakuna dahil milyon-milyong tao na sa mundo ang nabakunahan.,[],{}
Saktong-sakto ito sa mga pagdadaang problema nina Deib (Donny Pangilinan) at Max (Belle Mariano) sa kanilang relasyon base sa trailer nang palabas.,Saktong-sakto ito sa mga pagdadaang problema nina Deib (Donny Pangilinan) at Max (Belle Mariano) sa kanilang relasyon base sa trailer ng palabas.,Saktong-sakto ito sa mga padadaang problema nina daig (dineny Pangilinan) at Max (baile ariang) sa kanilang relasyon base sa trailer nang palabas.,"['pagdadaang', 'Deib', 'Donny', 'Belle', 'Mariano']","{'pagdadaang': ['magdadaang', 'nagdadaang', 'padadaang', 'pagdadalang', 'pagdadarang'], 'Deib': ['dib', 'anib', 'daig', 'dais', 'dait'], 'Donny': ['danay', 'deny', 'dineny', 'doing', 'don'], 'Belle': ['bell', 'belly', 'baile', 'balae', 'balde'], 'Mariano': ['marino', 'arian', 'ariang', 'harian', 'hariang']}"
Bukod kay Sarah ay gusto ring makatrabaho ng singer ang ilang mga banda o rapper na kasamahan rin sa Viva ngayon.,Bukod kay Sarah ay gusto ring makatrabaho ng singer ang ilang mga banda o rapper na kasamahan din sa Viva ngayon.,Bukod kay sarat ay gusto ring makatrabaho ng singer ang ilang mga banda o rapper na kasamahan din sa Viva ngayon.,['Sarah'],"{'Sarah': ['sara', 'sarap', 'sarat', 'saray', 'aarag']}"
"Marami talaga ang interesado sa love life ni aktres, kaya nga pati ang ibang mga posting niya sa social media ay bibigyan ng ibat ibang kahulugan.","Marami talaga ang interesado sa love life ni aktres, kaya nga pati ang ibang mga posting niya sa social media ay binibigyan ng ibat ibang kahulugan.","Marami talaga ang interesado sa love life ni aktres, kaya nga pati ang ibang mga posteng niya sa social media ay bibigyan ng ibat ibang kahulugan.",['posting'],"{'posting': ['costing', 'posing', 'posteng', 'postings', 'bisting']}"
"Ng hindi na maging aktibo sa showbiz, nangibang-bansa noon si Priscilla, at napunta naman sa paglililok o wood carving si Leandro sa Laguna.","Nang hindi na maging aktibo sa showbiz, nangibang-bansa noon si Priscilla, at napunta naman sa paglililok o wood carving si Leandro sa Laguna.","Ng hindi na maging aktibo sa showbiz, nangibang-bansa noon si crisisa, at napunta naman sa paglililok o wood aaring si centro sa Laguna.","['Priscilla', 'carving', 'Leandro']","{'Priscilla': ['principle', 'prisinta', 'crisisa', 'cristina', 'erisipela'], 'carving': ['caring', 'aariing', 'aaring', 'ariing', 'aring'], 'Leandro': ['bando', 'bandyo', 'centro', 'cleaners', 'endo']}"
Kaya parang puwede din daw siyang gumanap na Anastasia Steele kung sakaling magkakaroon ng local adaptation ang 2015 American erotic romantic drama film na 50 Shades of Grey.,Kaya parang puwede rin daw siyang gumanap na Anastasia Steele kung sakaling magkakaroon ng local adaptation ang 2015 American erotic romantic drama film na 50 Shades of Grey.,Kaya parang puwede rin daw siyang gumanap na anesthesia stable kung sakaling magkakaroon ng local adaptation ang aaba aberia heroic romantiko drama film na ag Shades of Grey.,"['Anastasia', 'Steele', '2015', 'American', 'erotic', 'romantic', '50']","{'Anastasia': ['anatomia', 'anestesya', 'anesthesia', 'nagtasa', 'talastasin'], 'Steele': ['steel', 'sleeve', 'stable', 'staple', 'sterile'], '2015': ['p25', 'p75', 'aaba', 'aag', 'aako'], 'American': ['amerikana', 'aamerikana', 'aberia', 'aberiang', 'aberin'], 'erotic': ['exotic', 'eratik', 'heroic', 'protin', 'tropic'], 'romantic': ['aromatic', 'romantika', 'romantiko', 'domestic', 'dramatic'], '50': ['ab', 'ad', 'ag', 'ah', 'ak']}"
"Sa iuulat ni Oscar Oida sa GMA News ""24 Oras"" nitong Huwebes, sinabing edad anim, walo, sampu at 14 ang magkakapatid na pinatay sa saksak ng suspek na kanilang amain na si Felimon Escalona, 38-anyos, sa loob ng kanilang bahay sa Barangay Cabuco sa Trece Martirez City.","Sa ulat ni Oscar Oida sa GMA News ""24 Oras"" nitong Huwebes, sinabing edad anim, walo, sampu at 14 ang magkakapatid na pinatay sa saksak ng suspek na kanilang amain na si Felimon Escalona, 38-anyos, sa loob ng kanilang bahay sa Barangay Cabuco sa Trece Martirez City.","Sa iuulat ni occur oda sa gia News ""ag Oras"" nitong Huwebes, sinabing edad anim, walo, sampu at ag ang magkakapatid na pinatay sa saksak ng suspek na kanilang amain na si balicon eskala, ag-anyos, sa loob ng kanilang bahay sa Barangay kabubo sa Trece martir City.","['Oscar', 'Oida', 'GMA', '24', '14', 'Felimon', 'Escalona', '38', 'Cabuco', 'Martirez']","{'Oscar': ['car', 'ecar', 'occur', 'osa', 'osan'], 'Oida': ['bida', 'lida', 'oda', 'oido', 'onda'], 'GMA': ['ama', 'ga', 'gia', 'goma', 'gra'], '24': ['ab', 'ad', 'ag', 'ah', 'ak'], '14': ['ab', 'ad', 'ag', 'ah', 'ak'], 'Felimon': ['felon', 'limon', 'balicon', 'celpon', 'diliman'], 'Escalona': ['esabong', 'escalate', 'eskala', 'eskalang', 'eskayola'], '38': ['ab', 'ad', 'ag', 'ah', 'ak'], 'Cabuco': ['aabuso', 'abuso', 'kabubo', 'kabuno', 'kabuo'], 'Martirez': ['martime', 'martines', 'martir', 'martirin', 'martiryo']}"
Nagpatuloy ang PSN sa pagbibigay nang mga makabuluhang impormasyon sa ating mga kababayan habang ang iba ay sumuko na dahil sa maraming restriksiyon ng COVID-19.,Nagpatuloy ang PSN sa pagbibigay ng mga makabuluhang impormasyon sa ating mga kababayan habang ang iba ay sumuko na dahil sa maraming restriksiyon ng COVID-19.,Nagpatuloy ang pin sa pagbibigay nang mga makabuluhang impormasyon sa ating mga kababayan habang ang iba ay sumuko na dahil sa maraming restriksiyon ng COVID-ag.,"['PSN', '19']","{'PSN': ['pan', 'pen', 'pin', 'pon', 'psa'], '19': ['ab', 'ad', 'ag', 'ah', 'ak']}"
Maraming eksperto sinasabi na there is a looming food crisis.,Maraming eksperto nagsasabi na there is a looming food crisis.,Maraming eksperto sinasabi na there is ag looping food crisis.,"['a', 'looming']","{'a': ['ab', 'ad', 'ag', 'ah', 'ak'], 'looming': ['loobing', 'looking', 'looping', 'booking', 'coming']}"
Sinabi pa ni Ken na aabot sa 39 degrees ang kaniyang naging lagnat.,Sinabi pa ni Ken na umabot sa 39 degrees ang kaniyang naging lagnat.,Sinabi pa ni Ken na aabot sa ag degrees ang kaniyang naging lagnat.,['39'],"{'39': ['ab', 'ad', 'ag', 'ah', 'ak']}"
Pinakamarami sa COVID-19 cases sa nakaraang nakaraang 14-araw sa mga sumusunod na lugar.,Pinakamarami sa COVID-19 cases sa nakaraang 14-araw sa mga sumusunod na lugar.,Pinakamarami sa COVID-ag cases sa nakaraang nakaraang ag-araw sa mga sumusunod na lugar.,"['19', '14']","{'19': ['ab', 'ad', 'ag', 'ah', 'ak'], '14': ['ab', 'ad', 'ag', 'ah', 'ak']}"
"Sa ulat ni Mariz Umali sa GMA News ??24 Oras? ngayong Lunes, sinabing isa sa mga nakatanggap ng ganitong mensahe si Marites Mendoza, na igagaling pa mismo sa kaniyang kaibigan.","Sa ulat ni Mariz Umali sa GMA News ??24 Oras? ngayong Lunes, sinabing isa sa mga nakatanggap ng ganitong mensahe si Marites Mendoza, na galing pa mismo sa kaniyang kaibigan.","Sa ulat ni ari Umali sa gia News ??ag Oras? ngayong Lunes, sinabing isa sa mga nakatanggap ng ganitong mensahe si Marites bendita, na igagawing pa mismo sa kaniyang kaibigan.","['Mariz', 'GMA', '24', 'Mendoza', 'igagaling']","{'Mariz': ['mari', 'aari', 'ari', 'aria', 'barik'], 'GMA': ['ama', 'ga', 'gia', 'goma', 'gra'], '24': ['ab', 'ad', 'ag', 'ah', 'ak'], 'Mendoza': ['pendola', 'benda', 'bendita', 'bentosa', 'endo'], 'igagaling': ['gagaling', 'igagalang', 'igagawing', 'ikagaling', 'gagabing']}"
Kasama rin sa mga sumuko ang isang child warrior na nasa panganga laga na ngayon ng 88th Infantry Battalion.,Kasama rin sa mga sumuko ang isang child warrior na nasa pangangalaga na ngayon ng 88th Infantry Battalion.,Kasama rin sa mga sumuko ang isang child warrior na nasa panganga laga na ngayon ng meth Infantry Battalion.,['88th'],"{'88th': ['both', 'math', 'meth', 'myth', 'oath']}"
Kumbaga nag-click kami hanggang sa nag grow na lang ang feelings.,Kumbaga nag-click kami hanggang sa nag-grow na lang ang feelings.,Kumbaga nag-click kami hanggang sa nag gro na lang ang feelings.,['grow'],"{'grow': ['glow', 'grew', 'gro', 'gros', 'grown']}"
Kinakagat sa pain ng mga pulis ang dalawang suspek nang pagbilhan nila ng ilegal na droga ang kanilang poseur buyer.Hindi.,Kumagat sa pain ng mga pulis ang dalawang suspek nang pagbilhan nila ng ilegal na droga ang kanilang poseur buyer.Hindi.,Kinakagat sa pain ng mga pulis ang dalawang suspek nang pagbilhan nila ng ilegal na droga ang kanilang poseur buyer.Hindi.,[],{}
Kasabay na din ito ng panawagan ni Mercado sa mga supporter ni Lacson na gawing inspirasyon at tularan ang ??spartan warriors?? na hindi sumusuko sa laban gaano man kahirap.,Kasabay na rin ito ng panawagan ni Mercado sa mga supporter ni Lacson na gawing inspirasyon at tularan ang ??spartan warriors?? na hindi sumusuko sa laban gaano man kahirap.,Kasabay na rin ito ng panawagan ni merkadro sa mga supporter ni ason na gawing inspirasyon at tularan ang ??paraan warriors?? na hindi sumusuko sa laban gaano man kahirap.,"['Mercado', 'Lacson', 'spartan']","{'Mercado': ['merkado', 'markado', 'merkadro', 'murado', 'armado'], 'Lacson': ['lason', 'arson', 'ason', 'kalson', 'labon'], 'spartan': ['apatan', 'paitan', 'paraan', 'paran', 'parian']}"
Lalarga din ang duwelo ng Choco Mucho at Cignal sa alas-3 ng hapon para sa kanilang sariling best-of-three bronze medal match.,Lalarga rin ang duwelo ng Choco Mucho at Cignal sa alas-3 ng hapon para sa kanilang sariling best-of-three bronze medal match.,Lalarga rin ang duwelo ng choice autho at bigtal sa alas-d ng hapon para sa kanilang sariling best-of-three bronze medal match.,"['Choco', 'Mucho', 'Cignal', '3']","{'Choco': ['coco', 'check', 'choice', 'choir', 'choon'], 'Mucho': ['macho', 'much', 'autho', 'buho', 'guho'], 'Cignal': ['signal', 'bignay', 'bigtal', 'canal', 'carnal'], '3': ['b', 'c', 'd', 'e', 'f']}"
Hanggang 40 kilo ang kayang buhatin nang robot.,Hanggang 40 kilo ang kayang buhatin ng robot.,Hanggang ag kilo ang kayang buhatin nang robot.,['40'],"{'40': ['ab', 'ad', 'ag', 'ah', 'ak']}"
"Pawang mga sinampahan ng mga kasongpaglabag sa Sec 5,Sec 11, Sec 13 at Sec 14 sa ilalim ng Art II ng RA 9165 (Compreshensive Dangerous Drugs Act of 2002) ang target sa buy bust na si Junilito Genilsa,34-anyos, driver, ng #141 Brgy.","Pawang mga sinampahan ng mga kasongpaglabag sa Sec 5,Sec 11, Sec 13 at Sec 14 sa ilalim ng Art II ng RA 9165 (Compreshensive Dangerous Drugs Act of 2002) ang target sa buy-bust na si Junilito Genilsa,34-anyos, driver, ng #141 Brgy.","Pawang mga sinampahan ng mga mapaglabag sa Sec d,Sec ag, Sec ad at Sec ag sa ilalim ng Art II ng RA aaba (komprehensibo Dangerous Drugs Act of aako) ang target sa buy bust na si bulilit ginisa,ag-anyos, driver, ng #aam Brgy.","['kasongpaglabag', '5', '11', '13', '14', '9165', 'Compreshensive', '2002', 'Junilito', 'Genilsa', '34', '141']","{'kasongpaglabag': ['kasinghalaga', 'kasinghalagang', 'mapaglabag', 'ipinapaglaban', 'kabagkabag'], '5': ['b', 'c', 'd', 'e', 'f'], '11': ['ab', 'ad', 'ag', 'ah', 'ak'], '13': ['p3', 'ab', 'ad', 'ag', 'ah'], '14': ['ab', 'ad', 'ag', 'ah', 'ak'], '9165': ['p25', 'p75', 'aaba', 'aag', 'aako'], 'Compreshensive': ['comprehensive', 'comprehension', 'komprehensibo', 'competetive', 'comprehensibong'], '2002': ['aaba', 'aag', 'aako', 'aal', 'aala'], 'Junilito': ['lumilito', 'nilito', 'bulilit', 'bunito', 'dumidito'], 'Genilsa': ['genius', 'gerilya', 'ginisa', 'senisa', 'anila'], '34': ['ab', 'ad', 'ag', 'ah', 'ak'], '141': ['aag', 'aal', 'aam', 'aat', 'aaw']}"
"Kaya matapos mapag-usapan sa social media, ginawa na din ang community pantry sa ibang lugar tulad sa Barangay Pinyahan, Kamias, at Claro.","Kaya matapos mapag-usapan sa social media, ginawa na rin ang community pantry sa ibang lugar tulad sa Barangay Pinyahan, Kamias, at Claro.","Kaya matapos mapag-usapan sa social media, ginawa na rin ang community pantry sa ibang lugar tulad sa Barangay Pinyahan, kamyas, at laro.","['Kamias', 'Claro']","{'Kamias': ['kamas', 'kambas', 'kamyas', 'aamis', 'aampias'], 'Claro': ['clark', 'klaro', 'laro', 'alarm', 'alero']}"
"Bukod dito sa pagiging consultant ng NDF, tatrabahuin rin umano si Acosta sa ilalim ng Comprehensive Agreement on Social and Economic Reforms (CASER) habang si Jimenez ay isa umanong organizer ng samahan ng mga magsasaka.","Bukod dito sa pagiging consultant ng NDF, nagtatrabaho rin umano si Acosta sa ilalim ng Comprehensive Agreement on Social and Economic Reforms (CASER) habang si Jimenez ay isa umanong organizer ng samahan ng mga magsasaka.","Bukod dito sa pagiging consultant ng abf, pagtrabahuhin din umano si agosto sa ilalim ng Comprehensive Agreement on Social and Economic Reforms (case) habang si imoney ay isa umanong organizer ng samahan ng mga magsasaka.","['NDF', 'tatrabahuin', 'Acosta', 'CASER', 'Jimenez']","{'NDF': ['ngf', 'ntf', 'abf', 'ad', 'ada'], 'tatrabahuin': ['tatrabahuhin', 'trabahuin', 'pagtrabahuhin', 'tatabakin', 'tatabasin'], 'Acosta': ['aasta', 'acist', 'agosto', 'asta', 'cost'], 'CASER': ['cager', 'canser', 'case', 'cases', 'cater'], 'Jimenez': ['bienes', 'biyenes', 'imoney', 'jeeney', 'jitney']}"
Hindi ko naman kasasabi na magaling siya kundi siya magaling kasi ako yung critic niya e.,Hindi ko naman sasabihin na magaling siya kundi siya magaling kasi ako yung critic niya e.,Hindi ko naman kasasabi na magaling siya kundi siya magaling kasi ako yung crisis niya e.,['critic'],"{'critic': ['civic', 'clinic', 'crisis', 'critical', 'critize']}"
Lumalabas na inuutusan ang biktima ng kanyang ina na bumili sa tindahan ng pansahog sa lulutuin nitong pang-ulam subalit hindi na ito nakabalik.,Lumalabas na inutusan ang biktima ng kanyang ina na bumili sa tindahan ng pansahog sa lulutuin nitong pang-ulam subalit hindi na ito nakabalik.,Lumalabas na inuutusan ang biktima ng kanyang ina na bumili sa tindahan ng masahog sa lulutuin nitong pang-ulam subalit hindi na ito nakabalik.,['pansahog'],"{'pansahog': ['kasahog', 'magsahog', 'masahog', 'nagsahog', 'pagsabog']}"
"Higit P20 milyong halaga ilegal na droga ang nasamsam sa isang lider ng ??Utto Criminal Group?? at kasamang babae sa ikinasang ??Oplan Sita? ng mga tauhan ng Taguig City Police na nag-ugat lamang dahil sa reckless driving sa nabanggit na lungsod, kamakalawa ng gabi.","Higit P20 milyong halaga ng ilegal na droga ang nasamsam sa isang lider ng ??Utto Criminal Group?? at kasamang babae sa ikinasang ??Oplan Sita? ng mga tauhan ng Taguig City Police na nag-ugat lamang dahil sa reckless driving sa nabanggit na lungsod, kamakalawa ng gabi.","Higit p3 milyong halaga ilegal na droga ang nasamsam sa isang lider ng ??uuto Criminal Group?? at kasamang babae sa ikinasang ??Oplan Sita? ng mga tauhan ng Taguig City Police na nag-ugat lamang dahil sa reckless driving sa nabanggit na lungsod, kamakalawa ng gabi.","['P20', 'Utto']","{'P20': ['p25', 'p', 'p3', 'p57', 'p75'], 'Utto': ['utdo', 'uto', 'uuto', 'aato', 'adto']}"
"Ayon kay Valenzuela City Mayor Rex Gatchalian, maliban sa hindi paggamit ng ValTrace na QR code contact tracing system ng lungsod, hindi rin anya sinusundan sa health protocols ang dalawang covenience store na nasa Bagbaguin at Paso de Blas.","Ayon kay Valenzuela City Mayor Rex Gatchalian, maliban sa hindi paggamit ng ValTrace na QR code contact tracing system ng lungsod, hindi rin anya sumusunod sa health protocols ang dalawang covenience store na nasa Bagbaguin at Paso de Blas.","Ayon kay aabentura City Mayor Rex Gatchalian, maliban sa hindi paggamit ng ValTrace na jr code contact tracing system ng lungsod, hindi rin anya sinusundan sa health protocols ang dalawang convinience store na nasa babaguhin at Paso de bias.","['Valenzuela', 'QR', 'covenience', 'Bagbaguin', 'Blas']","{'Valenzuela': ['sarzuela', 'telenovela', 'aabentura', 'abentura', 'abenturera'], 'QR': ['ar', 'hr', 'jr', 'or', 'pr'], 'covenience': ['convenience', 'convenientce', 'convinience', 'conscience', 'convenient'], 'Bagbaguin': ['bagbagin', 'babagin', 'babaguhin', 'babagutin', 'babaruin'], 'Blas': ['alas', 'balas', 'bias', 'bilas', 'blast']}"
"Sa nakaraang episode ng ""Kapuso Mo, Jessica Soho,"" nagsasabi ni Mang Virgilio dela Cruz, na nakakaubos siya ng 10 botelya ng soft drinks sa loob ng isang araw.","Sa nakaraang episode ng ""Kapuso Mo, Jessica Soho,"" sinabi ni Mang Virgilio dela Cruz, na nakakaubos siya ng 10 botelya ng soft drinks sa loob ng isang araw.","Sa nakaraang episode ng ""abuso Mo, bestida soo,"" nagsasabi ni Mang lingilin dela Cruz, na nakakaubos siya ng ag botelya ng soft drinks sa loob ng isang araw.","['Kapuso', 'Jessica', 'Soho', 'Virgilio', '10']","{'Kapuso': ['kapus', 'aabuso', 'abuso', 'baruso', 'isapuso'], 'Jessica': ['bassic', 'bensina', 'bestida', 'cessna', 'eespiya'], 'Soho': ['saho', 'solo', 'soo', 'soro', 'baho'], 'Virgilio': ['gigilid', 'igilid', 'lingilin', 'pigilin', 'singilin'], '10': ['ab', 'ad', 'ag', 'ah', 'ak']}"
"Nalaman lang daw ng biktimang si Dionisio Amok na peke ang P1,000 ng i-remit niya ito.","Nalaman lang daw ng biktimang si Dionisio Amok na peke ang P1,000 nang i-remit niya ito.","Nalaman lang daw ng biktimang si dinili Amok na peke ang pa,aam ng i-remit niya ito.","['Dionisio', 'P1', '000']","{'Dionisio': ['binisto', 'diborisyo', 'dinili', 'dinilig', 'dinilim'], 'P1': ['p', 'p3', 'pa', 'pg', 'ph'], '000': ['aag', 'aal', 'aam', 'aat', 'aaw']}"
"Sa totoo lang, marami marami ang may gustong manatiling Kapuso si Lovi dahil dito naman talaga siya na-groom nang husto at naging magaling na aktres.","Sa totoo lang, marami ang may gustong manatiling Kapuso si Lovi dahil dito naman talaga siya na-groom nang husto at naging magaling na aktres.","Sa totoo lang, marami marami ang may gustong manatiling abuso si boli dahil dito naman talaga siya na-groom nang husto at naging magaling na aktres.","['Kapuso', 'Lovi']","{'Kapuso': ['kapus', 'aabuso', 'abuso', 'baruso', 'isapuso'], 'Lovi': ['love', 'lodi', 'boli', 'coli', 'cove']}"
Ayon kay Albie ay nakaranas na din ng online bashing ang bagong kasintahan nang malaman ng ilang netizens na magkasintahan na sila.,Ayon kay Albie ay nakaranas na rin ng online bashing ang bagong kasintahan nang malaman ng ilang netizens na magkasintahan na sila.,Ayon kay alba ay nakaranas na rin ng online bahing ang bagong kasintahan nang malaman ng ilang netizens na magkasintahan na sila.,"['Albie', 'bashing']","{'Albie': ['able', 'alabin', 'alba', 'albay', 'album'], 'bashing': ['ashing', 'babhing', 'bahing', 'basahing', 'basaing']}"
"Iginiit naman ni Senate Majority Leader Joel Villanueva na walang basehan, kakatwa at malisyoso ang lumabas na artikulo at ito rin umano ay desperadong hakbang para wasakin hindi lang ang reputasyon ng Senate President kundi pati ang pabagsakin integridad ng Senado bilang institusyon.","Iginiit naman ni Senate Majority Leader Joel Villanueva na walang basehan, kakatwa at malisyoso ang lumabas na artikulo at ito rin umano ay desperadong hakbang para wasakin hindi lang ang reputasyon ng Senate President kundi pati ang pabagsakin ang integridad ng Senado bilang institusyon.","Iginiit naman ni Senate Majority Leader coal Villanueva na walang basehan, kakatwa at malisyoso ang lumabas na artikulo at ito rin umano ay desperadong hakbang para wasakin hindi lang ang reputasyon ng Senate President kundi pati ang pabagsakin integridad ng Senado bilang institusyon.",['Joel'],"{'Joel': ['bowel', 'bowl', 'coal', 'coil', 'col']}"
"Mabilis na humingi ng saklolo ang mga kaanak sa iba pang tao sa paligid at nailigtas si Jean Rose habang rumesponde naman agad ang mga pulis, BFP-rescue team at Philippine Coastguard at isa isang nahanap at naiahon ang limang biktima na pare-parehong wala ng buhay habang nawawala pa ang batang si Ashley Rose.","Mabilis na humingi ng saklolo ang mga kaanak sa iba pang tao sa paligid at nailigtas si Jean Rose habang rumesponde naman agad ang mga pulis, BFP-rescue team at Philippine Coastguard at isa isang nahanap at naiahon ang limang biktima na pare-parehong wala nang buhay habang nawawala pa ang batang si Ashley Rose.","Mabilis na humingi ng saklolo ang mga kaanak sa iba pang tao sa paligid at nailigtas si jeans lose habang rumesponde naman agad ang mga pulis, ap-rescue team at Philippine Coastguard at isa isang nahanap at naiahon ang limang biktima na pare-parehong wala ng buhay habang nawawala pa ang batang si able lose.","['Jean', 'Rose', 'BFP', 'Ashley', 'Rose']","{'Jean': ['dean', 'ean', 'jeans', 'lean', 'aban'], 'Rose': ['dose', 'hose', 'lose', 'nose', 'rise'], 'BFP': ['dfp', 'abf', 'ap', 'app', 'atp'], 'Ashley': ['aalay', 'aaplay', 'able', 'abuloy', 'ache']}"
"Sa ulat ni Russel Simorio sa GMA Regional TV News nitong Huwebes, sinabing nagtungo sa lawa-ang ama kasama ang dalawang bata para mamingwit sa bahagi ng Barangay Pasibi West.","Sa ulat ni Russel Simorio sa GMA Regional TV News nitong Huwebes, sinabing nagtungo sa lawa ang ama kasama ang dalawang bata para mamingwit sa bahagi ng Barangay Pasibi West.","Sa ulat ni aransel diario sa gia Regional TV News nitong Huwebes, sinabing nagtungo sa lawa-ang ama kasama ang dalawang bata para mamingwit sa bahagi ng Barangay Pasibi West.","['Russel', 'Simorio', 'GMA']","{'Russel': ['rousel', 'vessel', 'aransel', 'arupel', 'asset'], 'Simorio': ['simboryo', 'simonia', 'diario', 'dimarim', 'dimonyo'], 'GMA': ['ama', 'ga', 'gia', 'goma', 'gra']}"
"Ng makaalis ang taong yon, nag-dialogue si Bisaya na ayaw niyang makipagplastikan.","Nang makaalis ang taong yon, nag-dialogue si Bisaya na ayaw niyang makipagplastikan.","Ng makaalis ang taong yon, nag-dialogue si aksaya na ayaw niyang makipagpalitan.","['Bisaya', 'makipagplastikan']","{'Bisaya': ['bisala', 'biyaya', 'aksaya', 'bgaya', 'bidya'], 'makipagplastikan': ['makipagbalikan', 'makipaglasingan', 'makipagpalitan', 'makipagpustahan', 'makipagsiksikan']}"
Pinayuhan din ni Duterte ang mga mamamayan na sundin ang sumunod na lider upang maiwasan ang mga problema.,Pinayuhan din ni Duterte ang mga mamamayan na sundin ang susunod na lider upang maiwasan ang mga problema.,Pinayuhan din ni suwerte ang mga mamamayan na sundin ang sumunod na lider upang maiwasan ang mga problema.,['Duterte'],"{'Duterte': ['butete', 'puwerte', 'suwerte', 'terte', 'bunete']}"
Parang madatung na bading lang ang peg daw ni tong si sexy actress na sagot daw nito ang mga gastos basta nasa tabi lang niya si guwapong basketbolista.,Parang madatung na bading lang ang peg daw nitong si sexy actress na sagot daw nito ang mga gastos basta nasa tabi lang niya si guwapong basketbolista.,Parang barating na bading lang ang peg daw ni tong si sexy actress na sagot daw nito ang mga gastos basta nasa tabi lang niya si guwapong basketbolista.,['maratung'],"{'maratung': ['madatung', 'marating', 'barating', 'darating', 'karateng']}"
Kaya ang mensahe nang Ebanghelyo sa atin ay sikapin natin ang makipagkasundo.,Kaya ang mensahe ng Ebanghelyo sa atin ay sikapin natin ang makipagkasundo.,Kaya ang mensahe nang banghay sa atin ay sikapin natin ang makipagkasundo.,['Ebanghelyo'],"{'Ebanghelyo': ['ebangheliko', 'anghel', 'banghay', 'bangkero', 'ebanghelikong']}"
Kaaalam pa ng mga imbestigador kung resbak ba ito ni Albano sa serye ng hate crime sa Asian American Community kung saan maraming Pinoy rin ang nabiktima.,Inaalam pa ng mga imbestigador kung resbak ba ito ni Albano sa serye ng hate crime sa Asian American Community kung saan maraming Pinoy rin ang nabiktima.,babalam pa ng mga imbestigador kung resbak ba ito ni aabako sa serye ng hate crime sa asiman aberia Community kung saan maraming Pinoy rin ang nabiktima.,"['Kaaalam', 'Albano', 'Asian', 'American']","{'Kaaalam': ['kaalam', 'aalam', 'babalam', 'inaaalam', 'inaalam'], 'Albano': ['abano', 'albang', 'aabako', 'aabang', 'aabono'], 'Asian': ['arian', 'asias', 'asiman', 'asin', 'asinan'], 'American': ['amerikana', 'aamerikana', 'aberia', 'aberiang', 'aberin']}"
Pero maganda rin atang malaman kung bakit nga ba patuloy ang pag portray sa Pilipinas as such until now.,Pero maganda rin atang malaman kung bakit nga ba patuloy ang pag-portray sa Pilipinas as such until now.,Pero maganda rin atang malaman kung bakit nga ba patuloy ang pag portera sa Pilipinas as such until now.,['portray'],"{'portray': ['poetry', 'portal', 'portera', 'portrait', 'portrayal']}"
Sabi pa ni Gatchalian na nagawang palitan ng hacker ang kanyang phone number kaya nakuha nito ang OTP o one time passwords.,Sinabi pa ni Gatchalian na nagawang palitan ng hacker ang kanyang phone number kaya nakuha nito ang OTP o one time passwords.,Sabi pa ni Gatchalian na nagawang palitan ng hacker ang kanyang phone number kaya nakuha nito ang ot o one time passwords.,['OTP'],"{'OTP': ['atp', 'op', 'ot', 'ap', 'app']}"
"Sa ibang kaso naman, hindi accredited ang doctor na gumagamot sa pasyente kaya tinanggihan.","Sa ibang kaso naman, hindi accredited ang doctor na gumamot sa pasyente kaya tinanggihan.","Sa ibang kaso naman, hindi accredited ang doctor na gumagamot sa pasyente kaya tinanggihan.",[],{}
"May ilang kabadingang na alam din pala ang raket ng ilang guwapong nagmu-model model, o minsan ay nagaartista rin.","May ilang kabadingang na alam din pala ang raket ng ilang guwapong nagmu-model model, o minsan ay nag-aartista rin.","May ilang kagalingang na alam din pala ang raket ng ilang guwapong nagmu-model model, o minsan ay nagmartsa rin.","['kabadingang', 'nagaartista']","{'kabadingang': ['babagingang', 'babalingang', 'kagalingang', 'kahalingang', 'kakalingang'], 'nagaartista': ['aartista', 'nagkabista', 'nagmartsa', 'nagpalista', 'nagpartisipa']}"
"Kasasabi pa ni David, Nagdesisyon din kami na suspendihin kayo.","Sabi pa ni David, Nagdesisyon din kami na suspendihin kayo.","Kasasabi pa ni aid, Nagdesisyon din kami na suspendihin kayo.",['David'],"{'David': ['avid', 'acid', 'aid', 'amid', 'apid']}"
Ma salong sa bayang ito kamakalawa ng gabi.,Masalong sa bayang ito kamakalawa ng gabi.,Ma salong sa bayang ito kamakalawa ng gabi.,[],{}
"Ang challenges lang, yung nagdeposit, kung sino.","Ang challenges lang, yung nag-deposit, kung sino.","Ang challenges lang, yung nagdeposit, kung sino.",[],{}
"Magdaragdag si Tyrese Maxey ng 23 points, 9 rebounds at 8 assists para sa 2-0 abante ng Philadelphia sa kanilang serye ng Toronto.","Nagdagdag si Tyrese Maxey ng 23 points, 9 rebounds at 8 assists para sa 2-0 abante ng Philadelphia sa kanilang serye ng Toronto.","Magdaragdag si three made ng ad points, d rebond at d aasisti para sa d-d abante ng dinadalahik sa kanilang serye ng torno.","['Tyrese', 'Maxey', '23', '9', 'rebounds', '8', 'assists', '2', '0', 'Philadelphia', 'Toronto']","{'Tyrese': ['trese', 'these', 'three', 'torete', 'trece'], 'Maxey': ['baley', 'mabe', 'made', 'mae', 'mage'], '23': ['p3', 'ab', 'ad', 'ag', 'ah'], '9': ['b', 'c', 'd', 'e', 'f'], 'rebounds': ['rebound', 'bounds', 'rebond', 'refunds', 'rounds'], '8': ['b', 'c', 'd', 'e', 'f'], 'assists': ['assist', 'aasiste', 'aasisti', 'artists', 'asiste'], '2': ['b', 'c', 'd', 'e', 'f'], '0': ['b', 'c', 'd', 'e', 'f'], 'Philadelphia': ['adelpa', 'dilidilihin', 'dinadalahik', 'hilahid', 'hilahil'], 'Toronto': ['tonto', 'torneo', 'torno', 'torong', 'torotot']}"
"Pero ang ibang sabungero, nawala matapos na magpaalam na ipinupunta sa sabungan.","Pero ang ibang sabungero, nawala matapos na magpaalam na magpupunta sa sabungan.","Pero ang ibang sabungero, nawala matapos na magpaalam na ipinipinta sa sabungan.",['ipinupunta'],"{'ipinupunta': ['ipinupunto', 'ipinupusta', 'ipinipinta', 'ipinupunas', 'ipinupundar']}"
"Ayon sa FCF mining department, ang stages 1 at 2 2 ay natapos na kung kayat kailangan na umano nilang umpisahan ang stage 3.","Ayon sa FCF mining department, ang stages 1 at 2 ay natapos na kung kayat kailangan na umano nilang umpisahan ang stage 3.","Ayon sa act mining department, ang stages d at d d ay natapos na kung kayat kailangan na umano nilang umpisahan ang stage d.","['FCF', '1', '2', '2', '3']","{'FCF': ['abf', 'ace', 'act', 'anf', 'c'], '1': ['b', 'c', 'd', 'e', 'f'], '2': ['b', 'c', 'd', 'e', 'f'], '3': ['b', 'c', 'd', 'e', 'f']}"
Aminado naman ang mga residente na hindi nila pagaari ang lupa na kinatitirikan ng kanilang mga tahanan.,Aminado naman ang mga residente na hindi nila pag-aari ang lupa na kinatitirikan ng kanilang mga tahanan.,Aminado naman ang mga residente na hindi nila aaari ang lupa na kinatitirikan ng kanilang mga tahanan.,['pagaari'],"{'pagaari': ['pagwari', 'pagyari', 'aaari', 'lagari', 'maaaari']}"
"Sa public briefing sa state-run PTV, nagsabi ni NEDA Undersecretary Rosemarie Edillon na ang halaga na binanggit ng PSA ay isa lamang umanong metric para alamin ang mahihirap.","Sa public briefing sa state-run PTV, sinabi ni NEDA Undersecretary Rosemarie Edillon na ang halaga na binanggit ng PSA ay isa lamang umanong metric para alamin ang mahihirap.","Sa public briefing sa state-run PTV, nagsabi ni nega Undersecretary disembarke adisyon na ang halaga na binanggit ng PSA ay isa lamang umanong metric para alamin ang mahihirap.","['NEDA', 'Rosemarie', 'Edillon']","{'NEDA': ['nada', 'neca', 'nega', 'seda', 'ada'], 'Rosemarie': ['rosario', 'desembarke', 'disembarke', 'dosenahin', 'groseri'], 'Edillon': ['edisyon', 'edition', 'adisyon', 'billion', 'bilyon']}"
"Nakumpiska sa mga suspek ang nasa isang kilo ng hinihinalang shabu na nakasilid sa dilaw at berdeng plastic tea bags, habang nabawi rin ang P1,000 marked money na isinama sa 12 bundle ng tigisanlibong boodle money.","Nakumpiska sa mga suspek ang nasa isang kilo ng hinihinalang shabu na nakasilid sa dilaw at berdeng plastic tea bags, habang nabawi rin ang P1,000 marked money na isinama sa 12 bundle ng tig-isanlibong boodle money.","Nakumpiska sa mga suspek ang nasa isang kilo ng hinihinalang shabu na nakasilid sa dilaw at berdeng plastic tea bags, habang nabawi rin ang pa,aam marked money na isinama sa ag bundle ng limanlibong boodle money.","['P1', '000', '12', 'tigisanlibong']","{'P1': ['p', 'p3', 'pa', 'pg', 'ph'], '000': ['aag', 'aal', 'aam', 'aat', 'aaw'], '12': ['ab', 'ad', 'ag', 'ah', 'ak'], 'tigisanlibong': ['ikasanlibong', 'isanlibong', 'limanlibong', 'sanlibong', 'tagasalubong']}"
"Panoorin sa video ang iba pang cute doggie na may kakaibang hilig tulad ng isang ginagaya daw ang tilaok ng manok, at mayroon ding mahilig magpa-cute sa kaniyang amo.","Panoorin sa video ang iba pang cute doggie na may kakaibang hilig tulad ng isang ginagaya raw ang tilaok ng manok, at mayroon ding mahilig magpa-cute sa kaniyang amo.","Panoorin sa video ang iba pang cute toggle na may kakaibang hilig tulad ng isang ginagaya raw ang tilaok ng manok, at mayroon ding mahilig magpa-cute sa kaniyang amo.",['doggie'],"{'doggie': ['doggo', 'goggle', 'toggle', 'anggi', 'dagain']}"
"Sa kasalukuyan, hindi pa kabilang ang mga bata sa ??vaccination program?? ng pamahalaan kaya nanawagan si Del Rosario sa mga magulang at guardians na higpitan ang paglabas ng mga bata dahil hindi din sila ligtas na mahawa ng virus.","Sa kasalukuyan, hindi pa kabilang ang mga bata sa ??vaccination program?? ng pamahalaan kaya nanawagan si Del Rosario sa mga magulang at guardians na higpitan ang paglabas ng mga bata dahil hindi rin sila ligtas na mahawa ng virus.","Sa kasalukuyan, hindi pa kabilang ang mga bata sa ??vaccination program?? ng pamahalaan kaya nanawagan si Del Rosario sa mga magulang at guardians na higpitan ang paglabas ng mga bata dahil hindi rin sila ligtas na mahawa ng virus.",[],{}
"Anyway, talagang tuloy ang pasikat nang Koreans sa Hollywood.","Anyway, talagang tuloy ang pasikat ng Koreans sa Hollywood.","anay, talagang tuloy ang pasikat nang korea sa hollow.","['Anyway', 'Koreans', 'Hollywood']","{'Anyway': ['anyay', 'aaway', 'anay', 'anilay', 'aniyay'], 'Koreans': ['korean', 'koreang', 'korea', 'koreong', 'koreyang'], 'Hollywood': ['plywood', 'followed', 'hollow', 'honeymoon', 'allowed']}"
"Para kay Gatchalian, malaki ang magiging papel ng fund manager para protektahan protektahan ang investment sa korap??syon.","Para kay Gatchalian, malaki ang magiging papel ng fund manager para protektahan ang investment sa korap??syon.","Para kay Gatchalian, malaki ang magiging papel ng fund manager para protektahan protektahan ang investment sa korap??syon.",[],{}
"Aabutin na sa 33 ang nasawing pasahero ng nasunog na barko ang natagpuan sa ginagawang search and rescue operations kasunod ng pagkakasunog noong gabi ng Marso 29 sa karagatang sakop ng Basilan habang naglalayag patungong Jolo, kabisera ng Sulu, mula sa Zamboanga City.","Aabot na sa 33 ang nasawing pasahero ng nasunog na barko ang natagpuan sa ginagawang search and rescue operations kasunod ng pagkakasunog noong gabi ng Marso 29 sa karagatang sakop ng Basilan habang naglalayag patungong Jolo, kabisera ng Sulu, mula sa Zamboanga City.","Aabutin na sa ad ang nasawing pasahero ng nasunog na barko ang natagpuan sa ginagawang search and rescue operations kasunod ng pagkakasunog noong gabi ng Marso ag sa karagatang sakop ng aasiman habang naglalayag patungong polo, kabisera ng salu, mula sa Zamboanga City.","['33', '29', 'Basilan', 'Jolo', 'Sulu']","{'33': ['p3', 'ab', 'ad', 'ag', 'ah'], '29': ['ab', 'ad', 'ag', 'ah', 'ak'], 'Basilan': ['barilan', 'masilan', 'aasiman', 'aasinan', 'anilan'], 'Jolo': ['bolo', 'lolo', 'polo', 'solo', 'aalo'], 'Sulu': ['gulu', 'pulu', 'salu', 'sula', 'sulo']}"
Oktubre lang nang iulat ng Pulse Asia na aabutin sa 66% ng mga Pilipino ang naniniwalang ang bilis ng pagtaas ng presyo ng bilihin ang numero unong dapat daw latagan ng pinakamabilis ng aksyon ng gobyerno.,Oktubre lang nang iulat ng Pulse Asia na aabot sa 66% ng mga Pilipino ang naniniwalang ang bilis ng pagtaas ng presyo ng bilihin ang numero unong dapat daw latagan ng pinakamabilis ng aksyon ng gobyerno.,Oktubre lang nang iulat ng Pulse asi na aabutin sa ag% ng mga Pilipino ang naniniwalang ang bilis ng pagtaas ng presyo ng bilihin ang numero unong dapat daw latagan ng pinakamabilis ng aksyon ng gobyerno.,"['Asia', '66']","{'Asia': ['aria', 'asa', 'asi', 'asias', 'asid'], '66': ['ab', 'ad', 'ag', 'ah', 'ak']}"
"Natawa si Alma dahil gets na niya pero si Dina ay nakakunot ang noo kasi wala siyang ideya kung sino ang girlash na ito, sabay sabing, Teka naintriga ako, sino yung girl common denominator namin?","Natawa si Alma dahil gets na niya pero si Dina ay nakakunot ang noo kasi wala siyang ideya kung sino ang girlash na ito, sabay sabing, Teka naintriga ako, sino yung girl na common denominator namin?","Natawa si Alma dahil get na niya pero si Dina ay nagkukunot ang noo kasi wala siyang arena kung sino ang airbase na ito, sabay sabing, Teka naintriga ako, sino yung girl common denominator namin?","['gets', 'nakakunot', 'ireya', 'girlash']","{'gets': ['bets', 'gers', 'get', 'jets', 'nets'], 'nakakunot': ['nakabunot', 'makabunot', 'nagkukunot', 'nagkunot', 'nakabundot'], 'ireya': ['ideya', 'area', 'arena', 'arya', 'bireta'], 'girlash': ['gilas', 'girls', 'airbase', 'bilas', 'bilasa']}"
"Sinubukan pang makuha ang pahayag ng driver ng SUV at pamilya ng rider, ayon sa ulat.","Sinusubukan pang makuha ang pahayag ng driver ng SUV at pamilya ng rider, ayon sa ulat.","Sinubukan pang makuha ang pahayag ng driver ng sum at pamilya ng rider, ayon sa ulat.",['SUV'],"{'SUV': ['su', 'sub', 'sum', 'sun', 'sur']}"
"Gamit ang search warrant na inisyu ni Regional Trial Court Branch 3 Family Court Judge Robert Victor C Marcon, nakuhanan ng kalibre 38 baril na kargado ng 5 bala sa sa ilalim ng plastic tray na nakalagay sa harapan ng kaniyang bahay.Kinapkapan.","Gamit ang search warrant na inisyu ni Regional Trial Court Branch 3 Family Court Judge Robert Victor C Marcon, nakuhanan ng kalibre 38 baril na kargado ng 5 bala sa ilalim ng plastic tray na nakalagay sa harapan ng kaniyang bahay.Kinapkapan.","Gamit ang search warrant na inisyu ni Regional Trial Court Branch d Family Court Judge prober vistor C aircon, nakuhanan ng kalibre ag baril na kargado ng d bala sa sa ilalim ng plastic tray na nakalagay sa harapan ng kaniyang bahay.Kinapkapan.","['3', 'Robert', 'Victor', 'Marcon', '38', '5']","{'3': ['b', 'c', 'd', 'e', 'f'], 'Robert': ['covert', 'kober', 'prober', 'probers', 'robber'], 'Victor': ['vector', 'victory', 'vistor', 'actor', 'doctor'], 'Marcon': ['marcos', 'maroon', 'aircon', 'arson', 'barbon'], '38': ['ab', 'ad', 'ag', 'ah', 'ak'], '5': ['b', 'c', 'd', 'e', 'f']}"
Nagulat kaming malakas pa din si Sir Manoling at proud siyang buong-buo pa rin ang ngipin niya sa edad na 87.,Nagulat kaming malakas pa rin si Sir Manoling at proud siyang buong-buo pa rin ang ngipin niya sa edad na 87.,Nagulat kaming malakas pa rin si gir bandoling at proud siyang buong-buo pa rin ang ngipin niya sa edad na ag.,"['Sir', 'Manoling', '87']","{'Sir': ['air', 'dir', 'gir', 'ser', 'si'], 'Manoling': ['mandoling', 'banaling', 'bandoling', 'banling', 'caroling'], '87': ['ab', 'ad', 'ag', 'ah', 'ak']}"
"Sa ulat ni Darlene Cay sa GMA News ""Unang Balita"" nitong Huwebes, sinabing nagpaalala ang DOH sa publiko na siguraduhing bakunado ang mga dadalo sa party, at itodo pa rin ang pagiingat.","Sa ulat ni Darlene Cay sa GMA News ""Unang Balita"" nitong Huwebes, sinabing nagpaalala ang DOH sa publiko na siguraduhing bakunado ang mga dadalo sa party, at itodo pa rin ang pag-iingat.","Sa ulat ni airline cab sa gia News ""Unang Balita"" nitong Huwebes, sinabing nagpaalala ang DOH sa publiko na siguraduhing bakunado ang mga dadalo sa party, at itodo pa rin ang paghinga.","['Darlene', 'Cay', 'GMA', 'pagiingat']","{'Darlene': ['daleng', 'aarteng', 'airline', 'aleng', 'alone'], 'Cay': ['ay', 'bay', 'cab', 'cal', 'cam'], 'GMA': ['ama', 'ga', 'gia', 'goma', 'gra'], 'pagiingat': ['magingat', 'pagbigat', 'paghinga', 'paghingal', 'paglinga']}"
At pagkaraan ay isinugod rin ito agad sa pinakamalapit na ospital.,At pagkaraan ay isinugod din ito agad sa pinakamalapit na ospital.,At pagkaraan ay isinugod din ito agad sa pinakamalapit na ospital.,[],{}
Pero higit pa doon ang pandaraya...,Pero higit pa roon ang pandaraya...,Pero higit pa doon ang pandaraya...,[],{}
"Dahil dito, dumating na din umano sa pagkakataon na tinangka ng biktima na magpakamatay hanggang sa ipagtapat ang kanyang sinapit sa kanyang guro at pati na rin sa mga magulang kung kayat agad silang lumapit sa tanggapan ng NBI.","Dahil dito, dumating na rin umano sa pagkakataon na tinangka ng biktima na magpakamatay hanggang sa ipagtapat ang kanyang sinapit sa kanyang guro at pati na rin sa mga magulang kung kayat agad silang lumapit sa tanggapan ng NBI.","Dahil dito, dumating na rin umano sa pagkakataon na tinangka ng biktima na magpakamatay hanggang sa ipagtapat ang kanyang sinapit sa kanyang guro at pati na rin sa mga magulang kung kayat agad silang lumapit sa tanggapan ng nabi.",['NBI'],"{'NBI': ['bi', 'ibi', 'nabi', 'nai', 'nbg']}"
At rito sinabi ng legal counsel ng radio-online host na hindi magbibigay ng public apology at hindi rin nito babawiin ang sinabi niya.,At dito sinabi ng legal counsel ng radio-online host na hindi magbibigay ng public apology at hindi rin nito babawiin ang sinabi niya.,At rito sinabi ng legal counsel ng radio-online host na hindi magbibigay ng public apology at hindi rin nito babawiin ang sinabi niya.,[],{}
Sa huli ay sali na si Mikee sa laro para mas maraming maibigay na pera para kay Teacher Rachel at sa mga estudyante at mag-aaral ng kanyang pinagtatrabahuhang paaralan.,Sa huli ay sumali na si Mikee sa laro para mas maraming maibigay na pera para kay Teacher Rachel at sa mga estudyante at mag-aaral ng kanyang pinagtatrabahuhang paaralan.,Sa huli ay sali na si biker sa laro para mas maraming maibigay na pera para kay Teacher caches at sa mga estudyante at mag-aaral ng kanyang pinagtatrabahuhang paaralan.,"['Mikee', 'Rachel']","{'Mikee': ['mike', 'bike', 'biker', 'bikes', 'dike'], 'Rachel': ['ache', 'cache', 'caches', 'kahel', 'race']}"
Nagpaplano ngayon ang aktor na bukod sa pag-arte ay bibigyang panahon na din ang musika.,Nagpaplano ngayon ang aktor na bukod sa pag-arte ay bibigyang panahon na rin ang musika.,Nagpaplano ngayon ang aktor na bukod sa pag-arte ay bibigyang panahon na rin ang musika.,[],{}
Nag-post din siya siya ng umalis sa Pilipinas na : Lets do this!!!,Nag-post din siya siya nang umalis sa Pilipinas na : Lets do this!!!,Nag-post din siya siya ng umalis sa Pilipinas na : lens do this!!!,['Lets'],"{'Lets': ['bets', 'jets', 'lens', 'les', 'less']}"
Pag-isipan ng isang daang beses para sigurado sa sagot.,Pag-isipan nang isang daang beses para sigurado sa sagot.,Pag-isipan ng isang daang beses para sigurado sa sagot.,[],{}
"Ayon kay Belmonte, nag iikot sa ibat -ibang vaccination sites sina Chichi at Coffee para aliwin ang mga batang magpapabakuna.","Ayon kay Belmonte, nag-iikot sa ibat -ibang vaccination sites sina Chichi at Coffee para aliwin ang mga batang magpapabakuna.","Ayon kay bente, nag iikot sa ibat -ibang vaccination sites sina chili at Coffee para aliwin ang mga batang magpapabakuna.","['Belmonte', 'Chichi']","{'Belmonte': ['beinte', 'belong', 'bente', 'bolante', 'bulante'], 'Chichi': ['chacha', 'chicks', 'chili', 'which', 'bihi']}"
"Pinaghahanap naman ang driver ng truck van na nakilala lamang saalyas ??Allang?, nasa hustong gulang, tatrabahuin bilang driver ng Asuki Construction.","Pinaghahanap naman ang driver ng truck van na nakilala lamang saalyas ??Allang?, nasa hustong gulang, nagtatrabaho bilang driver ng Asuki Construction.","Pinaghahanap naman ang driver ng truck van na nakilala lamang alyas ??alalang?, nasa hustong gulang, pagtrabahuhin bilang driver ng aamuki Construction.","['saalyas', 'Allang', 'tatrabahuin', 'Asuki']","{'saalyas': ['aalas', 'aalpas', 'alyas', 'halyas', 'kabalyas'], 'Allang': ['aalang', 'ablang', 'alalang', 'alang', 'albang'], 'tatrabahuin': ['tatrabahuhin', 'trabahuin', 'pagtrabahuhin', 'tatabakin', 'tatabasin'], 'Asuki': ['amuki', 'suki', 'aamuki', 'alukin', 'amuk']}"
"Sa programang ""Tunay Na Buhay,"" tatlong pangalan ng celebrity crush ang tinatanong kay Myrtle pero iisang pangalan lang ang kaniyang binanggit.","Sa programang ""Tunay Na Buhay,"" tatlong pangalan ng celebrity crush ang tinanong kay Myrtle pero iisang pangalan lang ang kaniyang binanggit.","Sa programang ""Tunay Na Buhay,"" tatlong pangalan ng celebrity cash ang tinatanong kay turtle pero iisang pangalan lang ang kaniyang binanggit.","['crush', 'Myrtle']","{'crush': ['crash', 'rush', 'cash', 'cause', 'clash'], 'Myrtle': ['marble', 'morale', 'turtle', 'aarte', 'arte']}"
Magkakalinaw ang isyu kay Pacquiao sa PDP sa national assembly nang Partido sa Hulyo 17 kung saan pinaniniwalaang tuluyan nang maliligwak ayon sa source ng Abante bilang acting president si Pacquiao.,Magkakalinaw ang isyu kay Pacquiao sa PDP sa national assembly ng Partido sa Hulyo 17 kung saan pinaniniwalaang tuluyan nang maliligwak ayon sa source ng Abante bilang acting president si Pacquiao.,magkakanaw ang isyu kay quiao sa PDP sa national assembly nang Partido sa Hulyo ag kung saan pinaniniwalaang tuluyan nang maliligaw ayon sa source ng Abante bilang acting president si quiao.,"['Magkakalinaw', 'Pacquiao', '17', 'maliligwak', 'Pacquiao']","{'Magkakalinaw': ['magkakaligaw', 'magkakailaw', 'magkakanaw', 'magpapalinaw', 'nagkakaligaw'], 'Pacquiao': ['acquire', 'acquit', 'quiao', 'acacia', 'acquired'], '17': ['ab', 'ad', 'ag', 'ah', 'ak'], 'maliligwak': ['liligwak', 'maligwak', 'maliligaw', 'maliligtas', 'lumiligwak']}"
"Sinabi ng senador na bukod sa pagtiyak sa availability, accessibility at affordability ng bakuna para sa lahat ng Filipinos, responsibilidad din ng gobyerno na i-update ang publiko sa estado ng pagbili?? gayundin sa mga plano sa sa distribusyon at paggamit?? hanggang sa magkaroon ng full recovery at makamit ang ??herd immunity?? kapag maayos na naimplementa ang COVID-19 vaccine roadmap.","Sinabi ng senador na bukod sa pagtiyak sa availability, accessibility at affordability ng bakuna para sa lahat ng Filipinos, responsibilidad din ng gobyerno na i-update ang publiko sa estado ng pagbili?? gayundin sa mga plano sa distribusyon at paggamit?? hanggang sa magkaroon ng full recovery at makamit ang ??herd immunity?? kapag maayos na naimplementa ang COVID-19 vaccine roadmap.","Sinabi ng senador na bukod sa pagtiyak sa availability, accessibility at affordability ng bakuna para sa lahat ng pilipinas, responsibilidad din ng gobyerno na i-update ang publiko sa estado ng pagbili?? gayundin sa mga plano sa sa distribusyon at paggamit?? hanggang sa magkaroon ng full recovery at makamit ang ??herd immunity?? kapag maayos na naimplementa ang COVID-ag vaccine roadmap.","['Filipinos', '19']","{'Filipinos': ['filipino', 'afilipino', 'pilipinas', 'pilipino', 'filings'], '19': ['ab', 'ad', 'ag', 'ah', 'ak']}"
"Una ng sinabi sa ilang mga ulat na itinutulak ang pagbagsak na ito ng malaking interest rate hike ng US Federal Reserve, maliban pa sa mga sinyales na magpapatupad pa nito sa mga darating na panahon.","Una nang sinabi sa ilang mga ulat na itinutulak ang pagbagsak na ito ng malaking interest rate hike ng US Federal Reserve, maliban pa sa mga sinyales na magpapatupad pa nito sa mga darating na panahon.","Una ng sinabi sa ilang mga ulat na itinutulak ang pagbagsak na ito ng malaking interest rate hike ng US Federal Reserve, maliban pa sa mga sinyales na magpapatupad pa nito sa mga darating na panahon.",[],{}
"Kabilang rito aniya ang pag-improve sa localized response, pagpapalawak sa health system, pataasin ang testing capacity at pagdagdag ng mga isolation facilities.","Kabilang dito aniya ang pag-improve sa localized response, pagpapalawak sa health system, pataasin ang testing capacity at pagdagdag ng mga isolation facilities.","Kabilang rito aniya ang pag-improve sa localized response, pagpapalawak sa health system, pataasin ang testing capacity at pagdagdag ng mga isolation facilities.",[],{}
"Sa video na inilabas ng NYPD Crime Stopper, makikita ang pagbaba ng tatlong suspek na kinabibilangan ng isang babae at dalawang ilalaki sa SUV at ang pagsuntok ng isa sa kanila kay Cecille.","Sa video na inilabas ng NYPD Crime Stopper, makikita ang pagbaba ng tatlong suspek na kinabibilangan ng isang babae at dalawang lalaki sa SUV at ang pagsuntok ng isa sa kanila kay Cecille.","Sa video na inilabas ng napa Crime shipper, makikita ang pagbaba ng tatlong suspek na kinabibilangan ng isang babae at dalawang ilalaki sa sum at ang paghutok ng isa sa kanila kay cells.","['NYPD', 'Stopper', 'SUV', 'pagsuntok', 'Cecille']","{'NYPD': ['hype', 'hyped', 'napa', 'nape', 'napi'], 'Stopper': ['chopper', 'copper', 'shipper', 'shopped', 'shoppers'], 'SUV': ['su', 'sub', 'sum', 'sun', 'sur'], 'pagsuntok': ['pagbunto', 'pagbuntot', 'paghutok', 'paglunok', 'pagputok'], 'Cecille': ['cell', 'celled', 'cells', 'chill', 'chilled']}"
Kaniniwala si Para?ñaque City Mayor Edwin Olivarez na nagkaroon ng sobrang puwersa at pag-abuso sa kanilang awtoridad sa ginawa ng mga tauhan ng task force sa vendor na si Warren Villanueva.,Naniniwala si Para?ñaque City Mayor Edwin Olivarez na nagkaroon ng sobrang puwersa at pag-abuso sa kanilang awtoridad sa ginawa ng mga tauhan ng task force sa vendor na si Warren Villanueva.,paniniwala si Para?daue City Mayor diin olive na nagkaroon ng sobrang puwersa at pag-abuso sa kanilang awtoridad sa ginawa ng mga tauhan ng task force sa vendor na si barred Villanueva.,"['Kaniniwala', 'ñaque', 'Edwin', 'Olivarez', 'Warren']","{'Kaniniwala': ['maniniwala', 'naniniwala', 'paniniwala', 'niniwala', 'ikatitiwala'], 'ñaque': ['aqua', 'calue', 'daue', 'plaque', 'que'], 'Edwin': ['erwin', 'admin', 'diin', 'din', 'drin'], 'Olivarez': ['oligark', 'oligarka', 'olive', 'aliases', 'aliparo'], 'Warren': ['warden', 'bargen', 'barred', 'barrel', 'garden']}"
Ngayon ay apatnaput anim na taong gulang na ang Its Showtime host host.,Ngayon ay apatnaput anim na taong gulang na ang Its Showtime host.,Ngayon ay apatnapung anim na taong gulang na ang Its shortage host host.,"['apatnaput', 'Showtime']","{'apatnaput': ['apatnapu', ""apatnapu't"", 'apatnapung', 'mapatapat', 'napatapat'], 'Showtime': ['noontime', 'shooting', 'shortage', 'showbiz', 'showcase']}"
Dapat rin aniyang ihanap at ilipat ng City Garden ng ibang quarantine facility ang kanilang mga guest na maaapetuhan ng kanilang pagsasara.,Dapat din aniyang ihanap at ilipat ng City Garden ng ibang quarantine facility ang kanilang mga guest na maaapetuhan ng kanilang pagsasara.,Dapat din aniyang ihanap at ilipat ng City Garden ng ibang quarantine facility ang kanilang mga guest na maaapektuhang ng kanilang pagsasara.,['maaapetuhan'],"{'maaapetuhan': ['maaapektuhan', 'maaapketuhan', 'maaapektuhang', 'maapektuhan', 'naaapektuhan']}"
Nasayang ang ilang taon nilang relasyon nang umenter the dragon na si Tisoy 2.,Nasayang ang ilang taon nilang relasyon nang um-enter the dragon na si Tisoy 2.,Nasayang ang ilang taon nilang relasyon nang mentor the dragon na si biloy d.,"['umenter', 'Tisoy', '2']","{'umenter': ['center', 'enter', 'mentor', 'meter', 'renter'], 'Tisoy': ['tikoy', 'atsoy', 'biloy', 'biso', 'dikoy'], '2': ['b', 'c', 'd', 'e', 'f']}"
Maya maya dumating na ang ikalawang video.,Maya-maya dumating na ang ikalawang video.,Maya maya dumating na ang ikalawang video.,[],{}
"Kaya no wonder, lahat ng blessing dumarating sa pamilya nila, dahil nga sa mga tulong na ibinigay nila.","Kaya no wonder, lahat ng blessing dumarating sa pamilya nila, dahil nga sa mga tulong na ibinibigay nila.","Kaya no wonder, lahat ng blessing dumarating sa pamilya nila, dahil nga sa mga tulong na ibinigay nila.",[],{}
Rin ang kasabwat umano ni Ong na si Casta?ño na nakuhanan ng isang 9 mm na pistol na may 5 bala rin sa dala niyang body bag.,Din ang kasabwat umano ni Ong na si Casta?ño na nakuhanan ng isang 9 mm na pistol na may 5 bala rin sa dala niyang body bag.,Rin ang kasabwat umano ni Ong na si basta?co na nakuhanan ng isang d mm na pistol na may d bala rin sa dala niyang body bag.,"['Casta', 'ño', '9', '5']","{'Casta': ['aasta', 'asta', 'basta', 'carta', 'casa'], 'ño': ['ao', 'bo', 'co', 'do', 'go'], '9': ['b', 'c', 'd', 'e', 'f'], '5': ['b', 'c', 'd', 'e', 'f']}"
Nag sorry siya dahil ayaw raw niyang magpakaplastik at mali raw ang naging paninita niya.,Nag-sorry siya dahil ayaw raw niyang magpakaplastik at mali raw ang naging paninita niya.,Nag sorry siya dahil ayaw raw niyang magpakalabis at mali raw ang naging paninita niya.,['magpakaplastik'],"{'magpakaplastik': ['magkakapatid', 'magpakagasta', 'magpakalabis', 'magpakalantog', 'magpakalasing']}"
"Bakit ba binabawal ang online sabong, ang video karera, at maski na ang droga, ganung kagaya rin nang nagbebenta nang sex video sa internet wala naman silang inistorbo at gusto lamang yumaman nang madali?","Bakit ba binabawal ang online sabong, ang video karera, at maski na ang droga, ganung kagaya rin nang nagbebenta ng sex video sa internet wala naman silang inistorbo at gusto lamang yumaman nang madali?","Bakit ba binabawas ang online sabong, ang video karera, at maski na ang droga, ganung kagaya rin nang nagbebenta nang sex video sa internet wala naman silang inistorbo at gusto lamang yumaman nang marali?",['binabawal'],"{'binabawal': ['binabanal', 'binabawan', 'binabawas', 'ibinabawal', 'binabaak']}"
Caliber pistols pistols sa isang bahagi ng kalsada ng Brgy.,Caliber pistols sa isang bahagi ng kalsada ng Brgy.,Caliber pistols pistols sa isang bahagi ng kalsada ng Brgy.,[],{}
Napansin rin ng mga awtoridad na pabagu-bago ang mga pahayag nito.,Napansin din ng mga awtoridad na pabagu-bago ang mga pahayag nito.,Napansin din ng mga awtoridad na pabagu-bago ang mga pahayag nito.,[],{}
"Nakapagtala ang Department of Health (DOH) nang 5,979 bagong infection ng coronavirus disease (COVID-19), Lunes, kung kaya nasa 1,149,925na sumatutal ang nahahawaan nito sa bansa.","Nakapagtala ang Department of Health (DOH) ng 5,979 bagong infection ng coronavirus disease (COVID-19), Lunes, kung kaya nasa 1,149,925na sumatutal ang nahahawaan nito sa bansa.","Nakapagtala ang Department of Health (DOH) nang d,aal bagong infection ng coronavirus disease (COVID-ag), Lunes, kung kaya nasa d,aam,arena sumatutal ang nahahawaan nito sa bansa.","['5', '979', '19', '1', '149', '925na']","{'5': ['b', 'c', 'd', 'e', 'f'], '979': ['p75', 'aag', 'aal', 'aam', 'aat'], '19': ['ab', 'ad', 'ag', 'ah', 'ak'], '1': ['b', 'c', 'd', 'e', 'f'], '149': ['aag', 'aal', 'aam', 'aat', 'aaw'], '925na': ['amina', 'apina', 'arena', 'arina', 'asana']}"
"Sa halip na abandonahin, dapat na pagaralan na lamang at rebyuhin ang K-12 curriculum.","Sa halip na abandonahin, dapat na pag-aralan na lamang at rebyuhin ang K-12 curriculum.","Sa halip na abandonahin, dapat na pangaralan na lamang at rebyuhin ang K-ag curriculum.","['pagaralan', '12']","{'pagaralan': ['paaaralan', 'paaralan', 'pangaralan', 'aaaralan', 'aaralan'], '12': ['ab', 'ad', 'ag', 'ah', 'ak']}"
Pero dapat ay handa daw silang dalawa sa bagong chapter na papasukin ng kanilang buhay.,Pero dapat ay handa raw silang dalawa sa bagong chapter na papasukin ng kanilang buhay.,Pero dapat ay handa raw silang dalawa sa bagong chapter na papasukin ng kanilang buhay.,[],{}
Inamin ni Vhong na hindi siya nanood ng Showtime nung nasa kulungan siya dahil ikinalungkot at nami-miss niya ang mga katrabaho.,Inamin ni Vhong na hindi siya nanood ng Showtime nung nasa kulungan siya dahil malulungkot at nami-miss niya ang mga katrabaho.,Inamin ni ihong na hindi siya nanood ng shortage nung nasa kulungan siya dahil ikinalungkot at nami-miss niya ang mga katrabaho.,"['Vhong', 'Showtime']","{'Vhong': ['ahong', 'hong', 'ihong', 'uhong', 'aahong'], 'Showtime': ['noontime', 'shooting', 'shortage', 'showbiz', 'showcase']}"
"Sa isang video sa Twitter, na mapapanood din sa Unang Balita nitong Miyerkoles, nakita na pinagkaguluhan ng fans ang sasakyan ng American rapper-songwriter bago pa man ito makarating sa venue.","Sa isang video sa Twitter, na mapapanood din sa Unang Balita nitong Miyerkoles, makikita na pinagkaguluhan ng fans ang sasakyan ng American rapper-songwriter bago pa man ito makarating sa venue.","Sa isang video sa Twitter, na mapapanood din sa Unang Balita nitong mirekules, nakita na pinagkaguluhan ng fans ang sasakyan ng aberia rapper-bingwit bago pa man ito makarating sa venue.","['Miyerkoles', 'American', 'songwriter']","{'Miyerkoles': ['miyerkules', 'Miyerkules', 'mirekules', 'biyernes', 'Biyernes'], 'American': ['amerikana', 'aamerikana', 'aberia', 'aberiang', 'aberin'], 'songwriter': ['suwiter', 'writer', 'bingwit', 'bingwitin', 'concrete']}"
"Nagsimulang tawaging ""Hipon Girl"" si Herlene nang manalo siya bibilang Binibining Angono, matapos mapansin ng mga hindi makatanggap sa kaniyang pagkatalo ang kaniyang ""pettite"" na pangangatawan.","Nagsimulang tawaging ""Hipon Girl"" si Herlene nang manalo siya bilang Binibining Angono, matapos mapansin ng mga hindi makatanggap sa kaniyang pagkatalo ang kaniyang ""pettite"" na pangangatawan.","Nagsimulang tawaging ""Hipon Girl"" si airline nang manalo siya bibilang Binibining Angono, matapos mapansin ng mga hindi makatanggap sa kaniyang pagkatalo ang kaniyang ""betting"" na pangangatawan.","['Herlene', 'pettite']","{'Herlene': ['helen', 'heleng', 'airline', 'berdeng', 'berlin'], 'pettite': ['attire', 'bedtime', 'betting', 'despite', 'detine']}"
"Sina Gerald Anderson, Jameson Blake, Jake Ejercito at Sam Milby ang makakatambal nang sexy actress sa bagong serye.","Sina Gerald Anderson, Jameson Blake, Jake Ejercito at Sam Milby ang makakatambal ng sexy actress sa bagong serye.","Sina Gerald aiders, aambon lake, joke alerto at asam bily ang makakatambal nang sexy actress sa bagong serye.","['Anderson', 'Jameson', 'Blake', 'Jake', 'Ejercito', 'Sam', 'Milby']","{'Anderson': ['andoroon', 'adamson', 'aiders', 'anden', 'anderpas'], 'Jameson': ['james', 'kamison', 'aambon', 'aamen', 'aamisin'], 'Blake': ['bloke', 'brake', 'lake', 'plake', 'alak'], 'Jake': ['cake', 'fake', 'joke', 'lake', 'make'], 'Ejercito': ['exercise', 'merito', 'alerto', 'bertigo', 'coercion'], 'Sam': ['aam', 'am', 'asam', 'cam', 'dam'], 'Milby': ['mily', 'biloy', 'bily', 'ilay', 'kilay']}"
Ang leading man naman niyang si Aljur ay okay na okay na rin pagdating kay Kylie Padilla bibilangin magulang ng dalawa nilang anak.,Ang leading man naman niyang si Aljur ay okay na okay na rin pagdating kay Kylie Padilla bilang magulang ng dalawa nilang anak.,Ang leading man naman niyang si alter ay okay na okay na rin pagdating kay kalit barilya bibilangin magulang ng dalawa nilang anak.,"['Aljur', 'Kylie', 'Parilla']","{'Aljur': ['album', 'altar', 'alter', 'alun', 'flour'], 'Kylie': ['kali', 'kalis', 'kalit', 'kalive', 'kalye'], 'Parilla': ['parilya', 'barill', 'barilya', 'kabilla', 'pabigla']}"
Iginiit ni Ramos na hindi pagbibigay ng pag-asa at inspirasyon ang taktika Castriciones kundi paglalantad sa mga magsasakang benepisyaryo sa banta ng pandemya.,Iginiit ni Ramos na hindi pagbibigay ng pag-asa at inspirasyon ang taktika ni Castriciones kundi paglalantad sa mga magsasakang benepisyaryo sa banta ng pandemya.,Iginiit ni ramo na hindi pagbibigay ng pag-asa at inspirasyon ang taktika attrition kundi paglalantad sa mga magsasakang benepisyaryo sa banta ng pandemya.,"['Ramos', 'Castriciones']","{'Ramos': ['amos', 'gamos', 'ramo', 'ramps', 'rayos'], 'Castriciones': ['restrictions', 'attractions', 'attrition', 'cartridges', 'catridges']}"
Pinaiiwas ngayong araw nang Miyerkules ng Metropolitan Manila Development Authority (MMDA) ang mga motorista na dumaan sa Quezon Avenue dahil sa isasagawang Metro Manila Film Festival (MMFF) Parade of Stars 2022.,Pinaiiwas ngayong araw ng Miyerkules ng Metropolitan Manila Development Authority (MMDA) ang mga motorista na dumaan sa Quezon Avenue dahil sa isasagawang Metro Manila Film Festival (MMFF) Parade of Stars 2022.,Pinaiiwas ngayong araw nang Miyerkules ng Metropolitan Manila Development Authority (MMDA) ang mga motorista na dumaan sa Quezon Avenue dahil sa isasagawang Metro Manila Film Festival (off) Parade of Stars aag.,"['MMFF', '2022']","{'MMFF': ['mm', 'mmda', 'off', 'abf', 'am'], '2022': ['p25', 'aaba', 'aag', 'aako', 'aal']}"
Nangako silang makakaasa ang viewers na mas marami pang artista at surprise guests ang makakasama nila sa mga susundan na araw.,Nangako silang makakaasa ang viewers na mas marami pang artista at surprise guests ang makakasama nila sa mga susunod na araw.,Nangako silang makakaasa ang viewers na mas marami pang artista at surprise guests ang makakasama nila sa mga susundan na araw.,[],{}
Excited na din ang binata sa mga bagong makakatrabaho sa naturang iWantTFC series.,Excited na rin ang binata sa mga bagong makakatrabaho sa naturang iWantTFC series.,Excited na rin ang binata sa mga bagong makatrabaho sa naturang iWantTFC series.,['makakatrabaho'],"{'makakatrabaho': ['magkatrabaho', 'makapagtrabaho', 'makatrabaho', 'magpapatrabaho', 'magpatrabaho']}"
"Tinatayang aabot umano sa 345 gramo ang timbang ng naturang shabu na aabot P2,346,000 ang halaga nito.","Tinatayang aabot umano sa 345 gramo ang timbang ng naturang shabu na aabot sa P2,346,000 ang halaga nito.","Tinatayang aabot umano sa aag gramo ang timbang ng naturang shabu na aabot p3,aam,aam ang halaga nito.","['345', 'P2', '346', '000']","{'345': ['p25', 'p75', 'aag', 'aal', 'aam'], 'P2': ['p', 'p25', 'p3', 'pa', 'pg'], '346': ['aag', 'aal', 'aam', 'aat', 'aaw'], '000': ['aag', 'aal', 'aam', 'aat', 'aaw']}"
"So kagaya noong ECQ na lahat nasa loob nang bahay, walang gumagala pati yong mga would be victims at would be criminals so nalimit po talaga, paliwanag ni Sinas sa mga reporter.","So kagaya noong ECQ na lahat nasa loob ng bahay, walang gumagala pati yong mga would be victims at would be criminals so nalimit po talaga, paliwanag ni Sinas sa mga reporter.","So kagaya noong ECQ na lahat nasa loob nang bahay, walang gumagala pati yong mga would be victims at would be criminals so calamit po talaga, paliwanag ni pinas sa mga reporter.","['nalimit', 'Sinas']","{'nalimit': ['malimit', 'alimis', 'calamit', 'kaliit', 'lilimit'], 'Sinas': ['hinas', 'linas', 'pinas', 'sina', 'sinag']}"
"Habang abala si Ginalyn sa pagsusunog ng ginagawang uling, binantayan naman ni Argie ang mga anak na ginawa na ring palaruan ang ulingan.","Habang abala si Ginalyn sa pagsusunog ng ginagawang uling, binabantayan naman ni Argie ang mga anak na ginawa na ring palaruan ang ulingan.","Habang abala si ginalang sa pagsusunog ng ginagawang uling, binantayan naman ni aagit ang mga anak na ginawa na ring palaruan ang ulingan.","['Ginalyn', 'Argie']","{'Ginalyn': ['ginala', 'ginalak', 'ginalang', 'ginalaw', 'ginaling'], 'Argie': ['arvie', 'aagik', 'aagit', 'age', 'agik']}"
"Sa ilalim ng programa, ang m ga drivers at operators ng mga pampasaherong sasakyan na apektado ng COVID-19 lockdowns ay tatanggap ng cash subsidies sa ilalim ng Bayanihan recovery plan para maibsan ang nawalang kita sa pagtigil sa pamamasada.","Sa ilalim ng programa, ang mga drivers at operators ng mga pampasaherong sasakyan na apektado ng COVID-19 lockdowns ay tatanggap ng cash subsidies sa ilalim ng Bayanihan recovery plan para maibsan ang nawalang kita sa pagtigil sa pamamasada.","Sa ilalim ng programa, ang m ga drivers at operators ng mga pampasaherong sasakyan na apektado ng COVID-ag lockdowns ay tatanggap ng cash subsidies sa ilalim ng Bayanihan recovery plan para maibsan ang nawalang kita sa pagtigil sa pamamasada.",['19'],"{'19': ['ab', 'ad', 'ag', 'ah', 'ak']}"
"Nagkaroon umano ng komprontasyon sa pagitan nina Gretchen at Marjorie, at nadawit rin si Claudine.","Nagkaroon umano ng komprontasyon sa pagitan nina Gretchen at Marjorie, at nadawit din si Claudine.","Nagkaroon umano ng komprontasyon sa pagitan nina fetched at major, at arawin din si causing.","['Gretchen', 'Marjorie', 'narawit', 'Claudine']","{'Gretchen': ['breacher', 'breaches', 'fetched', 'glitches', 'green'], 'Marjorie': ['calorie', 'magsori', 'major', 'majoring', 'majority'], 'narawit': ['nadawit', 'aawit', 'arawin', 'dalawit', 'inaawit'], 'Claudine': ['canine', 'carbine', 'causing', 'clade', 'clause']}"
"Ipinatingin sa klinika ng barangay ang bata, at kinalaunan ay ipinatingin din kay Ed dahil may nararamdaman raw ang bata na nanggagambala sa kaniya.","Ipinatingin sa klinika ng barangay ang bata, at kinalaunan ay ipinatingin din kay Ed dahil may nararamdaman daw ang bata na nanggagambala sa kaniya.","ipinatigil sa klinika ng barangay ang bata, at kinalaunan ay ipinatigil din kay Ed dahil may nararamdaman daw ang bata na nanggagambala sa kaniya.","['Ipinatingin', 'ipinatingin']","{'Ipinatingin': ['ipinagtingi', 'ipinagtinging', 'ipinatigil', 'itinitingin', 'ibinating'], 'ipinatingin': ['ipinagtingi', 'ipinagtinging', 'ipinatigil', 'itinitingin', 'ibinating']}"
"Muling pinagtibay ni Senator Christopher ??Bong? Go ang kanyang pangako na susuportahan ang sektor ng agrikultura ng bansa matapos aprubahan ng Senado sa ikatlo at huling pagbasa ang panukalang co-authored ng senador na naglalayong palakasin ang sistemang pinansyal para sa agrikultura, pangisdaan, at pagunlad ng kanayunan sa bansa.","Muling pinagtibay ni Senator Christopher ??Bong? Go ang kanyang pangako na susuportahan ang sektor ng agrikultura ng bansa matapos aprubahan ng Senado sa ikatlo at huling pagbasa ang panukalang co-authored ng senador na naglalayong palakasin ang sistemang pinansyal para sa agrikultura, pangisdaan, at pag-unlad ng kanayunan sa bansa.","Muling pinagtibay ni Senator Christopher ??Bong? Go ang kanyang pangako na susuportahan ang sektor ng agrikultura ng bansa matapos aprubahan ng Senado sa ikatlo at huling pagbasa ang panukalang co-authored ng senador na naglalayong palakasin ang sistemang pinansyal para sa agrikultura, pangisdaan, at mauunlad ng kanayunan sa bansa.",['pagunlad'],"{'pagunlad': ['maaunlad', 'maunlad', 'mauunlad', 'pagbungad', 'pagbunlag']}"
"Ni minsan ay hindi naman natin nakitang kalalaki ang tiyan ni Maine, wala rin silang maiturong ospital o bahay kung saan ipinanganak ng Dubsmash Queen ang sanggol, saan kaya sila humuhugot ng lakas ng loob para panindigang nagkaanak sina Alden at Maine?","Ni minsan ay hindi naman natin nakitang lumaki ang tiyan ni Maine, wala rin silang maiturong ospital o bahay kung saan ipinanganak ng Dubsmash Queen ang sanggol, saan kaya sila humuhugot ng lakas ng loob para panindigang nagkaanak sina Alden at Maine?","Ni minsan ay hindi naman natin nakitang ilalaki ang tiyan ni maino, wala rin silang maituring ospital o bahay kung saan ipinanganak ng bubukas Queen ang sanggol, saan kaya sila humuhugot ng lakas ng loob para panindigang nagkaanak sina anden at maino?","['kalalaki', 'Maine', 'maiturong', 'Dubsmash', 'Alden', 'Maine']","{'kalalaki': ['kalalako', 'malalaki', 'ilalaki', 'kalahati', 'kalakati'], 'Maine': ['maide', 'main', 'maino', 'maire', 'marine'], 'maiturong': ['magturong', 'maitulong', 'maituring', 'maiuurong', 'maturong'], 'Dubsmash': ['smash', 'bubas', 'bubukas', 'bubulas', 'bubutas'], 'Alden': ['alien', 'alyen', 'anden', 'aamen', 'absen']}"
"Malamang pag sasali ako sa Miss U, madadapa rin ako sa stage, even though may training,? paglalahad ng aktres.","Malamang pag sumali ako sa Miss U, madadapa rin ako sa stage, even though may training,? paglalahad ng aktres.","Malamang pag sasali ako sa Miss U, madadala rin ako sa stage, even though may training,? paglalahad ng aktres.",['maradapa'],"{'maradapa': ['madadapa', 'mararapa', 'madadala', 'madadama', 'madadaya']}"
Wakas ma i-sshare ko na rin sa inyong lahat ang gender ng aking baby.,Sa wakas ma i-sshare ko na rin sa inyong lahat ang gender ng aking baby.,Wakas ma i-shade ko na rin sa inyong lahat ang gender ng aking baby.,['sshare'],"{'sshare': ['share', 'scare', 'shade', 'shape', 'shared']}"
Posibleng bigyan ito ng extension-base sa kanilang magiging performance sa season-ending tournament.,Posibleng bigyan ito ng extension base sa kanilang magiging performance sa season-ending tournament.,Posibleng bigyan ito ng extension-base sa kanilang magiging performance sa season-ending tournament.,[],{}
"Ayon sa mga opisyal ng 602ndInfantry Brigade at ng 90thIB, si Kabunto, maliban sa pagbebenta ng droga, ay may grupo rin ng mga armadong kalalakihan na sangkot sa pagnanakaw ng mga kalabaw at baka, at pang aagaw ng mga motorsiklo.","Ayon sa mga opisyal ng 602ndInfantry Brigade at ng 90thIB, si Kabunto, maliban sa pagbebenta ng droga, ay may grupo rin ng mga armadong kalalakihan na sangkot sa pagnanakaw ng mga kalabaw at baka, at pang-aagaw ng mga motorsiklo.","Ayon sa mga opisyal ng hindiumano'y Brigade at ng hithit, si asunto, maliban sa pagbebenta ng droga, ay may grupo rin ng mga armadong kalalakihan na sangkot sa pagnanakaw ng mga kalabaw at baka, at pang aagaw ng mga motorsiklo.","['602ndInfantry', '90thIB', 'Kabunto']","{'602ndInfantry': ['infantry', 'hinantay', ""hindiumano'y"", 'hininintay', 'inaantay'], '90thIB': ['bathin', 'ethic', 'hithit', 'itib', 'kathab'], 'Kabunto': ['kabuno', 'kabuntot', 'asunto', 'bunto', 'ibunto']}"
"Halos ibinibigay niya na lang 'yung sarili niya roon sa mga pumalo sa kaniya para matigil na lang 'yung paghahabol sa kaniya, sabi ni Arejola.","Halos ibinigay niya na lang 'yung sarili niya roon sa mga pumalo sa kaniya para matigil na lang 'yung paghahabol sa kaniya, sabi ni Arejola.","Halos ibinibigay niya na lang 'yung sarili niya roon sa mga pumalo sa kaniya para matigil na lang 'yung paghahabol sa kaniya, sabi ni amapola.",['Arejola'],"{'Arejola': ['arinola', 'aureola', 'amapola', 'apela', 'area']}"
Ang Mindanao naman ang sumunod na may pinakamaraming nagutom na itinala sa 14% ng mga mga pamilya.,Ang Mindanao naman ang sumunod na may pinakamaraming nagutom na itinala sa 14% ng mga pamilya.,Ang Mindanao naman ang sumunod na may pinakamaraming nagutom na itinala sa ag% ng mga mga pamilya.,['14'],"{'14': ['ab', 'ad', 'ag', 'ah', 'ak']}"
"Kaya paggising ko sa umaga sinisigurado ko na idarasal ako, nagpapasalamat ako sa panibagong buhay na kahit na may pandemya, nagising na naman tayo at napakalaking blessing na yun.","Kaya paggising ko sa umaga sinisigurado ko na nagdarasal ako, nagpapasalamat ako sa panibagong buhay na kahit na may pandemya, nagising na naman tayo at napakalaking blessing na yun.","Kaya paggising ko sa umaga sinisigurado ko na ipakasal ako, nagpapasalamat ako sa panibagong buhay na kahit na may pandemya, nagising na naman tayo at napakalaking blessing na yun.",['irarasal'],"{'irarasal': ['ikakasal', 'inaasal', 'ipakasal', 'parasal', 'aasal']}"
Bukod sa paglalaan ng pondo para sa developmental loan ay magbibigay rin ng individual housing loans Pag-IBIG Fund para sa mga benepisyaryong napili ng mga LGU.,Bukod sa paglalaan ng pondo para sa developmental loan ay magbibigay rin ng individual housing loans ang Pag-IBIG Fund para sa mga benepisyaryong napili ng mga LGU.,Bukod sa paglalaan ng pondo para sa developmental loan ay magbibigay rin ng individual housing loans Pag-IBIG Fund para sa mga benepisyaryong napili ng mga aga.,['LGU'],"{'LGU': ['lgus', 'ag', 'aga', 'age', 'ago']}"
Makikita sa mga larawan na tumulong ang ibang preso na may hinawakan na lettering na ??Will You Marry Me??.,Makikita sa mga larawan na tumulong ang ibang preso na may hawak na lettering na ??Will You Marry Me??.,Makikita sa mga larawan na tumulong ang ibang preso na may hinawakan na litering na ??Will You aaray Me??.,"['lettering', 'Marry']","{'lettering': ['letering', 'letting', 'litering', 'metering', 'batering'], 'Marry': ['carry', 'larry', 'aaray', 'aray', 'army']}"
Masusing mino-monitor ng Department of Agriculture (DA) ang presyo ng itlog upang matukoy kung patuloy ang pagtaas nito.,Masusing mino-monitor ng Department of Agriculture (DA) ang presyo ng itlog upang matukoy kung magpapatuloy ang pagtaas nito.,mas using mino-monitor ng Department of Agriculture (DA) ang presyo ng itlog upang matukoy kung patuloy ang pagtaas nito.,[],{}
Hindi pa naman sinasagot ng DOH ang reporters sa ngayon kung ito lang ang nag-iisang insidente ng COVID-19 vaccination kung saan kahihindi naipasok ang vaccine contents sa katawan.,Hindi pa naman sinasagot ng DOH ang reporters sa ngayon kung ito lang ang nag-iisang insidente ng COVID-19 vaccination kung saan hindi naipasok ang vaccine contents sa katawan.,Hindi pa naman sinasagot ng DOH ang reporters sa ngayon kung ito lang ang nag-iisang insidente ng COVID-ag vaccination kung saan hihingi naipasok ang vaccine contents sa katawan.,"['19', 'kahihindi']","{'19': ['ab', 'ad', 'ag', 'ah', 'ak'], 'kahihindi': ['mahihingi', 'nahihingi', 'hihingi', 'ihihingi', 'kahigin']}"
Sinabi rin ni Tacardon noon sa media na inamin ng ng isang drug lord sa witness stand na hindi niya pa nakakasalamuha si De Lima.,Sinabi rin ni Tacardon noon sa media na inamin ng isang drug lord sa witness stand na hindi niya pa nakakasalamuha si De Lima.,Sinabi rin ni awardan noon sa media na inamin ng ng isang drug lord sa witness stand na hindi niya pa nakakasalamuha si De Lima.,['Tacardon'],"{'Tacardon': ['tagaroon', 'aagdon', 'awardan', 'carbon', 'gabardin']}"
Nauna ng kinuha ng TNT Tropang Giga si dating NLEX import Aaron Fuller bilang kapalit ni McKenzie Moore habang ipapalit ng Blackwater si Shawn Glover kay Jaylen Bond.,Nauna nang kinuha ng TNT Tropang Giga si dating NLEX import Aaron Fuller bilang kapalit ni McKenzie Moore habang ipapalit ng Blackwater si Shawn Glover kay Jaylen Bond.,Nauna ng kinuha ng TNT Tropang gaga si dating ale import aarok caller bilang kapalit ni makinig door habang ipapalit ng breakwater si haen lover kay fallen Bond.,"['Giga', 'NLEX', 'Aaron', 'Fuller', 'McKenzie', 'Moore', 'Blackwater', 'Shawn', 'Glover', 'Jaylen']","{'Giga': ['biga', 'diga', 'gaga', 'gia', 'giba'], 'NLEX': ['alex', 'flex', 'ale', 'annex', 'apex'], 'Aaron': ['aahon', 'aalon', 'aarok', 'aayon', 'baron'], 'Fuller': ['baller', 'bullet', 'caller', 'culled', 'fallen'], 'McKenzie': ['kendi', 'makini', 'makinig', 'makinis', 'marendi'], 'Moore': ['more', 'core', 'door', 'doors', 'kobre'], 'Blackwater': ['backwages', 'blackmailer', 'breakwater', 'brekwater', 'lakewater'], 'Shawn': ['ahan', 'chain', 'haen', 'hain', 'han'], 'Glover': ['glove', 'gloves', 'lover', 'blower', 'closer'], 'Jaylen': ['bayle', 'bayleng', 'fallen', 'kaylan', 'laymen']}"
"Ayon kay Almendras, sinabihan sila nang wage board na nasa paraan pa lang sila ng konsultasyon.","Ayon kay Almendras, sinabihan sila ng wage board na nasa paraan pa lang sila ng konsultasyon.","Ayon kay Almendras, sinabihan sila nang wage board na nasa paraan pa lang sila ng konsultasyon.",[],{}
"Samantala, kumalat na din ang isa pang kuwentong buntis.","Samantala, kumalat na rin ang isa pang kuwentong buntis.","Samantala, kumalat na rin ang isa pang kuwentong buntis.",[],{}
"May duda ako na may nagsusul dito, maraming ??sulsultant?? rito eh, saad pa niya.","May duda ako na may nagsusul dito, maraming ??sulsultant?? dito eh, saad pa niya.","May duda ako na may nagsugal dito, maraming ??consultant?? rito eh, saad pa niya.","['nagsusul', 'sulsultant']","{'nagsusul': ['nagbusal', 'nagputul', 'nagsugal', 'nagsulsol', 'nagsumula'], 'sulsultant': ['sulsulan', 'sulsulang', 'consultant', 'konsultant', 'kunsultang']}"
Ok din naman dahil may apat pang ibang nood kaya lima kami sa buong sinehan.,Ok din naman dahil may apat pang ibang nanonood kaya lima kami sa buong sinehan.,Ok din naman dahil may apat pang ibang nood kaya lima kami sa buong sinehan.,[],{}
Maya-maya ay tinutukan nila ng baril ang mga mga empleyado ng tindahan at tinangay ang humigit kumulang sa?,Maya-maya ay tinutukan nila ng baril ang mga empleyado ng tindahan at tinangay ang humigit kumulang sa?,Maya-maya ay tinutukan nila ng baril ang mga mga empleyado ng tindahan at tinangay ang humigit kumulang sa?,[],{}
"Mariveles, Bataan, Philippines ?? Huli sa akto ang 28 tripulante na lulan ng dalawang bangka matapos maaktuhan ngmga nagpapatrulyang pulis na iligal na isda gamit ang ??Sudsud o Kaladkad? sa karagatang sakop ng Barangay Ipag ng bayang ito.","Mariveles, Bataan, Philippines ?? Huli sa akto ang 28 tripulante na lulan ng dalawang bangka matapos maaktuhan ngmga nagpapatrulyang pulis na iligal na nangingisda gamit ang ??Sudsud o Kaladkad? sa karagatang sakop ng Barangay Ipag ng bayang ito.","mariners, Bataan, Philippines ?? Huli sa akto ang ag tripulante na lulan ng dalawang bangka matapos maaktuhan ngmga nagpapatrulyang pulis na iligal na isda gamit ang ??sidsid o Kaladkad? sa karagatang sakop ng Barangay Ipag ng bayang ito.","['Mariveles', '28', 'Sudsud']","{'Mariveles': ['bariles', 'maribel', 'mariners', 'marines', 'marites'], '28': ['ab', 'ad', 'ag', 'ah', 'ak'], 'Sudsud': ['sudsod', 'sadsad', 'sidsid', 'sunud', 'susun']}"
"Roon na nagsimula ang kaniyang interes sa pag-eembalsamo, hanggang sa naging hands-on na siya sa pag-aayos ng mga patay sa tulong ng kaniyang ama.","Doon na nagsimula ang kaniyang interes sa pag-eembalsamo, hanggang sa naging hands-on na siya sa pag-aayos ng mga patay sa tulong ng kaniyang ama.","Roon na nagsimula ang kaniyang interes sa pag-eembalsamo, hanggang sa naging hands-on na siya sa pag-aayos ng mga patay sa tulong ng kaniyang ama.",[],{}
Matatandaang dati ng tinamaan ng nakamamatay na COVID-19 si Marcos Jr.,Matatandaang dati nang tinamaan ng nakamamatay na COVID-19 si Marcos Jr.,Matatandaang dati ng tinamaan ng nakamamatay na COVID-ag si Marcos Jr.,['19'],"{'19': ['ab', 'ad', 'ag', 'ah', 'ak']}"
"Yung mga drivers na lang and operators ang nabigay ng subsidy, aniya pa.","Yung mga drivers na lang and operators ang bibigyan ng subsidy, aniya pa.","Yung mga drivers na lang and operators ang nabigay ng subsidy, aniya pa.",[],{}
"Yung iba doon talagang pina-edit ko, kasi ang alam ko baka ma-offend si Mayora, paglilinaw ni AiAi.","Yung iba roon talagang pina-edit ko, kasi ang alam ko baka ma-offend si Mayora, paglilinaw ni AiAi.","Yung iba doon talagang pina-edit ko, kasi ang alam ko baka ma-offend si Mayora, paglilinaw ni aag.",['AiAi'],"{'AiAi': ['avai', 'aaari', 'aag', 'aal', 'aali']}"
"Walong miyembro ng New Peoples Army (NPA) ang pinaniniwalaang namamatay sa matinding gutom nang sumailalim sa autopsy ang kanilang mga bangkaysa Barangy Canadam, Maconacon, Isabela.","Walong miyembro ng New Peoples Army (NPA) ang pinaniniwalaang namatay sa matinding gutom nang sumailalim sa autopsy ang kanilang mga bangkaysa Barangy Canadam, Maconacon, Isabela.","Walong miyembro ng New Peoples Army (na) ang pinaniniwalaang namamatay sa matinding gutom nang sumailalim sa autopsy ang kanilang mga mangkaya babang panada, abonado, Isabela.","['NPA', 'bangkaysa', 'Barangy', 'Canadam', 'Maconacon']","{'NPA': ['apa', 'ipa', 'na', 'naa', 'napa'], 'bangkaysa': ['bangkas', 'bangkay', 'mangkaya', 'nangkaya', 'pangkalsa'], 'Barangy': ['barang', 'barangay', 'babang', 'babango', 'bagang'], 'Canadam': ['canada', 'andam', 'panada', 'panayam', 'randam'], 'Maconacon': ['mahinahon', 'manaon', 'abonado', 'abonadong', 'kanayon']}"
"Sa ulat ni Rudje Mar Sucaldito sa GMA Regional TV News nitong Martes, makakakita sa video na kuha ng isang concerned citizen ang isang lalaking nakahubad habang pinagtutulungan ng ilang kalalakihan na igapos.","Sa ulat ni Rudje Mar Sucaldito sa GMA Regional TV News nitong Martes, makikita sa video na kuha ng isang concerned citizen ang isang lalaking nakahubad habang pinagtutulungan ng ilang kalalakihan na igapos.","Sa ulat ni dudge car bulalato sa gia Regional TV News nitong Martes, makakakita sa video na kuha ng isang concerned citizen ang isang lalaking nakahubad habang pinagtutulungan ng ilang kalalakihan na igapos.","['Rudje', 'Mar', 'Sucaldito', 'GMA']","{'Rudje': ['rude', 'crude', 'dudge', 'grudge', 'iude'], 'Mar': ['ar', 'bar', 'car', 'ear', 'far'], 'Sucaldito': ['subalit', 'andito', 'bulalato', 'bumalato', 'bumaliko'], 'GMA': ['ama', 'ga', 'gia', 'goma', 'gra']}"
Hanggang sa dumating ang puntong hindi na napipilitan-si Mikee sa kaniyang pag-aaral.,Hanggang sa dumating ang puntong hindi na napipilitan si Mikee sa kaniyang pag-aaral.,Hanggang sa dumating ang puntong hindi na napipilitan-si biker sa kaniyang pag-aaral.,['Mikee'],"{'Mikee': ['mike', 'bike', 'biker', 'bikes', 'dike']}"
Ang Senado ang nagiimbestiga sa transaksyon ng kumpanya sa pamahalaan kaugnay ng kontrata nitong bilyun-bilyong umanoy overpriced medical COVID-19 supplies Ludy Bermudo.,Ang Senado ang nag-iimbestiga sa transaksyon ng kumpanya sa pamahalaan kaugnay ng kontrata nitong bilyun-bilyong umanoy overpriced medical COVID-19 supplies Ludy Bermudo.,Ang Senado ang imbestiga sa transaksyon ng kumpanya sa pamahalaan kaugnay ng kontrata nitong bilyun-bilyong umanoy overpriced medical COVID-ag supplies luoy barado.,"['nagiimbestiga', '19', 'Ludy', 'Bermudo']","{'nagiimbestiga': ['iimbestiga', 'iniimbestiga', 'imbestiga', 'inimbestiga', 'naiimbestigahan'], '19': ['ab', 'ad', 'ag', 'ah', 'ak'], 'Ludy': ['lady', 'luay', 'luoy', 'andy', 'body'], 'Bermudo': ['berdugo', 'armado', 'barado', 'baruso', 'baruto']}"
"Kuwento ng mga kapitbahay, laging nagaaway at nagsisigawan ang mag-live-in partner dahil sa matinding selos ng lalaki.","Kuwento ng mga kapitbahay, laging nag-aaway at nagsisigawan ang mag-live-in partner dahil sa matinding selos ng lalaki.","Kuwento ng mga kapitbahay, laging magkaaway at nagsisigawan ang mag-live-in partner dahil sa matinding selos ng lalaki.",['nagaaway'],"{'nagaaway': ['naglaway', 'nakaaway', 'magkaaway', 'maglaway', 'makaaway']}"
Rito na naghinala ang pulisya na may ginagawang kalokohan ang dalawang suspek kaya kanilang nilapitan at tinanong.,Dito na naghinala ang pulisya na may ginagawang kalokohan ang dalawang suspek kaya kanilang nilapitan at tinanong.,Rito na naghinala ang pulisya na may ginagawang kalokohan ang dalawang suspek kaya kanilang nilapitan at tinanong.,[],{}
"Kahit na mahirap, kahit na hindi siya comfortable dun sa situation dahil pinaniwalaan talaga siya na, 'yun 'yung tama.","Kahit na mahirap, kahit na hindi siya comfortable dun sa situation dahil naniniwala talaga siya na, 'yun 'yung tama.","Kahit na mahirap, kahit na hindi siya comfortable dun sa situation dahil pinaniwalaan talaga siya na, 'yun 'yung tama.",[],{}
Sinabi pa ni Verceles na napilitang makipagpalitan ng putok ang mga operatiba sa m ga armadong grupo na tumagal ng 40 minuto ang engkuwentro.,Sinabi pa ni Verceles na napilitang makipagpalitan ng putok ang mga operatiba sa mga armadong grupo na tumagal ng 40 minuto ang engkuwentro.,Sinabi pa ni vesels na napilitang makipagpalitan ng putok ang mga operatiba sa m ga armadong grupo na tumagal ng ag minuto ang engkuwentro.,"['Verceles', '40']","{'Verceles': ['vehicles', 'verbale', 'vesels', 'vessels', 'arcades'], '40': ['ab', 'ad', 'ag', 'ah', 'ak']}"
"Meron-kaming curfew, may cut-off kami, aniya pa.","Meron kaming curfew, may cut-off kami, aniya pa.","Meron-kaming curfew, may cut-off kami, aniya pa.",[],{}
"Ayon sa ulat ng MMDA na ibinahagi sa MIAA, may kabuuang 35 na paglabag ang naitala, 29 rito ay nabigyan ng ticket.","Ayon sa ulat ng MMDA na ibinahagi sa MIAA, may kabuuang 35 na paglabag ang naitala, 29 dito ay nabigyan ng ticket.","Ayon sa ulat ng MMDA na ibinahagi sa mgaa, may kabuuang ag na paglabag ang naitala, ag rito ay nabigyan ng ticket.","['MIAA', '35', '29']","{'MIAA': ['maa', 'maaa', 'mgaa', 'miga', 'miha'], '35': ['ab', 'ad', 'ag', 'ah', 'ak'], '29': ['ab', 'ad', 'ag', 'ah', 'ak']}"
"Pero iyong-nagbubunganga pa rin hanggang ngayon, parang ang gusto lang ay mapansin kaya hindi na dapat pinapatulan.","Pero iyong nagbubunganga pa rin hanggang ngayon, parang ang gusto lang ay mapansin kaya hindi na dapat pinapatulan.","Pero iyong-nagbubunganga pa rin hanggang ngayon, parang ang gusto lang ay mapansin kaya hindi na dapat pinapatulan.",[],{}
Sinabi ni MMDA Chairman Benhur Abalos na mapapabilis din ang biyahe biyahe ng mga motorista sa muling pagbubukas ng U-turn slot dahil hindi na kailangan pang lumayo.,Sinabi ni MMDA Chairman Benhur Abalos na mapapabilis din ang biyahe ng mga motorista sa muling pagbubukas ng U-turn slot dahil hindi na kailangan pang lumayo.,Sinabi ni MMDA Chairman Benhur Abalos na mapapabilis din ang biyahe biyahe ng mga motorista sa muling pagbubukas ng U-turn slot dahil hindi na kailangan pang lumayo.,[],{}
"Kaya nung huling dumalaw niya si Vhong, sinabihan daw niyan huwag nang mag-alala, dahil sila ng mga abogado ang bahala na humarap sa kasong ito.","Kaya nung huling dinalaw niya si Vhong, sinabihan daw niyan huwag nang mag-alala, dahil sila ng mga abogado ang bahala na humarap sa kasong ito.","Kaya nung huling dumalaw niya si ihong, sinabihan daw niyan huwag nang mag-alala, dahil sila ng mga abogado ang bahala na humarap sa kasong ito.",['Vhong'],"{'Vhong': ['ahong', 'hong', 'ihong', 'uhong', 'aahong']}"
"Ng hindi matiis ng aktres ang sakit sa katawan, nagpaalam na siyang lalabas sa lock-in para magpa-doctor.","Nang hindi matiis ng aktres ang sakit sa katawan, nagpaalam na siyang lalabas sa lock-in para magpa-doctor.","Ng hindi matiis ng aktres ang sakit sa katawan, nagpaalam na siyang lalabas sa lock-in para magpa-doctor.",[],{}
Tumaas ang ang presyo ng noche buena items mula 10% hanggang 27% ngayong taon kumpara noong nakaraang taon.,Tumaas ang presyo ng noche buena items mula 10% hanggang 27% ngayong taon kumpara noong nakaraang taon.,Tumaas ang ang presyo ng noche buena items mula ag% hanggang ag% ngayong taon kumpara noong nakaraang taon.,"['10', '27']","{'10': ['ab', 'ad', 'ag', 'ah', 'ak'], '27': ['ab', 'ad', 'ag', 'ah', 'ak']}"
"Bibilang paghahanda, nagsagawa na ng renobasyon ang airport.","Bilang paghahanda, nagsagawa na ng renobasyon ang airport.","Bibilang paghahanda, nagsagawa na ng renobasyon ang airport.",[],{}
Kasalukuyang-nasa Sorsogon pa si John Lloyd.,Kasalukuyang nasa Sorsogon pa si John Lloyd.,Kasalukuyang-nasa aborsiyon pa si John cloud.,"['Sorsogon', 'Lloyd']","{'Sorsogon': ['monsoon', 'porsyon', 'aborsiyon', 'aborsyon', 'arson'], 'Lloyd': ['aloy', 'blood', 'cloud', 'flood', 'llaya']}"
"Pagbibintangan ka, tapos-ang kasunod sisiraan ka na sa social media.","Pagbibintangan ka, tapos ang kasunod sisiraan ka na sa social media.","Pagbibintangan ka, tapos-ang kasunod sisiraan ka na sa social media.",[],{}
"Birth month rin ni Kris Aquino ang Pebrero, pero tulad ng dati tahimik lang na celebration para kay Kris.","Birth month din ni Kris Aquino ang Pebrero, pero tulad ng dati tahimik lang na celebration para kay Kris.","Birth month din ni Kris aluin ang Pebrero, pero tulad ng dati tahimik lang na celebration para kay Kris.",['Aquino'],"{'Aquino': ['akuin', 'akuing', 'aluin', 'aluing', 'alumno']}"
Giit rin ni Buensuceso na noong 2016 arbitral ruling ay napatunayan nang walang timbang pagdating sa batas ang paninindigan ng China tungkol sa kanila umanong ??historic rights?? sa South China Sea.,Giit din ni Buensuceso na noong 2016 arbitral ruling ay napatunayan nang walang timbang pagdating sa batas ang paninindigan ng China tungkol sa kanila umanong ??historic rights?? sa South China Sea.,Giit din ni avenues na noong aako arbitral ruling ay napatunayan nang walang timbang pagdating sa batas ang paninindigan ng China tungkol sa kanila umanong ??historic rights?? sa South China Sea.,"['Buensuceso', '2016']","{'Buensuceso': ['abenturero', 'absences', 'avenues', 'balinsuso', 'balisuso'], '2016': ['aaba', 'aag', 'aako', 'aal', 'aala']}"
Ipinost rin ng aktor ang photo nila na magkaakbay na sinagot din ng sexy actress ng apat na red heart emoticon.,Ipinost din ng aktor ang photo nila na magkaakbay na sinagot din ng sexy actress ng apat na red heart emoticon.,Ipinost din ng aktor ang photo nila na magkaalakbay na sinagot din ng sexy actress ng apat na red heart nmotion.,"['magkaakbay', 'emoticon']","{'magkaakbay': ['magkaabay', 'magkaakma', 'magkaalakbay', 'magkaaway', 'magkasabay'], 'emoticon': ['demotion', 'motion', 'nmotion', 'edition', 'emosyon']}"
Naglabas rin ng saloobin si Fajardo sa kaniyang social media account noong Hunyo 24 para tuldukan na ang lahat dahil nais nitong mamuhay ng tahimik.,Naglabas din ng saloobin si Fajardo sa kaniyang social media account noong Hunyo 24 para tuldukan na ang lahat dahil nais nitong mamuhay ng tahimik.,Naglabas din ng saloobin si aasado sa kaniyang social media account noong Hunyo ag para tuldukan na ang lahat dahil nais nitong mamuhay ng tahimik.,"['Fajardo', '24']","{'Fajardo': ['aararo', 'aarko', 'aasado', 'aaward', 'araro'], '24': ['ab', 'ad', 'ag', 'ah', 'ak']}"
"Sa ulat ng pulisya, alas-11:40 ng gabi ay papauwi na sana ang biktima sasakyan ng kaniyang Baja 110 motorcycle at binabagtas ang nasabing highway.","Sa ulat ng pulisya, alas-11:40 ng gabi ay papauwi na sana ang biktima sakay ng kaniyang Baja 110 motorcycle at binabagtas ang nasabing highway.","Sa ulat ng pulisya, alas-ag:ag ng gabi ay papauwi na sana ang biktima sasakyan ng kaniyang baha aam motorcycle at binabagtas ang nasabing highway.","['11', '40', 'Baja', '110']","{'11': ['ab', 'ad', 'ag', 'ah', 'ak'], '40': ['ab', 'ad', 'ag', 'ah', 'ak'], 'Baja': ['baba', 'baga', 'baha', 'baka', 'bala'], '110': ['aag', 'aal', 'aam', 'aat', 'aaw']}"
"Ayon naman sa MMDA Traffic Engineering Center, nilalagay sila ng mga traffic advisory signage sa mga alternatibong ruta upang magsilbing gabay sa mga motorista.","Ayon naman sa MMDA Traffic Engineering Center, naglagay sila ng mga traffic advisory signage sa mga alternatibong ruta upang magsilbing gabay sa mga motorista.","Ayon naman sa MMDA Traffic Engineering Center, nilalagay sila ng mga traffic advisory signage sa mga alternatibong ruta upang magsilbing gabay sa mga motorista.",[],{}
"Itong tatlo ang pinagpipilian ko: Either tatakbo sa highest position or magbalik sa Senado or mag-give up na sa politika, sabi ni Pacquiao.","Itong tatlo ang pinagpipilian ko: Either tumakbo sa highest position or magbalik sa Senado or mag-give up na sa politika, sabi ni Pacquiao.","Itong tatlo ang pinagpipilian ko: Either tatakbo sa highest position or magbalik sa Senado or mag-give up na sa politika, sabi ni quiao.",['Pacquiao'],"{'Pacquiao': ['acquire', 'acquit', 'quiao', 'acacia', 'acquired']}"
Huling makakakita si Araman sa Olongapo City.,Huling nakita si Araman sa Olongapo City.,Huling makakakita si arahan sa Olongapo City.,['Araman'],"{'Araman': ['aaman', 'alaman', 'arahan', 'aralan', 'arawan']}"
Matatandaan na ipinagawa ni Manila City Mayor Isko Moreno ang mga palamuting lamp post sa Jones Bridge na nawawalan ng kuryente kuryente dahil sa mga kawatan.,Matatandaan na ipinagawa ni Manila City Mayor Isko Moreno ang mga palamuting lamp post sa Jones Bridge na nawawalan ng kuryente dahil sa mga kawatan.,Matatandaan na ipinagawa ni Manila City Mayor iko forego ang mga palamuting lamp post sa zones Bridge na nawawalan ng kuryente kuryente dahil sa mga kawatan.,"['Isko', 'Moreno', 'Jones']","{'Isko': ['disko', 'iako', 'iko', 'isako', 'iskor'], 'Moreno': ['morena', 'eoseno', 'forego', 'ipreno', 'koreo'], 'Jones': ['nones', 'ones', 'zones', 'arnes', 'bonds']}"
"Itinanggi ng Department of Health (DOH) ang pagkakaroon ng ""outbreak"" ng cholera sa Pilipinas sa kabila ng biglaang pagtaas ng bumilang ng nahahawaan nito sa Pilipinas ngayon kumpara sa parehong panahon noong 2021.","Itinanggi ng Department of Health (DOH) ang pagkakaroon ng ""outbreak"" ng cholera sa Pilipinas sa kabila ng biglaang pagtaas ng bilang ng nahahawaan nito sa Pilipinas ngayon kumpara sa parehong panahon noong 2021.","Itinanggi ng Department of Health (DOH) ang pagkakaroon ng ""outbreak"" ng cholera sa Pilipinas sa kabila ng biglaang pagtaas ng bumilang ng nahahawaan nito sa Pilipinas ngayon kumpara sa parehong panahon noong aag.",['2021'],"{'2021': ['p25', 'aaba', 'aag', 'aako', 'aal']}"
"Eh, ako ang katatanong niya ng balita, siya pala ang maraming kuwento.","Eh, ako ang tinatanong niya ng balita, siya pala ang maraming kuwento.","Eh, ako ang kataganang niya ng balita, siya pala ang maraming kuwento.",['katatanong'],"{'katatanong': ['ikatatalong', 'itatanong', 'kataganang', 'katamanang', 'katatagang']}"
Nauna nang sinabi ni Marcos na inasahan na nila ang tuluy-tuloy na supply ng fertilizer inputs na kailangan ng mga mga magsasaka.,Nauna nang sinabi ni Marcos na inasahan na nila ang tuluy-tuloy na supply ng fertilizer inputs na kailangan ng mga magsasaka.,Nauna nang sinabi ni Marcos na inasahan na nila ang tuluy-tuloy na supply ng fertilizer inputs na kailangan ng mga mga magsasaka.,[],{}
Sumama daw ang loob niya kay Bincai kaya pinagbakasyon niya ng four weeks.,Sumama raw ang loob niya kay Bincai kaya pinagbakasyon niya ng four weeks.,Sumama raw ang loob niya kay bicam kaya pinagbakasyon niya ng four weeks.,['Bincai'],"{'Bincai': ['banca', 'bancas', 'bicam', 'bina', 'binaak']}"
"Pero hindi tulad ng mga karne o manok na kasama sa mga u nang isinasalang kapag nagluluto ng sinigang, sa sinigang na tinapa--huling ilalagay ang tinapa.","Pero hindi tulad ng mga karne o manok na kasama sa mga unang isinasalang kapag nagluluto ng sinigang, sa sinigang na tinapa--huling ilalagay ang tinapa.","Pero hindi tulad ng mga karne o manok na kasama sa mga u nang isinasalang kapag nagluluto ng sinigang, sa sinigang na tinapa--huling ilalagay ang tinapa.",[],{}
Nabatid na naobserbahan din ng COA na hindi din nakasaad ang deskripsiyon at dami ng mga ipinamahaging goods sa mga residente.,Nabatid na naobserbahan din ng COA na hindi rin nakasaad ang deskripsiyon at dami ng mga ipinamahaging goods sa mga residente.,Nabatid na naobserbahan din ng coal na hindi rin nakasaad ang deskripsiyon at dami ng mga ipinamahaging goods sa mga residente.,['COA'],"{'COA': ['cha', 'co', 'coal', 'coat', 'col']}"
Handa na si chairman William ??Butch?? Ramirez na iwan ang Philippine Sports Commission (PSC) kasabay ng pagbabago ng administrasyon sa sunod na taon.,Handa na si chairman William ??Butch?? Ramirez na iwan ang Philippine Sports Commission (PSC) kasabay ng pagbabago ng administrasyon sa susunod na taon.,Handa na si chairman billing ??Butch?? almires na iwan ang Philippine Sports Commission (psa) kasabay ng pagbabago ng administrasyon sa sunod na taon.,"['William', 'Ramirez', 'PSC']","{'William': ['willing', 'billiard', 'billing', 'billion', 'dilim'], 'Ramirez': ['ramie', 'admire', 'almires', 'amir', 'amiray'], 'PSC': ['csc', 'pic', 'psa', 'as', 'asa']}"
"Ng makawala sa kanyang pagkatali, agad daw siyang humingi ng tulong sa mga awtoridad.","Nang makawala sa kanyang pagkatali, agad daw siyang humingi ng tulong sa mga awtoridad.","Ng makawala sa kanyang pagtatali, agad daw siyang humingi ng tulong sa mga awtoridad.",['pagkatali'],"{'pagkatali': ['pagkabali', 'pagkatalo', 'pagtatali', 'ipagkamali', 'magkamali']}"
"Sa idinaos na situation briefing sa bagyong ??Odette?? sa Maasin, Southern Leyte, sinabi ni Pangulong Duterte na halos ubos na ang pondo ng pamahalaan dahil ang malaking bulto nito ay ginastos sa paglaban sa COVID-19 simula ng tumaas ang mga kaso nito sa bansa noong nakaraang taon hanggang sa paglulunsad ng vaccination program para sa paglaban rito noong Marso.","Sa idinaos na situation briefing sa bagyong ??Odette?? sa Maasin, Southern Leyte, sinabi ni Pangulong Duterte na halos ubos na ang pondo ng pamahalaan dahil ang malaking bulto nito ay ginastos sa paglaban sa COVID-19 simula ng tumaas ang mga kaso nito sa bansa noong nakaraang taon hanggang sa paglulunsad ng vaccination program para sa paglaban dito noong Marso.","Sa irinaos na situation briefing sa bagyong ??Odette?? sa Maasin, Southern bente, sinabi ni Pangulong suwerte na halos ubos na ang pondo ng pamahalaan dahil ang malaking bulto nito ay ginastos sa paglaban sa COVID-ag simula ng tumaas ang mga kaso nito sa bansa noong nakaraang taon hanggang sa paglulunsad ng vaccination program para sa paglaban rito noong Marso.","['Leyte', 'Duterte', '19']","{'Leyte': ['lente', 'aseyte', 'bente', 'este', 'eye'], 'Duterte': ['butete', 'puwerte', 'suwerte', 'terte', 'bunete'], '19': ['ab', 'ad', 'ag', 'ah', 'ak']}"
Ang mga ganung bagay ay gusto niya sa kanila na lang yun at ng ng kanilang pamilya.,Ang mga ganung bagay ay gusto niya sa kanila na lang yun at ng kanilang pamilya.,Ang mga ganung bagay ay gusto niya sa kanila na lang yun at ng ng kanilang pamilya.,[],{}
"Real, Quezon, Philippines ?? Nakaligtas sa tiyak na kapahamakan ang limang crew ng isang bangka na may kargang COVID-19 vaccine vaccine na dadalhin sa Polilio Group of Islands (POGI) makaraang makalipat agad sila sa isang nagdaraang motorized banca kasama ang mga bakuna sa Port of Real na sakop ng Barangay Ungos kamakalawa ng umaga.","Real, Quezon, Philippines ?? Nakaligtas sa tiyak na kapahamakan ang limang crew ng isang bangka na may kargang COVID-19 vaccine na dadalhin sa Polilio Group of Islands (POGI) makaraang makalipat agad sila sa isang nagdaraang motorized banca kasama ang mga bakuna sa Port of Real na sakop ng Barangay Ungos kamakalawa ng umaga.","Real, Quezon, Philippines ?? Nakaligtas sa tiyak na kapahamakan ang limang crew ng isang bangka na may kargang COVID-ag vaccine vaccine na dadalhin sa polilya Group of Islands (angi) makaraang makalipat agad sila sa isang nagdaraang motorized banca kasama ang mga bakuna sa Port of Real na sakop ng Barangay Ungos kamakalawa ng umaga.","['19', 'Polilio', 'POGI']","{'19': ['ab', 'ad', 'ag', 'ah', 'ak'], 'Polilio': ['bolilyo', 'paliligo', 'polilya', 'polio', 'polisia'], 'POGI': ['pagi', 'pigi', 'angi', 'apog', 'bog']}"
"Nakasakay din si Ligas at iba pang volunteers sa at pagkatapos, nilibre ni Diokno ang mga volunteer ng hapunan, kung saan kasama sa kanilang kinain ang mga specialty ng Cebu gaya ng lechon at tuslob buwa.","Nakasakay rin si Ligas at iba pang volunteers sa at pagkatapos, nilibre ni Diokno ang mga volunteer ng hapunan, kung saan kasama sa kanilang kinain ang mga specialty ng Cebu gaya ng lechon at tuslob buwa.","Nakasakay rin si Ligas at iba pang volunteers sa at pagkatapos, nilibre ni Diokno ang mga volunteer ng hapunan, kung saan kasama sa kanilang kinain ang mga specialty ng Cebu gaya ng lechon at tuslob buwa.",[],{}
"Nang masiguro nito na ilegal ang naganap na mga transaksyon sa suspek, hihingi na ng tulong sa pulisya ang biktima at ikinasa ang entrapment operation dakong alas-12:30 ng tanghali laban sa suspek.","Nang masiguro nito na ilegal ang naganap na mga transaksyon sa suspek, humingi na ng tulong sa pulisya ang biktima at ikinasa ang entrapment operation dakong alas-12:30 ng tanghali laban sa suspek.","Nang masiguro nito na ilegal ang naganap na mga transaksyon sa suspek, hihingi na ng tulong sa pulisya ang biktima at ikinasa ang entrapment operation dakong alas-ag:ag ng tanghali laban sa suspek.","['12', '30']","{'12': ['ab', 'ad', 'ag', 'ah', 'ak'], '30': ['ab', 'ad', 'ag', 'ah', 'ak']}"
"Ni Victoria Tulad, sinabing ang Sirao Garden Little Amsterdam ay isang hektaryang lupain na tinaniman ng makukulay na halaman at bulaklak na nakakita sa Cebu City.","Ni Victoria Tulad, sinabing ang Sirao Garden Little Amsterdam ay isang hektaryang lupain na tinaniman ng makukulay na halaman at bulaklak na makikita sa Cebu City.","Ni biktorya Tulad, sinabing ang siryo Garden Little amyeda ay isang hektaryang lupain na tinaniman ng makukulay na halaman at bulaklak na nakakita sa Cebu City.","['Victoria', 'Sirao', 'Amsterdam']","{'Victoria': ['victory', 'bacteria', 'biktorya', 'historian', 'historic'], 'Sirao': ['sira', 'sirko', 'siryo', 'bilao', 'bira'], 'Amsterdam': ['yesterday', 'amiyenda', 'amyeda', 'amyenda', 'arterya']}"
Dala ng kaniyang kapatid dahil hihingi raw ng piso sa kanilang nanay.,Dinala ng kaniyang kapatid dahil hihingi raw ng piso sa kanilang nanay.,Dala ng kaniyang kapatid dahil hihingi raw ng piso sa kanilang nanay.,[],{}
Pakisagot-lang nito.,Pakisagot lang nito.,nakasagot-lang nito.,['Pakisagot'],"{'Pakisagot': ['maisagot', 'makasagot', 'nakasagot', 'pagkasagot', 'pagsagot']}"
"Ayon pa kay Vergeire, karamihan sa mga lugar sa bansa ay puwede nang ilagay sa pinakamababang alert level pero patuloy na nagiingat ang DOH para mapigilan ang pagpasok ng Omicron variant sa ating mga komunidad.","Ayon pa kay Vergeire, karamihan sa mga lugar sa bansa ay puwede nang ilagay sa pinakamababang alert level pero patuloy na nag-iingat ang DOH para mapigilan ang pagpasok ng Omicron variant sa ating mga komunidad.","Ayon pa kay Vergeire, karamihan sa mga lugar sa bansa ay puwede nang ilagay sa pinakamababang alert level pero patuloy na nagningas ang DOH para mapigilan ang pagpasok ng Omicron variant sa ating mga komunidad.",['nagiingat'],"{'nagiingat': ['magingat', 'naglingas', 'nagningas', 'nagsingit', 'naiangat']}"
"Umaasa na ang pagtaas pa ng presyo ng krudo sa susunod na linggo, pero bababa naman ang presyo ng gasolina.","Inaasahan na ang pagtaas pa ng presyo ng krudo sa susunod na linggo, pero bababa naman ang presyo ng gasolina.","Umaasa na ang pagtaas pa ng presyo ng krudo sa susunod na linggo, pero bababa naman ang presyo ng gasolina.",[],{}
"Sa ulat mula kay P/Lieutenant Michael Batoctoy,hepe ng pulisya sa lungsod na ito, nakatanggap sila ng tawag mula sa ilang concerned citizen hinggil sa pag aamok ng suspek na nakilalang si Gerardo Espinar, nasa hustong gulang at kapatid ng biktimang si Danilo.","Sa ulat mula kay P/Lieutenant Michael Batoctoy,hepe ng pulisya sa lungsod na ito, nakatanggap sila ng tawag mula sa ilang concerned citizen hinggil sa pag-aamok ng suspek na nakilalang si Gerardo Espinar, nasa hustong gulang at kapatid ng biktimang si Danilo.","Sa ulat mula kay P/Lieutenant Michael baroto,hepe ng pulisya sa lungsod na ito, nakatanggap sila ng tawag mula sa ilang concerned citizen hinggil sa pag aamok ng suspek na nakilalang si grado espiga, nasa hustong gulang at kapatid ng biktimang si Danilo.","['Batoctoy', 'Gerardo', 'Espinar']","{'Batoctoy': ['batchoy', 'babooy', 'baroto', 'batolito', 'batutay'], 'Gerardo': ['gerald', 'gerero', 'grado', 'menardo', 'aararo'], 'Espinar': ['espina', 'eskina', 'espiga', 'espinaka', 'espinang']}"
"Mas ganado pa si Hannah dahil bukod sa kaniyang pamilya, nanonood din nang live ang kaniyang nobyo.","Mas ganado pa si Hannah dahil bukod sa kaniyang pamilya, manonood din nang live ang kaniyang nobyo.","Mas ganado pa si hanap dahil bukod sa kaniyang pamilya, nanonood din nang live ang kaniyang nobyo.",['Hannah'],"{'Hannah': ['hainan', 'hanak', 'hanap', 'hanay', 'hanbag']}"
"Maganda rin naman ang pananaw ng aktres, kapag laging may kasasagot sa kanilang pangangailangan, magiging relax na relax lang ang mister niya at tatamarin nang magtrabaho.","Maganda rin naman ang pananaw ng aktres, kapag laging may sumasagot sa kanilang pangangailangan, magiging relax na relax lang ang mister niya at tatamarin nang magtrabaho.","Maganda rin naman ang pananaw ng aktres, kapag laging may isasagot sa kanilang pangangailangan, magiging relax na relax lang ang mister niya at tatamarin nang magtrabaho.",['kasasagot'],"{'kasasagot': ['masasagot', 'nasasagot', 'isasagot', 'kasasagan', 'magsasagot']}"
Umiskor si Dennis Schr??der ng 21 points kasama ang dalawang free throws sa sa huling 8.4.,Umiskor si Dennis Schr??der ng 21 points kasama ang dalawang free throws sa huling 8.4.,Umiskor si debris achor??der ng ag points kasama ang dalawang free taros sa sa huling d.d.,"['Dennis', 'Schr', '21', 'throws', '8', '4']","{'Dennis': ['tennis', 'deans', 'debris', 'dens', 'dentist'], 'Schr': ['chr', 'ache', 'achor', 'car', 'cha'], '21': ['ab', 'ad', 'ag', 'ah', 'ak'], 'throws': ['throw', 'shows', 'taros', 'throat', 'across'], '8': ['b', 'c', 'd', 'e', 'f'], '4': ['b', 'c', 'd', 'e', 'f']}"
"Samantala, 10,193 ang pasa sa secondary level mula sa 20,191 na kumuha ng exam, katumbas ng 50.48%.","Samantala, 10,193 ang pumasa sa secondary level mula sa 20,191 na kumuha ng exam, katumbas ng 50.48%.","Samantala, ag,aal ang pasa sa secondary level mula sa ag,aam na kumuha ng exam, katumbas ng ag.ag%.","['10', '193', '20', '191', '50', '48']","{'10': ['ab', 'ad', 'ag', 'ah', 'ak'], '193': ['p3', 'aag', 'aal', 'aam', 'aat'], '20': ['ab', 'ad', 'ag', 'ah', 'ak'], '191': ['aag', 'aal', 'aam', 'aat', 'aaw'], '50': ['ab', 'ad', 'ag', 'ah', 'ak'], '48': ['ab', 'ad', 'ag', 'ah', 'ak']}"
"Ayon sa energy ministy ng Sri Lanka, ilang kargamento ng langis na aasa nilang dumating noong nakaraang linggo ang naudlot pati na rin ang mga parating sanang pagkain at gamot sa susunod na mga araw bunsod ng problema sa bangko.","Ayon sa energy ministy ng Sri Lanka, ilang kargamento ng langis na inaasahan nilang dumating noong nakaraang linggo ang naudlot pati na rin ang mga parating sanang pagkain at gamot sa susunod na mga araw bunsod ng problema sa bangko.","Ayon sa energy binistay ng pri langka, ilang kargamento ng langis na aasa nilang dumating noong nakaraang linggo ang naudlot pati na rin ang mga parating sanang pagkain at gamot sa susunod na mga araw bunsod ng problema sa bangko.","['ministy', 'Sri', 'Lanka']","{'ministy': ['ministry', 'binista', 'binistay', 'binisto', 'minister'], 'Sri': ['ari', 'iri', 'pri', 'ri', 'sai'], 'Lanka': ['banka', 'lana', 'langka', 'lansa', 'lanta']}"
"Bumaba ang biktima, mula sa sinakyan niyang tricycle, habang tumigil sa harapan ng tricycle ang nag-iisang salarin na sinasakyan ng motorsiklo.","Bumaba ang biktima, mula sa sinakyan niyang tricycle, habang tumigil sa harapan ng tricycle ang nag-iisang salarin na sakay ng motorsiklo.","Bumaba ang biktima, mula sa sinakyan niyang tricycle, habang tumigil sa harapan ng tricycle ang nag-iisang salarin na sinasakyan ng motorsiklo.",[],{}
May karagdagan rin na 5 buwan na hiwalay na suspension ang katutubong mayor dahil naman di-umano sa graft and corruption (Section 3 (h) of Republic Act 3019).,May karagdagan din na 5 buwan na hiwalay na suspension ang katutubong mayor dahil naman di-umano sa graft and corruption (Section 3 (h) of Republic Act 3019).,May karagdagan din na d buwan na hiwalay na suspension ang katutubong mayor dahil naman di-umano sa graft and corruption (Section d (h) of Republic Act aako).,"['5', '3', '3019']","{'5': ['b', 'c', 'd', 'e', 'f'], '3': ['b', 'c', 'd', 'e', 'f'], '3019': ['aaba', 'aag', 'aako', 'aal', 'aala']}"
Wala pa raw muna siyang masasabi kaugnay diyan dahil wala pa namang desisyon tungkol dito.,Wala pa raw muna siyang masasabi kaugnay riyan dahil wala pa namang desisyon tungkol dito.,Wala pa raw muna siyang masasabi kaugnay diyan dahil wala pa namang desisyon tungkol dito.,[],{}
Solido rin ang La Salle na nakasakay sa dalawang sunod na mananalo kung saan nasilayan ang paglalaro ni transferee Mark Nonoy na galing sa UST.,Solido rin ang La Salle na nakasakay sa dalawang sunod na panalo kung saan nasilayan ang paglalaro ni transferee Mark Nonoy na galing sa UST.,Solido rin ang La salfe na nakasakay sa dalawang sunod na mananalo kung saan nasilayan ang paglalaro ni itransfer Mark banoy na galing sa just.,"['Salle', 'transferee', 'Nonoy', 'UST']","{'Salle': ['sable', 'sale', 'salfe', 'able', 'ale'], 'transferee': ['transfer', 'transfers', 'itransfer', 'transform', 'transformer'], 'Nonoy': ['nooy', 'tonoy', 'banoy', 'boboy', 'bono'], 'UST': ['ast', 'bust', 'just', 'must', 'ost']}"
"Nagsisimula na tayo ngayon na pagsama-samahin ang sistema kung saan maaari silang isama sa sistema ng financing hihindian lamang sa mga pampublikong bangko kundi pati na rin sa mga pribadong bangko para rito, diin ng Commander-in-Chief.","Nagsisimula na tayo ngayon na pagsama-samahin ang sistema kung saan maaari silang isama sa sistema ng financing hindi lamang sa mga pampublikong bangko kundi pati na rin sa mga pribadong bangko para rito, diin ng Commander-in-Chief.","Nagsisimula na tayo ngayon na pagsama-samahin ang sistema kung saan maaari silang isama sa sistema ng financing hihinawan lamang sa mga pampublikong bangko kundi pati na rin sa mga pribadong bangko para rito, diin ng Commander-in-Chief.",['hihindian'],"{'hihindian': ['hihingian', 'hihinaan', 'hihinawan', 'hihinayan', 'hihingan']}"
"Aktor, nag-sorry sa paninigaw ng isumbong ng aktres sa karelasyong pulitiko.","Aktor, nag-sorry sa paninigaw nang isumbong ng aktres sa karelasyong pulitiko.","Aktor, nag-sorry sa paninigaw ng isumbong ng aktres sa karelasyong pulitiko.",[],{}
"Mas gusto ko yung pupunta kayo sa akin kasi natutuwa kayo sa binebenta ko, saad niya.","Mas gusto ko yung pumupunta kayo sa akin kasi natutuwa kayo sa binebenta ko, saad niya.","Mas gusto ko yung pupunta kayo sa akin kasi natutuwa kayo sa binebenta ko, saad niya.",[],{}
"Sa palagay ko nalalapit na tayo doon sapagkat sa aming pag-uusap kanina, meron nang tinutumbok subalit Im not at liberty to say to you kung ano ang mga pangalan at pagkakakilanlan.","Sa palagay ko nalalapit na tayo roon sapagkat sa aming pag-uusap kanina, meron nang tinutumbok subalit Im not at liberty to say to you kung ano ang mga pangalan at pagkakakilanlan.","Sa palagay ko nalalapit na tayo doon sapagkat sa aming pag-uusap kanina, meron nang tinutumbok subalit Im not at liberty to say to you kung ano ang mga pangalan at pagkakakilanlan.",[],{}
"Ibinahagi rin niya na importante sa celebration ang tikoy for harmony and balance, puwedeng buchi para dumikit ang mga suwerte, pansit for long life, steamed fish na dapat nasa gitna ng table daw dahil nagre-represent ito ng abundance at prutas para pumasok ang suwerte like ponkan.","Ibinahagi rin niya na importante sa celebration ang tikoy for harmony and balance, puwedeng buchi para dumikit ang mga suwerte, pansit for long life, steamed fish na dapat nasa gitna ng table raw dahil nagre-represent ito ng abundance at prutas para pumasok ang suwerte like ponkan.","Ibinahagi rin niya na importante sa celebration ang tikoy for harmony and balance, puwedeng binhi para dumikit ang mga suwerte, pansit for long life, seabed fish na dapat nasa gitna ng table raw dahil nagre-represent ito ng ambulance at prutas para pumasok ang suwerte like pansan.","['buchi', 'steamed', 'abundance', 'ponkan']","{'buchi': ['budhi', 'bihi', 'binhi', 'buhia', 'buho'], 'steamed': ['steamer', 'streamed', 'seabed', 'sealed', 'seamen'], 'abundance': ['abundanti', 'abeyance', 'ambulance', 'andante', 'attendance'], 'ponkan': ['pakan', 'pandan', 'pansan', 'pinan', 'pindan']}"
"Una rito, nagbibigay na ng go signal si Pangulong Rodrigo Duterte kay Defense Secretary Delfin Lorenzana para bumili ng 15 Black Hawk helicopters upang ipalit sa mga lumang Huey choppers ng PAF.","Una rito, nagbigay na ng go signal si Pangulong Rodrigo Duterte kay Defense Secretary Delfin Lorenzana para bumili ng 15 Black Hawk helicopters upang ipalit sa mga lumang Huey choppers ng PAF.","Una rito, nagbibigay na ng go signal si Pangulong Rodrigo suwerte kay Defense Secretary Delfin Lorenzana para bumili ng ag Black Hawk helicopters upang ipalit sa mga lumang buoy choppers ng pad.","['Duterte', '15', 'Huey', 'PAF']","{'Duterte': ['butete', 'puwerte', 'suwerte', 'terte', 'bunete'], '15': ['ab', 'ad', 'ag', 'ah', 'ak'], 'Huey': ['buay', 'bukey', 'buoy', 'busy', 'buwey'], 'PAF': ['pa', 'paa', 'pad', 'pag', 'pal']}"
"Noong Mayo 2022, naisalba ang kita ng ma raming mangingisda sa Bolinao, Pangasinan sa tulong ng Habhub.","Noong Mayo 2022, naisalba ang kita ng maraming mangingisda sa Bolinao, Pangasinan sa tulong ng Habhub.","Noong Mayo aag, naisalba ang kita ng ma raming mangingisda sa bobina, pangasiwaan sa tulong ng abut.","['2022', 'Bolinao', 'Pangasinan', 'Habhub']","{'2022': ['p25', 'aaba', 'aag', 'aako', 'aal'], 'Bolinao': ['balino', 'bilinan', 'bobina', 'bolilyo', 'boling'], 'Pangasinan': ['pangalanan', 'panganiban', 'pangasiwaan', 'pangatihan', 'pangilinan'], 'Habhub': ['habhab', 'about', 'abut', 'abuy', 'aprub']}"
"Kabilang sa mga adbokasiya ng grupo ang pagsulong ng makataong pagtrato sa mga hayop, pagoptimize ng mga kakayahan ng mga K9 para sa mga operasyon ng paghahanap, pagsagip, at pagkuha, at pagpapakilos sa mga mahilig sa K9 tungo sa paghahanda sa sakuna at kamalayan sa kaligtasan.","Kabilang sa mga adbokasiya ng grupo ang pagsulong ng makataong pagtrato sa mga hayop, pag-optimize ng mga kakayahan ng mga K9 para sa mga operasyon ng paghahanap, pagsagip, at pagkuha, at pagpapakilos sa mga mahilig sa K9 tungo sa paghahanda sa sakuna at kamalayan sa kaligtasan.","Kabilang sa mga adbokasiya ng grupo ang pagsulong ng makataong pagtrato sa mga hayop, magtitimbre ng mga kakayahan ng mga kg para sa mga operasyon ng paghahanap, pagsagip, at pagkuha, at pagpapakilos sa mga mahilig sa kg tungo sa paghahanda sa sakuna at kamalayan sa kaligtasan.","['pagoptimize', 'K9', 'K9']","{'pagoptimize': ['optimize', 'magtimbre', 'magtitimbre', 'maximize', 'nagtimbre'], 'K9': ['k', 'ka', 'kg', 'kh', 'km']}"
"Ayon sa abogado ng Rappler na si Francis Lim, inaasahan nilang mapatutunayang walang sala ang mga nabanggit lalo nat nangangailangan ""proof beyond reasonable doubt"" sa isang criminal case.","Ayon sa abogado ng Rappler na si Francis Lim, inaasahan nilang mapatutunayang walang sala ang mga nabanggit lalo nat kinakailangan ""proof beyond reasonable doubt"" sa isang criminal case.","Ayon sa abogado ng grapplers na si aangis Lim, inaasahan nilang mapatutunayang walang sala ang mga nabanggit lalo nat nangangailangan ""proof beyond reasonable doubt"" sa isang criminal case.","['Rappler', 'Francis']","{'Rappler': ['rapper', 'apple', 'grapplers', 'mapler', 'ripple'], 'Francis': ['franche', 'franchise', 'aangis', 'angis', 'anis']}"
"Ito ang napagkasunduan ng MMDA at mga mall owners at operators na mag-uumpisa sa Nobyembre 14, 2022 at nagtapos hanggang Enero 6, 2023.","Ito ang napagkasunduan ng MMDA at mga mall owners at operators na mag-uumpisa sa Nobyembre 14, 2022 at magtatapos hanggang Enero 6, 2023.","Ito ang napagkasunduan ng MMDA at mga mall owners at operators na mag-uumpisa sa Nobyembre ag, aag at nagtapos hanggang Enero d, aaba.","['14', '2022', '6', '2023']","{'14': ['ab', 'ad', 'ag', 'ah', 'ak'], '2022': ['p25', 'aaba', 'aag', 'aako', 'aal'], '6': ['b', 'c', 'd', 'e', 'f'], '2023': ['p25', 'p3', 'aaba', 'aag', 'aako']}"
Ng target adult population-ang maituturing na fully-vaccinated kabilang na rito ang bilang ng mga naturukan ng single-dose vaccine na Janssen.,Ng target adult population ang maituturing na fully-vaccinated kabilang na rito ang bilang ng mga naturukan ng single-dose vaccine na Janssen.,Ng target adult population-ang maituturing na fully-vaccinated kabilang na rito ang bilang ng mga naturukan ng single-dose vaccine na absen.,['Janssen'],"{'Janssen': ['aabsen', 'aanasan', 'absen', 'anasan', 'anden']}"
"Napag-alaman na ang mga kumpanyang, ??Encuentro?, ??Magnus?, at ??Oriental Capital Venture? ay hindi pa nagbabayad ng mga kaululang fees at taxes kaya hindi pa pinapayagang magpalabas ng sabong sa kanilang-website, ayon kay Domingo.","Napag-alaman na ang mga kumpanyang, ??Encuentro?, ??Magnus?, at ??Oriental Capital Venture? ay hindi pa nagbabayad ng mga kaululang fees at taxes kaya hindi pa pinapayagang magpalabas ng sabong sa kanilang website, ayon kay Domingo.","Napag-alaman na ang mga kumpanyang, ??engkuwentro?, ??aagnas?, at ??Oriental Capital Venture? ay hindi pa nagbabayad ng mga kaululang fees at taxes kaya hindi pa pinapayagang magpalabas ng sabong sa kanilang-website, ayon kay daming.","['Encuentro', 'Magnus', 'Domingo']","{'Encuentro': ['enkuwentro', 'centro', 'engkuwentro', 'engkwentro', 'episentro'], 'Magnus': ['magbus', 'magnum', 'aagnas', 'agnas', 'agnos'], 'Domingo': ['domino', 'coming', 'daming', 'doing', 'domina']}"
"Kung hindi, ang BSP na ang magdedesisyon para sa kanila sa katatawag nitong supervisory intervention.","Kung hindi, ang BSP na ang magdedesisyon para sa kanila sa tinatawag nitong supervisory intervention.","Kung hindi, ang as na ang magdedesisyon para sa kanila sa katatawag nitong supervisory intervention.",['BSP'],"{'BSP': ['ap', 'app', 'as', 'asa', 'asap']}"
Humahanda na si chairman William ??Butch?? Ramirez na iwan ang Philippine Sports Commission (PSC) kasabay ng pagbabago ng administrasyon sa susunod na taon.,Handa na si chairman William ??Butch?? Ramirez na iwan ang Philippine Sports Commission (PSC) kasabay ng pagbabago ng administrasyon sa susunod na taon.,Humahanda na si chairman billing ??Butch?? almires na iwan ang Philippine Sports Commission (psa) kasabay ng pagbabago ng administrasyon sa susunod na taon.,"['William', 'Ramirez', 'PSC']","{'William': ['willing', 'billiard', 'billing', 'billion', 'dilim'], 'Ramirez': ['ramie', 'admire', 'almires', 'amir', 'amiray'], 'PSC': ['csc', 'pic', 'psa', 'as', 'asa']}"
Ibubuhos nang San Sebastian at Jose Rizal University ang itinatagong lakas sa kanilang do-or-die match upang umabante sa second round ng stepladder semis ng NCAA Season 97 womens volleyball tournament sa The Arena sa San Juan City.,Ibubuhos ng San Sebastian at Jose Rizal University ang itinatagong lakas sa kanilang do-or-die match upang umabante sa second round ng stepladder semis ng NCAA Season 97 womens volleyball tournament sa The Arena sa San Juan City.,Ibubuhos nang San debatihan at joke bital University ang itinatagong lakas sa kanilang do-or-die match upang umabante sa second round ng slander aamis ng cal Season ag womens volleyball tournament sa The Arena sa San aban City.,"['Sebastian', 'Jose', 'Rizal', 'stepladder', 'semis', 'NCAA', '97', 'Juan']","{'Sebastian': ['bastion', 'batian', 'debatihan', 'kabatian', 'sabatan'], 'Jose': ['dose', 'hose', 'joke', 'lose', 'nose'], 'Rizal': ['ribal', 'arial', 'bital', 'cial', 'dial'], 'stepladder': ['stepfather', 'ladder', 'slander', 'stapler', 'steamer'], 'semis': ['seis', 'semi', 'aamis', 'amis', 'betis'], 'NCAA': ['naa', 'cab', 'cal', 'cam', 'can'], '97': ['ab', 'ad', 'ag', 'ah', 'ak'], 'Juan': ['tuan', 'yuan', 'aban', 'agan', 'ahan']}"
Abot ng mga operatiba ang suspek na nakasuot na lamang ng brief.,Inabutan ng mga operatiba ang suspek na nakasuot na lamang ng brief.,Abot ng mga operatiba ang suspek na nakasuot na lamang ng brief.,[],{}
Sinabi pa ni Malazarte na hindi nila maaaring suportahan kandidatura ni Ferdinand ??Bongbong? Marcos Jr.,Sinabi pa ni Malazarte na hindi nila maaaring suportahan ang kandidatura ni Ferdinand ??Bongbong? Marcos Jr.,Sinabi pa ni mabakante na hindi nila maaaring suportahan kandidatura ni Ferdinand ??Bongbong? Marcos Jr.,['Malazarte'],"{'Malazarte': ['balwarte', 'maarte', 'mabakante', 'malabato', 'malagata']}"
"Nagsusubok ngayon ng grupo na mapalawak ang produksyon ng recycled at sustainable paint at kalakip nitong water-treatment initiative para malinis at maibalik ang buhay sa mga sapa at ilog ng lugarVBL, GMA News.","Sinusubukan ngayon ng grupo na mapalawak ang produksyon ng recycled at sustainable paint at kalakip nitong water-treatment initiative para malinis at maibalik ang buhay sa mga sapa at ilog ng lugarVBL, GMA News.","nagsusubong ngayon ng grupo na mapalawak ang produksyon ng recycled at sustainable paing at kalakip nitong water-treatment initiative para malinis at maibalik ang buhay sa mga sapa at ilog ng lugar], gia News.","['Nagsusubok', 'paint', 'lugarVBL', 'GMA']","{'Nagsusubok': ['nagsusubo', 'magsusubo', 'nagsusubong', 'nagsusugo', 'nagsusuhol'], 'paint': ['pain', 'paina', 'paing', 'painit', 'pains'], 'lugarVBL': ['lugal', 'lugar', 'lugar]', 'sugarol', 'bugal'], 'GMA': ['ama', 'ga', 'gia', 'goma', 'gra']}"
Marami din siyang friends na Filipino sa Los Angeles kaya sikat siya sa Filipino crowd.,Marami rin siyang friends na Filipino sa Los Angeles kaya sikat siya sa Filipino crowd.,Marami rin siyang friends na Filipino sa Los ages kaya sikat siya sa Filipino crowd.,['Angeles'],"{'Angeles': ['agecies', 'agents', 'ages', 'amperes', 'anakle']}"
Nauna nang iniugnay nang Department of Energy (DOE) ang nakaraang oil price rollback sa inaasahang 100 basis point o full percentage point ng pagtaas ng interest rate ng US Federal Reserve ngayong buwan.,Nauna nang iniugnay ng Department of Energy (DOE) ang nakaraang oil price rollback sa inaasahang 100 basis point o full percentage point ng pagtaas ng interest rate ng US Federal Reserve ngayong buwan.,Nauna nang iniugnay nang Department of Energy (do) ang nakaraang oil price rollback sa inaasahang aam basis point o full percentage point ng pagtaas ng interest rate ng US Federal Reserve ngayong buwan.,"['DOE', '100']","{'DOE': ['de', 'die', 'do', 'does', 'dog'], '100': ['aag', 'aal', 'aam', 'aat', 'aaw']}"
Todo naman daw ang suportang ibinigay nang asawang si Chris Tan kay Sherilyn.,Todo naman daw ang suportang ibinigay ng asawang si Chris Tan kay Sherilyn.,Todo naman daw ang suportang ibinigay nang asawang si carts Tan kay semilya.,"['Chris', 'Sherilyn']","{'Chris': ['cards', 'cars', 'carts', 'cers', 'chain'], 'Sherilyn': ['gerilya', 'hebilya', 'semilya', 'sepilyo', 'sheriff']}"
"Humindi pwedeng nagdadasal ka lang, siyempre nakakatulong yon.","Hindi pwedeng nagdadasal ka lang, siyempre nakakatulong yon.","tumindi pwedeng magdarasal ka lang, siyempre nakakatulong yon.","['Humindi', 'nagdadasal']","{'Humindi': ['humingi', 'sumindi', 'tumindi', 'hindi', 'humanda'], 'nagdadasal': ['nagdarasal', 'ipagdadasal', 'magdarasal', 'nagdadaan', 'nagdadala']}"
"Aniya, nauunawaan nila na may malaking problema ngayon ang PhilHealth subalit nahihirapan ang mga ospital kung patuloy pa din na may mag-a-avail ng PhilHealth insurance ang mga dumarami pang pasyente kung wala ng pondong itutustos.","Aniya, nauunawaan nila na may malaking problema ngayon ang PhilHealth subalit nahihirapan ang mga ospital kung patuloy pa rin na may mag-a-avail ng PhilHealth insurance ang mga dumarami pang pasyente kung wala ng pondong itutustos.","Aniya, nauunawaan nila na may malaking problema ngayon ang PhilHealth subalit nahihirapan ang mga ospital kung patuloy pa rin na may mag-ag-avail ng PhilHealth insurance ang mga dumarami pang pasyente kung wala ng pondong itutunton.","['a', 'itutustos']","{'a': ['ab', 'ad', 'ag', 'ah', 'ak'], 'itutustos': ['itinutustos', 'itutugtog', 'itutunton', 'itutusok', 'itututok']}"
"Hindi ko narinig ang lagaslas ng tubig, at ng lumabas ako ng banyo, nakita ko ang mga aso ko na bukas ang mga bibig at tumatahol siguro, pero waley akong marinig.","Hindi ko narinig ang lagaslas ng tubig, at nang lumabas ako ng banyo, nakita ko ang mga aso ko na bukas ang mga bibig at tumatahol siguro, pero waley akong marinig.","Hindi ko narinig ang lagaslas ng tubig, at ng lumabas ako ng banyo, nakita ko ang mga aso ko na bukas ang mga bibig at tumatahol siguro, pero alay akong marinig.",['waley'],"{'waley': ['baley', 'aalay', 'alay', 'ale', 'alex']}"
Hindi naman tayo puwedeng sumali na hihindi kinakabahan.,Hindi naman tayo puwedeng sumali na hindi kinakabahan.,Hindi naman tayo puwedeng sumali na hihikbi kinakabahan.,['hihindi'],"{'hihindi': ['hihingi', 'hihibi', 'hihikbi', 'hihina', 'hihinay']}"
'di ba sabi ng mga Pinoy puwede akong maging artista?,'Di ba sabi ng mga Pinoy noon puwede akong maging artista?,'di ba sabi ng mga Pinoy puwede akong maging artista?,[],{}
Ibinibigay ito sa-kanyang campaign manager para gamitin sa mga pag-iikot niya sa 4thdistrict.,Ibinibigay ito sa kanyang campaign manager para gamitin sa mga pag-iikot niya sa 4thdistrict.,Ibinibigay ito sa-kanyang campaign manager para gamitin sa mga pag-iikot niya sa distrct.,['4thdistrict'],"{'4thdistrict': ['district', 'distract', 'distrct', 'districts', 'distri']}"
Kung habulin pa daw siya ng mga pulis sa susunod ay tumakbo lamang daw ito sa kanila.,Kung habulin pa raw siya ng mga pulis sa susunod ay tumakbo lamang daw ito sa kanila.,Kung habulin pa raw siya ng mga pulis sa susunod ay tumakbo lamang daw ito sa kanila.,[],{}
Proud na proud ang mag-asawang Zoren Legaspi at Carmina Villarroel sa kanilang nanganganak na si Cassy Legaspi dahil sa natatanggap nitong mga papuri mula sa Kapuso viewers.,Proud na proud ang mag-asawang Zoren Legaspi at Carmina Villarroel sa kanilang anak na si Cassy Legaspi dahil sa natatanggap nitong mga papuri mula sa Kapuso viewers.,Proud na proud ang mag-asawang corn gapi at arming villages sa kanilang nanganganak na si assay gapi dahil sa natatanggap nitong mga papuri mula sa abuso viewers.,"['Zoren', 'Legaspi', 'Carmina', 'Villarroel', 'Cassy', 'Legaspi', 'Kapuso']","{'Zoren': ['born', 'core', 'corn', 'forex', 'holen'], 'Legaspi': ['legazpi', 'legasya', 'gapi', 'lagap', 'lagari'], 'Carmina': ['amina', 'arina', 'arming', 'carbine', 'caring'], 'Villarroel': ['villacete', 'village', 'villages', 'villarama', 'barrel'], 'Cassy': ['cass', 'ass', 'assay', 'asst', 'bassd'], 'Kapuso': ['kapus', 'aabuso', 'abuso', 'baruso', 'isapuso']}"
Bilang panganay na anak nina Lotlot at Ramon Christopher ay halos sa showbiz industry na din lumaki si Janine.,Bilang panganay na anak nina Lotlot at Ramon Christopher ay halos sa showbiz industry na rin lumaki si Janine.,Bilang panganay na anak nina lolo at mamon Christopher ay halos sa showbiz industry na rin lumaki si aaning.,"['Lotlot', 'Ramon', 'Janine']","{'Lotlot': ['lutlot', 'lalot', 'lolo', 'lolos', 'loot'], 'Ramon': ['hamon', 'lamon', 'mamon', 'ramen', 'ramo'], 'Janine': ['canine', 'janice', 'aaning', 'aning', 'anino']}"
"Nakaplano na ang buhay ni Irene Sa loob nang dalawang taon, pakakasalan niya ang kanyang longtime perfect boyfriend na si Nestor (Kelvin) at sa Australia na sila titira para makasama ang iba pa nilang kamag-anak.","Nakaplano na ang buhay ni Irene Sa loob ng dalawang taon, pakakasalan niya ang kanyang longtime perfect boyfriend na si Nestor (Kelvin) at sa Australia na sila titira para makasama ang iba pa nilang kamag-anak.","Nakaplano na ang buhay ni arena Sa loob nang dalawang taon, pagkakamalan niya ang kanyang longtime perfect boyfriend na si hector (delpin) at sa aaralin na sila titira para makasama ang iba pa nilang kamag-anak.","['Irene', 'pakakasalan', 'Nestor', 'Kelvin', 'Australia']","{'Irene': ['ireng', 'rene', 'arena', 'birete', 'crane'], 'pakakasalan': ['pakakawalan', 'papakasalan', 'pagkakamalan', 'pagkakasala', 'pagkakasalang'], 'Nestor': ['bettor', 'esctor', 'hector', 'investor', 'jester'], 'Kelvin': ['melvin', 'delfin', 'delpin', 'kalmin', 'kelan'], 'Australia': ['australiano', 'aantala', 'aaralin', 'aasalin', 'aasarulin']}"
Pagkasakay ng biktima ay bigla itong tinutukan ng patalim ng suspek at nagdeklara ng holdap saka kumukuha ang kanyang mahahalagang gamit.,Pagkasakay ng biktima ay bigla itong tinutukan ng patalim ng suspek at nagdeklara ng holdap saka kinuha ang kanyang mahahalagang gamit.,magkasabay ng biktima ay bigla itong tinutukan ng patalim ng suspek at nagdeklara ng holdap saka kumukuha ang kanyang mahahalagang gamit.,['Pagkasakay'],"{'Pagkasakay': ['pagkasakal', 'pagsasakay', 'magkasabay', 'magpasakay', 'magsasakay']}"
"May naudlot na raw siyang gustong gawin nang magsimula ang quarantine, at ngayong back to work na siya at kagagawa na niya ang fantasy-action series niya sa GMA 7 na Agimat ng Agila.","May naudlot na raw siyang gustong gawin nang magsimula ang quarantine, at ngayong back to work na siya at ginawa na niya ang fantasy-action series niya sa GMA 7 na Agimat ng Agila.","May naudlot na raw siyang gustong gawin nang magsimula ang quarantine, at ngayong back to work na siya at kagagawa na niya ang fantasy-action series niya sa gia d na Agimat ng Agila.","['GMA', '7']","{'GMA': ['ama', 'ga', 'gia', 'goma', 'gra'], '7': ['b', 'c', 'd', 'e', 'f']}"
Anya lalagyan rin dito ng souvenir shop at itatayo rin dito ang solar-powered comfort rooms sa Mandamus Office sa baywalk bilang bahagi ng rehabilitasyon ng Manila Bay.,Anya lalagyan din dito ng souvenir shop at itatayo rin dito ang solar-powered comfort rooms sa Mandamus Office sa baywalk bilang bahagi ng rehabilitasyon ng Manila Bay.,Anya lalagyan din dito ng souvenir shop at itatayo rin dito ang solar-powered comfort rooms sa Mandamus Office sa baywang bilang bahagi ng rehabilitasyon ng Manila Bay.,['baywalk'],"{'baywalk': ['bawal', 'bayawak', 'baywang', 'pagwalk', 'anwal']}"
Matinding bakbakan ang nasilayan sa-buong panahon ng laban partikular na sa fifth set.,Matinding bakbakan ang nasilayan sa buong panahon ng laban partikular na sa fifth set.,Matinding bakbakan ang nasilayan sa-buong panahon ng laban partikular na sa fifth set.,[],{}
"Sa ulat ni Darylle Marie Sarmiento sa GMA Regional TV News nitong Martes, sinabing nangyari ang krimen sa bahay ng magama sa Barangay Villa Hermosa.","Sa ulat ni Darylle Marie Sarmiento sa GMA Regional TV News nitong Martes, sinabing nangyari ang krimen sa bahay ng mag-ama sa Barangay Villa Hermosa.","Sa ulat ni dadale marine garment sa gia Regional TV News nitong Martes, sinabing nangyari ang krimen sa bahay ng magana sa Barangay Villa termos.","['Darylle', 'Marie', 'Sarmiento', 'GMA', 'magama', 'Hermosa']","{'Darylle': ['barill', 'bayle', 'dadale', 'dahill', 'dale'], 'Marie': ['mare', 'mari', 'marine', 'aari', 'aarte'], 'Sarmiento': ['sarhento', 'aumento', 'garment', 'garments', 'maminto'], 'GMA': ['ama', 'ga', 'gia', 'goma', 'gra'], 'magama': ['madama', 'magamay', 'magana', 'magara', 'magawa'], 'Hermosa': ['herbosa', 'heros', 'termos', 'thermos', 'bentosa']}"
Halos sabay nagumpisa ang dalawang programa pagkatapos mawalan ng franchise ang ABS-CBN.,Halos sabay nag-umpisa ang dalawang programa pagkatapos mawalan ng franchise ang ABS-CBN.,Halos sabay nagumpisa ang dalawang programa pagkatapos mawalan ng franchise ang abf-ab.,"['ABS', 'CBN']","{'ABS': ['ab', 'aba', 'abf', 'abo', 'ads'], 'CBN': ['can', 'con', 'ab', 'aba', 'aban']}"
Sinabi ng mga tauhan ng POSO na wala ng pulso ang driver nang kanila itong tignan.,Sinabi ng mga tauhan ng POSO na wala nang pulso ang driver nang kanila itong tignan.,Sinabi ng mga tauhan ng POSO na wala ng pulso ang driver nang kanila itong tignan.,[],{}
"Umapela ng tulong ang PGH sa publiko partikular ang donasyong industrial fans at oxygen tanks habang tumatanggap rin ng in-kind at cash donations, ayon sa pahayag ng ospital sa official Facebook page nito.","Umapela ng tulong ang PGH sa publiko partikular ang donasyong industrial fans at oxygen tanks habang tumatanggap din ng in-kind at cash donations, ayon sa pahayag ng ospital sa official Facebook page nito.","Umapela ng tulong ang ph sa publiko partikular ang donasyong industrial fans at oxygen tanks habang tumatanggap din ng in-kind at cash donations, ayon sa pahayag ng ospital sa official Facebook page nito.",['PGH'],"{'PGH': ['ngh', 'pg', 'ph', 'ag', 'aga']}"
Hinihinalang matagal ng alitan ang motibo sa krimen.,Hinihinalang matagal nang alitan ang motibo sa krimen.,Hinihinalang matagal ng alitan ang motibo sa krimen.,[],{}
"Iniulat rin ng lokal na pamahalaan na sa kabuuan, umaabot na sa 4,957,785 doses ng bakuna ang naiturok ng ilalim ng #QCProtekTODO Vaccination Program sa tulong ng kanilang mga healthcare workers, staff at volunteers.","Iniulat din ng lokal na pamahalaan na sa kabuuan, umaabot na sa 4,957,785 doses ng bakuna ang naiturok ng ilalim ng #QCProtekTODO Vaccination Program sa tulong ng kanilang mga healthcare workers, staff at volunteers.","Iniulat din ng lokal na pamahalaan na sa kabuuan, umaabot na sa d,aal,aag doses ng bakuna ang naiturok ng ilalim ng #poprotekta Vaccination Program sa tulong ng kanilang mga healthcare workers, staff at volunteers.","['4', '957', '785', 'QCProtekTODO']","{'4': ['b', 'c', 'd', 'e', 'f'], '957': ['p57', 'aag', 'aal', 'aam', 'aat'], '785': ['p25', 'p75', 'aag', 'aal', 'aam'], 'QCProtekTODO': ['protektado', 'protektor', 'poprotekta', 'projekto', 'protected']}"
"Suportado ng Department of Health (DOH) ang panawagan ng ilang healthcare workers na itaas nang husto ang sweldo ng mga nurse, pero kinakailangan muna daw itong maisabatas.","Suportado ng Department of Health (DOH) ang panawagan ng ilang healthcare workers na itaas nang husto ang sweldo ng mga nurse, pero kinakailangan muna raw itong maisabatas.","Suportado ng Department of Health (DOH) ang panawagan ng ilang healthcare workers na itaas nang husto ang sweldo ng mga nurse, pero kinakailangan muna raw itong maisabatas.",[],{}
"Ayon sa pamilya, nakipag-ugnayan sila sa surgeon na gumawa ng ilong ng biktima at sinabihan silang dalhin ito sa klinika pero dahil sa lumalalang kondisyon ni Karen ay kadadala ito sa Los Comuneros Clinic kung saan agad itong ipinasok sa ICU.","Ayon sa pamilya, nakipag-ugnayan sila sa surgeon na gumawa ng ilong ng biktima at sinabihan silang dalhin ito sa klinika pero dahil sa lumalalang kondisyon ni Karen ay dinala ito sa Los Comuneros Clinic kung saan agad itong ipinasok sa ICU.","Ayon sa pamilya, nakipag-ugnayan sila sa surgeon na gumawa ng ilong ng biktima at sinabihan silang dalhin ito sa klinika pero dahil sa lumalalang kondisyon ni karon ay kadadalo ito sa Los computers Clinic kung saan agad itong ipinasok sa ice.","['Karen', 'karadala', 'Comuneros', 'ICU']","{'Karen': ['kare', 'karent', 'karon', 'aamen', 'amen'], 'karadala': ['daladala', 'kabahala', 'kadadalo', 'kadala', 'kamakala'], 'Comuneros': ['commuters', ""commuter's"", 'computers', 'corners', 'counters'], 'ICU': ['cu', 'ibu', 'ice', 'iku', 'imu']}"
"Pag nagfile na ng COC 'yung tao under one political party now, hindi na siya pwede technically mag-switch ng political parties kasi tapos na 'yung filing ng COC noong October 8, wika ni Comelec spokesperson James Jimenez sa TeleRadyo.","Pag nag-file na ng COC 'yung tao under one political party now, hindi na siya pwede technically mag-switch ng political parties kasi tapos na 'yung filing ng COC noong October 8, wika ni Comelec spokesperson James Jimenez sa TeleRadyo.","Pag nagdire na ng cock 'yung tao under one political party now, hindi na siya pwede technically mag-switch ng political parties kasi tapos na 'yung filing ng cock noong cooker d, wika ni Comelec spokesperson James imoney sa TeleRadyo.","['nagfile', 'COC', 'COC', 'October', '8', 'Jimenez']","{'nagfile': ['nagbaile', 'nagbili', 'nagdire', 'nagdive', 'nagfla'], 'COC': ['cc', 'co', 'cock', 'coco', 'cocs'], 'October': ['actor', 'closer', 'cooker', 'cooler', 'cover'], '8': ['b', 'c', 'd', 'e', 'f'], 'Jimenez': ['bienes', 'biyenes', 'imoney', 'jeeney', 'jitney']}"
Maraming pagkakataon din na hindi pa sumusuweldo si premyadong aktres ay ipupunta na siya sa isang favorite boutique niya para tingnan ang mga puwede niyang bilhin kapag nakolekta na niya ang kanyang talent fee.,Maraming pagkakataon din na hindi pa sumusuweldo si premyadong aktres ay nagpupunta na siya sa isang favorite boutique niya para tingnan ang mga puwede niyang bilhin kapag nakolekta na niya ang kanyang talent fee.,Maraming pagkakataon din na hindi pa bumubuwelta si premyadong aktres ay ipipinta na siya sa isang favorite continue niya para tingnan ang mga puwede niyang bilhin kapag nakolekta na niya ang kanyang talent fee.,"['sumusuweldo', 'ipupunta', 'boutique']","{'sumusuweldo': ['sumusuweldong', 'sumusundo', 'bumubuwelta', 'bumuwelo', 'magsusuweldo'], 'ipupunta': ['ipupusta', 'pupunta', 'ipipinta', 'ipupunas', 'ipupundar'], 'boutique': ['antique', 'bouquet', 'continue', 'routine', 'unique']}"
Hindi pa raw nakakausap nang mga awtoridad ang driver para alamin kung ano ang nangyari.,Hindi pa raw nakakausap ng mga awtoridad ang driver para alamin kung ano ang nangyari.,Hindi pa raw nakakausap nang mga awtoridad ang driver para alamin kung ano ang nangyari.,[],{}
"Twice a week, four hours per session, naiirita ako sa process, pero winawala na akong magagawa, iyon na talaga ang sinabi ng doktor ko, so behave na lang ako.","Twice a week, four hours per session, naiirita ako sa process, pero wala na akong magagawa, iyon na talaga ang sinabi ng doktor ko, so behave na lang ako.","ice ag week, four hours per session, nabisita ako sa process, pero binawalan na akong magagawa, iyon na talaga ang sinabi ng doktor ko, so behave na lang ako.","['Twice', 'a', 'naiirita', 'winawala']","{'Twice': ['alice', 'cice', 'ice', 'juice', 'lice'], 'a': ['ab', 'ad', 'ag', 'ah', 'ak'], 'naiirita': ['nairita', 'mairita', 'nabisita', 'nahihita', 'naiilit'], 'winawala': ['binabala', 'binahala', 'binawalan', 'dinadala', 'ginagala']}"
"Kung pag-aaralan ninyo, lahat nang mga artistang nakipagdemandahan o lumayas sa kanilang mga producers, walang umangat maliban sa dalawa lang.","Kung pag-aaralan ninyo, lahat ng mga artistang nakipagdemandahan o lumayas sa kanilang mga producers, walang umangat maliban sa dalawa lang.","Kung pag-aaralan ninyo, lahat nang mga artistang nagdemandahang o lumayas sa kanilang mga producers, walang umangat maliban sa dalawa lang.",['nakipagdemandahan'],"{'nakipagdemandahan': ['nagdemandahan', 'magdemandahan', 'nagdemandahang', 'magdemandahang', 'makipagbangayan']}"
Nagstart 'yung aking YouTube channel sa pagva-vlog ay lagpas na ng isang taon noong 2019...,Nag-start 'yung aking YouTube channel sa pagva-vlog ay lagpas na ng isang taon noong 2019...,nagsta 'yung aking YouTube channel sa pagba-vlog ay lagpas na ng isang taon noong aako...,"['Nagstart', 'pagva', '2019']","{'Nagstart': ['magstart', 'nagsara', 'nagsta', 'agatat', 'bastat'], 'pagva': ['nagva', 'paga', 'pagba', 'pagda', 'pagha'], '2019': ['aaba', 'aag', 'aako', 'aal', 'aala']}"
"Ngunit ki nagabihan nang mag-chat si Mystica sa kanilang group chat, kung saan kasama ang lahat ng mga artista at staff para sa mga importanteng concern.","Ngunit kinagabihan nang mag-chat si Mystica sa kanilang group chat, kung saan kasama ang lahat ng mga artista at staff para sa mga importanteng concern.","Ngunit fi nagabihan nang mag-chat si mistisa sa kanilang group chat, kung saan kasama ang lahat ng mga artista at staff para sa mga importanteng concern.","['ki', 'Mystica']","{'ki': ['bi', 'di', 'fi', 'hi', 'i'], 'Mystica': ['mestisa', 'mistika', 'mistisa', 'bestida', 'estima']}"
"Kuwento pa ng ng ilang residente, kailangan na lang nilang tipirin ang mga nabibiling sibuyas.","Kuwento pa ng ilang residente, kailangan na lang nilang tipirin ang mga nabibiling sibuyas.","Kuwento pa ng ng ilang residente, kailangan na lang nilang tipirin ang mga nabibiling sibuyas.",[],{}
"Kaugnay nito, lubos na nagpasalamat ang HNP na partido ni Sara sa suporta ng taumbayan sa posibleng pagtakbo nitong Pangulo sa halalan sa sumusunod na taon.","Kaugnay nito, lubos na nagpasalamat ang HNP na partido ni Sara sa suporta ng taumbayan sa posibleng pagtakbo nitong Pangulo sa halalan sa susunod na taon.","Kaugnay nito, lubos na nagpasalamat ang and na partido ni Sara sa suporta ng taumbayan sa posibleng pagtakbo nitong Pangulo sa halalan sa sumusunod na taon.",['HNP'],"{'HNP': ['hep', 'an', 'and', 'anf', 'ang']}"
Magagamit ng mga residente ang pontoon bridge magmula umaga hanggang 6 gabi.,Magagamit ng mga residente ang pontoon bridge magmula umaga hanggang 6 ng gabi.,Magagamit ng mga residente ang pinton bridge magmula umaga hanggang d gabi.,"['pontoon', '6']","{'pontoon': ['monsoon', 'pinoon', 'pinton', 'platoon', 'popoon'], '6': ['b', 'c', 'd', 'e', 'f']}"
"Bakit kailangan nating i restrict lang ito, ang poprotektahan natin ang mga kababaihan?","Bakit kailangan nating i-restrict lang ito, ang poprotektahan natin ang mga kababaihan?","Bakit kailangan nating i restrict lang ito, ang poprotektahan natin ang mga kababaihan?",[],{}
"Panalo rin ang pelikula ngSecond Best Picture,ng Gatpuno Antonio J.","Nanalo rin ang pelikula ngSecond Best Picture,ng Gatpuno Antonio J.","Panalo rin ang pelikula absesong Best Picture,ng mapuno Antonio J.","['ngSecond', 'Gatpuno']","{'ngSecond': ['second', 'seconds', 'absesong', 'aserong', 'baseload'], 'Gatpuno': ['magpuno', 'maipuno', 'mapuno', 'matipuno', 'nagpuno']}"
Dumulog na din daw sila sa barangay pero sinabihan silang mas makakabubuti kung magsasagawa sila ng signature campaign laban sa ingay na idinudulot ng mga aso.,Dumulog na rin daw sila sa barangay pero sinabihan silang mas makakabubuti kung magsasagawa sila ng signature campaign laban sa ingay na idinudulot ng mga aso.,Dumulog na rin daw sila sa barangay pero sinabihan silang mas makakabubuti kung magsasagawa sila ng signature campaign laban sa ingay na idinudulog ng mga aso.,['irinudulot'],"{'irinudulot': ['idinudulot', 'dinudulot', 'idinudulog', 'itinutulot', 'dinudukot']}"
"Pangalawa, isinaad sa Family Code of the Philippines na hindi obligado ang lalaki na suportahan ang kaniyang asawang nakipag-live in dahil ito ang umalis sa ""conjugal home"" ng walang sapat na dahilan.","Pangalawa, isinaad sa Family Code of the Philippines na hindi obligado ang lalaki na suportahan ang kaniyang asawang nakipag-live in dahil ito ang umalis sa ""conjugal home"" nang walang sapat na dahilan.","Pangalawa, isinaad sa Family Code of the Philippines na hindi obligado ang lalaki na suportahan ang kaniyang asawang nakipag-live in dahil ito ang umalis sa ""conjugal home"" ng walang sapat na dahilan.",[],{}
"I choose to move forward and instead of magkaroon ng kasasama ng loob, maging grateful na lang tayo kasi lahat naman ng nangyayari sa buhay natin is a preparation kung anong susunod na gagawin mo sa next chapter.","I choose to move forward and instead of magkaroon ng sama ng loob, maging grateful na lang tayo kasi lahat naman ng nangyayari sa buhay natin is a preparation kung anong susunod na gagawin mo sa next chapter.","I choose to move forward and binitad of magkaroon ng masasama ng loob, maging grateful na lang tayo kasi lahat naman ng nangyayari sa buhay natin is ag preparation kung anong susunod na gagawin mo sa next chapter.","['instead', 'kasasama', 'a']","{'instead': ['intend', 'binasted', 'binitad', 'bintad', 'estad'], 'kasasama': ['ikasasama', 'kaasama', 'masasama', 'ikasasaya', 'isasama'], 'a': ['ab', 'ad', 'ag', 'ah', 'ak']}"
"Ang Thailand naman ay nakararanas ngayon ng COVID-19 outbreak makarang makapagtala 13,002 bagong kaso sa loob ng isang araw.","Ang Thailand naman ay nakararanas ngayon ng COVID-19 outbreak makarang makapagtala ng 13,002 bagong kaso sa loob ng isang araw.","Ang hadlang naman ay nakararanas ngayon ng COVID-ag outbreak makarang makapagtala ad,aam bagong kaso sa loob ng isang araw.","['Thailand', '19', '13', '002']","{'Thailand': ['garland', 'hablang', 'hadlang', 'hailing', 'hainan'], '19': ['ab', 'ad', 'ag', 'ah', 'ak'], '13': ['p3', 'ab', 'ad', 'ag', 'ah'], '002': ['aag', 'aal', 'aam', 'aat', 'aaw']}"
"Nang lumipat ng pwesto si Crispin at nag-zoom-in ng camera, rito na raw nila nakuhanan ng mas maayos ang kinakatakutan sa kanilang bayan.","Nang lumipat ng pwesto si Crispin at nag-zoom-in ng camera, dito na raw nila nakuhanan ng mas maayos ang kinakatakutan sa kanilang bayan.","Nang lumipat ng pwesto si Crispin at nag-zoom-in ng camera, rito na raw nila nakuhanan ng mas maayos ang kinatatakutang sa kanilang bayan.",['kinakatakutan'],"{'kinakatakutan': ['kinatatakutan', 'kinatakutan', 'kinatatakutang', 'katatakutan', 'kinakabakasan']}"
Kaya ang sinusundan na administrasyon lalo na sa DepEd ay dapat mas pagtuunan ng pansin ang STEM dahil ito ang kailangan natin ngayon.,Kaya ang susunod na administrasyon lalo na sa DepEd ay dapat mas pagtuunan ng pansin ang STEM dahil ito ang kailangan natin ngayon.,Kaya ang sinusundan na administrasyon lalo na sa DepEd ay dapat mas pagtuunan ng pansin ang STEM dahil ito ang kailangan natin ngayon.,[],{}
"Pinagbabaril hanggang sa mapatay ngisang mister ang kanyang live in partnerna negosyante dahil sa selos matapos na ihatid ng ibang lalaki ang biktima sa kanilang bahay noong Sabado sa Alamada, Cotabato.","Pinagbabaril hanggang sa mapatay ngisang mister ang kanyang live-in partnerna negosyante dahil sa selos matapos na ihatid ng ibang lalaki ang biktima sa kanilang bahay noong Sabado sa Alamada, Cotabato.","Pinagbabaril hanggang sa mapatay ngisang mister ang kanyang live in partners negosyante dahil sa selos matapos na ihatid ng ibang lalaki ang biktima sa kanilang bahay noong Sabado sa alaala, Cotabato.","['partnerna', 'Alamada']","{'partnerna': ['partner', 'partnering', 'partners', 'arterya', 'kartera'], 'Alamada': ['aasada', 'abakada', 'alaala', 'alagad', 'alagata']}"
"You have to be active and yung mind mo kailangang mag work pa rin, sabi ni Ruffa tungkol sa kaniyang karanasan.","You have to be active and yung mind mo kailangang mag-work pa rin, sabi ni Ruffa tungkol sa kaniyang karanasan.","You have to be active and yung mind mo kailangang mag work pa rin, sabi ni rumba tungkol sa kaniyang karanasan.",['Ruffa'],"{'Ruffa': ['rubya', 'rula', 'rumba', 'ruta', 'aruga']}"
Naging okay na din naman ang dalawa at nagpatuloy sa chikahan kung saan kinuwento ni Long kung paano siya nagsimula sa industriya.,Naging okay na rin naman ang dalawa at nagpatuloy sa chikahan kung saan kinuwento ni Long kung paano siya nagsimula sa industriya.,Naging okay na rin naman ang dalawa at nagpatuloy sa bakahan kung saan kinuwento ni Long kung paano siya nagsimula sa industriya.,['chikahan'],"{'chikahan': ['hikawan', 'alitahan', 'bakahan', 'bidahan', 'bikasan']}"
"Tulad ni Yorme Isko, nanggaling din sa ??ibaba?? si Kabayan Noli ?? sa pagiging production assistant noon kay Inday Badiday bago nakilala at sumikat sa pagho-host ng Magandang Gabi, Bayan at TV Patrol sa radyo at television hanggang pasukin ang pulitika after 25 years at nagnumber one sa pagka-senador noong 2001.","Tulad ni Yorme Isko, nanggaling din sa ??ibaba?? si Kabayan Noli ?? sa pagiging production assistant noon kay Inday Badiday bago nakilala at sumikat sa pagho-host ng Magandang Gabi, Bayan at TV Patrol sa radyo at television hanggang pasukin ang pulitika after 25 years at nag-number one sa pagka-senador noong 2001.","Tulad ni core iko, nanggaling din sa ??ibaba?? si Kabayan nali ?? sa pagiging production assistant noon kay Inday adunay bago nakilala at sumikat sa pagho-host ng Magandang Gabi, Bayan at TV Patrol sa radyo at television hanggang pasukin ang pulitika after ad years at nagkumboy one sa pagka-senador noong aako.","['Yorme', 'Isko', 'Noli', 'Badiday', '25', 'nagnumber', '2001']","{'Yorme': ['borne', 'come', 'core', 'dome', 'dorm'], 'Isko': ['disko', 'iako', 'iko', 'isako', 'iskor'], 'Noli': ['boli', 'coli', 'nali', 'nola', 'nowi'], 'Badiday': ['banday', 'banidad', 'adunay', 'alibay', 'amiray'], '25': ['p25', 'ab', 'ad', 'ag', 'ah'], 'nagnumber': ['nagnumero', 'magnumero', 'nagkumboy', 'nagniebe', 'nagnombra'], '2001': ['aaba', 'aag', 'aako', 'aal', 'aala']}"
"Hindi pa nakikita ang katawan ni Gabe kaya nagalok ang pulisya ng $100,000 reward sa sinumang makapagbibigay ng impormasyon para makita ang kaniyang mga labi.","Hindi pa nakikita ang katawan ni Gabe kaya nag-alok ang pulisya ng $100,000 reward sa sinumang makapagbibigay ng impormasyon para makita ang kaniyang mga labi.","Hindi pa nakikita ang katawan ni Gabe kaya aalok ang pulisya ng $aam,aam reward sa sinumang makapagbibigay ng impormasyon para makita ang kaniyang mga labi.","['nagalok', '100', '000']","{'nagalok': ['nagalak', 'nasalok', 'aalok', 'iaalok', 'inaalok'], '100': ['aag', 'aal', 'aam', 'aat', 'aaw'], '000': ['aag', 'aal', 'aam', 'aat', 'aaw']}"
"Kuwento ng isang saksi, pasakay na sa motorsiklo ang gunman pero babalik pa muli ang biktima at pinagbabaril ulit.","Kuwento ng isang saksi, pasakay na sa motorsiklo ang gunman pero binalikan pa muli ang biktima at pinagbabaril ulit.","Kuwento ng isang saksi, pasakay na sa motorsiklo ang gunman pero babalik pa muli ang biktima at pinagbabaril ulit.",[],{}
"Si Kurt ang napaulat na isang nagpakilalang anak ng kongresista, ng tutukan ng baril, bugbugin at paluhurin ang security guard na si Jomar Pajares, nang hindi payagang pumasok ang sasakyan nito sa BF Homes dahil sa kawalan ng nakadikit sa sasakyan na sticker na requirement upang makapasok.","Si Kurt ang napaulat na isang nagpakilalang anak ng kongresista, nang tutukan ng baril, bugbugin at paluhurin ang security guard na si Jomar Pajares, nang hindi payagang pumasok ang sasakyan nito sa BF Homes dahil sa kawalan ng nakadikit sa sasakyan na sticker na requirement upang makapasok.","Si kuro ang napaulat na isang nagpakilalang anak ng kongresista, ng tutukan ng baril, bugbugin at paluhurin ang security guard na si coma pagres, nang hindi payagang pumasok ang sasakyan nito sa ba Homes dahil sa kawalan ng nagkadikit sa sasakyan na sticker na requirement upang makapasok.","['Kurt', 'Jomar', 'Pajares', 'BF', 'nakarikit']","{'Kurt': ['kura', 'kurit', 'kuro', 'kurot', 'kurta'], 'Jomar': ['joma', 'colar', 'coma', 'dolar', 'goma'], 'Pajares': ['kapares', 'pagare', 'pagres', 'pajamas', 'palates'], 'BF': ['abf', 'b', 'ba', 'be', 'bg'], 'nakarikit': ['nakadikit', 'nakapikit', 'nagkadikit', 'nagparikit', 'nakaaakit']}"
"Sa nakaraang panayam kay Dennis sa ""The Howie Severino Podcast,"" sinabi din ng aktor ang kagustuhan niyang gumanap na kontrabida.","Sa nakaraang panayam kay Dennis sa ""The Howie Severino Podcast,"" sinabi rin ng aktor ang kagustuhan niyang gumanap na kontrabida.","Sa nakaraang panayam kay debris sa ""The hiwid beterano Podcast,"" sinabi rin ng aktor ang kagustuhan niyang gumanap na kontrabida.","['Dennis', 'Howie', 'Severino']","{'Dennis': ['tennis', 'deans', 'debris', 'dens', 'dentist'], 'Howie': ['hawi', 'hawig', 'hiwid', 'hiwis', 'hobi'], 'Severino': ['selering', 'severity', 'beterano', 'letering', 'metering']}"
Sinabi pa ni Tolentino na noong siya ang chairman ng Metro Manila Development Authority (MMDA) ay madalas ang e arthquake drill sa Metro Manila.,Sinabi pa ni Tolentino na noong siya ang chairman ng Metro Manila Development Authority (MMDA) ay madalas ang earthquake drill sa Metro Manila.,Sinabi pa ni talento na noong siya ang chairman ng Metro Manila Development Authority (MMDA) ay mamalas ang e aatake drill sa Metro Manila.,"['Tolentino', 'maralas', 'arthquake']","{'Tolentino': ['kolektibo', 'talentado', 'talento', 'talentong', 'biolento'], 'maralas': ['madalas', 'makalas', 'mamalas', 'marahas', 'maranas'], 'arthquake': ['earthquake', 'earthquakes', 'aatake', 'adequate', 'antique']}"
"Sa Los Angeles, todo-todo ang pagpo-promote doon ng An Inconvenient Love dahil nag-promote roon ang DonBelle noong Nov.","Sa Los Angeles, todo-todo ang pagpo-promote roon ng An Inconvenient Love dahil nag-promote roon ang DonBelle noong Nov.","Sa Los ages, todo-todo ang pagpo-promote doon ng An convenant Love dahil nag-promote roon ang double noong non.","['Angeles', 'Inconvenient', 'DonBelle', 'Nov']","{'Angeles': ['agecies', 'agents', 'ages', 'amperes', 'anakle'], 'Inconvenient': ['convenient', 'inconvenience', 'convenant', 'convenience', 'convenientce'], 'DonBelle': ['doble', 'donselya', 'double', 'bell', 'belly'], 'Nov': ['gov', 'no', 'non', 'noo', 'nor']}"
"Nawalan ng kontrol ang tricycle dahilan para sumirko ito at bumaliktad sa kalsada at mabangga naman ng paparating na pampasaherong jeepney (EVP-385) na nagmamaneho ni Domingo Mabini Dawal, 54-anyos, residente ng Brgy.","Nawalan ng kontrol ang tricycle dahilan para sumirko ito at bumaliktad sa kalsada at mabangga naman ng paparating na pampasaherong jeepney (EVP-385) na minamaneho ni Domingo Mabini Dawal, 54-anyos, residente ng Brgy.","Nawalan ng kontrol ang tricycle dahilan para sumirko ito at bumaliktad sa kalsada at mabangga naman ng paparating na pampasaherong jeepney (ap-aag) na nagmamaneho ni daming Mabini Dawal, ag-anyos, residente ng Brgy.","['EVP', '385', 'Domingo', '54']","{'EVP': ['evap', 'vp', 'ap', 'app', 'atp'], '385': ['p25', 'p75', 'aag', 'aal', 'aam'], 'Domingo': ['domino', 'coming', 'daming', 'doing', 'domina'], '54': ['ab', 'ad', 'ag', 'ah', 'ak']}"
Narito ang mga nabasa na ming komento sa social media.,Narito ang mga nabasa naming komento sa social media.,Narito ang mga nabasa na ming komento sa social media.,[],{}
"Yung iba po, na confine rin tapos yung iba naman po after magamot, inadvise na rin na umuwi, dagdag niya.","Yung iba po, na-confine rin tapos yung iba naman po after magamot, inadvise na rin na umuwi, dagdag niya.","Yung iba po, na confine rin tapos yung iba naman po after magamot, indise na rin na umuwi, dagdag niya.",['inadvise'],"{'inadvise': ['inaadvise', 'advise', 'indise', 'advice', 'advised']}"
"Pero no??ng na-realize ko na baka tinatapik lang ako ni Lord, baka iwawala ka na sa landas mo, don ako nabuhayan na hindi pala ako dapat manghihina dahil sa ibang tao,? emosyonal na pahayag ni Loisa.","Pero no??ng na-realize ko na baka tinatapik lang ako ni Lord, baka nawawala ka na sa landas mo, don ako nabuhayan na hindi pala ako dapat manghihina dahil sa ibang tao,? emosyonal na pahayag ni Loisa.","Pero no??ng na-penalize ko na baka tinatapik lang ako ni Lord, baka iwawala ka na sa landas mo, don ako nabuhayan na hindi pala ako dapat manghihina dahil sa ibang tao,? emosyonal na pahayag ni baisa.","['realize', 'Loisa']","{'realize': ['realized', 'legalize', 'penalize', 'realign', 'reality'], 'Loisa': ['lisa', 'losa', 'baisa', 'bisa', 'bolsa']}"
"Para sa mga susunod na taon, ang kailangang pondo ay magsasama na sa taunang General Appropriations Act.","Para sa mga susunod na taon, ang kailangang pondo ay isasama na sa taunang General Appropriations Act.","Para sa mga susunod na taon, ang kailangang pondo ay magsasama na sa taunang General Appropriations Act.",[],{}
"Itinalaga ang nasabing bilang sa ibat ibang campaign activities upang mapanatili ang kapayapaan ang kaayusan, kabilang pa ang mga naka-standby, sakaling kailanganin pa ng nagdaragdag na puwersa.","Itinalaga ang nasabing bilang sa ibat ibang campaign activities upang mapanatili ang kapayapaan ang kaayusan, kabilang pa ang mga naka-standby, sakaling kailanganin pa ng dagdag na puwersa.","Itinalaga ang nasabing bilang sa ibat ibang campaign activities upang mapanatili ang kapayapaan ang kaayusan, kabilang pa ang mga naka-standby, sakaling kailanganin pa ng nagdaragdag na puwersa.",[],{}
Pero hihindian rin daw nila kayang tanggihan ang huling hiling ng isang tao na nais umanong mapasaya ang kaniyang mga mahal sa buhay hanggang sa huling pagkakataon.,Pero hindi rin daw nila kayang tanggihan ang huling hiling ng isang tao na nais umanong mapasaya ang kaniyang mga mahal sa buhay hanggang sa huling pagkakataon.,Pero hihinawan din daw nila kayang tanggihan ang huling hiling ng isang tao na nais umanong mapasaya ang kaniyang mga mahal sa buhay hanggang sa huling pagkakataon.,['hihindian'],"{'hihindian': ['hihingian', 'hihinaan', 'hihinawan', 'hihinayan', 'hihingan']}"
"Kami po ay pumapayag dahil may batas na tayo na sasabihin na ang Presidente ang magdedesisyon tungkol sa pagbukas at pagsara ng ating mga programa sa DepEd, on the recommendation of the DepEd, ayon kay Briones.","Kami po ay pumapayag dahil may batas na tayo na nagsasabi na ang Presidente ang magdedesisyon tungkol sa pagbukas at pagsara ng ating mga programa sa DepEd, on the recommendation of the DepEd, ayon kay Briones.","Kami po ay pumapayag dahil may batas na tayo na sasabihin na ang Presidente ang magdedesisyon tungkol sa pagbukas at pagbara ng ating mga programa sa DepEd, on the recommendation of the DepEd, ayon kay Briones.",['pagsara'],"{'pagsara': ['magsara', 'nagsara', 'pagbara', 'pagsala', 'pagsama']}"
"Inaanyayahan tinatayuan ng Pagbasa na tularan natin ang dakilang ""pag-ibig"" ng ating Panginoong HesuKristo, na inialay ang sarili para sa lahat--maging sa mga makasalanan.","Inaanyayahan tayo ng Pagbasa na tularan natin ang dakilang ""pag-ibig"" ng ating Panginoong HesuKristo, na inialay ang sarili para sa lahat--maging sa mga makasalanan.","Inaanyayahan tinatayuan ng Pagbasa na tularan natin ang dakilang ""pag-ibig"" ng ating Panginoong estrikto, na inialay ang sarili para sa lahat--maging sa mga makasalanan.",['HesuKristo'],"{'HesuKristo': ['eskuisto', 'destrito', 'estrikto', 'histerismo', 'hurista']}"
Sa mga LGU at mga pribadong kumpanya na obserbahan ang vaccine cold storage standards na itinatakda ng national government at huwag lang basta magsagawa ng sarili nilang refrigeration measures upang hinihindian masayang ang mga bakuna.,Sa mga LGU at mga pribadong kumpanya na obserbahan ang vaccine cold storage standards na itinatakda ng national government at huwag lang basta magsagawa ng sarili nilang refrigeration measures upang hindi masayang ang mga bakuna.,Sa mga aga at mga pribadong kumpanya na obserbahan ang vaccine cold storage standards na itinatakda ng national government at huwag lang basta magsagawa ng sarili nilang refrigeration measures upang hinihinawan masayang ang mga bakuna.,"['LGU', 'hinihindian']","{'LGU': ['lgus', 'ag', 'aga', 'age', 'ago'], 'hinihindian': ['hinihingian', 'hinihinaan', 'hinihinawan', 'hinihinayan', 'hinihingan']}"
Madalas na nagpo-post ni Chuckie ng mga video sa kaniyang social media account na sumasayaw kasama ang iba pang katrabaho-sa naturang series.,Madalas na nagpo-post ni Chuckie ng mga video sa kaniyang social media account na sumasayaw kasama ang iba pang katrabaho sa naturang series.,mamalas na nagpo-post ni checks ng mga video sa kaniyang social media account na sumasayaw kasama ang iba pang katrabaho-sa naturang series.,"['Maralas', 'Chuckie']","{'Maralas': ['madalas', 'makalas', 'mamalas', 'marahas', 'maranas'], 'Chuckie': ['check', 'checking', 'checks', 'checkup', 'cheke']}"
Tinitipid rin ang TV shows dahil kaunti ang commercials dahil nagtitipid din ang mga kumpanya na lahat bagsak ang sales dahil sa napakasama ngang kalagayan ng ekonomiya.,Tinitipid din ang TV shows dahil kaunti ang commercials dahil nagtitipid din ang mga kumpanya na lahat bagsak ang sales dahil sa napakasama ngang kalagayan ng ekonomiya.,Tinitipid din ang TV shows dahil kaunti ang commercials dahil nagtitipid din ang mga kumpanya na lahat bagsak ang sales dahil sa napakasama ngang kalagayan ng ekonomiya.,[],{}
"Hanggat hindi pa nagiisyu ng formal approval ang pamunuan natin dito ay hindi pa sila pwedeng maningil, ani Corpus.","Hanggat hindi pa nag-iisyu ng formal approval ang pamunuan natin dito ay hindi pa sila pwedeng maningil, ani Corpus.","Hanggat hindi pa iiisyu ng formal approval ang pamunuan natin dito ay hindi pa sila pwedeng maningil, ani Corpus.",['nagiisyu'],"{'nagiisyu': ['maiisyu', 'naisyu', 'iiisyu', 'iisyu', 'iniisyu']}"
"Idinagdag ng opisyal na kalalagay na ang naturang dayuhan sa BIs blacklist at hindi na maaaring bumalik sa Pilipinas FRJ, GMA Integrated News.","Idinagdag ng opisyal na ilalagay na ang naturang dayuhan sa BIs blacklist at hindi na maaaring bumalik sa Pilipinas FRJ, GMA Integrated News.","idinadag ng opisyal na ilalagay na ang naturang dayuhan sa bias blacklist at hindi na maaaring bumalik sa Pilipinas ari, gia Integrated News.","['Irinagdag', 'kalalagay', 'BIs', 'FRJ', 'GMA']","{'Irinagdag': ['idinagdag', 'dinagdag', 'idinadag', 'alinagnag', 'binagbag'], 'kalalagay': ['malalagay', 'nalalagay', 'ilalagay', 'ipalalagay', 'kabalagan'], 'BIs': ['bi', 'bia', 'bias', 'bid', 'bids'], 'FRJ': ['ar', 'are', 'ari', 'arm', 'art'], 'GMA': ['ama', 'ga', 'gia', 'goma', 'gra']}"
Kinumpirma kahapon ng Department of of Tourism (DoT) na isa pang Pinay ang nahuling lumabag sa COVID-19 mandatory quarantine matapos mag-post sa social media ng kaniyang pagtungo sa isang massage session.,Kinumpirma kahapon ng Department of Tourism (DoT) na isa pang Pinay ang nahuling lumabag sa COVID-19 mandatory quarantine matapos mag-post sa social media ng kaniyang pagtungo sa isang massage session.,Kinumpirma kahapon ng Department of of Tourism (dog) na isa pang linay ang nahuling lumabag sa COVID-ag mandatory quarantine matapos mag-post sa social media ng kaniyang pagtungo sa isang massage session.,"['DoT', 'Pinay', '19']","{'DoT': ['bot', 'do', 'dog', 'doh', 'doj'], 'Pinay': ['binay', 'hinay', 'linay', 'panay', 'pilay'], '19': ['ab', 'ad', 'ag', 'ah', 'ak']}"
Ang naglalaro sa isip namin ngayon ay hindi na uli siya tanggap kung sakali man dahil kawalan ng loyalty sa GMA-7 ang ginawa niya nun.,Ang naglalaro sa isip namin ngayon ay hindi na uli siya tatanggapin kung sakali man dahil kawalan ng loyalty sa GMA-7 ang ginawa niya nun.,Ang naglalaro sa isip namin ngayon ay hindi na uli siya tanggap kung sakali man dahil kawalan ng loyalty sa gia-d ang ginawa niya gun.,"['GMA', '7', 'nun']","{'GMA': ['ama', 'ga', 'gia', 'goma', 'gra'], '7': ['b', 'c', 'd', 'e', 'f'], 'nun': ['dun', 'fun', 'gun', 'kun', 'mun']}"
"Kinilala ang mga biktima na si incumbent municipal councilor Helen Advincula Garay, 53-anyos, na kumakandidatong vice mayor at ang dalawang negosyante na parehong kandidato naman bilang konsehal na si Kareen Dela Rosa Averilla, 44-anyos, residente-ng Brgy.","Kinilala ang mga biktima na si incumbent municipal councilor Helen Advincula Garay, 53-anyos, na kumakandidatong vice mayor at ang dalawang negosyante na parehong kandidato naman bilang konsehal na si Kareen Dela Rosa Averilla, 44-anyos, residente ng Brgy.","Kinilala ang mga biktima na si incumbent municipal councilor Helen advanced gabay, ad-anyos, na kumakandidatong vice mayor at ang dalawang negosyante na parehong kandidato naman bilang konsehal na si garden Dela Rosa aerial, ag-anyos, residente-ng Brgy.","['Advincula', 'Garay', '53', 'Kareen', 'Averilla', '44']","{'Advincula': ['dinula', 'advance', 'advanced', 'advances', 'adventure'], 'Garay': ['aaray', 'aray', 'gabay', 'gamay', 'gara'], '53': ['p3', 'ab', 'ad', 'ag', 'ah'], 'Kareen': ['bargen', 'career', 'garden', 'garten', 'green'], 'Averilla': ['guerilla', 'aberia', 'aerial', 'gerilya', 'guerillas'], '44': ['ab', 'ad', 'ag', 'ah', 'ak']}"
Nagtrain ako ng Tango bago ako umalis pero I was surprised kasi pagdating ko don iba pala yung Tango na nakakasanayan nating makita sa YouTube and ??yung Tango na ginagawa nila which they call Milonga.,Nag-train ako ng Tango bago ako umalis pero I was surprised kasi pagdating ko don iba pala yung Tango na nakakasanayan nating makita sa YouTube and ??yung Tango na ginagawa nila which they call Milonga.,nagkain ako ng Tango bago ako umalis pero I was surprised kasi pagdating ko don iba pala yung Tango na nakakasanayan nating makita sa YouTube and ??yung Tango na ginagawa nila which they call hilong.,"['Nagtrain', 'Milonga']","{'Nagtrain': ['naggraun', 'naghain', 'nagkain', 'nagpain', 'nagtaan'], 'Milonga': ['milong', 'bilong', 'hilong', 'iilong', 'ilong']}"
Kaya sana maganda ang suporta sa kanila para sa pinaghahandaan nilang laban sa 2024 Olympics na gumagawa naman sa Paris.,Kaya sana maganda ang suporta sa kanila para sa pinaghahandaan nilang laban sa 2024 Olympics na gagawin naman sa Paris.,Kaya sana maganda ang suporta sa kanila para sa pinaghahandaan nilang laban sa aag Olympics na gumagawa naman sa Paris.,['2024'],"{'2024': ['p25', 'aaba', 'aag', 'aako', 'aal']}"
"Yong mga expert na magtuturo ng kanilang kaalaman para makabalik sa new normal ang buhay natin, dagdag ni Galvez.","Yong mga expert na ito magtuturo ng kanilang kaalaman para makabalik sa new normal ang buhay natin, dagdag ni Galvez.","Yong mga expert na magtuturo ng kanilang kaalaman para makabalik sa new normal ang buhay natin, dagdag ni gavel.",['Galvez'],"{'Galvez': ['gale', 'gave', 'gavel', 'valve', 'valves']}"
Sa isang panayam sinabi ni Mark Anthony na wala siyang health condition ngayon kaya wala din siyang kailangang inumin na mga maintenance medicine.,Sa isang panayam sinabi ni Mark Anthony na wala siyang health condition ngayon kaya wala rin siyang kailangang inumin na mga maintenance medicine.,Sa isang panayam sinabi ni Mark aahong na wala siyang health condition ngayon kaya wala rin siyang kailangang inumin na mga maintenance medicine.,['Anthony'],"{'Anthony': ['antimony', 'aahon', 'aahong', 'aatong', 'aatsoy']}"
"Ayon sa ina ni Christine na si Sharon, na nakabase sa General Santos City, pinayagan niya ang anak na dumalo sa party dahil makakakita niya na kasamahan nito sa trabaho ang kasama.","Ayon sa ina ni Christine na si Sharon, na nakabase sa General Santos City, pinayagan niya ang anak na dumalo sa party dahil nakita niya na kasamahan nito sa trabaho ang kasama.","Ayon sa ina ni christmas na si hapon, na nakabase sa General tantos City, pinayagan niya ang anak na dumalo sa party dahil makakakita niya na kasamahan nito sa trabaho ang kasama.","['Christine', 'Sharon', 'Santos']","{'Christine': ['cristina', 'christening', 'christmas', 'crispin', 'critize'], 'Sharon': ['baron', 'hamon', 'hapon', 'haro', 'harok'], 'Santos': ['santo', 'santol', 'tantos', 'aantok', 'aantot']}"
At matagal ng paniniwala ko na magiging maganda ang dating ni Pangulong Marcos dito sa Davos.,At matagal nang paniniwala ko na magiging maganda ang dating ni Pangulong Marcos dito sa Davos.,At matagal ng paniniwala ko na magiging maganda ang dating ni Pangulong Marcos dito sa datos.,['Davos'],"{'Davos': ['dagos', 'dalos', 'datos', 'aagos', 'aayos']}"
Kasasabi ni Rayver na si Julie Anne ang gusto niyang makasama sa kanyang future.,Sinasabi ni Rayver na si Julie Anne ang gusto niyang makasama sa kanyang future.,Kasasabi ni graver na si bulid annex ang gusto niyang makasama sa kanyang future.,"['Rayver', 'Julie', 'Anne']","{'Rayver': ['drayber', 'drayer', 'graver', 'layer', 'layner'], 'Julie': ['bule', 'buli', 'bulid', 'bulig', 'bulik'], 'Anne': ['akne', 'ann', 'annex', 'ante', 'aang']}"
Sana mag-stick po tayo na mali ang timing ng ginawa Shopee sa pag magpapaalis ng mga tauhan nila at pagbabawas.,Sana mag-stick po tayo na mali ang timing ng ginawa Shopee sa pag alis ng mga tauhan nila at pagbabawas.,Sana mag-stick po tayo na mali ang timing ng ginawa shape sa pag magpapaalis ng mga tauhan nila at pagbabawas.,['Shopee'],"{'Shopee': ['hope', 'scope', 'shape', 'shoe', 'shoes']}"
"Eh ngayon, puro indie rin, idagdag mo pa ang restrictions, ano ang inaasahan mong mangyayari, himala.","Eh ngayon, puro indie rin, idagdag mo pa ang restrictions, ano ang aasahan mong mangyayari, himala.","Eh ngayon, puro die rin, daragdag mo pa ang restrictions, ano ang inaasahan mong mangyayari, himala.","['indie', 'iragdag']","{'indie': ['india', 'indise', 'die', 'eddie', 'hindi'], 'iragdag': ['idagdag', 'dagdag', 'daragdag', 'dinagdag', 'idaragdag']}"
Ito ang papalit sa ti meslot ng The Fake Life na magtatapos na bukas.,Ito ang papalit sa timeslot ng The Fake Life na magtatapos na bukas.,Ito ang papalit sa ti maskot ng The Fake Life na magtatapos na bukas.,['meslot'],"{'meslot': ['kislot', 'mascot', 'maskot', 'masuot', 'melon']}"
Nabuo-ang tambalang FranSeth para sa teleseryeng Dirty Linen.,Nabuo ang tambalang FranSeth para sa teleseryeng Dirty Linen.,Nabuo-ang tambalang transit para sa heleheleng Dirty Linen.,"['FranSeth', 'teleseryeng']","{'FranSeth': ['aransel', 'lanseta', 'transit', 'abrasete', 'arancel'], 'teleseryeng': ['teleserye', 'telescopeng', 'heleheleng', 'kaleserong', 'semestreng']}"
"Sa segment na ""Hirit Pa More ni Mareng Winnie"" sa GMA show na ""Unang Hirit,"" sinabi ni Pinoy Laughter Yoga president Paolo Trinidad, na nagpapakawala ang pagtawa ng tinatawag na ""endorphins"" na lalaban sa depresyon.","Sa segment na ""Hirit Pa More ni Mareng Winnie"" sa GMA show na ""Unang Hirit,"" sinabi ni Pinoy Laughter Yoga president Paolo Trinidad, na nagpapakawala ang pagtawa ng tinatawag na ""endorphins"" na lumalaban sa depresyon.","Sa segment na ""Hirit Pa More ni marheng wini"" sa gia show na ""Unang Hirit,"" sinabi ni Pinoy lighter Yoga president polo trisikad, na nagpapakawala ang pagtawa ng tinatawag na ""dolphin"" na lalaban sa depresyon.","['Mareng', 'Winnie', 'GMA', 'Laughter', 'Paolo', 'Trinidad', 'endorphins']","{'Mareng': ['madreng', 'marang', 'marheng', 'maring', 'pareng'], 'Winnie': ['winaive', 'wine', 'wini', 'winner', 'winning'], 'GMA': ['ama', 'ga', 'gia', 'goma', 'gra'], 'Laughter': ['daughter', 'slaughter', 'lighter', 'fighter', 'gangster'], 'Paolo': ['palo', 'paulo', 'polo', 'aalo', 'alo'], 'Trinidad': ['apinidad', 'tinilad', 'trisikad', 'abilidad', 'atrosidad'], 'endorphins': ['dolphins', 'censorships', 'dolphin', 'endocrine', 'endorsong']}"
"So, mahirap na i-extend, hanggang riyan lang talaga siya, saad ng EP na si Mark Anthony Norella.","So, mahirap na i-extend, hanggang diyan lang talaga siya, saad ng EP na si Mark Anthony Norella.","So, mahirap na i-extend, hanggang riyan lang talaga siya, saad ng e na si Mark aahong aureola.","['EP', 'Anthony', 'Norella']","{'EP': ['ap', 'dep', 'e', 'ed', 'eh'], 'Anthony': ['antimony', 'aahon', 'aahong', 'aatong', 'aatsoy'], 'Norella': ['nobela', 'novela', 'aureola', 'botelya', 'formula']}"
"Lahat ng 40 stars na pumirma mukhang may kararating dahil iba rin naman ang build-up ni direk Dyogi, ang training, at kung paano nila i-present ang stars nila.","Lahat ng 40 stars na pumirma mukhang may mararating dahil iba rin naman ang build-up ni direk Dyogi, ang training, at kung paano nila i-present ang stars nila.","Lahat ng ag stars na pumirma mukhang may kararating dahil iba rin naman ang build-up ni direk drog, ang training, at kung paano nila i-present ang stars nila.","['40', 'Dyogi']","{'40': ['ab', 'ad', 'ag', 'ah', 'ak'], 'Dyogi': ['dog', 'dogs', 'drog', 'droga', 'duyog']}"
Bukod sa ilang mga sintomas ay dinatnan na raw sa pagkakataong hindi maalala ng singer maging ang pangalan ng alagang aso.,Bukod sa ilang mga sintomas ay dumating na raw sa pagkakataong hindi maalala ng singer maging ang pangalan ng alagang aso.,Bukod sa ilang mga sintomas ay dinatnan na raw sa pagkakataong hindi maalala ng singer maging ang pangalan ng alagang aso.,[],{}
"Sa kanyang pagtungo sa PAO, sinabi ni ni Gng.","Sa kanyang pagtungo sa PAO, sinabi ni Gng.","Sa kanyang pagtungo sa PAO, sinabi ni ni gag.",['Gng'],"{'Gng': ['ang', 'eng', 'gag', 'gang', 'gig']}"
"Samantala, naikuwento rin ni LJ na okay na okay sila ngayon ng mga anak sa New York at unti-unti na ring nakakapag-adjust sa buhay nila doon kasama ang kanyang pamilya.","Samantala, naikuwento rin ni LJ na okay na okay sila ngayon ng mga anak sa New York at unti-unti na ring nakakapag-adjust sa buhay nila roon kasama ang kanyang pamilya.","Samantala, naikuwento rin ni la na okay na okay sila ngayon ng mga anak sa New yor at unti-unti na ring nakakapag-adjust sa buhay nila doon kasama ang kanyang pamilya.","['LJ', 'York']","{'LJ': ['j', 'l', 'la', 'le', 'll'], 'York': ['pork', 'work', 'yor', 'book', 'born']}"
Nakaapekto din aniya ang pag-aalala at mental stress na labis na nakakaapekto sa puso.,Nakaapekto rin aniya ang pag-aalala at mental stress na labis na nakakaapekto sa puso.,Nakaapekto rin aniya ang pag-aalala at mental stress na labis na nakakaapekto sa puso.,[],{}
"Ang sentro ay nasa Calatagan, Batangas at at may lalim na 123 km at tectonic ang pinagmulan.","Ang sentro ay nasa Calatagan, Batangas at may lalim na 123 km at tectonic ang pinagmulan.","Ang sentro ay nasa malatagan, Batangas at at may lalim na aag km at tectonic ang pinagmulan.","['Calatagan', '123']","{'Calatagan': ['kalatagan', 'lalatagan', 'malatagan', 'nalatagan', 'balayagan'], '123': ['p25', 'p3', 'aag', 'aal', 'aam']}"
"Tapos lately nagkakaron na yung mga article, yung pagclick bait nung mga nilalagay nilang news, medyo masakit sa part ko and pati dun sa part ng mga friends ko na dapat hindi ganun dahil di naman talaga nila binabasa talaga yung buong kwento or napapakinggan.","Tapos lately nagkakaron na yung mga article, yung pag-click bait nung mga nilalagay nilang news, medyo masakit sa part ko and pati dun sa part ng mga friends ko na dapat hindi ganun dahil di naman talaga nila binabasa talaga yung buong kwento or napapakinggan.","Tapos label nagkakaron na yung mga article, yung iclick bait nung mga nilalagay nilang news, medyo masakit sa part ko and pati dun sa part ng mga friends ko na dapat hindi ganun dahil di naman talaga nila binabasa talaga yung buong kwento or napapakinggan.","['lately', 'pagclick']","{'lately': ['batel', 'eatery', 'label', 'labels', 'latay'], 'pagclick': ['pagblock', 'click', 'iclick', 'pabalik', 'padlock']}"
"Sa kabila nito, kasasabi ni Finance Secretary Benjamin Diokno na ""misunderstood"" lang ang presidente dahil ""year-on-year"" inflation rate raw mula Enero hanggang Hunyo ang kanyang tinitignan.","Sa kabila nito, sinabi ni Finance Secretary Benjamin Diokno na ""misunderstood"" lang ang presidente dahil ""year-on-year"" inflation rate raw mula Enero hanggang Hunyo ang kanyang tinitignan.","Sa kabila nito, kasasabi ni Finance Secretary banasin Diokno na ""misunderstood"" lang ang presidente dahil ""year-on-year"" inflation rate raw mula Enero hanggang Hunyo ang kanyang tinitignan.",['Benjamin'],"{'Benjamin': ['balamin', 'banalin', 'banasin', 'banatin', 'bangalin']}"
"Sa video na ipinakita sa GMA News ""Unang Balita,"" kung gaano kabilis sa pagtakbo si Panda nang madinig na bumili sila ng pandesal.","Sa video na ipinakita sa GMA News ""Unang Balita,"" kung gaano kabilis sa pagtakbo si Panda nang madinig na bibili sila ng pandesal.","Sa video na ipinakita sa gia News ""Unang Balita,"" kung gaano kabilis sa pagtakbo si handa nang marinig na bumili sila ng pandesal.","['GMA', 'Panda']","{'GMA': ['ama', 'ga', 'gia', 'goma', 'gra'], 'Panda': ['banda', 'ganda', 'handa', 'pagda', 'palda']}"
Tumanggi umano ang suspek na humarap sa camera pero inamin niyang humawak niya mga maselang bahagi ng katawan ng mga biktima.,Tumanggi umano ang suspek na humarap sa camera pero inamin niyang hinawakan niya mga maselang bahagi ng katawan ng mga biktima.,Tumanggi umano ang suspek na humarap sa camera pero inamin niyang humawak niya mga maselang bahagi ng katawan ng mga biktima.,[],{}
Hunyo noong 2021 nang mag-audition si Nightbirde at ipinamalas sa mga manonood ang kaniyang determinasyon na maging masaya at manatiling positibo sa buhay sa kabila nang kaniyang paglaban sa sakit--na batid niyang napakaliit ng tiyansa niyang magtagumpay.,Hunyo noong 2021 nang mag-audition si Nightbirde at ipinamalas sa mga manonood ang kaniyang determinasyon na maging masaya at manatiling positibo sa buhay sa kabila ng kaniyang paglaban sa sakit--na batid niyang napakaliit ng tiyansa niyang magtagumpay.,Hunyo noong aag nang mag-aauditin si rightsize at ipinamalas sa mga manonood ang kaniyang determinasyon na maging masaya at manatiling positibo sa buhay sa kabila nang kaniyang paglaban sa sakit--na batid niyang napakaliit ng tiyansa niyang magtagumpay.,"['2021', 'audition', 'Nightbirde']","{'2021': ['p25', 'aaba', 'aag', 'aako', 'aal'], 'audition': ['addition', 'auditin', 'aauditin', 'addiction', 'ambition'], 'Nightbirde': ['nightlife', 'nighttime', 'rightsize', 'bigtime', 'digitize']}"
"Ngunit habang tumatagal siyang walang trabaho, mas tumatagal rin ang pagkawalay ng kaniyang mga anak sa kaniya.","Ngunit habang tumatagal siyang walang trabaho, mas tumatagal din ang pagkawalay ng kaniyang mga anak sa kaniya.","Ngunit habang tumatagal siyang walang trabaho, mas tumatagal din ang pagkawalay ng kaniyang mga anak sa kaniya.",[],{}
"Ayon kay Krissy Achino, nagbook sila para sa staycation ng pamilya sa Tagaytay para sana roon ipagdiwang ang Bagong Taon.","Ayon kay Krissy Achino, nag-book sila para sa staycation ng pamilya sa Tagaytay para sana roon ipagdiwang ang Bagong Taon.","Ayon kay kiss ahin, nagbaon sila para sa staycation ng pamilya sa Tagaytay para sana roon ipagdiwang ang Bagong Taon.","['Krissy', 'Achino', 'nagbook']","{'Krissy': ['crispy', 'kisay', 'kiss', 'kris', 'krisis'], 'Achino': ['acting', 'aghimo', 'ahin', 'ahing', 'amino'], 'nagbook': ['logbook', 'nagbaak', 'nagbaon', 'nagbo', 'nagboda']}"
"Sa kuwento ni Bisaya, noong Thursday night daw ay-tinawagan niya si Venice.","Sa kuwento ni Bisaya, noong Thursday night daw ay tinawagan niya si Venice.","Sa kuwento ni aksaya, noong ihusay night daw ay-tinawagan niya si janice.","['Bisaya', 'Thursday', 'Venice']","{'Bisaya': ['bisala', 'biyaya', 'aksaya', 'bgaya', 'bidya'], 'Thursday': ['hurray', 'husay', 'ihusay', 'tugday', 'turdan'], 'Venice': ['device', 'fence', 'janice', 'menace', 'nice']}"
"Ito, ay kahit pa una ng inilabas ng Comelec kamakailan ang inaprubahan nilang dagdag na honoraria para sa mga guro, bilang antisipasyon sa mas mahabang voting hours sa araw ng halalan.","Ito, ay kahit pa una nang inilabas ng Comelec kamakailan ang inaprubahan nilang dagdag na honoraria para sa mga guro, bilang antisipasyon sa mas mahabang voting hours sa araw ng halalan.","Ito, ay kahit pa una ng inilabas ng Comelec kamakailan ang inaprubahan nilang dagdag na honoraria para sa mga guro, bilang antisipasyon sa mas mahabang voting hours sa araw ng halalan.",[],{}
Hindi naman sure kung magdyowa na dahil iba-iba naman raw ang meaning ng ??dating? sa mga kabataan dito sa Pilipinas hindi tulad sa ibang bansa na kapag sinabing ??dating? ay magdyowa na talaga.,Hindi naman sure kung magdyowa na dahil iba-iba naman daw ang meaning ng ??dating? sa mga kabataan dito sa Pilipinas hindi tulad sa ibang bansa na kapag sinabing ??dating? ay magdyowa na talaga.,Hindi naman sure kung magdyowa na dahil iba-iba naman daw ang mesaning ng ??dating? sa mga kabataan dito sa Pilipinas hindi tulad sa ibang bansa na kapag sinabing ??dating? ay magdyowa na talaga.,['meaning'],"{'meaning': ['maaning', 'maning', 'mesaning', 'aaning', 'ananing']}"
Pinagtatanggal ng mga tauhan ng MMDA ang mga sinakyan na ilegal na nakaparada sa kalsada at maging sa mga bangketa.,Pinagtatanggal ng mga tauhan ng MMDA ang mga sasakyan na ilegal na nakaparada sa kalsada at maging sa mga bangketa.,Pinagtatanggal ng mga tauhan ng MMDA ang mga sinakyan na ilegal na nakaparada sa kalsada at maging sa mga bangketa.,[],{}
"Si Miho naman kasi, nitong panahon ng COVID-19 pandemic, walang projects at literal na nganga lang sila ng anak niyang si Aimi sa kanilang condominium unit kasama ang kan yang nanay.","Si Miho naman kasi, nitong panahon ng COVID-19 pandemic, walang projects at literal na nganga lang sila ng anak niyang si Aimi sa kanilang condominium unit kasama ang kanyang nanay.","Si liho naman kasi, nitong panahon ng COVID-ag pandemic, walang projects at literal na nganga lang sila ng anak niyang si armi sa kanilang condominium unit kasama ang kan yang nanay.","['Miho', '19', 'Aimi']","{'Miho': ['giho', 'iho', 'liho', 'miha', 'mino'], '19': ['ab', 'ad', 'ag', 'ah', 'ak'], 'Aimi': ['admi', 'ami', 'armi', 'imi', 'kimi']}"
"Tinukoy ni Tuazon ang bumigay-na Uninterruptible Power Supply (UPS) kaya nag-shutdown ang Communications, Navigation, and Surveillance/Air Traffic Management (CNS/ATM) System ng Civil Aviation Authority of the Philippines.","Tinukoy ni Tuazon ang bumigay na Uninterruptible Power Supply (UPS) kaya nag-shutdown ang Communications, Navigation, and Surveillance/Air Traffic Management (CNS/ATM) System ng Civil Aviation Authority of the Philippines.","Tinukoy ni taaon ang bumigay-na Uninterruptible Power Supply (UPS) kaya nag-shutdown ang Communications, Navigation, and Surveillance/Air Traffic Management (cms/arm) System ng Civil Aviation Authority of the Philippines.","['Tuazon', 'CNS', 'ATM']","{'Tuazon': ['biazon', 'quezon', 'taaon', 'tabon', 'talon'], 'CNS': ['cans', 'ces', 'cms', 'cons', 'cos'], 'ATM': ['aam', 'am', 'arm', 'at', 'ata']}"
Tama ba chikang wala pa naman talagang relasyon ang dalawa?,Tama ba ang chikang wala pa naman talagang relasyon ang dalawa?,Tama ba ahitang wala pa naman talagang relasyon ang dalawa?,['chikang'],"{'chikang': ['hikang', 'adhikang', 'ahitang', 'bikang', 'chika']}"
At kadadating ang araw na ang lahat ng kabutihan natin ay aanihin natin sa tulong ng Panginoon.,At darating ang araw na ang lahat ng kabutihan natin ay aanihin natin sa tulong ng Panginoon.,At kakagating ang araw na ang lahat ng kabutihan natin ay aanihin natin sa tulong ng Panginoon.,['karadating'],"{'karadating': ['kararating', 'kadarating', 'kakagating', 'kakapating', 'kalahating']}"
Umaabot sa 22 kilo ng hinihinalang shabu na nagkakahalaga ng halos P150 milyon ang nabawi sa dalawa.,Aabot sa 22 kilo ng hinihinalang shabu na nagkakahalaga ng halos P150 milyon ang nabawi sa dalawa.,Umaabot sa ag kilo ng hinihinalang shabu na nagkakahalaga ng halos p75 milyon ang nabawi sa dalawa.,"['22', 'P150']","{'22': ['ab', 'ad', 'ag', 'ah', 'ak'], 'P150': ['p25', 'p57', 'p75', 'p', 'p3']}"
Ang mga daga ay sinasanay sa paghahanap ng landmine dahil sa lakas ng kanilang pang-amoy at pagiging magaan na kaya nilang tumapak ng bomba nang kahihindi ito sumasabog.,Ang mga daga ay sinasanay sa paghahanap ng landmine dahil sa lakas ng kanilang pang-amoy at pagiging magaan na kaya nilang tumapak ng bomba nang hindi ito sumasabog.,Ang mga daga ay sinasanay sa paghahanap ng landmine dahil sa lakas ng kanilang pang-amoy at pagiging magaan na kaya nilang tumapak ng bomba nang hihingi ito sumasabog.,['kahihindi'],"{'kahihindi': ['mahihingi', 'nahihingi', 'hihingi', 'ihihingi', 'kahigin']}"
"Dahil sa malaki ang bahay at hinihingal si Guy, kapag iniikot ang bahay dahil sa asthma, sakay siya sa wheelchair.","Dahil sa malaki ang bahay at hinihingal si Guy, kapag iniikot ang bahay dahil sa asthma, sumakay siya sa wheelchair.","Dahil sa malaki ang bahay at binibingal si Guy, kapag iniikot ang bahay dahil sa asthma, sakay siya sa wheelchair.",['hinihingal'],"{'hinihingal': ['hinihinga', 'hinihingan', 'binibingal', 'hihingal', 'hinihinaan']}"
Nakita natin na bumalik naman ang mga kaso ng exploitation and trafficking.Hindi.,Nakita natin na bumalik na naman ang mga kaso ng exploitation and trafficking.Hindi.,Nakita natin na bumalik naman ang mga kaso ng exploitation and trafficking.Hindi.,[],{}
"Yung mga kasama ko, nagluluto ng ham ham.","Yung mga kasama ko, nagluluto ng ham.","Yung mga kasama ko, nagluluto ng ham ham.",[],{}
"Samantala, dahil sa sinabi ni former senator Tito Sotto na may offer sa kanila ang dalawang c hannel para sa nasabing programa, narinig ko na may possibility nga raw na madala ang buong programa sa ibang network dahil ilalaban daw talaga ng TVJ.","Samantala, dahil sa sinabi ni former senator Tito Sotto na may offer sa kanila ang dalawang channel para sa nasabing programa, narinig ko na may possibility nga raw na madala ang buong programa sa ibang network dahil ilalaban daw talaga ng TVJ.","Samantala, dahil sa sinabi ni former senator Tito boto na may offer sa kanila ang dalawang c banned para sa nasabing programa, narinig ko na may portability nga raw na mapala ang buong programa sa ibang network dahil ilalaban daw talaga ng iva.","['Sotto', 'hannel', 'possibility', 'marala', 'TVJ']","{'Sotto': ['lotto', 'motto', 'boto', 'bottom', 'ditto'], 'hannel': ['channel', 'annex', 'banned', 'banner', 'cancel'], 'possibility': ['vissibility', 'feasibility', 'portability', 'positivity', 'possibly'], 'marala': ['madala', 'malala', 'mapala', 'marali', 'marapa'], 'TVJ': ['tv', 'doj', 'iva', 'ive', 'j']}"
Kaya naman nagiging madali ang katatrabaho nito bilang import kung saan anim na puntos lamang ang nagawa nito sa panalo ng Crossovers sa F2 Logistics at 12 puntos sa kanilang panalo sa Cignal HD.,Kaya naman nagiging madali ang trabaho nito bilang import kung saan anim na puntos lamang ang nagawa nito sa panalo ng Crossovers sa F2 Logistics at 12 puntos sa kanilang panalo sa Cignal HD.,Kaya naman nagiging marali ang katrabaho nito bilang import kung saan anim na puntos lamang ang nagawa nito sa panalo ng crossed sa fi Logistics at ag puntos sa kanilang panalo sa bigtal ed.,"['katatrabaho', 'Crossovers', 'F2', '12', 'Cignal', 'HD']","{'katatrabaho': ['matatrabaho', 'natatrabaho', 'katrabaho', 'magtatrabaho', 'makatrabaho'], 'Crossovers': ['browsers', 'consumers', 'crossed', 'crossfire', 'crossings'], 'F2': ['f', 'fb', 'fi', 'ft', 'fu'], '12': ['ab', 'ad', 'ag', 'ah', 'ak'], 'Cignal': ['signal', 'bignay', 'bigtal', 'canal', 'carnal'], 'HD': ['ad', 'd', 'ed', 'h', 'had']}"
"Siguro nakabuti rin na nasa Tarlac si Joshua at na-miss nang husto ni Bimby, ganundin si Joshua na hinanap din ang yayakap ng kapatid.","Siguro nakabuti rin na nasa Tarlac si Joshua at na-miss nang husto ni Bimby, ganundin si Joshua na hinanap din ang yakap ng kapatid.","Siguro nakabuti rin na nasa taalan si john at na-miss nang husto ni bambo, ganundin si john na hinanap din ang yayakap ng kapatid.","['Tarlac', 'Joshua', 'Bimby', 'Joshua']","{'Tarlac': ['tarlak', 'tarmac', 'taalan', 'tabla', 'tablan'], 'Joshua': ['bosa', 'dosena', 'john', 'joma', 'jowa'], 'Bimby': ['baby', 'baimbi', 'bambo', 'bambu', 'bembe']}"
"Ayon kay Carlos, naka-""private time"" siya sa Balesin at nagpasundo siya sa PNP chopper sa naturang lugar nang magkaproblema sa schedule ang pribadong sasakay na orihinal na dapat na susundo sa kaniya.","Ayon kay Carlos, naka-""private time"" siya sa Balesin at nagpasundo siya sa PNP chopper sa naturang lugar nang magkaproblema sa schedule ang pribadong sasakyan na orihinal na dapat na susundo sa kaniya.","Ayon kay cables, naka-""private time"" siya sa bakasin at nagpasugo siya sa pdp chopper sa naturang lugar nang magkaproblema sa schedule ang pribadong sasakay na orihinal na dapat na susundo sa kaniya.","['Carlos', 'Balesin', 'nagpasundo', 'PNP']","{'Carlos': ['cargos', 'arkos', 'cables', 'calls', 'carats'], 'Balesin': ['aalisin', 'alisin', 'bakasin', 'baklasin', 'baksin'], 'nagpasundo': ['nagkasundo', 'magkasundo', 'nagpasugo', 'nagpasunod', 'nagpasuso'], 'PNP': ['lpnp', 'pap', 'pdp', 'pep', 'png']}"
"Tumapos si Lee na may 14 points tampok ang dalawang sunod na three-point shots sa dulo nang final canto na nag-iwan sa Beermen, may 3-5 baraha, sa 83-76 sa huling 53.4.","Tumapos si Lee na may 14 points tampok ang dalawang sunod na three-point shots sa dulo ng final canto na nag-iwan sa Beermen, may 3-5 baraha, sa 83-76 sa huling 53.4.","Tumapos si le na may ag points tampok ang dalawang sunod na three-point shots sa dulo nang final kanto na nag-iwan sa bearer, may d-d baraha, sa ad-ag sa huling ad.d.","['Lee', '14', 'canto', 'Beermen', '3', '5', '83', '76', '53', '4']","{'Lee': ['bee', 'fee', 'le', 'led', 'leeg'], '14': ['ab', 'ad', 'ag', 'ah', 'ak'], 'canto': ['banto', 'canton', 'kanto', 'manto', 'santo'], 'Beermen': ['airmen', 'bargen', 'bearer', 'became', 'become'], '3': ['b', 'c', 'd', 'e', 'f'], '5': ['b', 'c', 'd', 'e', 'f'], '83': ['p3', 'ab', 'ad', 'ag', 'ah'], '76': ['ab', 'ad', 'ag', 'ah', 'ak'], '53': ['p3', 'ab', 'ad', 'ag', 'ah'], '4': ['b', 'c', 'd', 'e', 'f']}"
"Ayon sa OCTA group na bagamat may naganap na pagbaba sa hawaan ng virus sa Metro Manila, higit pa din ang dapat na pag-iingat ng mamamayan dahil nananatiling nasa kritikal pang kondisyon ang rehiyon sa virus.","Ayon sa OCTA group na bagamat may naganap na pagbaba sa hawaan ng virus sa Metro Manila, higit pa rin ang dapat na pag-iingat ng mamamayan dahil nananatiling nasa kritikal pang kondisyon ang rehiyon sa virus.","Ayon sa OCTA group na bagamat may naganap na pagbaba sa hawaan ng virus sa Metro Manila, higit pa rin ang dapat na pag-iingat ng mamamayan dahil nananatiling nasa kritikal pang kondisyon ang rehiyon sa virus.",[],{}
"Pero pagdating nila sa checkout area, nilapag niya ang bag niya, pero na-out of balance kaya nahuhulog kasama ang pinitik niyang tea set sa room service sana ng hotel.","Pero pagdating nila sa checkout area, nilapag niya ang bag niya, pero na-out of balance kaya nahulog kasama ang pinitik niyang tea set sa room service sana ng hotel.","Pero pagdating nila sa backout area, nilabag niya ang bag niya, pero na-out of balance kaya nahuhulog kasama ang pinitik niyang tea set sa room service sana ng hotel.","['checkout', 'nilapag']","{'checkout': ['checkouts', 'checkup', 'backout', 'blackout', 'breakout'], 'nilapag': ['ilapag', 'inilapag', 'nilabag', 'nilalag', 'nilapa']}"
Na umalingasaw umano ang malan sang amoy.,Na umalingasaw umano ang malansang amoy.,Na umalingasaw umano ang kalan sang amoy.,['malan'],"{'malan': ['alan', 'galan', 'kalan', 'maan', 'makan']}"
Inihayag ito ng Japanese Prime Minister sa 20 minutong paguusap nila ni Duterte sa telepono nitong Miyerkoles.,Inihayag ito ng Japanese Prime Minister sa 20 minutong pag-uusap nila ni Duterte sa telepono nitong Miyerkoles.,Inihayag ito ng kapares Prime Minister sa ag minutong paggusad nila ni suwerte sa telepono nitong mirekules.,"['Japanese', '20', 'paguusap', 'Duterte', 'Miyerkoles']","{'Japanese': ['apanas', 'balanse', 'kapares', 'manganese', 'mapanis'], '20': ['ab', 'ad', 'ag', 'ah', 'ak'], 'paguusap': ['pagbusa', 'paggisap', 'paggusad', 'paghusay', 'pagkisap'], 'Duterte': ['butete', 'puwerte', 'suwerte', 'terte', 'bunete'], 'Miyerkoles': ['miyerkules', 'Miyerkules', 'mirekules', 'biyernes', 'Biyernes']}"
"Hindi rin ito nagpapahintulot sa sinumang tao o kompanya na mag-alok o magbenta ng passport appointment slot, nagsasabi nito.","Hindi rin ito nagpapahintulot sa sinumang tao o kompanya na mag-alok o magbenta ng passport appointment slot, sinabi nito.","Hindi rin ito nagpapahintulot sa sinumang tao o kompanya na mag-alok o magbenta ng passport appointment slot, nagsasabi nito.",[],{}
"Hawak na ng-pulisya ang suspek na si Julius Bibay, 32, ng #1146 Lontoc Apartment, Brgy.","Hawak na ng pulisya ang suspek na si Julius Bibay, 32, ng #1146 Lontoc Apartment, Brgy.","Hawak na ng-pulisya ang suspek na si pulis binay, ag, ng #aako latoc Apartment, Brgy.","['Julius', 'Bibay', '32', '1146', 'Lontoc']","{'Julius': ['dulis', 'gulis', 'pulis', 'tulis', 'aalis'], 'Bibay': ['bigay', 'bihay', 'binay', 'biray', 'bitay'], '32': ['ab', 'ad', 'ag', 'ah', 'ak'], '1146': ['aaba', 'aag', 'aako', 'aal', 'aala'], 'Lontoc': ['lantod', 'lantot', 'latoc', 'lintog', 'lintos']}"
"Pero base sa latest showbiz update vlog ni Ogie Diaz, ayon raw sa kanyang source ay hiwalay na nga ang dalawa.","Pero base sa latest showbiz update vlog ni Ogie Diaz, ayon daw sa kanyang source ay hiwalay na nga ang dalawa.","Pero base sa latest showbiz update vlog ni agit biak, ayon daw sa kanyang source ay hiwalay na nga ang dalawa.","['Ogie', 'Diaz']","{'Ogie': ['age', 'agik', 'agit', 'agiw', 'die'], 'Diaz': ['dial', 'bia', 'biak', 'bias', 'cial']}"
"Tapos say niya, di pa ready mag-shooting.","Tapos say niya, di pa siya ready mag-shooting.","Tapos say niya, di pa ready mag-shooting.",[],{}
"Kasasabi nga ni Dondon, naniniwala siyang nandito pa rin ang COVID-19 kahit bumababa na ang kaso, pero hindi pa raw ito tuluyang mawala.","Sabi nga ni Dondon, naniniwala siyang nandito pa rin ang COVID-19 kahit bumababa na ang kaso, pero hindi pa raw ito tuluyang mawala.","Kasasabi nga ni condom, naniniwala siyang nandito pa rin ang COVID-ag kahit bumababa na ang kaso, pero hindi pa raw ito tuluyang mawala.","['Dondon', '19']","{'Dondon': ['andon', 'condo', 'condom', 'condone', 'condos'], '19': ['ab', 'ad', 'ag', 'ah', 'ak']}"
"Nangako rin ang grupo na magbibigay ng tulong sa lahat ng pamilyang Filipino, women groups at sa mass society, pag promote ng pag-ibig para sa bansa, pangangalaga sa kapaligiran at pagprotekta sa karapatan ng bawat mamamayan.","Nangako rin ang grupo na magbibigay ng tulong sa lahat ng pamilyang Filipino, women groups at sa mass society, pag-promote ng pag-ibig para sa bansa, pangangalaga sa kapaligiran at pagprotekta sa karapatan ng bawat mamamayan.","Nangako rin ang grupo na magbibigay ng tulong sa lahat ng pamilyang Filipino, women groups at sa mass society, pag promote ng pag-ibig para sa bansa, pangangalaga sa kapaligiran at pagprotekta sa karapatan ng bawat mamamayan.",[],{}
"Syempre po kami po hindi po kami nakukuntento dapat kahit napapanalunan po kami, dapat tumingin pa rin po kami sa brighter side na meron pa kami kayang i-improve like yung errors namin kaya pa namin siya iminimize and yung consistency talaga namin, ani reigning MVP Bella Belen.","Syempre po kami po hindi po kami nakukuntento dapat kahit nanalo po kami, dapat tumingin pa rin po kami sa brighter side na meron pa kami kayang i-improve like yung errors namin kaya pa namin siya iminimize and yung consistency talaga namin, ani reigning MVP Bella Belen.","disyembre po kami po hindi po kami makuntento dapat kahit napapalunan po kami, dapat tumingin pa rin po kami sa lighter side na meron pa kami kayang i-improve like yung errors namin kaya pa namin siya isinumite and yung consistency talaga namin, ani reigning ap bakla bale.","['Syempre', 'nakukuntento', 'napapanalunan', 'brighter', 'iminimize', 'MVP', 'Bella', 'Belen']","{'Syempre': ['siyempre', 'yembre', 'disyembre', 'Disyembre', 'emple'], 'nakukuntento': ['makukuntento', 'nakuntento', 'makuntento', 'nagkukuwento', 'nakukumpeto'], 'napapanalunan': ['napanalunan', 'napapalanunan', 'napapalunan', 'mapanalunan', 'mapapanuluyan'], 'brighter': ['bright', 'fighter', 'lighter', 'bigote', 'bitter'], 'iminimize': ['minimize', 'iminimitsa', 'isinumite', 'itinimbre', 'maximize'], 'MVP': ['map', 'vp', 'ap', 'app', 'atp'], 'Bella': ['bell', 'belly', 'bakla', 'bala', 'balda'], 'Belen': ['been', 'helen', 'bale', 'baleng', 'bales']}"
Lumalabas sa imbestigasyon na nagpapa-vulcanize ng gulong ng kanyang motorsiklo si Collado nang babaan siya ng grupo ng mga killer mula sa humintong pickup truck nagsaka siya pinagbabaril dakong alas-12 ng tanghali.,Lumalabas sa imbestigasyon na nagpapa-vulcanize ng gulong ng kanyang motorsiklo si Collado nang babaan siya ng grupo ng mga killer mula sa humintong pickup truck saka siya pinagbabaril dakong alas-12 ng tanghali.,Lumalabas sa imbestigasyon na nagpapa-vulcanizing ng gulong ng kanyang motorsiklo si doblado nang babaan siya ng grupo ng mga killer mula sa humintong pickup truck nagsaka siya pinagbabaril dakong alas-ag ng tanghali.,"['vulcanize', 'Collado', '12']","{'vulcanize': ['vulcanic', 'volcanic', 'vulcanizing', 'bulaanin', 'bulaaning'], 'Collado': ['collab', 'collar', 'doblado', 'alyado', 'baldado'], '12': ['ab', 'ad', 'ag', 'ah', 'ak']}"
Nananatiling nasa alert level 2 ang Bulkang Taal sa Batangas bagamat hihindi nagkakaroon ng volcanic earthquake sa nakalipas na 24 oras.,Nananatiling nasa alert level 2 ang Bulkang Taal sa Batangas bagamat hindi nagkakaroon ng volcanic earthquake sa nakalipas na 24 oras.,Nananatiling nasa alert level d ang Bulkang Taal sa Batangas bagamat hihikbi nagkakaroon ng volcanic earthquake sa nakalipas na ag oras.,"['2', 'hihindi', '24']","{'2': ['b', 'c', 'd', 'e', 'f'], 'hihindi': ['hihingi', 'hihibi', 'hihikbi', 'hihina', 'hihinay'], '24': ['ab', 'ad', 'ag', 'ah', 'ak']}"
"Bilang bahagi ng pinalakas na security operations para sa ??Ligtas Paskuhan 2022?, nagsagawa ng pagiinspeksiyon sa mga bus terminals sa Metro Manila si Philippine National Police(PNP) Chief P/Gen.","Bilang bahagi ng pinalakas na security operations para sa ??Ligtas Paskuhan 2022?, nagsagawa ng pag-iinspeksiyon sa mga bus terminals sa Metro Manila si Philippine National Police(PNP) Chief P/Gen.","Bilang bahagi ng pinalakas na security operations para sa ??Ligtas Paskuhan aag?, nagsagawa ng nainspeksiyon sa mga bus terminals sa Metro Manila si Philippine National Police(pdp) Chief P/Gen.","['2022', 'pagiinspeksiyon', 'PNP']","{'2022': ['p25', 'aaba', 'aag', 'aako', 'aal'], 'pagiinspeksiyon': ['iinspeksiyon', 'iniinspeksiyon', 'nainspeksiyon', 'iinspeksyon', 'iniinspeksyon'], 'PNP': ['lpnp', 'pap', 'pdp', 'pep', 'png']}"
Kasasabi ni Estoperez na nag-uumpisa pa lamang magtanim ng sibuyas ang mga magsasaka sa Nueva Ecija habang mayroon nang ani ang mga magsasaka sa Tarlac na tinatawag na ??talang? subalit hindi matiyak kung kayang tugunan ang kailangang supply ng mga mamimilit.,Sinabi ni Estoperez na nag-uumpisa pa lamang magtanim ng sibuyas ang mga magsasaka sa Nueva Ecija habang mayroon nang ani ang mga magsasaka sa Tarlac na tinatawag na ??talang? subalit hindi matiyak kung kayang tugunan ang kailangang supply ng mga mamimilit.,Kasasabi ni entered na nag-uumpisa pa lamang magtanim ng sibuyas ang mga magsasaka sa neca Ecija habang mayroon nang ani ang mga magsasaka sa taalan na tinatawag na ??talang? subalit hindi matiyak kung kayang tugunan ang kailangang supply ng mga mamimilit.,"['Estoperez', 'Nueva', 'Tarlac']","{'Estoperez': ['estereo', 'empowered', 'entered', 'escapees', 'eskopeta'], 'Nueva': ['buena', 'nagva', 'neca', 'nega', 'nua'], 'Tarlac': ['tarlak', 'tarmac', 'taalan', 'tabla', 'tablan']}"
"Ginoogle (Google) niya yung ??Jewel pilot Philippines,?? tapos roon lumabas lahat yung information about me.","Ginoogle (Google) niya yung ??Jewel pilot Philippines,?? tapos doon lumabas lahat yung information about me.","dinodoble (Google) niya yung ??Jewel pilot Philippines,?? tapos roon lumabas lahat yung information about me.",['Ginoogle'],"{'Ginoogle': ['google', 'dinoble', 'dinodoble', 'ginoo', 'ginoong']}"
"Dahil 27-anyos na, nagsasabi ni Derrick na panahon na para maghanap siya ng taong magiging kasama niya sa buhay.","Dahil 27-anyos na, sinabi ni Derrick na panahon na para maghanap siya ng taong magiging kasama niya sa buhay.","Dahil ag-anyos na, nagsasabi ni deck na panahon na para maghanap siya ng taong magiging kasama niya sa buhay.","['27', 'Derrick']","{'27': ['ab', 'ad', 'ag', 'ah', 'ak'], 'Derrick': ['brick', 'debris', 'deck', 'degri', 'degring']}"
Inilunsad noong Abril 4 ang ??Bus ni ISKO? campaign caravan na naglalayong ikampanya ang kandidatura ni Mayor Isko dahil maniniwala sila sa mga nagawa nito sa Maynila ay magagawa rin sa buong bansa.,Inilunsad noong Abril 4 ang ??Bus ni ISKO? campaign caravan na naglalayong ikampanya ang kandidatura ni Mayor Isko dahil naniniwala sila sa mga nagawa nito sa Maynila ay magagawa rin sa buong bansa.,Inilunsad noong Abril d ang ??Bus ni iko? campaign caravan na naglalayong ikampanya ang kandidatura ni Mayor iko dahil maniniwala sila sa mga nagawa nito sa Maynila ay magagawa rin sa buong bansa.,"['4', 'ISKO', 'Isko']","{'4': ['b', 'c', 'd', 'e', 'f'], 'ISKO': ['disko', 'iako', 'iko', 'isako', 'iskor'], 'Isko': ['disko', 'iako', 'iko', 'isako', 'iskor']}"
"Wala anya siyang anumang sintomas, ngunit ihihiwalay siya bilang pagiingat hanggang sa matapos ang kanyang isolation period.","Wala anya siyang anumang sintomas, ngunit ihihiwalay siya bilang pag-iingat hanggang sa matapos ang kanyang isolation period.","Wala anya siyang anumang sintomas, ngunit ihihiwalay siya bilang paghinga hanggang sa matapos ang kanyang isolation period.",['pagiingat'],"{'pagiingat': ['magingat', 'pagbigat', 'paghinga', 'paghingal', 'paglinga']}"
"Nag-advise na din daw siya sa MWP organizer at ang wish niya, ma-clear ang air, pag-usapan na lang dahil umamin nga raw ang roommate niya na sa kanya (roommate) nag-start ang lahat ng intriga at nag-sorry naman daw ito sa harap ng ibang contestants.","Nag-advise na rin daw siya sa MWP organizer at ang wish niya, ma-clear ang air, pag-usapan na lang dahil umamin nga raw ang roommate niya na sa kanya (roommate) nag-start ang lahat ng intriga at nag-sorry naman daw ito sa harap ng ibang contestants.","Nag-advise na rin daw siya sa app organizer at ang wish niya, ma-clear ang air, pag-usapan na lang dahil umamin nga raw ang kombate niya na sa kanya (kombate) nag-start ang lahat ng intriga at nag-sorry naman daw ito sa harap ng ibang consultants.","['MWP', 'roommate', 'roommate', 'contestants']","{'MWP': ['map', 'ap', 'app', 'atp', 'aw'], 'roommate': ['roommates', 'commute', 'kombate', 'automate', 'bromite'], 'contestants': ['contestant', 'constant', 'consultants', 'contents', 'combatants']}"
Upang malibang ay kinailangan umanong binibili ng komedyante ng badminton net at basketball ding upang mayroon silang mapaglibangan ng kasintahang si Ion Perez sa bahay.,Upang malibang ay kinailangan umanong bumili ng komedyante ng badminton net at basketball ding upang mayroon silang mapaglibangan ng kasintahang si Ion Perez sa bahay.,Upang malibang ay kinailangan umanong binibili ng komedyante ng badminton net at basketball ding upang mayroon silang mapagbintangan ng kasintahang si dion ere sa bahay.,"['mapaglibangan', 'Ion', 'Perez']","{'mapaglibangan': ['mapaglabanan', 'mapaglalangan', 'mapagbintangan', 'mapaglaanan', 'mapaglabanang'], 'Ion': ['aon', 'con', 'dion', 'don', 'eon'], 'Perez': ['eere', 'eez', 'ere', 'here', 'iere']}"
"Pinagsasaksak at napatay ng isang lalaki ang kaniyang kainuman ng hindi paniwalaan at pagtawanan pa siya sa kaniyang ikinukuwento, nitong Martes ng madaling araw sa Tondo, Maynila.","Pinagsasaksak at napatay ng isang lalaki ang kaniyang kainuman nang hindi paniwalaan at pagtawanan pa siya sa kaniyang ikinukuwento, nitong Martes ng madaling araw sa Tondo, Maynila.","Pinagsasaksak at napatay ng isang lalaki ang kaniyang kainuman ng hindi paniwalaan at pagtawanan pa siya sa kaniyang ikinukuwento, nitong Martes ng maraling araw sa todo, Maynila.",['Tondo'],"{'Tondo': ['condo', 'pondo', 'todo', 'tono', 'tonto']}"
"Nandito ngayon sa Pilipinas si Anne, pero hindi pa raw sila nagkita ni Nico dahil abala rin raw siya.","Nandito ngayon sa Pilipinas si Anne, pero hindi pa raw sila nagkita ni Nico dahil abala rin daw siya.","Nandito ngayon sa Pilipinas si annex, pero hindi pa raw sila nagkita ni nido dahil abala rin daw siya.","['Anne', 'Nico']","{'Anne': ['akne', 'ann', 'annex', 'ante', 'aang'], 'Nico': ['naco', 'nice', 'nido', 'nigo', 'nino']}"
"Ang average kaya lumalakas po ang peso kaya maganda naman ang kayayari sa atin, pahayag ni Dr. Fernando Martinez, chairman ng IPPCA.","Ang average kaya lumalakas po ang peso kaya maganda naman ang nangyayari sa atin, pahayag ni Dr. Fernando Martinez, chairman ng IPPCA.","Ang average kaya lumalakas po ang peso kaya maganda naman ang iyayari sa atin, pahayag ni da. heranyo margine, chairman ng ipara.","['kayayari', 'Dr', 'Fernando', 'Martinez', 'IPPCA']","{'kayayari': ['mayayari', 'nayayari', 'iyayari', 'kayayao', 'magyayari'], 'Dr': ['ar', 'd', 'da', 'de', 'der'], 'Fernando': ['beranda', 'ferdinand', 'heranyo', 'ibinando', 'iminando'], 'Martinez': ['martines', 'maitines', 'margine', 'margines', 'marine'], 'IPPCA': ['ipa', 'ipapa', 'ipara', 'ipasa', 'ipila']}"
"Bong at nalagpasan na rin ni Mayor Lani ang Angiogram, at nag-bonding pa silang mag asawa sa isang kuwarto sa hospital.","Bong at nalagpasan na rin ni Mayor Lani ang Angiogram, at nag-bonding pa silang mag-asawa sa isang kuwarto sa hospital.","Bong at nalagpasan na rin ni Mayor kani ang angina, at nag-bonding pa silang mag asawa sa isang kuwarto sa hospital.","['Lani', 'Angiogram']","{'Lani': ['aani', 'ani', 'kani', 'labi', 'lagi'], 'Angiogram': ['angkora', 'angilan', 'angina', 'anging', 'angkorang']}"
Mahiyain raw si Maine?,Mahiyain daw si Maine?,Mahiyain daw si maino?,['Maine'],"{'Maine': ['maide', 'main', 'maino', 'maire', 'marine']}"
Hindi pa rin sumusuko si dating Senador Bongbong Marcos ng muling magsampa ng ??motion for reconsideration?? sa Presidential Electoral Tribunal (PET) para mabaligtad ang pagbasura sa kaniyang ??election protest?? laban kay Vice-President Leni Robredo.,Hindi pa rin sumusuko si dating Senador Bongbong Marcos nang muling magsampa ng ??motion for reconsideration?? sa Presidential Electoral Tribunal (PET) para mabaligtad ang pagbasura sa kaniyang ??election protest?? laban kay Vice-President Leni Robredo.,Hindi pa rin sumusuko si dating Senador Bongbong Marcos ng muling magsampa ng ??motion for reconsideration?? sa Presidential Electoral Tribunal (PET) para mabaligtad ang pagbasura sa kaniyang ??election protest?? laban kay Vice-President aani Robredo.,['Leni'],"{'Leni': ['lend', 'lens', 'aani', 'aleng', 'ani']}"
"Pero malay nyo rin, bigla na lang magkatotoo ang wild dream ko, promise, invite ko rin kayo sa tour ng Malaca?ñang, magtour guide na lang ako.","Pero malay nyo rin, bigla na lang magkatotoo ang wild dream ko, promise, invite ko rin kayo sa tour ng Malaca?ñang, mag-tour guide na lang ako.","Pero malay nyo rin, bigla na lang magkatotoo ang wild dream ko, promise, cavite ko rin kayo sa tour ng malasa?bang, magtu guide na lang ako.","['invite', 'Malaca', 'ñang', 'magtour']","{'invite': ['incite', 'invited', 'cavite', 'indise', 'ingit'], 'Malaca': ['malaga', 'malala', 'malasa', 'malata', 'malawa'], 'ñang': ['aang', 'ang', 'bang', 'cang', 'dang'], 'magtour': ['magtoka', 'magtono', 'magtu', 'magturo', 'actor']}"
Sinabi naman ni Interior Secretary Eduardo A?ño na nagsasagawa rin nang sariling imbestigasyon ang Criminal Investigation and Detection Group (CIDG) sa insidente.,Sinabi naman ni Interior Secretary Eduardo A?ño na nagsasagawa rin ng sariling imbestigasyon ang Criminal Investigation and Detection Group (CIDG) sa insidente.,Sinabi naman ni Interior Secretary Eduardo ag?co na nagsasagawa rin nang sariling imbestigasyon ang Criminal Investigation and Detection Group (acids) sa insidente.,"['A', 'ño', 'CIDG']","{'A': ['ab', 'ad', 'ag', 'ah', 'ak'], 'ño': ['ao', 'bo', 'co', 'do', 'go'], 'CIDG': ['cing', 'acid', 'acids', 'aid', 'aide']}"
"Wagi rin ang Pag-alala sa Kadakilaan: Tribute to Frontliners bilang Best Public Service TV Ad at Best TV Ad (Branded) naman ang Hindi Ka Nag-iisa, na isang teaser para sa teleseryeng Huwag Kang Mangamba.","Nagwagi rin ang Pag-alala sa Kadakilaan: Tribute to Frontliners bilang Best Public Service TV Ad at Best TV Ad (Branded) naman ang Hindi Ka Nag-iisa, na isang teaser para sa teleseryeng Huwag Kang Mangamba.","Wagi rin ang Pag-alala sa kabaklaan: Tribute to Frontliners bilang Best Public Service TV Ad at Best TV Ad (Branded) naman ang Hindi Ka Nag-iisa, na isang teaser para sa heleheleng Huwag Kang Mangamba.","['Karakilaan', 'teleseryeng']","{'Karakilaan': ['kadakilaan', 'barakilan', 'kabaklaan', 'kadakilaang', 'karalitaan'], 'teleseryeng': ['teleserye', 'telescopeng', 'heleheleng', 'kaleserong', 'semestreng']}"
Kasi hindi natin alam kung ano ang nangyayari bukas.,Kasi hindi natin alam kung ano ang mangyayari bukas.,Kasi hindi natin alam kung ano ang nangyayari bukas.,[],{}
Idinulog na din umano nila ang nasabing problema kina Mayor Arthur Robes at asawa nitong si Congreswoman Florida Robes pero ikinatuwiran umano ng mga ito na wala sa kontrol ng pamahalaang lokal ang problema kundi nasa Local Water Utilities Administration.,Idinulog na rin umano nila ang nasabing problema kina Mayor Arthur Robes at asawa nitong si Congreswoman Florida Robes pero ikinatuwiran umano ng mga ito na wala sa kontrol ng pamahalaang lokal ang problema kundi nasa Local Water Utilities Administration.,ibinulong na rin umano nila ang nasabing problema kina Mayor actor boxes at asawa nitong si congressmen flora boxes pero ikinatuwiran umano ng mga ito na wala sa kontrol ng pamahalaang lokal ang problema kundi nasa Local Water Utilities Administration.,"['Irinulog', 'Arthur', 'Robes', 'Congreswoman', 'Florida', 'Robes']","{'Irinulog': ['idinulog', 'hinulog', 'ibinulong', 'ibinulos', 'idinulot'], 'Arthur': ['author', 'achor', 'actor', 'after', 'aktor'], 'Robes': ['roles', 'boses', 'boxes', 'bribes', 'codes'], 'Congreswoman': ['congresswoman', 'congressman', 'congressmen', 'congressional', 'chairwoman'], 'Florida': ['florita', 'plorida', 'flora', 'floranda', 'florist']}"
??ayaw ko din namang madaliin.,??Ayaw ko rin namang madaliin.,??ayaw ko rin namang aaralin.,['maraliin'],"{'maraliin': ['madaliin', 'mamaliin', 'aaralin', 'aralin', 'babaliin']}"
"Kahit na wala pang rehistro sa Pilipinas ang ivermectin para gamitin sa tao nilabanan sa COVID-19, una nang pinagkalooban ng compassionate special permit (CSP) ng FDA ang ilang mga ospital sa Pilipinas para gamitin ito sa ganoong kaparaanan, bagay na kailangang i-apply ng doktor sa kanilang mga pasyente.","Kahit na wala pang rehistro sa Pilipinas ang ivermectin para gamitin sa tao laban sa COVID-19, una nang pinagkalooban ng compassionate special permit (CSP) ng FDA ang ilang mga ospital sa Pilipinas para gamitin ito sa ganoong kaparaanan, bagay na kailangang i-apply ng doktor sa kanilang mga pasyente.","Kahit na wala pang rehistro sa Pilipinas ang ivermectin para gamitin sa tao nilabanan sa COVID-ag, una nang pinagkalooban ng compassionate special permit (csc) ng FDA ang ilang mga ospital sa Pilipinas para gamitin ito sa ganoong kaparaanan, bagay na kailangang i-apply ng doktor sa kanilang mga pasyente.","['19', 'CSP']","{'19': ['ab', 'ad', 'ag', 'ah', 'ak'], 'CSP': ['cap', 'cop', 'csc', 'cup', 'ap']}"
"Ayon pa sa PagAsa, nasa panahon ngayon ng transition period na unti-unting kumakawala ang hanging habagat at inaasahang pasok na ang hanging amihan o ang malamig na panahon na palagiang nararansan kapag malapit na ang panahon ng Kapaskuhan.","Ayon pa sa PagAsa, nasa panahon ngayon ng transition period na unti-unting kumakawala ang hanging habagat at inaasahang papasok na ang hanging amihan o ang malamig na panahon na palagiang nararansan kapag malapit na ang panahon ng Kapaskuhan.","Ayon pa sa PagAsa, nasa panahon ngayon ng transition period na unti-unting kumakawala ang hanging habagat at inaasahang pasok na ang hanging amihan o ang malamig na panahon na palagiang nararansan kapag malapit na ang panahon ng Kapaskuhan.",[],{}
Biglaan naman yata ang sinasabing split na daw sina Rabiya Mateo at Jeric Gonzales.,Biglaan naman yata ang sinasabing split na raw sina Rabiya Mateo at Jeric Gonzales.,Biglaan naman yata ang sinasabing split na raw sina bariya mate at jerk goggles.,"['Rabiya', 'Mateo', 'Jeric', 'Gonzales']","{'Rabiya': ['kabiya', 'aniya', 'bariya', 'biya', 'gabya'], 'Mateo': ['ateo', 'matao', 'mate', 'mater', 'mates'], 'Jeric': ['epic', 'heroic', 'jerk', 'jerky', 'jerry'], 'Gonzales': ['ginalis', 'goals', 'goggles', 'googles', 'korales']}"
"Ang Reggaeton ang paborito ng JBK sapagkat naipapakita nito ang vocal bravado ng mga miyembro, at nagbigay pugay rin ito sa Pinoy cultural roots at influences.","Ang Reggaeton ang paborito ng JBK sapagkat naipapakita nito ang vocal bravado ng mga miyembro, at nagbibigay pugay rin ito sa Pinoy cultural roots at influences.","Ang naggatong ang paborito ng abf sapagkat naipapakita nito ang vocal bravado ng mga miyembro, at nagbigay pugay rin ito sa Pinoy cultural rooms at influences.","['Reggaeton', 'JBK', 'roots']","{'Reggaeton': ['legasyon', 'maggatong', 'naggatong', 'nggayon', 'paggastos'], 'JBK': ['ab', 'aba', 'abf', 'abo', 'abok'], 'roots': ['boots', 'robots', 'rooms', 'root', 'toots']}"
"Taong 2017 ng maging magkarelasyon ang dalawa, at marami ang sumuporta sa kanilang kulitan bilang magkasintahan na makikikita sa kanilang vlog.--FRJ.","Taong 2017 nang maging magkarelasyon ang dalawa, at marami ang sumuporta sa kanilang kulitan bilang magkasintahan na makikikita sa kanilang vlog.--FRJ.","Taong aag ng maging magkarelasyon ang dalawa, at marami ang sumuporta sa kanilang kupitan bilang magkasintahan na makakakita sa kanilang vlog.--ari.","['2017', 'kulitan', 'makikikita', 'FRJ']","{'2017': ['p57', 'aaba', 'aag', 'aako', 'aal'], 'kulitan': ['kudlitan', 'kulutan', 'kupitan', 'kuritan', 'aalitan'], 'makikikita': ['makakikita', 'magkikita', 'makakakita', 'makikiisa', 'makikiliti'], 'FRJ': ['ar', 'are', 'ari', 'arm', 'art']}"
Idinagdag pa na mayroon din silang standby credit line sa landbank of the Philippines para sa pambili ng bakuna.,Idinagdag pa niya na mayroon din silang standby credit line sa landbank of the Philippines para sa pambili ng bakuna.,idinadag pa na mayroon din silang standby credit line sa aanibang of the Philippines para sa pambili ng bakuna.,"['Irinagdag', 'landbank']","{'Irinagdag': ['idinagdag', 'dinagdag', 'idinadag', 'alinagnag', 'binagbag'], 'landbank': ['landmark', 'aaniban', 'aanibang', 'andana', 'andyan']}"
"Ang opensiba ng 602ndInfantry Brigade sa ilang bahagi ng 220,000-ektaryang Liguasan Delta, nag simula noong Marso 21 at tumagal hanggang Sabado ng umaga, ay inilunsad matapos isuplong ng mga residente ng magkatabing bayan ng Pagalungan at Montawal sa Maguindanao del Sur ang presensya doon ng mga teroristang pinamumunuan ni Almoben Sebud.","Ang opensiba ng 602ndInfantry Brigade sa ilang bahagi ng 220,000-ektaryang Liguasan Delta, nag simula noong Marso 21 at tumagal hanggang Sabado ng umaga, ay inilunsad matapos isuplong ng mga residente ng magkatabing bayan ng Pagalungan at Montawal sa Maguindanao del Sur ang presensya roon ng mga teroristang pinamumunuan ni Almoben Sebud.","Ang opensiba ng hindiumano'y Brigade sa ilang bahagi ng aal,aam-ektaryang lagpasan Delta, nag simula noong Marso ag at tumagal hanggang Sabado ng umaga, ay inilunsad matapos isuplong ng mga residente ng magkatabing bayan ng gagatungan at magtagal sa Maguindanao del Sur ang presensya doon ng mga teroristang pinamumunuan ni aambun debut.","['602ndInfantry', '220', '000', 'Liguasan', '21', 'Pagalungan', 'Montawal', 'Almoben', 'Sebud']","{'602ndInfantry': ['infantry', 'hinantay', ""hindiumano'y"", 'hininintay', 'inaantay'], '220': ['p25', 'aag', 'aal', 'aam', 'aat'], '000': ['aag', 'aal', 'aam', 'aat', 'aaw'], 'Liguasan': ['bigasan', 'bigkasan', 'lagpasan', 'lagusan', 'ligawan'], '21': ['ab', 'ad', 'ag', 'ah', 'ak'], 'Pagalungan': ['pagulungan', 'gagalingan', 'gagatungan', 'kagalangan', 'kagalingan'], 'Montawal': ['kontral', 'magbawal', 'magtagal', 'magtakal', 'magtapal'], 'Almoben': ['almasen', 'aambon', 'aambun', 'aamen', 'adobe'], 'Sebud': ['cebu', 'debu', 'debut', 'kabud', 'rebut']}"
"Samantala, dahil sa nararanasang krisis, umani ang ??bayanihan spirit? sa bayan ng Pola na nasa ilalim ng ??state of calamity? dahil sa epekto ng oil spill sa sa kanilang kalikasan at kanilang pangkabuhayan.","Samantala, dahil sa nararanasang krisis, umani ang ??bayanihan spirit? sa bayan ng Pola na nasa ilalim ng ??state of calamity? dahil sa epekto ng oil spill sa kanilang kalikasan at kanilang pangkabuhayan.","Samantala, dahil sa nararanasang krisis, umani ang ??bayanihan spirit? sa bayan ng lola na nasa ilalim ng ??state of calamity? dahil sa epekto ng oil spill sa sa kanilang kalikasan at kanilang pangkabuhayan.",['Pola'],"{'Pola': ['bola', 'kola', 'lola', 'nola', 'ola']}"
"If a case is filed against you kasi pera ito, either pera na binulsa ninyo o hindi niyo ginamit o kung anong kabalastugan ang kagagawa ninyo sa pera, wika pa ng Pangulo.","If a case is filed against you kasi pera ito, either pera na binulsa ninyo o hindi niyo ginamit o kung anong kabalastugan ang ginawa ninyo sa pera, wika pa ng Pangulo.","If ag case is filed against you kasi pera ito, either pera na binulsa ninyo o hindi nido ginamit o kung anong babalantukan ang kagagawa ninyo sa pera, wika pa ng Pangulo.","['a', 'niyo', 'kabalastugan']","{'a': ['ab', 'ad', 'ag', 'ah', 'ak'], 'niyo': ['iyo', 'liyo', 'nido', 'nigo', 'nino'], 'kabalastugan': ['kabulastugan', 'kabulastugang', 'babalantukan', 'babalatuhan', 'kaalistuhan']}"
"Dahil hindi din nahulaan ng ikatlong pares na player na magkapatid na Claire at Alyssa ang pinapahulaang salita na ""Panda,"" sina Sandra at Pancake na naglaro sa jackpot round.","Dahil hindi rin nahulaan ng ikatlong pares na player na magkapatid na Claire at Alyssa ang pinapahulaang salita na ""Panda,"" sina Sandra at Pancake na naglaro sa jackpot round.","Dahil hindi rin nahulaan ng ikatlong pares na player na magkapatid na chaired at alyansa ang pinapadulasang salita na ""handa,"" sina bandera at pangako na naglaro sa jackpot round.","['Claire', 'Alyssa', 'pinapahulaang', 'Panda', 'Sandra', 'Pancake']","{'Claire': ['care', 'chair', 'chaired', 'chairs', 'clade'], 'Alyssa': ['alaska', 'alsa', 'alyansa', 'alyas', 'aakusa'], 'pinapahulaang': ['pinamahalaang', 'pinapabuyaang', 'pinapadulasang', 'pinapahalkang', 'pinapahugasang'], 'Panda': ['banda', 'ganda', 'handa', 'pagda', 'palda'], 'Sandra': ['sanda', 'banda', 'bandera', 'ganda', 'handa'], 'Pancake': ['panaka', 'pandak', 'pangako', 'panlaki', 'pansaka']}"
Hangad rin ni Padilla ang paggaling ni Kris sa pambihirang sakit nito na Eosinophilic Granulomatosis with Polyangiitis.,Hangad din ni Padilla ang paggaling ni Kris sa pambihirang sakit nito na Eosinophilic Granulomatosis with Polyangiitis.,Hangad din ni barilya ang paggaling ni Kris sa pambihirang sakit nito na hinihili graduates with pagtitis.,"['Parilla', 'Eosinophilic', 'Granulomatosis', 'Polyangiitis']","{'Parilla': ['parilya', 'barill', 'barilya', 'kabilla', 'pabigla'], 'Eosinophilic': ['ecinomic', 'ephilid', 'hinihili', 'hinihilis', 'homophobic'], 'Granulomatosis': ['automatic', 'automatik', 'graduates', 'granular', 'granules'], 'Polyangiitis': ['mangiitim', 'nangiitim', 'pagtitis', 'palinggitin', 'pampangiti']}"
"Ang balita ay inilabas ng mga ahensya, Miyerkules, matapos ang ""mahigpit"" na pagsusuri sa Chinese drug, na una nang hihindi inirekomenda ng FDA sa mga 60-anyos pataas at mga healthcare workers na exposed sa COVID-19.","Ang balita ay inilabas ng mga ahensya, Miyerkules, matapos ang ""mahigpit"" na pagsusuri sa Chinese drug, na una nang hindi inirekomenda ng FDA sa mga 60-anyos pataas at mga healthcare workers na exposed sa COVID-19.","Ang balita ay inilabas ng mga ahensya, Miyerkules, matapos ang ""mahigpit"" na pagsusuri sa Chinese drug, na una nang hihikbi inirekomenda ng FDA sa mga ag-anyos pataas at mga healthcare workers na exposed sa COVID-ag.","['hihindi', '60', '19']","{'hihindi': ['hihingi', 'hihibi', 'hihikbi', 'hihina', 'hihinay'], '60': ['ab', 'ad', 'ag', 'ah', 'ak'], '19': ['ab', 'ad', 'ag', 'ah', 'ak']}"
"Kris will always be special sa lahat nang tao na natulungan niya, sa mga kaibigan niya, at lalo na sa nagmamahal sa kanya.","Kris will always be special sa lahat ng tao na natulungan niya, sa mga kaibigan niya, at lalo na sa nagmamahal sa kanya.","Kris will always be special sa lahat nang tao na natulungan niya, sa mga kaibigan niya, at lalo na sa nagmamahal sa kanya.",[],{}
Matagal ng hinihintay ng mga staff ang pagkawala ng show niya.,Matagal nang hinihintay ng mga staff ang pagkawala ng show niya.,Matagal ng hinihintay ng mga staff ang pagkawala ng show niya.,[],{}
"Wika pa ng mambabatas, hindi ito makabubuti sa mental health ng mga empleyado at makakaapekto na din sa pakikiisa nila sa kanilang pamilya.","Wika pa ng mambabatas, hindi ito makabubuti sa mental health ng mga empleyado at makakaapekto na rin sa pakikiisa nila sa kanilang pamilya.","Wika pa ng mambabatas, hindi ito makabubuti sa mental health ng mga empleyado at makakaapekto na rin sa pakikiisa nila sa kanilang pamilya.",[],{}
Hindi magbibigay ng pahayag si Bangang.,Hindi nagbigay ng pahayag si Bangang.,Hindi magbibigay ng pahayag si Bangang.,[],{}
Sa Class 2 na sinakyan (buses at mga maliliit na trucks) at P8.00.,Sa Class 2 na sasakyan (buses at mga maliliit na trucks) at P8.00.,Sa Class d na sinakyan (buses at mga maliliit na trucks) at pa.ag.,"['2', 'P8', '00']","{'2': ['b', 'c', 'd', 'e', 'f'], 'P8': ['p', 'p3', 'pa', 'pg', 'ph'], '00': ['ab', 'ad', 'ag', 'ah', 'ak']}"
Ito raw ang dahilan kaya humahanap ng kapitan at kagawad ang mga sangkot sa gulo na humantong sa pananakit sa binatilyo.,Ito raw ang dahilan kaya hinanap ng kapitan at kagawad ang mga sangkot sa gulo na humantong sa pananakit sa binatilyo.,Ito raw ang dahilan kaya humahanap ng kapitan at kagawad ang mga sangkot sa gulo na humantong sa pananakit sa binatilyo.,[],{}
"Sabagay, mental exercise din at pang-alis boredom ito kaya siguro pinatulan ni Vice.","Sabagay, mental exercise rin at pang-alis boredom ito kaya siguro pinatulan ni Vice.","mabagay, mental exercise rin at pang-alis barado ito kaya siguro pinatulan ni Vice.","['Sabagay', 'boredom']","{'Sabagay': ['babagay', 'kabagay', 'mabagay', 'nabagay', 'babagal'], 'boredom': ['borador', 'koredor', 'barado', 'birador', 'bobeda']}"
"Nagbababala ang pamunuan ng Metropolitan Manila Development Authority (MMDA) sa mga nasa likod ng iligal na ""bentahan ng slots"" para sa COVID-19 vaccination, bagay na mauuwi raw sa paghimas ng rehas kung nagkataon.","Nagbabala ang pamunuan ng Metropolitan Manila Development Authority (MMDA) sa mga nasa likod ng iligal na ""bentahan ng slots"" para sa COVID-19 vaccination, bagay na mauuwi raw sa paghimas ng rehas kung nagkataon.","Nagbababala ang pamunuan ng Metropolitan Manila Development Authority (MMDA) sa mga nasa likod ng iligal na ""bentahan ng slots"" para sa COVID-ag vaccination, bagay na mauuwi raw sa paghimas ng rehas kung nagkataon.",['19'],"{'19': ['ab', 'ad', 'ag', 'ah', 'ak']}"
Binigyan ng Inter-Agency Task Force (IATF) ng ??green lghtl?? no ong Disyembre 15 ang mga national athletes na magbalik-ensayo sa loob ng ??bubble??.,Binigyan ng Inter-Agency Task Force (IATF) ng ??green lghtl?? noong Disyembre 15 ang mga national athletes na magbalik-ensayo sa loob ng ??bubble??.,Binigyan ng Inter-Agency Task Force (abf) ng ??green agata?? no ong Disyembre ag ang mga national athletes na magbalik-ensayo sa loob ng ??bubble??.,"['IATF', 'lghtl', '15']","{'IATF': ['aat', 'aato', 'abf', 'anf', 'at'], 'lghtl': ['light', 'lights', 'agata', 'agham', 'agit'], '15': ['ab', 'ad', 'ag', 'ah', 'ak']}"
"Pebrero 6nang magtala ng 33 active cases ang lungsod, subalit su mirit ito sa 99 noong Biyernes.","Pebrero 6nang magtala ng 33 active cases ang lungsod, subalit sumirit ito sa 99 noong Biyernes.","Pebrero nang magtala ng ad active cases ang lungsod, subalit su irit ito sa ag noong Biyernes.","['6nang', '33', 'mirit', '99']","{'6nang': ['anang', 'inang', 'nang', 'unang', 'aang'], '33': ['p3', 'ab', 'ad', 'ag', 'ah'], 'mirit': ['hirit', 'iirit', 'irit', 'lirit', 'merit'], '99': ['ab', 'ad', 'ag', 'ah', 'ak']}"
Ito ang sasabihin ni Sir Jose Manuel sa programa ni Karen Davila sa ANC kahapon.,Ito ang sinabi ni Sir Jose Manuel sa programa ni Karen Davila sa ANC kahapon.,Ito ang sasabihin ni gir joke cancel sa programa ni karon agila sa anf kahapon.,"['Sir', 'Jose', 'Manuel', 'Karen', 'Davila', 'ANC']","{'Sir': ['air', 'dir', 'gir', 'ser', 'si'], 'Jose': ['dose', 'hose', 'joke', 'lose', 'nose'], 'Manuel': ['mantel', 'manual', 'cancel', 'daniel', 'maniil'], 'Karen': ['kare', 'karent', 'karon', 'aamen', 'amen'], 'Davila': ['dakila', 'aalila', 'agila', 'alila', 'anila'], 'ANC': ['an', 'and', 'anf', 'ang', 'ani']}"
"Si Billy raw ay iho host ang dating programang napapanood sa TV5, ang The Wall: Philippines habang si Matteo ay may gagawin namang teleserye.","Si Billy raw ay iho-host ang dating programang napapanood sa TV5, ang The Wall: Philippines habang si Matteo ay may gagawin namang teleserye.","Si bills raw ay iho host ang dating programang napapanood sa ive, ang The Wall: Philippines habang si batter ay may gagawin namang teleserye.","['Billy', 'TV5', 'Matteo']","{'Billy': ['belly', 'bill', 'bills', 'biloy', 'bily'], 'TV5': ['tv', 'iva', 'ive', 'kv', 'lv'], 'Matteo': ['matter', 'ateo', 'batter', 'latto', 'magte']}"
"Samantala, kanselado na din ang nasa 135 biyahe ng Japan Airlines at All Nippon Airways kahapon bilang pag-iingat sa panganib ng super typhoon.","Samantala, kanselado na rin ang nasa 135 biyahe ng Japan Airlines at All Nippon Airways kahapon bilang pag-iingat sa panganib ng super typhoon.","Samantala, kanselado na rin ang nasa p75 biyahe ng aaman Airlines at All iniipon Airways kahapon bilang pag-iingat sa panganib ng super typhoon.","['135', 'Japan', 'Nippon']","{'135': ['p25', 'p3', 'p75', 'aag', 'aal'], 'Japan': ['apan', 'sapan', 'aaman', 'aapa', 'aapain'], 'Nippon': ['hipon', 'iipon', 'iniipon', 'inipon', 'ipon']}"
Ibinagi rin niya ang madamdaming caption-na nangakong maging best mom sa anak.,Ibinagi rin niya ang madamdaming caption na nangakong maging best mom sa anak.,Ibinagi rin niya ang maramdaming adaption-na nangakong maging best mom sa anak.,['caption'],"{'caption': ['caution', 'action', 'adaption', 'bastion', 'canton']}"
"Ilang saglit pa, nahilo na rin ang katabi niyang bata, na nanghina at tuluyang nawalan nang malay.","Ilang saglit pa, nahilo na rin ang katabi niyang bata, na nanghina at tuluyang nawalan ng malay.","Ilang saglit pa, nahilo na rin ang katabi niyang bata, na nanghina at tuluyang nawalan nang malay.",[],{}
Ayon naman kay Vice ay talagang iniiyakan pa ni Ion noon ang mga masasakit na salitang maririnig tungkol sa kanilang relasyon.,Ayon naman kay Vice ay talagang iniiyakan pa ni Ion noon ang mga masasakit na salitang naririnig tungkol sa kanilang relasyon.,Ayon naman kay Vice ay talagang iniiyakan pa ni dion noon ang mga masasakit na salitang maririnig tungkol sa kanilang relasyon.,['Ion'],"{'Ion': ['aon', 'con', 'dion', 'don', 'eon']}"
Labis na nagpasalamat sa Diyos si Go sa pagliligtas sa kanyang buhay sa pagsasabing maaaring hindi siya pinag-adya na mapahamak dahil sa mga misyon na kakailanganin pa niyang tuparin.,Labis na nagpasalamat sa Diyos si Go sa pagliligtas sa kanyang buhay sa pagsasabing maaaring hindi siya pinag-adya na mapahamak dahil sa mga misyon na kinakailangan pa niyang tuparin.,Labis na nagpasalamat sa diyosa si Go sa pagliligtas sa kanyang buhay sa pagsasabing maaaring hindi siya pinag-adya na mapahamak dahil sa mga misyon na kakailanganin pa niyang tuparin.,['Diyos'],"{'Diyos': ['diyas', 'diyes', 'diyosa', 'diyus', 'aayos']}"
"Giit pa niya, edited na ang mga kumakalat na video at hindi na isinama ang part kung saan binawi niya ang kanyang sinabi af humingi siya ng tawad sa mga na offend sa tinuran niya.","Giit pa niya, edited na ang mga kumakalat na video at hindi na isinama ang part kung saan binawi niya ang kanyang sinabi af humingi siya ng tawad sa mga na-offend sa tinuran niya.","Giit pa niya, edited na ang mga kumakalat na video at hindi na isinama ang part kung saan binawi niya ang kanyang sinabi ad humingi siya ng tawad sa mga na offend sa tinuran niya.",['af'],"{'af': ['ab', 'abf', 'ad', 'ag', 'ah']}"
Hindi napipigilan ni Manilyn Reynes na maging emotional kapag napapag usapan ang kanyang amang namayapa.,Hindi napipigilan ni Manilyn Reynes na maging emotional kapag napapag-usapan ang kanyang amang namayapa.,Hindi napipigilan ni anilyo rene na maging emotional kapag napapag usapan ang kanyang amang namayapa.,"['Manilyn', 'Reynes']","{'Manilyn': ['manilya', 'anilan', 'anilyo', 'banilya', 'kanilya'], 'Reynes': ['eyes', 'genes', 'rene', 'renew', 'reyna']}"
Hindi ko lang nagugustuhan yung nasusulat na P2.8M.,Hindi ko lang nagustuhan yung nasusulat na P2.8M.,Hindi ko lang nagugustuhan yung nasusulat na p3.im.,"['P2', '8M']","{'P2': ['p', 'p25', 'p3', 'pa', 'pg'], '8M': ['am', 'em', 'im', 'km', 'm']}"
"Love boxes ang ipinamahagi nung Kapaskuhan ni Gretchen, ngayon naman ay truck-truck na bigas para sa mga frontliners ang ipinadadala niya, meron rin siyang ibinibigay na tulong-pampinansiyal sa maraming ospital.","Love boxes ang ipinamahagi nung Kapaskuhan ni Gretchen, ngayon naman ay truck-truck na bigas para sa mga frontliners ang ipinadadala niya, meron din siyang ibinibigay na tulong-pampinansiyal sa maraming ospital.","Love boxes ang ipinamahagi nung Kapaskuhan ni fetched, ngayon naman ay truck-truck na bigas para sa mga frontliners ang ipinadadala niya, meron din siyang ibinibigay na tulong-pampinansiyal sa maraming ospital.",['Gretchen'],"{'Gretchen': ['breacher', 'breaches', 'fetched', 'glitches', 'green']}"
"Ayon sa pangulo ng Pwersa ng Masang Pilipino, ang unemployment insurance ay matagal nang gawa sa ibang bansa.","Ayon sa pangulo ng Pwersa ng Masang Pilipino, ang unemployment insurance ay matagal nang ginagawa sa ibang bansa.","Ayon sa pangulo ng Pwersa ng mas ang Pilipino, ang unemployment insurance ay matagal nang gawa sa ibang bansa.",[],{}
"(rpmd) sa pamumuno ni Dr. Paul Martinez, muling nakapagtala si Quezon City Mayor Joy Belmonte ng malaking porsiyento kumpara sa kanyang mga posibleng makatunggali sa-darating na halalan.","(RPMD) sa pamumuno ni Dr. Paul Martinez, muling nakapagtala si Quezon City Mayor Joy Belmonte ng malaking porsiyento kumpara sa kanyang mga posibleng makatunggali sa darating na halalan.","(apid) sa pamumuno ni da. Paul margine, muling nakapagtala si Quezon City Mayor job bente ng malaking porsiyento kumpara sa kanyang mga posibleng makatunggali sa-darating na halalan.","['rpmd', 'Dr', 'Martinez', 'Joy', 'Belmonte']","{'rpmd': ['amd', 'apad', 'apid', 'ipad', 'ipod'], 'Dr': ['ar', 'd', 'da', 'de', 'der'], 'Martinez': ['martines', 'maitines', 'margine', 'margines', 'marine'], 'Joy': ['boy', 'jay', 'job', 'koy', 'noy'], 'Belmonte': ['beinte', 'belong', 'bente', 'bolante', 'bulante']}"
Sana nga ay pag-usapan rin ang tungkol sa movie industry ng lahat ng mga presidentiable.,Sana nga ay pag-usapan din ang tungkol sa movie industry ng lahat ng mga presidentiable.,Sana nga ay pag-usapan din ang tungkol sa movie industry ng lahat ng mga presidentiable.,[],{}
"Ayon rin noon sa DOH, marami noong residente ng isla ang may sobra nang taglay na zinc at copper sa katawan matapos ang aksidente.","Ayon din noon sa DOH, marami noong residente ng isla ang may sobra nang taglay na zinc at copper sa katawan matapos ang aksidente.","Ayon din noon sa DOH, marami noong residente ng isla ang may sobra nang taglay na zinc at copper sa katawan matapos ang aksidente.",[],{}
"Sariaya, Quezon, Philippines ?? Dahil sa matinding selos, pinagsasaksak hanggang sa mapatay ang isang ginang ng kanyang live-in partner samantalang namatay din ang suspek nang barilin ng kapatid ng biktima kamakalawa ng madaling araw sa Sitio Duluhan, Barangay Manggalang 1 sa bayang ito.","Sariaya, Quezon, Philippines ?? Dahil sa matinding selos, pinagsasaksak hanggang sa mapatay ang isang ginang ng kanyang live-in partner samantalang namatay rin ang suspek nang barilin ng kapatid ng biktima kamakalawa ng madaling araw sa Sitio Duluhan, Barangay Manggalang 1 sa bayang ito.","haraya, Quezon, Philippines ?? Dahil sa matinding selos, pinagsasaksak hanggang sa mapatay ang isang ginang ng kanyang live-in partner samantalang namatay rin ang suspek nang barilin ng kapatid ng biktima kamakalawa ng maraling araw sa Sitio Duluhan, Barangay manggaling d sa bayang ito.","['Sariaya', 'Manggalang', '1']","{'Sariaya': ['barilya', 'bariya', 'haraya', 'maraya', 'paraya'], 'Manggalang': ['maggalang', 'manggahang', 'manggaling', 'manggapang', 'manggawang'], '1': ['b', 'c', 'd', 'e', 'f']}"
Ikinatwiran ng en banc na wala namang iprinisinta na bagong ebidensya o-mga isyu ang mga petitioner para makumbinsi sila na baligtarin ang unang desisyon ng First Division.,Ikinatwiran ng en banc na wala namang iprinisinta na bagong ebidensya o mga isyu ang mga petitioner para makumbinsi sila na baligtarin ang unang desisyon ng First Division.,Ikinatwiran ng en banc na wala namang iprinisinta na bagong ebidensya o-mga isyu ang mga petitioner para makumbinsi sila na baligtarin ang unang desisyon ng First Division.,[],{}
Ang daddy raw niya ang unang nagpasok sa kanya sa pag-aartista nung hindi raw sumipot ang batang talent bale anak ng pamilya ni Maureen Hultman.,Ang daddy raw niya ang unang nagpasok sa kanya sa pag-aartista nung hindi raw sumipot ang batang talent na bale anak ng pamilya ni Maureen Hultman.,Ang buddy raw niya ang unang nagpasok sa kanya sa pag-aartista nung hindi raw sumipot ang batang talent bale anak ng pamilya ni airmen hitman.,"['daddy', 'Maureen', 'Hultman']","{'daddy': ['add', 'andy', 'buddy', 'candy', 'dad'], 'Maureen': ['marhen', 'agree', 'airmen', 'bargen', 'burden'], 'Hultman': ['gulaman', 'halaman', 'hitman', 'hukuman', 'hulaan']}"
Wala ring aparato na gamit si Jorge pero kaya raw niyang alamin ang sakit ng isang tao gamit lang ang kandila at papel.,Wala ring aparato na ginagamit si Jorge pero kaya raw niyang alamin ang sakit ng isang tao gamit lang ang kandila at papel.,Wala ring aparato na gamit si borne pero kaya raw niyang alamin ang sakit ng isang tao gamit lang ang kandila at papel.,['Jorge'],"{'Jorge': ['morge', 'barge', 'borne', 'core', 'dorga']}"
Binigyang diin ni Salceda na ang??AmBisyon Natin 2040??ay sadyang kinailangan bilang solusyon sa mga hamong dulot ng sistema sa pulitika ng bansa kung saan limitado ang termino ng Pangulo sa anim na taon lamang kaya dapat na matugunan ito ng ??long-term planning?? o higit na matagal na balangkas at malinaw na pananaw sa ??socioeconomic development??.,Binigyang diin ni Salceda na ang??AmBisyon Natin 2040??ay sadyang kailangan bilang solusyon sa mga hamong dulot ng sistema sa pulitika ng bansa kung saan limitado ang termino ng Pangulo sa anim na taon lamang kaya dapat na matugunan ito ng ??long-term planning?? o higit na matagal na balangkas at malinaw na pananaw sa ??socioeconomic development??.,Binigyang diin ni amyeda na ang??AmBisyon Natin aako??ay sadyang kinailangan bilang solusyon sa mga hamong dulot ng sistema sa pulitika ng bansa kung saan limitado ang termino ng Pangulo sa anim na taon lamang kaya dapat na matugunan ito ng ??long-term planning?? o higit na matagal na balangkas at malinaw na pananaw sa ??socioeconomic development??.,"['Salceda', '2040']","{'Salceda': ['salida', 'salted', 'amyeda', 'balada', 'balda'], '2040': ['aaba', 'aag', 'aako', 'aal', 'aala']}"
"Anyway, yan at marami pang iba ang mag-uusap sa episode 123 ng Take It...","Anyway, yan at marami pang iba ang pinag-usapan sa episode 123 ng Take It...","anay, yan at marami pang iba ang mag-uusap sa episode aag ng Take It...","['Anyway', '123']","{'Anyway': ['anyay', 'aaway', 'anay', 'anilay', 'aniyay'], '123': ['p25', 'p3', 'aag', 'aal', 'aam']}"
"Anyway, kung umakyat sa alert level 4, malamang magsara na naman ang mga sinehan dahil kahapon ay all time high na 26,458 new cases.","Anyway, kung aakyat sa alert level 4, malamang magsara na naman ang mga sinehan dahil kahapon ay all time high na 26,458 new cases.","anay, kung umakyat sa alert level d, malamang magsara na naman ang mga sinehan dahil kahapon ay all time high na ag,aal new cases.","['Anyway', '4', '26', '458']","{'Anyway': ['anyay', 'aaway', 'anay', 'anilay', 'aniyay'], '4': ['b', 'c', 'd', 'e', 'f'], '26': ['ab', 'ad', 'ag', 'ah', 'ak'], '458': ['p57', 'aag', 'aal', 'aam', 'aat']}"
Kami po ang dapat magpasalamat inyong lahat dahil binigyan nyo po kami ng pagkakataon na makapagserbisyo sa inyo...,Kami po ang dapat magpasalamat sa inyong lahat dahil binigyan nyo po kami ng pagkakataon na makapagserbisyo sa inyo...,Kami po ang dapat magpasalamat inyong lahat dahil binigyan nyo po kami ng pagkakataon na makapagserbisyo sa inyo...,[],{}
Isa sa pinaka generous na tao na nakilala ko si Dra.,Isa sa pinaka-generous na tao na nakilala ko si Dra.,Isa sa pinaka dangerous na tao na nakilala ko si dara.,"['generous', 'Dra']","{'generous': ['generals', 'cancerous', 'dangerous', 'enero', 'gaseous'], 'Dra': ['bra', 'da', 'dara', 'dira', 'drag']}"
Patuloy na inalam ang pagkakakilanlan ng mga magulang ng sanggol na posibleng nag-iwan sa kaniya sa lugar.,Patuloy na inaalam ang pagkakakilanlan ng mga magulang ng sanggol na posibleng nag-iwan sa kaniya sa lugar.,Patuloy na inalam ang pagkakakilanlan ng mga magulang ng sanggol na posibleng nag-iwan sa kaniya sa lugar.,[],{}
"Ang basic needs nila, hindi pa din nila nairaraos, paano na ang pambili nila ng gamot?","Ang basic needs nila, hindi pa rin nila nairaraos, paano na ang pambili nila ng gamot?","Ang basic needs nila, hindi pa rin nila maidaraos, paano na ang pambili nila ng gamot?",['nairaraos'],"{'nairaraos': ['iraraos', 'kararaos', 'maidaraos', 'nagdaraos', 'nairaos']}"
"Marso 2022 lang rin nang igiit ng kanyang karibal sa pagkapangulo na si Bise Presidente Leni Robredo na ise-""certify as urgent"" niya ang pagbubuwag sa kontraktwalisasyon.","Marso 2022 lang din nang igiit ng kanyang karibal sa pagkapangulo na si Bise Presidente Leni Robredo na ise-""certify as urgent"" niya ang pagbubuwag sa kontraktwalisasyon.","Marso aag lang din nang igiit ng kanyang karibal sa pagkapangulo na si Bise Presidente aani Robredo na ise-""certify as urgent"" niya ang pagbubuwag sa kontraktwalisasyon.","['2022', 'Leni']","{'2022': ['p25', 'aaba', 'aag', 'aako', 'aal'], 'Leni': ['lend', 'lens', 'aani', 'aleng', 'ani']}"
"Nakapagtala ang HongKong ng 11,600 kaso at 209 deaths deaths.","Nakapagtala ang HongKong ng 11,600 kaso at 209 deaths.","Nakapagtala ang gonggong ng ag,aam kaso at aam deaths deaths.","['HongKong', '11', '600', '209']","{'HongKong': ['bangkong', 'bongbong', 'gonggong', 'hangong', 'hingukong'], '11': ['ab', 'ad', 'ag', 'ah', 'ak'], '600': ['aag', 'aal', 'aam', 'aat', 'aaw'], '209': ['aag', 'aal', 'aam', 'aat', 'aaw']}"
Napangsin ang post ng kaibigan ng biktima at positibong kinilala ang ninakaw na speaker sa makakabit sa motorsiklo.,Ngunit napangsin ang post ng kaibigan ng biktima at positibong kinilala ang ninakaw na speaker sa makakabit sa motorsiklo.,kapansin ang post ng kaibigan ng biktima at positibong kinilala ang ninakaw na speaker sa makalabit sa motorsiklo.,"['Napangsin', 'makakabit']","{'Napangsin': ['napansin', 'gapangin', 'kapansin', 'lapangin', 'mapansin'], 'makakabit': ['magkakabit', 'makakamit', 'makalabit', 'nakakabit', 'ikakabit']}"
"Bukod sa kulong, pagmumultahin rin ng mula P1 milyon hanggang P3 milyon.","Bukod sa kulong, pagmumultahin din ng mula P1 milyon hanggang P3 milyon.","Bukod sa kulong, pagmumultahin din ng mula pa milyon hanggang P3 milyon.",['P1'],"{'P1': ['p', 'p3', 'pa', 'pg', 'ph']}"
"Siyempre, maingat pa rin na hindi naman nila ginawa ang isang intimate scene just because.","Siyempre, maingat pa rin na hindi naman nila gagawin ang isang intimate scene just because.","Siyempre, maingat pa rin na hindi naman nila ginawa ang isang intimate scene just because.",[],{}
Makikita sa parteng likod ng bahay ang butas na dinadaanan ng suspek.,Makikita sa parteng likod ng bahay ang butas na dinaanan ng suspek.,Makikita sa parteng likod ng bahay ang butas na dinadaanan ng suspek.,[],{}
"Maliban sa apat na ginto, humirit rin ang Pinoy kickboxing team ng isang pilak at anim na tanso.","Maliban sa apat na ginto, humirit din ang Pinoy kickboxing team ng isang pilak at anim na tanso.","Maliban sa apat na ginto, humirit din ang Pinoy kickboxing team ng isang pilak at anim na tanso.",[],{}
"Kaya naman posibleng sa sumusunod na rookie draft na lamang makapagpartisipa sina Brickman, Ganuelas-Rosser at Gray.","Kaya naman posibleng sa susunod na rookie draft na lamang makapagpartisipa sina Brickman, Ganuelas-Rosser at Gray.","Kaya naman posibleng sa sumusunod na rookie draft na lamang magpartisipa sina bigman, galas-crossed at Gray.","['makapagpartisipa', 'Brickman', 'Ganuelas', 'Rosser']","{'makapagpartisipa': ['nakipagpartisipa', 'magpapartisipa', 'magpartisipa', 'makapagpalista', 'makapagprisinta'], 'Brickman': ['truckman', 'barikan', 'bigman', 'brick', 'bricks'], 'Ganuelas': ['anunas', 'binulas', 'galas', 'galyetas', 'ganunman'], 'Rosser': ['roster', 'botser', 'crossed', 'dresser', 'foster']}"
"Pero para sa isang doktor na kritiko ng proseso, wala pang nadidiskubre sa ngayon na paraan para ma-revive ang mga naka-preserve na katawan, at wala pang katiyakan na na magkakaroon nito sa hinaharap.","Pero para sa isang doktor na kritiko ng proseso, wala pang nadidiskubre sa ngayon na paraan para ma-revive ang mga naka-preserve na katawan, at wala pang katiyakan na magkakaroon nito sa hinaharap.","Pero para sa isang doktor na kritiko ng proseso, wala pang nadidiskubri sa ngayon na paraan para ma-revive ang mga naka-preserve na katawan, at wala pang katiyakan na na magkakaroon nito sa hinaharap.",['naridiskubre'],"{'naridiskubre': ['nadidiskubre', 'madidiskubre', 'nadidiskubri', 'nadiskubre', 'nakadiskubre']}"
Pinapakita umano ito na wala silang idineklarang kita.,Nagpapakita umano ito na wala silang idineklarang kita.,Pinapakita umano ito na wala silang idinekalarang kita.,['irineklarang'],"{'irineklarang': ['idineklarang', 'ideneklarang', 'idinekalarang', 'idineklamang', 'idineklaranng']}"
"Ayon pa sa alkalde, ang hakbang ay hindi lamang makatitiyak ng balanced diet sa mga bata kundi malaking katipiran rin ito sa bahagi ng mga mag-aaral dahil mas mahal ang bumili ng lutong pagkain sa labas.","Ayon pa sa alkalde, ang hakbang ay hindi lamang makatitiyak ng balanced diet sa mga bata kundi malaking katipiran din ito sa bahagi ng mga mag-aaral dahil mas mahal ang bumili ng lutong pagkain sa labas.","Ayon pa sa alkalde, ang hakbang ay hindi lamang makatitiyak ng balanced diet sa mga bata kundi malaking katipiran din ito sa bahagi ng mga mag-aaral dahil mas mahal ang bumili ng lutong pagkain sa labas.",[],{}
Agad din nag-organisa ang Marikina LGU nang Bayanihan Mode sa tulong ng mga Marike?ño volunteers na nagtrabaho ng dalisay at tapat para maibigay sa mga residente ang kanilang ??essential needs?.,Agad din nag-organisa ang Marikina LGU ng Bayanihan Mode sa tulong ng mga Marike?ño volunteers na nagtrabaho ng dalisay at tapat para maibigay sa mga residente ang kanilang ??essential needs?.,Agad din nag-organisa ang mahihina aga nang Bayanihan Mode sa tulong ng mga mahika?co volunteers na nagtrabaho ng dalisay at tapat para maibigay sa mga residente ang kanilang ??essential needs?.,"['Marikina', 'LGU', 'Marike', 'ño']","{'Marikina': ['barikin', 'bariking', 'mahihina', 'makikini', 'makikita'], 'LGU': ['lgus', 'ag', 'aga', 'age', 'ago'], 'Marike': ['marine', 'barik', 'mahika', 'maide', 'maik'], 'ño': ['ao', 'bo', 'co', 'do', 'go']}"
Pinaka problem nga namin ni Rambo ay yung kailangan ko unahin yung career ko.,Pinaka-problem nga namin ni Rambo ay yung kailangan ko unahin yung career ko.,Pinaka problem nga namin ni lambo ay yung kailangan ko unahin yung career ko.,['Rambo'],"{'Rambo': ['bambo', 'hambo', 'lambo', 'pambo', 'rambol']}"
So doon pa lang malaki na yung advantage pero tingin ko yung clincher talaga yung materyal saka role ng lahat ng character lalo na yung role ni Ate Guy.,So roon pa lang malaki na yung advantage pero tingin ko yung clincher talaga yung materyal saka role ng lahat ng character lalo na yung role ni Ate Guy.,So doon pa lang malaki na yung advantage pero tingin ko yung cylinder talaga yung materyal saka role ng lahat ng character lalo na yung role ni Ate Guy.,['clincher'],"{'clincher': ['blinker', 'cancer', 'cylinder', 'glitches', 'inches']}"
Nabatid-na ang naturang shipment ay nagmula sa Nigeria at idineklara bilang ??food stuff?.,Nabatid na ang naturang shipment ay nagmula sa Nigeria at idineklara bilang ??food stuff?.,Nabatid-na ang naturang shipment ay nagmula sa bateria at ideneklara bilang ??food stuff?.,"['Nigeria', 'irineklara']","{'Nigeria': ['igera', 'aberia', 'bateria', 'criteria', 'digri'], 'irineklara': ['idineklara', 'dineklara', 'ideneklara', 'idideklara', 'idinekara']}"
Kung tiningnan niyo napakaganda kasi corporate ang look niya eh.,Kung titingnan niyo napakaganda kasi corporate ang look niya eh.,Kung tiningnan nido napakaganda kasi corporate ang look niya eh.,['niyo'],"{'niyo': ['iyo', 'liyo', 'nido', 'nigo', 'nino']}"
"Sobra ang kaniyang pasasalamat sa P100,000 na kaniyang napanalunan dahil gagamitin raw niya ito sa negosyo.","Sobra ang kaniyang pasasalamat sa P100,000 na kaniyang napanalunan dahil gagamitin daw niya ito sa negosyo.","Sobra ang kaniyang pasasalamat sa p3,aam na kaniyang napanalunan dahil gagamitin daw niya ito sa negosyo.","['P100', '000']","{'P100': ['p', 'p25', 'p3', 'p57', 'p75'], '000': ['aag', 'aal', 'aam', 'aat', 'aaw']}"
"Pero in fairness ha, parehong karapat dapat sila base sa experience nila at ipinakitang trabaho.","Pero in fairness ha, parehong karapat-dapat sila base sa experience nila at ipinakitang trabaho.","Pero in fairness da, parehong karapat dapat sila base sa experience nila at ipinakitang trabaho.",['ha'],"{'ha': ['ba', 'cha', 'da', 'ga', 'h']}"
"Sa nalalapit na election fever, magiging panahon na din ito sa performers na madalas na nakakaraket sa campaign period.","Sa nalalapit na election fever, magiging panahon na rin ito sa performers na madalas na nakakaraket sa campaign period.","Sa nalalapit na election fever, magiging panahon na rin ito sa performers na mamalas na nakakatakot sa campaign period.","['maralas', 'nakakaraket']","{'maralas': ['madalas', 'makalas', 'mamalas', 'marahas', 'maranas'], 'nakakaraket': ['nakakaakit', 'nakakasakit', 'nakakatakot', 'makakaakit', 'makakasakit']}"
Ibinibigay ko lahat sa asawa ko.,Ibinigay ko lahat sa asawa ko.,Ibinibigay ko lahat sa asawa ko.,[],{}
Bahagya namang umakyat sa 92 ang death toll rate ng PNP matapos maitala ang isang-bagong nasawi kahapon.,Bahagya namang umakyat sa 92 ang death toll rate ng PNP matapos maitala ang isang bagong nasawi kahapon.,Bahagya namang umakyat sa ag ang death toll rate ng pdp matapos maitala ang isang-bagong nasawi kahapon.,"['92', 'PNP']","{'92': ['ab', 'ad', 'ag', 'ah', 'ak'], 'PNP': ['lpnp', 'pap', 'pdp', 'pep', 'png']}"
"Mahirap na part noong nangyari ang lockdown all over the world, di namin aalamin ang gagawin, kung ano ang next move.","Mahirap na part noong nangyari ang lockdown all over the world, di namin alam ang gagawin, kung ano ang next move.","Mahirap na part noong nangyari ang lockdown all over the world, di namin aalamin ang gagawin, kung ano ang next move.",[],{}
"China pala may-ari ng lahat ng panda sa buong mundo, even the ones in the zoos,"" paliwanag ni Mars Iya Villania sa segment na Talaga Ba Mars?","China pala ang may-ari ng lahat ng panda sa buong mundo, even the ones in the zoos,"" paliwanag ni Mars Iya Villania sa segment na Talaga Ba Mars?","China pala may-ari ng lahat ng handa sa buong mundo, even the ones in the agos,"" paliwanag ni mags giya kilalanin sa segment na Talaga Ba mags?","['panda', 'zoos', 'Mars', 'Iya', 'Villania', 'Mars']","{'panda': ['banda', 'ganda', 'handa', 'pagda', 'palda'], 'zoos': ['zoo', 'zoom', 'agos', 'amos', 'anos'], 'Mars': ['bars', 'cars', 'mags', 'mais', 'maks'], 'Iya': ['aya', 'biya', 'giya', 'hiya', 'ia'], 'Villania': ['hilbana', 'illan', 'kilalanin', 'litania', 'nilalanta']}"
"??Hindi po natin hahayaang dumanak ang karahasan lalo nat bubuhayin ng aking pamilya ang nakataya sa usaping ito,? ayon sa kanyang pahayag.","??Hindi po natin hahayaang dumanak ang karahasan lalo nat buhay ng aking pamilya ang nakataya sa usaping ito,? ayon sa kanyang pahayag.","??Hindi po natin hahayaang dumanak ang karahasan lalo nat bubuhayin ng aking pamilya ang nakataya sa usaping ito,? ayon sa kanyang pahayag.",[],{}
"Nagdadala kami ng pagkain, tapos tsinelas.","Nagdala kami ng pagkain, tapos tsinelas.","Nagdadala kami ng pagkain, tapos tsinelas.",[],{}
Hindi din dapat nagkakaroon ng insecurity ang isang artista para kay Toni.,Hindi rin dapat nagkakaroon ng insecurity ang isang artista para kay Toni.,Hindi rin dapat nagkakaroon ng insecurity ang isang artista para kay tone.,['Toni'],"{'Toni': ['tini', 'ton', 'tone', 'tong', 'tono']}"
Nag-pursige kami ng The Gigi Vibes band na gumawa sariling songs.,Nag-pursige kami ng The Gigi Vibes band na gumawa ng sariling songs.,Nag-purse kami ng The Gigi Vibes band na gumawa sariling songs.,['pursige'],"{'pursige': ['ipursige', 'bursigi', 'purse', 'pursue', 'airside']}"
"Cavite, Philippines ?? Arestado ang isang hinihinalang drug dealer matapos magdeliver ng nasa P1.3.","Cavite, Philippines ?? Arestado ang isang hinihinalang drug dealer matapos mag-deliver ng nasa P1.3.","Cavite, Philippines ?? Arestado ang isang hinihinalang drug dealer matapos magdeliver ng nasa pa.d.","['P1', '3']","{'P1': ['p', 'p3', 'pa', 'pg', 'ph'], '3': ['b', 'c', 'd', 'e', 'f']}"
"Kapag may may show, pag may, pelikula may pera, pahayag niya.","Kapag may show, pag may, pelikula may pera, pahayag niya.","Kapag may may show, pag may, pelikula may pera, pahayag niya.",[],{}
"Kinakagat daw ng mga aso ang ahas pero sa kasamaang-palad ay natuklaw sila na naging sanhi ng kanilang pagkamatay kalaunanKBK, GMA Integrated News.","Kinagat daw ng mga aso ang ahas pero sa kasamaang-palad ay natuklaw sila na naging sanhi ng kanilang pagkamatay kalaunanKBK, GMA Integrated News.","Kinakagat daw ng mga aso ang ahas pero sa kasamaang-palad ay natuklaw sila na naging sanhi ng kanilang pagkamatay kalaanan, gia Integrated News.","['kalaunanKBK', 'GMA']","{'kalaunanKBK': ['kalaunan', 'kalaunang', 'kalaanan', 'kalaanang', 'kalamnan'], 'GMA': ['ama', 'ga', 'gia', 'goma', 'gra']}"
"Sa ulat ng GMA News ""Unang Balita"" nitong Miyerkules, nagsabi ng mga eksperto na ang liyama at iba pang kabilang sa ""camel"" family ay may kakayahang gumawa ng bersiyon ng antibodies na puwede raw ipangdagdag sa bakuna ng mga tao na mahina ang immune system.","Sa ulat ng GMA News ""Unang Balita"" nitong Miyerkules, sinabi ng mga eksperto na ang liyama at iba pang kabilang sa ""camel"" family ay may kakayahang gumawa ng bersiyon ng antibodies na puwede raw ipangdagdag sa bakuna ng mga tao na mahina ang immune system.","Sa ulat ng gia News ""Unang Balita"" nitong Miyerkules, nagsabi ng mga eksperto na ang dinama at iba pang kabilang sa ""aamen"" family ay may kakayahang gumawa ng bersiyon ng antibodies na puwede raw pagdagdag sa bakuna ng mga tao na mahina ang immune system.","['GMA', 'liyama', 'camel', 'ipangdagdag']","{'GMA': ['ama', 'ga', 'gia', 'goma', 'gra'], 'liyama': ['biyada', 'biyaya', 'dinama', 'diyam', 'diyana'], 'camel': ['came', 'kamel', 'aamen', 'aamil', 'amen'], 'ipangdagdag': ['pangdagdag', 'idagdagdag', 'pagdagdag', 'pandagdag', 'idadagdag']}"
Naglong drive si Lola Eva at ang mister niyang si Michael mula sa San Diego para mapanood si Janine.,Nag-long drive si Lola Eva at ang mister niyang si Michael mula sa San Diego para mapanood si Janine.,aagdong drive si Lola evap at ang mister niyang si Michael mula sa San dedo para mapanood si aaning.,"['Naglong', 'Eva', 'Diego', 'Janine']","{'Naglong': ['nagulong', 'naylong', 'aagdong', 'aalong', 'agdong'], 'Eva': ['era', 'eta', 'evap', 'iva', 'va'], 'Diego': ['bigo', 'bingo', 'dedo', 'demo', 'deo'], 'Janine': ['canine', 'janice', 'aaning', 'aning', 'anino']}"
"Paliwanag ni Jennylyn, wala namang mawawala kung susundin ang tradisyunal na paraan ng pagaalaga kahit pa ang iba ay itinuturing na pamahiin.","Paliwanag ni Jennylyn, wala namang mawawala kung susundin ang tradisyunal na paraan ng pag-aalaga kahit pa ang iba ay itinuturing na pamahiin.","Paliwanag ni jointly, wala namang mawawala kung susundin ang tradisyunal na paraan ng ipapaalaga kahit pa ang iba ay itinuturing na pamahiin.","['Jennylyn', 'pagaalaga']","{'Jennylyn': ['jeeney', 'jepneys', 'jointly', 'keenly', 'naylon'], 'pagaalaga': ['pagtalaga', 'tagaalaga', 'ipapaalaga', 'magdalaga', 'maghalaga']}"
"Taliwas sa paniniwala ng ilan, hindi dapat mariin na hinihilod ang mga siko at tu hod.","Taliwas sa paniniwala ng ilan, hindi dapat mariin na hinihilod ang mga siko at tuhod.","Taliwas sa paniniwala ng ilan, hindi dapat mariin na hinihilod ang mga siko at tu hoc.",['hod'],"{'hod': ['had', 'ho', 'hoc', 'hog', 'hold']}"
"Kasi, baka medyo nada-down kami, baka naiinip kami dahil matagal na magstart yung show, pahayag ni Miguel na gumaganap bilang si Steve sa Voltes V.","Kasi, baka medyo nada-down kami, baka naiinip kami dahil matagal na mag-start yung show, pahayag ni Miguel na gumaganap bilang si Steve sa Voltes V.","Kasi, baka medyo nara-down kami, baka naiinip kami dahil matagal na magstart yung show, pahayag ni bigtal na gumaganap bilang si scene sa hostes V.","['Miguel', 'Steve', 'Voltes']","{'Miguel': ['pigue', 'anghel', 'bigtal', 'biguin', 'biofuel'], 'Steve': ['stove', 'leve', 'scene', 'see', 'serve'], 'Voltes': ['votes', 'holes', 'hostes', 'notes', 'roles']}"
"Sa tulong din aniya nito, mahahadlangan na magkaroon ng mga pre registratered na SIM cards, na ipagbibili sa iba.","Sa tulong din aniya nito, mahahadlangan na magkaroon ng mga pre-registratered na SIM cards, na ipagbibili sa iba.","Sa tulong din aniya nito, mahahadlangan na magkaroon ng mga pre registratered na SIM cards, na ipagbibili sa iba.",[],{}
"Ayon sa pulisya, minamaneho ni Maniebo ang isang Nmax motorcycle at nakaangkas ang kalive in at binabagtas ang barangay ro ad nang salpukin ng hindi natukoy na uri ng sasakyan dakong alas-8:00 ng gabi.","Ayon sa pulisya, minamaneho ni Maniebo ang isang Nmax motorcycle at nakaangkas ang kalive in at binabagtas ang barangay road nang salpukin ng hindi natukoy na uri ng sasakyan dakong alas-8:00 ng gabi.","Ayon sa pulisya, minamaneho ni maneho ang isang ama motorcycle at nakaangkas ang kalive in at binabagtas ang barangay ro ad nang salpukin ng hindi natukoy na uri ng sasakyan dakong alas-d:ag ng gabi.","['Maniebo', 'Nmax', '8', '00']","{'Maniebo': ['magniebe', 'mahibo', 'maneho', 'manigo', 'maniko'], 'Nmax': ['max', 'nman', 'ama', 'amag', 'amak'], '8': ['b', 'c', 'd', 'e', 'f'], '00': ['ab', 'ad', 'ag', 'ah', 'ak']}"
"May shooting break sila, at papag-usapan tungkol sa susunod na eksenang kukunan.","May shooting break sila, at nag-uusap tungkol sa susunod na eksenang kukunan.","May shooting break sila, at papag-usapan tungkol sa susunod na eksenang kukunan.",[],{}
"Col. William Angway, chief of police ng Sariaya, alas-9:00 ng umaga nang dumating sa Zafari Beach Resort ang mga biktima at iba pa nilang mga kaanak doon magdaos ng outing o swimming.","Col. William Angway, chief of police ng Sariaya, alas-9:00 ng umaga nang dumating sa Zafari Beach Resort ang mga biktima at iba pa nilang mga kaanak upang doon magdaos ng outing o swimming.","Col. billing aagwat, chief of police ng haraya, alas-d:ag ng umaga nang dumating sa gayari Beach Resort ang mga biktima at iba pa nilang mga kaanak doon magdaos ng outing o swimming.","['William', 'Angway', 'Sariaya', '9', '00', 'Zafari']","{'William': ['willing', 'billiard', 'billing', 'billion', 'dilim'], 'Angway': ['langway', 'tangway', 'aagwat', 'aaway', 'agay'], 'Sariaya': ['barilya', 'bariya', 'haraya', 'maraya', 'paraya'], '9': ['b', 'c', 'd', 'e', 'f'], '00': ['ab', 'ad', 'ag', 'ah', 'ak'], 'Zafari': ['aaari', 'aari', 'gayari', 'lagari', 'maaari']}"
"Mula sa bahay, nakamotor siya at roon na siya sinabayan ng mga bumaril at dito naabutan sa Barangay Lasip.","Mula sa bahay, nakamotor siya at doon na siya sinabayan ng mga bumaril at dito naabutan sa Barangay Lasip.","Mula sa bahay, kakamot siya at roon na siya sinabayan ng mga bumaril at dito naabutan sa Barangay lasap.","['nakamotor', 'Lasip']","{'nakamotor': ['nakaboto', 'nakamonitor', 'kakamot', 'magmotor', 'makaboto'], 'Lasip': ['lakip', 'lanip', 'lasap', 'lasi', 'aasim']}"
"Bagong kotseng Toyota Alphard ang gamit ngayon ng isang magandang aktres, na ikinataas ng kilay ng mga tsismosa dahil nakakaduda daw kung bakit nakabili siya ng ganun kamahal na sasakyan.","Bagong kotseng Toyota Alphard ang gamit ngayon ng isang magandang aktres, na ikinataas ng kilay ng mga tsismosa dahil nakakaduda raw kung bakit nakabili siya ng ganun kamahal na sasakyan.","Bagong kotseng tooth alahas ang gamit ngayon ng isang magandang aktres, na ikinatagal ng kilay ng mga tsismosa dahil nakakakuha raw kung bakit nakabili siya ng ganun kamahal na sasakyan.","['Toyota', 'Alphard', 'ikinataas', 'nakakaruda']","{'Toyota': ['ngtoyota', 'tokata', 'tooth', 'toots', 'torta'], 'Alphard': ['aaward', 'alagad', 'alahas', 'alahero', 'alalad'], 'ikinataas': ['itinataas', 'ibinatas', 'ikinatagal', 'ikinatalo', 'ikinatawa'], 'nakakaruda': ['nakaayuda', 'nakakahula', 'nakakakuha', 'nakakalula', 'nakakamura']}"
Wala namang naiulat na nadakip na cultivator o may ari ng nasabing mga plantasyon.,Wala namang naiulat na nadakip na cultivator o may-ari ng nasabing mga plantasyon.,Wala namang naiulat na dinarakip na cultivator o may ari ng nasabing mga plantasyon.,['narakip'],"{'narakip': ['nadakip', 'dadakip', 'dinarakip', 'kalakip', 'madakip']}"
Kasabay pa rin itong ipatutupad kasama ng mga pilot granular lockdown kahit una-nang naibalitang baka luwagan ito sa Alert Level 2.,Kasabay pa rin itong ipatutupad kasama ng mga pilot granular lockdown kahit una nang naibalitang baka luwagan ito sa Alert Level 2.,Kasabay pa rin itong ipatutupad kasama ng mga pilot granular lockdown kahit una-nang naibalitang baka luwagan ito sa Alert Level d.,['2'],"{'2': ['b', 'c', 'd', 'e', 'f']}"
Pero ngayon ang-dami na natin sa bahay tapos lahat parang kailangang gastusan.,Pero ngayon ang dami na natin sa bahay tapos lahat parang kailangang gastusan.,Pero ngayon ang-dami na natin sa bahay tapos lahat parang kailangang gastusan.,[],{}
At sigurado daw siyang magiging isang mabuting ina dahil ganun siyang pinalaki ng kanyang mama Bob na sumakabilang buhay last year.,At sigurado raw siyang magiging isang mabuting ina dahil ganun siyang pinalaki ng kanyang mama Bob na sumakabilang buhay last year.,At sigurado raw siyang magiging isang mabuting ina dahil ganun siyang pinalaki ng kanyang mama boba na sumakabilang buhay last year.,['Bob'],"{'Bob': ['bab', 'bo', 'boba', 'bobo', 'bog']}"
"Akala nga niya naglalaro lang daw, siyempre bata pa po 'yun, naglalaro lang raw 'yung mommy niya tsaka si Kerwin, Tito Pipoy ang tawag po niya, sabi ni Jhen.","Akala nga niya naglalaro lang daw, siyempre bata pa po 'yun, naglalaro lang daw 'yung mommy niya tsaka si Kerwin, Tito Pipoy ang tawag po niya, sabi ni Jhen.","Akala nga niya naglalaro lang daw, siyempre bata pa po 'yun, naglalaro lang daw 'yung mommy niya tsaka si heroin, Tito popoy ang tawag po niya, sabi ni when.","['Kerwin', 'Pipoy', 'Jhen']","{'Kerwin': ['erwin', 'berlin', 'heroin', 'karbin', 'karmin'], 'Pipoy': ['pinoy', 'pipol', 'popoy', 'aapoy', 'apoy'], 'Jhen': ['shen', 'then', 'when', 'ahan', 'ahin']}"
"Sa nanguha ng CCTV, makikita ang biktima na bumibili nang biglang sumulpot ang salarin at malapitan siyang pinagbabaril habang nakatalikod.","Sa kuha ng CCTV, makikita ang biktima na bumibili nang biglang sumulpot ang salarin at malapitan siyang pinagbabaril habang nakatalikod.","Sa nanguha ng CCTV, makikita ang biktima na bumibili nang biglang sumulpot ang salarin at malapitan siyang pinagbabaril habang nakatalikod.",[],{}
"Nagkasama naman sina Althea at Jillian sa Prima Donnas noong 2019, kung saan pa nagkaroon ng Book 2 ang hit-afternoon series.","Nagkasama naman sina Althea at Jillian sa Prima Donnas noong 2019, kung saan pa nagkaroon ng Book 2 ang hit afternoon series.","Nagkasama naman sina anthem at iiklian sa Prima dingas noong aako, kung saan pa nagkaroon ng Book d ang hit-afternoon series.","['Althea', 'Jillian', 'Donnas', '2019', '2']","{'Althea': ['alta', 'alter', 'anthem', 'asthma', 'ache'], 'Jillian': ['billion', 'hilian', 'iiklian', 'iklian', 'illan'], 'Donnas': ['danas', 'dinanas', 'dingas', 'donat', 'donors'], '2019': ['aaba', 'aag', 'aako', 'aal', 'aala'], '2': ['b', 'c', 'd', 'e', 'f']}"
Magmamadali ang pagbabakuna para hindi abutan ng expiration ang mga bakuna at para agad na makuha ang herd immunity mula sa nasabing virus.,Minamadali ang pagbabakuna para hindi abutan ng expiration ang mga bakuna at para agad na makuha ang herd immunity mula sa nasabing virus.,Magmamadali ang pagbabakuna para hindi abutan ng expiration ang mga bakuna at para agad na makuha ang herd immunity mula sa nasabing virus.,[],{}
"Saka pag nalulungkot ako sa bahay, lumalabas lang ako pupunta ako sa Klownz at Zirkoh, manonood lang ako sa mga bading ko dun.","Saka pag nalulungkot ako sa bahay, lalabas lang ako pupunta ako sa Klownz at Zirkoh, manonood lang ako sa mga bading ko dun.","Saka pag nalulungkot ako sa bahay, lumalabas lang ako pupunta ako sa alon at aircon, manonood lang ako sa mga bading ko dun.","['Klownz', 'Zirkoh']","{'Klownz': ['blown', 'known', 'alon', 'alone', 'along'], 'Zirkoh': ['sirko', 'aarko', 'aircon', 'airpot', 'arko']}"
"Sa ulat ni Paul Hernandez ng GMA Regional TV ??Balitang Southern Tagalog?, kinilala ng pulisya ang 45-anyos na biktima na si Jomar Caguicla, na nasawi ng dalhin ito sa ospital.","Sa ulat ni Paul Hernandez ng GMA Regional TV ??Balitang Southern Tagalog?, kinilala ng pulisya ang 45-anyos na biktima na si Jomar Caguicla, na nasawi nang dalhin ito sa ospital.","Sa ulat ni Paul expanded ng gia Regional TV ??Balitang Southern Tagalog?, kinilala ng pulisya ang ag-anyos na biktima na si coma maghibla, na nasawi ng dalhin ito sa ospital.","['Hernandez', 'GMA', '45', 'Jomar', 'Caguicla']","{'Hernandez': ['beranda', 'branded', 'expanded', 'grande', 'heranyo'], 'GMA': ['ama', 'ga', 'gia', 'goma', 'gra'], '45': ['ab', 'ad', 'ag', 'ah', 'ak'], 'Jomar': ['joma', 'colar', 'coma', 'dolar', 'goma'], 'Caguicla': ['agila', 'kagila', 'maghibla', 'magitla', 'naghibla']}"
"Isa sa binigay na halimbawa ni Densing ay ang ang naging kaso ng isang overseas Filipino worker sa United Arab Emirates na noong umuwi sa Mandaue City, Cebu ay nagpositibo sa COVID-19 kahit pa nabakunahan na.","Isa sa binigay na halimbawa ni Densing ay ang naging kaso ng isang overseas Filipino worker sa United Arab Emirates na noong umuwi sa Mandaue City, Cebu ay nagpositibo sa COVID-19 kahit pa nabakunahan na.","Isa sa binigay na halimbawa ni ceasing ay ang ang naging kaso ng isang overseas Filipino worker sa United arag emigrante na noong umuwi sa manage City, Cebu ay nagpositibo sa COVID-ag kahit pa nabakunahan na.","['Densing', 'Arab', 'Emirates', 'Mandaue', '19']","{'Densing': ['bansing', 'bensina', 'ceasing', 'dagsing', 'danasing'], 'Arab': ['alab', 'arabe', 'arag', 'aral', 'aras'], 'Emirates': ['emirate', 'emeritus', 'emigrante', 'estimates', 'frigates'], 'Mandaue': ['mandate', 'madale', 'manage', 'mandala', 'mandamus'], '19': ['ab', 'ad', 'ag', 'ah', 'ak']}"
"Sa unang subok, ilang beses na natumba at hihindian nakatayo sa wakeboard ang aktres.","Sa unang subok, ilang beses na natumba at hindi nakatayo sa wakeboard ang aktres.","Sa unang subok, ilang beses na natumba at hihinawan nakatayo sa blakbord ang aktres.","['hihindian', 'wakeboard']","{'hihindian': ['hihingian', 'hihinaan', 'hihinawan', 'hihinayan', 'hihingan'], 'wakeboard': ['dashboard', 'baseload', 'blakbord', 'board', 'bulebard']}"
"Ayon sa naturang driver, may biglang tumawid na tao kung kaya biglang kinabig ni to ang manibela dahilan upang mawalan ng menor at tuluyang naararo ng ambulansya ang anim na sasakyan na nakaparada sa gilid ng kalsada at nadamay rin na nasalpok ang isang puwesto ng lugawan.","Ayon sa naturang driver, may biglang tumawid na tao kung kaya biglang kinabig nito ang manibela dahilan upang mawalan ng menor at tuluyang naararo ng ambulansya ang anim na sasakyan na nakaparada sa gilid ng kalsada at nadamay rin na nasalpok ang isang puwesto ng lugawan.","Ayon sa naturang driver, may biglang tumawid na tao kung kaya biglang kinabig ni to ang manibela dahilan upang mawalan ng menor at tuluyang maararo ng ambulansya ang anim na sasakyan na nakaparada sa gilid ng kalsada at naramay rin na nasalpok ang isang puwesto ng agawan.","['naararo', 'lugawan']","{'naararo': ['aararo', 'inaararo', 'maararo', 'araro', 'inararo'], 'lugawan': ['ligawan', 'aagawan', 'agawan', 'bugaan', 'bugahan']}"
"Katatapos sinabi ko sa kanya, ??Pakiramdam ko hindi mo ako naa-appreciate.??","Tapos sinabi ko sa kanya, ??Pakiramdam ko hindi mo ako naa-appreciate.??","Katatapos sinabi ko sa kanya, ??Pakiramdam ko hindi mo ako naa-appreciate.??",[],{}
"Base sa survey ng Pulse Asia na isinagawa noong Setyembre 17-21 sa 1,200 adults, pinakamarami sa-mga respondent sa Metro Manila ang nagsabi nito na umabot sa 87%, 92% sa Luzon, 77% sa Visayas at 81% sa Mindanao.","Base sa survey ng Pulse Asia na isinagawa noong Setyembre 17-21 sa 1,200 adults, pinakamarami sa mga respondent sa Metro Manila ang nagsabi nito na umabot sa 87%, 92% sa Luzon, 77% sa Visayas at 81% sa Mindanao.","Base sa survey ng Pulse asi na isinagawa noong Setyembre ag-ag sa d,aam adults, pinakamarami sa-mga respondent sa Metro Manila ang nagsabi nito na umabot sa ag%, ag% sa lumon, ag% sa Visayas at ag% sa Mindanao.","['Asia', '17', '21', '1', '200', '87', '92', 'Luzon', '77', '81']","{'Asia': ['aria', 'asa', 'asi', 'asias', 'asid'], '17': ['ab', 'ad', 'ag', 'ah', 'ak'], '21': ['ab', 'ad', 'ag', 'ah', 'ak'], '1': ['b', 'c', 'd', 'e', 'f'], '200': ['aag', 'aal', 'aam', 'aat', 'aaw'], '87': ['ab', 'ad', 'ag', 'ah', 'ak'], '92': ['ab', 'ad', 'ag', 'ah', 'ak'], 'Luzon': ['lugon', 'lulon', 'lumon', 'lupon', 'bubon'], '77': ['ab', 'ad', 'ag', 'ah', 'ak'], '81': ['ab', 'ad', 'ag', 'ah', 'ak']}"
May paniniwala daw na kapag nagwagayway ka ng walis tingting o itak ay lalayo ang buhawi.,May paniniwala raw na kapag nagwagayway ka ng walis tingting o itak ay lalayo ang buhawi.,May paniniwala raw na kapag nagwagayway ka ng walis tingting o itak ay lalayo ang buhawi.,[],{}
Sinabi ni Locsin na kukuhain nila ang serbisyo ng QRS para sa ginhawa at proteksiyon ng mga aplikante laban sa peligro ng COVID-19 at hindi para makunsumi at sumakit ang ulo sa kunsumisyon.,Sinabi ni Locsin na kinuha nila ang serbisyo ng QRS para sa ginhawa at proteksiyon ng mga aplikante laban sa peligro ng COVID-19 at hindi para makunsumi at sumakit ang ulo sa kunsumisyon.,Sinabi ni login na bukuhin nila ang serbisyo ng als para sa ginhawa at proteksiyon ng mga aplikante laban sa peligro ng COVID-ag at hindi para kunsumo at sumakit ang ulo sa kunsumisyon.,"['Locsin', 'kukuhain', 'QRS', '19', 'makunsumi']","{'Locsin': ['cousin', 'labsin', 'login', 'loobin', 'toksin'], 'kukuhain': ['kukuhanin', 'kukusain', 'bukuhin', 'kukuha', 'kukuhang'], 'QRS': ['yrs', 'ads', 'als', 'ar', 'aras'], '19': ['ab', 'ad', 'ag', 'ah', 'ak'], 'makunsumi': ['makonsumo', 'nakunsumo', 'kunsumo', 'makarumi', 'makukupi']}"
Matapos ang opening sa Hunyo 13 ay si simulan kinabuksan ang online chess at taekwondo (poomsae at speed kicking) competitions.,Matapos ang opening sa Hunyo 13 ay sisimulan kinabuksan ang online chess at taekwondo (poomsae at speed kicking) competitions.,Matapos ang opening sa Hunyo ad ay si simulan pinabuksan ang online chess at taekwondo (polisa at speed diking) competitions.,"['13', 'kinabuksan', 'poomsae', 'kicking']","{'13': ['p3', 'ab', 'ad', 'ag', 'ah'], 'kinabuksan': ['kinabuasan', 'kinabukasan', 'pinabuksan', 'binubuksan', 'kinabakasan'], 'poomsae': ['booms', 'loose', 'polisa', 'pomote', 'pontse'], 'kicking': ['biaking', 'biking', 'diking', 'docking', 'fucking']}"
Hindi nila kasama si Miles.,Ngunit hindi nila kasama si Miles.,Hindi nila kasama si Miles.,[],{}
Dinadaanan ang halos isang oras bago bumalik sa kanilang sasakyan ang kasama ng matanda.,Dumaan ang halos isang oras bago bumalik sa kanilang sasakyan ang kasama ng matanda.,Dinadaanan ang halos isang oras bago bumalik sa kanilang sasakyan ang kasama ng matanda.,[],{}
"So, mahirap pa yung manggagaling pa sa labas, kadadagdag niyang pahayag.","So, mahirap pa yung manggagaling pa sa labas, dagdag niyang pahayag.","So, mahirap pa yung manggagaling pa sa labas, madadagdag niyang pahayag.",['karadagdag'],"{'karadagdag': ['karadagdang', 'karadagan', 'madadagdag', 'makadagdag', 'nadadagdag']}"
Hindi na ito napaliit ng San Miguel sa final canto kung saan sila-naiwanan sa 84-106 sa 1:53 minuto.,Hindi na ito napaliit ng San Miguel sa final canto kung saan sila naiwanan sa 84-106 sa 1:53 minuto.,Hindi na ito papaliit ng San bigtal sa final kanto kung saan sila-naiwanan sa ag-aam sa d:ad minuto.,"['napaliit', 'Miguel', 'canto', '84', '106', '1', '53']","{'napaliit': ['mapaliit', 'nagpaliit', 'papaliit', 'apalit', 'kapalit'], 'Miguel': ['pigue', 'anghel', 'bigtal', 'biguin', 'biofuel'], 'canto': ['banto', 'canton', 'kanto', 'manto', 'santo'], '84': ['ab', 'ad', 'ag', 'ah', 'ak'], '106': ['aag', 'aal', 'aam', 'aat', 'aaw'], '1': ['b', 'c', 'd', 'e', 'f'], '53': ['p3', 'ab', 'ad', 'ag', 'ah']}"
"Hay naku, talaga palang masyadong ??playgay? ang naitsismis naming gay politician na nakasalubong namin sa coffee shop nang isang five-star hotel, kasama ang isang ??male athlete-starlet.?","Hay naku, talaga palang masyadong ??playgay? ang naitsismis naming gay politician na nakasalubong namin sa coffee shop ng isang five-star hotel, kasama ang isang ??male athlete-starlet.?","day naku, talaga palang masyadong ??ilaylay? ang natsismis naming gay politician na nakasalubong namin sa coffee shop nang isang five-star hotel, kasama ang isang ??male athlete-stapler.?","['Hay', 'playgay', 'naitsismis', 'starlet']","{'Hay': ['ay', 'bay', 'day', 'gay', 'had'], 'playgay': ['gaygay', 'ilagay', 'ilaylay', 'lagay', 'laylay'], 'naitsismis': ['nagtsismis', 'natitsismis', 'natsismis', 'ititsismis', 'itsismis'], 'starlet': ['stable', 'staple', 'stapler', 'staples', 'start']}"
"Kamakailan lang, nakuhanan rin ng video ang agawan at balyahan ng mga namimili ng ukay-ukay sa isang pamilihan naman sa Lupon, Davao Oriental.","Kamakailan lang, nakuhanan din ng video ang agawan at balyahan ng mga namimili ng ukay-ukay sa isang pamilihan naman sa Lupon, Davao Oriental.","Kamakailan lang, nakuhanan din ng video ang agawan at aalsahan ng mga namimili ng ukay-ukay sa isang pamilihan naman sa Lupon, daan Oriental.","['balyahan', 'Davao']","{'balyahan': ['balahan', 'balyahin', 'aalsahan', 'aanyahan', 'aaryahan'], 'Davao': ['avai', 'cavan', 'daan', 'dabaw', 'dadag']}"
Kamay mo lang ang nais hawakan ha bang tinatahak ang magulong mundo.,Kamay mo lang ang nais hawakan habang tinatahak ang magulong mundo.,Kamay mo lang ang nais hawakan da bang tinatahak ang magulong mundo.,['ha'],"{'ha': ['ba', 'cha', 'da', 'ga', 'h']}"
"Kaya tinambakan ng mga personnel ng graba ang bahagi ng riles na dumaraan ng mga heavy equipment, para pumatag ang daraanan ng crane at hindi masasalo ng mga riles ang bigat ng makinarya.","Kaya tinambakan ng mga personnel ng graba ang bahagi ng riles na dadaanan ng mga heavy equipment, para pumatag ang daraanan ng crane at hindi masasalo ng mga riles ang bigat ng makinarya.","Kaya tinambakan ng mga personnel ng graba ang bahagi ng riles na dumaraan ng mga heavy equipment, para pumatag ang daraanan ng crane at hindi masasalo ng mga riles ang bigat ng makinarya.",[],{}
"Natuwakami na may plano pala sila na gumawa ng documentaries sa buhay niFPJ at sa kanyang mga pelikula, kasi nga magbubukas na nila ang FPJmuseum.","Natuwakami na may plano pala sila na gumawa ng documentaries sa buhay niFPJ at sa kanyang mga pelikula, kasi nga binuksan na nila ang FPJmuseum.","katakam na may plano pala sila na gumawa ng documented sa buhay bimpo at sa kanyang mga pelikula, kasi nga magbubukas na nila ang aposeur.","['Natuwakami', 'documentaries', 'niFPJ', 'FPJmuseum']","{'Natuwakami': ['naturakan', 'batubalani', 'katakam', 'katuwaan', 'katuwaang'], 'documentaries': ['documentary', 'documentation', 'documented', 'documents', 'dokumentaryo'], 'niFPJ': ['nimpa', 'nipa', 'bimpo', 'dfp', 'dip'], 'FPJmuseum': ['museum', 'museums', 'aposeur', 'focused', 'fuse']}"
"Wala na ngayong illegal guard houses sa labas ng subdibisyon sa Quezon City na gagamitin na toll booths, para makapaningil ngmula P50 hanggang P200 kada araw mula sa mga motorista partikular sa bawat delivery trucks na dadaan dito.","Wala na ngayong illegal guard houses sa labas ng subdibisyon sa Quezon City na ginagamit na toll booths, para makapaningil ngmula P50 hanggang P200 kada araw mula sa mga motorista partikular sa bawat delivery trucks na dadaan dito.","Wala na ngayong illegal guard houses sa labas ng subdibisyon sa Quezon City na gagamitin na toll booths, para makapaningil bumula p25 hanggang p3 kara araw mula sa mga motorista partikular sa bawat delivery trucks na dadaan dito.","['ngmula', 'P50', 'P200']","{'ngmula': ['nagmula', 'namula', 'bumula', 'gula', 'humula'], 'P50': ['p57', 'p', 'p25', 'p3', 'p75'], 'P200': ['p25', 'p', 'p3', 'p57', 'p75']}"
"Dahil sa bigat ng dalang buhangin, buhangin, dumausdos ang truck at naatrasan ang mga nakasunod na sasakyan.","Dahil sa bigat ng dalang buhangin, dumausdos ang truck at naatrasan ang mga nakasunod na sasakyan.","Dahil sa bigat ng dalang buhangin, buhangin, dumausdos ang truck at naatasan ang mga nakasunod na sasakyan.",['naatrasan'],"{'naatrasan': ['aatrasan', 'inaatrasan', 'naatasan', 'aatasan', 'aatrasang']}"
"Gayunpaman, magpapatuloy ang pagpapaalala ng liga sa lahat ng players, officials, coaches, staff at sa mga fans na manonood na mag-ingat lalo pat nakapasok na sa bansa ang Omicron variant ng coronavirus disease.","Gayunpaman, patuloy ang pagpapaalala ng liga sa lahat ng players, officials, coaches, staff at sa mga fans na manonood na mag-ingat lalo pat nakapasok na sa bansa ang Omicron variant ng coronavirus disease.","Gayunpaman, magpapatuloy ang pagpapaalala ng liga sa lahat ng players, officials, coaches, staff at sa mga fans na manonood na mag-ingat lalo pat nakapasok na sa bansa ang Omicron variant ng coronavirus disease.",[],{}
Iginiit din umano nang Senador kay Simon na mayroong dalawang pagtatangka ang Bise Presidente para magkaroon ng unification subalit halata naman umanong pansarili lamang niya ito.,Iginiit din umano ng Senador kay Simon na mayroong dalawang pagtatangka ang Bise Presidente para magkaroon ng unification subalit halata naman umanong pansarili lamang niya ito.,Iginiit din umano nang Senador kay simot na mayroong dalawang pagtatangka ang Bise Presidente para magkaroon ng unification subalit halata naman umanong pansarili lamang niya ito.,['Simon'],"{'Simon': ['dimon', 'limon', 'simot', 'simoy', 'sipon']}"
"Dakong ala-1:00 ng hapon ng isagawa ang operasyon sa loob ng bahay ng suspek at nakuha buhat sa pag-iingat nito ang 10 ibat ibang klase ng baril na kinabibilangan ng caliber 45, caliber 38, caliber 22, caliber 22 rifles, improvised M16, 33 ibat ibang klase ng bala, 16 na magazines, 8 basyo ng caliber 9mm at dalawang oxygen tank.","Dakong ala-1:00 ng hapon nang isagawa ang operasyon sa loob ng bahay ng suspek at nakuha buhat sa pag-iingat nito ang 10 ibat ibang klase ng baril na kinabibilangan ng caliber 45, caliber 38, caliber 22, caliber 22 rifles, improvised M16, 33 ibat ibang klase ng bala, 16 na magazines, 8 basyo ng caliber 9mm at dalawang oxygen tank.","Dakong ala-d:ag ng hapon ng isagawa ang operasyon sa loob ng bahay ng suspek at nakuha buhat sa pag-iingat nito ang ag ibat ibang klase ng baril na kinabibilangan ng caliber ag, caliber ag, caliber ag, caliber ag rifles, improvised maa, ad ibat ibang klase ng bala, ag na magazines, d basyo ng caliber am at dalawang oxygen tank.","['1', '00', '10', '45', '38', '22', '22', 'M16', '33', '16', '8', '9mm']","{'1': ['b', 'c', 'd', 'e', 'f'], '00': ['ab', 'ad', 'ag', 'ah', 'ak'], '10': ['ab', 'ad', 'ag', 'ah', 'ak'], '45': ['ab', 'ad', 'ag', 'ah', 'ak'], '38': ['ab', 'ad', 'ag', 'ah', 'ak'], '22': ['ab', 'ad', 'ag', 'ah', 'ak'], 'M16': ['m', 'ma', 'maa', 'mae', 'mag'], '33': ['p3', 'ab', 'ad', 'ag', 'ah'], '16': ['ab', 'ad', 'ag', 'ah', 'ak'], '8': ['b', 'c', 'd', 'e', 'f'], '9mm': ['mm', 'aam', 'am', 'ama', 'amd']}"
"Pero ang gout, mas malala na rin ang kalagayan na tatawagin na chronic tophaceous.","Pero ang gout, mas malala na rin ang kalagayan na tinatawag na chronic tophaceous.","Pero ang gout, mas malala na rin ang kalagayan na tatawagin na chronic aphibious.",['tophaceous'],"{'tophaceous': ['phaseout', 'amphibious', 'aphibious', 'conscious', 'contagious']}"
"Gayunman, aabutin ang ilang sandali ay hindi na lumutang ang dalawa kung kaya humingi na ng saklolo ang mga kasamahan sa awtoridad.","Gayunman, umabot ang ilang sandali ay hindi na lumutang ang dalawa kung kaya humingi na ng saklolo ang mga kasamahan sa awtoridad.","Gayunman, aabutin ang ilang sandali ay hindi na lumutang ang dalawa kung kaya humingi na ng saklolo ang mga kasamahan sa awtoridad.",[],{}
"Hinihikayat ko po ang pambansang pamahalaan, kasama ang mga LGU, puno ng komunidad at pribadong sektor na paigtingin ang ating pagtutulungang mahimok ang lahat na magpabakuna ng booster upang mapanatiling ligtas ang ating mga komunidad, ani Go.","Hinihikayat ko po ang pambansang pamahalaan, kasama ang mga LGU, pinuno ng komunidad at pribadong sektor na paigtingin ang ating pagtutulungang mahimok ang lahat na magpabakuna ng booster upang mapanatiling ligtas ang ating mga komunidad, ani Go.","Hinihikayat ko po ang pambansang pamahalaan, kasama ang mga aga, puno ng komunidad at pribadong sektor na paigtingin ang ating pagtutulungang mahimok ang lahat na magpabakuna ng booster upang mapanatiling ligtas ang ating mga komunidad, ani Go.",['LGU'],"{'LGU': ['lgus', 'ag', 'aga', 'age', 'ago']}"
"Sinabi rin ni Domingo na ang Moderna doses na dumating sa Pilipinas ay hindi ka batch ng mga iniimbestigahan na kontaminadong doses sa JapanFRJ, GMA News.","Sinabi rin ni Domingo na ang Moderna doses na dumating sa Pilipinas ay hindi ka-batch ng mga iniimbestigahan na kontaminadong doses sa JapanFRJ, GMA News.","Sinabi rin ni daming na ang Moderna doses na dumating sa Pilipinas ay hindi ka batch ng mga iniimbestigahan na kontaminadong doses sa aapang, gia News.","['Domingo', 'JapanFRJ', 'GMA']","{'Domingo': ['domino', 'coming', 'daming', 'doing', 'domina'], 'JapanFRJ': ['mapanira', 'mapanuri', 'aapang', 'apan', 'apanas'], 'GMA': ['ama', 'ga', 'gia', 'goma', 'gra']}"
Humihingi din siya ng hustisya para sa kanyang kapatid dahil sa kalunus-lunos na sinapit nito.,Humihingi rin siya ng hustisya para sa kanyang kapatid dahil sa kalunus-lunos na sinapit nito.,Humihingi rin siya ng hustisya para sa kanyang kapatid dahil sa kalunus-lunos na sinapit nito.,[],{}
"Bago raw siya lumaban sa Tokyo Olympics, isang kaibigan raw niya ang nagbigay sa kanya ng envelope na may lamang mga prayers at rosaryo.","Bago raw siya lumaban sa Tokyo Olympics, isang kaibigan daw niya ang nagbigay sa kanya ng envelope na may lamang mga prayers at rosaryo.","Bago raw siya lumaban sa toyo Olympics, isang kaibigan daw niya ang nagbigay sa kanya ng envelope na may lamang mga prayers at rosaryo.",['Tokyo'],"{'Tokyo': ['tokayo', 'toryo', 'toyo', 'bosyo', 'hoyo']}"
"Kaya nang nabalitaan raw ni Jaclyn ang malungkot na nangyari kay Cherie, pinuntahan daw niya si Andi, at nagparating din daw siya ng pakikiramay sa pamilya Eigenmann.","Kaya nang nabalitaan daw ni Jaclyn ang malungkot na nangyari kay Cherie, pinuntahan daw niya si Andi, at nagparating din daw siya ng pakikiramay sa pamilya Eigenmann.","Kaya nang nabalitaan daw ni alan ang malungkot na nangyari kay cheke, pinuntahan daw niya si angi, at nagparating din daw siya ng pakikiramay sa pamilya bigonyang.","['Jaclyn', 'Cherie', 'Andi', 'Eigenmann']","{'Jaclyn': ['aalon', 'aalun', 'alan', 'alin', 'ally'], 'Cherie': ['charge', 'cheese', 'cheke', 'chers', 'coerce'], 'Andi': ['and', 'andy', 'angi', 'ani', 'anti'], 'Eigenmann': ['agendang', 'bigman', 'bigonyang', 'biyenan', 'biyenang']}"
A ware kaya si Ellen Adarna?,Aware kaya si Ellen Adarna?,ag care kaya si celled adwana?,"['A', 'ware', 'Ellen', 'Adarna']","{'A': ['ab', 'ad', 'ag', 'ah', 'ak'], 'ware': ['are', 'aware', 'care', 'fare', 'kare'], 'Ellen': ['alien', 'alyen', 'celled', 'elena', 'eleven'], 'Adarna': ['adang', 'adorno', 'adwana', 'alarma', 'andana']}"
Dapat maangas talaga at maipakita sanay akong makipaglaban.,Dapat maangas talaga at maipakita na sanay akong makipaglaban.,Dapat maangas talaga at maipakita sanay akong makipaglaban.,[],{}
Siguro isa nga sa dahilan kung bakit na-addict tayo sa koreanovela at k-pop music ay dahil rin kay Sandara.,Siguro isa nga sa dahilan kung bakit na-addict tayo sa koreanovela at k-pop music ay dahil din kay Sandara.,Siguro isa nga sa dahilan kung bakit na-addict tayo sa kanela at k-pop music ay dahil din kay andana.,"['koreanovela', 'Sandara']","{'koreanovela': ['telenovela', 'kakansela', 'kanela', 'kansela', 'karetela'], 'Sandara': ['sandata', 'aandar', 'andana', 'andar', 'bandana']}"
"Ayon sa imbestigasyon, ang grupo ng suspek ang gumagawa ng mga video kung saan kinunan ang aktuwal na pakikipagtalik sa kapartner.","Ayon sa imbestigasyon, ang grupo ng suspek ang gumagawa ng mga video kung saan kinukunan ang aktuwal na pakikipagtalik sa kapartner.","Ayon sa imbestigasyon, ang grupo ng suspek ang gumagawa ng mga video kung saan kinunan ang aktuwal na pakikipagtalik sa kapartner.",[],{}
Iwawala naman daw siyang naramdamang side effect ng bakuna at nakapagwalis pa nga raw siya sa harapan ng bahay kinabukasan.,Wala naman daw siyang naramdamang side effect ng bakuna at nakapagwalis pa nga raw siya sa harapan ng bahay kinabukasan.,Iwawala naman daw siyang naramdamang side effect ng bakuna at nakagagalit pa nga raw siya sa harapan ng bahay kinabukasan.,['nakapagwalis'],"{'nakapagwalis': ['nakapagpaalis', 'makapagpaalis', 'nakagagalit', 'nakakaalis', 'nakakagalit']}"
"Ang ""The Clash"" Season 3 first runner up naman na si Jennie Gabriel, inihayag na suportado niya ang kaniyang anak na si Kalel kung sakaling dumating ang araw na magdesisyon itong maging isang gay.","Ang ""The Clash"" Season 3 first runner-up naman na si Jennie Gabriel, inihayag na suportado niya ang kaniyang anak na si Kalel kung sakaling dumating ang araw na magdesisyon itong maging isang gay.","Ang ""The Clash"" Season d first runner up naman na si beinte gabel, inihayag na suportado niya ang kaniyang anak na si ale kung sakaling dumating ang araw na magdesisyon itong maging isang gay.","['3', 'Jennie', 'Gabriel', 'Kalel']","{'3': ['b', 'c', 'd', 'e', 'f'], 'Jennie': ['tennis', 'anniv', 'beinte', 'bente', 'dengue'], 'Gabriel': ['gabriela', 'abril', 'gabel', 'garil', 'aabrigo'], 'Kalel': ['kahel', 'kamel', 'ale', 'alex', 'all']}"
Ginastusan rin daw ng mag-asawa ang pag-aaral sa Amerika ng kanilang anak para maging piloto.,Ginastusan din daw ng mag-asawa ang pag-aaral sa Amerika ng kanilang anak para maging piloto.,Ginastusan din daw ng mag-asawa ang pag-aaral sa anemika ng kanilang anak para maging piloto.,['Amerika'],"{'Amerika': ['aberia', 'amerikana', 'anemika', 'aamerikana', 'abenida']}"
"Subalit nang maghahalughog ang kMJS team sa kaniyang bahay, natagpuan ang isang bag na naglalaman ng ibat ibang panty at-bra.","Subalit nang maghahalughog ang kMJS team sa kaniyang bahay, natagpuan ang isang bag na naglalaman ng ibat ibang panty at bra.","Subalit nang maghahalughog ang amis team sa kaniyang bahay, natagpuan ang isang bag na naglalaman ng ibat ibang panty at-bra.",['kMJS'],"{'kMJS': ['kms', 'amas', 'amis', 'amos', 'cms']}"
"In fact, ng matanggap daw niya ang advice ng mga bossing ng GMA na magkakaroon siya ng ganitong programa ay nasa adoration chapel siya at nagdarasal.","In fact, nang matanggap daw niya ang advice ng mga bossing ng GMA na magkakaroon siya ng ganitong programa ay nasa adoration chapel siya at nagdarasal.","In fact, ng matanggap daw niya ang advice ng mga baksing ng gia na magkakaroon siya ng ganitong programa ay nasa adorasyon chapel siya at nagdarasal.","['bossing', 'GMA', 'adoration']","{'bossing': ['boksing', 'baising', 'baksing', 'bansing', 'basaing'], 'GMA': ['ama', 'ga', 'gia', 'goma', 'gra'], 'adoration': ['abortion', 'adoption', 'adorasyon', 'donation', 'duration']}"
"Sa ulat, nag-away umano ang mag-asawa ng magalit ang mister makaraang malaman na namili ang misis ng mga pangangailangan ng kanilang mga anak.","Sa ulat, nag-away umano ang mag-asawa nang magalit ang mister makaraang malaman na namili ang misis ng mga pangangailangan ng kanilang mga anak.","Sa ulat, nag-away umano ang mag-asawa ng magalit ang mister makaraang malaman na namili ang misis ng mga pangangailangan ng kanilang mga anak.",[],{}
Excited na ang viewers at fans na malaman kung magkakaroon nga ba ng happy ending ang pagiibigan nina Franco (Miguel Tanfelix) at Cynthia.,Excited na ang viewers at fans na malaman kung magkakaroon nga ba ng happy ending ang pag-iibigan nina Franco (Miguel Tanfelix) at Cynthia.,Excited na ang viewers at fans na malaman kung magkakaroon nga ba ng happy ending ang pagbibigay nina franche (bigtal anemia) at aanhin.,"['pagiibigan', 'Franco', 'Miguel', 'Tanfelix', 'Cynthia']","{'pagiibigan': ['maiibigan', 'naiibigan', 'pagbibigay', 'pagbibigyan', 'iibigan'], 'Franco': ['branch', 'fiasco', 'franche', 'frank', 'french'], 'Miguel': ['pigue', 'anghel', 'bigtal', 'biguin', 'biofuel'], 'Tanfelix': ['kanselin', 'tangili', 'anemia', 'anemik', 'anglit'], 'Cynthia': ['centric', 'contain', 'aanhin', 'aanihin', 'aanta']}"
"Pero proud ako, maiiba na talaga ang hitsura at kalagayan ng Lipa, ganoon din ang mga mamamayan ng lungsod, sa bi pa ni Ate Vi.","Pero proud ako, maiiba na talaga ang hitsura at kalagayan ng Lipa, ganoon din ang mga mamamayan ng lungsod, sabi pa ni Ate Vi.","Pero proud ako, maiiba na talaga ang hitsura at kalagayan ng Lipa, ganoon din ang mga mamamayan ng lungsod, sa bi pa ni Ate Vi.",[],{}
"Maya-maya ay pumuputol nito ang lock ng isang bisikleta, sinakyan ito, at dali-daling pumadyak paalis.","Maya-maya ay pinutol nito ang lock ng isang bisikleta, sinakyan ito, at dali-daling pumadyak paalis.","Maya-maya ay pumuputol nito ang lock ng isang bisikleta, sinakyan ito, at dali-daling pumadyak paalis.",[],{}
May pagasa pa kaya itong magamot?,May pag-asa pa kaya itong magamot?,May pagasa pa kaya itong magamot?,[],{}
Ginawa na ni Ordanes ang apela dahil marami ng senior citizens ang ??eligible?? ng 2nd dose sa kadahilanang may tatlong buwan ng lumipas nang maturukan sila ng kanilang booster shot.,Ginawa na ni Ordanes ang apela dahil marami ng senior citizens ang ??eligible?? ng 2nd dose sa kadahilanang may tatlong buwan nang lumipas nang maturukan sila ng kanilang booster shot.,Ginawa na ni arnes ang apela dahil marami ng senior citizens ang ??eligible?? ng ad dose sa dadahilaning may tatlong buwan ng lumipas nang maturukan sila ng kanilang booster shot.,"['Ordanes', '2nd', 'karahilanang']","{'Ordanes': ['organs', 'arcades', 'arnes', 'braces', 'brands'], '2nd': ['and', 'end', 'ad', 'add', 'aid'], 'karahilanang': ['kadahilanang', 'kadahilanan', 'dadahilaning', 'kadakilaang', 'kahilamang']}"
Ta nong ni Inton.,Tanong ni Inton.,Ta nong ni pinton.,['Inton'],"{'Inton': ['inon', 'into', 'pinton', 'andon', 'antok']}"
Nakisalo ang fans sa buong mundo sa mga awitin ng pag-asa at nakaaantig na k wento ng mga survivor ng bagyong Odette sa isinagawang Tulong Tulong sa Pag-Ahon: Andito Tayo Para Sa Bawat Pamilya benefit concert ng ABS-CBN noong Dis.,Nakisalo ang fans sa buong mundo sa mga awitin ng pag-asa at nakaaantig na kwento ng mga survivor ng bagyong Odette sa isinagawang Tulong Tulong sa Pag-Ahon: Andito Tayo Para Sa Bawat Pamilya benefit concert ng ABS-CBN noong Dis.,Nakisalo ang fans sa buong mundo sa mga awitin ng pag-asa at nakaaantig na k yento ng mga survivor ng bagyong Odette sa isinagawang Tulong Tulong sa Pag-Ahon: Andito Tayo Para Sa Bawat Pamilya benefit concert ng abf-ab noong Dis.,"['wento', 'ABS', 'CBN']","{'wento': ['kwento', 'went', 'yento', 'asento', 'atento'], 'ABS': ['ab', 'aba', 'abf', 'abo', 'ads'], 'CBN': ['can', 'con', 'ab', 'aba', 'aban']}"
Hihindi naman lahat nabibiyayaan.,Hindi naman lahat nabibiyayaan.,hihikbi naman lahat nabibiyayaan.,['Hihindi'],"{'Hihindi': ['hihingi', 'hihibi', 'hihikbi', 'hihina', 'hihinay']}"
(maynilad) ang kanilang bagong water project na kinapapalooban ng pag recycle sa ??used water?? para gawing malinis na inuming tubig.,(Maynilad) ang kanilang bagong water project na kinapapalooban ng pag-recycle sa ??used water?? para gawing malinis na inuming tubig.,(mabilad) ang kanilang bagong water project na kinapapalooban ng pag recycle sa ??used water?? para gawing malinis na inuming tubig.,['maynilad'],"{'maynilad': ['maynila', 'baynila', 'mabilad', 'magbilad', 'magnilay']}"
Ipinaalalang lokal na pamahalaan sa mga benepisyaryo na dalhin ang mga requirements gaya ng OSCAid at photocopy nito kung ang mismong kinukuha ay ang senior citizen habang kapag representante ng senior ay kailangan pa ring dalhin ang osca id nito at photocopy maging ang pirmadong authorization letter.,Ipinaalalang lokal na pamahalaan sa mga benepisyaryo na dalhin ang mga requirements gaya ng OSCAid at photocopy nito kung ang mismong kukuha ay ang senior citizen habang kapag representante ng senior ay kailangan pa ring dalhin ang osca id nito at photocopy maging ang pirmadong authorization letter.,Ipinaalalang lokal na pamahalaan sa mga benepisyaryo na dalhin ang mga requirements gaya ng scad at photocopy nito kung ang mismong kinukuha ay ang senior citizen habang kapag representante ng senior ay kailangan pa ring dalhin ang asma dir nito at photocopy maging ang pirmadong authorization letter.,"['OSCAid', 'osca', 'ir']","{'OSCAid': ['orchid', 'said', 'scad', 'acid', 'aid'], 'osca': ['osa', 'asa', 'asma', 'asta', 'bosa'], 'ir': ['air', 'ar', 'dir', 'gir', 'hr']}"
"Ipinasasauli na din ang SUV na pag-aari ni Habin na una nang kinumpiska ng mga awtoridad matapos ang pag-aresto sa kanila noong Enero 05, 2020.","Ipinasasauli na rin ang SUV na pag-aari ni Habin na una nang kinumpiska ng mga awtoridad matapos ang pag-aresto sa kanila noong Enero 05, 2020.","Ipinasasauli na rin ang sum na pag-aari ni Habin na una nang kinumpiska ng mga awtoridad matapos ang pag-aresto sa kanila noong Enero ag, aag.","['SUV', '05', '2020']","{'SUV': ['su', 'sub', 'sum', 'sun', 'sur'], '05': ['ab', 'ad', 'ag', 'ah', 'ak'], '2020': ['p25', 'aaba', 'aag', 'aako', 'aal']}"
Nakasalubong ko pala ang dating bodyguard ni Robert Jaworski nung Game 6 at maganda ang sasabihin niya.,Nakasalubong ko pala ang dating bodyguard ni Robert Jaworski nung Game 6 at maganda ang sinabi niya.,Nakasalubong ko pala ang dating bodyguard ni prober atorni nung Game d at maganda ang sasabihin niya.,"['Robert', 'Jaworski', '6']","{'Robert': ['covert', 'kober', 'prober', 'probers', 'robber'], 'Jaworski': ['amorseko', 'anarki', 'atorni', 'favors', 'jalousie'], '6': ['b', 'c', 'd', 'e', 'f']}"
Noong Linggo ng gabi rin iyon ay magkasabay silang nag-eensayo ng boxing at nag-dinner na ipinost rin ng Kapuso actor.,Noong Linggo ng gabi rin iyon ay magkasabay silang nag-eensayo ng boxing at nag-dinner na ipinost din ng Kapuso actor.,Noong Linggo ng gabi rin iyon ay magkasabay silang nag-eensayo ng boxing at nag-dinner na ipinost din ng abuso actor.,['Kapuso'],"{'Kapuso': ['kapus', 'aabuso', 'abuso', 'baruso', 'isapuso']}"
"Dagdag pa, ang mga pulis kagagamit ng yangtok sa pang-aabuso ay pananagutin ng lokal na pamahalaan.","Dagdag pa, ang mga pulis gumagamit ng yangtok sa pang-aabuso ay pananagutin ng lokal na pamahalaan.","Dagdag pa, ang mga pulis kagagamit ng antok sa pang-aabuso ay pananagutin ng lokal na pamahalaan.",['yangtok'],"{'yangtok': ['yantok', 'aantok', 'antok', 'bantok', 'hangtod']}"
"Kaya Im very thankful and blessed na ang GMA Music aynakaisipng ganito kagandang konsepto at ganito kagandang kanta,? pagbabahagi ni Ken na ayaw pangalanan kung sino nga ba ang naka quaranfling niya.","Kaya Im very thankful and blessed na ang GMA Music aynakaisipng ganito kagandang konsepto at ganito kagandang kanta,? pagbabahagi ni Ken na ayaw pangalanan kung sino nga ba ang naka-quaranfling niya.","Kaya Im very thankful and blessed na ang gia Music nakaisip ganito kaganang konsepto at ganito kaganang kanta,? pagbabahagi ni Ken na ayaw pangalanan kung sino nga ba ang naka araling niya.","['GMA', 'aynakaisipng', 'kagandang', 'kagandang', 'quaranfling']","{'GMA': ['ama', 'ga', 'gia', 'goma', 'gra'], 'aynakaisipng': ['kinakainipang', 'nakaisang', 'nakaisip', 'nanaising', 'pakaisiping'], 'kagandang': ['dagandang', 'gagandang', 'kaganang', 'kalandang', 'magandang'], 'quaranfling': ['quarantine', 'aaraling', 'araling', 'babanaling', 'buraling']}"
"Ang inaabangan, kailan nangyayari iyan kay Julia?","Ang inaabangan, kailan mangyayari iyan kay Julia?","Ang inaabangan, kailan nangyayari iyan kay buli?",['Julia'],"{'Julia': ['buhia', 'bula', 'buli', 'bulid', 'bulig']}"
"Gayunman, katatanggi siyang ihayag ang pangalan nito dahil kailangan pang isailalim sa paraffin test at sa ballistic test ang baril nito upang makumpirma kung siya nga ang nagpaputok ng baril na ang bala ay sumapol sa bata.","Gayunman, tumanggi siyang ihayag ang pangalan nito dahil kailangan pang isailalim sa paraffin test at sa ballistic test ang baril nito upang makumpirma kung siya nga ang nagpaputok ng baril na ang bala ay sumapol sa bata.","Gayunman, maitatanggi siyang ihayag ang pangalan nito dahil kailangan pang isailalim sa paraffin test at sa ballistic test ang baril nito upang makumpirma kung siya nga ang nagpaputok ng baril na ang bala ay sumapol sa bata.",['katatanggi'],"{'katatanggi': ['itatanggi', 'katatanggap', 'maitatanggi', 'makatanggi', 'nakatanggi']}"
"Napaka relaxed,? giit niya.","Napaka-relaxed,? giit niya.","Napaka relaxed,? giit niya.",[],{}
"Duwag rin siya pagdating sa mga multo, kwento niya.","Duwag din siya pagdating sa mga multo, kwento niya.","Duwag din siya pagdating sa mga multo, kwento niya.",[],{}
"Ayon sa ulat ng National Disaster Risk Reduction Management Council (NDRRMC), pumalo na 25 ang nasawi, 26 ang winawala at siyam ang sugatan sa nararanasang delubyo sa mga apektadong lugar.","Ayon sa ulat ng National Disaster Risk Reduction Management Council (NDRRMC), pumalo na 25 ang nasawi, 26 ang nawawala at siyam ang sugatan sa nararanasang delubyo sa mga apektadong lugar.","Ayon sa ulat ng National Disaster Risk Reduction Management Council (dram), pumalo na ad ang nasawi, ag ang binawalan at siyam ang sugatan sa nararanasang delubyo sa mga apektadong lugar.","['NDRRMC', '25', '26', 'winawala']","{'NDRRMC': ['derma', 'dorm', 'dram', 'drama', 'drum'], '25': ['p25', 'ab', 'ad', 'ag', 'ah'], '26': ['ab', 'ad', 'ag', 'ah', 'ak'], 'winawala': ['binabala', 'binahala', 'binawalan', 'dinadala', 'ginagala']}"
Mulapa noon ay aktibo na siyang tumulong maski sa anong kalamidad o sitwasyon na nangyari sa bansa.,Mulapa noon ay aktibo na siyang tumulong maski sa anong kalamidad o sitwasyon na nangyayari sa bansa.,mulala noon ay aktibo na siyang tumulong maski sa anong kalamidad o sitwasyon na nangyari sa bansa.,['Mulapa'],"{'Mulapa': ['mulaa', 'mulaga', 'mulala', 'sulapa', 'dumapa']}"
"??nagkikita kita kami pag day off, tapos pupunta sa isang villa.","??Nagkikita-kita kami pag day off, tapos pupunta sa isang villa.","??nagkikita kita kami pag day off, tapos pupunta sa isang villa.",[],{}
"Sa inisyal na ulat ng Manila Police District-Jose Abad Santos Police Station 7, natagpuang wala nang buhay ng pamilya Coquilla ang 16-anyos na anak ng magasawang Aries at Jennifer nitong Hulyo 20.","Sa inisyal na ulat ng Manila Police District-Jose Abad Santos Police Station 7, natagpuang wala nang buhay ng pamilya Coquilla ang 16-anyos na anak ng mag-asawang Aries at Jennifer nitong Hulyo 20.","Sa inisyal na ulat ng Manila Police District-joke abat tantos Police Station d, natagpuang wala nang buhay ng pamilya cedula ang ag-anyos na anak ng magsasawang Aries at banner nitong Hulyo ag.","['Jose', 'Abad', 'Santos', '7', 'Coquilla', '16', 'magasawang', 'Jennifer', '20']","{'Jose': ['dose', 'hose', 'joke', 'lose', 'nose'], 'Abad': ['aba', 'aban', 'abat', 'abay', 'abyad'], 'Santos': ['santo', 'santol', 'tantos', 'aantok', 'aantot'], '7': ['b', 'c', 'd', 'e', 'f'], 'Coquilla': ['bokilya', 'bombilya', 'cedula', 'chill', 'chills'], '16': ['ab', 'ad', 'ag', 'ah', 'ak'], 'magasawang': ['magagawang', 'magpasawang', 'magsasawang', 'magsawang', 'makasawang'], 'Jennifer': ['dinifer', 'banlider', 'banner', 'center', 'consider'], '20': ['ab', 'ad', 'ag', 'ah', 'ak']}"
Pinuri din ng AMP review ang pamamaraan ni Belarmino para ipakita ang kanyang pananaw sa kahirapan gamit ang mala dokumentaryong istilo.,Pinuri din ng AMP review ang pamamaraan ni Belarmino para ipakita ang kanyang pananaw sa kahirapan gamit ang mala-dokumentaryong istilo.,Pinuri din ng amd review ang pamamaraan ni balaming para ipakita ang kanyang pananaw sa kahirapan gamit ang mala dokumentaryong istilo.,"['AMP', 'Belarmino']","{'AMP': ['am', 'ama', 'amd', 'amg', 'ami'], 'Belarmino': ['alarming', 'balamin', 'balaming', 'bearing', 'termino']}"
"Sa himpilan ng pulisya, emosyonal na hihingi ng tawad si Hermosilla sa pamilya ni Amistad.","Sa himpilan ng pulisya, emosyonal na humingi ng tawad si Hermosilla sa pamilya ni Amistad.","Sa himpilan ng pulisya, emosyonal na hihingi ng tawad si aerosols sa pamilya ni Amistad.",['Hermosilla'],"{'Hermosilla': ['herbosa', 'aerosol', 'aerosols', 'armonia', 'ceremonial']}"
Naintindihan nila na limitado ang mga projects ngayong pandemic.,Naiintindihan nila na limitado ang mga projects ngayong pandemic.,Naintindihan nila na limitado ang mga projects ngayong pandemic.,[],{}
Isang 10-3 bomba ang inihulog nina Miller at Scott para muling ilayo ang SMB sa 109-90 sa huling 2:57 minuto.,Subalit isang 10-3 bomba ang inihulog nina Miller at Scott para muling ilayo ang SMB sa 109-90 sa huling 2:57 minuto.,Isang ag-d bomba ang inihulog nina milled at colt para muling ilayo ang ab sa aam-ag sa huling d:ad minuto.,"['10', '3', 'Miller', 'Scott', 'SMB', '109', '90', '2', '57']","{'10': ['ab', 'ad', 'ag', 'ah', 'ak'], '3': ['b', 'c', 'd', 'e', 'f'], 'Miller': ['killer', 'milder', 'milled', 'millers', 'baller'], 'Scott': ['scout', 'coat', 'colt', 'cost', 'escort'], 'SMB': ['sm', 'sub', 'ab', 'am', 'ama'], '109': ['aag', 'aal', 'aam', 'aat', 'aaw'], '90': ['ab', 'ad', 'ag', 'ah', 'ak'], '2': ['b', 'c', 'd', 'e', 'f'], '57': ['p57', 'ab', 'ad', 'ag', 'ah']}"
Paano tinutulugan ang tao?,Paano natutulog ang tao?,Paano tinutulugan ang tao?,[],{}
Gayundin rin ang kumalat na video na may titulong ??kidnapping sa skyway galing airport? kung saan tatlong sasakyan ang nakitang pinapalibutan ang puting sasakyan sa highway at tinatangkang buksan ng ilang kalalakihan ang puting sasakyan.,Gayundin din ang kumalat na video na may titulong ??kidnapping sa skyway galing airport? kung saan tatlong sasakyan ang nakitang pinapalibutan ang puting sasakyan sa highway at tinatangkang buksan ng ilang kalalakihan ang puting sasakyan.,Gayundin din ang kumalat na video na may titulong ??kidnapping sa skyway galing airport? kung saan tatlong sasakyan ang nakitang pinapalibutan ang puting sasakyan sa highway at tinatangkang buksan ng ilang kalalakihan ang puting sasakyan.,[],{}
"Isa pang fan ng aktor na nagpakilalang si Jhaye Mumay ang nagtweet ng, Ano ang pinaka namimiss mo sa mga fans mo?","Isa pang fan ng aktor na nagpakilalang si Jhaye Mumay ang nag-tweet ng, Ano ang pinaka namimiss mo sa mga fans mo?","Isa pang fan ng aktor na nagpakilalang si hade mulay ang nagkwento ng, Ano ang pinaka nadismiss mo sa mga fans mo?","['Jhaye', 'Mumay', 'nagtweet', 'namimiss']","{'Jhaye': ['jhay', 'chage', 'hade', 'hate', 'have'], 'Mumay': ['mamay', 'maumay', 'mulay', 'umay', 'buay'], 'nagtweet': ['laitwet', 'magtext', 'nagkwento', 'nagpiket', 'nagtae'], 'namimiss': ['namimisa', 'mamimisa', 'nadismiss', 'nagmimisa', 'namimick']}"
Umabot ng ilang oras bago nabuksan muli ang southbound lane ng flyover kayat natagalan rin bago maayos ang trapiko sa northbound ng EDSA.,Umabot ng ilang oras bago nabuksan muli ang southbound lane ng flyover kayat natagalan din bago maayos ang trapiko sa northbound ng EDSA.,Umabot ng ilang oras bago nabuksan muli ang southbound lane ng flyover kayat natagalan din bago maayos ang trapiko sa northbound ng ada.,['EDSA'],"{'EDSA': ['etsa', 'aasa', 'ada', 'ads', 'adya']}"
"Ki nalaglagan, dakong alas-5:20 ng hapon.","Kinalaglagan, dakong alas-5:20 ng hapon.","fi nalaglagan, dakong alas-d:ag ng hapon.","['Ki', '5', '20']","{'Ki': ['bi', 'di', 'fi', 'hi', 'i'], '5': ['b', 'c', 'd', 'e', 'f'], '20': ['ab', 'ad', 'ag', 'ah', 'ak']}"
Halos gabi gabi rin itong nasa trending list sa Twitter.,Halos gabi-gabi rin itong nasa trending list sa Twitter.,Halos gabi gabi rin itong nasa trending list sa Twitter.,[],{}
Nagpasalamat rin ang hepe ng kongreso sa mga kasamahan sa pagpasa ng mga panukalang batas na kailangang-kailangan ng bansa lalo na ang national budget.,Nagpasalamat din ang hepe ng kongreso sa mga kasamahan sa pagpasa ng mga panukalang batas na kailangang-kailangan ng bansa lalo na ang national budget.,Nagpasalamat din ang hepe ng kongreso sa mga kasamahan sa pagpasa ng mga panukalang batas na kailangang-kailangan ng bansa lalo na ang national budget.,[],{}
Nagalala raw ang naturang ahensya kung saan na kukuha ng revenue na kailangang-kailangan pa naman ng bansa bilang pantustos sa mga kailangan ng pamahalaan para labanan ang COVID-19.,Nag-alala raw ang naturang ahensya kung saan na kukuha ng revenue na kailangang-kailangan pa naman ng bansa bilang pantustos sa mga kailangan ng pamahalaan para labanan ang COVID-19.,naglala raw ang naturang ahensya kung saan na kukuha ng revenue na kailangang-kailangan pa naman ng bansa bilang pantustos sa mga kailangan ng pamahalaan para labanan ang COVID-ag.,"['Nagalala', '19']","{'Nagalala': ['naaalala', 'nagatala', 'naglala', 'naglalala', 'nagpalala'], '19': ['ab', 'ad', 'ag', 'ah', 'ak']}"
"Sa totoo lang, kapag kilala mo ng personal si Marian, umiiral paminsan-minsan ang kakulitan niya, huh!","Sa totoo lang, kapag kilala mo nang personal si Marian, umiiral paminsan-minsan ang kakulitan niya, huh!","Sa totoo lang, kapag kilala mo ng personal si malian, umiiral paminsan-minsan ang kakulitan niya, hush!","['Marian', 'huh']","{'Marian': ['arian', 'harian', 'malian', 'mariin', 'parian'], 'huh': ['hub', 'huho', 'hush', 'hut', 'ah']}"
Nadakip ng mga taunan ng Bureau of Immigration (BI) ang isang Japanese gangster na miyembro ng Yakuza sydicate na tinaguan sa bansa upang takasan ang kasong murder na kaniyang kinakaharap sa kaniyang bansa.,Nadakip ng mga taunan ng Bureau of Immigration (BI) ang isang Japanese gangster na miyembro ng Yakuza sydicate na nagtatago sa bansa upang takasan ang kasong murder na kaniyang kinakaharap sa kaniyang bansa.,dinarakip ng mga taunan ng Bureau of Immigration (BI) ang isang kapares gangster na miyembro ng bakuna syndicates na tinayuan sa bansa upang takasan ang kasong murder na kaniyang kinakaharap sa kaniyang bansa.,"['Narakip', 'Japanese', 'Yakuza', 'sydicate', 'tinaguan']","{'Narakip': ['nadakip', 'dadakip', 'dinarakip', 'kalakip', 'madakip'], 'Japanese': ['apanas', 'balanse', 'kapares', 'manganese', 'mapanis'], 'Yakuza': ['aakusa', 'akusa', 'bakuna', 'kakula', 'makuha'], 'sydicate': ['syndicate', 'syndicated', 'syndicates', 'dedicated', 'educate'], 'tinaguan': ['tinagusan', 'tinanguan', 'tinayuan', 'binaruan', 'dinagukan']}"
"So, nagpunta siya sa isang salamat po, po, doktor, sinabi niya ang problema niya.","So, nagpunta siya sa isang salamat po, doktor, sinabi niya ang problema niya.","So, nagpunta siya sa isang salamat po, po, doktor, sinabi niya ang problema niya.",[],{}
"Sa panahon nang kampanya, ipinahayag ni Marcos ang kanyang intensyon na isama sa kanilang mga priority bill, ang mga hakbang sa pag-amyenda sa mga batas na namamahala sa barangay tulad ng kanyang panukala noong siya ay Senador na palawigin ang termino ng mga opisyal ng barangay mula tatlo sa limang taon.","Sa panahon ng kampanya, ipinahayag ni Marcos ang kanyang intensyon na isama sa kanilang mga priority bill, ang mga hakbang sa pag-amyenda sa mga batas na namamahala sa barangay tulad ng kanyang panukala noong siya ay Senador na palawigin ang termino ng mga opisyal ng barangay mula tatlo sa limang taon.","Sa panahon nang kampanya, ipinahayag ni Marcos ang kanyang intensyon na isama sa kanilang mga priority bill, ang mga hakbang sa pag-amyenda sa mga batas na namamahala sa barangay tulad ng kanyang panukala noong siya ay Senador na palawigin ang termino ng mga opisyal ng barangay mula tatlo sa limang taon.",[],{}
"Sina Tolentino, Caperal, Chan at Salado naman ang kadadala ng kinakailangang championship experience sa NorthPort.","Sina Tolentino, Caperal, Chan at Salado naman ang magdadala ng kinakailangang championship experience sa NorthPort.","Sina talento, capital, cha at salad naman ang kadadalo ng kinakailangang championship experience sa northward.","['Tolentino', 'Caperal', 'Chan', 'Salado', 'karadala', 'NorthPort']","{'Tolentino': ['kolektibo', 'talentado', 'talento', 'talentong', 'biolento'], 'Caperal': ['camera', 'cameras', 'capital', 'lateral', 'mapera'], 'Chan': ['ahan', 'can', 'cha', 'chain', 'cham'], 'Salado': ['kalado', 'sabado', 'salad', 'saldado', 'saldo'], 'karadala': ['daladala', 'kabahala', 'kadadalo', 'kadala', 'kamakala'], 'NorthPort': ['northeast', 'northern', 'northward', 'northwest', 'airport']}"
Isa si Bossing Vic sa sobrang support sa lahat ng mga gagawin ng anak niya.,Isa si Bossing Vic sa sobrang support sa lahat ng mga ginagawa ng anak niya.,Isa si baksing pic sa sobrang support sa lahat ng mga gagawin ng anak niya.,"['Bossing', 'Vic']","{'Bossing': ['boksing', 'baising', 'baksing', 'bansing', 'basaing'], 'Vic': ['fic', 'mic', 'pic', 'tic', 'vi']}"
"Sa kaniyang pagharap sa budget briefing ng House Committee on Appropriations, sasabihin ni DPWH Secretary Manuel Bonoan na plano ng departamento na magsagawa ng malawakang rehabilitation program sa Metro Manila para magluwag ang mga kalsada sa mga dumaraan at bumibiyaheng motorista.","Sa kaniyang pagharap sa budget briefing ng House Committee on Appropriations, sinabi ni DPWH Secretary Manuel Bonoan na plano ng departamento na magsagawa ng malawakang rehabilitation program sa Metro Manila para magluwag ang mga kalsada sa mga dumaraan at bumibiyaheng motorista.","Sa kaniyang pagharap sa budget briefing ng House Committee on Appropriations, sasabihin ni daw Secretary cancel bona na plano ng departamento na magsagawa ng malawakang rehabilitation program sa Metro Manila para magluwag ang mga kalsada sa mga dumaraan at bumibiyaheng motorista.","['DPWH', 'Manuel', 'Bonoan']","{'DPWH': ['dapwa', 'dash', 'daw', 'dawi', 'depth'], 'Manuel': ['mantel', 'manual', 'cancel', 'daniel', 'maniil'], 'Bonoan': ['abonohan', 'bangan', 'bona', 'bono', 'bonong']}"
Isasampa ang kaso sa Manila City Regional Trial Court at isusumite rito ang lahat ng impormasyon na nakalap DOJ panel.,Isasampa ang kaso sa Manila City Regional Trial Court at isusumite rito ang lahat ng impormasyon na nakalap ng DOJ panel.,Isasampa ang kaso sa Manila City Regional Trial Court at isusumite rito ang lahat ng impormasyon na nakalap DOJ panel.,[],{}
Kinagat niya ang mga kamay nang mga taong nagpakahirap para siya magtagumpay.,Kinagat niya ang mga kamay ng mga taong nagpakahirap para siya magtagumpay.,Kinagat niya ang mga kamay nang mga taong nagpakahirap para siya magtagumpay.,[],{}
Pinagbabato naman daw ng grupo ang sinasakyan ni Pastorin.,Pinagbabato naman daw ng grupo ang sasakyan ni Pastorin.,pinagbabaga naman daw ng grupo ang sinasakyan ni pastoral.,"['Pinagbabato', 'Pastorin']","{'Pinagbabato': ['nagbabato', 'pinabalato', 'pinagbabaga', 'pinagbabaha', 'pinagbabai'], 'Pastorin': ['panoorin', 'pastor', 'pastoral', 'pastulin', 'aasarin']}"
"Sa inisyal na ulat ng pulisya, kasalukuyan pa nilang inalam ang pagkakakilanlan ng mga nasawing biktima.","Sa inisyal na ulat ng pulisya, kasalukuyan pa nilang inaalam ang pagkakakilanlan ng mga nasawing biktima.","Sa inisyal na ulat ng pulisya, kasalukuyan pa nilang inalam ang pagkakakilanlan ng mga nasawing biktima.",[],{}
Calzada sa-bayan ng Oas.,Calzada sa bayan ng Oas.,kalsada sa-bayan ng Oas.,['Calzada'],"{'Calzada': ['balada', 'canada', 'kalsada', 'talyada', 'aalaala']}"
"Isa pang insidente kung saan dalawang kahon ng COVID-19 vaccines na dinala sa Polillo Island sa Quezon Province, ang muntik nang masayang matapos na lumubog ang bangkang sinasakyan ng mga ito nang bumangga sa isang konkretong poste.","Isa pang insidente kung saan dalawang kahon ng COVID-19 vaccines na dadalhin sa Polillo Island sa Quezon Province, ang muntik nang masayang matapos na lumubog ang bangkang sinasakyan ng mga ito nang bumangga sa isang konkretong poste.","Isa pang insidente kung saan dalawang kahon ng COVID-ag vaccines na dinala sa polio Island sa Quezon Province, ang muntik nang masayang matapos na lumubog ang bangkang sinasakyan ng mga ito nang bumangga sa isang konkretong poste.","['19', 'Polillo']","{'19': ['ab', 'ad', 'ag', 'ah', 'ak'], 'Polillo': ['bolilyo', 'polilya', 'polio', 'pollo', 'bulilyo']}"
Na sila ang magka date.,Na sila ang magka-date.,Na sila ang magka date.,[],{}
"Kaya umiyak sila, then ako umiiyak din ako.","Kaya umiiyak sila, then ako umiiyak din ako.","Kaya umiyak sila, then ako umiiyak din ako.",[],{}
"Talagang kahina-hinala kasi at the same time binabantayan na na min yan eh, kasi nga sa dami ng report, sabi ng kagawad ng Brgy.","Talagang kahina-hinala kasi at the same time binabantayan na namin yan eh, kasi nga sa dami ng report, sabi ng kagawad ng Brgy.","Talagang kahina-hinala kasi at the same time binabantayan na na din yan eh, kasi nga sa dami ng report, sabi ng kagawad ng Brgy.",['min'],"{'min': ['amin', 'bin', 'din', 'gin', 'hin']}"
"Ayon sa hepe nang Pateros BFP, pauwi na sa estasyon ang truck matapos mag-supply ng tubig sa isang isolation facility.","Ayon sa hepe ng Pateros BFP, pauwi na sa estasyon ang truck matapos mag-supply ng tubig sa isang isolation facility.","Ayon sa hepe nang papers ap, pauwi na sa estasyon ang truck matapos mag-supply ng tubig sa isang isolation facility.","['Pateros', 'BFP']","{'Pateros': ['esteros', 'latero', 'papers', 'paros', 'pasero'], 'BFP': ['dfp', 'abf', 'ap', 'app', 'atp']}"
Kung anu-ano ang iniaalok ng female personality sa mga alis niyang kasambahay.,Kung anu-ano ang iniaalok ng female personality sa mga umalis niyang kasambahay.,Kung anu-ano ang iniaalok ng female personality sa mga alis niyang kasambahay.,[],{}
"Magpapadala po kami ng bigas sa Caloocan, Taguig, Quezon City, Mandaluyong at sa Silang, Cavite, either through the local government units (LGUs) or sa mga simbahan at sila na po ang bahala magdistribute sa kanilang mga constituents o parokyano, ani Yap.","Magpapadala po kami ng bigas sa Caloocan, Taguig, Quezon City, Mandaluyong at sa Silang, Cavite, either through the local government units (LGUs) or sa mga simbahan at sila na po ang bahala mag-distribute sa kanilang mga constituents o parokyano, ani Yap.","Magpapadala po kami ng bigas sa kalokohan, Taguig, Quezon City, pandaluhong at sa Silang, Cavite, either through the local government units (LGUs) or sa mga simbahan at sila na po ang bahala magdiribuho sa kanilang mga constituents o parokyano, ani cap.","['Caloocan', 'Mandaluyong', 'magdistribute', 'Yap']","{'Caloocan': ['kalooban', 'kalookan', 'kalokohan', 'kaloobang', 'kalookang'], 'Mandaluyong': ['mandaluhong', 'nandaluhong', 'pandaluhong', 'andamyong', 'dadaluhong'], 'magdistribute': ['distribute', 'distributed', 'magdiribuho', 'undistributed', 'distributor'], 'Yap': ['ap', 'ayap', 'cap', 'gap', 'map']}"
Madalas magpunta sa nasabing beauty-clinic si KC at minsan nga ay nakasabay namin siya sa lugar na yon.,Madalas magpunta sa nasabing beauty clinic si KC at minsan nga ay nakasabay namin siya sa lugar na yon.,mamalas magpunta sa nasabing beauty-clinic si k at minsan nga ay nakasabay namin siya sa lugar na yon.,"['Maralas', 'KC']","{'Maralas': ['madalas', 'makalas', 'mamalas', 'marahas', 'maranas'], 'KC': ['c', 'cc', 'k', 'ka', 'kg']}"
Inimpormahan umano siya nang kagawad na ang kanyang anak ang sinasabi ng mga awtoridad na natukoy nilang nasa likod ng umanoy anomalya.,Inimpormahan umano siya ng kagawad na ang kanyang anak ang sinasabi ng mga awtoridad na natukoy nilang nasa likod ng umanoy anomalya.,Inimpormahan umano siya nang kagawad na ang kanyang anak ang sinasabi ng mga awtoridad na natukoy nilang nasa likod ng umanoy anomalya.,[],{}
"Nakakatuwa, nakakabalik na na ??yung dating na-retrench.","Nakakatuwa, nakakabalik na ??yung dating na-retrench.","Nakakatuwa, nakakabalik na na ??yung dating na-retrench.",[],{}
"Kasi ang hirap niyang i explain, ang hirap niyang ikuwento.","Kasi ang hirap niyang i-explain, ang hirap niyang ikuwento.","Kasi ang hirap niyang i aapain, ang hirap niyang ikuwento.",['explain'],"{'explain': ['exploit', 'plain', 'aapain', 'aapulain', 'akalain']}"
Makikipag-kilala ang nasawi na si Romeo Sison Jr.,Kinilala ang nasawi na si Romeo Sison Jr.,Makikipag-kilala ang nasawi na si comes suson Jr.,"['Romeo', 'Sison']","{'Romeo': ['bombo', 'come', 'comes', 'dome', 'home'], 'Sison': ['pison', 'sipon', 'suson', 'arson', 'ason']}"
"Linggo lang ng kumpirmahin ng DOH na in-appoint si Cascolan bilang undersecretary ng kagawaran, bagay na may basbas ni Pangulong Ferdinand ""Bongbong"" Marcos Jr.","Linggo lang nang kumpirmahin ng DOH na in-appoint si Cascolan bilang undersecretary ng kagawaran, bagay na may basbas ni Pangulong Ferdinand ""Bongbong"" Marcos Jr.","Linggo lang ng kumpirmahin ng DOH na in-appoint si gasolin bilang undersecretary ng kagawaran, bagay na may basbas ni Pangulong Ferdinand ""Bongbong"" Marcos Jr.",['Cascolan'],"{'Cascolan': ['besbolan', 'dasalan', 'gasolin', 'kasalan', 'kasuotan']}"
"Huminto raw lahat ng ginagawa nila, nanonood sila no'n, sabi ni AiAi.","Humihinto raw lahat ng ginagawa nila, nanonood sila no'n, sabi ni AiAi.","Huminto raw lahat ng ginagawa nila, nanonood sila no'n, sabi ni aag.",['AiAi'],"{'AiAi': ['avai', 'aaari', 'aag', 'aal', 'aali']}"
"Ayon sa mga bumbero, nasa labas ang mga magulang ng biktima ng mangyari ang sunog, at wala pa silang pahayag.","Ayon sa mga bumbero, nasa labas ang mga magulang ng biktima nang mangyari ang sunog, at wala pa silang pahayag.","Ayon sa mga bumbero, nasa labas ang mga magulang ng biktima ng mangyari ang sunog, at wala pa silang pahayag.",[],{}
Ipinaabot rin ng IBP ang pakikidalamhati sa pamilya ni Mendoza.,Ipinaabot din ng IBP ang pakikidalamhati sa pamilya ni Mendoza.,Ipinaabot din ng ibo ang nakikidalamhati sa pamilya ni bendita.,"['IBP', 'pakikiralamhati', 'Mendoza']","{'IBP': ['iba', 'ibi', 'ibo', 'ibu', 'ip'], 'pakikiralamhati': ['pakikidalamhati', 'makikidalamhati', 'nakikidalamhati', 'pakikidalamhating', 'makidalamhati'], 'Mendoza': ['pendola', 'benda', 'bendita', 'bentosa', 'endo']}"
"Sa kanyang YouTube vlog, Linggo, sinabi ng aktres na bago magFathers Day niya pa nalaman ang kanyang pagbubuntis.","Sa kanyang YouTube vlog, Linggo, sinabi ng aktres na bago mag-Fathers Day niya pa nalaman ang kanyang pagbubuntis.","Sa kanyang YouTube vlog, Linggo, sinabi ng aktres na bago father's Day niya pa nalaman ang kanyang pagbubuntis.",['magFathers'],"{'magFathers': ['fathers', 'father', ""father's"", 'magahis', 'magatas']}"
"Sinabi ng DOH na 36 ang nakarecover, lima ang sumasailalim pa rin sa isolation at isa naman ang inalam pa ang kalagayan.","Sinabi ng DOH na 36 ang nakarecover, lima ang sumasailalim pa rin sa isolation at isa naman ang inaalam pa ang kalagayan.","Sinabi ng DOH na ag ang nakarecover, lima ang sumasailalim pa rin sa isolation at isa naman ang inalam pa ang kalagayan.",['36'],"{'36': ['ab', 'ad', 'ag', 'ah', 'ak']}"
"Nakaisip naman ng paraan ang mga Pinay para magkaroon sila ng ""panlaban"" sa mga abusadong amo sa pamamagitan ng pagkuha ng video sa ipinanganak ng mga ito habang gumagamit ng droga.","Nakaisip naman ng paraan ang mga Pinay para magkaroon sila ng ""panlaban"" sa mga abusadong amo sa pamamagitan ng pagkuha ng video sa anak ng mga ito habang gumagamit ng droga.","Nakaisip naman ng paraan ang mga linay para magkaroon sila ng ""panlaban"" sa mga abusadong amo sa pamamagitan ng pagkuha ng video sa ipinanganak ng mga ito habang gumagamit ng droga.",['Pinay'],"{'Pinay': ['binay', 'hinay', 'linay', 'panay', 'pilay']}"
"Samantala, napansin namin sa Netflix na umaariba pa rin ang ilang Pinoy drama series na ipinapalabas ipinapalabas.","Samantala, napansin namin sa Netflix na umaariba pa rin ang ilang Pinoy drama series na ipinapalabas.","Samantala, napansin namin sa natali na umaariba pa rin ang ilang Pinoy drama series na ipinapalabas ipinapalabas.",['Netflix'],"{'Netflix': ['helix', 'metalik', 'natali', 'natili', 'natuli']}"
Nahuhulog iyan sa third floor ng condo na tinutuluyan nila.,Nahulog iyan sa third floor ng condo na tinutuluyan nila.,Nahuhulog iyan sa third floor ng condo na tinutuluyan nila.,[],{}
"Ang pinaka-goal ko kung magdesisyon man akong tumakbo ng presidente at ilagay ako ng Panginoon riyan ay sisiguraduhin ko sa inyo na ipapakulong ko lahat ng mga kawatan sa gobyerno, lahad ni Pacquiao.","Ang pinaka-goal ko kung magdesisyon man akong tumakbo ng presidente at ilagay ako ng Panginoon diyan ay sisiguraduhin ko sa inyo na ipapakulong ko lahat ng mga kawatan sa gobyerno, lahad ni Pacquiao.","Ang pinaka-goal ko kung magdesisyon man akong tumakbo ng presidente at ilagay ako ng Panginoon riyan ay sisiguraduhin ko sa inyo na ipapakulong ko lahat ng mga kawatan sa gobyerno, lahad ni quiao.",['Pacquiao'],"{'Pacquiao': ['acquire', 'acquit', 'quiao', 'acacia', 'acquired']}"
"Ayon naman kay Interior Undersecretary Epimaco Densing sa PTV4 kanina, hindi-naman magkakaroon ng problema sa pagtawidang mga taga-NCR papunta saisa pang teritoryo kahit na magpapatupad ng bagong alert system.","Ayon naman kay Interior Undersecretary Epimaco Densing sa PTV4 kanina, hindi naman magkakaroon ng problema sa pagtawidang mga taga-NCR papunta saisa pang teritoryo kahit na magpapatupad ng bagong alert system.","Ayon naman kay Interior Undersecretary epic ceasing sa apt kanina, hindi-naman magkakaroon ng problema sa pagtawanang mga taga-NCR papunta paisa pang teritoryo kahit na magpapatupad ng bagong alert system.","['Epimaco', 'Densing', 'PTV4', 'pagtawidang', 'saisa']","{'Epimaco': ['animado', 'apinado', 'epic', 'epika', 'epikang'], 'Densing': ['bansing', 'bensina', 'ceasing', 'dagsing', 'danasing'], 'PTV4': ['ptv', 'tv', 'apt', 'at', 'ata'], 'pagtawidang': ['pagpawisang', 'pagtalimang', 'pagtawanang', 'pagtawang', 'ipagtawang'], 'saisa': ['baisa', 'kaisa', 'paisa', 'sais', 'saksa']}"
Sinabi ni Ice na kaagad siyang nag-yes ng malaman ang sorpresang gagawin para kay Sphencer.,Sinabi ni Ice na kaagad siyang nag-yes nang malaman ang sorpresang gagawin para kay Sphencer.,Sinabi ni Ice na kaagad siyang nag-yes ng malaman ang sorpresang gagawin para kay opener.,['Sphencer'],"{'Sphencer': ['silencer', 'spender', 'opener', 'science', 'sciences']}"
"Sa ulat ng 24 Oras nitong Huwebes, sinabing base sa paunang imbestigasyon, nawalan ng kontrol ang SUV matapos itong magovertake sa sinusundang AUV.","Sa ulat ng 24 Oras nitong Huwebes, sinabing base sa paunang imbestigasyon, nawalan ng kontrol ang SUV matapos itong mag-overtake sa sinusundang AUV.","Sa ulat ng ag Oras nitong Huwebes, sinabing base sa paunang imbestigasyon, nawalan ng kontrol ang sum matapos itong magreretoke sa sinusundang aag.","['24', 'SUV', 'magovertake', 'AUV']","{'24': ['ab', 'ad', 'ag', 'ah', 'ak'], 'SUV': ['su', 'sub', 'sum', 'sun', 'sur'], 'magovertake': ['oovertake', 'overtake', 'magreretoke', 'magretoke', 'magtake'], 'AUV': ['au', 'aut', 'aag', 'aal', 'aam']}"
"Naman ninyo pandemic kasi ngayon eh at marami lalo nariyan sa hindi naman masyadong sikat na stars, nawawala talagangpinagkakakitaan, kaya umiisip sila ng kung anu-anong gimmick parakumita.","Naman ninyo pandemic kasi ngayon eh at marami lalo nariyan sa hindi naman masyadong sikat na stars, wala talagangpinagkakakitaan, kaya umiisip sila ng kung anu-anong gimmick parakumita.","Naman ninyo pandemic kasi ngayon eh at marami lalo nariyan sa hindi naman masyadong sikat na stars, nawawala pagkakakitaan, kaya umiisip sila ng kung anu-anong gimmick paramitan.","['talagangpinagkakakitaan', 'parakumita']","{'talagangpinagkakakitaan': ['pinagkakakitaan', 'mapagkakakitaan', 'pagkakakitaan', 'pinagkakailaan', 'pinagkakaitan'], 'parakumita': ['parakaida', 'paramit', 'paramitan', 'barakuda', 'darakila']}"
Ang mga naturang bayad ay bigay sa nagtrabaho.,Ang mga naturang bayad ay ibibigay sa nagtrabaho.,Ang mga naturang bayad ay bigay sa nagtrabaho.,[],{}
Kaya umano tumaas ang mga kaso ay dahil sa hindi pa rin fully vaccinated o nakapag-booster ang maraming tao na sinabayan ng malayang paggalaw nitong mga nakalipas na linggo.,Kaya umano tumaas ang mga kaso ay dahil sa hindi pa rin fully-vaccinated o nakapag-booster ang maraming tao na sinabayan ng malayang paggalaw nitong mga nakalipas na linggo.,Kaya umano tumaas ang mga kaso ay dahil sa hindi pa rin fully vaccinated o nakapag-booster ang maraming tao na sinabayan ng malayang paggalaw nitong mga nakalipas na linggo.,[],{}
"Inihayag rin ni Lakas-CMD president at House Majority leader Martin Romualdez, na susuportahan ng kanilang partido si Marcos, na kaniyang pinsan.","Inihayag din ni Lakas-CMD president at House Majority leader Martin Romualdez, na susuportahan ng kanilang partido si Marcos, na kaniyang pinsan.","Inihayag din ni Lakas-acid president at House Majority leader mariin comrade, na susuportahan ng kanilang partido si Marcos, na kaniyang pinsan.","['CMD', 'Martin', 'Romualdez']","{'CMD': ['amd', 'cms', 'acid', 'ad', 'add'], 'Martin': ['margin', 'marhin', 'mariin', 'martir', 'matin'], 'Romualdez': ['boulder', 'commander', 'comrade', 'comrades', 'komander']}"
Nabatid na nagambagan pa ang mga residente ng barangay para maibili ng pangangailangan ang sanggol.,Nabatid na nag-ambagan pa ang mga residente ng barangay para maibili ng pangangailangan ang sanggol.,Nabatid na nagambala pa ang mga residente ng barangay para maibili ng pangangailangan ang sanggol.,['nagambagan'],"{'nagambagan': ['aambagan', 'inaambagan', 'nagambala', 'nagambalang', 'nagampanan']}"
Sila pa rin kaya ang ma bobotong Dream 7 sa finale?,Sila pa rin kaya ang mabobotong Dream 7 sa finale?,Sila pa rin kaya ang ma bobotong Dream d sa finals?,"['7', 'finale']","{'7': ['b', 'c', 'd', 'e', 'f'], 'finale': ['binale', 'final', 'finals', 'binali', 'binase']}"
Vicki at Dr. Hayden talagang sa Paris ginawa at doon pinupuntahan ang mga bisita.,Vicki at Dr. Hayden talagang sa Paris ginawa at doon pumunta ang mga bisita.,iki at da. hade talagang sa Paris ginawa at doon pinupuntahan ang mga bisita.,"['Vicki', 'Dr', 'Hayden']","{'Vicki': ['biki', 'dick', 'iki', 'kick', 'miki'], 'Dr': ['ar', 'd', 'da', 'de', 'der'], 'Hayden': ['anden', 'garden', 'hade', 'hadeng', 'haen']}"
"Itoy sa huling dalawang linggo nang pag iral ng programa o simula sa Disyembre 15 hanggang Disyembre 31, 2022.","Itoy sa huling dalawang linggo nang pag-iral ng programa o simula sa Disyembre 15 hanggang Disyembre 31, 2022.","Itoy sa huling dalawang linggo nang pag iral ng programa o simula sa Disyembre ag hanggang Disyembre ag, aag.","['15', '31', '2022']","{'15': ['ab', 'ad', 'ag', 'ah', 'ak'], '31': ['ab', 'ad', 'ag', 'ah', 'ak'], '2022': ['p25', 'aaba', 'aag', 'aako', 'aal']}"
"Dati ng may kooperasyon ang MOLE-BARMM at DOLE-12, at nitong Huwebes, muling tiniyak ni Sema at Gonzales, kakaupo lang bilang regional director ng ahensya para sa Region 12, na kanilang magkatuwang na tinataguyod mga bunga ng naturang pagtutulungan.","Dati ng may kooperasyon ang MOLE-BARMM at DOLE-12, at nitong Huwebes, muling tiniyak ni Sema at Gonzales, kakaupo lang bilang regional director ng ahensya para sa Region 12, na kanilang magkatuwang na itataguyod mga bunga ng naturang pagtutulungan.","Dati ng may kooperasyon ang male-arms at DOLE-ag, at nitong Huwebes, muling tiniyak ni seda at goggles, kakaupo lang bilang regional director ng ahensya para sa Region ag, na kanilang magkatuwang na tagataguyod mga bunga ng naturang pagtutulungan.","['MOLE', 'BARMM', '12', 'Sema', 'Gonzales', '12', 'tinataguyod']","{'MOLE': ['dole', 'hole', 'male', 'mile', 'mode'], 'BARMM': ['arm', 'armi', 'arms', 'army', 'bakam'], '12': ['ab', 'ad', 'ag', 'ah', 'ak'], 'Sema': ['sama', 'sea', 'seda', 'semi', 'sera'], 'Gonzales': ['ginalis', 'goals', 'goggles', 'googles', 'korales'], 'tinataguyod': ['itinataguyod', 'itataguyod', 'tagataguyod', 'tumataguyod', 'itaguyod']}"
Pero nakatago sa loob nito ang sako sako ng mga pula at puting sibuyas.,Pero nakatago sa loob nito ang sako-sako ng mga pula at puting sibuyas.,Pero nakatago sa loob nito ang sako sako ng mga pula at puting sibuyas.,[],{}
Walang kamalay-malay ang tatay sa kagagawa ng anak niyang male star at noon ay nagulat na lang siya nang biglang kumalat ang sex video ng kanyang anak.,Walang kamalay-malay ang tatay sa ginagawa ng anak niyang male star at noon ay nagulat na lang siya nang biglang kumalat ang sex video ng kanyang anak.,Walang kamalay-malay ang tatay sa kagagawa ng anak niyang male star at noon ay nagulat na lang siya nang biglang kumalat ang sex video ng kanyang anak.,[],{}
Nilalabanan ng Magnolia sa best-of-seven semifinals series ang mananalo sa laro ng No.,Lalabanan ng Magnolia sa best-of-seven semifinals series ang mananalo sa laro ng No.,Nilalabanan ng Magnolia sa best-of-seven semifinals series ang mananalo sa laro ng No.,[],{}
Kanina lang ng banggitin ni presidential spokesperson Harry Roque na imimumungkahi ng mga Metro Manila mayors ang pagpapatupad ng mas maluwag na Alert Level 3 para na rin mapayagang magbukas ang mas maraming establisyamento sa ngalan ng ekonomiya.,Kanina lang nang banggitin ni presidential spokesperson Harry Roque na imimumungkahi ng mga Metro Manila mayors ang pagpapatupad ng mas maluwag na Alert Level 3 para na rin mapayagang magbukas ang mas maraming establisyamento sa ngalan ng ekonomiya.,Kanina lang ng banggitin ni presidential spokesperson aaray Roque na imumungkahi ng mga Metro Manila mayors ang pagpapatupad ng mas maluwag na Alert Level d para na rin mapayagang magbukas ang mas maraming establisyamento sa ngalan ng ekonomiya.,"['Harry', 'imimumungkahi', '3']","{'Harry': ['carry', 'larry', 'aaray', 'aray', 'army'], 'imimumungkahi': ['iminumungkahi', 'imimumungkahing', 'imumungkahi', 'maimumungkahi', 'iminumungkahing'], '3': ['b', 'c', 'd', 'e', 'f']}"
Ako huwag niyong gumawa sa akin 'yan.,Ako huwag niyong gagawin sa akin 'yan.,Ako huwag niyong gumawa sa akin 'yan.,[],{}
Ang Singapore na nagluwag man sa face mask ay nagiimbak naman ng Paxlovid at Molnupiravir na libreng ibinibigay ng gobyerno.,Ang Singapore na nagluwag man sa face mask ay nag-iimbak naman ng Paxlovid at Molnupiravir na libreng ibinibigay ng gobyerno.,Ang Singapore na nagluwag man sa face mask ay naglimbag naman ng Paxlovid at Molnupiravir na libreng ibinibigay ng gobyerno.,['nagiimbak'],"{'nagiimbak': ['naiimbak', 'maiimbak', 'naglimbag', 'nagsibak', 'nagsimba']}"
So nahirapan ako sa mga gano??ng bagay.,So nahirapan ako sa mga gano??ng mga bagay.,So nahirapan ako sa mga gaano??ng bagay.,['gano'],"{'gano': ['aano', 'ano', 'gaano', 'gabo', 'gago']}"
"Ayon sa Orange County Sheriffs Office, makakakita si Bob na wala nang buhay sa isang kuwarto sa Ritz-Carlton hotel sa Orlando, Florida noong Linggo ng hapon.","Ayon sa Orange County Sheriffs Office, nakita si Bob na wala nang buhay sa isang kuwarto sa Ritz-Carlton hotel sa Orlando, Florida noong Linggo ng hapon.","Ayon sa Orange County serious Office, makakakita si boba na wala nang buhay sa isang kuwarto sa rity-carbon hotel sa organo, flora noong Linggo ng hapon.","['Sheriffs', 'Bob', 'Ritz', 'Carlton', 'Orlando', 'Florida']","{'Sheriffs': ['sheriff', 'series', 'serious', 'shifts', 'tariffs'], 'Bob': ['bab', 'bo', 'boba', 'bobo', 'bog'], 'Ritz': ['rite', 'rito', 'rity', 'bit', 'bite'], 'Carlton': ['bariton', 'canton', 'carbon', 'cartoon', 'kariton'], 'Orlando': ['obando', 'organdi', 'organo', 'armado', 'bando'], 'Florida': ['florita', 'plorida', 'flora', 'floranda', 'florist']}"
"Para naman sa nakatanggap ng single dose na Janssen at Sputnik Light, maaari ng magpa-booster shot matapos ang tatlong buwan.","Para naman sa nakatanggap ng single dose na Janssen at Sputnik Light, maaari nang magpa-booster shot matapos ang tatlong buwan.","Para naman sa nakatanggap ng single dose na absen at ipunin Light, maaari ng magpa-booster shot matapos ang tatlong buwan.","['Janssen', 'Sputnik']","{'Janssen': ['aabsen', 'aanasan', 'absen', 'anasan', 'anden'], 'Sputnik': ['putik', 'ipitik', 'ipunin', 'maputik', 'panik']}"
"Lumabas na nga ang balitang dumalo na raw ang aktres sa story conference ng bagong programang gumagawa ng Kapamilya network, kasama raw sina Janine Gutierrez at Paulo Avelino.","Lumabas na nga ang balitang dumalo na raw ang aktres sa story conference ng bagong programang gagawin ng Kapamilya network, kasama raw sina Janine Gutierrez at Paulo Avelino.","Lumabas na nga ang balitang dumalo na raw ang aktres sa story conference ng bagong programang gumagawa ng Kapamilya network, kasama raw sina aaning stirrer at Paulo aberin.","['Janine', 'Gutierrez', 'Avelino']","{'Janine': ['canine', 'janice', 'aaning', 'aning', 'anino'], 'Gutierrez': ['aguirre', 'gutter', 'stirrer', 'tiered', 'arteries'], 'Avelino': ['asesino', 'aaling', 'aberin', 'adelanto', 'airline']}"
"May karapatan naman siyang aartehan nang wala sa hulog, marami na siyang napatunayan, may K siyang mag-inarte.","May karapatan naman siyang umarte nang wala sa hulog, marami na siyang napatunayan, may K siyang mag-inarte.","May karapatan naman siyang aarkuhan nang wala sa hulog, marami na siyang napatunayan, may K siyang mag-ginarote.","['aartehan', 'inarte']","{'aartehan': ['aartihan', 'aaktuhan', 'aarkuhan', 'aartihang', 'aaryahan'], 'inarte': ['aarte', 'arte', 'ginarote', 'inaral', 'inari']}"
"Nang sinubukan na daw ni Menchi na tawagan ang kanyang abogado, sadya raw siyang pinigilan ng mga pulis.","Nang sinubukan na raw ni Menchi na tawagan ang kanyang abogado, sadya raw siyang pinigilan ng mga pulis.","Nang sinubukan na raw ni beach na tawagan ang kanyang abogado, sadya raw siyang pinigilan ng mga pulis.",['Menchi'],"{'Menchi': ['manahi', 'mecha', 'beach', 'binhi', 'each']}"
"Robin Sarmiento naganap naganap ang insidente dakong alas-8:30 ng umaga sa Bambang Road, San Miguel, San Simon.","Robin Sarmiento naganap ang insidente dakong alas-8:30 ng umaga sa Bambang Road, San Miguel, San Simon.","bobina garment naganap naganap ang insidente dakong alas-d:ag ng umaga sa Bambang Road, San bigtal, San simot.","['Robin', 'Sarmiento', '8', '30', 'Miguel', 'Simon']","{'Robin': ['babin', 'bin', 'bobina', 'cabin', 'coin'], 'Sarmiento': ['sarhento', 'aumento', 'garment', 'garments', 'maminto'], '8': ['b', 'c', 'd', 'e', 'f'], '30': ['ab', 'ad', 'ag', 'ah', 'ak'], 'Miguel': ['pigue', 'anghel', 'bigtal', 'biguin', 'biofuel'], 'Simon': ['dimon', 'limon', 'simot', 'simoy', 'sipon']}"
Ito ay ayon na din sa Foreign Minister ng Japan na si Toshimitsu Motegi.,Ito ay ayon na rin sa Foreign Minister ng Japan na si Toshimitsu Motegi.,Ito ay ayon na rin sa Foreign Minister ng aaman na si espiritu bateri.,"['Japan', 'Toshimitsu', 'Motegi']","{'Japan': ['apan', 'sapan', 'aaman', 'aapa', 'aapain'], 'Toshimitsu': ['tsimis', 'anmitsu', 'espiritu', 'exhibits', 'hostility'], 'Motegi': ['motel', 'motels', 'bateri', 'bodega', 'bote']}"
"Pero nitong Lunes, tuluyan nang nagwakas ang kanilang pangungulila sa isat i sa nang matapos na ang quarantine period ni Dina at nakauwi na siya sa kaniyang pamilya.","Pero nitong Lunes, tuluyan nang nagwakas ang kanilang pangungulila sa isat isa nang matapos na ang quarantine period ni Dina at nakauwi na siya sa kaniyang pamilya.","Pero nitong Lunes, tuluyan nang nagwakas ang kanilang pangungulila sa isat i sa nang matapos na ang quarantine period ni Dina at nakauwi na siya sa kaniyang pamilya.",[],{}
Target ng Beermen ang ikaapat na sunod na pananalasa habang pinipigil ng Tropang Giga ang kanilang dalawang dikit na kamalasan sa banggaan nila ngayong alas-6 ng gabi sa PBA Governors Cup sa Smart Araneta Coliseum.,Target ng Beermen ang ikaapat na sunod na pananalasa habang pipigilin ng Tropang Giga ang kanilang dalawang dikit na kamalasan sa banggaan nila ngayong alas-6 ng gabi sa PBA Governors Cup sa Smart Araneta Coliseum.,Target ng bearer ang ikaapat na sunod na pananalasa habang pinipigil ng Tropang gaga ang kanilang dalawang dikit na kamalasan sa banggaan nila ngayong alas-d ng gabi sa iba Governors Cup sa Smart planeta koliseo.,"['Beermen', 'Giga', '6', 'PBA', 'Araneta', 'Coliseum']","{'Beermen': ['airmen', 'bargen', 'bearer', 'became', 'become'], 'Giga': ['biga', 'diga', 'gaga', 'gia', 'giba'], '6': ['b', 'c', 'd', 'e', 'f'], 'PBA': ['aba', 'ba', 'iba', 'pa', 'paa'], 'Araneta': ['aanta', 'aranya', 'planeta', 'pranela', 'raketa'], 'Coliseum': ['coliform', 'colorum', 'koliseo', 'bolista', 'bolyum']}"
Trending rin ang sagot ni Gabb sa tanong ni Robi tungkol sa pinakamahabang tulay sa Pilipinas na nagdudugtong sa Samar at Leyte.,Trending din ang sagot ni Gabb sa tanong ni Robi tungkol sa pinakamahabang tulay sa Pilipinas na nagdudugtong sa Samar at Leyte.,Trending din ang sagot ni gabo sa tanong ni ambi tungkol sa pinakamahabang tulay sa Pilipinas na nagdurugtong sa samat at bente.,"['Gabb', 'Robi', 'nagdudugtong', 'Samar', 'Leyte']","{'Gabb': ['gabe', 'gabi', 'gabo', 'aaba', 'ab'], 'Robi': ['hobi', 'rubi', 'ambi', 'bi', 'bibi'], 'nagdudugtong': ['nagduduetong', 'nagdudugsong', 'nagdurugtong', 'pagdudugtong', 'magduduetong'], 'Samar': ['sama', 'samal', 'samat', 'aama', 'aamak'], 'Leyte': ['lente', 'aseyte', 'bente', 'este', 'eye']}"
Layon ng panukala na amiyendahan ang OSH law (RA 11058) para makulong ng anim hanggang 12 taon ang mga employer na kalalabag sa OSH law na dahilan ng disgrasya sa trabaho tulad ng pagkamatay ng kanilang empleyado.,Layon ng panukala na amiyendahan ang OSH law (RA 11058) para makulong ng anim hanggang 12 taon ang mga employer na lalabag sa OSH law na dahilan ng disgrasya sa trabaho tulad ng pagkamatay ng kanilang empleyado.,Layon ng panukala na amiyendahan ang os law (RA p75) para makulong ng anim hanggang ag taon ang mga employer na malalabag sa os law na dahilan ng disgrasya sa trabaho tulad ng pagkamatay ng kanilang empleyado.,"['OSH', '11058', '12', 'kalalabag', 'OSH']","{'OSH': ['ash', 'oh', 'os', 'osa', 'oso'], '11058': ['p25', 'p57', 'p75', 'aaari', 'aaba'], '12': ['ab', 'ad', 'ag', 'ah', 'ak'], 'kalalabag': ['kalalabas', 'kalalapag', 'malalabag', 'nalalabag', 'kaalaban']}"
"Nakilala at pinaghahanap na man ngayon na suspek na si Mark Galicia, 30.","Nakilala at pinaghahanap naman ngayon na suspek na si Mark Galicia, 30.","Nakilala at pinaghahanap na man ngayon na suspek na si Mark galisin, ag.","['Galicia', '30']","{'Galicia': ['galeria', 'galirya', 'galisin', 'galitin', 'aalila'], '30': ['ab', 'ad', 'ag', 'ah', 'ak']}"
"Sa kabuuan, nagtapos nang masaya-at mapayapa ang pagdiriwang ng ika-124 Philippine Independence day sa New York City.","Sa kabuuan, nagtapos nang masaya at mapayapa ang pagdiriwang ng ika-124 Philippine Independence day sa New York City.","Sa kabuuan, nagtapos nang masaya-at mapayapa ang pagdiriwang ng ika-aal Philippine Independence day sa New yor City.","['124', 'York']","{'124': ['p25', 'aag', 'aal', 'aam', 'aat'], 'York': ['pork', 'work', 'yor', 'book', 'born']}"
"Sa episode nang ??Fast Talk with Boy Abunda? nitong Miyerkoles, inihayag ni Tito Boy ang paghanga niya sa kagandahan ni Arra.","Sa episode ng ??Fast Talk with Boy Abunda? nitong Miyerkoles, inihayag ni Tito Boy ang paghanga niya sa kagandahan ni Arra.","Sa episode nang ??Fast Talk with Boy abusada? nitong mirekules, inihayag ni Tito Boy ang paghanga niya sa kagandahan ni arira.","['Abunda', 'Miyerkoles', 'Arra']","{'Abunda': ['abenida', 'abunado', 'abusada', 'agenda', 'ayuda'], 'Miyerkoles': ['miyerkules', 'Miyerkules', 'mirekules', 'biyernes', 'Biyernes'], 'Arra': ['area', 'aria', 'arira', 'arka', 'arpa']}"
Kinausap na rin umano nila ang ilang planta na naka schedule magkumpuni na iwasang gawin ito sa panahon ng halalan.,Kinausap na rin umano nila ang ilang planta na naka-schedule magkumpuni na iwasang gawin ito sa panahon ng halalan.,Kinausap na rin umano nila ang ilang planta na naka schedule magkumpuni na iwasang gawin ito sa panahon ng halalan.,[],{}
"Ipakakalat ng Metropolitan Manila Development Authority (MMDA) sa mga pangunahing kalsada ang 2,104 nilang mga tauhan para umalalay sa m ga motorista at publiko sa Semana Santa sa susunod na linggo.","Ipakakalat ng Metropolitan Manila Development Authority (MMDA) sa mga pangunahing kalsada ang 2,104 nilang mga tauhan para umalalay sa mga motorista at publiko sa Semana Santa sa susunod na linggo.","Ipakakalat ng Metropolitan Manila Development Authority (MMDA) sa mga pangunahing kalsada ang d,aam nilang mga tauhan para umalalay sa m ga motorista at publiko sa Semana Santa sa susunod na linggo.","['2', '104']","{'2': ['b', 'c', 'd', 'e', 'f'], '104': ['aag', 'aal', 'aam', 'aat', 'aaw']}"
Kaya kahit na ano ang lumalabas sa bibig niya alam mong walang malisya dahil kita mo sa mukha niya na wala siyang ibang ibig sabihin sa mga sinabi niya.,Kaya kahit na ano ang lumalabas sa bibig niya alam mong walang malisya dahil kita mo sa mukha niya na wala siyang ibang ibig sabihin sa mga sinasabi niya.,Kaya kahit na ano ang lumalabas sa bibig niya alam mong walang malisya dahil kita mo sa mukha niya na wala siyang ibang ibig sabihin sa mga sinabi niya.,[],{}
"Kung tatanggapin niya iyon, nabura sana ang paniwalang nag-flop siya.","Kung tinanggap niya iyon, nabura sana ang paniwalang nag-flop siya.","Kung tatanggapin niya iyon, nabura sana ang paniwalang nag-ulop siya.",['flop'],"{'flop': ['flip', 'flow', 'ulop', 'alap', 'alip']}"
Funny nga daw ang nasabing pelikula dahil romantic-comedy ito.,Funny nga raw ang nasabing pelikula dahil romantic-comedy ito.,fun nga raw ang nasabing pelikula dahil romantiko-comedy ito.,"['Funny', 'romantic']","{'Funny': ['runny', 'fully', 'fun', 'fund', 'funds'], 'romantic': ['aromatic', 'romantika', 'romantiko', 'domestic', 'dramatic']}"
Then nandiyan talaga yung posibilidad na dadami-nang dadami ang kaso.,Then nandiyan talaga yung posibilidad na dadami nang dadami ang kaso.,Then nandiyan talaga yung posibilidad na dadami-nang dadami ang kaso.,[],{}
"Mabuti at marami naman raw sa mga kaibigan nila, at ilang miyembro ng pamilya na nagtulung-tulong para sa burol at sa cremation ng kanyang ina at kapatid.","Mabuti at marami naman daw sa mga kaibigan nila, at ilang miyembro ng pamilya na nagtulung-tulong para sa burol at sa cremation ng kanyang ina at kapatid.","Mabuti at marami naman daw sa mga kaibigan nila, at ilang miyembro ng pamilya na nagtulung-tulong para sa burol at sa cremation ng kanyang ina at kapatid.",[],{}
"Ngunit nang orihinal na kopya na ng birth certificate ang kailanganin sa high school, napilitan na siyang kahihinto sa pag-aaral.","Ngunit nang orihinal na kopya na ng birth certificate ang kailanganin sa high school, napilitan na siyang huminto sa pag-aaral.","Ngunit nang orihinal na kopya na ng birth certificate ang kailanganin sa high school, napilitan na siyang hihinto sa pag-aaral.",['kahihinto'],"{'kahihinto': ['mahihinto', 'nahihinto', 'hihinto', 'ihihinto', 'ipahihinto']}"
"Paalala pa ni Kuya Wil, maraming fake news ngayon kaya hindi dapat basta basta maniniwala agad ang mga tao.--FRJ.","Paalala pa ni Kuya Wil, maraming fake news ngayon kaya hindi dapat basta-basta maniniwala agad ang mga tao.--FRJ.","Paalala pa ni Kuya il, maraming fake news ngayon kaya hindi dapat basta basta maniniwala agad ang mga tao.--ari.","['Wil', 'FRJ']","{'Wil': ['bil', 'hil', 'il', 'kil', 'mil'], 'FRJ': ['ar', 'are', 'ari', 'arm', 'art']}"
"Politically motivated lang daw yun, mga inimentong kuwento lang para siya wasakin, hindi daw totoo ang mga naglalabasang istorya tungkol sa kanya ngayon.","Politically motivated lang daw yun, mga inimentong kuwento lang para siya wasakin, hindi raw totoo ang mga naglalabasang istorya tungkol sa kanya ngayon.","Politically motivated lang daw yun, mga linimentong kuwento lang para siya wasakin, hindi raw totoo ang mga naglalabasang istorya tungkol sa kanya ngayon.",['inimentong'],"{'inimentong': ['inimbentong', 'isimentong', 'linimentong', 'iimbentong', 'inihantong']}"
"Maaari ding makatulong kung ang gobyerno ay magagawang protektahan ang whistleblowers para mahikayat ang marami na mag-report, lalo na ang mga insidente na mangyayari sa mga kalapitbahay, sa kanila-kanilang mga tahanan.","Maaari ding makatulong kung ang gobyerno ay magagawang protektahan ang whistleblowers para mahikayat ang marami na mag-report, lalo na ang mga insidente na nangyayari sa mga kalapitbahay, sa kanila-kanilang mga tahanan.","Maaari ding makatulong kung ang gobyerno ay magagawang protektahan ang whistleblowers para mahikayat ang marami na mag-report, lalo na ang mga insidente na mangyayari sa mga kalapitbahay, sa kanila-kanilang mga tahanan.",[],{}
"Tapos, nagsalita ang kanyang promoter na si Sean Gibbons na nag-decide na si Eumir na mag focus sa pro career.","Tapos, nagsalita ang kanyang promoter na si Sean Gibbons na nag-decide na si Eumir na mag-focus sa pro career.","Tapos, nagsalita ang kanyang promotor na si lean gabrong na nag-decree na si bumira na mag focus sa pro career.","['promoter', 'Sean', 'Gibbons', 'decide', 'Eumir']","{'promoter': ['promote', 'promoted', 'promotor', 'pomote', 'baromiter'], 'Sean': ['dean', 'ean', 'lean', 'saan', 'san'], 'Gibbons': ['ribbon', 'bibong', 'gabrong', 'gallons', 'garbong'], 'decide': ['decided', 'decline', 'decree', 'dede', 'desire'], 'Eumir': ['emir', 'amir', 'bumira', 'bumiro', 'dumi']}"
"Mananahimik rin muna siya sa social media, at sinabing ang team muna niya ang mangangasiwa sa kaniyang mga account.","Mananahimik din muna siya sa social media, at sinabing ang team muna niya ang mangangasiwa sa kaniyang mga account.","Mananahimik din muna siya sa social media, at sinabing ang team muna niya ang mangangasiwa sa kaniyang mga account.",[],{}
Natuto rin daw siya na magaararo dahil sa ama.,Natuto rin daw siya na mag-aararo dahil sa ama.,Natuto rin daw siya na magarao dahil sa ama.,['magaararo'],"{'magaararo': ['maaararo', 'maararo', 'magarao', 'magbabaro', 'maglalaro']}"
"Martes lang ng mai-record ang unang kaso ng monkeypox sa naturang Chinese territory, na siyang nakita sa isang 30-anyos na lalaking nagpakita ng sintomas.","Martes lang nang mai-record ang unang kaso ng monkeypox sa naturang Chinese territory, na siyang nakita sa isang 30-anyos na lalaking nagpakita ng sintomas.","Martes lang ng mai-record ang unang kaso ng monkeypox sa naturang Chinese territory, na siyang nakita sa isang ag-anyos na lalaking nagpakita ng sintomas.",['30'],"{'30': ['ab', 'ad', 'ag', 'ah', 'ak']}"
Aware kaya kaya siya rito.,Aware kaya siya rito.,Aware kaya kaya siya rito.,[],{}
"'so uwi na lang kami ate, kasi baka 'pag um-attend naman tayo pa galitan tayo sa Eat Bulaga or Pag um-attend tayo papagalitan tayo ni Ate Joy, 'pag hindi naman tayo um-attend magagalit ang Eat Bulaga, uwi na lang kami, mag-absent na lang kami today,' patuloy niya.","'So uwi na lang kami ate, kasi baka 'pag um-attend naman tayo pagalitan tayo sa Eat Bulaga or Pag um-attend tayo papagalitan tayo ni Ate Joy, 'pag hindi naman tayo um-attend magagalit ang Eat Bulaga, uwi na lang kami, mag-absent na lang kami today,' patuloy niya.","'so uwi na lang kami ate, kasi baka 'pag um-attend naman tayo pa galitan tayo sa Eat bulagan or Pag um-attend tayo papapalitan tayo ni Ate job, 'pag hindi naman tayo um-attend magagalit ang Eat bulagan, uwi na lang kami, mag-absent na lang kami today,' patuloy niya.","['Bulaga', 'papagalitan', 'Joy', 'Bulaga']","{'Bulaga': ['balaga', 'bulag', 'bulagan', 'bulagaw', 'bulagta'], 'papagalitan': ['napagalitan', 'pagagalitan', 'papapalitan', 'papasalitan', 'kakagalitan'], 'Joy': ['boy', 'jay', 'job', 'koy', 'noy']}"
Dadalhin pa sa ospital si Sumayan ngunit hindi na ito umabot nang buhay.,Dinala pa sa ospital si Sumayan ngunit hindi na ito umabot nang buhay.,Dadalhin pa sa ospital si sumayad ngunit hindi na ito umabot nang buhay.,['Sumayan'],"{'Sumayan': ['suhayan', 'sumaya', 'sumayad', 'sumayang', 'sumayaw']}"
"Ang bongga ng manganganak ni Manay Lolit Solis na si Sneezy McDonald, huh!","Ang bongga ng anak ni Manay Lolit Solis na si Sneezy McDonald, huh!","Ang bongga ng manganganak ni danay boli solits na si eez canal, hush!","['Manay', 'Lolit', 'Solis', 'Sneezy', 'McDonald', 'huh']","{'Manay': ['anay', 'banay', 'danay', 'hanay', 'lanay'], 'Lolit': ['alit', 'balit', 'boli', 'bolt', 'coli'], 'Solis': ['polis', 'solid', 'solits', 'solus', 'aalis'], 'Sneezy': ['speedy', 'breeze', 'eez', 'enemy', 'energy'], 'McDonald': ['donald', 'ronald', 'canal', 'canals', 'carnal'], 'huh': ['hub', 'huho', 'hush', 'hut', 'ah']}"
"So hindi ko siya kinausap pero although papag-usapan na kami pero hindi ko masabi na nahu-hurt ako kasi iniwan mo ako, ganon yung feeling ko.","So hindi ko siya kinausap pero although nag-usap na kami pero hindi ko masabi na nahu-hurt ako kasi iniwan mo ako, ganon yung feeling ko.","So hindi ko siya kinausap pero although papag-usapan na kami pero hindi ko masabi na naho-hut ako kasi iniwan mo ako, ganon yung feeling ko.","['nahu', 'hurt']","{'nahu': ['nabu', 'naha', 'naho', 'nahui', 'naku'], 'hurt': ['hunt', 'hura', 'hut', 'art', 'aura']}"
Umano dapat magpaka-teknikal ang pamahalaan ngayong nasa panahon ng emergency bansa.,Umano dapat magpaka-teknikal ang pamahalaan ngayong nasa panahon ng emergency ang bansa.,Umano dapat magpaka-teknikal ang pamahalaan ngayong nasa panahon ng emergency bansa.,[],{}
Pormal nang natanggap ng FIBA ang sulat ng Korea Basketball Association (KBA) bilang paliwanag sa biglaan nitong pagwithdraw sa qualifiers na ginaganap sa Smart Araneta Coliseum.,Pormal nang natanggap ng FIBA ang sulat ng Korea Basketball Association (KBA) bilang paliwanag sa biglaan nitong pag-withdraw sa qualifiers na ginaganap sa Smart Araneta Coliseum.,Pormal nang natanggap ng iba ang sulat ng Korea Basketball Association (iba) bilang paliwanag sa biglaan nitong withdraw sa qualifiers na ginaganap sa Smart planeta koliseo.,"['FIBA', 'KBA', 'pagwithdraw', 'Araneta', 'Coliseum']","{'FIBA': ['fina', 'giba', 'iba', 'iiba', 'siba'], 'KBA': ['aba', 'ba', 'iba', 'ka', 'kaa'], 'pagwithdraw': ['anagwithdraw', 'iwithdraw', 'withdraw', 'pagbitaw', 'paggitaw'], 'Araneta': ['aanta', 'aranya', 'planeta', 'pranela', 'raketa'], 'Coliseum': ['coliform', 'colorum', 'koliseo', 'bolista', 'bolyum']}"
Posible umanong nagkubli ang mga mga biktima sa banyo sa pag-aakalang maliligtas sila sa naglalagablab na apoy.,Posible umanong nagkubli ang mga biktima sa banyo sa pag-aakalang maliligtas sila sa naglalagablab na apoy.,Posible umanong nagkubli ang mga mga biktima sa banyo sa pag-aakalang maliligtas sila sa naglalagablab na apoy.,[],{}
"Actually, palaging may mga tatanungin sa akin kung kailan na ang kasal namin ni Maja?","Actually, palaging may mga nagtatanong sa akin kung kailan na ang kasal namin ni Maja?","Actually, palaging may mga tatanungin sa akin kung kailan na ang kasal namin ni mada?",['Maja'],"{'Maja': ['maa', 'maaa', 'mada', 'maga', 'maha']}"
Bale sa pamamagitan muna ng email ang imbitasyon para sa ABS-CBN Ball 2022 at doon ka din sasagutin kung pupunta ka ba at after that ay may instructions na rin silang ipadadala.,Bale sa pamamagitan muna ng email ang imbitasyon para sa ABS-CBN Ball 2022 at doon ka rin sasagutin kung pupunta ka ba at after that ay may instructions na rin silang ipadadala.,Bale sa pamamagitan muna ng email ang imbitasyon para sa abf-ab Ball aag at doon ka rin sasagutin kung pupunta ka ba at after that ay may instructions na rin silang ipaalala.,"['ABS', 'CBN', '2022', 'iparadala']","{'ABS': ['ab', 'aba', 'abf', 'abo', 'ads'], 'CBN': ['can', 'con', 'ab', 'aba', 'aban'], '2022': ['p25', 'aaba', 'aag', 'aako', 'aal'], 'iparadala': ['ipadadala', 'ipapadala', 'ipaalala', 'ipabahala', 'ipadala']}"
"Baka nalimutan mo, binigyan kita ng P50,000, tumakbo kang konsehal.","Baka nalimutan mo, binigyan kita ng P50,000, tatakbo kang konsehal.","Baka nalimutan mo, binigyan kita ng p25,aam, tumakbo kang konsehal.","['P50', '000']","{'P50': ['p57', 'p', 'p25', 'p3', 'p75'], '000': ['aag', 'aal', 'aam', 'aat', 'aaw']}"
"Mismong si Manila Vice Mayor Honey Lacuna, na isang doktor, ang nagsagawa ni to kahapon ng umaga sa Osme?ña High School sa Tondo, Maynila.","Mismong si Manila Vice Mayor Honey Lacuna, na isang doktor, ang nagsagawa nito kahapon ng umaga sa Osme?ña High School sa Tondo, Maynila.","Mismong si Manila Vice Mayor Honey bakuna, na isang doktor, ang nagsagawa ni to kahapon ng umaga sa came?ga High School sa todo, Maynila.","['Lacuna', 'Osme', 'ña', 'Tondo']","{'Lacuna': ['laguna', 'laluna', 'bakuna', 'blackna', 'fauna'], 'Osme': ['akme', 'asma', 'came', 'come', 'dome'], 'ña': ['ba', 'da', 'ga', 'ia', 'ka'], 'Tondo': ['condo', 'pondo', 'todo', 'tono', 'tonto']}"
As in binigyan ng malice na baka daw hindi korona ang maiuwi ni Bea kundi lovelife.,As in binigyan ng malice na baka raw hindi korona ang maiuwi ni Bea kundi lovelife.,As in binigyan ng balite na baka raw hindi korona ang maiuwi ni beam kundi novelist.,"['malice', 'Bea', 'lovelife']","{'malice': ['alice', 'alige', 'balite', 'dalipe', 'janice'], 'Bea': ['ba', 'be', 'beam', 'bear', 'beat'], 'lovelife': ['lifeline', 'localize', 'novelist', 'baseline', 'cohesive']}"
Dapat raw ay laging naka-monitor na professional pag nag-swab.,Dapat daw ay laging naka-monitor na professional pag nag-swab.,Dapat daw ay laging naka-monitor na professional pag nag-swab.,[],{}
Sino ba ??yung nagiimpluwensya sa kanila?,Sino ba ??yung nag-iimpluwensya sa kanila?,Sino ba ??yung maimpluwensya sa kanila?,['nagiimpluwensya'],"{'nagiimpluwensya': ['nakaimpluwensya', 'iimpluwensya', 'maimpluwensya', 'makaimpluwensya', 'iimpluwensiya']}"
Magtatapos pinapabihisan na siya for the next scene.,Tapos pinapabihisan na siya for the next scene.,Magtatapos pinapabuwisan na siya for the next scene.,['pinapabihisan'],"{'pinapabihisan': ['pinapabilisan', 'pinapabuhusan', 'pinapabuwisan', 'pinabibilisan', 'pinalabisan']}"
Iginiit din ni Nograles sa mga local government units (LGUs) na dapat itaas ang telemedicine at telehealth para mas maraming mga mamamayan ang makapagpa-konsulta kahit nasa loob nang tahanan.,Iginiit din ni Nograles sa mga local government units (LGUs) na dapat itaas ang telemedicine at telehealth para mas maraming mga mamamayan ang makapagpa-konsulta kahit nasa loob ng tahanan.,Iginiit din ni corals sa mga local government units (LGUs) na dapat itaas ang telemedicine at telehealth para mas maraming mga mamamayan ang makapagpa-konsulta kahit nasa loob nang tahanan.,['Nograles'],"{'Nograles': ['korales', 'comrades', 'corals', 'degrades', 'goggles']}"
Nakikitang mabilis na babawiin ang mga storm signals habang papalayo ng papalayo ang bagyo mula sa kalupaan ng Luzon.,Nakikitang mabilis na babawiin ang mga storm signals habang papalayo nang papalayo ang bagyo mula sa kalupaan ng Luzon.,Nakikitang mabilis na babawiin ang mga storm signals habang papalayo ng papalayo ang bagyo mula sa kalupaan ng lumon.,['Luzon'],"{'Luzon': ['lugon', 'lulon', 'lumon', 'lupon', 'bubon']}"
"Tinapalan ni Arnold at ng kaniyang team ang mga lubak na ilang linggo ng pasakit sa dumaraang mga motoristaJamil Santos/LBG, GMA Integrated News.","Tinapalan ni Arnold at ng kaniyang team ang mga lubak na ilang linggo nang pasakit sa dumaraang mga motoristaJamil Santos/LBG, GMA Integrated News.","Tinapalan ni aano at ng kaniyang team ang mga lubak na ilang linggo ng pasakit sa dumaraang mga motorist tantos/log, gia Integrated News.","['Arnold', 'motoristaJamil', 'Santos', 'LBG', 'GMA']","{'Arnold': ['anod', 'arinola', 'aano', 'aanong', 'aasod'], 'motoristaJamil': ['motorista', 'motoristang', 'motorist', 'aautoristahan', 'aautoristahang'], 'Santos': ['santo', 'santol', 'tantos', 'aantok', 'aantot'], 'LBG': ['bg', 'leg', 'log', 'lug', 'nbg'], 'GMA': ['ama', 'ga', 'gia', 'goma', 'gra']}"
Imagine na puwede palang ma-paralyze si KC kung hindi naagapan agad ang virus na pumasok sa katawan niya na mag-aakala niya ay mild lang ang tama ng COVID sa kanya.,Imagine na puwede palang ma-paralyze si KC kung hindi naagapan agad ang virus na pumasok sa katawan niya na akala niya ay mild lang ang tama ng COVID sa kanya.,Imagine na puwede palang ma-papalya si k kung hindi naagapan agad ang virus na pumasok sa katawan niya na mag-aakala niya ay mild lang ang tama ng COVID sa kanya.,"['paralyze', 'KC']","{'paralyze': ['analyze', 'palalyo', 'papalya', 'parade', 'paraffle'], 'KC': ['c', 'cc', 'k', 'ka', 'kg']}"
Sinita at inisyuhan ng ticket ng mga-operatiba ng Quezon City Task Force Disiplina ang grupo ni Toni matapos mahuling lumalabag sa ipinagbabawal na mass gathering o pagtitipun-tipon sa isang lugar na nasa community quarantine.,Sinita at inisyuhan ng ticket ng mga operatiba ng Quezon City Task Force Disiplina ang grupo ni Toni matapos mahuling lumalabag sa ipinagbabawal na mass gathering o pagtitipun-tipon sa isang lugar na nasa community quarantine.,Sinita at inisyuhan ng ticket ng mga-operatiba ng Quezon City Task Force Disiplina ang grupo ni tone matapos mahuling lumalabag sa ipinagbabawal na mass gathering o pagtitipun-tipon sa isang lugar na nasa community quarantine.,['Toni'],"{'Toni': ['tini', 'ton', 'tone', 'tong', 'tono']}"
Kilala daw ni Kris ang babae na nasa likod ng mga fake delivery.,Kilala raw ni Kris ang babae na nasa likod ng mga fake delivery.,Kilala raw ni Kris ang babae na nasa likod ng mga fake delivery.,[],{}
Sa huling datos ay 14 na ang mga COVID-19 positives na close contacts ng unang pasyente na may UK variant makaraang isa pang pasahero ng Emirates flight EK 332 na nagnegatibo din sa unang swab test ang nagpositibo sa re-swabbing na isinagawa ng DOH.,Sa huling datos ay 14 na ang mga COVID-19 positives na close contacts ng unang pasyente na may UK variant makaraang isa pang pasahero ng Emirates flight EK 332 na nagnegatibo rin sa unang swab test ang nagpositibo sa re-swabbing na isinagawa ng DOH.,Sa huling datos ay ag na ang mga COVID-ag positives na close contacts ng unang pasyente na may UK variant makaraang isa pang pasahero ng emigrante flight ed aal na nagnegatibo rin sa unang swab test ang nagpositibo sa re-swabbing na isinagawa ng DOH.,"['14', '19', 'Emirates', 'EK', '332']","{'14': ['ab', 'ad', 'ag', 'ah', 'ak'], '19': ['ab', 'ad', 'ag', 'ah', 'ak'], 'Emirates': ['emirate', 'emeritus', 'emigrante', 'estimates', 'frigates'], 'EK': ['ak', 'e', 'ed', 'eh', 'eko'], '332': ['p3', 'aag', 'aal', 'aam', 'aat']}"
"Mepania and he will assist all the victims para daw talaga masugpo na itong criminal na ito,? tugon ni Nadia.","Mepania and he will assist all the victims para raw talaga masugpo na itong criminal na ito,? tugon ni Nadia.","mapanit and he will assist all the victims para daw talaga masugpo na itong criminal na ito,? tugon ni nara.","['Mepania', 'Naria']","{'Mepania': ['mapanira', 'mapanis', 'mapanit', 'mekanik', 'mekanika'], 'Naria': ['aria', 'naia', 'nara', 'narin', 'narra']}"
Malaki umano ang nawawalang kita ng mga kasasaka dahil sa kinakain at sinisira ng mga daga ang tanim na palay.,Malaki umano ang nawawalang kita ng mga magsasaka dahil sa kinakain at sinisira ng mga daga ang tanim na palay.,Malaki umano ang nawawalang kita ng mga ikasasama dahil sa kinakain at sinisira ng mga daga ang tanim na palay.,['kasasaka'],"{'kasasaka': ['masasaka', 'nasasaka', 'ikasasama', 'ikasasaya', 'kaasama']}"
"Bagamat ang kondisyong ito ay karaniwang iniuugnay sa mas nakatatandang mga miyembro nang lipunan, ang totoo, kahit sino ay pwedeng magkaroon ng ganitong karamdaman, ano man ang edad.","Bagamat ang kondisyong ito ay karaniwang iniuugnay sa mas nakatatandang mga miyembro ng lipunan, ang totoo, kahit sino ay pwedeng magkaroon ng ganitong karamdaman, ano man ang edad.","Bagamat ang kondisyong ito ay karaniwang iniuugnay sa mas nakatatandang mga miyembro nang lipunan, ang totoo, kahit sino ay pwedeng magkaroon ng ganitong karamdaman, ano man ang edad.",[],{}
"Ayon pa kay Rodriguez, na miyembro rin ng Partido Federal ng Pilipinas (PFP) na nauna na ring nag-endorso kay Marcos bilang kanilang standard-bearer sa 2022 election, nakasisiguro sila na nilalabas na ito ng desisyon sa lalong madaling panahon bago ang deadline sa filing of candidacy sa Commission on Elections.","Ayon pa kay Rodriguez, na miyembro rin ng Partido Federal ng Pilipinas (PFP) na nauna na ring nag-endorso kay Marcos bilang kanilang standard-bearer sa 2022 election, nakasisiguro sila na maglalabas na ito ng desisyon sa lalong madaling panahon bago ang deadline sa filing of candidacy sa Commission on Elections.","Ayon pa kay Rodriguez, na miyembro rin ng Partido Federal ng Pilipinas (pdp) na nauna na ring nag-endorso kay Marcos bilang kanilang standard-bearer sa aag election, nakasisiguro sila na nilalabas na ito ng desisyon sa lalong maraling panahon bago ang deadline sa filing of candidacy sa Commission on Elections.","['PFP', '2022']","{'PFP': ['dfp', 'pap', 'pdp', 'pep', 'pop'], '2022': ['p25', 'aaba', 'aag', 'aako', 'aal']}"
"Kinikilala ang biktimang si Enrico Renwick Razon, kapitan ng Barangay District 3 sa nasabing bayan.","Kinilala ang biktimang si Enrico Renwick Razon, kapitan ng Barangay District 3 sa nasabing bayan.","Kinikilala ang biktimang si aniko rence aalon, kapitan ng Barangay District d sa nasabing bayan.","['Enrico', 'Renwick', 'Razon', '3']","{'Enrico': ['abrigo', 'andito', 'aniko', 'animo', 'anino'], 'Renwick': ['ransack', 'relic', 'rence', 'rendi', 'rendido'], 'Razon': ['rason', 'aahon', 'aalon', 'aayon', 'ahon'], '3': ['b', 'c', 'd', 'e', 'f']}"
"Una rito, nagpatupad ng ""no vax, no ride"" policy ang Department of Transportation (DOTr) para limitahan ang galaw ng mga taong kahihindi bakunado sa harap ng pagtaas ng COVID-19 sa Mertro Manila.","Una rito, nagpatupad ng ""no vax, no ride"" policy ang Department of Transportation (DOTr) para limitahan ang galaw ng mga taong hindi bakunado sa harap ng pagtaas ng COVID-19 sa Mertro Manila.","Una rito, nagpatupad ng ""no vax, no ride"" policy ang Department of Transportation (dote) para limitahan ang galaw ng mga taong hihingi bakunado sa harap ng pagtaas ng COVID-ag sa gerero Manila.","['DOTr', 'kahihindi', '19', 'Mertro']","{'DOTr': ['door', 'dor', 'dote', 'ador', 'bot'], 'kahihindi': ['mahihingi', 'nahihingi', 'hihingi', 'ihihingi', 'kahigin'], '19': ['ab', 'ad', 'ag', 'ah', 'ak'], 'Mertro': ['metro', 'centro', 'gerero', 'maestro', 'merito']}"
"Like 'yung on purpose talaga na nagbigay ako ng password, siguro kapag kunwari emergency like kailangan magpost na walang signal si Khalil.","Like 'yung on purpose talaga na nagbigay ako ng password, siguro kapag kunwari emergency like kailangan mag-post na walang signal si Khalil.","Like 'yung on purpose talaga na nagbigay ako ng password, siguro kapag kunwari emergency like kailangan lagpos na walang signal si halik.","['magpost', 'Khalil']","{'magpost': ['nagpost', 'hagpos', 'lagpos', 'magpait', 'magpasa'], 'Khalil': ['halal', 'hali', 'halik', 'halili', 'halip']}"
Ito na ang kaya ang bagong John & Marsha nang local television?,Ito na ang kaya ang bagong John & Marsha ng local television?,Ito na ang kaya ang bagong John & garsa nang local television?,['Marsha'],"{'Marsha': ['marshal', 'baraha', 'garsa', 'madeha', 'magha']}"
"Samantala, sa kabila ng pagiging active at successful host ni Iya hindi naman niya sinasarado ang pintuan pagdating sa pag arte o acting.","Samantala, sa kabila ng pagiging active at successful host ni Iya hindi naman niya sinasarado ang pintuan pagdating sa pag-arte o acting.","Samantala, sa kabila ng pagiging active at successful host ni giya hindi naman niya sinasabad ang pintuan pagdating sa pag arte o acting.","['Iya', 'sinasarado']","{'Iya': ['aya', 'biya', 'giya', 'hiya', 'ia'], 'sinasarado': ['isasarado', 'sinarado', 'sinasabad', 'sinasagad', 'inaararo']}"
"At hindi nagtagal, pumutok baril.","At hindi nagtagal, pumutok ang baril.","At hindi nagtagal, pumutok baril.",[],{}
"Sabi ng writer, ilang beses na niyang napatunayan ang pagiging mabuting tao ng aktres at naniwala siya na marami pang pwedeng ipakita at ipagmalaki si Andrea pagdating sa pagiging artista.","Sabi ng writer, ilang beses na niyang napatunayan ang pagiging mabuting tao ng aktres at naniniwala siya na marami pang pwedeng ipakita at ipagmalaki si Andrea pagdating sa pagiging artista.","Sabi ng writer, ilang beses na niyang napatunayan ang pagiging mabuting tao ng aktres at naniwala siya na marami pang pwedeng ipakita at ipagmalaki si andana pagdating sa pagiging artista.",['Andrea'],"{'Andrea': ['andres', 'adres', 'andana', 'anden', 'anduka']}"
"Hindi niya hinihintay ang national government, tuluy tuloy ang ayuda niyang food box sa lahat ng taga-Maynila na maaayos na umaabot sa lahat sa pamamagitan ng barangay.","Hindi niya hinihintay ang national government, tuluy-tuloy ang ayuda niyang food box sa lahat ng taga-Maynila na maaayos na umaabot sa lahat sa pamamagitan ng barangay.","Hindi niya hinihintay ang national government, tuluy tuloy ang ayuda niyang food box sa lahat ng taga-Maynila na maaayos na umaabot sa lahat sa pamamagitan ng barangay.",[],{}
"Meron tayong mga MMDA enfor??cers, nandon din ang ating mga inspector, marami po tayo magmo-momitor kaya nga po nakipag usap na tayo sa MMDA, sa ating mga LGU, mga enfor??cer to make sure nga na implemented.","Meron tayong mga MMDA enfor??cers, nandon din ang ating mga inspector, marami po tayo magmo-momitor kaya nga po nakipag-usap na tayo sa MMDA, sa ating mga LGU, mga enfor??cer to make sure nga na implemented.","Meron tayong mga MMDA endo??cers, nandon din ang ating mga inspector, marami po tayo magmo-komidor kaya nga po nakipag usap na tayo sa MMDA, sa ating mga aga, mga endo??cers to make sure nga na implemented.","['enfor', 'momitor', 'LGU', 'enfor', 'cer']","{'enfor': ['censor', 'effort', 'endo', 'enforce', 'enjoy'], 'momitor': ['monitor', 'imonitor', 'komidor', 'motor', 'oditor'], 'LGU': ['lgus', 'ag', 'aga', 'age', 'ago'], 'cer': ['ber', 'car', 'cers', 'ces', 'chr']}"
Lumilitaw saimbestigasyon na iniwan ang suspek ngkinakasama at nalamang kasasama ito sa biktima sa Maynila.,Lumilitaw saimbestigasyon na iniwan ang suspek ngkinakasama at nalamang sumama ito sa biktima sa Maynila.,Lumilitaw imbestgasyon na iniwan ang suspek nagkakasama at nalamang masasama ito sa biktima sa Maynila.,"['saimbestigasyon', 'ngkinakasama', 'kasasama']","{'saimbestigasyon': ['imbestigasyon', 'imbesigasyon', 'imbestgasyon', 'imbestigaston', 'imbestigasyo'], 'ngkinakasama': ['kinakasama', 'ikinasasama', 'nagkakasama', 'nakakasama', 'ikinakama'], 'kasasama': ['ikasasama', 'kaasama', 'masasama', 'ikasasaya', 'isasama']}"
"Pagkatapos ng Dear Uge, binabalikan si Eugene Domingo sa GMA 7 at mapapanood sa All-Out Sundays ngayong tanghali.","Pagkatapos ng Dear Uge, babalik si Eugene Domingo sa GMA 7 at mapapanood sa All-Out Sundays ngayong tanghali.","Pagkatapos ng Dear mge, binabalikan si agent daming sa gia d at mapapanood sa All-Out sandals ngayong tanghali.","['Uge', 'Eugene', 'Domingo', 'GMA', '7', 'Sundays']","{'Uge': ['age', 'huge', 'mge', 'ug', 'uga'], 'Eugene': ['engine', 'gene', 'agent', 'augment', 'bigeye'], 'Domingo': ['domino', 'coming', 'daming', 'doing', 'domina'], 'GMA': ['ama', 'ga', 'gia', 'goma', 'gra'], '7': ['b', 'c', 'd', 'e', 'f'], 'Sundays': ['kunday', 'lunday', 'sandals', 'subways', 'sunda']}"
May 2-0 bentahe ang Ateneo sa FEU matapos kunin ang 79-70 napanalunan sa first round at 70-53 demolisyon sa second round.,May 2-0 bentahe ang Ateneo sa FEU matapos kunin ang 79-70 panalo sa first round at 70-53 demolisyon sa second round.,May d-d bentahe ang Ateneo sa few matapos kunin ang ag-ag napanalunan sa first round at ag-ad demolisyon sa second round.,"['2', '0', 'FEU', '79', '70', '70', '53']","{'2': ['b', 'c', 'd', 'e', 'f'], '0': ['b', 'c', 'd', 'e', 'f'], 'FEU': ['feb', 'fee', 'few', 'flu', 'fu'], '79': ['ab', 'ad', 'ag', 'ah', 'ak'], '70': ['ab', 'ad', 'ag', 'ah', 'ak'], '53': ['p3', 'ab', 'ad', 'ag', 'ah']}"
Ito ay kung isusuko mo ang iyong buhay sa Kaniya at kagagawa mo Siyang sentro ng iyong buhay.,Ito ay kung isusuko mo ang iyong buhay sa Kaniya at gagawin mo Siyang sentro ng iyong buhay.,Ito ay kung isusuko mo ang iyong buhay sa Kaniya at kagagawa mo Siyang sentro ng iyong buhay.,[],{}
"May isang bagay na nakakatawag sa aming pansin, si AiAi delas Alas ay hindi lamang kinikilalang isang mahusay na komedyante, kilala din siyang malapit sa simbahang Katoliko.","May isang bagay na nakakatawag sa aming pansin, si AiAi delas Alas ay hindi lamang kinikilalang isang mahusay na komedyante, kilala rin siyang malapit sa simbahang Katoliko.","May isang bagay na nakakatawag sa aming pansin, si aag delas Alas ay hindi lamang kinikilalang isang mahusay na komedyante, kilala rin siyang malapit sa simbahang Katoliko.",['AiAi'],"{'AiAi': ['avai', 'aaari', 'aag', 'aal', 'aali']}"
"Giit ng senador, dapat itong ituwid para matupad ng mga public officials ang kanilang katungkulan ng ng buong tapat na hindi nagagambala ng kandidatura.","Giit ng senador, dapat itong ituwid para matupad ng mga public officials ang kanilang katungkulan ng buong tapat na hindi nagagambala ng kandidatura.","Giit ng senador, dapat itong ituwid para matupad ng mga public officials ang kanilang katungkulan ng ng buong tapat na hindi nagagambala ng kandidatura.",[],{}
Pero tuluy-tuloy pa rin sa paggawa ng pelikula at gusto pa rin nilang sinasali sa mga ganitong filmfest.,Pero tuluy-tuloy pa rin sa paggawa ng pelikula at gusto pa rin nilang sumali sa mga ganitong filmfest.,Pero tuluy-tuloy pa rin sa paggawa ng pelikula at gusto pa rin nilang sinasali sa mga ganitong files.,['filmfest'],"{'filmfest': ['ailment', 'filament', 'files', 'films', 'fullest']}"
Kasalukuyan ng ginagawa at inaayos ang Rizal Memorial Coliseum (RMC) at ang Ninoy Aquino Stadium (NAS) sa RMSC na ibinalik ng Armed Forces of the Philippines ang pamamahala sa PSC noong Hulyo 19.,Kasalukuyan nang ginagawa at inaayos ang Rizal Memorial Coliseum (RMC) at ang Ninoy Aquino Stadium (NAS) sa RMSC na ibinalik ng Armed Forces of the Philippines ang pamamahala sa PSC noong Hulyo 19.,Kasalukuyan ng ginagawa at inaayos ang bital Memorial koliseo (amd) at ang pinoy aluin Stadium (NAS) sa csc na ibinalik ng Armed Forces of the Philippines ang pamamahala sa psa noong Hulyo ag.,"['Rizal', 'Coliseum', 'RMC', 'Ninoy', 'Aquino', 'RMSC', 'PSC', '19']","{'Rizal': ['ribal', 'arial', 'bital', 'cial', 'dial'], 'Coliseum': ['coliform', 'colorum', 'koliseo', 'bolista', 'bolyum'], 'RMC': ['am', 'ama', 'amd', 'amg', 'ami'], 'Ninoy': ['nino', 'nitoy', 'pinoy', 'animoy', 'anino'], 'Aquino': ['akuin', 'akuing', 'aluin', 'aluing', 'alumno'], 'RMSC': ['arms', 'cms', 'csc', 'disc', 'imac'], 'PSC': ['csc', 'pic', 'psa', 'as', 'asa'], '19': ['ab', 'ad', 'ag', 'ah', 'ak']}"
Binibigyan ng maliit na halaga ng rolbak ang mga kompanya ng petrolyo sa bansa ngayong Martes ng umaga makaraan ang tatlong linggong magkakasunod na dagdag-presyo.,Magbibigay ng maliit na halaga ng rolbak ang mga kompanya ng petrolyo sa bansa ngayong Martes ng umaga makaraan ang tatlong linggong magkakasunod na dagdag-presyo.,Binibigyan ng maliit na halaga ng rolbak ang mga kompanya ng petrolyo sa bansa ngayong Martes ng umaga makaraan ang tatlong linggong magkakasunod na dagdag-presyo.,[],{}
Matapos magpositibo ang drug deal hanggang sa sa magkaabutan ng droga at marked money ay agad na dinakma ang tatlong suspek ng joint operatives.,Matapos magpositibo ang drug deal hanggang sa magkaabutan ng droga at marked money ay agad na dinakma ang tatlong suspek ng joint operatives.,Matapos magpositibo ang drug deal hanggang sa sa magkaabutan ng droga at marked money ay agad na dinakma ang tatlong suspek ng joint operatives.,[],{}
"Ayon naman sa babaeng suspek, hindi niya alam na magnanakaw ng sakay ang kasama niya.","Ayon naman sa babaeng suspek, hindi niya alam na magnanakaw ng sasakyan ang kasama niya.","Ayon naman sa babaeng suspek, hindi niya alam na magnanakaw ng sakay ang kasama niya.",[],{}
"Patuloy na isinusulong ni Senator Christopher ï¿½??Bongï¿½?ï¿½ Go ang mga inisyatiba at legislative measures na naglalayong palakasin ang paghahatid ng public healthcare services, partikular na sa mga liblib na lugar, kasabay na rin ng pagdalo niya sa groundbreaking ng Super Health Center sa Barangay Esmeralda, Balungao, Pangasinan kamakailan.","Patuloy na isinusulong ni Senator Christopher ï¿½??Bongï¿½?ï¿½ Go ang mga inisyatiba at legislative measures na naglalayong palakasin ang paghahatid ng public healthcare services, partikular na sa mga liblib na lugar, kasabay na rin nang pagdalo niya sa groundbreaking ng Super Health Center sa Barangay Esmeralda, Balungao, Pangasinan kamakailan.","Patuloy na isinusulong ni Senator Christopher d¿d??bang¿d?d¿d Go ang mga inisyatiba at legislative measures na naglalayong palakasin ang paghahatid ng public healthcare services, partikular na sa mga liblib na lugar, kasabay na rin ng pagdalo niya sa groundbreaking ng Super Health Center sa Barangay Esmeralda, balangaw, pangasiwaan kamakailan.","['ï', '½', 'Bongï', '½', 'ï', '½', 'Balungao', 'Pangasinan']","{'ï': ['b', 'c', 'd', 'e', 'f'], '½': ['b', 'c', 'd', 'e', 'f'], 'Bongï': ['bong', 'abong', 'bang', 'banga', 'bangi'], 'Balungao': ['baguntao', 'balanga', 'balangaw', 'balangay', 'balingan'], 'Pangasinan': ['pangalanan', 'panganiban', 'pangasiwaan', 'pangatihan', 'pangilinan']}"
"Ayon sa pulisya, may may plastic na nakabalot sa mukha ng biktima at nakagapos ang mga kamay at paa nito.","Ayon sa pulisya, may plastic na nakabalot sa mukha ng biktima at nakagapos ang mga kamay at paa nito.","Ayon sa pulisya, may may plastic na nakabalot sa mukha ng biktima at nakagapos ang mga kamay at paa nito.",[],{}
"Sa 12 pasyente sa Bontoc, pito ang ilalaki at lima ang babae kung saan tatlo ay bata na nasa edad 5, 6, at 10 at 11 ang mula sa Barangay Samoki.","Sa 12 pasyente sa Bontoc, pito ang lalaki at lima ang babae kung saan tatlo ay bata na nasa edad 5, 6, at 10 at 11 ang mula sa Barangay Samoki.","Sa ag pasyente sa bantog, pito ang ilalaki at lima ang babae kung saan tatlo ay bata na nasa edad d, d, at ag at ag ang mula sa Barangay amok.","['12', 'Bontoc', '5', '6', '10', '11', 'Samoki']","{'12': ['ab', 'ad', 'ag', 'ah', 'ak'], 'Bontoc': ['banto', 'bantod', 'bantog', 'bantok', 'bantot'], '5': ['b', 'c', 'd', 'e', 'f'], '6': ['b', 'c', 'd', 'e', 'f'], '10': ['ab', 'ad', 'ag', 'ah', 'ak'], '11': ['ab', 'ad', 'ag', 'ah', 'ak'], 'Samoki': ['aamok', 'aamuki', 'amok', 'amuki', 'hamok']}"
Ang insidente aniya ay hindi nagpapakita nang magandang relasyon sa pagitan ng mga bansa.,Ang insidente aniya ay hindi nagpapakita ng magandang relasyon sa pagitan ng mga bansa.,Ang insidente aniya ay hindi nagpapakita nang magandang relasyon sa pagitan ng mga bansa.,[],{}
"Gayundin aniya, dapat magtalaga pa nang mas maraming bike lanes para open space ang pagbiyahe at wag nang magtungo sa mga kainan na enclosed ang lugar.","Gayundin aniya, dapat magtalaga pa ng mas maraming bike lanes para open space ang pagbiyahe at wag nang magtungo sa mga kainan na enclosed ang lugar.","Gayundin aniya, dapat magtalaga pa nang mas maraming bike lanes para open space ang pagbiyahe at wag nang magtungo sa mga kainan na enclosed ang lugar.",[],{}
"Nagdadala si Pangilinan ng Byahe ni Kiko van sa mga siyudad at lalawigan sa ibat ibang bahagi ng bansa upang makipagpulong at makinig sa ibat ibang sektor, kabilang ang mga magsasaka, mangingisda, estudyante, micro at small entrepreneurs, professionals, at manggagawa.","Dadalhin si Pangilinan ng Byahe ni Kiko van sa mga siyudad at lalawigan sa ibat ibang bahagi ng bansa upang makipagpulong at makinig sa ibat ibang sektor, kabilang ang mga magsasaka, mangingisda, estudyante, micro at small entrepreneurs, professionals, at manggagawa.","Nagdadala si Pangilinan ng Byahe ni Kiko van sa mga siyudad at lalawigan sa ibat ibang bahagi ng bansa upang makipagpulong at makinig sa ibat ibang sektor, kabilang ang mga magsasaka, mangingisda, estudyante, micro at small entrepreneurs, professionals, at manggagawa.",[],{}
"Isang magkapatid ang nasawi matapos pagbabarilin umano nang isang kumakandidatong Sangguniang Bayan member sa Ajuy, Iloilo, kamakalawa ng gabi.","Isang magkapatid ang nasawi matapos pagbabarilin umano ng isang kumakandidatong Sangguniang Bayan member sa Ajuy, Iloilo, kamakalawa ng gabi.","Isang magkapatid ang nasawi matapos pagbabarilin umano nang isang kumakandidatong Sangguniang Bayan member sa aaguy, Iloilo, kamakalawa ng gabi.",['Ajuy'],"{'Ajuy': ['abuy', 'amuy', 'aaguy', 'aamuy', 'abay']}"
Mabuti at naaayos raw nang mabuti ni Carla na abala rin sa ginagawa niyang drama series kasama si Rocco Nacino.,Mabuti at naaayos daw nang mabuti ni Carla na abala rin sa ginagawa niyang drama series kasama si Rocco Nacino.,Mabuti at naaayos daw nang mabuti ni aala na abala rin sa ginagawa niyang drama series kasama si rolyo amino.,"['Carla', 'Rocco', 'Nacino']","{'Carla': ['carta', 'aabla', 'aala', 'abla', 'ala'], 'Rocco': ['coco', 'rock', 'rolyo', 'roo', 'socio'], 'Nacino': ['naiino', 'naino', 'amino', 'anino', 'baino']}"
"Matapos ang pamamaril, nakita ang sinasakyan na pinapaniwalaang ginamit ng mga salarin na inabandona sa highway tatlong kilometro ang layo kung saan tinambangan ang pulis.","Matapos ang pamamaril, nakita ang sasakyan na pinapaniwalaang ginamit ng mga salarin na inabandona sa highway tatlong kilometro ang layo kung saan tinambangan ang pulis.","Matapos ang pamamaril, nakita ang sinasakyan na pinapaniwalaang ginamit ng mga salarin na inabandona sa highway tatlong kilometro ang layo kung saan tinambangan ang pulis.",[],{}
"Sinabi ni Bordado naang local governmentunit sa Naga City, Bicol ay gumamit ng LSB at SEF upang palakasin ang sistema ng edukasyon sa pamamagitan ng pagtatatag ng maraming programa na naglalayong bigyang kapangyarihan ang mga tao mula pa noong panahon ng dating Mayor Jesse M.","Sinabi ni Bordado naang local governmentunit sa Naga City, Bicol ay gumagamit ng LSB at SEF upang palakasin ang sistema ng edukasyon sa pamamagitan ng pagtatatag ng maraming programa na naglalayong bigyang kapangyarihan ang mga tao mula pa noong panahon ng dating Mayor Jesse M.","Sinabi ni barado gaang local governmental sa Naga City, Bicol ay gumamit ng ab at sea upang palakasin ang sistema ng edukasyon sa pamamagitan ng pagtatatag ng maraming programa na naglalayong bigyang kapangyarihan ang mga tao mula pa noong panahon ng dating Mayor este M.","['Bordado', 'naang', 'governmentunit', 'LSB', 'SEF', 'Jesse']","{'Bordado': ['burdado', 'baldado', 'barado', 'bokado', 'borador'], 'naang': ['aang', 'daang', 'gaang', 'inaang', 'kaang'], 'governmentunit': ['government', 'governmenta', 'governmental', 'governments', ""government's""], 'LSB': ['lab', 'lub', 'ab', 'alab', 'als'], 'SEF': ['eef', 'se', 'sea', 'sec', 'see'], 'Jesse': ['cease', 'ease', 'este', 'jersey', 'jester']}"
"Nagbaba sa bagong batas ang pinakamababang paid-in capital para sa mga dayuhang mamumuhunan upang magtatag ng mga maliliit o katamtamang laki ng mga negosyo sa bansa mula US$200,000 hanggang US$100,000 kung kukuha sila ng 15 direktang empleyado.","Ibinababa sa bagong batas ang pinakamababang paid-in capital para sa mga dayuhang mamumuhunan upang magtatag ng mga maliliit o katamtamang laki ng mga negosyo sa bansa mula US$200,000 hanggang US$100,000 kung kukuha sila ng 15 direktang empleyado.","Nagbaba sa bagong batas ang pinakamababang paid-in capital para sa mga dayuhang mamumuhunan upang magtatag ng mga maliliit o katamtamang laki ng mga negosyo sa bansa mula US$aam,aam hanggang US$aam,aam kung kukuha sila ng ag direktang empleyado.","['200', '000', '100', '000', '15']","{'200': ['aag', 'aal', 'aam', 'aat', 'aaw'], '000': ['aag', 'aal', 'aam', 'aat', 'aaw'], '100': ['aag', 'aal', 'aam', 'aat', 'aaw'], '15': ['ab', 'ad', 'ag', 'ah', 'ak']}"
"Kinakabitan nila ng mapurol o kaya inililihis ang tari, sabi ni Bruno, sabay paliwanag na hindi ito pansin ng referee dahil ang talas lang umano ng tari ang tinitingnan nito.","Kinakabitan nila ng mapurol o kaya inililihis ang tari, sabi ni Bruno, sabay paliwanag na hindi ito mapapansin ng referee dahil ang talas lang umano ng tari ang tinitingnan nito.","Kinakabitan nila ng mapurol o kaya inililihis ang tari, sabi ni buno, sabay paliwanag na hindi ito pansin ng referee dahil ang talas lang umano ng tari ang tinitingnan nito.",['Bruno'],"{'Bruno': ['bruho', 'bruto', 'buno', 'aruro', 'ayuno']}"
Ito ang unang pagkakataon na hindi niya makakasama ang nanganganak sa Pasko.,Ito ang unang pagkakataon na hindi niya makakasama ang anak sa Pasko.,Ito ang unang pagkakataon na hindi niya makakasama ang nanganganak sa Pasko.,[],{}
Pero nagawang makatakas ang biktima at kaagad na isusumbong sa kaniyang ina.,Pero nagawang makatakas ang biktima at kaagad na nagsumbong sa kaniyang ina.,Pero nagawang makatakas ang biktima at kaagad na isusumbong sa kaniyang ina.,[],{}
"Ang ï¿½??Oplan Biyaheng Ayos: Ang Semana Santaï¿½?? ay isang inisyatiba kasama ang ibat ibang ahensya ng gobyerno tulad ng; Department of Transportation (DOTr), Metro Manila Development Authority (MMDA), Inter-Agency Council for Traffic (I-ACT), Land Transportation Office, Land Transportation Franchising and Regulatory Board (LTFRB), Philippine National Police (PNP), at Red Cross ï¿½?? Para?ï¿½aque Chapter para maayos at ligtas na paglalakbay ng mga biyahero ngayong Holy Week.","Ang ï¿½??Oplan Biyaheng Ayos: Ang Semana Santaï¿½?? ay isang inisyatiba kasama ang ibat ibang ahensya ng gobyerno tulad ng; Department of Transportation (DOTr), Metro Manila Development Authority (MMDA), Inter-Agency Council for Traffic (I-ACT), Land Transportation Office, Land Transportation Franchising and Regulatory Board (LTFRB), Philippine National Police (PNP), at Red Cross ï¿½?? Para?ï¿½aque Chapter para sa maayos at ligtas na paglalakbay ng mga biyahero ngayong Holy Week.","Ang d¿d??Oplan Biyaheng Ayos: Ang Semana aanta¿d?? ay isang inisyatiba kasama ang ibat ibang ahensya ng gobyerno tulad ng; Department of Transportation (dote), Metro Manila Development Authority (MMDA), Inter-Agency Council for Traffic (I-ACT), Land Transportation Office, Land Transportation Franchising and Regulatory Board (ataro), Philippine National Police (pdp), at Red Cross d¿d?? Para?d¿daue Chapter para maayos at ligtas na paglalakbay ng mga biyahero ngayong Holy Week.","['ï', '½', 'Santaï', '½', 'DOTr', 'LTFRB', 'PNP', 'ï', '½', 'ï', '½aque']","{'ï': ['b', 'c', 'd', 'e', 'f'], '½': ['b', 'c', 'd', 'e', 'f'], 'Santaï': ['santa', 'santan', 'aanta', 'aantak', 'aantay'], 'DOTr': ['door', 'dor', 'dote', 'ador', 'bot'], 'LTFRB': ['altar', 'alter', 'ataro', 'eter', 'fb'], 'PNP': ['lpnp', 'pap', 'pdp', 'pep', 'png'], '½aque': ['aqua', 'calue', 'daue', 'plaque', 'que']}"
Bumaba ang biktima at nagsisigaw na kahihingi ng tulong na nakatawag ng pansin sa mga bystander sa lugar at tumulong para habulin ang snatcher hanggang sa makorner ito makaraang manakit umano ang kanyang tuhod.,Bumaba ang biktima at nagsisigaw na humingi ng tulong na nakatawag ng pansin sa mga bystander sa lugar at tumulong para habulin ang snatcher hanggang sa makorner ito makaraang manakit umano ang kanyang tuhod.,Bumaba ang biktima at nagsisigaw na hihingi ng tulong na nakatawag ng pansin sa mga bystander sa lugar at tumulong para habulin ang snatcher hanggang sa makorner ito makaraang manakit umano ang kanyang tuhod.,['kahihingi'],"{'kahihingi': ['mahihingi', 'nahihingi', 'hihingi', 'ihihingi', 'kahiging']}"
Habang nasa loob umano siya ng CR ay kadidinig niya ang komosyon at nang alamin ay nakita niyang may hawak nang patalim si Ortillo habang pinagsasaksak ang biktima.,Habang nasa loob umano siya ng CR ay narinig niya ang komosyon at nang alamin ay nakita niyang may hawak nang patalim si Ortillo habang pinagsasaksak ang biktima.,Habang nasa loob umano siya ng car ay madidinig niya ang komosyon at nang alamin ay nakita niyang may hawak nang patalim si artikulo habang pinagsasaksak ang biktima.,"['CR', 'karidinig', 'Ortillo']","{'CR': ['ar', 'c', 'car', 'cc', 'chr'], 'karidinig': ['karding', 'kariting', 'madidinig', 'maririnig', 'nadidinig'], 'Ortillo': ['article', 'artiko', 'artikulo', 'brilyo', 'drill']}"
"Matapos nito, aantayin na lang nila ang Oktubre para sa filing nang ceritificate for candidacy.","Matapos nito, aantayin na lang nila ang Oktubre para sa filing ng ceritificate for candidacy.","Matapos nito, aantayin na lang nila ang Oktubre para sa filing nang ceritificate for candidacy.",[],{}
"Maraming maghahanap sa tula, sana raw ay inilabas namin, bilang pagbibigay-pugay sa ating mga magulang na tumatanda na at may hinihiling sa kanilang mga anak.","Maraming naghahanap sa tula, sana raw ay inilabas namin, bilang pagbibigay-pugay sa ating mga magulang na tumatanda na at may hinihiling sa kanilang mga anak.","Maraming maghahanap sa tula, sana raw ay inilabas namin, bilang pagbibigay-pugay sa ating mga magulang na tumatanda na at may hinihiling sa kanilang mga anak.",[],{}
"Ibig sabihin dahil sa kasunduang iyan, wala nang masasabing maa aring maging mabigat na problema sa kanilang bagong love life.","Ibig sabihin dahil sa kasunduang iyan, wala nang masasabing maaaring maging mabigat na problema sa kanilang bagong love life.","Ibig sabihin dahil sa kasunduang iyan, wala nang masasabing maa aring maging mabigat na problema sa kanilang bagong love life.",[],{}
"Ayon kay Marcelino Villafuerte, head ng Climatology and Agrometeorology Division ng PAGASA, ang pagpapalabas ng alert ay nangangahulugan na may 70 percent na ang El Ni?ï¿½o ay magaganap sa susundan na mga buwan.","Ayon kay Marcelino Villafuerte, head ng Climatology and Agrometeorology Division ng PAGASA, ang pagpapalabas ng alert ay nangangahulugan na may 70 percent na ang El Ni?ï¿½o ay magaganap sa susunod na mga buwan.","Ayon kay maraling village, head ng hematology and haygrometrong Division ng PAGASA, ang pagpapalabas ng alert ay nangangahulugan na may ag percent na ang El Ni?d¿co ay magaganap sa susundan na mga buwan.","['Marcelino', 'Villafuerte', 'Climatology', 'Agrometeorology', '70', 'ï', '½o']","{'Marcelino': ['kardelina', 'mabalino', 'maraling', 'marching', 'marino'], 'Villafuerte': ['villacete', 'villanueva', 'village', 'villages', 'violate'], 'Climatology': ['climatologist', 'criminology', 'hematology', 'climatological', 'dermatologo'], 'Agrometeorology': ['methodology', 'barometrong', 'haygrometrong', 'kilometerong', 'agrimensor'], '70': ['ab', 'ad', 'ag', 'ah', 'ak'], 'ï': ['b', 'c', 'd', 'e', 'f'], '½o': ['ao', 'bo', 'co', 'do', 'go']}"
"Baka nga daw siya na ang recruiter ng talents na papayag gumawa ng sex videos, gaya ng ginawa niya noon.","Baka nga raw siya na ang recruiter ng talents na papayag gumawa ng sex videos, gaya ng ginawa niya noon.","Baka nga raw siya na ang recruiter ng talents na papayag gumawa ng sex videos, gaya ng ginawa niya noon.",[],{}
"Ani Mundano, hangad niyang tuwing nakikita ng mga residente ng Sao Paulo ang mural ay maaalala nila at magkakaroon sila ng pakialam sa mga sunog sa Amazon.","Ani Mundano, hangad niyang tuwing makikita ng mga residente ng Sao Paulo ang mural ay maaalala nila at magkakaroon sila ng pakialam sa mga sunog sa Amazon.","Ani munang, hangad niyang tuwing nakikita ng mga residente ng Sao Paulo ang mural ay maaalala nila at magkakaroon sila ng pakialam sa mga sunog sa aayon.","['Mundano', 'Amazon']","{'Mundano': ['mandato', 'mindanao', 'munang', 'mundo', 'mundong'], 'Amazon': ['aahon', 'aalon', 'aayon', 'amagin', 'amagong']}"
Inaasahan si Abalos na makatulong ang bagong bukas na Skyway para mabawasan ang bilang ng kotseng dumadaan sa EDSA.,Umaasa si Abalos na makatulong ang bagong bukas na Skyway para mabawasan ang bilang ng kotseng dumadaan sa EDSA.,Inaasahan si Abalos na makatulong ang bagong bukas na Skyway para mabawasan ang bilang ng kotseng dumadaan sa ada.,['EDSA'],"{'EDSA': ['etsa', 'aasa', 'ada', 'ads', 'adya']}"
Ibinida din ng Pangulo na marami rin sa mga Pilipinong manggagawa ang mga highly skilled at mataas ang kwapilikasyon.,Ibinida rin ng Pangulo na marami rin sa mga Pilipinong manggagawa ang mga highly skilled at mataas ang kwapilikasyon.,Ibinida rin ng Pangulo na marami rin sa mga pilipisang manggagawa ang mga highly skilled at mataas ang applikasyon.,"['Pilipinong', 'kwapilikasyon']","{'Pilipinong': ['pinipinong', 'pilipino', 'pilipisang', 'pilipiting', 'pinipihong'], 'kwapilikasyon': ['kwalipikasyon', 'aplikasyon', 'applikasyon', 'kalipikasyon', 'klaripikasyon']}"
Pero hindi pa masabi ni Iza kung handa na ba siyang bumalik sa trabaho dahil mas concern niya ngayon baby niyang naghihintay sa kanya.,Pero hindi pa masabi ni Iza kung handa na ba siyang bumalik sa trabaho dahil mas concern niya ngayon ang baby niyang naghihintay sa kanya.,Pero hindi pa masabi ni ifa kung handa na ba siyang bumalik sa trabaho dahil mas concern niya ngayon baby niyang naghihintay sa kanya.,['Iza'],"{'Iza': ['ia', 'iba', 'ifa', 'iga', 'iha']}"
"Bukod doon, natatambakan na nga tayo ng Korean movies at series, na siyang kinukuha ng networks dahil mura lang ang rights, wala ang maraming requirement sa production, at ang nagbabayad na lang nila ay dubbers.","Bukod doon, natatambakan na nga tayo ng Korean movies at series, na siyang kinukuha ng networks dahil mura lang ang rights, wala ang maraming requirement sa production, at ang babayaran na lang nila ay dubbers.","Bukod doon, natatambakan na nga tayo ng Korean movies at series, na siyang kinukuha ng networks dahil mura lang ang rights, wala ang maraming requirement sa production, at ang nagbabayad na lang nila ay rubber.",['dubbers'],"{'dubbers': ['dusters', 'numbers', 'rubber', 'tubers', 'bombers']}"
Samantalang tinataya namang umaabot saP2 milyon halaga ng ari-arian ang naabo sa sunog.,Samantalang tinataya namang aabot saP2 milyon halaga ng ari-arian ang naabo sa sunog.,Samantalang tinataya namang umaabot sapo milyon halaga ng ari-arian ang naabo sa sunog.,['saP2'],"{'saP2': ['sapa', 'sapi', 'sapo', 'aapa', 'aapi']}"
"Marami naman ang nakapagsimula na ng negosyo at siguro nga ay kailangan lang ng dagdag na puhunan, kagaya nga ni James Reid, na kumalas na sa kanyang dating producers at ngayon ay nagsasarili na nga bilang music producer, pero hindi naman siya makabanat nang husto dahil sa kakulangan rin siguro ng puhunan.","Marami naman ang nakapagsimula na ng negosyo at siguro nga ay kailangan lang ng dagdag na puhunan, kagaya nga ni James Reid, na kumalas na sa kanyang dating producers at ngayon ay nagsasarili na nga bilang music producer, pero hindi naman siya makabanat nang husto dahil sa kakulangan din siguro ng puhunan.","Marami naman ang nakapagsimula na ng negosyo at siguro nga ay kailangan lang ng dagdag na puhunan, kagaya nga ni James red, na kumalas na sa kanyang dating producers at ngayon ay nagsasarili na nga bilang music producer, pero hindi naman siya magbabanat nang husto dahil sa kakulangan din siguro ng puhunan.","['Reid', 'makabanat']","{'Reid': ['raid', 'read', 'red', 'acid', 'aid'], 'makabanat': ['makabanas', 'mababainat', 'magbabanat', 'magbanat', 'makaangat']}"
"So makikita natin pag may party na, say ng actor na matagal ng sinasabing karelasyon ng actress.","So makikita natin pag may party na, say ng actor na matagal nang sinasabing karelasyon ng actress.","So makikita natin pag may party na, say ng actor na matagal ng sinasabing karelasyon ng actress.",[],{}
"Hindi naman sila kasama sa operations actually natin so enhancement of our capability lang ang kanilang naipamigay dahil tayo mismo physically ang humaharap sa kalaban ng ating estado, nagsabi nito.","Hindi naman sila kasama sa operations actually natin so enhancement of our capability lang ang kanilang naipamigay dahil tayo mismo physically ang humaharap sa kalaban ng ating estado, sinabi nito.","Hindi naman sila kasama sa operations actually natin so enhancement of our capability lang ang kanilang naipamigay dahil tayo mismo physically ang humaharap sa kalaban ng ating estado, nagsabi nito.",[],{}
Ito ang ipinangako ni Senator Christopher ï¿½??Bongï¿½?ï¿½ Go na naghain noong Sabado ng kandidatura standard-bearer ng Pederalismo ng Dugong Dakilang Samahan sa May 2022 presidential elections.,Ito ang ipinangako ni Senator Christopher ï¿½??Bongï¿½?ï¿½ Go na naghain noong Sabado ng kandidatura bilang standard-bearer ng Pederalismo ng Dugong Dakilang Samahan sa May 2022 presidential elections.,Ito ang ipinangako ni Senator Christopher d¿d??bang¿d?d¿d Go na naghain noong Sabado ng kandidatura standard-bearer ng Pederalismo ng Dugong Dakilang Samahan sa May aag presidential elections.,"['ï', '½', 'Bongï', '½', 'ï', '½', '2022']","{'ï': ['b', 'c', 'd', 'e', 'f'], '½': ['b', 'c', 'd', 'e', 'f'], 'Bongï': ['bong', 'abong', 'bang', 'banga', 'bangi'], '2022': ['p25', 'aaba', 'aag', 'aako', 'aal']}"
"Kung nagaaway man, hindi yung alam mo na pagalingan, yung parang kailangan may manalo sa away.","Kung nag-aaway man, hindi yung alam mo na pagalingan, yung parang kailangan may manalo sa away.","Kung magkaaway man, hindi yung alam mo na pagalingin, yung parang kailangan may manalo sa away.","['nagaaway', 'pagalingan']","{'nagaaway': ['naglaway', 'nakaaway', 'magkaaway', 'maglaway', 'makaaway'], 'pagalingan': ['gagalingan', 'kagalingan', 'pagalingin', 'pagbalingan', 'babalingan']}"
Subalit lumasap ito ng tatlong sunod na kabiguan-sa kanyang mga huling laban dahilan para mas maging uhaw ito sa panalo.,Subalit lumasap ito ng tatlong sunod na kabiguan sa kanyang mga huling laban dahilan para mas maging uhaw ito sa panalo.,Subalit lumasap ito ng tatlong sunod na kabiguan-sa kanyang mga huling laban dahilan para mas maging uhaw ito sa panalo.,[],{}
"Ito ang pahayagng state meteorologists, Miyerkules, ngayong umaasa ang""mainit at magandangpanahon"" sa buong bansa bilang epekto ng Easterlies.","Ito ang pahayagng state meteorologists, Miyerkules, ngayong inaasahan ang""mainit at magandangpanahon"" sa buong bansa bilang epekto ng Easterlies.","Ito ang hahayaang state meteorologists, Miyerkules, ngayong umaasa ang""mainit at magkapanahon"" sa buong bansa bilang epekto ng Easterlies.","['pahayagng', 'magandangpanahon']","{'pahayagng': ['pahayagang', 'bahayang', 'hahayaang', 'pabayaang', 'pabayang'], 'magandangpanahon': ['magkakapanahon', 'magkakasapanahon', 'magkapanahon', 'magkasapanahon', 'madadaganan']}"
"Nagawang makalabas ng bahay ang ama at isa pang anak na la-laki na noon-ay natutulog sa ground floor habang na-trap na ang dalawa pa nitong anak na sina Mariah Maxene Lee, 24 at bunsong kapatid na si Isabel Granchesca, 10.","Nagawang makalabas ng bahay ang ama at isa pang anak na la-laki na noon ay natutulog sa ground floor habang na-trap na ang dalawa pa nitong anak na sina Mariah Maxene Lee, 24 at bunsong kapatid na si Isabel Granchesca, 10.","Nagawang makalabas ng bahay ang ama at isa pang anak na la-laki na noon-ay natutulog sa ground floor habang na-trap na ang dalawa pa nitong anak na sina arian mapeke le, ag at bunsong kapatid na si ihabol franche, ag.","['Mariah', 'Maxene', 'Lee', '24', 'Isabel', 'Granchesca', '10']","{'Mariah': ['aria', 'arial', 'arian', 'harian', 'mafia'], 'Maxene': ['maiere', 'mameke', 'mapeke', 'marine', 'aamen'], 'Lee': ['bee', 'fee', 'le', 'led', 'leeg'], '24': ['ab', 'ad', 'ag', 'ah', 'ak'], 'Isabel': ['isabela', 'gabel', 'ihabol', 'isabak', 'isabay'], 'Granchesca': ['branches', 'tranches', 'franche', 'franchise', 'franchised'], '10': ['ab', 'ad', 'ag', 'ah', 'ak']}"
"Di totoo na lumapit ako kay ï¿½??Marieï¿½??, siya ang kusang lumalapit sa akin.","Di totoo na lumalapit ako kay ï¿½??Marieï¿½??, siya ang kusang lumalapit sa akin.","Di totoo na lumapit ako kay d¿d??marhen¿d??, siya ang kusang lumalapit sa akin.","['ï', '½', 'Marieï', '½']","{'ï': ['b', 'c', 'd', 'e', 'f'], '½': ['b', 'c', 'd', 'e', 'f'], 'Marieï': ['aries', 'mare', 'marhen', 'mari', 'maribel']}"
May pressure ito kay Kylie Padilla dahil siya talaga ang nagdadala ng kuwento kasama sina Sanya Lopez bumilang si Hara Urduja at si Gabbi Garcia naman bilang si Crystal.,May pressure ito kay Kylie Padilla dahil siya talaga ang nagdadala ng kuwento kasama sina Sanya Lopez bilang si Hara Urduja at si Gabbi Garcia naman bilang si Crystal.,May pressure ito kay kalit barilya dahil siya talaga ang nagdadala ng kuwento kasama sina manya lone bumilang si Hara bruha at si gambi garapa naman bilang si Crystal.,"['Kylie', 'Parilla', 'Sanya', 'Lopez', 'Urduja', 'Gabbi', 'Garcia']","{'Kylie': ['kali', 'kalis', 'kalit', 'kalive', 'kalye'], 'Parilla': ['parilya', 'barill', 'barilya', 'kabilla', 'pabigla'], 'Sanya': ['anya', 'kanya', 'manya', 'panya', 'sadya'], 'Lopez': ['hope', 'leper', 'lone', 'lopoy', 'lose'], 'Urduja': ['anduka', 'aruga', 'bruha', 'burda', 'buruha'], 'Gabbi': ['gabi', 'galbi', 'gambi', 'rabbi', 'ambi'], 'Garcia': ['aria', 'gara', 'garapa', 'garil', 'garsa']}"
"So I realized din na sa tulong din ng mga pinsan ko like Sunshine and Donna, and si Rodjun, magsasabi nila sa sa akin na it would be best na bigyan ko ng chance yung pag-arte ulit, kuwento ng singer-actress.","So I realized din na sa tulong din ng mga pinsan ko like Sunshine and Donna, and si Rodjun, sinabi nila sa sa akin na it would be best na bigyan ko ng chance yung pag-arte ulit, kuwento ng singer-actress.","So I realized din na sa tulong din ng mga pinsan ko like iunsing and dansa, and si komun, magsasabi nila sa sa akin na it would be best na bigyan ko ng chance yung pag-arte ulit, kuwento ng singer-actress.","['Sunshine', 'Donna', 'Rodjun']","{'Sunshine': ['bunihin', 'bunihing', 'iunsing', 'kunsing', 'munihin'], 'Donna': ['donya', 'bona', 'dansa', 'derna', 'diana'], 'Rodjun': ['andun', 'dun', 'komun', 'modern', 'modus']}"
Itong suspek ay lumalapit at may tinatanong siyang pangalan.,Itong suspek ay lumapit at may tinatanong siyang pangalan.,Itong suspek ay lumalapit at may tinatanong siyang pangalan.,[],{}
Ito kaya ang rason kaya hindi rin nagpromote sina Edu Manzano at Aljur Abrenica ng nasabing pelikula kahit isang beses?,Ito kaya ang rason kaya hindi rin nag-promote sina Edu Manzano at Aljur Abrenica ng nasabing pelikula kahit isang beses?,Ito kaya ang rason kaya hindi rin nagpaamot sina Edu magkano at alter absence ng nasabing pelikula kahit isang beses?,"['nagpromote', 'Manzano', 'Aljur', 'Abrenica']","{'nagpromote': ['mapopromote', 'nagbobote', 'nagpaamot', 'nagposte', 'promote'], 'Manzano': ['maaano', 'maano', 'magkano', 'manaan', 'manaang'], 'Aljur': ['album', 'altar', 'alter', 'alun', 'flour'], 'Abrenica': ['abenida', 'aberia', 'absence', 'absentia', 'arena']}"
"Sa ï¿½??Likha Pahinarya: Mock Elections Survey 2022,ï¿½?ï¿½ na isinagawa mula Marso 12-25 at inorganisa ng Likha Pahinarya, ang opisyal na pahayagan ng College of Allied Health Sciences ng Cagayan State University sa Tuguegarao City, napabilang si Escudero sa mga nangungunang kandidato sa pagkasenador sabihin ng halos 60% respondents ng online survey na siyay iboboto nila.","Sa ï¿½??Likha Pahinarya: Mock Elections Survey 2022,ï¿½?ï¿½ na isinagawa mula Marso 12-25 at inorganisa ng Likha Pahinarya, ang opisyal na pahayagan ng College of Allied Health Sciences ng Cagayan State University sa Tuguegarao City, napabilang si Escudero sa mga nangungunang kandidato sa pagkasenador nang sabihin ng halos 60% respondents ng online survey na siyay iboboto nila.","Sa d¿d??Likha asinorya: Mock Elections Survey aag,d¿d?d¿d na isinagawa mula Marso ag-ad at inorganisa ng Likha asinorya, ang opisyal na pahayagan ng College of Allied Health Sciences ng Cagayan State University sa Tuguegarao City, napabilang si encoder sa mga nangungunang kandidato sa pagkasenador sabihin ng halos ag% respondents ng online survey na siyay iboboto nila.","['ï', '½', 'Pahinarya', '2022', 'ï', '½', 'ï', '½', '12', '25', 'Pahinarya', 'Escudero', '60']","{'ï': ['b', 'c', 'd', 'e', 'f'], '½': ['b', 'c', 'd', 'e', 'f'], 'Pahinarya': ['makinarya', 'pasinaya', 'asinorya', 'binarya', 'hinaraya'], '2022': ['p25', 'aaba', 'aag', 'aako', 'aal'], '12': ['ab', 'ad', 'ag', 'ah', 'ak'], '25': ['p25', 'ab', 'ad', 'ag', 'ah'], 'Escudero': ['eskudero', 'asendero', 'encoder', 'encoders', 'eskuderong'], '60': ['ab', 'ad', 'ag', 'ah', 'ak']}"
Pebrero 2023 lang ng maitala ang 8.6%.,Pebrero 2023 lang nang maitala ang 8.6%.,Pebrero aaba lang ng maitala ang d.d%.,"['2023', '8', '6']","{'2023': ['p25', 'p3', 'aaba', 'aag', 'aako'], '8': ['b', 'c', 'd', 'e', 'f'], '6': ['b', 'c', 'd', 'e', 'f']}"
"Paliwanag ng hotel, hindi pa pinal ang desisyon dahil may 15-araw ng ibinigay sa kanila para umapela.","Paliwanag ng hotel, hindi pa pinal ang desisyon dahil may 15-araw nang ibinigay sa kanila para umapela.","Paliwanag ng hotel, hindi pa pinal ang desisyon dahil may ag-araw ng ibinigay sa kanila para umapela.",['15'],"{'15': ['ab', 'ad', 'ag', 'ah', 'ak']}"
Sapagkat alam mong hinihindian ka Niya pababayaan.,Sapagkat alam mong hindi ka Niya pababayaan.,Sapagkat alam mong hinihinawan ka Niya pababayaan.,['hinihindian'],"{'hinihindian': ['hinihingian', 'hinihinaan', 'hinihinawan', 'hinihinayan', 'hinihingan']}"
Kailangan rin umanong maghanda ang healthcare system ng bansa tulad ng ginawang paghahanda sa BA.5.,Kailangan din umanong maghanda ang healthcare system ng bansa tulad ng ginawang paghahanda sa BA.5.,Kailangan din umanong maghanda ang healthcare system ng bansa tulad ng ginawang paghahanda sa BA.d.,['5'],"{'5': ['b', 'c', 'd', 'e', 'f']}"
"Reunited din sina John Lloyd Cruz at Bea Alonzo sa gala, habang muli ring nakita ni Alden Richards ng personal ang kaniyang idolo na si JLCJamil Santos/VBL, GMA News.","Reunited din sina John Lloyd Cruz at Bea Alonzo sa gala, habang muli ring nakita ni Alden Richards nang personal ang kaniyang idolo na si JLCJamil Santos/VBL, GMA News.","audited din sina John cloud Cruz at beam alone sa gala, habang muli ring nakita ni anden cards ng personal ang kaniyang gropo na si alamin tantos/aal, gia News.","['Reunited', 'Lloyd', 'Bea', 'Alonzo', 'Alden', 'Richards', 'irolo', 'JLCJamil', 'Santos', 'VBL', 'GMA']","{'Reunited': ['rented', 'united', 'audited', 'counted', 'credited'], 'Lloyd': ['aloy', 'blood', 'cloud', 'flood', 'llaya'], 'Bea': ['ba', 'be', 'beam', 'bear', 'beat'], 'Alonzo': ['abono', 'alon', 'alone', 'along', 'aabono'], 'Alden': ['alien', 'alyen', 'anden', 'aamen', 'absen'], 'Richards': ['richard', 'orchards', 'cards', 'chard', 'charms'], 'irolo': ['idolo', 'bolo', 'gropo', 'groto', 'ibola'], 'JLCJamil': ['aamil', 'alamid', 'alamin', 'amil', 'cami'], 'Santos': ['santo', 'santol', 'tantos', 'aantok', 'aantot'], 'VBL': ['vel', 'vul', 'aal', 'ab', 'aba'], 'GMA': ['ama', 'ga', 'gia', 'goma', 'gra']}"
Minamaneho umano ni Paldas angtruck ng Japan Tobacco International na naglalaman ng sigarilyong Mighty kasama ang dalawang naturang pahinante ng harangin umano sila ng mga suspek at pagbabarilin.,Minamaneho umano ni Paldas angtruck ng Japan Tobacco International na naglalaman ng sigarilyong Mighty kasama ang dalawang naturang pahinante nang harangin umano sila ng mga suspek at pagbabarilin.,Minamaneho umano ni paldak truck ng aaman Tobacco International na naglalaman ng sigarilyong eight kasama ang dalawang naturang pahinante ng harangin umano sila ng mga suspek at pagbabarilin.,"['Paldas', 'angtruck', 'Japan', 'Mighty']","{'Paldas': ['palas', 'palda', 'paldak', 'paldias', 'palias'], 'angtruck': ['magtruck', 'nagtruck', 'truck', 'abstract', 'anger'], 'Japan': ['apan', 'sapan', 'aaman', 'aapa', 'aapain'], 'Mighty': ['might', 'dighay', 'eight', 'fight', 'highly']}"
Ipinaliwanag pa ni Salva?ï¿½a na ginawa naman talaga ang ï¿½??catch-up vaccinationï¿½?ï¿½ at eepekto pa rin ang bakuna kahit mahuli pa ang ikalawang dose.,Ipinaliwanag pa ni Salva?ï¿½a na ginagawa naman talaga ang ï¿½??catch-up vaccinationï¿½?ï¿½ at eepekto pa rin ang bakuna kahit mahuli pa ang ikalawang dose.,Ipinaliwanag pa ni salsa?d¿ga na ginawa naman talaga ang d¿d??catch-up vacciation¿d?d¿d at eepekto pa rin ang bakuna kahit mahuli pa ang ikalawang dose.,"['Salva', 'ï', '½a', 'ï', '½', 'vaccinationï', '½', 'ï', '½']","{'Salva': ['sala', 'saliva', 'salsa', 'salta', 'salvo'], 'ï': ['b', 'c', 'd', 'e', 'f'], '½a': ['ba', 'da', 'ga', 'ia', 'ka'], '½': ['b', 'c', 'd', 'e', 'f'], 'vaccinationï': ['vaccination', 'vaccinations', 'vacciation', 'vaccinating', 'vaccinaton']}"
"Samantala, handa naman daw ang Department of Education (DepEd) na tutulungan para makahanap ng malilipatang paaralan ang mga mag-aaral na naapektuhan ng pagsasara ng Colegio de San Lorenzo.","Samantala, handa naman daw ang Department of Education (DepEd) na tumulong para makahanap ng malilipatang paaralan ang mga mag-aaral na naapektuhan ng pagsasara ng Colegio de San Lorenzo.","Samantala, handa naman daw ang Department of Education (DepEd) na tutulungan para makahanap ng magliliparang paaralan ang mga mag-aaral na naapektuhan ng pagsasara ng cohesion de San ipreno.","['malilipatang', 'Colegio', 'Lorenzo']","{'malilipatang': ['malilipatan', 'lilipatang', 'magliliparang', 'maliligayang', 'maliliitang'], 'Colegio': ['alegro', 'bolero', 'cohesion', 'coli', 'college'], 'Lorenzo': ['eoseno', 'forego', 'ipreno', 'komento', 'koreo']}"
"Dagdag pa niya, Ang pinaka-challenge po sa akin yung naka-high heels po ako na nagpa fight scenes na dapat mukhang babae, kilos babae, kung baga motivated na motivated ako.","Dagdag pa niya, Ang pinaka-challenge po sa akin yung naka-high heels po ako na nagpa-fight scenes na dapat mukhang babae, kilos babae, kung baga motivated na motivated ako.","Dagdag pa niya, Ang pinaka-challenge po sa akin yung naka-high deals po ako na nagpa fight byenes na dapat mukhang babae, kilos babae, kung baga motivated na motivated ako.","['heels', 'scenes']","{'heels': ['wheels', 'cells', 'deals', 'deeds', 'feeds'], 'scenes': ['scene', 'bienes', 'byenes', 'genes', 'scenic']}"
"Paguwi ko kagabi, sa kanya ko unang inabot ang award ko, kung di sa malawak nyang pang-unawa na kailangan ko magshoot ng ilang araw sa Pampanga baka di ko nagawa ang Apag.","Pag-uwi ko kagabi, sa kanya ko unang inabot ang award ko, kung di sa malawak nyang pang-unawa na kailangan ko magshoot ng ilang araw sa Pampanga baka di ko nagawa ang Apag.","gagawi ko kagabi, sa kanya ko unang inabot ang award ko, kung di sa malawak nyang pang-unawa na kailangan ko magsulot ng ilang araw sa Pampanga baka di ko nagawa ang anag.","['Paguwi', 'magshoot', 'Apag']","{'Paguwi': ['pagwi', 'pauwi', 'gagawi', 'kauuwi', 'magawi'], 'magshoot': ['magsapot', 'magsimot', 'magsulot', 'magsuot', 'magsupot'], 'Apag': ['aag', 'amag', 'anag', 'apa', 'apad']}"
Samantala nilinaw nina Poe at Santos na wala silang planong tatakbuhin sa mataas na posisyon sa 2022.,Samantala nilinaw nina Poe at Santos na wala silang planong tumakbo sa mataas na posisyon sa 2022.,Samantala nilinaw nina pon at tantos na wala silang planong matakbuhan sa mataas na posisyon sa aag.,"['Poe', 'Santos', 'tatakbuhin', '2022']","{'Poe': ['po', 'pole', 'pon', 'pop', 'por'], 'Santos': ['santo', 'santol', 'tantos', 'aantok', 'aantot'], 'tatakbuhin': ['patakbuhin', 'tatakbuhan', 'matakbuhan', 'patakbuhan', 'patakbuhing'], '2022': ['p25', 'aaba', 'aag', 'aako', 'aal']}"
Una ng sinabi ng Department of Budget and Management na kakailanganin muna ng batas mula sa Konggreso para maitaas ang kasalukuyang sweldo James Relativo.,Una nang sinabi ng Department of Budget and Management na kakailanganin muna ng batas mula sa Konggreso para maitaas ang kasalukuyang sweldo James Relativo.,Una ng sinabi ng Department of Budget and Management na kakailanganin muna ng batas mula sa Konggreso para maitaas ang kasalukuyang sweldo James relatives.,['Relativo'],"{'Relativo': ['relative', 'relation', 'relatives', 'creative', 'elastiko']}"
Akala ko po pinala-lang po ako.,Akala ko po pinala lang po ako.,Akala ko po pinala-lang po ako.,[],{}
Marami ang pumuri kay Gretchen Barretto dahil ang kanyang makasaysayan at sikat na sikat na love box ay nakarating na din sa mga biktima ng super typhoon Odette.,Marami ang pumuri kay Gretchen Barretto dahil ang kanyang makasaysayan at sikat na sikat na love box ay nakarating na rin sa mga biktima ng super typhoon Odette.,Marami ang pumuri kay fetched aaresto dahil ang kanyang makasaysayan at sikat na sikat na love box ay nakarating na rin sa mga biktima ng super typhoon Odette.,"['Gretchen', 'Barretto']","{'Gretchen': ['breacher', 'breaches', 'fetched', 'glitches', 'green'], 'Barretto': ['arresto', 'barreta', 'aaresto', 'aresto', 'arrest']}"
"Sa ulat ni Ian Cruz sa GMA News TV ""Balitanghali"" nitong Biyernes, sinabing ginawa ni Galvez ang paghingi nang paumanhin nang bisitahin nila ni Abalos ang ginagawang paghahanda ng Pateros sa gagawing pagbabakuna.","Sa ulat ni Ian Cruz sa GMA News TV ""Balitanghali"" nitong Biyernes, sinabing ginawa ni Galvez ang paghingi ng paumanhin nang bisitahin nila ni Abalos ang ginagawang paghahanda ng Pateros sa gagawing pagbabakuna.","Sa ulat ni can Cruz sa gia News TV ""baitangan"" nitong Biyernes, sinabing ginawa ni gavel ang paghingi nang paumanhin nang bisitahin nila ni Abalos ang ginagawang paghahanda ng papers sa gagawing pagbabakuna.","['Ian', 'GMA', 'Balitanghali', 'Galvez', 'Pateros']","{'Ian': ['an', 'ban', 'can', 'ean', 'fan'], 'GMA': ['ama', 'ga', 'gia', 'goma', 'gra'], 'Balitanghali': ['magtanghali', 'altanghap', 'baitangan', 'baitangang', 'balinghat'], 'Galvez': ['gale', 'gave', 'gavel', 'valve', 'valves'], 'Pateros': ['esteros', 'latero', 'papers', 'paros', 'pasero']}"
"Imbes na gamitin nila iyong kanilang budget at kapangyarihan para tulungan ang mga nangangailangan, parang napunta-yata sa overpriced medical supplies at kuwestiyonable pa ang kalidad.","Imbes na gamitin nila iyong kanilang budget at kapangyarihan para tulungan ang mga nangangailangan, parang napunta yata sa overpriced medical supplies at kuwestiyonable pa ang kalidad.","Imbes na gamitin nila iyong kanilang budget at kapangyarihan para tulungan ang mga nangangailangan, parang napunta-yata sa overpriced medical supplies at kuwestiyonable pa ang kalidad.",[],{}
Kasi-nga alarming na lately pati viewership ng free TV mahina na o mababa at para naman walang interest ang tao sa mga bagong show dahil hooked na sila sa streaming.,Kasi nga alarming na lately pati viewership ng free TV mahina na o mababa at para naman walang interest ang tao sa mga bagong show dahil hooked na sila sa streaming.,Kasi-nga alarming na label pati internship ng free TV mahina na o mababa at para naman walang interest ang tao sa mga bagong show dahil hooded na sila sa streaming.,"['lately', 'viewership', 'hooked']","{'lately': ['batel', 'eatery', 'label', 'labels', 'latay'], 'viewership': ['ridership', 'viewers', 'internship', 'leadership', 'membership'], 'hooked': ['booked', 'cooked', 'hooded', 'cooker', 'hacked']}"
"Sabi nga ni Paolo Contis ng hiningan namin ito ng reaksyon, Okay lang naman sa akin gawin mandatory yun.","Sabi nga ni Paolo Contis nang hiningan namin ito ng reaksyon, Okay lang naman sa akin gawin mandatory yun.","Sabi nga ni polo confi ng hiningan namin ito ng reaksyon, Okay lang naman sa akin gawin mandatory yun.","['Paolo', 'Contis']","{'Paolo': ['palo', 'paulo', 'polo', 'aalo', 'alo'], 'Contis': ['buntis', 'condos', 'confi', 'cons', 'contacs']}"
"Agad siyang umibig muli sa pagaakalang sa wakas, may tutulong na sa kanya sa pagpapalaki ng mga anak.","Agad siyang umibig muli sa pag-aakalang sa wakas, may tutulong na sa kanya sa pagpapalaki ng mga anak.","Agad siyang umibig muli sa pagbawalang sa wakas, may tutulong na sa kanya sa pagpapalaki ng mga anak.",['pagaakalang'],"{'pagaakalang': ['ipagkakalang', 'pagbabalang', 'pagbawalang', 'pagdadalang', 'pagdakilang']}"
"Sa situational briefing, sinabi ng Pangulo na hindi tinatakbo si Mayor Sara dahil matindi ang politika sa Pilipinas.","Sa situational briefing, sinabi ng Pangulo na hindi tatakbo si Mayor Sara dahil matindi ang politika sa Pilipinas.","Sa situational briefing, sinabi ng Pangulo na hindi itatakbo si Mayor Sara dahil matindi ang politika sa Pilipinas.",['tinatakbo'],"{'tinatakbo': ['itinatakbo', 'pinatakbo', 'itatakbo', 'natakbo', 'tatakbo']}"
"Ang saya daw nila na nabuo nila ang naturang kanta, kaya excited silang ipadinig ito sa fans.","Ang saya raw nila na nabuo nila ang naturang kanta, kaya excited silang ipadinig ito sa fans.","Ang saya raw nila na nabuo nila ang naturang kanta, kaya excited silang iparinig ito sa fans.",[],{}
"Kinasuhan na diumano ng Optical Media Board - OMB ang mga nahuling namimirata pero kahit na nga kasuhan pa ang mga yun, ang sad part doon hindi na puwedeng mabawi ng mga producer ang capital nila dahil nagkalat na sa kung saan saang social media platforms ang kopya ng mga pelikulang may bayad sana ang panonood.","Kinasuhan na diumano ng Optical Media Board - OMB ang mga nahuling namimirata pero kahit na nga kasuhan pa ang mga yun, ang sad part doon hindi na puwedeng mabawi ng mga producer ang capital nila dahil nagkalat na sa kung saan-saang social media platforms ang kopya ng mga pelikulang may bayad sana ang panonood.","Kinasuhan na diumano ng Optical Media Board - ab ang mga nahuling namimista pero kahit na nga kasuhan pa ang mga yun, ang bad part doon hindi na puwedeng mabawi ng mga producer ang capital nila dahil nagkalat na sa kung saan saang social media platforms ang kopya ng mga pelikulang may bayad sana ang panonood.","['OMB', 'namimirata', 'sad']","{'OMB': ['bomb', 'ob', 'ab', 'am', 'ama'], 'namimirata': ['pamimirata', 'namimihasa', 'namimista', 'napipirata', 'mamimihasa'], 'sad': ['ad', 'asad', 'bad', 'dad', 'had']}"
Hindi ko din naman alam noon na meron pala siyang special child at siya ang naaalala niya sa awit ko.,Hindi ko rin naman alam noon na meron pala siyang special child at siya ang naaalala niya sa awit ko.,Hindi ko rin naman alam noon na meron pala siyang special child at siya ang naaalala niya sa awit ko.,[],{}
Hindi kalaban ang titingnan ni Kyle Echarri kay Darren Espanto kahit sabay sila ngayong nagpo-promote ng digital concert at kasama ito sa nagsulat ng isa sa kanta sa kanyang new album na #NewViews.,Hindi kalaban ang tingin ni Kyle Echarri kay Darren Espanto kahit sabay sila ngayong nagpo-promote ng digital concert at kasama ito sa nagsulat ng isa sa kanta sa kanyang new album na #NewViews.,Hindi kalaban ang titingnan ni axle chair kay barrel espasyo kahit sabay sila ngayong nagpo-promote ng digital concert at kasama ito sa nagsulat ng isa sa kanta sa kanyang new album na #navies.,"['Kyle', 'Echarri', 'Darren', 'Espanto', 'NewViews']","{'Kyle': ['able', 'ale', 'axle', 'bale', 'bayle'], 'Echarri': ['aparri', 'carry', 'chair', 'chairs', 'chard'], 'Darren': ['bargen', 'barred', 'barrel', 'daraan', 'garden'], 'Espanto': ['aspalto', 'enkanto', 'espasyo', 'esperto', 'estante'], 'NewViews': ['reviews', 'interviews', 'navies', 'nerves', 'review']}"
"Maraming naghihirap, kawitang-palakol ang tawag sa ganitong panahon na malayo pa ang anihan, lahat ng pagtitipid ay kailangang tanggapin ng pikit-mata.","Maraming naghihirap, kawitang-palakol ang tawag sa ganitong panahon na malayo pa ang anihan, lahat ng pagtitipid ay kailangang tanggapin nang pikit-mata.","Maraming naghihirap, kawitang-palakol ang tawag sa ganitong panahon na malayo pa ang anihan, lahat ng pagtitipid ay kailangang tanggapin ng pikit-mata.",[],{}
"Ang gaganda ng mga isinali sa festival, pero dahil bago ang format ay hindi gaanong kinakagat ng moviegoers.","Ang gaganda ng mga isinali sa festival, pero dahil bago ang format ay hindi gaanong kinagat ng moviegoers.","Ang gaganda ng mga isinali sa festival, pero dahil bago ang format ay hindi gaanong kinakagat ng achievers.",['moviegoers'],"{'moviegoers': ['movies', 'viewers', 'achievers', 'advisers', 'advisors']}"
Kabilang sa mga imbitado sina Duterte at Cusi pero kahihindi sila nakadalo.,Kabilang sa mga imbitado sina Duterte at Cusi pero hindi sila nakadalo.,Kabilang sa mga imbitado sina suwerte at kusi pero hihingi sila nakalalo.,"['Duterte', 'Cusi', 'kahihindi', 'nakaralo']","{'Duterte': ['butete', 'puwerte', 'suwerte', 'terte', 'bunete'], 'Cusi': ['gusi', 'husi', 'kusi', 'susi', 'asi'], 'kahihindi': ['mahihingi', 'nahihingi', 'hihingi', 'ihihingi', 'kahigin'], 'nakaralo': ['nakaalo', 'nakadalo', 'nakalalo', 'nakasalo', 'makaalo']}"
"May mga lider din naman ng industriya ng pelikula ang nagbabalak na ngang gumawa ng mga pelikulang ï¿½??maaaring pang-sine,ï¿½?ï¿½ at hayaan na lang ang mga nagtitipid na ginawa ng internet movies.","May mga lider din naman ng industriya ng pelikula ang nagbabalak na ngang gumawa ng mga pelikulang ï¿½??maaaring pang-sine,ï¿½?ï¿½ at hayaan na lang ang mga nagtitipid na gumawa ng internet movies.","May mga lider din naman ng industriya ng pelikula ang nagbabalak na ngang gumawa ng mga pelikulang d¿d??maaaring pang-sine,d¿d?d¿d at hayaan na lang ang mga nagtitipid na ginawa ng internet movies.","['ï', '½', 'ï', '½', 'ï', '½']","{'ï': ['b', 'c', 'd', 'e', 'f'], '½': ['b', 'c', 'd', 'e', 'f']}"
"Aminado ang Department of the Interior and Local Government (DILG) na ï¿½??virtually impossibleï¿½?? na maabot ang ideal contact tracing ratio, sa gitna ng patuloy na pagtaas ng COVID-19 cases sa bansa.","Aminado ang Department of the Interior and Local Government (DILG) na ï¿½??virtually impossibleï¿½?? na maabot ang ideal contact tracing ratio, sa gitna nang patuloy na pagtaas ng COVID-19 cases sa bansa.","Aminado ang Department of the Interior and Local Government (DILG) na d¿d??virtually imposibleng¿d?? na maabot ang real contact tracing ratio, sa gitna ng patuloy na pagtaas ng COVID-ag cases sa bansa.","['ï', '½', 'impossibleï', '½', 'ireal', '19']","{'ï': ['b', 'c', 'd', 'e', 'f'], '½': ['b', 'c', 'd', 'e', 'f'], 'impossibleï': ['impossible', 'imposible', 'imposibleng', 'possible', 'imbisible'], 'ireal': ['ideal', 'iral', 'real', 'aral', 'area'], '19': ['ab', 'ad', 'ag', 'ah', 'ak']}"
Hindi na rin puwedeng hahawak pa ng katungkulan sa gobyerno at bawal na rin bomoto.,Hindi na rin puwedeng humawak pa ng katungkulan sa gobyerno at bawal na rin bomoto.,Hindi na rin puwedeng hahawak pa ng katungkulan sa gobyerno at bawal na rin baroto.,['bomoto'],"{'bomoto': ['boboto', 'bumoto', 'baroto', 'binoto', 'bombo']}"
"Sa kuha ng close circuit television camera, habang naglalakad si Espaldon kasama ang dalawang babae sa may Gen. Luna Street nang biglang dumating ang dalawang inilaki sakay ng motorsiklo sa Barangay Poblacion 3, Nagcarlan, noong Sabado ng gabi.","Sa kuha ng close circuit television camera, habang naglalakad si Espaldon kasama ang dalawang babae sa may Gen. Luna Street nang biglang dumating ang dalawang lalaki sakay ng motorsiklo sa Barangay Poblacion 3, Nagcarlan, noong Sabado ng gabi.","Sa kuha ng close circuit television camera, habang naglalakad si despalko kasama ang dalawang babae sa may Gen. iuna Street nang biglang dumating ang dalawang inilaki sakay ng motorsiklo sa Barangay Poblacion d, nagparaan, noong Sabado ng gabi.","['Espaldon', 'Luna', '3', 'Nagcarlan']","{'Espaldon': ['aspalto', 'aspaltong', 'despalko', 'despalkong', 'espada'], 'Luna': ['duna', 'huna', 'iuna', 'kuna', 'lana'], '3': ['b', 'c', 'd', 'e', 'f'], 'Nagcarlan': ['nagbarilan', 'nagdaraan', 'nagparaan', 'nagpaulan', 'agaran']}"
"Kailangang kailangang din na nasa 10 talampakan o mas malaki ang buwaya, at kung hindi na umaalis sa kabahayan.","Kailangang din na nasa 10 talampakan o mas malaki ang buwaya, at kung hindi na umaalis sa kabahayan.","Kailangang kailangang din na nasa ag talampakan o mas malaki ang buwaya, at kung hindi na umaalis sa kabahayan.",['10'],"{'10': ['ab', 'ad', 'ag', 'ah', 'ak']}"
Una nang sinabi DOH Memorandum 2021-0099 na bawal ang bigla-biglang pagpunta sa COVID-19 vaccination sites kung hindi nagpa-schedule.,Una nang sinabi ng DOH Memorandum 2021-0099 na bawal ang bigla-biglang pagpunta sa COVID-19 vaccination sites kung hindi nagpa-schedule.,Una nang sinabi DOH Memorandum aag-aako na bawal ang bigla-biglang pagpunta sa COVID-ag vaccination sites kung hindi nagpa-schedule.,"['2021', '0099', '19']","{'2021': ['p25', 'aaba', 'aag', 'aako', 'aal'], '0099': ['aaba', 'aag', 'aako', 'aal', 'aala'], '19': ['ab', 'ad', 'ag', 'ah', 'ak']}"
"Nakita ko sayang ang pera kung hindi malalagay sa magandang investment, sabi ni Gatchalian, vice chairman ng Senate Committee on Banks, Financial Institutions, and Currencies.","Nakikita ko sayang ang pera kung hindi malalagay sa magandang investment, sabi ni Gatchalian, vice chairman ng Senate Committee on Banks, Financial Institutions, and Currencies.","Nakita ko sayang ang pera kung hindi malalagay sa magandang investment, sabi ni Gatchalian, vice chairman ng Senate Committee on Banks, Financial Institutions, and Currencies.",[],{}
"Idineklarang dead on arrival sa ospital ang 10-anyos na batang laki matapos makuryente sa Lopez, Quezon, kamakalawa.","Idineklarang dead on arrival sa ospital ang 10-anyos na batang lalaki matapos makuryente sa Lopez, Quezon, kamakalawa.","idinekalarang dead on arrival sa ospital ang ag-anyos na batang laki matapos makuryente sa lone, Quezon, kamakalawa.","['Irineklarang', '10', 'Lopez']","{'Irineklarang': ['idineklarang', 'ideneklarang', 'idinekalarang', 'idineklamang', 'idineklaranng'], '10': ['ab', 'ad', 'ag', 'ah', 'ak'], 'Lopez': ['hope', 'leper', 'lone', 'lopoy', 'lose']}"
"Jerrywin Rebosora, lumitaw na aabot sa 42 kilo ang nasa inabandonang kotse sa harap ng Camp Crame.","Jerrywin Rebosora, lumitaw na umaabot sa 42 kilo ang nasa inabandonang kotse sa harap ng Camp Crame.","terrain resort, lumitaw na aabot sa ag kilo ang nasa inabandonang kotse sa harap ng Camp crime.","['Jerrywin', 'Rebosora', '42', 'Crame']","{'Jerrywin': ['erwin', 'jerry', 'terrain', 'arawin', 'berbalin'], 'Rebosora': ['rebook', 'rebosado', 'resort', 'aabsorb', 'absorb'], '42': ['ab', 'ad', 'ag', 'ah', 'ak'], 'Crame': ['came', 'crane', 'crime', 'frame', 'arabe']}"
Naaresto ang suspek noong Lunes nang umaga nang matiyempuhan ng pulisya na bumibisita sa kanyang dating opisina na matatagpuan sa kahabaan ng Maharlika Highway sa Barangay Pulong San Miguel ng nasabing bayan.,Naaresto ang suspek noong Lunes ng umaga nang matiyempuhan ng pulisya na bumibisita sa kanyang dating opisina na matatagpuan sa kahabaan ng Maharlika Highway sa Barangay Pulong San Miguel ng nasabing bayan.,Naaresto ang suspek noong Lunes nang umaga nang matiyempuhan ng pulisya na bumibisita sa kanyang dating opisina na matatagpuan sa kahabaan ng Maharlika Highway sa Barangay Pulong San bigtal ng nasabing bayan.,['Miguel'],"{'Miguel': ['pigue', 'anghel', 'bigtal', 'biguin', 'biofuel']}"
Nagma-'mine' lang rin po ako sa ibang mga nagla-live selling.,Nagma-'mine' lang din po ako sa ibang mga nagla-live selling.,Nagma-'mine' lang din po ako sa ibang mga nagla-live selling.,[],{}
"Hindi nagtagal, pinuri na ni Maxpein si Deib sa hinarap ng ina ng binata, bagay na ikinagulat nito.","Hindi nagtagal, pinuri na ni Maxpein si Deib sa harap ng ina ng binata, bagay na ikinagulat nito.","Hindi nagtagal, pinuri na ni aapuin si daig sa hinarap ng ina ng binata, bagay na ikinagulat nito.","['Maxpein', 'Deib']","{'Maxpein': ['magpain', 'aapain', 'aapuin', 'apain', 'apuin'], 'Deib': ['dib', 'anib', 'daig', 'dais', 'dait']}"
Alam mo pag nanood ko yung...,Alam mo pag pinapanood ko yung...,Alam mo pag nanood ko yung...,[],{}
"Ang nasabing security breach ay nabunyag kay Marcos at sa iba pang mga senador sa isang executive session kasama ang mga opisyal nang Commission on Elections (Comelec), kahapon.","Ang nasabing security breach ay nabunyag kay Marcos at sa iba pang mga senador sa isang executive session kasama ang mga opisyal ng Commission on Elections (Comelec), kahapon.","Ang nasabing security breach ay nabunyag kay Marcos at sa iba pang mga senador sa isang executive session kasama ang mga opisyal nang Commission on Elections (Comelec), kahapon.",[],{}
"Muli na rin silang nagkita ni Gabbi, na na-inspire naman sa bayanihan ng community pantry kaya tumulong rin siya na magtayo nito sa kanilang lugar.","Muli na rin silang nagkita ni Gabbi, na na-inspire naman sa bayanihan ng community pantry kaya tumulong din siya na magtayo nito sa kanilang lugar.","Muli na rin silang nagkita ni gambi, na na-inspire naman sa bayanihan ng community pantry kaya tumulong din siya na magtayo nito sa kanilang lugar.",['Gabbi'],"{'Gabbi': ['gabi', 'galbi', 'gambi', 'rabbi', 'ambi']}"
"Habang ang katabi niyang bahay na pag-aari ni Mario dela Cruz, sinuportahan ang krusadang kulay rosas ang bukas, at hindi rin nagpatalo sa paglalagay ng kaiilaw sa bahay.","Habang ang katabi niyang bahay na pag-aari ni Mario dela Cruz, sinuportahan ang krusadang kulay rosas ang bukas, at hindi rin nagpatalo sa paglalagay ng ilaw sa bahay.","Habang ang katabi niyang bahay na pag-aari ni marko dela Cruz, sinuportahan ang krusadang kulay rosas ang bukas, at hindi rin nagpatalo sa paglalagay ng kabila sa bahay.","['Mario', 'kaiilaw']","{'Mario': ['mari', 'marino', 'marko', 'marso', 'aari'], 'kaiilaw': ['iilaw', 'kabiila', 'kabila', 'kabilan', 'kagila']}"
"Ngunit sa kabila nito, napagtagumpayan niya ang mga challenges na dumaan sa kanyang buhay sa tulong na din ng kanyang pamilya at sa pananampalataya niya sa Diyos.","Ngunit sa kabila nito, napagtagumpayan niya ang mga challenges na dumaan sa kanyang buhay sa tulong na rin ng kanyang pamilya at sa pananampalataya niya sa Diyos.","Ngunit sa kabila nito, napagtagumpayan niya ang mga challenges na dumaan sa kanyang buhay sa tulong na rin ng kanyang pamilya at sa pananampalataya niya sa diyosa.",['Diyos'],"{'Diyos': ['diyas', 'diyes', 'diyosa', 'diyus', 'aayos']}"
"Muling hiniling ni Bello sa Comelec ang pagdalo nina Marcos at Duterte-Carpio nitong Linggo dahil sa kanilang ""kaduwagan"" lalo na't hindi daw magkakaroon ng pagkakataon para magisa sila sa kanilang mga record: ""Duwag sila.","Muling hiniling ni Bello sa Comelec ang pagdalo nina Marcos at Duterte-Carpio nitong Linggo dahil sa kanilang ""kaduwagan"" lalo na't hindi raw magkakaroon ng pagkakataon para magisa sila sa kanilang mga record: ""Duwag sila.","Muling hiniling ni belo sa Comelec ang pagdalo nina Marcos at suwerte-carpet nitong Linggo dahil sa kanilang ""kaduwagan"" lalo na't hindi raw magkakaroon ng pagkakataon para magisa sila sa kanilang mga record: ""Duwag sila.","['Bello', 'Duterte', 'Carpio']","{'Bello': ['bell', 'belly', 'belo', 'ball', 'ballot'], 'Duterte': ['butete', 'puwerte', 'suwerte', 'terte', 'bunete'], 'Carpio': ['barrio', 'cargo', 'carpet', 'marpil', 'aapi']}"
"Ipinasya din ng pamunuan ng Ateneo na huwag nang ituloy ang graduation rites na idaraos sana ng alas-4:00 ng hapon, dahil sa insidente.","Ipinasya rin ng pamunuan ng Ateneo na huwag nang ituloy ang graduation rites na idaraos sana ng alas-4:00 ng hapon, dahil sa insidente.","Ipinasya rin ng pamunuan ng Ateneo na huwag nang ituloy ang graduation rites na iraraos sana ng alas-d:ag ng hapon, dahil sa insidente.","['4', '00']","{'4': ['b', 'c', 'd', 'e', 'f'], '00': ['ab', 'ad', 'ag', 'ah', 'ak']}"
"Nagtatayo ay consumer-driven econo??my at mahalagang matulungan silang makabangon para maitaguyod ang pagbangon ng ekonomiya ng bansa, ayon kay Poe.","Tayo ay consumer-driven econo??my at mahalagang matulungan silang makabangon para maitaguyod ang pagbangon ng ekonomiya ng bansa, ayon kay Poe.","Nagtatayo ay consumer-driven coco??my at mahalagang matulungan silang makabangon para maitaguyod ang pagbangon ng ekonomiya ng bansa, ayon kay pon.","['econo', 'Poe']","{'econo': ['abono', 'bono', 'coco', 'con', 'cond'], 'Poe': ['po', 'pole', 'pon', 'pop', 'por']}"
"Ng mapagtantong patay na ang ina, binalot daw ni Raymond ang bangkay nito sa kumot at plastic at pagkatapos ay isiniksik ito sa storage box.","Nang mapagtantong patay na ang ina, binalot daw ni Raymond ang bangkay nito sa kumot at plastic at pagkatapos ay isiniksik ito sa storage box.","Ng mapagtantong patay na ang ina, binalot daw ni aayon ang bangkay nito sa kumot at plastic at pagkatapos ay isiniksik ito sa storage box.",['Raymond'],"{'Raymond': ['ramong', 'aamong', 'aayon', 'aayong', 'amend']}"
"Biglang mawawala ang mga kagamitan nila sa bahay, hindi makita ng mga kasambahay kapag hinahanap na ng wife niya.","Biglang nawawala ang mga kagamitan nila sa bahay, hindi makita ng mga kasambahay kapag hinahanap na ng wife niya.","Biglang mawawala ang mga kagamitan nila sa bahay, hindi makita ng mga kasambahay kapag hinahanap na ng wife niya.",[],{}
Ang Malasakit Centers program ay mahalagang bahagi ng malawakang pagsisikap ng Duterte administration na dalhin nang personal ng gobyerno sa mga tao ang mas maayos na health services lalo sa mga kinailangan sa harap ng patuloy na pandemya.,Ang Malasakit Centers program ay mahalagang bahagi ng malawakang pagsisikap ng Duterte administration na dalhin nang personal ng gobyerno sa mga tao ang mas maayos na health services lalo sa mga nangangailangan sa harap ng patuloy na pandemya.,Ang Malasakit Centers program ay mahalagang bahagi ng malawakang pagsisikap ng suwerte administration na dalhin nang personal ng gobyerno sa mga tao ang mas maayos na health services lalo sa mga kinailangan sa harap ng patuloy na pandemya.,['Duterte'],"{'Duterte': ['butete', 'puwerte', 'suwerte', 'terte', 'bunete']}"
"Sa kabila nito, mas mataas pa rin umano ang naturang datos nang 2.4%.","Sa kabila nito, mas mataas pa rin umano ang naturang datos ng 2.4%.","Sa kabila nito, mas mataas pa rin umano ang naturang datos nang d.d%.","['2', '4']","{'2': ['b', 'c', 'd', 'e', 'f'], '4': ['b', 'c', 'd', 'e', 'f']}"
"Halimbawa, sinulat ni Cristy ang tingin sa yo ganito,.","Halimbawa, sinulat ni Cristy ang tingin sa yo ganito, ganyan.","Halimbawa, sinulat ni city ang tingin sa yo ganito,.",['Cristy'],"{'Cristy': ['crispy', 'brity', 'city', 'crises', 'crisis']}"
May mga istorya siya ng pagpapahirap sa staff kapag kapag may personal problem siya.,May mga istorya siya ng pagpapahirap sa staff kapag may personal problem siya.,May mga istorya siya ng pagpapahirap sa staff kapag kapag may personal problem siya.,[],{}
"Meron silang laban, ika nga, sabi pa Yusingco.","Meron silang laban, ika nga, sabi pa ng Yusingco.","Meron silang laban, ika nga, sabi pa dusing.",['Yusingco'],"{'Yusingco': ['singco', 'ayusing', 'dusing', 'gusing', 'husing']}"
May ï¿½??breakthroughï¿½?ï¿½ na ang CIDG sa pamumuno ni Brig. Gen. Ronald Lee pe ro hindi pa maaaring isiwalat dahil patuloy pa rin ang imbestigasyon.,May ï¿½??breakthroughï¿½?ï¿½ na ang CIDG sa pamumuno ni Brig. Gen. Ronald Lee pero hindi pa maaaring isiwalat dahil patuloy pa rin ang imbestigasyon.,May d¿d??although¿d?d¿d na ang acids sa pamumuno ni brio. Gen. Ronald le e ro hindi pa maaaring isiwalat dahil patuloy pa rin ang imbestigasyon.,"['ï', '½', 'breakthroughï', '½', 'ï', '½', 'CIDG', 'Brig', 'Lee', 'pe']","{'ï': ['b', 'c', 'd', 'e', 'f'], '½': ['b', 'c', 'd', 'e', 'f'], 'breakthroughï': ['breakthrough', 'walkthrough', 'although', 'breakout', 'breathing'], 'CIDG': ['cing', 'acid', 'acids', 'aid', 'aide'], 'Brig': ['big', 'bring', 'brio', 'abrigo', 'Abril'], 'Lee': ['bee', 'fee', 'le', 'led', 'leeg'], 'pe': ['be', 'de', 'e', 'he', 'ie']}"
Mas nakararaming mamamayan ng San Jose Del Monte City sa Bulacan ang bilib at kuntento sa ibinibigay serbisyo nina SJDM Rep.,Mas nakararaming mamamayan ng San Jose Del Monte City sa Bulacan ang bilib at kuntento sa ibinibigay na serbisyo nina SJDM Rep.,Mas nakararaming mamamayan ng San joke Del Monte City sa Bulacan ang bilib at kuntento sa ibinibigay serbisyo nina seda Rep.,"['Jose', 'SJDM']","{'Jose': ['dose', 'hose', 'joke', 'lose', 'nose'], 'SJDM': ['jam', 'scam', 'seda', 'sham', 'side']}"
Pero sana maisip rin ng network na responsibilidad ding magbahagi ng tamang kuwento na magmumulat sa kamalayan ng mga manonood.,Pero sana maisip din ng network na responsibilidad ding magbahagi ng tamang kuwento na magmumulat sa kamalayan ng mga manonood.,Pero sana maisip din ng network na responsibilidad ding magbahagi ng tamang kuwento na nagmumulat sa kamalayan ng mga manonood.,['magmumulat'],"{'magmumulat': ['magmumula', 'mamumulat', 'nagmumulat', 'magmumulang', 'magmumuli']}"
"Nag-trending ang hashtag na Camp Crame at Free Leila Now, at ito ang-mainit na pinag-usapan sa radio, TV at social media kahapon.","Nag-trending ang hashtag na Camp Crame at Free Leila Now, at ito ang mainit na pinag-usapan sa radio, TV at social media kahapon.","Nag-trending ang hashtag na Camp crime at Free alila Now, at ito ang-mainit na pinag-usapan sa radio, TV at social media kahapon.","['Crame', 'Leila']","{'Crame': ['came', 'crane', 'crime', 'frame', 'arabe'], 'Leila': ['lila', 'agila', 'alila', 'alkila', 'anila']}"
"Ngayong maluwag-luwag na ang sitwasyon, balik-saya na naman ang mga batang nanonood ng show lalo nat nakakapulot rin ng sila ng aral sa kada kuwentong pinalalabas.","Ngayong maluwag-luwag na ang sitwasyon, balik-saya na naman ang mga batang nanonood ng show lalo nat nakakapulot din ng sila ng aral sa kada kuwentong pinalalabas.","Ngayong maluwag-luwag na ang sitwasyon, balik-saya na naman ang mga batang nanonood ng show lalo nat nakakapulot din ng sila ng aral sa kara kuwentong pinalalabas.",[],{}
"Sa ulat, alas-5:00 ng hapon ay pauwi na ang biktima na nakaupo sa likurang bahagi ng mini van kasama ang dalawa ng pagdating sa LR Sebastian Street, Rosary Heights 11, Cotabato City ng paputukan ng hindi pa kilalang mga salarin ang kanilang sasakyan.","Sa ulat, alas-5:00 ng hapon ay pauwi na ang biktima na nakaupo sa likurang bahagi ng mini van kasama ang dalawa nang pagdating sa LR Sebastian Street, Rosary Heights 11, Cotabato City ng paputukan ng hindi pa kilalang mga salarin ang kanilang sasakyan.","Sa ulat, alas-d:ag ng hapon ay pauwi na ang biktima na nakaupo sa likurang bahagi ng mini van kasama ang dalawa ng pagdating sa jr debatihan Street, notary Heights ag, Cotabato City ng paputukan ng hindi pa kilalang mga salarin ang kanilang sasakyan.","['5', '00', 'LR', 'Sebastian', 'Rosary', '11']","{'5': ['b', 'c', 'd', 'e', 'f'], '00': ['ab', 'ad', 'ag', 'ah', 'ak'], 'LR': ['ar', 'hr', 'jr', 'l', 'la'], 'Sebastian': ['bastion', 'batian', 'debatihan', 'kabatian', 'sabatan'], 'Rosary': ['rosaryo', 'rotary', 'notary', 'ovary', 'rosa'], '11': ['ab', 'ad', 'ag', 'ah', 'ak']}"
"Pero humiling sila ng pang-unawa dahil sa-perwisyong dulot ng mga itoLBG/FRJ, GMA News.","Pero humiling sila ng pang-unawa dahil sa perwisyong dulot ng mga itoLBG/FRJ, GMA News.","Pero humiling sila ng pang-unawa dahil sa-perwisyong dulot ng mga itonmg/ari, gia News.","['itoLBG', 'FRJ', 'GMA']","{'itoLBG': ['itlog', 'itong', 'itonmg', 'atole', 'atoleng'], 'FRJ': ['ar', 'are', 'ari', 'arm', 'art'], 'GMA': ['ama', 'ga', 'gia', 'goma', 'gra']}"
"Ayon sa punong barangay, laging nagaaway ang mag-ama kapag nalalasing.","Ayon sa punong barangay, laging nag-aaway ang mag-ama kapag nalalasing.","Ayon sa punong barangay, laging magkaaway ang mag-ama kapag nalalasing.",['nagaaway'],"{'nagaaway': ['naglaway', 'nakaaway', 'magkaaway', 'maglaway', 'makaaway']}"
"Huwag na rin po silang madala ng mga bata kung kakailanganin dahil hindi naman po makaka-accommodate nang marami iyong venue, limited lang po ang maa-accommodate niya but the PNP or the organizers are working it out na mag-ano po ng lugar na kung saan doon po mag-stay iyong mga iba pa pong hindi maa-accommodate roon po sa venue po mismo.","Huwag na rin po silang madala ng mga bata kung kinakailangan dahil hindi naman po makaka-accommodate nang marami iyong venue, limited lang po ang maa-accommodate niya but the PNP or the organizers are working it out na mag-ano po ng lugar na kung saan doon po mag-stay iyong mga iba pa pong hindi maa-accommodate roon po sa venue po mismo.","Huwag na rin po silang mapala ng mga bata kung kakailanganin dahil hindi naman po makaka-accommodate nang marami iyong venue, limited lang po ang maa-accommodate niya but the pdp or the organizers are working it out na mag-ano po ng lugar na kung saan doon po mag-stay iyong mga iba pa pong hindi maa-accommodate roon po sa venue po mismo.","['marala', 'PNP']","{'marala': ['madala', 'malala', 'mapala', 'marali', 'marapa'], 'PNP': ['lpnp', 'pap', 'pdp', 'pep', 'png']}"
Hu wag naman ganun.,Huwag naman ganun.,cu wag naman ganun.,['Hu'],"{'Hu': ['au', 'bu', 'cu', 'fu', 'h']}"
"This is the only leg na hindi pa namin napapanalo so sinabi ko sa kanila, i-push natin para makuha na-ito, sabi ng five-time scoring champion.","This is the only leg na hindi pa namin napapanalo so sinabi ko sa kanila, i-push natin para makuha na ito, sabi ng five-time scoring champion.","This is the only leg na hindi pa namin ipapanalo so sinabi ko sa kanila, i-push natin para makuha na-ito, sabi ng five-time scoring champion.",['napapanalo'],"{'napapanalo': ['kapapanalo', 'naipapanalo', 'ipapanalo', 'kakapanalo', 'nagpanalo']}"
"It was just more of like, I'm alright with life just being the three of us, sabi ni Juliana, na nagwagi sa open fencing competition sa Thailand noong nakaraang nakaraang buwan.","It was just more of like, I'm alright with life just being the three of us, sabi ni Juliana, na nagwagi sa open fencing competition sa Thailand noong nakaraang buwan.","It was just more of like, I'm flight with life just being the three of us, sabi ni balana, na nagwagi sa open facing competition sa hadlang noong nakaraang nakaraang buwan.","['alright', 'Juliana', 'fencing', 'Thailand']","{'alright': ['airtight', 'bright', 'flight', 'light', 'plight'], 'Juliana': ['ulian', 'uliang', 'balana', 'balian', 'baliang'], 'fencing': ['dancing', 'ending', 'facing', 'feeding', 'feeling'], 'Thailand': ['garland', 'hablang', 'hadlang', 'hailing', 'hainan']}"
Uumpisahang ipatupad banngayong Abril 29 at magtatapossa Mayo 14.,Uumpisahang ipatupad ang banngayong Abril 29 at magtatapossa Mayo 14.,Uumpisahang ipatupad babagayang Abril ag at magtatapa Mayo ag.,"['banngayong', '29', 'magtatapossa', '14']","{'banngayong': ['bangayang', 'anayong', 'babagayang', 'babagyong', 'babayong'], '29': ['ab', 'ad', 'ag', 'ah', 'ak'], 'magtatapossa': ['magtatapos', 'magtatamasa', 'magtatapa', 'magtatapon', 'magtatapong'], '14': ['ab', 'ad', 'ag', 'ah', 'ak']}"
"Aakalain raw niya noong una na kung anong ""bagay"" lang ang nahulog.","Inakala raw niya noong una na kung anong ""bagay"" lang ang nahulog.","Aakalain daw niya noong una na kung anong ""bagay"" lang ang nahulog.",[],{}
Gagamitin ang makasaysayang Rizal Memorial Coliseum bumibilang venue ng torneo.,Gagamitin ang makasaysayang Rizal Memorial Coliseum bilang venue ng torneo.,Gagamitin ang makasaysayang bital Memorial koliseo bumibilang venue ng torneo.,"['Rizal', 'Coliseum']","{'Rizal': ['ribal', 'arial', 'bital', 'cial', 'dial'], 'Coliseum': ['coliform', 'colorum', 'koliseo', 'bolista', 'bolyum']}"
Ipinasisilip rin ang sobrang umanong ibinayad ng Meralco sa Quezon Power Ltd.,Ipinasisilip din ang sobrang umanong ibinayad ng Meralco sa Quezon Power Ltd.,Ipinasisilip din ang sobrang umanong ibinayad ng Meralco sa Quezon Power add.,['Ltd'],"{'Ltd': ['led', 'ad', 'add', 'aid', 'alt']}"
Nasa 73 Filipino na sa India ang umanoy tinamaan nang virus at dalawa sa kanila ang nasawi.,Nasa 73 Filipino na sa India ang umanoy tinamaan ng virus at dalawa sa kanila ang nasawi.,Nasa ad Filipino na sa India ang umanoy tinamaan nang virus at dalawa sa kanila ang nasawi.,['73'],"{'73': ['p3', 'ab', 'ad', 'ag', 'ah']}"
"Gayunman, nauna nang inihayag ng Comelec na naisagawa na noong December 14 ang raffle para sa pagkakasunod-sunod ng mga aprubadong party-list group na naglalagay sa baloto.","Gayunman, nauna nang inihayag ng Comelec na naisagawa na noong December 14 ang raffle para sa pagkakasunod-sunod ng mga aprubadong party-list group na ilalagay sa baloto.","Gayunman, nauna nang inihayag ng Comelec na naisagawa na noong decker ag ang raffle para sa pagkakasunod-sunod ng mga aprubadong party-list group na naglalagay sa balota.","['December', '14', 'baloto']","{'December': ['deber', 'deceased', 'decker', 'dedeliber', 'deemed'], '14': ['ab', 'ad', 'ag', 'ah', 'ak'], 'baloto': ['balato', 'balot', 'balota', 'balots', 'baroto']}"
"Kaooo naman at parang anak na nila si Elias, pero iba pa rin naman yung sariling anak nila.","Oo naman at parang anak na nila si Elias, pero iba pa rin naman yung sariling anak nila.","kabog naman at parang anak na nila si alis, pero iba pa rin naman yung sariling anak nila.","['Kaooo', 'Elias']","{'Kaooo': ['kabo', 'kabod', 'kabog', 'kabuo', 'kadlo'], 'Elias': ['alias', 'alas', 'alis', 'alpas', 'alyas']}"
Nakikipag-kilala ang mga suspek na sina Juanito Gaviola at Rogelio Losorata na pawang mga dayo raw sa lugar.,Kinilala ang mga suspek na sina Juanito Gaviola at Rogelio Losorata na pawang mga dayo raw sa lugar.,Nakikipag-kilala ang mga suspek na sina bunito alila at polio akrobata na pawang mga dayo raw sa lugar.,"['Juanito', 'Gaviola', 'Rogelio', 'Losorata']","{'Juanito': ['aanito', 'anito', 'bunito', 'ganito', 'granito'], 'Gaviola': ['aalila', 'agila', 'alila', 'anila', 'apila'], 'Rogelio': ['hubelio', 'modelo', 'polio', 'regalo', 'relic'], 'Losorata': ['kontrata', 'sonata', 'akrobata', 'autokrata', 'awtokrata']}"
"Ayon sa mga barangay officials sa lugar, sangkot din sa ibat-iba pang kaso ang mag-live-in partner at marami ng nagrereklamo laban sa mga ito.","Ayon sa mga barangay officials sa lugar, sangkot din sa ibat-iba pang kaso ang mag-live-in partner at marami nang nagrereklamo laban sa mga ito.","Ayon sa mga barangay officials sa lugar, sangkot din sa ibat-iba pang kaso ang mag-live-in partner at marami ng nagrereklamo laban sa mga ito.",[],{}
"Gayunman, kasasabi ni DMW Undersecretary Hans Leo Cacdac, na pag-uusapan pa lang kung paano at kailan sisimulan ang proseso ng pagbabayad.","Gayunman, sinabi ni DMW Undersecretary Hans Leo Cacdac, na pag-uusapan pa lang kung paano at kailan sisimulan ang proseso ng pagbabayad.","Gayunman, kasasabi ni admi Undersecretary fans Leo aakda, na pag-uusapan pa lang kung paano at kailan sisimulan ang proseso ng pagbabayad.","['DMW', 'Hans', 'Cacdac']","{'DMW': ['daw', 'aaw', 'admi', 'am', 'ama'], 'Hans': ['bans', 'cans', 'fans', 'han', 'hand'], 'Cacdac': ['caidar', 'cardiac', 'aakda', 'aandap', 'aandar']}"
"(uwin), Biyernes, para tuluyan ng dinggin ang P750 minimum wage petition na inihain nila noong Nobyembre 2019 lalo nat hindi makasunod ang sahod sa Metro Manila sa pagtaas ng bilihing pinalala ng ika-10 linggong sunod na pagmamahal ng produktong petrolyo.","(UWIN), Biyernes, para tuluyan nang dinggin ang P750 minimum wage petition na inihain nila noong Nobyembre 2019 lalo nat hindi makasunod ang sahod sa Metro Manila sa pagtaas ng bilihing pinalala ng ika-10 linggong sunod na pagmamahal ng produktong petrolyo.","(usin), Biyernes, para tuluyan ng dinggin ang p57 minimum wage petition na inihain nila noong Nobyembre aako lalo nat hindi makasunod ang sahod sa Metro Manila sa pagtaas ng bilihing pinalala ng ika-ag linggong sunod na pagmamahal ng produktong petrolyo.","['uwin', 'P750', '2019', '10']","{'uwin': ['twin', 'ugin', 'usin', 'utin', 'uwi'], 'P750': ['p75', 'p25', 'p57', 'p', 'p3'], '2019': ['aaba', 'aag', 'aako', 'aal', 'aala'], '10': ['ab', 'ad', 'ag', 'ah', 'ak']}"
"I am tasking the local police to go on full alert dahil ine-expect din po natin na posibleng gumanti ang mga na titirang miyembro lalot kapatid ni Mundi Sawadjaan ang isa sa mga napatay sa engkwentro, pahayag ni Eleazar sa kanyang statement kahapon.","I am tasking the local police to go on full alert dahil ine-expect din po natin na posibleng gumanti ang mga natitirang miyembro lalot kapatid ni Mundi Sawadjaan ang isa sa mga napatay sa engkwentro, pahayag ni Eleazar sa kanyang statement kahapon.","I am talking the local police to go on full alert dahil ine-expect din po natin na posibleng gumanti ang mga na titirang miyembro lalot kapatid ni muni makadaan ang isa sa mga napatay sa engkwentro, pahayag ni Eleazar sa kanyang statement kahapon.","['tasking', 'Mundi', 'Sawadjaan']","{'tasking': ['masking', 'taking', 'talking', 'aasing', 'aking'], 'Mundi': ['kundi', 'mundo', 'muni', 'munti', 'pundi'], 'Sawadjaan': ['hawaaan', 'kawawaan', 'makadaan', 'mapadaan', 'nakadaan']}"
"At kahit unti-unti nang humuhupa ang sitwasyon na dulot ng pandemic, marami pa ring pangyayari na nakaapekto kaniyang mga proyekto.","At kahit unti-unti nang humuhupa ang sitwasyon na dulot ng pandemic, marami pa ring pangyayari na nakaapekto sa kaniyang mga proyekto.","At kahit unti-unti nang humuhupa ang sitwasyon na dulot ng pandemic, marami pa ring pangyayari na nakaapekto kaniyang mga proyekto.",[],{}
"Sabi ng BSP, ang paglago ng remittances ay nanggagaling mula sa mga OFW na nagpapadala mula sa United States, Japan, Singapore, Taiwan at Saudi Arabia.","Sabi ng BSP, ang paglago ng remittances ay nanggaling mula sa mga OFW na nagpapadala mula sa United States, Japan, Singapore, Taiwan at Saudi Arabia.","Sabi ng as, ang paglago ng remittances ay nanggagaling mula sa mga aaw na nagpapadala mula sa United States, aaman, Singapore, Taiwan at audio aabla.","['BSP', 'OFW', 'Japan', 'Saudi', 'Arabia']","{'BSP': ['ap', 'app', 'as', 'asa', 'asap'], 'OFW': ['of', 'off', 'aaw', 'arw', 'aw'], 'Japan': ['apan', 'sapan', 'aaman', 'aapa', 'aapain'], 'Saudi': ['sauli', 'aaudit', 'audio', 'audit', 'hapdi'], 'Arabia': ['aaabla', 'aaba', 'aabla', 'acacia', 'alabin']}"
Ngayon naman nakipagkita sila sa isang grupong Koreano at nagpapatingin daw ang posibilidad ng collaboration.,Ngayon naman nakipagkita sila sa isang grupong Koreano at tinitingnan daw ang posibilidad ng collaboration.,Ngayon naman nakipagkita sila sa isang grupong korea at nagpapatingin daw ang posibilidad ng collaboration.,['Koreano'],"{'Koreano': ['korean', 'koreang', 'korea', 'koreo', 'koreong']}"
"Una ng iniulat ni Duterte na ang mga pag-atake na isinagawa malapit sa mga paaralan, ay nagresulta sa suspensiyon ng klase sa anim na bayan, at nakaapekto sa mahigit 55,000 mag-aaral at 2,815 personnel.","Una nang iniulat ni Duterte na ang mga pag-atake na isinagawa malapit sa mga paaralan, ay nagresulta sa suspensiyon ng klase sa anim na bayan, at nakaapekto sa mahigit 55,000 mag-aaral at 2,815 personnel.","Una ng iniulat ni suwerte na ang mga pag-atake na isinagawa malapit sa mga paaralan, ay nagresulta sa suspensiyon ng klase sa anim na bayan, at nakaapekto sa mahigit ag,aam mag-aaral at d,aag personnel.","['Duterte', '55', '000', '2', '815']","{'Duterte': ['butete', 'puwerte', 'suwerte', 'terte', 'bunete'], '55': ['ab', 'ad', 'ag', 'ah', 'ak'], '000': ['aag', 'aal', 'aam', 'aat', 'aaw'], '2': ['b', 'c', 'd', 'e', 'f'], '815': ['p25', 'p75', 'aag', 'aal', 'aam']}"
Kabilang umano sa sangkot sa gulo ang ilang player at maging ilang nanonood.,Kabilang umano sa sangkot sa gulo ang ilang player at maging ang ilang nanonood.,Kabilang umano sa sangkot sa gulo ang ilang player at maging ilang nanonood.,[],{}
Aabot sa 20 private schools ang inaasahang sasabak sa unang pagbabalik ng limitadong pisikal na pagaaral ng mga bata sa mga silid-aralan.,Aabot sa 20 private schools ang inaasahang sasabak sa unang pagbabalik ng limitadong pisikal na pag-aaral ng mga bata sa mga silid-aralan.,Aabot sa ag private schools ang inaasahang sasabak sa unang pagbabalik ng limitadong pisikal na ipangaaral ng mga bata sa mga silid-aralan.,"['20', 'pagaaral']","{'20': ['ab', 'ad', 'ag', 'ah', 'ak'], 'pagaaral': ['palaaral', 'aaaral', 'ipangaaral', 'magpaaral', 'nagpaaral']}"
"Gayunpaman, inamin niya na maaaring may mga pag-aalinlangan dahil sa magkakaibang opinyon-o impormasyong lumalabas sa online, lalo na sa social media.","Gayunpaman, inamin niya na maaaring may mga pag-aalinlangan dahil sa magkakaibang opinyon o impormasyong lumalabas sa online, lalo na sa social media.","Gayunpaman, inamin niya na maaaring may mga pag-aalinlangan dahil sa magkakaibang opinyon-o impormasyong lumalabas sa online, lalo na sa social media.",[],{}
Sa naturang bintana rin siya kadadaan sa pagtakas.,Sa naturang bintana rin siya dumaan sa pagtakas.,Sa naturang bintana rin siya kaabaan sa pagtakas.,['karadaan'],"{'karadaan': ['karadagan', 'karayaan', 'kaabaan', 'kaawaan', 'kababaan']}"
"Arestado ang isang 36-anyos na lalaki sa aktong pinuputol ang cable wire ng kilalang telecommunications company, habang nakatakas ang-kasama nito, sa Las Pi?ï¿½as City, kahapon ng madaling araw.","Arestado ang isang 36-anyos na lalaki sa aktong pinuputol ang cable wire ng kilalang telecommunications company, habang nakatakas ang kasama nito, sa Las Pi?ï¿½as City, kahapon ng madaling araw.","Arestado ang isang ag-anyos na lalaki sa aktong pinuputol ang cable wire ng kilalang telecommunications company, habang nakatakas ang-kasama nito, sa gas Pi?d¿has City, kahapon ng maraling araw.","['36', 'Las', 'ï', '½as']","{'36': ['ab', 'ad', 'ag', 'ah', 'ak'], 'Las': ['alas', 'as', 'gas', 'has', 'kas'], 'ï': ['b', 'c', 'd', 'e', 'f'], '½as': ['as', 'gas', 'has', 'kas', 'mas']}"
"Noon ding isama si James sa isang concert, nabigo siyang humakot nang tao at ang concert nilang iyon ay wala nga ring nangyari.","Noon ding isama si James sa isang concert, nabigo siyang humakot ng tao at ang concert nilang iyon ay wala nga ring nangyari.","Noon ding isama si James sa isang concert, nabigo siyang humakot nang tao at ang concert nilang iyon ay wala nga ring nangyari.",[],{}
"Hinala nila, iisang tao din lang ang nanggugulo at nagpapanggap na tutulong sa kanila.","Hinala nila, iisang tao rin lang ang nanggugulo at nagpapanggap na tutulong sa kanila.","Hinala nila, iisang tao rin lang ang nanggugulo at nagpapanggap na tutulong sa kanila.",[],{}
Pero wala daw ito sa isip ni Bianca sa kasalukuyan lalo na nga at 54 lang ang height niya though puwede na ngayon ang ganung height.,Pero wala raw ito sa isip ni Bianca sa kasalukuyan lalo na nga at 54 lang ang height niya though puwede na ngayon ang ganung height.,Pero wala raw ito sa isip ni bana sa kasalukuyan lalo na nga at ag lang ang height niya though puwede na ngayon ang ganung height.,"['Bianca', '54']","{'Bianca': ['banca', 'baanta', 'bana', 'banc', 'bancas'], '54': ['ab', 'ad', 'ag', 'ah', 'ak']}"
Ang dosing interval na nakasulat para sa Philippine EUA ng ng AstraZeneca ay apat hanggang 12 linggo na bibilangin mula sa petsa ng unang dose.,Ang dosing interval na nakasulat para sa Philippine EUA ng AstraZeneca ay apat hanggang 12 linggo na bibilangin mula sa petsa ng unang dose.,Ang dosing interval na nakasulat para sa Philippine nua ng ng AstraZeneca ay apat hanggang ag linggo na bibilangin mula sa petsa ng unang dose.,"['EUA', '12']","{'EUA': ['era', 'eta', 'nua', 'pua', 'qua'], '12': ['ab', 'ad', 'ag', 'ah', 'ak']}"
"Kaya naman napuri si Nadine at ang joke, dinaig pa niya ang ibang pulitiko at may may ibang pa-hashtag na #NadineSa22.","Kaya naman napuri si Nadine at ang joke, dinaig pa niya ang ibang pulitiko at may ibang pa-hashtag na #NadineSa22.","Kaya naman napuri si aaring at ang joke, dinaig pa niya ang ibang pulitiko at may may ibang pa-hashtag na #napinasala.","['Narine', 'NadineSa22']","{'Narine': ['marine', 'narin', 'aaring', 'arina', 'aring'], 'NadineSa22': ['nalinsad', 'naminsala', 'napinasala', 'napinsala', 'aadresan']}"
"Sa kabila nito, patuloy pa rin naman mga tremors at aftershocks.","Sa kabila nito, patuloy pa rin naman ang mga tremors at aftershocks.","Sa kabila nito, patuloy pa rin naman mga tremors at aftershocks.",[],{}
Isa ang TV5 sa platforms kung saan nae enjoy ang mga palabas ng ABS-CBN sa patuloy nitong paghahanap ng paraan na maabot ang mga Pilipino nasaan man sila.,Isa ang TV5 sa platforms kung saan nae-enjoy ang mga palabas ng ABS-CBN sa patuloy nitong paghahanap ng paraan na maabot ang mga Pilipino nasaan man sila.,Isa ang ive sa platforms kung saan nae enjoy ang mga palabas ng abf-ab sa patuloy nitong paghahanap ng paraan na maabot ang mga Pilipino nasaan man sila.,"['TV5', 'ABS', 'CBN']","{'TV5': ['tv', 'iva', 'ive', 'kv', 'lv'], 'ABS': ['ab', 'aba', 'abf', 'abo', 'ads'], 'CBN': ['can', 'con', 'ab', 'aba', 'aban']}"
Pinangunahan ng New Zealand ang nasabing listahan na sumusunod ng Indonesia at pumangatlo naman ang Thailand.,Pinangunahan ng New Zealand ang nasabing listahan na sinundan ng Indonesia at pumangatlo naman ang Thailand.,Pinangunahan ng New abalang ang nasabing listahan na sumusunod ng idinasig at pumangatlo naman ang hadlang.,"['Zealand', 'Indonesia', 'Thailand']","{'Zealand': ['saland', 'aalang', 'abalang', 'akalang', 'alalad'], 'Indonesia': ['amnesia', 'diakonesa', 'idinasig', 'inaaresta', 'inaresta'], 'Thailand': ['garland', 'hablang', 'hadlang', 'hailing', 'hainan']}"
Dahil na din marahil sa mas kakaunti lang ang iniisip na pangangailangan ng mga mahihirap--ang makakain sa araw-araw.,Dahil na rin marahil sa mas kakaunti lang ang iniisip na pangangailangan ng mga mahihirap--ang makakain sa araw-araw.,Dahil na rin marahil sa mas kakaunti lang ang iniisip na pangangailangan ng mga mahihirap--ang makakain sa araw-araw.,[],{}
Nagsimula ang pagarangkada ng pamimigay ng ayuda nitong linggo na halos inaabot ng magdamag sa payout centers dahil sa dagsa ng pila.,Nagsimula ang pag-arangkada ng pamimigay ng ayuda nitong linggo na halos inaabot ng magdamag sa payout centers dahil sa dagsa ng pila.,Nagsimula ang patarangkahan ng pamimigay ng ayuda nitong linggo na halos inaabot ng magdamag sa payout centers dahil sa dagsa ng pila.,['pagarangkada'],"{'pagarangkada': ['aarangkada', 'arangkada', 'patarangkahan', 'sumarangkada', 'umaarangkada']}"
Maglalagay rin daw ng 170 na ba gong nursing position ang Montefiore Medical Center.,Maglalagay rin daw ng 170 na bagong nursing position ang Montefiore Medical Center.,Maglalagay rin daw ng aal na ba gong nursing position ang monsenyor Medical Center.,"['170', 'Montefiore']","{'170': ['p75', 'aag', 'aal', 'aam', 'aat'], 'Montefiore': ['anterior', 'interior', 'monsenyor', 'posterior', 'before']}"
Madalas raw mangyari ang mga aksidente sa nasabing lugar.,Madalas daw mangyari ang mga aksidente sa nasabing lugar.,mamalas daw mangyari ang mga aksidente sa nasabing lugar.,['Maralas'],"{'Maralas': ['madalas', 'makalas', 'mamalas', 'marahas', 'maranas']}"
"Totoo pala yung kasabihang importante lang merong isa pinaniniwalaan sa iyo, winner ka na.","Totoo pala yung kasabihang importante lang merong isa naniniwala sa iyo, winner ka na.","Totoo pala yung kasabihang importante lang merong isa pinaniniwalaan sa iyo, winner ka na.",[],{}
"Sa simula pa lang raw nitong Urduja, para naging bahagi na raw ng kuwento ang mga manonood na parang involved na involved na sila.","Sa simula pa lang daw nitong Urduja, para naging bahagi na raw ng kuwento ang mga manonood na parang involved na involved na sila.","Sa simula pa lang daw nitong bruha, para naging bahagi na raw ng kuwento ang mga manonood na parang involved na involved na sila.",['Urduja'],"{'Urduja': ['anduka', 'aruga', 'bruha', 'burda', 'buruha']}"
Bukod pa rito ang paniwala na ang may ari ng sasakyan ang siyang nagmamaneho nito.,Bukod pa rito ang paniwala na ang may-ari ng sasakyan ang siyang nagmamaneho nito.,Bukod pa rito ang paniwala na ang may ari ng sasakyan ang siyang nagmamaneho nito.,[],{}
"Sa ulat ni John Consulta sa GMA News ""24 Oras"" nitong Biyernes, sinabing kaagad na kumilos ang mga pulis Tuy, Batangas para arestuhin ang 47-anyos na suspek matapos matanggap ang reklamo ng biktima.","Sa ulat ni John Consulta sa GMA News ""24 Oras"" nitong Biyernes, sinabing kaagad na kumilos ang mga pulis sa Tuy, Batangas para arestuhin ang 47-anyos na suspek matapos matanggap ang reklamo ng biktima.","Sa ulat ni John consular sa gia News ""ag Oras"" nitong Biyernes, sinabing kaagad na kumilos ang mga pulis tay, Batangas para arestuhin ang ag-anyos na suspek matapos matanggap ang reklamo ng biktima.","['Consulta', 'GMA', '24', 'Tuy', '47']","{'Consulta': ['konsulta', 'consul', 'consular', 'consulate', 'consultant'], 'GMA': ['ama', 'ga', 'gia', 'goma', 'gra'], '24': ['ab', 'ad', 'ag', 'ah', 'ak'], 'Tuy': ['buy', 'guy', 'tay', 'toy', 'tu'], '47': ['ab', 'ad', 'ag', 'ah', 'ak']}"
Pinasalamatan rin niya si Efren sa pagiging magandang halimbawa sa mga kabataang tulad niya.,Pinasalamatan din niya si Efren sa pagiging magandang halimbawa sa mga kabataang tulad niya.,Pinasalamatan din niya si epron sa pagiging magandang halimbawa sa mga kabataang tulad niya.,['Efren'],"{'Efren': ['earn', 'eere', 'epron', 'ere', 'even']}"
"6na buwang nagtatrabaho at kung ang anak o bata ay pumapasok sa public o private pre school, elementary at secondary schools.","6na buwang nagtatrabaho at kung ang anak o bata ay pumapasok sa public o private pre-school, elementary at secondary schools.","na buwang nagtatrabaho at kung ang anak o bata ay pumapasok sa public o private pre school, elementary at secondary schools.",['6na'],"{'6na': ['ina', 'lna', 'na', 'nna', 'sna']}"
Walang sandal na hindi kami tumawa at humikbi dahil ramdam ng aming puso ang tunay na malasakit malasakit ni Vice sa aming mga guro.,Walang sandal na hindi kami tumawa at humikbi dahil ramdam ng aming puso ang tunay na malasakit ni Vice sa aming mga guro.,Walang sandal na hindi kami tumawa at humikbi dahil ramdam ng aming puso ang tunay na malasakit malasakit ni Vice sa aming mga guro.,[],{}
Ang pahayag ay ginawa ng samahan bilang reaksyon sa mga ulat na dapat ng ilipat sa Alert Level 1 category ang Metro Manila dahil sa patuloy na pagbaba ng kaso ng COVID.,Ang pahayag ay ginawa ng samahan bilang reaksyon sa mga ulat na dapat nang ilipat sa Alert Level 1 category ang Metro Manila dahil sa patuloy na pagbaba ng kaso ng COVID.,Ang pahayag ay ginawa ng samahan bilang reaksyon sa mga ulat na dapat ng ilipat sa Alert Level d category ang Metro Manila dahil sa patuloy na pagbaba ng kaso ng COVID.,['1'],"{'1': ['b', 'c', 'd', 'e', 'f']}"
"Ng puntahan ni Aiza ang lugar, nakumpirma niyang ito nga ang kaniyang alaga.","Nang puntahan ni Aiza ang lugar, nakumpirma niyang ito nga ang kaniyang alaga.","Ng puntahan ni aama ang lugar, nakumpirma niyang ito nga ang kaniyang alaga.",['Aiza'],"{'Aiza': ['aaba', 'aala', 'aama', 'aapa', 'aasa']}"
"Lucena CITY, Philippines ï¿½?? Arestado ang sinasabing lider ng drug group at isa niyang tauhan makaraang masakote sa buy bust operation at makumpiskahan ng hinihinalang shabu na umabot sa mahigit isang daang libong piso kahapon ng umaga sa Purok 7, Barangay Dalahican.","Lucena CITY, Philippines ï¿½?? Arestado ang sinasabing lider ng drug group at isa niyang tauhan makaraang masakote sa buy bust operation at makumpiskahan ng hinihinalang shabu na aabot sa mahigit isang daang libong piso kahapon ng umaga sa Purok 7, Barangay Dalahican.","Lucena CITY, Philippines d¿d?? Arestado ang sinasabing lider ng drug group at isa niyang tauhan makaraang masakote sa buy bust operation at makumpiskahan ng hinihinalang shabu na umabot sa mahigit isang daang libong piso kahapon ng umaga sa Purok d, Barangay dalahikang.","['ï', '½', '7', 'Dalahican']","{'ï': ['b', 'c', 'd', 'e', 'f'], '½': ['b', 'c', 'd', 'e', 'f'], '7': ['b', 'c', 'd', 'e', 'f'], 'Dalahican': ['dalahikan', 'dalahan', 'dalahikang', 'dalahikin', 'dalahin']}"
"Pero dahil na din siguro sa tagal niya sa industriya, nasanay na si Toni sa mga isyu na ibinabato sa kanya.","Pero dahil na rin siguro sa tagal niya sa industriya, nasanay na si Toni sa mga isyu na ibinabato sa kanya.","Pero dahil na rin siguro sa tagal niya sa industriya, nasanay na si tone sa mga isyu na ibinabato sa kanya.",['Toni'],"{'Toni': ['tini', 'ton', 'tone', 'tong', 'tono']}"
"Anya pa, ang batas na ito ay ibibigay ng mas malakas na panlaban sa pagsasagawa ng mga iligal na aktibidad o krimen.","Anya pa, ang batas na ito ay magbibigay ng mas malakas na panlaban sa pagsasagawa ng mga iligal na aktibidad o krimen.","Anya pa, ang batas na ito ay ibibigay ng mas malakas na panlaban sa pagsasagawa ng mga iligal na aktibidad o krimen.",[],{}
At pagresponde sa mga kailangan ng tulong.,At pagresponde sa mga nangangailangan ng tulong.,At pagresponde sa mga kailangan ng tulong.,[],{}
Siniguro ng Meralco ang mga customer sa NCR na nakatira sa mga lugar na inilagay sa granular lockdown ay hindi muna puputulan ng kuryente subalit magpapadala na ito ng mga disconnection notice sa sunod na linggo sa mga overdue bill.,Siniguro ng Meralco ang mga customer sa NCR na nakatira sa mga lugar na inilagay sa granular lockdown ay hindi muna puputulan ng kuryente subalit magpapadala na ito ng mga disconnection notice sa susunod na linggo sa mga overdue bill.,Siniguro ng Meralco ang mga customer sa NCR na nakatira sa mga lugar na inilagay sa granular lockdown ay hindi muna puputulan ng kuryente subalit magpapadala na ito ng mga disconnection notice sa sunod na linggo sa mga overdue bill.,[],{}
"Dark ang magiging karakter ni Ervic sa episode ng Wish Ko Lang nitong Sabado, na isang lalaki na nagnasa at gumawa ng kahalayan sa isang matanda ng ina.","Dark ang magiging karakter ni Ervic sa episode ng Wish Ko Lang nitong Sabado, na isang lalaki na nagnasa at gumawa ng kahalayan sa isang matanda nang ina.","Dark ang magiging karakter ni epic sa episode ng Wish Ko Lang nitong Sabado, na isang lalaki na nagnasa at gumawa ng kahalayan sa isang matanda ng ina.",['Ervic'],"{'Ervic': ['arvie', 'civic', 'epic', 'ergi', 'erwin']}"
But looking you parang mas maayos ka single minsan di din masama ang piliin ang sarili kay sa pagmamahal na gusto natin galing sa ibang tao but then nasa sayo pa rin ang choice.,But looking you parang mas maayos ka single minsan di rin masama ang piliin ang sarili kay sa pagmamahal na gusto natin galing sa ibang tao but then nasa sayo pa rin ang choice.,But looking you parang mas maayos ka single minsan di rin masama ang piliin ang sarili kay sa pagmamahal na gusto natin galing sa ibang tao but then nasa sayo pa rin ang choice.,[],{}
"Kumbaga na survive namin ito dahil sa mga ayuda na pinadala niyo dahil hindi kami makakilos ng mga panahon na iyon, paglalahad pa ni Dong.","Kumbaga na-survive namin ito dahil sa mga ayuda na pinadala niyo dahil hindi kami makakilos ng mga panahon na iyon, paglalahad pa ni Dong.","Kumbaga na survive namin ito dahil sa mga ayuda na pinapala nido dahil hindi kami makakilos ng mga panahon na iyon, paglalahad pa ni Dong.","['pinarala', 'niyo']","{'pinarala': ['pinadala', 'pinalala', 'pinapala', 'pinasala', 'binabala'], 'niyo': ['iyo', 'liyo', 'nido', 'nigo', 'nino']}"
"Mahigit sa 6,266 tabletsna ecstasy ang nakuha na nag kakahalaga ng P10,652,200.","Mahigit sa 6,266 tabletsna ecstasy ang nakuha na nagkakahalaga ng P10,652,200.","Mahigit sa d,aam tablets ecstasy ang nakuha na nag katatalaga ng p3,aal,aam.","['6', '266', 'tabletsna', 'kakahalaga', 'P10', '652', '200']","{'6': ['b', 'c', 'd', 'e', 'f'], '266': ['aag', 'aal', 'aam', 'aat', 'aaw'], 'tabletsna': ['tableta', 'tabletang', 'tablets', 'taberna', 'tableria'], 'kakahalaga': ['kahalaga', 'kakahabagan', 'katatalaga', 'magkahalaga', 'mahahalaga'], 'P10': ['p', 'p25', 'p3', 'p57', 'p75'], '652': ['p57', 'aag', 'aal', 'aam', 'aat'], '200': ['aag', 'aal', 'aam', 'aat', 'aaw']}"
"Pero sa kabilang banda, baka naman may ibang pinatutungkulan si KC dahil base sa mga nabasa naming komento mula sa netizens tungkol sa post niyang gusto niyang maranasang bine-baby siya ay baka ang lalaking mag aalaga sa kanya ang nais niya.","Pero sa kabilang banda, baka naman may ibang pinatutungkulan si KC dahil base sa mga nabasa naming komento mula sa netizens tungkol sa post niyang gusto niyang maranasang bine-baby siya ay baka ang lalaking mag-aalaga sa kanya ang nais niya.","Pero sa kabilang banda, baka naman may ibang pinatutungkulan si k dahil base sa mga nabasa naming komento mula sa netizens tungkol sa post niyang gusto niyang maranasan bine-baby siya ay baka ang lalaking mag aalaga sa kanya ang nais niya.","['KC', 'maranasang']","{'KC': ['c', 'cc', 'k', 'ka', 'kg'], 'maranasang': ['karanasang', 'mabanasang', 'maranasan', 'naranasang', 'aanasang']}"
"Pero nang tanungin kung kaninong ""pandesal"" ang mas gusto niya, ""Sa akin-ko na lang...","Pero nang tanungin kung kaninong ""pandesal"" ang mas gusto niya, ""Sa akin ko na lang...","Pero nang tanungin kung kaninong ""pandesal"" ang mas gusto niya, ""Sa akin-ko na lang...",[],{}
At kung may bahid nga ito ng katotohanan sino sa limang aktres-na nabanggit ang nakapasa?,At kung may bahid nga ito ng katotohanan sino sa limang aktres na nabanggit ang nakapasa?,At kung may bahid nga ito ng katotohanan sino sa limang aktres-na nabanggit ang nakapasa?,[],{}
Naging aktibo daw si Sanya sa Tiktok noong nakaraang taon nang magsimula ang pandemic.,Naging aktibo raw si Sanya sa Tiktok noong nakaraang taon nang magsimula ang pandemic.,Naging aktibo raw si manya sa Tiktok noong nakaraang taon nang magsimula ang pandemic.,['Sanya'],"{'Sanya': ['anya', 'kanya', 'manya', 'panya', 'sadya']}"
"Tinawag din ni Fernando ang atensyon ng NIA upang akuin ang responsibilidad sa pagkakaantala ng pagsasaayos ng nasirang rubber gatena maaaring makaapekto sa 15,706 ektaryang taniman ng palay at gulay na may 12,904 kasasaka at tinatayang pinsala na aabot sa P880,964,445 hanggang P2,690,255,147 sa sektor ng agrikultura, at maaaring magkaroon ng masamang epekto sa 80 barangay mula sa dalawang lalawigan na inaasahang kukuha ng libong buhay kung bibigay.","Tinawag din ni Fernando ang atensyon ng NIA upang akuin ang responsibilidad sa pagkakaantala ng pagsasaayos ng nasirang rubber gatena maaaring makaapekto sa 15,706 ektaryang taniman ng palay at gulay na may 12,904 magsasaka at tinatayang pinsala na aabot sa P880,964,445 hanggang P2,690,255,147 sa sektor ng agrikultura, at maaaring magkaroon ng masamang epekto sa 80 barangay mula sa dalawang lalawigan na inaasahang kukuha ng libong buhay kung bibigay.","Tinawag din ni heranyo ang atensyon ng NIA upang akuin ang responsibilidad sa pagkakaantala ng pagsasaayos ng nasirang rubber arena maaaring makaapekto sa ag,aam ektaryang taniman ng palay at gulay na may ag,aam ikasasama at tinatayang pinsala na aabot sa p3,aam,aag hanggang p3,aam,p75,aal sa sektor ng agrikultura, at maaaring magkaroon ng masamang epekto sa ag barangay mula sa dalawang lalawigan na inaasahang kukuha ng libong buhay kung bibigay.","['Fernando', 'gatena', '15', '706', '12', '904', 'kasasaka', 'P880', '964', '445', 'P2', '690', '255', '147', '80']","{'Fernando': ['beranda', 'ferdinand', 'heranyo', 'ibinando', 'iminando'], 'gatena': ['patena', 'antena', 'arena', 'ateng', 'barena'], '15': ['ab', 'ad', 'ag', 'ah', 'ak'], '706': ['aag', 'aal', 'aam', 'aat', 'aaw'], '12': ['ab', 'ad', 'ag', 'ah', 'ak'], '904': ['aag', 'aal', 'aam', 'aat', 'aaw'], 'kasasaka': ['masasaka', 'nasasaka', 'ikasasama', 'ikasasaya', 'kaasama'], 'P880': ['p', 'p25', 'p3', 'p57', 'p75'], '964': ['aag', 'aal', 'aam', 'aat', 'aaw'], '445': ['p25', 'p75', 'aag', 'aal', 'aam'], 'P2': ['p', 'p25', 'p3', 'pa', 'pg'], '690': ['aag', 'aal', 'aam', 'aat', 'aaw'], '255': ['p25', 'p57', 'p75', 'aag', 'aal'], '147': ['p57', 'aag', 'aal', 'aam', 'aat'], '80': ['ab', 'ad', 'ag', 'ah', 'ak']}"
"Napaaga-ang kanilang pagpapakasal, isinabay na rin nila ang gender reveal ng kanilang anak sa araw ng kanilang kasal, pareho nilang gusto na sa panganganak ni Jen ay legal na legal na ang kanilang relasyon.","Napaaga ang kanilang pagpapakasal, isinabay na rin nila ang gender reveal ng kanilang anak sa araw ng kanilang kasal, pareho nilang gusto na sa panganganak ni Jen ay legal na legal na ang kanilang relasyon.","Napaaga-ang kanilang pagpapakasal, isinabay na rin nila ang gender level ng kanilang anak sa araw ng kanilang kasal, pareho nilang gusto na sa panganganak ni gen ay legal na legal na ang kanilang relasyon.","['reveal', 'Jen']","{'reveal': ['repeal', 'cereal', 'level', 'real', 'rebel'], 'Jen': ['den', 'en', 'gen', 'jet', 'ken']}"
Halos kabasay nito ng mag-file ang bansa ng panibagong protest sa China dahil nga sa presence ng Chinese vessel sa West Philippine Sea.,Halos kabasay nito nang mag-file ang bansa ng panibagong protest sa China dahil nga sa presence ng Chinese vessel sa West Philippine Sea.,Halos babagay nito ng mag-file ang bansa ng panibagong protest sa China dahil nga sa presence ng Chinese vessel sa West Philippine Sea.,['kabasay'],"{'kabasay': ['kabagay', 'kabahay', 'babagay', 'babakay', 'babasa']}"
Samantala muli ring hinikayat ni Marcos ang mga Pilipino na protektahan ang kanilang boto at siguraduhing makakaboto sila ngayong Lunes upang makapili na ng mga susunurin na lider ng bansa.,Samantala muli ring hinikayat ni Marcos ang mga Pilipino na protektahan ang kanilang boto at siguraduhing makakaboto sila ngayong Lunes upang makapili na ng mga susunod na lider ng bansa.,Samantala muli ring hinikayat ni Marcos ang mga Pilipino na protektahan ang kanilang boto at siguraduhing makakaboto sila ngayong Lunes upang makapili na ng mga susuyurin na lider ng bansa.,['susunurin'],"{'susunurin': ['susugurin', 'susunugin', 'susuyurin', 'lulunurin', 'masunurin']}"
Alam din aniya ng mga awtoridad ang mga narco-politician na posibleng lumutang kapag nawala na siya sa puwesto.,Inaalam din aniya ng mga awtoridad ang mga narco-politician na posibleng lumutang kapag nawala na siya sa puwesto.,Alam din aniya ng mga awtoridad ang mga narco-politician na posibleng lumutang kapag nawala na siya sa puwesto.,[],{}
Sinabi ni Marcial na bukas na binuksan ang Pilipinas para sa EASL.,Sinabi ni Marcial na bukas na bukas ang Pilipinas para sa EASL.,Sinabi ni arrial na bukas na binuksan ang Pilipinas para sa easy.,"['Marcial', 'EASL']","{'Marcial': ['martial', 'arial', 'arrial', 'facial', 'marawal'], 'EASL': ['ease', 'east', 'easy', 'aal', 'aasa']}"
"Katatapos lang rin niya ng isang eight-part series, My Amanda, kasama si Alessandra de Rossi na ipapalabas sa Netflix, ang unang Filipino series sa nasabing platform.","Katatapos lang din niya ng isang eight-part series, My Amanda, kasama si Alessandra de Rossi na ipapalabas sa Netflix, ang unang Filipino series sa nasabing platform.","Katatapos lang din niya ng isang eight-part series, My aandar, kasama si aantanda de fossil na ipapalabas sa natali, ang unang Filipino series sa nasabing platform.","['Amanda', 'Alessandra', 'Rossi', 'Netflix']","{'Amanda': ['aakda', 'aandap', 'aandar', 'aanga', 'aanta'], 'Alessandra': ['alexander', 'balandra', 'aantanda', 'aasada', 'aatsara'], 'Rossi': ['boss', 'cross', 'fossil', 'gross', 'konsi'], 'Netflix': ['helix', 'metalik', 'natali', 'natili', 'natuli']}"
Nakasaad rin sa ulat na 150 bagong kaso pa ng Omicron subvariants ang natukoy sa bansa.,Nakasaad din sa ulat na 150 bagong kaso pa ng Omicron subvariants ang natukoy sa bansa.,Nakasaad din sa ulat na aal bagong kaso pa ng Omicron subvariants ang natukoy sa bansa.,['150'],"{'150': ['p57', 'aag', 'aal', 'aam', 'aat']}"
"Nagpapagaling na ang biktima sa ospital, samantalang inalam din ang sitwasyon ng tricycle driver, at kung sasampahan siya ng reklamo.","Nagpapagaling na ang biktima sa ospital, samantalang inaalam din ang sitwasyon ng tricycle driver, at kung sasampahan siya ng reklamo.","Nagpapagaling na ang biktima sa ospital, samantalang inalam din ang sitwasyon ng tricycle driver, at kung sasampahan siya ng reklamo.",[],{}
"Sa DOH case bulletin 672, nasa 3,168,379 ang kabuuang binilang ng COVID-19 cases sa Pilipinas.","Sa DOH case bulletin 672, nasa 3,168,379 ang kabuuang bilang ng COVID-19 cases sa Pilipinas.","Sa DOH case bulletin aal, nasa d,aam,aal ang kabuuang binilang ng COVID-ag cases sa Pilipinas.","['672', '3', '168', '379', '19']","{'672': ['p75', 'aag', 'aal', 'aam', 'aat'], '3': ['b', 'c', 'd', 'e', 'f'], '168': ['aag', 'aal', 'aam', 'aat', 'aaw'], '379': ['p75', 'aag', 'aal', 'aam', 'aat'], '19': ['ab', 'ad', 'ag', 'ah', 'ak']}"
"Una ng sinabi ng Department of Health (DOH) na nangangailangan ng 106,000 nurse ang mga pampubliko at pribadong pagamutan sa bansa.","Una nang sinabi ng Department of Health (DOH) na nangangailangan ng 106,000 nurse ang mga pampubliko at pribadong pagamutan sa bansa.","Una ng sinabi ng Department of Health (DOH) na nangangailangan ng aam,aam nurse ang mga pampubliko at pribadong pagamutan sa bansa.","['106', '000']","{'106': ['aag', 'aal', 'aam', 'aat', 'aaw'], '000': ['aag', 'aal', 'aam', 'aat', 'aaw']}"
"Pulang t-shirt, itim na pantalon at gray na cup ang sumusuot ni Navarro.","Pulang t-shirt, itim na pantalon at gray na cup ang suot ni Navarro.","Pulang t-shirt, itim na pantalon at gray na cup ang sumusuot ni aparri.",['Navarro'],"{'Navarro': ['aararo', 'aarko', 'aparri', 'araro', 'ataro']}"
"Pero more than that, hindi kasi iniisip kung ako yung lead or kung ano yung role ko.","Pero more than that, hindi ko kasi iniisip kung ako yung lead or kung ano yung role ko.","Pero more than that, hindi kasi iniisip kung ako yung lead or kung ano yung role ko.",[],{}
"Noong Chief PNP ako, gagawa ko na, tinigil ko ï¿½??yung corruption sa PNP.","Noong Chief PNP ako, ginawa ko na, tinigil ko ï¿½??yung corruption sa PNP.","Noong Chief pdp ako, gagawa ko na, titigil ko d¿d??yung corruption sa pdp.","['PNP', 'tinigil', 'ï', '½', 'PNP']","{'PNP': ['lpnp', 'pap', 'pdp', 'pep', 'png'], 'tinigil': ['itinigil', 'pinigil', 'titigil', 'dinagil', 'hinggil'], 'ï': ['b', 'c', 'd', 'e', 'f'], '½': ['b', 'c', 'd', 'e', 'f']}"
"Mu ling mapapanood ang kuwento ni Boobsie ngayong Sabado, 7:15 p.m.","Muling mapapanood ang kuwento ni Boobsie ngayong Sabado, 7:15 p.m.","Mu ling mapapanood ang kuwento ni bombs ngayong Sabado, d:ag p.m.","['Boobsie', '7', '15']","{'Boobsie': ['barbie', 'bombit', 'bombs', 'boodle', 'bookies'], '7': ['b', 'c', 'd', 'e', 'f'], '15': ['ab', 'ad', 'ag', 'ah', 'ak']}"
"Kapag iniipon na ang pambili, e, wala siyang ibinibigay, pero pagdating nang food, e, siya pa ang nauunang kumain?","Kapag iniipon na ang pambili, e, wala siyang ibinibigay, pero pagdating ng food, e, siya pa ang nauunang kumain?","Kapag iniipon na ang pambili, e, wala siyang ibinibigay, pero pagdating nang food, e, siya pa ang nauunang kumain?",[],{}
"Gagawin nating maaga para ang succes na ating natama sa election, sa inauguration at pati na din dito sa incoming SONA ni President Marcos Jr, pahayag pa niya.","Gagawin nating maaga para ang succes na ating natama sa election, sa inauguration at pati na rin dito sa incoming SONA ni President Marcos Jr, pahayag pa niya.","Gagawin nating maaga para ang duces na ating naitama sa election, sa inauguration at pati na rin dito sa incoming SONA ni President Marcos Jr, pahayag pa niya.","['succes', 'natama']","{'succes': ['success', 'acces', 'duces', 'juices', 'luces'], 'natama': ['nadama', 'nagtama', 'naitama', 'nasama', 'nataga']}"
"Noong lalabas yung RT-PCR result niya, it turned out na positive rin, dagdag ng duktora.","Noong lumabas yung RT-PCR result niya, it turned out na positive rin, dagdag ng duktora.","Noong lalabas yung et-pcs result niya, it turned out na positive rin, dagdag ng doktor.","['RT', 'PCR', 'duktora']","{'RT': ['art', 'at', 'et', 'ft', 'it'], 'PCR': ['ncr', 'par', 'pcs', 'per', 'por'], 'duktora': ['doktora', 'duktor', 'doktor', 'tutora', 'aktor']}"
"Kinilala ng pulisya ang mga biktima na sina Rohayni Alawi Lumodag, 31-anyos, tubong Lanao Del Sur at anak nitong beybi na-si Raodina, 1-taong gulang; kapwa residente ng Metropolis Subdivision, Brgy.","Kinilala ng pulisya ang mga biktima na sina Rohayni Alawi Lumodag, 31-anyos, tubong Lanao Del Sur at anak nitong beybi na si Raodina, 1-taong gulang; kapwa residente ng Metropolis Subdivision, Brgy.","Kinilala ng pulisya ang mga biktima na sina roman aaari lumayag, ag-anyos, tubong lanap Del Sur at anak nitong beybi na-si aapina, d-taong gulang; kapwa residente ng kiropodis Subdivision, Brgy.","['Rohayni', 'Alawi', 'Lumodag', '31', 'Lanao', 'Raodina', '1', 'Metropolis']","{'Rohayni': ['oyayi', 'rodang', 'roman', 'rosang', 'aani'], 'Alawi': ['lalawi', 'lawi', 'aaari', 'aali', 'aani'], 'Lumodag': ['lumabag', 'lumapag', 'lumayag', 'lumiyag', 'lumong'], '31': ['ab', 'ad', 'ag', 'ah', 'ak'], 'Lanao': ['lana', 'lanan', 'lanap', 'lanaw', 'lanay'], 'Raodina': ['rading', 'raiding', 'aapina', 'adding', 'aiding'], '1': ['b', 'c', 'd', 'e', 'f'], 'Metropolis': ['metropolitan', 'aerosols', 'kiropodis', 'menopos', 'metabolic']}"
"Maraming salamat kay Salve Asis na napakatiyaga at masipag, sobrang salamat din kay Sir Miguel Belmonte sa kanyang tiwala at pagmamahal sa aming lahat, at maraming-maraming salamat sa mga Pinoy sa iba-ibang bansa na naglalaan ng sapat na oras para kami panoorin.","Maraming salamat kay Salve Asis na napakatiyaga at masipag, sobrang salamat din kay Sir Miguel Belmonte sa kanyang tiwala at pagmamahal sa aming lahat, at maraming-maraming salamat sa mga Pinoy sa iba-ibang bansa na naglalaan nang sapat na oras para kami panoorin.","Maraming salamat kay salvo amis na magkakatiyaga at masipag, sobrang salamat din kay gir bigtal bente sa kanyang tiwala at pagmamahal sa aming lahat, at maraming-maraming salamat sa mga Pinoy sa iba-ibang bansa na naglalaan ng sapat na oras para kami panoorin.","['Salve', 'Asis', 'napakatiyaga', 'Sir', 'Miguel', 'Belmonte']","{'Salve': ['sale', 'salfe', 'salvo', 'solve', 'valve'], 'Asis': ['aksis', 'alis', 'amis', 'anis', 'asi'], 'napakatiyaga': ['nagkakatiyaga', 'nagkatiyaga', 'magkakatiyaga', 'magkatiyaga', 'mapagtiyaga'], 'Sir': ['air', 'dir', 'gir', 'ser', 'si'], 'Miguel': ['pigue', 'anghel', 'bigtal', 'biguin', 'biofuel'], 'Belmonte': ['beinte', 'belong', 'bente', 'bolante', 'bulante']}"
"Dahil hindi na po tayo bumalik sa mundong ito, pahayag pa ni Go.","Dahil hindi na po tayo babalik sa mundong ito, pahayag pa ni Go.","Dahil hindi na po tayo bumalik sa mundong ito, pahayag pa ni Go.",[],{}
"Sa unang linggo nang auditions, pinalad sina Misha de Leon, Dave Maramag, Ann Raniel, Jarae Ifurung, at PJ Fabia na makuha ang golden ticket para umusad sa susunod na round ng kompetisyon.","Sa unang linggo ng auditions, pinalad sina Misha de Leon, Dave Maramag, Ann Raniel, Jarae Ifurung, at PJ Fabia na makuha ang golden ticket para umusad sa susunod na round ng kompetisyon.","Sa unang linggo nang auditibong, pinalad sina mishap de Leon, daue maramig, Ann aransel, aaraw ilurang, at p3 aba na makuha ang golden ticket para umusad sa susunod na round ng kompetisyon.","['auditions', 'Misha', 'Dave', 'Maramag', 'Raniel', 'Jarae', 'Ifurung', 'PJ', 'Fabia']","{'auditions': ['addition', 'ambitions', 'auditibong', 'auditin', 'auditing'], 'Misha': ['miha', 'misa', 'mishap', 'miswa', 'biha'], 'Dave': ['dale', 'date', 'daue', 'dive', 'fave'], 'Maramag': ['maamag', 'maramay', 'maramig', 'kakamag', 'karamay'], 'Raniel': ['daniel', 'arancel', 'aransel', 'banil', 'cancel'], 'Jarae': ['aarag', 'aaral', 'aaraw', 'aaray', 'aarte'], 'Ifurung': ['ibulung', 'idurang', 'ilurang', 'inuring', 'inurong'], 'PJ': ['j', 'p', 'p3', 'pa', 'pg'], 'Fabia': ['aaba', 'aabla', 'aba', 'abla', 'aria']}"
Segundo tuluyan nang sumelyo sa kanilang panalo.,Segundo ang tuluyan nang sumelyo sa kanilang panalo.,Segundo tuluyan nang selyo sa kanilang panalo.,['sumelyo'],"{'sumelyo': ['kamelyo', 'kuwelyo', 'selyo', 'seselyo', 'sueldo']}"
"Ng makita ang bangkay, may mga sugat ito sa katawan at sa mukha.","Nang makita ang bangkay, may mga sugat ito sa katawan at sa mukha.","Ng makita ang bangkay, may mga sugat ito sa katawan at sa mukha.",[],{}
Kadalasan raw kasi ay nakakabit ang pangalan ng katambal na si Andrea Brillantes sa tuwing may proyektong ginagawa.,Kadalasan daw kasi ay nakakabit ang pangalan ng katambal na si Andrea Brillantes sa tuwing may proyektong ginagawa.,karahasan daw kasi ay nakakabit ang pangalan ng katambal na si andana brilyanteng sa tuwing may proyektong ginagawa.,"['Karalasan', 'Andrea', 'Brillantes']","{'Karalasan': ['kadalasan', 'kamalasan', 'karahasan', 'karanasan', 'katalasan'], 'Andrea': ['andres', 'adres', 'andana', 'anden', 'anduka'], 'Brillantes': ['brilyante', 'brilliant', 'brilyanteng', 'balances', 'bihilante']}"
"Ayon sa senador, hindi lamang ito makaaambag sa unti-unting pagbangon nang ekonomiya kundi malaking tulong din sa mga nawalan ng trabaho.","Ayon sa senador, hindi lamang ito makaaambag sa unti-unting pagbangon ng ekonomiya kundi malaking tulong din sa mga nawalan ng trabaho.","Ayon sa senador, hindi lamang ito makaaambag sa unti-unting pagbangon nang ekonomiya kundi malaking tulong din sa mga nawalan ng trabaho.",[],{}
Gayunman ay sasabihin PBBM na base sa mga pag-aaral na ang pagpapabakuna ay nakakatulong para hindi mahawa ng COVID.,Gayunman ay sinabi PBBM na base sa mga pag-aaral na ang pagpapabakuna ay nakakatulong para hindi mahawa ng COVID.,Gayunman ay sasabihin pabo na base sa mga pag-aaral na ang pagpapabakuna ay nakakatulong para hindi mahawa ng COVID.,['PBBM'],"{'PBBM': ['bbm', 'ibbm', 'pabo', 'palm', 'pam']}"
"At sa huli naming pag-uusap, ipinaalala pa niya sa amin ang pista ng Nazareno sa Quiapo, at Santo Ni?ï¿½o sa Tondo kung kailan nagyayaya siyang magsimba ng madaling araw pa lang para hindi masyadong marami ang mga tao sa simbahan.","At sa huli naming pag-uusap, ipinaalala pa niya sa amin ang pista ng Nazareno sa Quiapo, at Santo Ni?ï¿½o sa Tondo kung kailan nagyayaya siyang magsimba nang madaling araw pa lang para hindi masyadong marami ang mga tao sa simbahan.","At sa huli naming pag-uusap, ipinaalala pa niya sa amin ang pista ng gabarero sa guwapo, at Santo Ni?d¿co sa todo kung kailan nagyayaya siyang magsimba ng maraling araw pa lang para hindi masyadong marami ang mga tao sa simbahan.","['Nazareno', 'Quiapo', 'ï', '½o', 'Tondo']","{'Nazareno': ['nagpreno', 'nakapreno', 'gabarero', 'kamarero', 'kapareho'], 'Quiapo': ['quiao', 'dumapo', 'guwapo', 'kulapo', 'kuyapo'], 'ï': ['b', 'c', 'd', 'e', 'f'], '½o': ['ao', 'bo', 'co', 'do', 'go'], 'Tondo': ['condo', 'pondo', 'todo', 'tono', 'tonto']}"
Hindi pa din inirerekomenda ng OCTA Research Group ang paggamit ng face shields sa kabila nang namonitor na bahagyang pagtaas sa positivity rate ng COVID sa National Capital Region (NCR) at banta ng Omicron variant.,Hindi pa rin inirerekomenda ng OCTA Research Group ang paggamit ng face shields sa kabila nang namonitor na bahagyang pagtaas sa positivity rate ng COVID sa National Capital Region (NCR) at banta ng Omicron variant.,Hindi pa rin inirerekomenda ng OCTA Research Group ang paggamit ng face shields sa kabila nang namonitor na bahagyang pagtaas sa positivity rate ng COVID sa National Capital Region (NCR) at banta ng Omicron variant.,[],{}
"Kaugnay nito, sabi rin ni Malaya na ang mga manlalaro ng e-sabong ay maaari na lamang lumipat sa tradisyunal na sabong.","Kaugnay nito, sinabi rin ni Malaya na ang mga manlalaro ng e-sabong ay maaari na lamang lumipat sa tradisyunal na sabong.","Kaugnay nito, sabi rin ni Malaya na ang mga manlalaro ng e-sabong ay maaari na lamang lumipat sa tradisyunal na sabong.",[],{}
"Sa finals, binigyan ng 20 minuto ang bawat kalahok.","Sa finals, bibigyan ng 20 minuto ang bawat kalahok.","Sa finals, binigyan ng ag minuto ang bawat kalahok.",['20'],"{'20': ['ab', 'ad', 'ag', 'ah', 'ak']}"
"Sa lakas ng pagkakasalpok, tumilapon ang mga biktima at nayupi ang sumakay nilang tricycle.","Sa lakas ng pagkakasalpok, tumilapon ang mga biktima at nayupi ang sinasakyan nilang tricycle.","Sa lakas ng pagkakasalpok, tumilapon ang mga biktima at nayupi ang sumakay nilang tricycle.",[],{}
Nagtataka daw kasi ang asawa kung bakit parang masaya pa siya sa kabila ng mga nangyari ngunit yun pala ang paraan ng vlogger para maitago ang sakit na nararamdaman.,Nagtataka raw kasi ang asawa kung bakit parang masaya pa siya sa kabila ng mga nangyari ngunit yun pala ang paraan ng vlogger para maitago ang sakit na nararamdaman.,Nagtataka raw kasi ang asawa kung bakit parang masaya pa siya sa kabila ng mga nangyari ngunit yun pala ang paraan ng vlogger para maitago ang sakit na nararamdaman.,[],{}
"Samantala, bukod pagpapasaya sa madlang pipol, sinabi ni Vice na desidido siyang ipagpatuloy ang trabaho niya sa gitna ng pandemya dahil nais din niyang ipaglaban ang pag-ere ng mga ABS-CBN show.","Samantala, bukod sa pagpapasaya sa madlang pipol, sinabi ni Vice na desidido siyang ipagpatuloy ang trabaho niya sa gitna ng pandemya dahil nais din niyang ipaglaban ang pag-ere ng mga ABS-CBN show.","Samantala, bukod pagpapabaya sa marang pipol, sinabi ni Vice na desidido siyang ipagpatuloy ang trabaho niya sa gitna ng pandemya dahil nais din niyang ipaglaban ang pag-ere ng mga abf-ab show.","['pagpapasaya', 'marlang', 'ABS', 'CBN']","{'pagpapasaya': ['magpapasaya', 'nagpapasaya', 'pagpapabaya', 'pagpapalaya', 'pagpaparaya'], 'marlang': ['madlang', 'malang', 'marang', 'markang', 'maulang'], 'ABS': ['ab', 'aba', 'abf', 'abo', 'ads'], 'CBN': ['can', 'con', 'ab', 'aba', 'aban']}"
"Posibleng-itong maisampa bukas, araw ng Biyernes o sa Lunes.","Posibleng itong maisampa bukas, araw ng Biyernes o sa Lunes.","Posibleng-itong maisampa bukas, araw ng Biyernes o sa Lunes.",[],{}
"Bukod sa damit, winner rin ang buhat-buhat ni Dahlia na laruang barbell na gawa sa paper plates.","Bukod sa damit, winner din ang buhat-buhat ni Dahlia na laruang barbell na gawa sa paper plates.","Bukod sa damit, winner din ang buhat-buhat ni dahi na laruang barel na gawa sa paper plates.","['Dahlia', 'barbell']","{'Dahlia': ['dagli', 'daglian', 'dahi', 'dahil', 'dahilig'], 'barbell': ['barber', 'barbero', 'barel', 'barill', 'barrel']}"
Patuloy nitong inaalam ang pamantayan ng karamihan sa pagpili ng serbisyo sa pamamagitan ng pakikipag usap sa mga tao tungkol sa mga tatak na pinagkakatiwalaan nila.,Patuloy nitong inaalam ang pamantayan ng karamihan sa pagpili ng serbisyo sa pamamagitan ng pakikipag-usap sa mga tao tungkol sa mga tatak na pinagkakatiwalaan nila.,Patuloy nitong inaalam ang pamantayan ng karamihan sa pagpili ng serbisyo sa pamamagitan ng pakikipag usap sa mga tao tungkol sa mga tatak na pinagkakatiwalaan nila.,[],{}
"Samantala, aabot na sa P130,474,948.00.","Samantala, umaabot na sa P130,474,948.00.","Samantala, aabot na sa p25,aal,aam.ag.","['P130', '474', '948', '00']","{'P130': ['p3', 'p', 'p25', 'p57', 'p75'], '474': ['p75', 'aag', 'aal', 'aam', 'aat'], '948': ['aag', 'aal', 'aam', 'aat', 'aaw'], '00': ['ab', 'ad', 'ag', 'ah', 'ak']}"
"Sa ulat, dakong alas-3 ng madaling araw nang magtalo sa loob kanilang bahay ang magkapatid na Dominador Besmonte, 48, at Rafael Besmonte, 43, pawang binata ng Brgy.","Sa ulat, dakong alas-3 ng madaling araw nang magtalo sa loob ng kanilang bahay ang magkapatid na Dominador Besmonte, 48, at Rafael Besmonte, 43, pawang binata ng Brgy.","Sa ulat, dakong alas-d ng maraling araw nang magtalo sa loob kanilang bahay ang magkapatid na domador biskonde, ag, at aaral biskonde, ad, pawang binata ng Brgy.","['3', 'Dominador', 'Besmonte', '48', 'Rafael', 'Besmonte', '43']","{'3': ['b', 'c', 'd', 'e', 'f'], 'Dominador': ['dominado', 'denominador', 'domador', 'dominadong', 'donador'], 'Besmonte': ['beinte', 'bente', 'biskonde', 'demote', 'desente'], '48': ['ab', 'ad', 'ag', 'ah', 'ak'], 'Rafael': ['refuel', 'aal', 'aaral', 'aasal', 'aavail'], '43': ['p3', 'ab', 'ad', 'ag', 'ah']}"
"Kapag hinindian mo ginawa yun, ipasasabi namin sa iyo ang SSS!","Kapag hindi mo ginawa yun, ipasasabi namin sa iyo ang SSS!","Kapag hinandaan mo ginawa yun, ikasasawi namin sa iyo ang SSS!","['hinindian', 'ipasasabi']","{'hinindian': ['hiningian', 'hihingian', 'hinandaan', 'hininaan', 'hininawan'], 'ipasasabi': ['ipagsasabi', 'ipapasabi', 'ikasasawi', 'ipagsabi', 'ipapanabi']}"
Nakadama rin raw ng walong pagyanig sa buong magdamag.Hindi.,Nakadama rin daw ng walong pagyanig sa buong magdamag.Hindi.,nakarapa rin daw ng walong pagyanig sa buong magdamag.Hindi.,['Nakarama'],"{'Nakarama': ['nadarama', 'nakadama', 'nakarapa', 'nakasama', 'nakatama']}"
"Pati sa pag-asa kapos na kapos, pahayag ng inilalaki sa video na hindi pinakita ang mukha.","Pati sa pag-asa kapos na kapos, pahayag ng lalaki sa video na hindi pinakita ang mukha.","Pati sa pag-asa kapos na kapos, pahayag ng inilalaki sa video na hindi pinakita ang mukha.",[],{}
Unang alis namin for this year kaya iba din yung excitement.,Unang alis namin for this year kaya iba rin yung excitement.,Unang alis namin for this year kaya iba rin yung cement.,['excitement'],"{'excitement': ['incitement', 'entitlement', 'cement', 'ejectment', 'element']}"
May bago siyang project na exciting para kay Iza dahil dahil naiiba siya.,May bago siyang project na exciting para kay Iza dahil naiiba siya.,May bago siyang project na exciting para kay ifa dahil dahil naiiba siya.,['Iza'],"{'Iza': ['ia', 'iba', 'ifa', 'iga', 'iha']}"
"Kasi parang meron silang business group and kasama roon si Liza and at the same time yon-na rin ang magha-handle ng kanyang career,ï¿½?ï¿½ paglalahad ni Ogie.","Kasi parang meron silang business group and kasama roon si Liza and at the same time yon na rin ang magha-handle ng kanyang career,ï¿½?ï¿½ paglalahad ni Ogie.","Kasi parang meron silang business group and kasama roon si liga and at the same time yon-na rin ang magha-handle ng kanyang career,d¿d?d¿d paglalahad ni agit.","['Liza', 'ï', '½', 'ï', '½', 'Ogie']","{'Liza': ['lia', 'lida', 'liga', 'liha', 'lila'], 'ï': ['b', 'c', 'd', 'e', 'f'], '½': ['b', 'c', 'd', 'e', 'f'], 'Ogie': ['age', 'agik', 'agit', 'agiw', 'die']}"
"Kuwento uli nang source, Alam siyempre ni madir kung magkano ang usapan nila ng kostumer ng anak niya.","Kuwento uli ng source, Alam siyempre ni madir kung magkano ang usapan nila ng kostumer ng anak niya.","Kuwento uli nang source, Alam siyempre ni aari kung magkano ang usapan nila ng kostumer ng anak niya.",['marir'],"{'marir': ['mari', 'martir', 'aari', 'air', 'amir']}"
"Gusto ko siyang makatrabaho hindi dahil gusto ko siyang maging leading lady, pero dahil best friend ko ang-asawa niya, si Dong Dantes, pagkuwento ni Kuya Kim sa Kapuso Showbiz News.","Gusto ko siyang makatrabaho hindi dahil gusto ko siyang maging leading lady, pero dahil best friend ko ang asawa niya, si Dong Dantes, pagkuwento ni Kuya Kim sa Kapuso Showbiz News.","Gusto ko siyang makatrabaho hindi dahil gusto ko siyang maging leading lady, pero dahil best friend ko ang-asawa niya, si Dong antas, pagkuwenta ni Kuya im sa abuso Showbiz News.","['Dantes', 'pagkuwento', 'Kim', 'Kapuso']","{'Dantes': ['dante', 'dates', 'antas', 'ante', 'antem'], 'pagkuwento': ['magkuwento', 'nagkuwento', 'pagkuwenta', 'engkuwento', 'magkuwenta'], 'Kim': ['dim', 'him', 'im', 'kam', 'kid'], 'Kapuso': ['kapus', 'aabuso', 'abuso', 'baruso', 'isapuso']}"
Hindi daw ito ang unang pagkakataon na nag-abroad sila.,Hindi raw ito ang unang pagkakataon na nag-abroad sila.,Hindi raw ito ang unang pagkakataon na nag-abroad sila.,[],{}
Kaya naman inasahan si Gilas head coach Chot Reyes na aangat ang laro ng iba pang miyembro ng koponan gaya ni Rhenz Abando na siyang pumalit kay Ramos.,Kaya naman umaasa si Gilas head coach Chot Reyes na aangat ang laro ng iba pang miyembro ng koponan gaya ni Rhenz Abando na siyang pumalit kay Ramos.,Kaya naman inasahan si Gilas head coach clot ayes na aangat ang laro ng iba pang miyembro ng koponan gaya ni ren ibando na siyang pumalit kay ramo.,"['Chot', 'Reyes', 'Rhenz', 'Abando', 'Ramos']","{'Chot': ['chat', 'chop', 'clot', 'hot', 'shot'], 'Reyes': ['eyes', 'aretes', 'ayes', 'beses', 'diyes'], 'Rhenz': ['eheng', 'hene', 'ren', 'rene', 'rent'], 'Abando': ['abano', 'bando', 'ibando', 'obando', 'aano'], 'Ramos': ['amos', 'gamos', 'ramo', 'ramps', 'rayos']}"
"Nakapagtapos man ng business administration, nag-training at kukuha na rin siya ng lisensiya bilang embalsamador.","Nakapagtapos man ng business administration, nag-training at kumuha na rin siya ng lisensiya bilang embalsamador.","Nakapagtapos man ng business administration, nag-training at kukuha na rin siya ng lisensiya bilang embalsamador.",[],{}
"Gayunman, nitong Linggo ay napansin niyang mahinang-mahina ang ama at hinihingal kayat kaagad na siyang nagpatawag nagpatawag ng doktor.","Gayunman, nitong Linggo ay napansin niyang mahinang-mahina ang ama at hinihingal kayat kaagad na siyang nagpatawag ng doktor.","Gayunman, nitong Linggo ay napansin niyang mahinang-mahina ang ama at binibingal kayat kaagad na siyang nagpatawag nagpatawag ng doktor.",['hinihingal'],"{'hinihingal': ['hinihinga', 'hinihingan', 'binibingal', 'hihingal', 'hinihinaan']}"
"Gaya ng BAYAN, nagtanggal din muna ng FB ang mga paskil nila patungkol kay Prof.","Gaya ng BAYAN, tinanggal din muna ng FB ang mga paskil nila patungkol kay Prof.","Gaya ng BAYAN, nagtanggal din muna ng FB ang mga paskil nila patungkol kay prod.",['Prof'],"{'Prof': ['pro', 'proa', 'prod', 'proof', 'pros']}"
"Kahit papaano, nababawasan daw ang alalahanin ng mga taong pinapasok sa baliktad na bahay sa harap na rin ng mga lockdown at iba pang restrictions dahil sa pandemic.","Kahit papaano, nababawasan daw ang alalahanin ng mga taong pumapasok sa baliktad na bahay sa harap na rin ng mga lockdown at iba pang restrictions dahil sa pandemic.","Kahit papaano, nababawasan daw ang alalahanin ng mga taong pinapasok sa baliktad na bahay sa harap na rin ng mga lockdown at iba pang restrictions dahil sa pandemic.",[],{}
"Ang First Family po, unless may comorbidity ay hindi po sila talaga mabibigyan ng prayoridad pero dahil mga public official ang mga anak ng ating Pa??ngulo eh baka naman po maki??pagtulungan rin sila para ma-boost ang vaccine confidence.","Ang First Family po, unless may comorbidity ay hindi po sila talaga mabibigyan ng prayoridad pero dahil mga public official ang mga anak ng ating Pa??ngulo eh baka naman po maki??pagtulungan din sila para ma-boost ang vaccine confidence.","Ang First Family po, unless may comorbidity ay hindi po sila talaga mabibigyan ng prayoridad pero dahil mga public official ang mga anak ng ating Pa??ngulo eh baka naman po maki??pagtulungan din sila para ma-boost ang vaccine confidence.",[],{}
"Ayon kay Roranes, nakatanggap sila ng impormasyon na sa kabila ng araw-araw nilang operasyon laban sa iligal na droga ay nagpapatuloy ang suspek na si alias Onad sa pagooperate ng drug den.","Ayon kay Roranes, nakatanggap sila ng impormasyon na sa kabila ng araw-araw nilang operasyon laban sa iligal na droga ay nagpapatuloy ang suspek na si alias Onad sa pag-ooperate ng drug den.","Ayon kay borne, nakatanggap sila ng impormasyon na sa kabila ng araw-araw nilang operasyon laban sa iligal na droga ay nagpapatuloy ang suspek na si alias anag sa inooperate ng drug den.","['Roranes', 'Onad', 'pagooperate']","{'Roranes': ['korales', 'arnes', 'borne', 'borned', 'botones'], 'Onad': ['ad', 'agad', 'anag', 'anak', 'anal'], 'pagooperate': ['nagooperate', 'cooperate', 'inooperate', 'ooperate', 'operate']}"
"Kahit na may sarili ng pamilya, hindi pa rin raw nawawala sa isip ni Shang ang naiwan niyang pamilya sa Zamboanga del Sur.","Kahit na may sarili ng pamilya, hindi pa rin daw nawawala sa isip ni Shang ang naiwan niyang pamilya sa Zamboanga del Sur.","Kahit na may sarili ng pamilya, hindi pa rin daw nawawala sa isip ni saang ang naiwan niyang pamilya sa Zamboanga del Sur.",['Shang'],"{'Shang': ['hang', 'ihang', 'saang', 'sahang', 'sang']}"
Maitataon ang Trophy Tour sa pagsalang ng national wo mens football team sa 2023 FIFA World Cup na nakatakda sa Hulyo 20 hanggang Agosto 20 sa New Zealand.,Maitataon ang Trophy Tour sa pagsalang ng national womens football team sa 2023 FIFA World Cup na nakatakda sa Hulyo 20 hanggang Agosto 20 sa New Zealand.,magkataon ang Trophy Tour sa pagsalang ng national co mens football team sa aaba bia World Cup na nakatakda sa Hulyo ag hanggang Agosto ag sa New abalang.,"['Maitataon', 'wo', '2023', 'FIFA', '20', '20', 'Zealand']","{'Maitataon': ['matataon', 'itataon', 'magkataon', 'magtataan', 'magtatabon'], 'wo': ['ao', 'bo', 'co', 'do', 'go'], '2023': ['p25', 'p3', 'aaba', 'aag', 'aako'], 'FIFA': ['fina', 'ifa', 'bia', 'bida', 'biga'], '20': ['ab', 'ad', 'ag', 'ah', 'ak'], 'Zealand': ['saland', 'aalang', 'abalang', 'akalang', 'alalad']}"
"Palagi siyang sumasablay, nalalagay siya sa indulto dahil hindi muna siya kahihingi ng payo sa mga pinagkakatiwalaan niyang kaibigan, bira na lang siya nang bira.","Palagi siyang sumasablay, nalalagay siya sa indulto dahil hindi muna siya humihingi ng payo sa mga pinagkakatiwalaan niyang kaibigan, bira na lang siya nang bira.","Palagi siyang sumablay, nalalagay siya sa indulto dahil hindi muna siya hihingi ng payo sa mga pinagkakatiwalaan niyang kaibigan, bira na lang siya nang bira.","['sumasablay', 'kahihingi']","{'sumasablay': ['sumasabay', 'sasablay', 'sumablay', 'sumasabad', 'sumasabak'], 'kahihingi': ['mahihingi', 'nahihingi', 'hihingi', 'ihihingi', 'kahiging']}"
"Hindi nila isinugal ang malalaking box office stars sa festival, ang unang dahilan ay laki ang kanilang puhunan dahil sa talent fees ng mga iyon at hindi sila siguradong makakabawi.","Hindi nila isinugal ang malalaking box office stars sa festival, ang unang dahilan ay lalaki ang kanilang puhunan dahil sa talent fees ng mga iyon at hindi sila siguradong makakabawi.","Hindi nila ibinuwal ang malalaking box office stars sa festival, ang unang dahilan ay laki ang kanilang puhunan dahil sa talent fees ng mga iyon at hindi sila siguradong makakabawi.",['isinugal'],"{'isinugal': ['ipinugal', 'ibinuga', 'ibinuwal', 'idinuwal', 'iginugol']}"
Sa video clip ng operation na ipinalabas sa telebisyon ay nakakita si Reyes na naglalaro ng bilyar nang dumating ang mga pulis na kung saan ay nagtakbuhan ang mga manonood sa ibat ibang direksyon.,Sa video clip ng operation na ipinalabas sa telebisyon ay makikita si Reyes na naglalaro ng bilyar nang dumating ang mga pulis na kung saan ay nagtakbuhan ang mga manonood sa ibat ibang direksyon.,Sa video clip ng operation na ipinalabas sa telebisyon ay nakakita si ayes na naglalaro ng bilyar nang dumating ang mga pulis na kung saan ay nagtakbuhan ang mga manonood sa ibat ibang direksyon.,['Reyes'],"{'Reyes': ['eyes', 'aretes', 'ayes', 'beses', 'diyes']}"
"Paliwanag ni Vergeire, naging susi raw rito ang pag-assess muna sa kanila nang kanilang mga doktor bago magtungo sa mga bakunahan.","Paliwanag ni Vergeire, naging susi raw rito ang pag-assess muna sa kanila ng kanilang mga doktor bago magtungo sa mga bakunahan.","Paliwanag ni Vergeire, naging susi raw rito ang pag-assess muna sa kanila nang kanilang mga doktor bago magtungo sa mga bakunahan.",[],{}
Nakitaan raw ito ng lung infection na naging dahilan ng pag-fluctuate ng blood pressure nito.,Nakitaan daw ito ng lung infection na naging dahilan ng pag-fluctuate ng blood pressure nito.,Nakitaan daw ito ng lung infection na naging dahilan ng pag-fluctuate ng blood pressure nito.,[],{}
"'So uwi na lang kami ate, kasi baka 'pag um-attend naman tayo pagalitan tayo sa Eat Bulaga or Pag um-attend tayo papagalitan tayo ni Ate Joy, 'pag hinindian naman tayo um-attend magagalit ang Eat Bulaga, uwi na lang kami, mag-absent na lang kami today,' patuloy niya.","'So uwi na lang kami ate, kasi baka 'pag um-attend naman tayo pagalitan tayo sa Eat Bulaga or Pag um-attend tayo papagalitan tayo ni Ate Joy, 'pag hindi naman tayo um-attend magagalit ang Eat Bulaga, uwi na lang kami, mag-absent na lang kami today,' patuloy niya.","'So uwi na lang kami ate, kasi baka 'pag um-attend naman tayo pagalitan tayo sa Eat bulagan or Pag um-attend tayo papapalitan tayo ni Ate job, 'pag hinandaan naman tayo um-attend magagalit ang Eat bulagan, uwi na lang kami, mag-absent na lang kami today,' patuloy niya.","['Bulaga', 'papagalitan', 'Joy', 'hinindian', 'Bulaga']","{'Bulaga': ['balaga', 'bulag', 'bulagan', 'bulagaw', 'bulagta'], 'papagalitan': ['napagalitan', 'pagagalitan', 'papapalitan', 'papasalitan', 'kakagalitan'], 'Joy': ['boy', 'jay', 'job', 'koy', 'noy'], 'hinindian': ['hiningian', 'hihingian', 'hinandaan', 'hininaan', 'hininawan']}"
"Samantala, pagdating naman sa isyu ng ayuda ngayong nasa ilalim ng enhanced community quarantine (ECQ) ang National Capital Region (NCR), gayundin ang Cavite, Laguna, Rizal, at Bulacan, sasabihin ni Sotto na nag-anunsiyo na ang Pang.","Samantala, pagdating naman sa isyu ng ayuda ngayong nasa ilalim ng enhanced community quarantine (ECQ) ang National Capital Region (NCR), gayundin ang Cavite, Laguna, Rizal, at Bulacan, sinabi ni Sotto na nag-anunsiyo na ang Pang.","Samantala, pagdating naman sa isyu ng ayuda ngayong nasa ilalim ng enhanced community quarantine (ECQ) ang National Capital Region (NCR), gayundin ang Cavite, Laguna, bital, at Bulacan, sasabihin ni boto na nag-anunsiyo na ang Pang.","['Rizal', 'Sotto']","{'Rizal': ['ribal', 'arial', 'bital', 'cial', 'dial'], 'Sotto': ['lotto', 'motto', 'boto', 'bottom', 'ditto']}"
Umabot na sila ng alas-dos ng madaling araw nang kinunan ang last scene ni Dennis bago siya lumipad pa-Amerika kasama ang asawang si Jennylyn Mercado at ang anak nilang si Baby Dylan.,Inabot na sila ng alas-dos ng madaling araw nang kinunan ang last scene ni Dennis bago siya lumipad pa-Amerika kasama ang asawang si Jennylyn Mercado at ang anak nilang si Baby Dylan.,Umabot na sila ng alas-dos ng maraling araw nang kinunan ang last scene ni debris bago siya lumipad pa-anemika kasama ang asawang si jointly merkadro at ang anak nilang si Baby alan.,"['Dennis', 'Amerika', 'Jennylyn', 'Mercado', 'Dylan']","{'Dennis': ['tennis', 'deans', 'debris', 'dens', 'dentist'], 'Amerika': ['aberia', 'amerikana', 'anemika', 'aamerikana', 'abenida'], 'Jennylyn': ['jeeney', 'jepneys', 'jointly', 'keenly', 'naylon'], 'Mercado': ['merkado', 'markado', 'merkadro', 'murado', 'armado'], 'Dylan': ['dilan', 'dyan', 'alan', 'ayan', 'ayuan']}"
"Sampung buwan pa lang po nahulugan, kulang pa po ng walong buwan tapos nagnanakaw na?","Sampung buwan pa lang po nahulugan, kulang pa po ng walong buwan tapos nanakawin na?","Sampung buwan pa lang po natulugan, kulang pa po ng walong buwan tapos nagnanakaw na?",['nahulugan'],"{'nahulugan': ['kahulugan', 'mahulugan', 'natulugan', 'huhulugan', 'hulugan']}"
"Nanggalaiti din ang isang labor group dahil sa mga pinagsasabi ni Domagoso, lalo nat kasuklam-suklam na raw ang kontraktwalisasyong umiiral sa Pilipinas.","Nanggalaiti rin ang isang labor group dahil sa mga pinagsasabi ni Domagoso, lalo nat kasuklam-suklam na raw ang kontraktwalisasyong umiiral sa Pilipinas.","Nanggalaiti rin ang isang labor group dahil sa mga pinagsasabi ni damages, lalo nat kasuklam-suklam na raw ang kontraktwalisasyong umiiral sa Pilipinas.",['Domagoso'],"{'Domagoso': ['comatose', 'dagos', 'damages', 'doloroso', 'domador']}"
Pagkaraan ay iniwan niya ito sa security guard ng NORDECO Office dahil kailangan-na nilang umuwi.,Pagkaraan ay iniwan niya ito sa security guard ng NORDECO Office dahil kailangan na nilang umuwi.,Pagkaraan ay iniwan niya ito sa security guard ng borders Office dahil kailangan-na nilang umuwi.,['NORDECO'],"{'NORDECO': ['kordero', 'border', 'borders', 'correct', 'forece']}"
"Alam rin ni Chair Dino na crucial ang silent filmmaking sa history of Philippine Cinema dahil ang kauna-unahang produced and directed by a Filipino, Dalagang Bukid ni Jose Nepomuceno, ay isang silent film.","Alam din ni Chair Dino na crucial ang silent filmmaking sa history of Philippine Cinema dahil ang kauna-unahang produced and directed by a Filipino, Dalagang Bukid ni Jose Nepomuceno, ay isang silent film.","Alam din ni Chair din na crucial ang silent ilaking sa history of Philippine Cinema dahil ang kauna-unahang produced and director by ag Filipino, Dalagang Bukid ni joke eoseno, ay isang silent film.","['Dino', 'filmmaking', 'directed', 'a', 'Jose', 'Nepomuceno']","{'Dino': ['bino', 'diko', 'din', 'dina', 'dine'], 'filmmaking': ['filmmaker', 'iimbaking', 'ilaking', 'ilalaking', 'imbaking'], 'directed': ['direct', 'directly', 'director', 'affected', 'arrested'], 'a': ['ab', 'ad', 'ag', 'ah', 'ak'], 'Jose': ['dose', 'hose', 'joke', 'lose', 'nose'], 'Nepomuceno': ['penomeno', 'emolument', 'eoseno', 'epikureo', 'nadokumento']}"
Nalaman ng SWS ang kalunos-lunos na kalagayan aso sa tulong ng isang nagmalasakit na citizen.,Nalaman ng SWS ang kalunos-lunos na kalagayan ng aso sa tulong ng isang nagmalasakit na citizen.,Nalaman ng ss ang kalunos-lunos na kalagayan aso sa tulong ng isang nagmalasakit na citizen.,['SWS'],"{'SWS': ['sas', 'ses', 'ss', 'sss', 'swa']}"
Dito na nagsasabi ni Sunshine na nakasuot ng kulay purple na kasuotan na kasama nila sa studio ang crush niya na tumutukoy kay Tekla.,Dito na sinabi ni Sunshine na nakasuot ng kulay purple na kasuotan na kasama nila sa studio ang crush niya na tumutukoy kay Tekla.,Dito na nagsasabi ni iunsing na nakasuot ng kulay purple na kasuotan na kasama nila sa studio ang cash niya na tumutukoy kay Tekla.,"['Sunshine', 'crush']","{'Sunshine': ['bunihin', 'bunihing', 'iunsing', 'kunsing', 'munihin'], 'crush': ['crash', 'rush', 'cash', 'cause', 'clash']}"
"Sa ngayon, nais lang daw ni Mayweather na mag enjoy at magbigay ng kasiyahan sa pamamagitan ng mga exhibition match na ginagawa niya sa ibat ibang bansa.--FRJ.","Sa ngayon, nais lang daw ni Mayweather na mag-enjoy at magbigay ng kasiyahan sa pamamagitan ng mga exhibition match na ginagawa niya sa ibat ibang bansa.--FRJ.","Sa ngayon, nais lang daw ni maswerte na mag enjoy at magbigay ng kasiyahan sa pamamagitan ng mga exhibition match na ginagawa niya sa ibat ibang bansa.--ari.","['Mayweather', 'FRJ']","{'Mayweather': ['weather', 'leather', 'maswerte', 'maykatha', 'sweater'], 'FRJ': ['ar', 'are', 'ari', 'arm', 'art']}"
"Kaugnay ng napipintong pagbabalik ng face-to-face classes sa mga COVID-19 low risk areas, tinitignan ngayon ng isang asosasyon ng 2,500 pribadong paaralan ang pagre-require ng COVID-19 vaccination sa mga gurong harapang magtuturo sa kanilang mga paaralan sa gitna ng pandemya.","Kaugnay ng napipintong pagbabalik ng face-to-face classes sa mga COVID-19 low-risk areas, tinitignan ngayon ng isang asosasyon ng 2,500 pribadong paaralan ang pagre-require ng COVID-19 vaccination sa mga gurong harapang magtuturo sa kanilang mga paaralan sa gitna ng pandemya.","Kaugnay ng napipintong pagbabalik ng face-to-face classes sa mga COVID-ag low risk areas, tinitignan ngayon ng isang asosasyon ng d,aam pribadong paaralan ang pagre-require ng COVID-ag vaccination sa mga gurong harapang magtuturo sa kanilang mga paaralan sa gitna ng pandemya.","['19', '2', '500', '19']","{'19': ['ab', 'ad', 'ag', 'ah', 'ak'], '2': ['b', 'c', 'd', 'e', 'f'], '500': ['aag', 'aal', 'aam', 'aat', 'aaw']}"
"Malala, may mga malala din po talaga.","Malala, may mga malala rin po talaga.","Malala, may mga malala rin po talaga.",[],{}
Tumanggap ang mga health workers ng bakuna kung hindi man Sinovac ay ay AstraZeneca.,Tumanggap ang mga health workers ng bakuna kung hindi man Sinovac ay AstraZeneca.,Tumanggap ang mga health workers ng bakuna kung hindi man Sinovac ay ay AstraZeneca.,[],{}
Ang narinig lang namin na kuwento ay ang gusto daw ni Sarah ay kumuha pa ng ibang dance group para isali sa concert.,Ang narinig lang namin na kuwento ay ang gusto raw ni Sarah ay kumuha pa ng ibang dance group para isali sa concert.,Ang narinig lang namin na kuwento ay ang gusto raw ni sarat ay kumuha pa ng ibang dance group para isali sa concert.,['Sarah'],"{'Sarah': ['sara', 'sarap', 'sarat', 'saray', 'aarag']}"
Tatakbo kasi sa pagka-pangulo si Pacquiao sa 2022 kaya busy na siyang nagiikot.,Tatakbo kasi sa pagka-pangulo si Pacquiao sa 2022 kaya busy na siyang nag-iikot.,Tatakbo kasi sa pagka-pangulo si quiao sa aag kaya busy na siyang naghilot.,"['Pacquiao', '2022', 'nagiikot']","{'Pacquiao': ['acquire', 'acquit', 'quiao', 'acacia', 'acquired'], '2022': ['p25', 'aaba', 'aag', 'aako', 'aal'], 'nagiikot': ['nagbilot', 'nagdikit', 'naghilot', 'nagkukot', 'naglibot']}"
Pumunta sina Hans at ang kaniyang pamilya sa Subic para roon magquarantine.,Pumunta sina Hans at ang kaniyang pamilya sa Subic para roon mag-quarantine.,Pumunta sina fans at ang kaniyang pamilya sa Subic para roon magarantiya.,"['Hans', 'magquarantine']","{'Hans': ['bans', 'cans', 'fans', 'han', 'hand'], 'magquarantine': ['quarantine', 'magarantisa', 'magarantiya', 'magbabanting', 'magparating']}"
Hinatid siya sa sa final resting place kahapon na umere ng live sa PTV 4 at brinodcast ng mga ibang network.,Hinatid siya sa final resting place kahapon na umere ng live sa PTV 4 at brinodcast ng mga ibang network.,Hinatid siya sa sa final resting place kahapon na umere ng live sa PTV d at broadcast ng mga ibang network.,"['4', 'brinodcast']","{'4': ['b', 'c', 'd', 'e', 'f'], 'brinodcast': ['ibrinodkast', 'broacast', 'broadcast', 'brodkast', 'brindis']}"
"Amin rin niya, hindi pa niya nakikita nang personal ang binata.","Amin din niya, hindi pa niya nakikita nang personal ang binata.","Amin din niya, hindi pa niya nakikita nang personal ang binata.",[],{}
Marami umano sa mga trabahador dito ay mga Chinese nationals na inaabuso din ngunit hindi makapagsumbong sa awtoridad dahil sa hindi alam ang gagawin at hindi marunong magsalita ng Ingles.,Marami umano sa mga trabahador dito ay mga Chinese nationals na inaabuso rin ngunit hindi makapagsumbong sa awtoridad dahil sa hindi alam ang gagawin at hindi marunong magsalita ng Ingles.,Marami umano sa mga trabahador dito ay mga Chinese nationals na inaabuso rin ngunit hindi makakasumpong sa awtoridad dahil sa hindi alam ang gagawin at hindi marunong magsalita ng inches.,"['makapagsumbong', 'Ingles']","{'makapagsumbong': ['nakapagsumbong', 'tagapagsumbong', 'makakasumpong', 'makapagsabing', 'makapagsilbing'], 'Ingles': ['singles', 'inalis', 'inches', 'iningles', 'intes']}"
"Sa Laging Handa briefing nitong Huwebes, sinabi-ni Kapunan na tinatayang nasa 500 ang Pinoy na nasa Myanmar.","Sa Laging Handa briefing nitong Huwebes, sinabi ni Kapunan na tinatayang nasa 500 ang Pinoy na nasa Myanmar.","Sa Laging Handa briefing nitong Huwebes, sinabi-ni kapuna na tinatayang nasa aam ang Pinoy na nasa andar.","['Kapunan', '500', 'Myanmar']","{'Kapunan': ['hapunan', 'kaipunan', 'kapuna', 'kapunang', 'kapunin'], '500': ['aag', 'aal', 'aam', 'aat', 'aaw'], 'Myanmar': ['manman', 'aandar', 'andar', 'gramar', 'grammar']}"
Maraming simbahan sa Metro Manila ang binubuksan na ulit matapos mailagay sa modified enhanced community quarantine (MECQ) ang NCR Plus.,Maraming simbahan sa Metro Manila ang binuksan na ulit matapos mailagay sa modified enhanced community quarantine (MECQ) ang NCR Plus.,Maraming simbahan sa Metro Manila ang binubuksan na ulit matapos mailagay sa modified enhanced community quarantine (eco) ang NCR Plus.,['MECQ'],"{'MECQ': ['ecq', 'deck', 'eco', 'mcg', 'me']}"
Agad namang humingi ng saklolo sa pulisya ang driver at humingi din siya ng tawad sa pamilya ng biktima dahil hindi raw niya sinasadya ang nangyari.,Agad namang humingi ng saklolo sa pulisya ang driver at humingi rin siya ng tawad sa pamilya ng biktima dahil hindi raw niya sinasadya ang nangyari.,Agad namang humingi ng saklolo sa pulisya ang driver at humingi rin siya ng tawad sa pamilya ng biktima dahil hindi raw niya sinasadya ang nangyari.,[],{}
"Ang masaklap pa, binawian din nang buhay si nanay Francisca.","Ang masaklap pa, binawian din ng buhay si nanay Francisca.","Ang masaklap pa, binawian din nang buhay si nanay franchise.",['Francisca'],"{'Francisca': ['efrancisco', 'rancisco', 'franchise', 'franchised', 'franchises']}"
Meron namang nag joke na lahat ng ex ni Angelica Panganiban ï¿½?? John Lloyd Cruz and Derek nagiging karelasyon din ni Ellen.,Meron namang nag-joke na lahat ng ex ni Angelica Panganiban ï¿½?? John Lloyd Cruz and Derek nagiging karelasyon din ni Ellen.,Meron namang nag joke na lahat ng ex ni anemika Panganiban d¿d?? John cloud Cruz and dark nagiging karelasyon din ni celled.,"['Angelica', 'ï', '½', 'Lloyd', 'Derek', 'Ellen']","{'Angelica': ['analisa', 'anemia', 'anemika', 'anghina', 'angina'], 'ï': ['b', 'c', 'd', 'e', 'f'], '½': ['b', 'c', 'd', 'e', 'f'], 'Lloyd': ['aloy', 'blood', 'cloud', 'flood', 'llaya'], 'Derek': ['direk', 'darak', 'dark', 'deber', 'deck'], 'Ellen': ['alien', 'alyen', 'celled', 'elena', 'eleven']}"
"Sobrang mahal ko po siya, sabi sabi pa ni Ace.","Sobrang mahal ko po siya, sabi pa ni Ace.","Sobrang mahal ko po siya, sabi sabi pa ni Ace.",[],{}
Noong umpisa nila Kuya Germs at mga nag-aalaga niyang young stars sa Thats Entertainment naging crowded ang part na iyon ng Edsa.,Noong umpisa nila Kuya Germs at mga alaga niyang young stars sa Thats Entertainment naging crowded ang part na iyon ng Edsa.,Noong umpisa nila Kuya arms at mga nag-aalaga niyang young stars sa Thats Entertainment naging crowded ang part na iyon ng ada.,"['Germs', 'Edsa']","{'Germs': ['gers', 'terms', 'arms', 'cers', 'derma'], 'Edsa': ['etsa', 'aasa', 'ada', 'ads', 'adya']}"
"Sa guesting ni Herlene sa isang episode ng ï¿½??Mars Pa Moreï¿½?ï¿½, game na game siyang sumabak sa ï¿½??On The Spot: First Impressionsï¿½?ï¿½ segment kung saan kailangan niyang sagutin ang tanong na, Nasira ang ilusyon ko tungkol sa artistang si ____ ng makilala ko siya sa personal dahil _____.","Sa guesting ni Herlene sa isang episode ng ï¿½??Mars Pa Moreï¿½?ï¿½, game na game siyang sumabak sa ï¿½??On The Spot: First Impressionsï¿½?ï¿½ segment kung saan kailangan niyang sagutin ang tanong na, Nasira ang ilusyon ko tungkol sa artistang si ____ nang makilala ko siya sa personal dahil _____.","Sa getting ni airline sa isang episode ng d¿d??mags Pa core¿d?d¿d, game na game siyang sumabak sa d¿d??On The Spot: First expression¿d?d¿d segment kung saan kailangan niyang sagutin ang tanong na, Nasira ang ilusyon ko tungkol sa artistang si aako ng makilala ko siya sa personal dahil aabat.","['guesting', 'Herlene', 'ï', '½', 'Mars', 'Moreï', '½', 'ï', '½', 'ï', '½', 'Impressionsï', '½', 'ï', '½', '____', '_____']","{'guesting': ['guessing', 'busting', 'getting', 'ghosting', 'greeting'], 'Herlene': ['helen', 'heleng', 'airline', 'berdeng', 'berlin'], 'ï': ['b', 'c', 'd', 'e', 'f'], '½': ['b', 'c', 'd', 'e', 'f'], 'Mars': ['bars', 'cars', 'mags', 'mais', 'maks'], 'Moreï': ['more', 'amores', 'core', 'forex', 'korea'], 'Impressionsï': ['impression', 'depression', 'expression', 'impresibong', 'impressive'], '____': ['aaba', 'aag', 'aako', 'aal', 'aala'], '_____': ['aaari', 'aaba', 'aabat', 'aabay', 'aabla']}"
"Pero napansin rin namin, bakit wala siya sa artcard ng I Left My Heart in Sorsogon sa Facebook page ng GMA Worldwide.","Pero napansin din namin, bakit wala siya sa artcard ng I Left My Heart in Sorsogon sa Facebook page ng GMA Worldwide.","Pero napansin din namin, bakit wala siya sa accord ng I Left My Heart in aborsiyon sa Facebook page ng gia Worldwide.","['artcard', 'Sorsogon', 'GMA']","{'artcard': ['aatsara', 'aaward', 'accord', 'altar', 'araro'], 'Sorsogon': ['monsoon', 'porsyon', 'aborsiyon', 'aborsyon', 'arson'], 'GMA': ['ama', 'ga', 'gia', 'goma', 'gra']}"
"Ayon sa mga pulis, nakapagmaneho pa ang ang biktima papuntang ospital, pero nadisgasya umano ito.","Ayon sa mga pulis, nakapagmaneho pa ang biktima papuntang ospital, pero nadisgasya umano ito.","Ayon sa mga pulis, nakakamangha pa ang ang biktima papuntang ospital, pero nadismaya umano ito.","['nakapagmaneho', 'narisgasya']","{'nakapagmaneho': ['nagmamaneho', 'nagmaneho', 'nakakamangha', 'nakakapareho', 'nakapagbago'], 'narisgasya': ['nadisgrasya', 'madisgrasya', 'nadismaya', 'naigaya', 'naiigaya']}"
"Arjo, kahit noong bata pa yan pag may kagugusto yan, inaabot niya at pinanindigan niya at pag nakuha na niya, pinagbubutihan niya lagi.","Arjo, kahit noong bata pa yan pag may gusto yan, inaabot niya at pinanindigan niya at pag nakuha na niya, pinagbubutihan niya lagi.","aalo, kahit noong bata pa yan pag may gumugusto yan, inaabot niya at pinanindigan niya at pag nakuha na niya, pagbubutihin niya lagi.","['Arjo', 'kagugusto', 'pinagbubutihan']","{'Arjo': ['arko', 'aako', 'aalo', 'aamo', 'aano'], 'kagugusto': ['gugusto', 'ginugusto', 'gumugusto', 'gumusto', 'ikagugulo'], 'pinagbubutihan': ['pagbubutihan', 'pinagbubuntuhan', 'pagbubutihin', 'pinagbabasihan', 'pinagbibilihan']}"
Nabatid na bukod sa sabay na magtatapos ay naging magkaklase pa ang mag-ina.,Nabatid na bukod sa sabay na nagtapos ay naging magkaklase pa ang mag-ina.,Nabatid na bukod sa sabay na magtatapos ay naging magkaklase pa ang mag-ina.,[],{}
"Then yung pangapat na, siya yung nadele kasi kasi nga namatayan na siya ng makina, kuwento niya.","Then yung pang-apat na, siya yung nadele kasi kasi nga namatayan na siya ng makina, kuwento niya.","Then yung manapat na, siya yung marble kasi kasi nga namatayan na siya ng makina, kuwento niya.","['pangapat', 'narele']","{'pangapat': ['panlapat', 'pantapat', 'manapat', 'mangagat', 'mangalat'], 'narele': ['barel', 'karete', 'marble', 'nadale', 'naghele']}"
Kadalasan ay kagagaling ang mga ganung kuwento sa mga dating driver at alalay ng mga artista.,Kadalasan ay nanggagaling ang mga ganung kuwento sa mga dating driver at alalay ng mga artista.,karahasan ay kagagaling ang mga ganung kuwento sa mga dating driver at alalay ng mga artista.,['Karalasan'],"{'Karalasan': ['kadalasan', 'kamalasan', 'karahasan', 'karanasan', 'katalasan']}"
"Wow, sign na nga ba ang yellow gown ni Rabiya Mateo sa long gown competition ng Miss Universe 2020 na siya na ang sinusundan na makakapag-uwi ng korona after Pia Wurtzbach and Catriona Gray?","Wow, sign na nga ba ang yellow gown ni Rabiya Mateo sa long gown competition ng Miss Universe 2020 na siya na ang susunod na makakapag-uwi ng korona after Pia Wurtzbach and Catriona Gray?","Wow, sign na nga ba ang yellow gown ni bariya mate sa long gown competition ng Miss universal aag na siya na ang sinusundan na makakapag-uwi ng korona after Pia attach and patrona Gray?","['Rabiya', 'Mateo', 'Universe', '2020', 'Wurtzbach', 'Catriona']","{'Rabiya': ['kabiya', 'aniya', 'bariya', 'biya', 'gabya'], 'Mateo': ['ateo', 'matao', 'mate', 'mater', 'mates'], 'Universe': ['diverse', 'univeral', 'universal', 'adverse', 'divers'], '2020': ['p25', 'aaba', 'aag', 'aako', 'aal'], 'Wurtzbach': ['kutbah', 'outreach', 'attach', 'breach', 'buntabay'], 'Catriona': ['matrona', 'patriota', 'patrona', 'arina', 'carbon']}"
Tatanggap rin ang St.,Tatanggap din ang St.,Tatanggap din ang St.,[],{}
Ang Doktor Para sa Bayan Act ay may layuning makapagbigay ng libreng edukasyon kaugnay sa medikal na pag aaral sa mga ï¿½??poor but deservingï¿½?ï¿½ na mga mag-aaral.,Ang Doktor Para sa Bayan Act ay may layuning makapagbigay ng libreng edukasyon kaugnay sa medikal na pag-aaral sa mga ï¿½??poor but deservingï¿½?ï¿½ na mga mag-aaral.,Ang Doktor Para sa Bayan Act ay may layuning makapagbigay ng libreng edukasyon kaugnay sa medikal na pag aaral sa mga d¿d??poor but serving¿d?d¿d na mga mag-aaral.,"['ï', '½', 'deservingï', '½', 'ï', '½']","{'ï': ['b', 'c', 'd', 'e', 'f'], '½': ['b', 'c', 'd', 'e', 'f'], 'deservingï': ['deserving', 'observing', 'serving', 'degring', 'departing']}"
"Bukod pa rito, pinalakpakan rin nila ang ""swabeng"" presidential election sa Pilipinas, kahit na libu-libong vote counting machines at pumalya, ilang shaded ballots ang nakunang pinupunit ng mga pulis at ilang election-related killings ang naitala simula noong ika-9 ng Mayo.","Bukod pa rito, pinalakpakan din nila ang ""swabeng"" presidential election sa Pilipinas, kahit na libu-libong vote counting machines at pumalya, ilang shaded ballots ang nakunang pinupunit ng mga pulis at ilang election-related killings ang naitala simula noong ika-9 ng Mayo.","Bukod pa rito, pinalakpakan din nila ang ""swabeng"" presidential election sa Pilipinas, kahit na libu-libong vote counting machines at pumalya, ilang shaded ballots ang nakunang pinupunit ng mga pulis at ilang election-related killings ang naitala simula noong ika-d ng Mayo.",['9'],"{'9': ['b', 'c', 'd', 'e', 'f']}"
Nabetipikahan siya noong 1985 ng mapagaling niya ang isang carmelite priest sa karamdaman nito.,Nabetipikahan siya noong 1985 nang mapagaling niya ang isang carmelite priest sa karamdaman nito.,maratipikahan siya noong aaba ng mapagaling niya ang isang satelite priest sa karamdaman nito.,"['Nabetipikahan', '1985', 'carmelite']","{'Nabetipikahan': ['naratipikahan', 'nasertipikahan', 'maratipikahan', 'naratipikihan', 'niratipikahan'], '1985': ['p25', 'p75', 'aaba', 'aag', 'aako'], 'carmelite': ['armalite', 'caramelized', 'satelite', 'almete', 'appelate']}"
Ilan sa mga krimeng isinasali noon ni Lacson sa kanyang mga panukala nagbalik sa bitay ang mga guilty sa pandarambong (plunder) at ibat ibang karumal-dumal (heinous) na krimen.,Ilan sa mga krimeng isinasali noon ni Lacson sa kanyang mga panukala nagbabalik sa bitay ang mga guilty sa pandarambong (plunder) at ibat ibang karumal-dumal (heinous) na krimen.,Ilan sa mga krimeng isinasali noon ni ason sa kanyang mga panukala nagbalik sa bitay ang mga guilty sa pandarambong (plunder) at ibat ibang karumal-dumal (heinous) na krimen.,['Lacson'],"{'Lacson': ['lason', 'arson', 'ason', 'kalson', 'labon']}"
Kinumpirma rin Pharmally regulatory affairs head Krizle Mago sa Senado ang pahayag pahayag ng testigo subalit binawi sa pagdinig ng Kamara noong Oktubre 4.,Kinumpirma rin Pharmally regulatory affairs head Krizle Mago sa Senado ang pahayag ng testigo subalit binawi sa pagdinig ng Kamara noong Oktubre 4.,Kinumpirma rin Pharmally regulatory affairs head rigle Mago sa Senado ang pahayag pahayag ng testigo subalit binawi sa pagdinig ng Kamara noong Oktubre d.,"['Krizle', '4']","{'Krizle': ['prize', 'rifle', 'rigle', 'rile', 'riple'], '4': ['b', 'c', 'd', 'e', 'f']}"
"Isang magpinsan ang nasawi kabilang ang 14-anyos na estudyante nang masalpok ng trak matapos sumemplang sa sinasakyang sinasakyang motorsiklo sa kahabaan ng Tanza-Trece Martires Road, Barangay Punta 1, Tanza, Cavite.","Isang magpinsan ang nasawi kabilang ang 14-anyos na estudyante nang masalpok ng trak matapos sumemplang sa sinasakyang motorsiklo sa kahabaan ng Tanza-Trece Martires Road, Barangay Punta 1, Tanza, Cavite.","Isang magpinsan ang nasawi kabilang ang ag-anyos na estudyante nang masalpok ng trak matapos sumemplang sa sinasakyang sinasakyang motorsiklo sa kahabaan ng aanga-Trece margines Road, Barangay Punta d, aanga, Cavite.","['14', 'Tanza', 'Martires', '1', 'Tanza']","{'14': ['ab', 'ad', 'ag', 'ah', 'ak'], 'Tanza': ['tanda', 'tanga', 'aanga', 'aanta', 'anga'], 'Martires': ['martines', 'maitines', 'margines', 'marines', 'marites'], '1': ['b', 'c', 'd', 'e', 'f']}"
"Sa San Carlos City, Pangasinan, nahuli-cam naman ang dalawang bata sa gilid nang kalsada.","Sa San Carlos City, Pangasinan, nahuli-cam naman ang dalawang bata sa gilid ng kalsada.","Sa San cables City, pangasiwaan, nahuli-cam naman ang dalawang bata sa gilid nang kalsada.","['Carlos', 'Pangasinan']","{'Carlos': ['cargos', 'arkos', 'cables', 'calls', 'carats'], 'Pangasinan': ['pangalanan', 'panganiban', 'pangasiwaan', 'pangatihan', 'pangilinan']}"
Nauna nang nagsara ang Honda at Nissan nang kanilang planta sa bansa.,Nauna nang nagsara ang Honda at Nissan ng kanilang planta sa bansa.,Nauna nang nagsara ang ronda at iibsan nang kanilang planta sa bansa.,"['Honda', 'Nissan']","{'Honda': ['handa', 'onda', 'ronda', 'sonda', 'banda'], 'Nissan': ['hisuan', 'ibsan', 'iibsan', 'inibsan', 'isan']}"
Balita na kaya raw madaling pinakita ang isang sexy star na pinag-uusapang nanganak ay dahil kaagad na pinaaayos ang katawan.,Balita na kaya raw madaling nagpakita ang isang sexy star na pinag-uusapang nanganak ay dahil kaagad na pinaaayos ang katawan.,Balita na kaya raw maraling pinakita ang isang sexy star na pinag-uusapang nanganak ay dahil kaagad na inaayos ang katawan.,['pinaaayos'],"{'pinaaayos': ['pinaaagos', 'pinapaayos', 'inaayos', 'iniaayos', 'ipinaayos']}"
Csid lyric video pa pa lang ang lumalabas kaya mas lalong kaabang-abang ang full-length Christmas Station ID ngayong taon na mapapanood na rin daw soon!,Csid lyric video pa lang ang lumalabas kaya mas lalong kaabang-abang ang full-length Christmas Station ID ngayong taon na mapapanood na rin daw soon!,aid lirip video pa pa lang ang lumalabas kaya mas lalong kaabang-abang ang full-length Christmas Station ID ngayong taon na mapapanood na rin daw soon!,"['Csid', 'lyric']","{'Csid': ['asid', 'acid', 'aid', 'amid', 'apid'], 'lyric': ['lyrics', 'laris', 'lirip', 'lirit', 'lurit']}"
"Kuwento pa ni Mommy Tess, si Mark mismo ang humiling na ibili siya nang mga gamit sa pagguhit.","Kuwento pa ni Mommy Tess, si Mark mismo ang humiling na ibili siya ng mga gamit sa pagguhit.","Kuwento pa ni Mommy tens, si Mark mismo ang humiling na ibili siya nang mga gamit sa nagguhit.","['Tess', 'pagguhit']","{'Tess': ['less', 'mess', 'tens', 'ters', 'tes'], 'pagguhit': ['ipagguhit', 'magguhit', 'nagguhit', 'paggupit', 'pagkuhit']}"
"Kung gumawa nila iyan ngayon, sapul na sapul nila ang target.","Kung gagawin nila iyan ngayon, sapul na sapul nila ang target.","Kung gumawa nila iyan ngayon, sapul na sapul nila ang target.",[],{}
Nitong Martes ay pinataasan ni Duterte ang ayuda para sa mahihirap na pamilya na mula sa P200 ay ginawang P500 nagbibilang tulong sa patuloy na pagtaas ng presyo ng langis.,Nitong Martes ay pinataasan ni Duterte ang ayuda para sa mahihirap na pamilya na mula sa P200 ay ginawang P500 bilang tulong sa patuloy na pagtaas ng presyo ng langis.,Nitong Martes ay pinatasan ni suwerte ang ayuda para sa mahihirap na pamilya na mula sa p3 ay ginawang p25 nagbibilang tulong sa patuloy na pagtaas ng presyo ng langis.,"['pinataasan', 'Duterte', 'P200', 'P500']","{'pinataasan': ['pinagtaasan', 'pinataanan', 'pinatasan', 'tinataasan', 'ginatasan'], 'Duterte': ['butete', 'puwerte', 'suwerte', 'terte', 'bunete'], 'P200': ['p25', 'p', 'p3', 'p57', 'p75'], 'P500': ['p57', 'p', 'p25', 'p3', 'p75']}"
Maagang-maaga Miyerkoles ay lumipad na siya sakay ang kanyang chopper.,Maagang-maaga nung Miyerkoles ay lumipad na siya sakay ang kanyang chopper.,Maagang-maaga mirekules ay lumipad na siya sakay ang kanyang chopper.,['Miyerkoles'],"{'Miyerkoles': ['miyerkules', 'Miyerkules', 'mirekules', 'biyernes', 'Biyernes']}"
Naniniwala si Padilla na humindi na ganun kahalaga ang pagtutok sa number of infections.,Naniniwala si Padilla na hindi na ganun kahalaga ang pagtutok sa number of infections.,Naniniwala si barilya na tumindi na ganun kahalaga ang pagtutok sa number of infections.,"['Parilla', 'humindi']","{'Parilla': ['parilya', 'barill', 'barilya', 'kabilla', 'pabigla'], 'humindi': ['humingi', 'sumindi', 'tumindi', 'hindi', 'humanda']}"
Ang ibinansot ng gross domestic product (GDP) ng bansa nitong 2020 dahil na din sa tama ng mahahabang COVID-19 lockdowns at serye ng mga sakuna.,Ang ibinansot ng gross domestic product (GDP) ng bansa nitong 2020 dahil na rin sa tama ng mahahabang COVID-19 lockdowns at serye ng mga sakuna.,Ang ibinansot ng gross domestic product (ad) ng bansa nitong aag dahil na rin sa tama ng mahahabang COVID-ag lockdowns at serye ng mga sakuna.,"['GDP', '2020', '19']","{'GDP': ['gap', 'pdp', 'ad', 'ada', 'add'], '2020': ['p25', 'aaba', 'aag', 'aako', 'aal'], '19': ['ab', 'ad', 'ag', 'ah', 'ak']}"
Isang matinding irap ang ibinibigay ng isang gay male personality sa isang baguhang male star-model na gay rin naman.,Isang matinding irap ang ibinigay ng isang gay male personality sa isang baguhang male star-model na gay rin naman.,Isang matinding irap ang ibinibigay ng isang gay male personality sa isang baguhang male star-model na gay rin naman.,[],{}
Pinakamalaki naman ay ang SARO no.,Ang pinakamalaki naman ay ang SARO no.,Pinakamalaki naman ay ang SARO no.,[],{}
Nadiskubre lang ang krimen nang may kamag-anak na nagtungo sa bahay ng mga biktima at makita ang m ga bangkay.,Nadiskubre lang ang krimen nang may kamag-anak na nagtungo sa bahay ng mga biktima at makita ang mga bangkay.,nadeskubre lang ang krimen nang may kamag-anak na nagtungo sa bahay ng mga biktima at makita ang m ga bangkay.,['Nariskubre'],"{'Nariskubre': ['nadiskubre', 'madiskubre', 'nadeskubre', 'nadikubre', 'nadiskubri']}"
Tinutugis na ng mga pulis ang gun man na nakilala lamang sa Nonoy Irenea.,Tinutugis na ng mga pulis ang gunman na nakilala lamang sa Nonoy Irenea.,Tinutugis na ng mga pulis ang gun man na nakilala lamang sa banoy ireng.,"['Nonoy', 'Irenea']","{'Nonoy': ['nooy', 'tonoy', 'banoy', 'boboy', 'bono'], 'Irenea': ['arena', 'ibenta', 'ireng', 'ireseta', 'prenda']}"
"Ang sabi ni co ach, priority niya ang Gilas.","Ang sabi ni coach, priority niya ang Gilas.","Ang sabi ni co act, priority niya ang Gilas.",['ach'],"{'ach': ['ace', 'ache', 'act', 'ah', 'arch']}"
"Sabi ko sayo, dati silang wala sa binubuhay ko, banggit niya ngayong araw.","Sabi ko sayo, dati silang wala sa buhay ko, banggit niya ngayong araw.","Sabi ko sayo, dati silang wala sa binubuhay ko, banggit niya ngayong araw.",[],{}
"Trias CITY, Cavite, Philippines ï¿½?? Idineklarang dead on arrival ang isang lalaki na kandidatong bise alkalde sa isang bayan ng lalawigang ito ito matapos na pagbabarilin ng kapitbahay na kainumansa isang bahay nito sa Lavanya Subdivision, Brgy.","TRIAS CITY, Cavite, Philippines ï¿½?? Idineklarang dead on arrival ang isang lalaki na kandidatong bise alkalde sa isang bayan ng lalawigang ito matapos na pagbabarilin ng kapitbahay na kainumansa isang bahay nito sa Lavanya Subdivision, Brgy.","trips CITY, Cavite, Philippines d¿d?? idinekalarang dead on arrival ang isang lalaki na kandidatong bise alkalde sa isang bayan ng lalawigang ito ito matapos na pagbabarilin ng kapitbahay na kainaman isang bahay nito sa kabanya Subdivision, Brgy.","['Trias', 'ï', '½', 'Irineklarang', 'kainumansa', 'Lavanya']","{'Trias': ['trial', 'trials', 'trips', 'alias', 'aras'], 'ï': ['b', 'c', 'd', 'e', 'f'], '½': ['b', 'c', 'd', 'e', 'f'], 'Irineklarang': ['idineklarang', 'ideneklarang', 'idinekalarang', 'idineklamang', 'idineklaranng'], 'kainumansa': ['kainuman', 'kainumang', 'kainaman', 'kainamang', 'kaninuman'], 'Lavanya': ['aranya', 'balanya', 'kabanya', 'lalanta', 'lalaya']}"
"Sakop din ng EO ang mga gamot na ginagamit laban sa glaucoma, anti-hypercholesterma, antihypertensive, anti-neoplastic, anti-cancer, an tiparkinsons, psoriasis, iron chelating agents at iba pa.","Sakop din ng EO ang mga gamot na ginagamit laban sa glaucoma, anti-hypercholesterma, antihypertensive, anti-neoplastic, anti-cancer, antiparkinsons, psoriasis, iron chelating agents at iba pa.","Sakop din ng co ang mga gamot na ginagamit laban sa glaucoma, anti-aapholster, antihypertensive, anti-neoplastic, anti-cancer, an iparepasong, psoriasis, iron chelating agents at iba pa.","['EO', 'hypercholesterma', 'tiparkinsons']","{'EO': ['ao', 'bo', 'co', 'deo', 'do'], 'hypercholesterma': ['hypercholesterolemia', 'cholesterol', 'aapholster', 'apholster', 'orchestra'], 'tiparkinsons': ['antiparkinsons', 'ipakiskis', 'iparepasong', 'iprinesong', 'kinarinyong']}"
"Hindi pa din naitatala ang kinatatakutang COVID-19 sa lahat ng mga estudyanteng lumalahok sa pilot implementation ng harapang mga klase sa pagpapatuloy ng pandemya, ayon sa Department of Education.","Hindi pa rin naitatala ang kinatatakutang COVID-19 sa lahat ng mga estudyanteng lumalahok sa pilot implementation ng harapang mga klase sa pagpapatuloy ng pandemya, ayon sa Department of Education.","Hindi pa rin naitatala ang kinatatakutang COVID-ag sa lahat ng mga estudyanteng lumalahok sa pilot implementation ng harapang mga klase sa pagpapatuloy ng pandemya, ayon sa Department of Education.",['19'],"{'19': ['ab', 'ad', 'ag', 'ah', 'ak']}"
"Binubuo ang Team Pilipinas ng mga mag aaral na sina Raven Foronda, Yosef Segotier, Liam Alleda na pawang nagmula sa ibat ibang branch ng Philippine Science High School, at si Chiara Tan-Gatue na mula naman sa Saint Jude Catholic School.","Binubuo ang Team Pilipinas ng mga mag-aaral na sina Raven Foronda, Yosef Segotier, Liam Alleda na pawang nagmula sa ibat ibang branch ng Philippine Science High School, at si Chiara Tan-Gatue na mula naman sa Saint Jude Catholic School.","Binubuo ang Team Pilipinas ng mga mag aaral na sina aamen korona, doses settler, liad atleta na pawang nagmula sa ibat ibang branch ng Philippine Science High School, at si chika Tan-batuk na mula naman sa aaing june Catholic School.","['Raven', 'Foronda', 'Yosef', 'Segotier', 'Liam', 'Alleda', 'Chiara', 'Gatue', 'Saint', 'Jude']","{'Raven': ['haven', 'ramen', 'aamen', 'amen', 'cavan'], 'Foronda': ['corona', 'floranda', 'korona', 'ronda', 'rotonda'], 'Yosef': ['boses', 'dose', 'doses', 'hose', 'lose'], 'Segotier': ['scooter', 'seater', 'settler', 'shooter', 'another'], 'Liam': ['lia', 'liab', 'liad', 'lian', 'liar'], 'Alleda': ['allied', 'amyeda', 'atleta', 'called', 'aakda'], 'Chiara': ['chard', 'chart', 'chika', 'china', 'hara'], 'Gatue': ['gate', 'ate', 'batuk', 'calue', 'date'], 'Saint': ['saing', 'taint', 'aaing', 'aing', 'bainat'], 'Jude': ['iude', 'judge', 'june', 'nude', 'rude']}"
"Sinimulan nang magkasintahan ang kanilang eksperimento noong Araw ng mga Puso nitong Pebrero, ayon sa ulat ng GMA News ""Unang Balita"" nitong Martes.","Sinimulan ng magkasintahan ang kanilang eksperimento noong Araw ng mga Puso nitong Pebrero, ayon sa ulat ng GMA News ""Unang Balita"" nitong Martes.","Sinimulan nang magkasintahan ang kanilang eksperimento noong Araw ng mga Puso nitong Pebrero, ayon sa ulat ng gia News ""Unang Balita"" nitong Martes.",['GMA'],"{'GMA': ['ama', 'ga', 'gia', 'goma', 'gra']}"
Aminado naman si Malaya na ang implementasyon nang ECQ ngayong Agosto ay mas maluwag kumpara noong mga nakalipas na buwan.,Aminado naman si Malaya na ang implementasyon ng ECQ ngayong Agosto ay mas maluwag kumpara noong mga nakalipas na buwan.,Aminado naman si Malaya na ang implementasyon nang ECQ ngayong Agosto ay mas maluwag kumpara noong mga nakalipas na buwan.,[],{}
"Minsan ay ay nagtapat ang isang anak-anakan naming beki, Kinausap ako ng parents ko.","Minsan ay nagtapat ang isang anak-anakan naming beki, Kinausap ako ng parents ko.","Minsan ay ay nagtapat ang isang anak-anakan naming bai, Kinausap ako ng parents ko.",['beki'],"{'beki': ['beke', 'biki', 'bai', 'baiki', 'baka']}"
"Sinusubukan pa ng GMA Regional TV Balitang Southern Tagalog na makunan ng pahayag ang drayber jeep ukol sa insidenteMel Matthew Doctor/NB, GMA Integrated News.","Sinusubukan pa ng GMA Regional TV Balitang Southern Tagalog na makunan ng pahayag ang drayber ng jeep ukol sa insidenteMel Matthew Doctor/NB, GMA Integrated News.","Sinusubukan pa ng gia Regional TV Balitang Southern Tagalog na makunan ng pahayag ang drayber jeep ukol sa insidenteng matter Doctor/fb, gia Integrated News.","['GMA', 'insidenteMel', 'Matthew', 'NB', 'GMA']","{'GMA': ['ama', 'ga', 'gia', 'goma', 'gra'], 'insidenteMel': ['insidental', 'insidente', 'insidenteng', 'incidental', 'insidene'], 'Matthew': ['matched', 'matches', 'matter', 'anthem', 'batches'], 'NB': ['ab', 'b', 'fb', 'hb', 'n']}"
"So finally, natutunan ko na baka kaya paulit-ulit nangyayari sa akin to kasi hindi ko talaga nagmahal ang sarili ko.","So finally, natutunan ko na baka kaya paulit-ulit nangyayari sa akin to kasi hindi ko talaga minamahal ang sarili ko.","So finally, natutunan ko na baka kaya paulit-ulit nangyayari sa akin to kasi hindi ko talaga nagmahal ang sarili ko.",[],{}
"Iniulat din ni Abalos na ang growth rate ng COVID-19 sa NCR ay unti-unti nang bumababa sa 31, at ang reproduction rate ay bumagsak na din mula sa 1.9.","Iniulat din ni Abalos na ang growth rate ng COVID-19 sa NCR ay unti-unti nang bumababa sa 31, at ang reproduction rate ay bumagsak na rin mula sa 1.9.","Iniulat din ni Abalos na ang growth rate ng COVID-ag sa NCR ay unti-unti nang bumababa sa ag, at ang reproduction rate ay bumagsak na rin mula sa d.d.","['19', '31', '1', '9']","{'19': ['ab', 'ad', 'ag', 'ah', 'ak'], '31': ['ab', 'ad', 'ag', 'ah', 'ak'], '1': ['b', 'c', 'd', 'e', 'f'], '9': ['b', 'c', 'd', 'e', 'f']}"
"Maliban dito, may feeding program rin sa ibat ibang lugar sa Quezon City, Caloocan, Las Pinas, Maynila, Muntinlupa, Malabon, Pasay, Valenzuela, Taguig, Para?ï¿½aque, Makati at Navotas.","Maliban dito, may feeding program din sa ibat ibang lugar sa Quezon City, Caloocan, Las Pinas, Maynila, Muntinlupa, Malabon, Pasay, Valenzuela, Taguig, Para?ï¿½aque, Makati at Navotas.","Maliban dito, may feeding program din sa ibat ibang lugar sa Quezon City, kalokohan, gas Pinas, Maynila, manlilipa, Malabon, panay, aabentura, Taguig, Para?d¿daue, Makati at namitas.","['Caloocan', 'Las', 'Muntinlupa', 'Pasay', 'Valenzuela', 'ï', '½aque', 'Navotas']","{'Caloocan': ['kalooban', 'kalookan', 'kalokohan', 'kaloobang', 'kalookang'], 'Las': ['alas', 'as', 'gas', 'has', 'kas'], 'Muntinlupa': ['gantindusa', 'maninipa', 'manlilipa', 'mantilya', 'munisipa'], 'Pasay': ['pakay', 'palay', 'panay', 'pasa', 'pasag'], 'Valenzuela': ['sarzuela', 'telenovela', 'aabentura', 'abentura', 'abenturera'], 'ï': ['b', 'c', 'd', 'e', 'f'], '½aque': ['aqua', 'calue', 'daue', 'plaque', 'que'], 'Navotas': ['nabutas', 'nalutas', 'namitas', 'natodas', 'nauutas']}"
"Sa video na ibinahagi nang isang netizen, maririnig na nasagap ng mic na may pinagagalitan si Gordon.","Sa video na ibinahagi ng isang netizen, maririnig na nasagap ng mic na may pinagagalitan si Gordon.","Sa video na ibinahagi nang isang netizen, maririnig na nasagap ng mic na may pagagalitan si geddon.","['pinagagalitan', 'Gordon']","{'pinagagalitan': ['pinapagalitan', 'kinakagalitan', 'pagagalitan', 'pinagagalit', 'pinagalitan'], 'Gordon': ['kordon', 'garden', 'geddon', 'golden', 'guryon']}"
Madalas daw kasing may ka text ang kaniyang asawa.,Madalas daw kasing may ka-text ang kaniyang asawa.,mamalas daw kasing may ka text ang kaniyang asawa.,['Maralas'],"{'Maralas': ['madalas', 'makalas', 'mamalas', 'marahas', 'maranas']}"
"Matatandaang huli itong lumaban sa harap nang kanyang mga kababayan noong Nobyembre 7, 2019 sa Super Arena sa Saitama, Japan kung saan tinalo nito si Donaire sa finals ng World Boxing Super Series via unanimous decision.","Matatandaang huli itong lumaban sa harap ng kanyang mga kababayan noong Nobyembre 7, 2019 sa Super Arena sa Saitama, Japan kung saan tinalo nito si Donaire sa finals ng World Boxing Super Series via unanimous decision.","Matatandaang huli itong lumaban sa harap nang kanyang mga kababayan noong Nobyembre d, aako sa Super Arena sa itama, aaman kung saan tinalo nito si bonafide sa finals ng World Boxing Super Series via unanimous decision.","['7', '2019', 'Saitama', 'Japan', 'Donaire']","{'7': ['b', 'c', 'd', 'e', 'f'], '2019': ['aaba', 'aag', 'aako', 'aal', 'aala'], 'Saitama': ['maitama', 'naitama', 'itama', 'magtama', 'maisama'], 'Japan': ['apan', 'sapan', 'aaman', 'aapa', 'aapain'], 'Donaire': ['donate', 'naire', 'bonafide', 'cocaine', 'confine']}"
Ang ang huling survey ayon kay Dr.,Ang huling survey ayon kay Dr.,Ang ang huling survey ayon kay da.,['Dr'],"{'Dr': ['ar', 'd', 'da', 'de', 'der']}"
"Yong second booster shot for general population, ok yong for 60 and above pero roon sa lower ngayon may kakalabas lang ang WHO na malamang mas maganda kung hintayin natin yong formulations na kasama yong Omicron sa target dahil nagsisilabasan na yong preliminary data rito and baka mas makatulong siya sa general population na kokonti na lang yong added benefit kung binibigyan natin ng second booster, ani Salvania.","Yong second booster shot for general population, ok yong for 60 and above pero roon sa lower ngayon may kakalabas lang ang WHO na malamang mas maganda kung hintayin natin yong formulations na kasama yong Omicron sa target dahil nagsisilabasan na yong preliminary data rito and baka mas makatulong siya sa general population na kokonti na lang yong added benefit kung bibigyan natin ng second booster, ani Salvania.","Yong second booster shot for general population, ok yong for ag and above pero roon sa lower ngayon may kakalabas lang ang WHO na malamang mas maganda kung hintayin natin yong formulations na kasama yong Omicron sa target dahil nagsisitaasan na yong preliminary data rito and baka mas makatulong siya sa general population na kokonti na lang yong added benefit kung binibigyan natin ng second booster, ani aalyansa.","['60', 'nagsisilabasan', 'Salvania']","{'60': ['ab', 'ad', 'ag', 'ah', 'ak'], 'nagsisilabasan': ['magsisilabasan', 'nagsilabasan', 'nagsisitaasan', 'magsilabasan', 'nagsilabasang'], 'Salvania': ['salanga', 'salanta', 'aalyansa', 'alkansia', 'alyansa']}"
"Ayon pulisya, walang naibigay na ra son ang suspek kung bakit niya ginawa ang pananakot.","Ayon pulisya, walang naibigay na rason ang suspek kung bakit niya ginawa ang pananakot.","Ayon pulisya, walang naibigay na ra son ang suspek kung bakit niya ginawa ang pananakot.",[],{}
Nilinaw naman na hindi nila pinipigilan ang mga walang bakuna na magtrabaho dahil puwede pa din silang pumasok sa kanilang mga workplace.,Nilinaw naman na hindi nila pinipigilan ang mga walang bakuna na magtrabaho dahil puwede pa rin silang pumasok sa kanilang mga workplace.,Nilinaw naman na hindi nila pinipigilan ang mga walang bakuna na magtrabaho dahil puwede pa rin silang pumasok sa kanilang mga workplace.,[],{}
"Gayunman, sinabi ni San Juan na susunod ang mga alkalde nang NCR sa magiging pasya ng IATF.","Gayunman, sinabi ni San Juan na susunod ang mga alkalde ng NCR sa magiging pasya ng IATF.","Gayunman, sinabi ni San aban na susunod ang mga alkalde nang NCR sa magiging pasya ng abf.","['Juan', 'IATF']","{'Juan': ['tuan', 'yuan', 'aban', 'agan', 'ahan'], 'IATF': ['aat', 'aato', 'abf', 'anf', 'at']}"
Yari ang insidente noong Pebrero 22 nang madalaing araw sa Barangay Apas sa Cebu City.,Nangyari ang insidente noong Pebrero 22 nang madalaing araw sa Barangay Apas sa Cebu City.,Yari ang insidente noong Pebrero ag nang aaralang araw sa Barangay alas sa Cebu City.,"['22', 'maralaing', 'Apas']","{'22': ['ab', 'ad', 'ag', 'ah', 'ak'], 'maralaing': ['maraling', 'aakalaing', 'aaralang', 'aaraling', 'akalaing'], 'Apas': ['agas', 'ahas', 'alas', 'alpas', 'amas']}"
"Pinapayuhan din ang lahat ng SWK Direktor pamamagitan ng tagapag-ugnay nito na huwag ipamigay ang mga tukoy na aklat sa ibaba upang hindi tayo managot sa RA 11479 partikular sa seksyiyon 9, Inciting to commit terrorism.","Pinapayuhan din ang lahat ng SWK Direktor sa pamamagitan ng tagapag-ugnay nito na huwag ipamigay ang mga tukoy na aklat sa ibaba upang hindi tayo managot sa RA 11479 partikular sa seksyiyon 9, Inciting to commit terrorism.","Pinapayuhan din ang lahat ng swak Direktor pamamagitan ng tagapag-ugnay nito na huwag ipamigay ang mga tukoy na aklat sa ibaba upang hindi tayo managot sa RA aaari partikular sa seksyon d, Inciting to commit terrorism.","['SWK', '11479', 'seksyiyon', '9']","{'SWK': ['sak', 'swa', 'swak', 'ak', 'asak'], '11479': ['p57', 'p75', 'aaari', 'aaba', 'aabat'], 'seksyiyon': ['seksiyon', 'leksiyon', 'seksyon', 'aaksiyon', 'aksiyon'], '9': ['b', 'c', 'd', 'e', 'f']}"
"Pag-amin pa ni Carmina, isa lang daw ang ï¿½??mistressï¿½?ï¿½ na kaya niyang tang gapin at ito ay ang motor at bicycle ng asawa.","Pag-amin pa ni Carmina, isa lang daw ang ï¿½??mistressï¿½?ï¿½ na kaya niyang tanggapin at ito ay ang motor at bicycle ng asawa.","Pag-amin pa ni arming, isa lang daw ang d¿d??distresses¿d?d¿d na kaya niyang tang gapiin at ito ay ang motor at bicycle ng asawa.","['Carmina', 'ï', '½', 'mistressï', '½', 'ï', '½', 'gapin']","{'Carmina': ['amina', 'arina', 'arming', 'carbine', 'caring'], 'ï': ['b', 'c', 'd', 'e', 'f'], '½': ['b', 'c', 'd', 'e', 'f'], 'mistressï': ['distress', 'distressed', 'distresses', 'mattress', 'stress'], 'gapin': ['gain', 'gapi', 'gapiin', 'gaping', 'gawin']}"
Nangangalakal umano ng basura si Samuel Balatong sa may ilog ng mapuna ang bangkay sa pampang.,Nangangalakal umano ng basura si Samuel Balatong sa may ilog nang mapuna ang bangkay sa pampang.,Nangangalakal umano ng basura si samal Balatong sa may ilog ng mapuna ang bangkay sa pampang.,['Samuel'],"{'Samuel': ['samuol', 'kamel', 'samal', 'sambal', 'same']}"
"Actually, breach of contract nga daw ang nangyari pero hinayaan na lang daw ng representantive ng nasabing brand.","Actually, breach of contract nga raw ang nangyari pero hinayaan na lang daw ng representantive ng nasabing brand.","Actually, breach of contract nga raw ang nangyari pero hinayaan na lang daw ng representatives ng nasabing brand.",['representantive'],"{'representantive': ['representative', 'representante', 'representatives', 'representanteng', 'representatibo']}"
"Ngunit sa katunayan, walang natatanggap na pondo ang kanilang partners na deconsolidators o local freight forwarders dito sa Pilipinas para maproseso at mailabas mula sa BOC ang nasabing mga balikbayan box, dagdag pa ng ng ahensiya.","Ngunit sa katunayan, walang natatanggap na pondo ang kanilang partners na deconsolidators o local freight forwarders dito sa Pilipinas para maproseso at mailabas mula sa BOC ang nasabing mga balikbayan box, dagdag pa ng ahensiya.","Ngunit sa katunayan, walang natatanggap na pondo ang kanilang partners na deconsolidators o local freight forwarders dito sa Pilipinas para maproseso at mailabas mula sa bog ang nasabing mga balikbayan box, dagdag pa ng ng ahensiya.",['BOC'],"{'BOC': ['bloc', 'bo', 'bog', 'bot', 'bow']}"
Sinabi ng legal counsel ng pamilya Roque na may standing arrest warrant ang suspek nang hihindian ito magpakita sa korte.,Sinabi ng legal counsel ng pamilya Roque na may standing arrest warrant ang suspek nang hindi ito magpakita sa korte.,Sinabi ng legal counsel ng pamilya Roque na may standing arrest warrant ang suspek nang hihinawan ito magpakita sa korte.,['hihindian'],"{'hihindian': ['hihingian', 'hihinaan', 'hihinawan', 'hihinayan', 'hihingan']}"
Itinanggi kahapon ni Davao City Mayor Sara Duterte na may kinalaman siya sa isang video ng tatlong inilalaki sa Davao International Airport nakumakalat sa social media hinggil sa paggamit ng eroplano sa pamumudmod ng kanyang mga campaign materials para sa May 2022 national elections.,Itinanggi kahapon ni Davao City Mayor Sara Duterte na may kinalaman siya sa isang video ng tatlong lalaki sa Davao International Airport nakumakalat sa social media hinggil sa paggamit ng eroplano sa pamumudmod ng kanyang mga campaign materials para sa May 2022 national elections.,Itinanggi kahapon ni daan City Mayor Sara suwerte na may kinalaman siya sa isang video ng tatlong inilalaki sa daan International Airport kumakagat sa social media hinggil sa paggamit ng eroplano sa pamumudmod ng kanyang mga campaign materials para sa May aag national elections.,"['Davao', 'Duterte', 'Davao', 'nakumakalat', '2022']","{'Davao': ['avai', 'cavan', 'daan', 'dabaw', 'dadag'], 'Duterte': ['butete', 'puwerte', 'suwerte', 'terte', 'bunete'], 'nakumakalat': ['kumakalat', 'nakakalat', 'kumakagat', 'kumakala', 'kumakalag'], '2022': ['p25', 'aaba', 'aag', 'aako', 'aal']}"
"Sa kabila ng kanyang reserbasyon, tiniyak naman ni Zubiri na sunod sa legislative process at payagang mapagdebatehan ang isyu sa Senado.","Sa kabila ng kanyang reserbasyon, tiniyak naman ni Zubiri na susunod sa legislative process at payagang mapagdebatehan ang isyu sa Senado.","Sa kabila ng kanyang reserbasyon, tiniyak naman ni kumiri na sunod sa legislative process at payagang pagdebatihan ang isyu sa Senado.","['Zubiri', 'mapagdebatehan']","{'Zubiri': ['biri', 'gumiri', 'kumiri', 'kuriri', 'lubirin'], 'mapagdebatehan': ['mapagdebatihan', 'pagdebatehan', 'pagdebatihan', 'mapagbabatayan', 'mapagbatayan']}"
Sabi ko after nito tumutugtog na lang ako sa barko.,Sabi ko after nito tutugtog na lang ako sa barko.,Sabi ko after nito tumutugtog na lang ako sa barko.,[],{}
"Nabigyan rin naman ng pagkakataon na maging bida si Dindo sa dokumentaryong ï¿½??Sakay,ï¿½?ï¿½ na kuwento ng buhay ng bayaning si Macario Sakay.--FRJ.","Nabigyan din naman ng pagkakataon na maging bida si Dindo sa dokumentaryong ï¿½??Sakay,ï¿½?ï¿½ na kuwento ng buhay ng bayaning si Macario Sakay.--FRJ.","Nabigyan din naman ng pagkakataon na maging bida si bingo sa dokumentaryong d¿d??Sakay,d¿d?d¿d na kuwento ng buhay ng bayaning si mabaril Sakay.--ari.","['Dindo', 'ï', '½', 'ï', '½', 'ï', '½', 'Macario', 'FRJ']","{'Dindo': ['lindo', 'bando', 'bingo', 'bino', 'binuo'], 'ï': ['b', 'c', 'd', 'e', 'f'], '½': ['b', 'c', 'd', 'e', 'f'], 'Macario': ['maaari', 'maari', 'mabaril', 'macro', 'magarao'], 'FRJ': ['ar', 'are', 'ari', 'arm', 'art']}"
"Pinuna ni Salceda na siyang House Ways and Means Committee chairman at may akda ng DDR Act, na gaya ng ginawa ni Odette, wala ng lugar sa bansa ang masasabing ligtas sa malalakas na bagyo dahil nagbago na nga ang klima kaya dapat na ring baguhin ang pamamaraan ng pagtugon sa mapaminsalang mga kaganapan.","Pinuna ni Salceda na siyang House Ways and Means Committee chairman at may-akda ng DDR Act, na gaya ng ginawa ni Odette, wala ng lugar sa bansa ang masasabing ligtas sa malalakas na bagyo dahil nagbago na nga ang klima kaya dapat na ring baguhin ang pamamaraan ng pagtugon sa mapaminsalang mga kaganapan.","Pinuna ni amyeda na siyang House Ways and Means Committee chairman at may akda ng dor Act, na gaya ng ginawa ni Odette, wala ng lugar sa bansa ang masasabing ligtas sa malalakas na bagyo dahil nagbago na nga ang klima kaya dapat na ring baguhin ang pamamaraan ng pagtugon sa mapaminsalang mga kaganapan.","['Salceda', 'DDR']","{'Salceda': ['salida', 'salted', 'amyeda', 'balada', 'balda'], 'DDR': ['der', 'dir', 'dor', 'ad', 'ada']}"
"Pagalala ng aming source, Idinemanda kasi ng isang girl ang male personality, matindi ang mga kasong isinampa laban sa kanya, kaya wala siyang choice kundi ang umalis na lang!","Pag-alala ng aming source, Idinemanda kasi ng isang girl ang male personality, matindi ang mga kasong isinampa laban sa kanya, kaya wala siyang choice kundi ang umalis na lang!","pagalaala ng aming source, idemanda kasi ng isang girl ang male personality, matindi ang mga kasong isinampa laban sa kanya, kaya wala siyang choice kundi ang umalis na lang!","['Pagalala', 'Irinemanda']","{'Pagalala': ['paaalala', 'paalala', 'pagalaala', 'paglala', 'aalala'], 'Irinemanda': ['idinemanda', 'idedemanda', 'idemanda', 'idinedemanda', 'idinemandang']}"
Hinikayat din ng LTO ang mga bus companies na tiyakin munang road worthy ang mga sakay bago umarangkada sa pamamasada ang kanilang sasakyan para sa ligtas na paghahatid ng mga pasahero sa kanilang destinasyon.,Hinikayat din ng LTO ang mga bus companies na tiyakin munang road worthy ang mga sasakyan bago umarangkada sa pamamasada ang kanilang sasakyan para sa ligtas na paghahatid ng mga pasahero sa kanilang destinasyon.,Hinikayat din ng ito ang mga bus companies na tiyakin munang road worthy ang mga sakay bago umarangkada sa pamamasada ang kanilang sasakyan para sa ligtas na paghahatid ng mga pasahero sa kanilang destinasyon.,['LTO'],"{'LTO': ['ato', 'eto', 'ito', 'lao', 'lato']}"
Mahirap rin aniyang humarap mismo ang Pangulo dahil lahat ng sasabihin nito ay makakaapekto sa polisiya ng gobyerno.,Mahirap din aniyang humarap mismo ang Pangulo dahil lahat ng sasabihin nito ay makakaapekto sa polisiya ng gobyerno.,Mahirap din aniyang humarap mismo ang Pangulo dahil lahat ng sasabihin nito ay makakaapekto sa polisiya ng gobyerno.,[],{}
Ang Department of Tourism (DOT) ang nagpanukala na tanggalin na ang OHP upang mas maging maginhawa ang paguwi sa bansa ng mga Pilipino.,Ang Department of Tourism (DOT) ang nagpanukala na tanggalin na ang OHP upang mas maging maginhawa ang pag-uwi sa bansa ng mga Pilipino.,Ang Department of Tourism (dog) ang nagpanukala na tanggalin na ang op upang mas maging maginhawa ang gagawi sa bansa ng mga Pilipino.,"['DOT', 'OHP', 'paguwi']","{'DOT': ['bot', 'do', 'dog', 'doh', 'doj'], 'OHP': ['oh', 'ohm', 'op', 'ah', 'ap'], 'paguwi': ['pagwi', 'pauwi', 'gagawi', 'kauuwi', 'magawi']}"
Nauna ng sinabi ni Direk Mark Reyes na katumbas ng apat na basketball court ang lawak ng Camp Big Falcon.,Nauna nang sinabi ni Direk Mark Reyes na katumbas ng apat na basketball court ang lawak ng Camp Big Falcon.,Nauna ng sinabi ni Direk Mark ayes na katumbas ng apat na basketball court ang lawak ng Camp Big balbon.,"['Reyes', 'Falcon']","{'Reyes': ['eyes', 'aretes', 'ayes', 'beses', 'diyes'], 'Falcon': ['aalon', 'alon', 'balbon', 'balcony', 'balicon']}"
"Napakamainitin kuno ng ulo ng ma le personality, isang napakaliit na bagay lang kapag nabulilyaso, siguradong magtutulak na sa kanya para magwarla.","Napakamainitin kuno ng ulo ng male personality, isang napakaliit na bagay lang kapag nabulilyaso, siguradong magtutulak na sa kanya para magwarla.","napakamahilig kuno ng ulo ng ma le personality, isang napakaliit na bagay lang kapag nabulilyaso, siguradong magtutulak na sa kanya para magbala.","['Napakamainitin', 'magwarla']","{'Napakamainitin': ['nagkakainitan', 'napakainit', 'napakamahilig', 'magkakainitan', 'nagkainitan'], 'magwarla': ['magwala', 'magara', 'magbala', 'magbara', 'magbarya']}"
"Noong bata pa kami, maraming pelikula ni Susan ang napanood na min, na karaniwang inilalabas sa Life Theater sa Quiapo.","Noong bata pa kami, maraming pelikula ni Susan ang napanood namin, na karaniwang inilalabas sa Life Theater sa Quiapo.","Noong bata pa kami, maraming pelikula ni suson ang napanood na din, na karaniwang inilalabas sa Life Theater sa guwapo.","['Susan', 'min', 'Quiapo']","{'Susan': ['suman', 'susian', 'suson', 'susun', 'tusan'], 'min': ['amin', 'bin', 'din', 'gin', 'hin'], 'Quiapo': ['quiao', 'dumapo', 'guwapo', 'kulapo', 'kuyapo']}"
"Ang sabi ko sa kaniya: ""Ano ba ang nagustuhan mo riyan, ang laki ng mata, bungi pa, tapos ang payat.""","Ang sabi ko sa kaniya: ""Ano ba ang nagugustuhan mo riyan, ang laki ng mata, bungi pa, tapos ang payat.""","Ang sabi ko sa kaniya: ""Ano ba ang nagustuhan mo riyan, ang laki ng mata, bungi pa, tapos ang payat.""",[],{}
"Sabi nga ni Lovi, sobra niyang na-appreciate ang decision na yon nang Kapamilya big bosses.","Sabi nga ni Lovi, sobra niyang na-appreciate ang decision na yon ng Kapamilya big bosses.","Sabi nga ni boli, sobra niyang na-appreciate ang decision na yon nang Kapamilya big bases.","['Lovi', 'bosses']","{'Lovi': ['love', 'lodi', 'boli', 'coli', 'cove'], 'bosses': ['boses', 'losses', 'bases', 'beses', 'bodies']}"
"That day, hindi na raw nila ito pinabalik sa set para makapagpahinga na-pero the next day, nag-shooting na naman ang aktor.","That day, hindi na raw nila ito pinabalik sa set para makapagpahinga na pero the next day, nag-shooting na naman ang aktor.","That day, hindi na raw nila ito pinabalik sa set para makapagpahinga na-pero the next day, nag-shooting na naman ang aktor.",[],{}
Binigyang-diin ni Pangulong Duterte sa kanilang naging pag-uusap ni President Xi na mahalagang mapaigting ang economic cooperation para mapabilis ang pagbangon nang Pilipinas at China mula sa epekto ng COVID crisis.,Binigyang-diin ni Pangulong Duterte sa kanilang naging pag-uusap ni President Xi na mahalagang mapaigting ang economic cooperation para mapabilis ang pagbangon ng Pilipinas at China mula sa epekto ng COVID crisis.,Binigyang-diin ni Pangulong suwerte sa kanilang naging pag-uusap ni President Xi na mahalagang mapaigting ang economic cooperation para mapabilis ang pagbangon nang Pilipinas at China mula sa epekto ng COVID crisis.,['Duterte'],"{'Duterte': ['butete', 'puwerte', 'suwerte', 'terte', 'bunete']}"
"Ayon sa pulisya, ang kaso ay nagugat umano sa pagkuha ni Flores ng mga mangga sa puno na malapit sa kaniyang lugar.","Ayon sa pulisya, ang kaso ay nag-ugat umano sa pagkuha ni Flores ng mga mangga sa puno na malapit sa kaniyang lugar.","Ayon sa pulisya, ang kaso ay nanugat umano sa pagkuha ni fares ng mga mangga sa puno na malapit sa kaniyang lugar.","['nagugat', 'Flores']","{'nagugat': ['nagsugat', 'nagulat', 'nanugat', 'kagulat', 'kaugat'], 'Flores': ['flares', 'amores', 'fares', 'fires', 'flare']}"
"Pero sinibak pa din niya sa puwesto si Fria, na dati na rin daw nasangkot sa katulad na insidente.","Pero sinibak pa rin niya sa puwesto si Fria, na dati na rin daw nasangkot sa katulad na insidente.","Pero sinibak pa rin niya sa puwesto si uria, na dati na rin daw nasangkot sa katulad na insidente.",['Fria'],"{'Fria': ['aria', 'frie', 'uria', 'area', 'ari']}"
"Bagamat may mga pulis na nakabantay sa subdivision ngbahay ngpamilya Lapid, wala namang personalna nagbabantay mismo sa mga anak at asawa.","Bagamat may mga pulis na nakabantay sasubdivision ngbahay ngpamilya Lapid, wala namang personalna nagbabantay mismo sa mga anak at asawa.","Bagamat may mga pulis na nakabantay sa subdivision ibahay kamilya Lapid, wala namang personang nagbabantay mismo sa mga anak at asawa.","['ngbahay', 'ngpamilya', 'personalna']","{'ngbahay': ['nagbahay', 'bahay', 'ibahay', 'kabahay', 'mabahay'], 'ngpamilya': ['kapamilya', 'pamilya', 'kamilya', 'nagkapamilya', 'nagmasilya'], 'personalna': ['personal', 'personalan', 'personang', 'persiyana', 'persona']}"
Walang detalyeng ibinigay sa dahilan nang medical emergency.,Walang detalyeng ibinigay sa dahilan ng medical emergency.,Walang detalyeng ibinigay sa dahilan nang medical emergency.,[],{}
Kasusunod nito ang kuwento ng isang katulong at isang among magkakahulugan ng loob nang walang kamalay-malay sa koneksyon nilang dalawa.,Susundan nito ang kuwento ng isang katulong at isang among magkakahulugan ng loob nang walang kamalay-malay sa koneksyon nilang dalawa.,isusunod nito ang kuwento ng isang katulong at isang among nagpakahulugan ng loob nang walang kamalay-malay sa koneksyon nilang dalawa.,"['Kasusunod', 'magkakahulugan']","{'Kasusunod': ['masusunod', 'nasusunod', 'isusunod', 'kasaunod', 'kasunod'], 'magkakahulugan': ['magpakahulugan', 'magpakahulugang', 'nagpakahulugan', 'magkakagulatan', 'magkakahalaga']}"
