Original Sentence,Gold Sentence,Corrected Sentence,Incorrect Words,Spell Suggestions
Inararo nito ang motorsiklo na nakaparada,Inararo nito ang mga motorsiklo na nakaparada,Inararo nito ang motorsiklo na nakaparada,[],"[{'token': 'VBTS', 'suggestions': ['KEEP_VBTS_VBTS', 'KEEP_VBTS_VBTS', 'KEEP_VBTS_VBTS', 'KEEP_VBTS_VBTS'], 'distances': [0, 0, 0, 0]}, {'token': 'PRO', 'suggestions': ['KEEP_PRO_PRO', 'KEEP_PRO_PRO', 'KEEP_PRO_PRO', 'KEEP_PRO_PRO', 'KEEP_PRO_PRO', 'KEEP_PRO_PRO', 'KEEP_PRO_PRO', 'KEEP_PRO_PRO'], 'distances': [0, 0, 0, 0, 0, 0, 0, 0]}, {'token': 'DTC', 'suggestions': ['KEEP_DTC_DTC', 'KEEP_DTC_DTC', 'KEEP_DTC_DTC', 'KEEP_DTC_DTC', 'KEEP_DTC_DTC', 'KEEP_DTC_DTC', 'KEEP_DTC_DTC', 'KEEP_DTC_DTC', 'KEEP_DTC_DTC', 'KEEP_DTC_DTC'], 'distances': [0, 0, 0, 0, 0, 0, 0, 0, 0, 0]}, {'token': 'NNC', 'suggestions': ['KEEP_NNC_NNC', 'KEEP_NNC_NNC', 'KEEP_NNC_NNC', 'KEEP_NNC_NNC', 'KEEP_NNC_NNC', 'KEEP_NNC_NNC', 'KEEP_NNC_NNC', 'KEEP_NNC_NNC', 'KEEP_NNC_NNC', 'KEEP_NNC_NNC'], 'distances': [0, 0, 0, 0, 0, 0, 0, 0, 0, 0]}, {'token': 'CCP', 'suggestions': ['KEEP_CCP_CCP', 'KEEP_CCP_CCP', 'KEEP_CCP_CCP', 'KEEP_CCP_CCP', 'KEEP_CCP_CCP', 'KEEP_CCP_CCP', 'KEEP_CCP_CCP', 'KEEP_CCP_CCP'], 'distances': [0, 0, 0, 0, 0, 0, 0, 0]}, {'token': 'VBTS', 'suggestions': ['KEEP_VBTS_VBTS', 'KEEP_VBTS_VBTS', 'KEEP_VBTS_VBTS', 'KEEP_VBTS_VBTS'], 'distances': [0, 0, 0, 0]}]"
Nag-aabang na kung kailan daw ba iri-reveal ni Kylie yung yung sinasabing nakaka-date niya,Nag-aabang na kung kailan daw ba iri-reveal ni Kylie yung sinasabing nakaka-date niya,Nag-aabang na kung kailan daw ba iri-reveal ni Kylie yung-yung sinasabing nakaka-date niya,[],"[{'token': 'VBTS', 'suggestions': ['KEEP_VBTS_VBTS', 'KEEP_VBTS_VBTS', 'SUBSTITUTE_VBTS_FW', 'SUBSTITUTE_VBTS_PMC'], 'distances': [0, 1, 1, 2]}, {'token': 'CCP', 'suggestions': ['KEEP_CCP_CCP', 'KEEP_CCP_CCP', 'KEEP_CCP_CCP', 'KEEP_CCP_CCP', 'KEEP_CCP_CCP', 'KEEP_CCP_CCP', 'KEEP_CCP_CCP', 'KEEP_CCP_CCP'], 'distances': [0, 0, 1, 0, 1, 0, 2, 1]}, {'token': 'RBK', 'suggestions': ['KEEP_RBK_RBK', 'KEEP_RBK_RBK', 'SUBSTITUTE_RBK_VBOF', 'KEEP_RBK_RBK', 'KEEP_RBK_RBK', 'KEEP_RBK_RBK', 'KEEP_RBK_RBK', 'KEEP_RBK_RBK', 'KEEP_RBK_RBK', 'KEEP_RBK_RBK', 'KEEP_RBK_RBK'], 'distances': [0, 0, 1, 0, 0, 1, 0, 0, 2, 1, 1]}, {'token': 'RBQ', 'suggestions': ['KEEP_RBQ_RBQ', 'KEEP_RBQ_RBQ', 'KEEP_RBQ_RBQ', 'KEEP_RBQ_RBQ', 'KEEP_RBQ_RBQ', 'KEEP_RBQ_RBQ', 'KEEP_RBQ_RBQ', 'KEEP_RBQ_RBQ', 'SUBSTITUTE_RBQ_RBF', 'KEEP_RBQ_RBQ', 'KEEP_RBQ_RBQ', 'KEEP_RBQ_RBQ', 'SUBSTITUTE_RBQ_VBTS'], 'distances': [0, 0, 0, 0, 0, 1, 0, 0, 1, 2, 1, 1, 2]}, {'token': 'RBI', 'suggestions': ['KEEP_RBI_RBI', 'KEEP_RBI_RBI', 'KEEP_RBI_RBI', 'KEEP_RBI_RBI', 'KEEP_RBI_RBI', 'KEEP_RBI_RBI', 'KEEP_RBI_RBI', 'KEEP_RBI_RBI', 'KEEP_RBI_RBI', 'SUBSTITUTE_RBI_VBTS', 'KEEP_RBI_RBI', 'KEEP_RBI_RBI', 'KEEP_RBI_RBI', 'KEEP_RBI_RBI'], 'distances': [0, 0, 0, 0, 0, 0, 0, 1, 1, 2, 1, 1, 2, 1]}, {'token': 'RBI', 'suggestions': ['KEEP_RBI_RBI', 'KEEP_RBI_RBI', 'KEEP_RBI_RBI', 'KEEP_RBI_RBI', 'KEEP_RBI_RBI', 'KEEP_RBI_RBI', 'KEEP_RBI_RBI', 'SUBSTITUTE_RBI_DTC', 'KEEP_RBI_RBI', 'SUBSTITUTE_RBI_DTC', 'KEEP_RBI_RBI', 'KEEP_RBI_RBI', 'SUBSTITUTE_RBI_DTC', 'KEEP_RBI_RBI'], 'distances': [0, 0, 0, 0, 0, 0, 1, 1, 0, 1, 1, 2, 1, 1]}, {'token': 'VBTS', 'suggestions': ['KEEP_VBTS_VBTS', 'KEEP_VBTS_VBTS', 'KEEP_VBTS_VBTS', 'KEEP_VBTS_VBTS', 'KEEP_VBTS_VBTS', 'KEEP_VBTS_VBTS', 'KEEP_VBTS_VBTS', 'KEEP_VBTS_VBTS', 'KEEP_VBTS_VBTS', 'SUBSTITUTE_VBTS_PMP', 'SUBSTITUTE_VBTS_RBI', 'KEEP_VBTS_VBTS', 'KEEP_VBTS_VBTS', 'KEEP_VBTS_VBTS'], 'distances': [0, 0, 0, 0, 0, 1, 1, 0, 0, 1, 2, 1, 1, 1]}, {'token': 'DTP', 'suggestions': ['KEEP_DTP_DTP', 'KEEP_DTP_DTP', 'KEEP_DTP_DTP', 'KEEP_DTP_DTP', 'KEEP_DTP_DTP', 'KEEP_DTP_DTP', 'KEEP_DTP_DTP', 'KEEP_DTP_DTP', 'KEEP_DTP_DTP', 'KEEP_DTP_DTP', 'KEEP_DTP_DTP', 'KEEP_DTP_DTP', 'KEEP_DTP_DTP', 'KEEP_DTP_DTP'], 'distances': [0, 0, 0, 0, 0, 1, 0, 0, 1, 2, 1, 1, 1, 2]}, {'token': 'NNP', 'suggestions': ['KEEP_NNP_NNP', 'KEEP_NNP_NNP', 'KEEP_NNP_NNP', 'KEEP_NNP_NNP', 'SUBSTITUTE_NNP_DTC', 'KEEP_NNP_NNP', 'KEEP_NNP_NNP', 'KEEP_NNP_NNP', 'KEEP_NNP_NNP', 'KEEP_NNP_NNP', 'KEEP_NNP_NNP', 'KEEP_NNP_NNP', 'KEEP_NNP_NNP', 'SUBSTITUTE_NNP_NNC'], 'distances': [0, 0, 0, 0, 1, 0, 0, 1, 1, 1, 1, 1, 2, 2]}, {'token': 'JJN_CCP', 'suggestions': ['KEEP_JJN_CCP_JJN_CCP', 'KEEP_JJN_CCP_JJN_CCP', 'KEEP_JJN_CCP_JJN_CCP', 'KEEP_JJN_CCP_JJN_CCP', 'SUBSTITUTE_JJN_CCP_CCP', 'KEEP_JJN_CCP_JJN_CCP', 'SUBSTITUTE_JJN_CCP_CCP', 'SUBSTITUTE_JJN_CCP_CCP', 'SUBSTITUTE_JJN_CCP_DTC', 'SUBSTITUTE_JJN_CCP_NNP', 'KEEP_JJN_CCP_JJN_CCP', 'SUBSTITUTE_JJN_CCP_PMC', 'SUBSTITUTE_JJN_CCP_DTC'], 'distances': [0, 0, 0, 1, 1, 0, 1, 1, 1, 1, 1, 2, 2]}, {'token': 'VBTR_CCP', 'suggestions': ['KEEP_VBTR_CCP_VBTR_CCP', 'KEEP_VBTR_CCP_VBTR_CCP', 'KEEP_VBTR_CCP_VBTR_CCP', 'KEEP_VBTR_CCP_VBTR_CCP', 'KEEP_VBTR_CCP_VBTR_CCP', 'KEEP_VBTR_CCP_VBTR_CCP', 'KEEP_VBTR_CCP_VBTR_CCP', 'KEEP_VBTR_CCP_VBTR_CCP', 'SUBSTITUTE_VBTR_CCP_NNC', 'SUBSTITUTE_VBTR_CCP_CCA', 'KEEP_VBTR_CCP_VBTR_CCP'], 'distances': [0, 0, 1, 1, 0, 1, 1, 1, 1, 2, 2]}, {'token': 'RBD', 'suggestions': ['KEEP_RBD_RBD', 'KEEP_RBD_RBD', 'KEEP_RBD_RBD', 'KEEP_RBD_RBD', 'KEEP_RBD_RBD', 'KEEP_RBD_RBD', 'KEEP_RBD_RBD', 'KEEP_RBD_RBD'], 'distances': [0, 0, 1, 0, 1, 1, 2, 2]}, {'token': 'PRS', 'suggestions': ['KEEP_PRS_PRS', 'KEEP_PRS_PRS', 'KEEP_PRS_PRS', 'KEEP_PRS_PRS'], 'distances': [0, 0, 1, 2]}]"
Kuwento ng aming source Meron raw palang taong mabigat kasama,Kuwento ng aming source Meron daw palang taong mabigat kasama,Kuwento ng aming source Meron daw palang taong mabigat kasama,[],"[{'token': 'NNC', 'suggestions': ['KEEP_NNC_NNC', 'KEEP_NNC_NNC', 'KEEP_NNC_NNC', 'KEEP_NNC_NNC'], 'distances': [0, 0, 0, 1]}, {'token': 'CCB', 'suggestions': ['KEEP_CCB_CCB', 'KEEP_CCB_CCB', 'KEEP_CCB_CCB', 'KEEP_CCB_CCB', 'KEEP_CCB_CCB', 'KEEP_CCB_CCB', 'KEEP_CCB_CCB', 'KEEP_CCB_CCB'], 'distances': [0, 0, 0, 0, 0, 1, 1, 2]}, {'token': 'PRSP_CCP', 'suggestions': ['KEEP_PRSP_CCP_PRSP_CCP', 'KEEP_PRSP_CCP_PRSP_CCP', 'KEEP_PRSP_CCP_PRSP_CCP', 'KEEP_PRSP_CCP_PRSP_CCP', 'KEEP_PRSP_CCP_PRSP_CCP', 'KEEP_PRSP_CCP_PRSP_CCP', 'KEEP_PRSP_CCP_PRSP_CCP', 'KEEP_PRSP_CCP_PRSP_CCP', 'KEEP_PRSP_CCP_PRSP_CCP', 'KEEP_PRSP_CCP_PRSP_CCP', 'SUBSTITUTE_PRSP_CCP_NNC'], 'distances': [0, 0, 0, 0, 1, 0, 1, 2, 1, 2, 3]}, {'token': 'FW', 'suggestions': ['KEEP_FW_FW', 'SUBSTITUTE_FW_DTC', 'KEEP_FW_FW', 'KEEP_FW_FW', 'SUBSTITUTE_FW_PMC', 'KEEP_FW_FW', 'KEEP_FW_FW', 'KEEP_FW_FW', 'SUBSTITUTE_FW_CCP', 'KEEP_FW_FW', 'KEEP_FW_FW', 'SUBSTITUTE_FW_CCP', 'SUBSTITUTE_FW_CCP'], 'distances': [0, 1, 0, 1, 1, 0, 1, 2, 2, 1, 2, 3, 2]}, {'token': 'VBH', 'suggestions': ['KEEP_VBH_VBH', 'KEEP_VBH_VBH', 'SUBSTITUTE_VBH_CCT', 'KEEP_VBH_VBH', 'KEEP_VBH_VBH', 'SUBSTITUTE_VBH_NNC', 'SUBSTITUTE_VBH_FW', 'KEEP_VBH_VBH', 'KEEP_VBH_VBH', 'SUBSTITUTE_VBH_VBS', 'SUBSTITUTE_VBH_FW', 'KEEP_VBH_VBH', 'KEEP_VBH_VBH', 'KEEP_VBH_VBH'], 'distances': [1, 0, 1, 1, 1, 1, 2, 2, 1, 1, 2, 3, 2, 1]}, {'token': 'RBI', 'suggestions': ['KEEP_RBI_RBI', 'KEEP_RBI_RBI', 'KEEP_RBI_RBI', 'SUBSTITUTE_RBI_CDB', 'SUBSTITUTE_RBI_CCP', 'SUBSTITUTE_RBI_CCT', 'SUBSTITUTE_RBI_DTCP', 'KEEP_RBI_RBI', 'SUBSTITUTE_RBI_CCT', 'SUBSTITUTE_RBI_FW', 'SUBSTITUTE_RBI_DTCP', 'KEEP_RBI_RBI', 'KEEP_RBI_RBI', 'SUBSTITUTE_RBI_DTC'], 'distances': [0, 0, 1, 1, 1, 2, 2, 1, 1, 2, 3, 2, 1, 1]}, {'token': 'NNC_CCP', 'suggestions': ['KEEP_NNC_CCP_NNC_CCP', 'KEEP_NNC_CCP_NNC_CCP', 'KEEP_NNC_CCP_NNC_CCP', 'KEEP_NNC_CCP_NNC_CCP', 'KEEP_NNC_CCP_NNC_CCP', 'KEEP_NNC_CCP_NNC_CCP', 'KEEP_NNC_CCP_NNC_CCP', 'KEEP_NNC_CCP_NNC_CCP', 'KEEP_NNC_CCP_NNC_CCP', 'KEEP_NNC_CCP_NNC_CCP', 'KEEP_NNC_CCP_NNC_CCP', 'KEEP_NNC_CCP_NNC_CCP', 'KEEP_NNC_CCP_NNC_CCP'], 'distances': [0, 0, 1, 1, 0, 2, 1, 1, 0, 3, 2, 1, 1]}, {'token': 'NNC_CCP', 'suggestions': ['KEEP_NNC_CCP_NNC_CCP', 'KEEP_NNC_CCP_NNC_CCP', 'KEEP_NNC_CCP_NNC_CCP', 'KEEP_NNC_CCP_NNC_CCP', 'KEEP_NNC_CCP_NNC_CCP', 'DELETE_NNC_CCP', 'KEEP_NNC_CCP_NNC_CCP', 'KEEP_NNC_CCP_NNC_CCP', 'DELETE_NNC_CCP', 'DELETE_NNC_CCP', 'KEEP_NNC_CCP_NNC_CCP'], 'distances': [0, 0, 1, 0, 0, 1, 1, 0, 2, 1, 1]}, {'token': 'JJD', 'suggestions': ['KEEP_JJD_JJD', 'KEEP_JJD_JJD', 'KEEP_JJD_JJD', 'KEEP_JJD_JJD', 'KEEP_JJD_JJD', 'KEEP_JJD_JJD', 'KEEP_JJD_JJD', 'KEEP_JJD_JJD'], 'distances': [0, 0, 0, 0, 1, 0, 1, 1]}, {'token': 'CCB', 'suggestions': ['KEEP_CCB_CCB', 'KEEP_CCB_CCB', 'KEEP_CCB_CCB', 'KEEP_CCB_CCB'], 'distances': [0, 0, 0, 1]}]"
Nakipag-kilala ang lolo na si Sawang Janpram na itinuturing din na oldest athlete ng Thailand,Kinilala ang lolo na si Sawang Janpram na itinuturing din na oldest athlete ng Thailand,Nakipag-kilala ang lolo na si Sawang Janpram na itinuturing din na oldest athlete ng Thailand,[],"[{'token': 'VBTR', 'suggestions': ['KEEP_VBTR_VBTR', 'KEEP_VBTR_VBTR', 'KEEP_VBTR_VBTR', 'SUBSTITUTE_VBTR_PMC'], 'distances': [0, 0, 0, 1]}, {'token': 'DTC', 'suggestions': ['KEEP_DTC_DTC', 'KEEP_DTC_DTC', 'KEEP_DTC_DTC', 'KEEP_DTC_DTC', 'KEEP_DTC_DTC', 'KEEP_DTC_DTC', 'KEEP_DTC_DTC', 'KEEP_DTC_DTC'], 'distances': [0, 0, 0, 0, 0, 0, 1, 0]}, {'token': 'NNC', 'suggestions': ['KEEP_NNC_NNC', 'KEEP_NNC_NNC', 'KEEP_NNC_NNC', 'KEEP_NNC_NNC', 'KEEP_NNC_NNC', 'KEEP_NNC_NNC', 'KEEP_NNC_NNC', 'KEEP_NNC_NNC', 'KEEP_NNC_NNC', 'KEEP_NNC_NNC', 'KEEP_NNC_NNC'], 'distances': [0, 0, 0, 0, 0, 0, 0, 0, 1, 0, 0]}, {'token': 'CCP', 'suggestions': ['KEEP_CCP_CCP', 'KEEP_CCP_CCP', 'KEEP_CCP_CCP', 'KEEP_CCP_CCP', 'KEEP_CCP_CCP', 'KEEP_CCP_CCP', 'KEEP_CCP_CCP', 'KEEP_CCP_CCP', 'KEEP_CCP_CCP', 'KEEP_CCP_CCP', 'KEEP_CCP_CCP', 'KEEP_CCP_CCP', 'KEEP_CCP_CCP'], 'distances': [0, 0, 0, 0, 0, 0, 0, 0, 0, 1, 0, 0, 0]}, {'token': 'DTP', 'suggestions': ['KEEP_DTP_DTP', 'KEEP_DTP_DTP', 'KEEP_DTP_DTP', 'KEEP_DTP_DTP', 'KEEP_DTP_DTP', 'KEEP_DTP_DTP', 'KEEP_DTP_DTP', 'KEEP_DTP_DTP', 'KEEP_DTP_DTP', 'KEEP_DTP_DTP', 'KEEP_DTP_DTP', 'KEEP_DTP_DTP', 'KEEP_DTP_DTP', 'KEEP_DTP_DTP'], 'distances': [0, 0, 0, 0, 0, 0, 0, 0, 0, 1, 0, 0, 0, 0]}, {'token': 'NNP', 'suggestions': ['KEEP_NNP_NNP', 'KEEP_NNP_NNP', 'KEEP_NNP_NNP', 'KEEP_NNP_NNP', 'KEEP_NNP_NNP', 'KEEP_NNP_NNP', 'KEEP_NNP_NNP', 'KEEP_NNP_NNP', 'KEEP_NNP_NNP', 'KEEP_NNP_NNP', 'KEEP_NNP_NNP', 'KEEP_NNP_NNP', 'KEEP_NNP_NNP', 'KEEP_NNP_NNP'], 'distances': [0, 0, 0, 0, 0, 0, 0, 0, 0, 0, 0, 0, 0, 1]}, {'token': 'NNP', 'suggestions': ['KEEP_NNP_NNP', 'KEEP_NNP_NNP', 'KEEP_NNP_NNP', 'KEEP_NNP_NNP', 'KEEP_NNP_NNP', 'KEEP_NNP_NNP', 'KEEP_NNP_NNP', 'KEEP_NNP_NNP', 'KEEP_NNP_NNP', 'KEEP_NNP_NNP', 'KEEP_NNP_NNP', 'KEEP_NNP_NNP', 'KEEP_NNP_NNP', 'KEEP_NNP_NNP'], 'distances': [0, 0, 0, 0, 0, 0, 0, 0, 0, 0, 0, 0, 1, 1]}, {'token': 'CCP', 'suggestions': ['KEEP_CCP_CCP', 'KEEP_CCP_CCP', 'KEEP_CCP_CCP', 'KEEP_CCP_CCP', 'KEEP_CCP_CCP', 'KEEP_CCP_CCP', 'KEEP_CCP_CCP', 'KEEP_CCP_CCP', 'KEEP_CCP_CCP', 'KEEP_CCP_CCP', 'KEEP_CCP_CCP', 'KEEP_CCP_CCP', 'SUBSTITUTE_CCP_LM', 'KEEP_CCP_CCP'], 'distances': [0, 0, 0, 0, 0, 0, 0, 0, 0, 0, 0, 1, 1, 2]}, {'token': 'VBTR', 'suggestions': ['KEEP_VBTR_VBTR', 'KEEP_VBTR_VBTR', 'KEEP_VBTR_VBTR', 'KEEP_VBTR_VBTR', 'KEEP_VBTR_VBTR', 'KEEP_VBTR_VBTR', 'KEEP_VBTR_VBTR', 'KEEP_VBTR_VBTR', 'KEEP_VBTR_VBTR', 'KEEP_VBTR_VBTR', 'KEEP_VBTR_VBTR', 'KEEP_VBTR_VBTR', 'KEEP_VBTR_VBTR', 'KEEP_VBTR_VBTR'], 'distances': [0, 0, 0, 0, 0, 0, 0, 0, 1, 0, 1, 1, 2, 1]}, {'token': 'RBI', 'suggestions': ['KEEP_RBI_RBI', 'KEEP_RBI_RBI', 'KEEP_RBI_RBI', 'KEEP_RBI_RBI', 'KEEP_RBI_RBI', 'KEEP_RBI_RBI', 'KEEP_RBI_RBI', 'KEEP_RBI_RBI', 'SUBSTITUTE_RBI_VBTR', 'SUBSTITUTE_RBI_CCP', 'KEEP_RBI_RBI', 'DELETE_RBI', 'KEEP_RBI_RBI', 'SUBSTITUTE_RBI_VBTR'], 'distances': [0, 0, 0, 0, 0, 0, 0, 1, 1, 1, 1, 2, 1, 1]}, {'token': 'CCP', 'suggestions': ['KEEP_CCP_CCP', 'KEEP_CCP_CCP', 'KEEP_CCP_CCP', 'KEEP_CCP_CCP', 'KEEP_CCP_CCP', 'KEEP_CCP_CCP', 'KEEP_CCP_CCP', 'KEEP_CCP_CCP', 'KEEP_CCP_CCP', 'KEEP_CCP_CCP', 'KEEP_CCP_CCP', 'SUBSTITUTE_CCP_PRP', 'KEEP_CCP_CCP', 'KEEP_CCP_CCP'], 'distances': [0, 0, 0, 0, 0, 0, 1, 1, 0, 1, 2, 1, 1, 0]}, {'token': 'FW', 'suggestions': ['KEEP_FW_FW', 'KEEP_FW_FW', 'KEEP_FW_FW', 'KEEP_FW_FW', 'KEEP_FW_FW', 'SUBSTITUTE_FW_NNC', 'KEEP_FW_FW', 'KEEP_FW_FW', 'KEEP_FW_FW', 'KEEP_FW_FW', 'KEEP_FW_FW', 'KEEP_FW_FW', 'KEEP_FW_FW'], 'distances': [0, 0, 0, 0, 0, 1, 1, 0, 0, 2, 1, 1, 0]}, {'token': 'FW', 'suggestions': ['KEEP_FW_FW', 'KEEP_FW_FW', 'KEEP_FW_FW', 'KEEP_FW_FW', 'KEEP_FW_FW', 'KEEP_FW_FW', 'KEEP_FW_FW', 'KEEP_FW_FW', 'KEEP_FW_FW', 'KEEP_FW_FW', 'KEEP_FW_FW'], 'distances': [0, 0, 0, 0, 0, 1, 0, 0, 1, 1, 0]}, {'token': 'CCB', 'suggestions': ['KEEP_CCB_CCB', 'KEEP_CCB_CCB', 'KEEP_CCB_CCB', 'KEEP_CCB_CCB', 'KEEP_CCB_CCB', 'KEEP_CCB_CCB', 'KEEP_CCB_CCB', 'KEEP_CCB_CCB'], 'distances': [0, 0, 0, 0, 0, 0, 1, 0]}, {'token': 'NNP', 'suggestions': ['KEEP_NNP_NNP', 'KEEP_NNP_NNP', 'KEEP_NNP_NNP', 'KEEP_NNP_NNP'], 'distances': [0, 0, 0, 0]}]"
Nasa Google naman yan kung i search ninyo e,Nasa Google naman yan kung i-search ninyo e,Nasa Google naman yan kung ang search ninyo e,[],"[{'token': 'RBL', 'suggestions': ['KEEP_RBL_RBL', 'KEEP_RBL_RBL', 'SUBSTITUTE_RBL_CCT', 'SUBSTITUTE_RBL_CCT'], 'distances': [0, 0, 1, 2]}, {'token': 'NNP', 'suggestions': ['KEEP_NNP_NNP', 'KEEP_NNP_NNP', 'KEEP_NNP_NNP', 'KEEP_NNP_NNP', 'KEEP_NNP_NNP', 'KEEP_NNP_NNP', 'KEEP_NNP_NNP', 'KEEP_NNP_NNP'], 'distances': [0, 0, 0, 0, 1, 1, 2, 2]}, {'token': 'RBI', 'suggestions': ['KEEP_RBI_RBI', 'KEEP_RBI_RBI', 'KEEP_RBI_RBI', 'KEEP_RBI_RBI', 'KEEP_RBI_RBI', 'KEEP_RBI_RBI', 'KEEP_RBI_RBI', 'KEEP_RBI_RBI', 'KEEP_RBI_RBI', 'KEEP_RBI_RBI', 'KEEP_RBI_RBI'], 'distances': [0, 0, 0, 0, 0, 1, 1, 1, 2, 2, 2]}, {'token': 'PRO', 'suggestions': ['KEEP_PRO_PRO', 'KEEP_PRO_PRO', 'KEEP_PRO_PRO', 'KEEP_PRO_PRO', 'KEEP_PRO_PRO', 'KEEP_PRO_PRO', 'SUBSTITUTE_PRO_PMC', 'KEEP_PRO_PRO', 'SUBSTITUTE_PRO_NNC', 'KEEP_PRO_PRO', 'SUBSTITUTE_PRO_PMC', 'KEEP_PRO_PRO', 'SUBSTITUTE_PRO_NNC'], 'distances': [0, 0, 0, 0, 1, 1, 1, 1, 2, 2, 2, 2, 3]}, {'token': 'CCR', 'suggestions': ['KEEP_CCR_CCR', 'KEEP_CCR_CCR', 'KEEP_CCR_CCR', 'KEEP_CCR_CCR', 'KEEP_CCR_CCR', 'KEEP_CCR_CCR', 'KEEP_CCR_CCR', 'KEEP_CCR_CCR', 'KEEP_CCR_CCR', 'SUBSTITUTE_CCR_VBTR', 'KEEP_CCR_CCR', 'KEEP_CCR_CCR', 'KEEP_CCR_CCR', 'KEEP_CCR_CCR'], 'distances': [0, 0, 0, 1, 1, 1, 1, 2, 2, 2, 2, 2, 3, 2]}, {'token': 'NNCA', 'suggestions': ['KEEP_NNCA_NNCA', 'KEEP_NNCA_NNCA', 'SUBSTITUTE_NNCA_DTC', 'SUBSTITUTE_NNCA_VBN_CCP', 'SUBSTITUTE_NNCA_DTC', 'SUBSTITUTE_NNCA_CCT', 'SUBSTITUTE_NNCA_CCT', 'SUBSTITUTE_NNCA_VBH', 'SUBSTITUTE_NNCA_NNP', 'SUBSTITUTE_NNCA_VBAF', 'DELETE_NNCA', 'SUBSTITUTE_NNCA_CCT', 'SUBSTITUTE_NNCA_DTC'], 'distances': [0, 0, 1, 1, 1, 1, 2, 2, 2, 2, 2, 3, 2]}, {'token': 'FW', 'suggestions': ['KEEP_FW_FW', 'KEEP_FW_FW', 'KEEP_FW_FW', 'KEEP_FW_FW', 'KEEP_FW_FW', 'KEEP_FW_FW', 'KEEP_FW_FW', 'KEEP_FW_FW', 'KEEP_FW_FW', 'KEEP_FW_FW', 'KEEP_FW_FW'], 'distances': [0, 0, 1, 1, 1, 2, 2, 2, 2, 3, 2]}, {'token': 'PRP', 'suggestions': ['KEEP_PRP_PRP', 'KEEP_PRP_PRP', 'KEEP_PRP_PRP', 'KEEP_PRP_PRP', 'SUBSTITUTE_PRP_FW', 'SUBSTITUTE_PRP_DTC', 'SUBSTITUTE_PRP_FW', 'SUBSTITUTE_PRP_CCP'], 'distances': [0, 0, 1, 1, 2, 2, 3, 2]}, {'token': 'NNC', 'suggestions': ['KEEP_NNC_NNC', 'SUBSTITUTE_NNC_PMP', 'KEEP_NNC_NNC', 'KEEP_NNC_NNC'], 'distances': [0, 1, 2, 2]}]"
Ang kanyang opinyon aanhin daw ang prangkisa kung basura naman ang mga ginagawang trabaho,Ang kanyang opinyon aanhin daw ang prangkisa kung basura naman ang mga ginagawang trabaho,Ang kanyang opinyon aanhin daw ang prangkisa kung basura naman ang mga ginagawang trabaho,[],"[{'token': 'DTC', 'suggestions': ['KEEP_DTC_DTC', 'KEEP_DTC_DTC', 'KEEP_DTC_DTC', 'KEEP_DTC_DTC'], 'distances': [0, 0, 1, 2]}, {'token': 'PRSP_CCP', 'suggestions': ['KEEP_PRSP_CCP_PRSP_CCP', 'KEEP_PRSP_CCP_PRSP_CCP', 'KEEP_PRSP_CCP_PRSP_CCP', 'KEEP_PRSP_CCP_PRSP_CCP', 'KEEP_PRSP_CCP_PRSP_CCP', 'KEEP_PRSP_CCP_PRSP_CCP', 'KEEP_PRSP_CCP_PRSP_CCP', 'SUBSTITUTE_PRSP_CCP_DTCP'], 'distances': [0, 0, 0, 0, 1, 1, 2, 2]}, {'token': 'NNC', 'suggestions': ['KEEP_NNC_NNC', 'KEEP_NNC_NNC', 'KEEP_NNC_NNC', 'KEEP_NNC_NNC', 'SUBSTITUTE_NNC_LM', 'KEEP_NNC_NNC', 'KEEP_NNC_NNC', 'SUBSTITUTE_NNC_PMC', 'KEEP_NNC_NNC', 'KEEP_NNC_NNC', 'SUBSTITUTE_NNC_PMC'], 'distances': [0, 0, 0, 0, 1, 1, 1, 1, 2, 2, 1]}, {'token': 'VBTF', 'suggestions': ['KEEP_VBTF_VBTF', 'KEEP_VBTF_VBTF', 'KEEP_VBTF_VBTF', 'KEEP_VBTF_VBTF', 'KEEP_VBTF_VBTF', 'SUBSTITUTE_VBTF_CCA', 'SUBSTITUTE_VBTF_RBF', 'KEEP_VBTF_VBTF', 'KEEP_VBTF_VBTF', 'SUBSTITUTE_VBTF_PMC', 'SUBSTITUTE_VBTF_CCB', 'KEEP_VBTF_VBTF', 'KEEP_VBTF_VBTF'], 'distances': [0, 0, 0, 1, 0, 1, 1, 1, 0, 2, 2, 1, 0]}, {'token': 'RBI', 'suggestions': ['KEEP_RBI_RBI', 'KEEP_RBI_RBI', 'KEEP_RBI_RBI', 'KEEP_RBI_RBI', 'KEEP_RBI_RBI', 'KEEP_RBI_RBI', 'KEEP_RBI_RBI', 'KEEP_RBI_RBI', 'KEEP_RBI_RBI', 'SUBSTITUTE_RBI_NNC', 'KEEP_RBI_RBI', 'KEEP_RBI_RBI', 'KEEP_RBI_RBI', 'KEEP_RBI_RBI'], 'distances': [0, 0, 1, 0, 0, 1, 1, 0, 0, 2, 2, 1, 0, 1]}, {'token': 'DTC', 'suggestions': ['KEEP_DTC_DTC', 'KEEP_DTC_DTC', 'KEEP_DTC_DTC', 'KEEP_DTC_DTC', 'KEEP_DTC_DTC', 'KEEP_DTC_DTC', 'KEEP_DTC_DTC', 'KEEP_DTC_DTC', 'KEEP_DTC_DTC', 'KEEP_DTC_DTC', 'KEEP_DTC_DTC', 'KEEP_DTC_DTC', 'KEEP_DTC_DTC', 'KEEP_DTC_DTC'], 'distances': [0, 0, 0, 0, 0, 1, 0, 0, 1, 2, 1, 0, 1, 2]}, {'token': 'NNC', 'suggestions': ['KEEP_NNC_NNC', 'KEEP_NNC_NNC', 'KEEP_NNC_NNC', 'KEEP_NNC_NNC', 'KEEP_NNC_NNC', 'KEEP_NNC_NNC', 'KEEP_NNC_NNC', 'KEEP_NNC_NNC', 'KEEP_NNC_NNC', 'KEEP_NNC_NNC', 'KEEP_NNC_NNC', 'KEEP_NNC_NNC', 'KEEP_NNC_NNC', 'KEEP_NNC_NNC'], 'distances': [0, 0, 0, 0, 0, 0, 0, 1, 1, 1, 0, 1, 2, 1]}, {'token': 'CCR', 'suggestions': ['KEEP_CCR_CCR', 'KEEP_CCR_CCR', 'KEEP_CCR_CCR', 'KEEP_CCR_CCR', 'KEEP_CCR_CCR', 'KEEP_CCR_CCR', 'SUBSTITUTE_CCR_DTC', 'SUBSTITUTE_CCR_CCT', 'KEEP_CCR_CCR', 'KEEP_CCR_CCR', 'SUBSTITUTE_CCR_CCB', 'SUBSTITUTE_CCR_CCT', 'SUBSTITUTE_CCR_CCP', 'KEEP_CCR_CCR'], 'distances': [0, 0, 0, 0, 0, 0, 1, 1, 0, 0, 1, 2, 1, 1]}, {'token': 'NNC', 'suggestions': ['KEEP_NNC_NNC', 'KEEP_NNC_NNC', 'KEEP_NNC_NNC', 'KEEP_NNC_NNC', 'KEEP_NNC_NNC', 'KEEP_NNC_NNC', 'KEEP_NNC_NNC', 'KEEP_NNC_NNC', 'KEEP_NNC_NNC', 'KEEP_NNC_NNC', 'KEEP_NNC_NNC', 'KEEP_NNC_NNC', 'KEEP_NNC_NNC', 'KEEP_NNC_NNC'], 'distances': [0, 0, 0, 0, 0, 1, 1, 0, 0, 1, 2, 1, 1, 1]}, {'token': 'RBI', 'suggestions': ['KEEP_RBI_RBI', 'KEEP_RBI_RBI', 'KEEP_RBI_RBI', 'KEEP_RBI_RBI', 'KEEP_RBI_RBI', 'KEEP_RBI_RBI', 'KEEP_RBI_RBI', 'KEEP_RBI_RBI', 'KEEP_RBI_RBI', 'SUBSTITUTE_RBI_DTP', 'KEEP_RBI_RBI', 'SUBSTITUTE_RBI_PMC', 'KEEP_RBI_RBI', 'KEEP_RBI_RBI'], 'distances': [0, 0, 0, 0, 0, 1, 0, 0, 1, 2, 1, 1, 1, 1]}, {'token': 'DTC', 'suggestions': ['KEEP_DTC_DTC', 'KEEP_DTC_DTC', 'KEEP_DTC_DTC', 'KEEP_DTC_DTC', 'KEEP_DTC_DTC', 'KEEP_DTC_DTC', 'KEEP_DTC_DTC', 'KEEP_DTC_DTC', 'KEEP_DTC_DTC', 'KEEP_DTC_DTC', 'KEEP_DTC_DTC', 'KEEP_DTC_DTC', 'KEEP_DTC_DTC'], 'distances': [0, 0, 0, 0, 0, 0, 0, 1, 0, 1, 1, 1, 1]}, {'token': 'DTCP', 'suggestions': ['KEEP_DTCP_DTCP', 'KEEP_DTCP_DTCP', 'KEEP_DTCP_DTCP', 'KEEP_DTCP_DTCP', 'KEEP_DTCP_DTCP', 'KEEP_DTCP_DTCP', 'KEEP_DTCP_DTCP', 'KEEP_DTCP_DTCP', 'KEEP_DTCP_DTCP', 'KEEP_DTCP_DTCP', 'KEEP_DTCP_DTCP'], 'distances': [0, 0, 0, 0, 0, 0, 1, 0, 1, 1, 1]}, {'token': 'VBTR_CCP', 'suggestions': ['KEEP_VBTR_CCP_VBTR_CCP', 'KEEP_VBTR_CCP_VBTR_CCP', 'KEEP_VBTR_CCP_VBTR_CCP', 'KEEP_VBTR_CCP_VBTR_CCP', 'SUBSTITUTE_VBTR_CCP_NNC', 'KEEP_VBTR_CCP_VBTR_CCP', 'SUBSTITUTE_VBTR_CCP_VBTR', 'SUBSTITUTE_VBTR_CCP_JJD_CCP'], 'distances': [0, 0, 0, 0, 1, 0, 1, 1]}, {'token': 'NNC', 'suggestions': ['KEEP_NNC_NNC', 'KEEP_NNC_NNC', 'KEEP_NNC_NNC', 'KEEP_NNC_NNC'], 'distances': [0, 0, 0, 1]}]"
Talagang sadyang sayang lang raw kung hindi niya sinunggaban ang mga pagkakataong ipinagkaloob sa kanya,Talagang sadyang sayang lang daw kung hindi niya sinunggaban ang mga pagkakataong ipinagkaloob sa kanya,Talagang sadyang sayang lang daw kung hindi niya sinunggaban ang mga pagkakataong ipinagkaloob sa kanya,[],"[{'token': 'RBT_CCP', 'suggestions': ['SUBSTITUTE_RBT_CCP_LM', 'SUBSTITUTE_RBT_CCP_CCB', 'KEEP_RBT_CCP_RBT_CCP', 'KEEP_RBT_CCP_RBT_CCP'], 'distances': [1, 1, 1, 1]}, {'token': 'JJCS_CCP', 'suggestions': ['KEEP_JJCS_CCP_JJCS_CCP', 'KEEP_JJCS_CCP_JJCS_CCP', 'KEEP_JJCS_CCP_JJCS_CCP', 'KEEP_JJCS_CCP_JJCS_CCP', 'SUBSTITUTE_JJCS_CCP_CCR', 'SUBSTITUTE_JJCS_CCP_PMC', 'SUBSTITUTE_JJCS_CCP_CCR', 'SUBSTITUTE_JJCS_CCP_PMC'], 'distances': [1, 0, 1, 0, 1, 1, 1, 2]}, {'token': 'JJD', 'suggestions': ['KEEP_JJD_JJD', 'KEEP_JJD_JJD', 'KEEP_JJD_JJD', 'KEEP_JJD_JJD', 'KEEP_JJD_JJD', 'KEEP_JJD_JJD', 'KEEP_JJD_JJD', 'KEEP_JJD_JJD', 'KEEP_JJD_JJD', 'KEEP_JJD_JJD', 'KEEP_JJD_JJD'], 'distances': [0, 0, 1, 0, 0, 1, 1, 1, 1, 2, 2]}, {'token': 'RBI', 'suggestions': ['KEEP_RBI_RBI', 'KEEP_RBI_RBI', 'KEEP_RBI_RBI', 'KEEP_RBI_RBI', 'KEEP_RBI_RBI', 'KEEP_RBI_RBI', 'KEEP_RBI_RBI', 'KEEP_RBI_RBI', 'KEEP_RBI_RBI', 'KEEP_RBI_RBI', 'KEEP_RBI_RBI', 'KEEP_RBI_RBI', 'KEEP_RBI_RBI'], 'distances': [0, 0, 0, 0, 0, 1, 1, 1, 1, 1, 2, 2, 1]}, {'token': 'RBI', 'suggestions': ['KEEP_RBI_RBI', 'KEEP_RBI_RBI', 'KEEP_RBI_RBI', 'KEEP_RBI_RBI', 'KEEP_RBI_RBI', 'KEEP_RBI_RBI', 'KEEP_RBI_RBI', 'KEEP_RBI_RBI', 'KEEP_RBI_RBI', 'KEEP_RBI_RBI', 'KEEP_RBI_RBI', 'KEEP_RBI_RBI', 'KEEP_RBI_RBI', 'SUBSTITUTE_RBI_NNP'], 'distances': [0, 0, 0, 0, 1, 1, 1, 1, 1, 1, 2, 2, 1, 2]}, {'token': 'CCR', 'suggestions': ['KEEP_CCR_CCR', 'KEEP_CCR_CCR', 'KEEP_CCR_CCR', 'SUBSTITUTE_CCR_CCT', 'KEEP_CCR_CCR', 'SUBSTITUTE_CCR_CCB', 'KEEP_CCR_CCR', 'KEEP_CCR_CCR', 'SUBSTITUTE_CCR_CCP', 'SUBSTITUTE_CCR_DTC', 'SUBSTITUTE_CCR_DTC', 'KEEP_CCR_CCR', 'SUBSTITUTE_CCR_CCP', 'SUBSTITUTE_CCR_CCP'], 'distances': [0, 0, 0, 1, 0, 1, 1, 1, 1, 2, 2, 1, 2, 1]}, {'token': 'RBF', 'suggestions': ['KEEP_RBF_RBF', 'KEEP_RBF_RBF', 'KEEP_RBF_RBF', 'KEEP_RBF_RBF', 'KEEP_RBF_RBF', 'SUBSTITUTE_RBF_VBTF', 'SUBSTITUTE_RBF_VBTF', 'KEEP_RBF_RBF', 'KEEP_RBF_RBF', 'SUBSTITUTE_RBF_NNC', 'SUBSTITUTE_RBF_VBTF', 'KEEP_RBF_RBF', 'KEEP_RBF_RBF', 'KEEP_RBF_RBF'], 'distances': [0, 0, 1, 0, 0, 1, 1, 1, 0, 2, 1, 2, 1, 0]}, {'token': 'PRS', 'suggestions': ['KEEP_PRS_PRS', 'KEEP_PRS_PRS', 'KEEP_PRS_PRS', 'KEEP_PRS_PRS', 'KEEP_PRS_PRS', 'KEEP_PRS_PRS', 'KEEP_PRS_PRS', 'KEEP_PRS_PRS', 'KEEP_PRS_PRS', 'KEEP_PRS_PRS', 'KEEP_PRS_PRS', 'KEEP_PRS_PRS', 'KEEP_PRS_PRS', 'KEEP_PRS_PRS'], 'distances': [0, 0, 0, 0, 0, 1, 1, 0, 0, 1, 2, 1, 0, 1]}, {'token': 'VBTR', 'suggestions': ['KEEP_VBTR_VBTR', 'KEEP_VBTR_VBTR', 'KEEP_VBTR_VBTR', 'KEEP_VBTR_VBTR', 'KEEP_VBTR_VBTR', 'KEEP_VBTR_VBTR', 'KEEP_VBTR_VBTR', 'KEEP_VBTR_VBTR', 'KEEP_VBTR_VBTR', 'KEEP_VBTR_VBTR', 'KEEP_VBTR_VBTR', 'KEEP_VBTR_VBTR', 'KEEP_VBTR_VBTR', 'SUBSTITUTE_VBTR_CCA'], 'distances': [0, 0, 0, 0, 0, 1, 0, 0, 0, 2, 1, 0, 1, 1]}, {'token': 'DTC', 'suggestions': ['KEEP_DTC_DTC', 'KEEP_DTC_DTC', 'KEEP_DTC_DTC', 'KEEP_DTC_DTC', 'KEEP_DTC_DTC', 'KEEP_DTC_DTC', 'KEEP_DTC_DTC', 'KEEP_DTC_DTC', 'KEEP_DTC_DTC', 'KEEP_DTC_DTC', 'KEEP_DTC_DTC', 'KEEP_DTC_DTC', 'KEEP_DTC_DTC', 'KEEP_DTC_DTC'], 'distances': [0, 0, 0, 0, 0, 0, 0, 0, 0, 1, 0, 1, 1, 0]}, {'token': 'DTCP', 'suggestions': ['KEEP_DTCP_DTCP', 'KEEP_DTCP_DTCP', 'KEEP_DTCP_DTCP', 'KEEP_DTCP_DTCP', 'KEEP_DTCP_DTCP', 'KEEP_DTCP_DTCP', 'KEEP_DTCP_DTCP', 'KEEP_DTCP_DTCP', 'KEEP_DTCP_DTCP', 'KEEP_DTCP_DTCP', 'KEEP_DTCP_DTCP', 'KEEP_DTCP_DTCP', 'KEEP_DTCP_DTCP', 'KEEP_DTCP_DTCP'], 'distances': [0, 0, 0, 0, 0, 0, 0, 0, 0, 0, 1, 1, 0, 0]}, {'token': 'NNC_CCP', 'suggestions': ['KEEP_NNC_CCP_NNC_CCP', 'KEEP_NNC_CCP_NNC_CCP', 'KEEP_NNC_CCP_NNC_CCP', 'KEEP_NNC_CCP_NNC_CCP', 'KEEP_NNC_CCP_NNC_CCP', 'KEEP_NNC_CCP_NNC_CCP', 'KEEP_NNC_CCP_NNC_CCP', 'KEEP_NNC_CCP_NNC_CCP', 'KEEP_NNC_CCP_NNC_CCP', 'SUBSTITUTE_NNC_CCP_NNC', 'KEEP_NNC_CCP_NNC_CCP', 'KEEP_NNC_CCP_NNC_CCP', 'KEEP_NNC_CCP_NNC_CCP'], 'distances': [0, 0, 0, 0, 0, 0, 0, 0, 0, 1, 1, 0, 0]}, {'token': 'VBTS', 'suggestions': ['KEEP_VBTS_VBTS', 'KEEP_VBTS_VBTS', 'KEEP_VBTS_VBTS', 'KEEP_VBTS_VBTS', 'KEEP_VBTS_VBTS', 'KEEP_VBTS_VBTS', 'KEEP_VBTS_VBTS', 'KEEP_VBTS_VBTS', 'KEEP_VBTS_VBTS', 'KEEP_VBTS_VBTS', 'KEEP_VBTS_VBTS'], 'distances': [0, 0, 0, 0, 0, 0, 0, 0, 1, 0, 0]}, {'token': 'CCT', 'suggestions': ['KEEP_CCT_CCT', 'KEEP_CCT_CCT', 'KEEP_CCT_CCT', 'KEEP_CCT_CCT', 'KEEP_CCT_CCT', 'KEEP_CCT_CCT', 'KEEP_CCT_CCT', 'KEEP_CCT_CCT'], 'distances': [0, 0, 0, 0, 0, 0, 0, 0]}, {'token': 'PRSP', 'suggestions': ['KEEP_PRSP_PRSP', 'KEEP_PRSP_PRSP', 'KEEP_PRSP_PRSP', 'KEEP_PRSP_PRSP'], 'distances': [0, 0, 0, 0]}]"
Milyon nitong Nobyembre  AT ,Milyon nitong Nobyembre  at ,Milyon nitong Nobyembre AT,[],"[{'token': 'NNC', 'suggestions': ['KEEP_NNC_NNC', 'KEEP_NNC_NNC', 'KEEP_NNC_NNC'], 'distances': [0, 0, 1]}, {'token': 'PRO_CCP', 'suggestions': ['KEEP_PRO_CCP_PRO_CCP', 'KEEP_PRO_CCP_PRO_CCP', 'KEEP_PRO_CCP_PRO_CCP', 'SUBSTITUTE_PRO_CCP_DTP', 'SUBSTITUTE_PRO_CCP_CCT'], 'distances': [0, 0, 0, 1, 1]}, {'token': 'NNP', 'suggestions': ['KEEP_NNP_NNP', 'KEEP_NNP_NNP', 'KEEP_NNP_NNP', 'KEEP_NNP_NNP', 'KEEP_NNP_NNP'], 'distances': [0, 0, 0, 1, 1]}, {'token': 'NNPA', 'suggestions': ['KEEP_NNPA_NNPA', 'KEEP_NNPA_NNPA', 'KEEP_NNPA_NNPA'], 'distances': [0, 1, 1]}]"
Angmga taong may karanasan ng pang-aabuso ay maaaring sumailalim sa depresyon o post-traumatic stress disorder,Ang mga taong may karanasan ng pang-aabuso ay maaaring sumailalim sa depresyon o post-traumatic stress disorder,Angmga taong may karanasan ng pang-aabuso ay maaaring sumailalim sa depresyon o post-traumatic stress disorder,[],"[{'token': 'NNP', 'suggestions': ['KEEP_NNP_NNP', 'KEEP_NNP_NNP', 'SUBSTITUTE_NNP_PRI_CCP', 'KEEP_NNP_NNP'], 'distances': [0, 1, 1, 1]}, {'token': 'NNC_CCP', 'suggestions': ['KEEP_NNC_CCP_NNC_CCP', 'KEEP_NNC_CCP_NNC_CCP', 'SUBSTITUTE_NNC_CCP_CCA', 'KEEP_NNC_CCP_NNC_CCP', 'KEEP_NNC_CCP_NNC_CCP', 'KEEP_NNC_CCP_NNC_CCP', 'SUBSTITUTE_NNC_CCP_CCP', 'KEEP_NNC_CCP_NNC_CCP'], 'distances': [0, 0, 1, 0, 1, 0, 1, 0]}, {'token': 'VBH', 'suggestions': ['KEEP_VBH_VBH', 'KEEP_VBH_VBH', 'KEEP_VBH_VBH', 'KEEP_VBH_VBH', 'KEEP_VBH_VBH', 'KEEP_VBH_VBH', 'KEEP_VBH_VBH', 'KEEP_VBH_VBH', 'KEEP_VBH_VBH', 'KEEP_VBH_VBH', 'SUBSTITUTE_VBH_JJCS_JJD_CCP'], 'distances': [0, 0, 1, 0, 0, 1, 0, 0, 1, 0, 1]}, {'token': 'NNC', 'suggestions': ['KEEP_NNC_NNC', 'KEEP_NNC_NNC', 'KEEP_NNC_NNC', 'KEEP_NNC_NNC', 'KEEP_NNC_NNC', 'KEEP_NNC_NNC', 'KEEP_NNC_NNC', 'KEEP_NNC_NNC', 'KEEP_NNC_NNC', 'KEEP_NNC_NNC', 'KEEP_NNC_NNC', 'KEEP_NNC_NNC', 'KEEP_NNC_NNC'], 'distances': [0, 0, 0, 0, 0, 1, 0, 0, 0, 1, 0, 1, 0]}, {'token': 'CCB', 'suggestions': ['KEEP_CCB_CCB', 'KEEP_CCB_CCB', 'KEEP_CCB_CCB', 'KEEP_CCB_CCB', 'KEEP_CCB_CCB', 'KEEP_CCB_CCB', 'KEEP_CCB_CCB', 'KEEP_CCB_CCB', 'KEEP_CCB_CCB', 'KEEP_CCB_CCB', 'KEEP_CCB_CCB', 'KEEP_CCB_CCB', 'KEEP_CCB_CCB', 'KEEP_CCB_CCB'], 'distances': [0, 0, 0, 0, 0, 0, 0, 0, 0, 1, 0, 1, 0, 0]}, {'token': 'NNC', 'suggestions': ['KEEP_NNC_NNC', 'KEEP_NNC_NNC', 'KEEP_NNC_NNC', 'KEEP_NNC_NNC', 'KEEP_NNC_NNC', 'KEEP_NNC_NNC', 'KEEP_NNC_NNC', 'KEEP_NNC_NNC', 'KEEP_NNC_NNC', 'KEEP_NNC_NNC', 'KEEP_NNC_NNC', 'KEEP_NNC_NNC', 'KEEP_NNC_NNC', 'KEEP_NNC_NNC'], 'distances': [0, 0, 0, 0, 0, 0, 0, 0, 0, 0, 1, 0, 0, 0]}, {'token': 'LM', 'suggestions': ['KEEP_LM_LM', 'KEEP_LM_LM', 'KEEP_LM_LM', 'KEEP_LM_LM', 'KEEP_LM_LM', 'KEEP_LM_LM', 'KEEP_LM_LM', 'KEEP_LM_LM', 'KEEP_LM_LM', 'KEEP_LM_LM', 'KEEP_LM_LM', 'KEEP_LM_LM', 'KEEP_LM_LM', 'KEEP_LM_LM'], 'distances': [0, 0, 0, 0, 0, 0, 0, 0, 0, 1, 0, 0, 0, 0]}, {'token': 'RBM', 'suggestions': ['KEEP_RBM_RBM', 'KEEP_RBM_RBM', 'KEEP_RBM_RBM', 'KEEP_RBM_RBM', 'KEEP_RBM_RBM', 'KEEP_RBM_RBM', 'KEEP_RBM_RBM', 'KEEP_RBM_RBM', 'KEEP_RBM_RBM', 'KEEP_RBM_RBM', 'KEEP_RBM_RBM', 'KEEP_RBM_RBM', 'KEEP_RBM_RBM', 'KEEP_RBM_RBM'], 'distances': [0, 0, 0, 0, 0, 0, 0, 0, 0, 0, 0, 0, 0, 1]}, {'token': 'VBAF', 'suggestions': ['KEEP_VBAF_VBAF', 'KEEP_VBAF_VBAF', 'KEEP_VBAF_VBAF', 'KEEP_VBAF_VBAF', 'KEEP_VBAF_VBAF', 'KEEP_VBAF_VBAF', 'KEEP_VBAF_VBAF', 'KEEP_VBAF_VBAF', 'KEEP_VBAF_VBAF', 'KEEP_VBAF_VBAF', 'KEEP_VBAF_VBAF', 'KEEP_VBAF_VBAF', 'KEEP_VBAF_VBAF', 'KEEP_VBAF_VBAF'], 'distances': [0, 0, 0, 0, 0, 0, 0, 0, 0, 0, 0, 0, 1, 1]}, {'token': 'CCT', 'suggestions': ['KEEP_CCT_CCT', 'KEEP_CCT_CCT', 'KEEP_CCT_CCT', 'KEEP_CCT_CCT', 'KEEP_CCT_CCT', 'KEEP_CCT_CCT', 'KEEP_CCT_CCT', 'KEEP_CCT_CCT', 'KEEP_CCT_CCT', 'KEEP_CCT_CCT', 'KEEP_CCT_CCT', 'KEEP_CCT_CCT', 'KEEP_CCT_CCT', 'KEEP_CCT_CCT'], 'distances': [0, 0, 0, 0, 0, 0, 0, 0, 0, 0, 0, 1, 1, 0]}, {'token': 'NNC', 'suggestions': ['KEEP_NNC_NNC', 'KEEP_NNC_NNC', 'KEEP_NNC_NNC', 'KEEP_NNC_NNC', 'KEEP_NNC_NNC', 'KEEP_NNC_NNC', 'KEEP_NNC_NNC', 'KEEP_NNC_NNC', 'KEEP_NNC_NNC', 'KEEP_NNC_NNC', 'KEEP_NNC_NNC', 'KEEP_NNC_NNC', 'KEEP_NNC_NNC', 'KEEP_NNC_NNC'], 'distances': [0, 0, 0, 0, 0, 0, 0, 0, 0, 0, 1, 1, 0, 0]}, {'token': 'CCT', 'suggestions': ['KEEP_CCT_CCT', 'KEEP_CCT_CCT', 'KEEP_CCT_CCT', 'KEEP_CCT_CCT', 'KEEP_CCT_CCT', 'KEEP_CCT_CCT', 'KEEP_CCT_CCT', 'KEEP_CCT_CCT', 'KEEP_CCT_CCT', 'SUBSTITUTE_CCT_CCB', 'SUBSTITUTE_CCT_CCB', 'KEEP_CCT_CCT', 'KEEP_CCT_CCT'], 'distances': [0, 0, 0, 0, 0, 0, 0, 0, 0, 1, 1, 0, 0]}, {'token': 'FW', 'suggestions': ['KEEP_FW_FW', 'KEEP_FW_FW', 'KEEP_FW_FW', 'KEEP_FW_FW', 'KEEP_FW_FW', 'KEEP_FW_FW', 'KEEP_FW_FW', 'KEEP_FW_FW', 'KEEP_FW_FW', 'KEEP_FW_FW', 'KEEP_FW_FW'], 'distances': [0, 0, 0, 0, 0, 0, 0, 0, 1, 0, 0]}, {'token': 'FW', 'suggestions': ['KEEP_FW_FW', 'KEEP_FW_FW', 'KEEP_FW_FW', 'KEEP_FW_FW', 'KEEP_FW_FW', 'KEEP_FW_FW', 'KEEP_FW_FW', 'KEEP_FW_FW'], 'distances': [0, 0, 0, 0, 0, 0, 0, 0]}, {'token': 'FW', 'suggestions': ['KEEP_FW_FW', 'KEEP_FW_FW', 'KEEP_FW_FW', 'KEEP_FW_FW'], 'distances': [0, 0, 0, 0]}]"
Matagal na naman iyang ganyang ganyang tsismis,Matagal na naman iyang ganyang tsismis,Matagal na naman iyang ganyang-ganyang tsismis,[],"[{'token': 'JJD', 'suggestions': ['KEEP_JJD_JJD', 'KEEP_JJD_JJD', 'KEEP_JJD_JJD', 'KEEP_JJD_JJD'], 'distances': [0, 0, 1, 2]}, {'token': 'CCP', 'suggestions': ['KEEP_CCP_CCP', 'KEEP_CCP_CCP', 'KEEP_CCP_CCP', 'KEEP_CCP_CCP', 'KEEP_CCP_CCP', 'KEEP_CCP_CCP', 'KEEP_CCP_CCP', 'KEEP_CCP_CCP'], 'distances': [0, 0, 0, 1, 1, 2, 2, 2]}, {'token': 'RBI', 'suggestions': ['KEEP_RBI_RBI', 'KEEP_RBI_RBI', 'KEEP_RBI_RBI', 'SUBSTITUTE_RBI_JJCC', 'KEEP_RBI_RBI', 'KEEP_RBI_RBI', 'KEEP_RBI_RBI', 'KEEP_RBI_RBI', 'KEEP_RBI_RBI', 'SUBSTITUTE_RBI_DTC'], 'distances': [0, 0, 0, 1, 1, 1, 2, 1, 2, 2]}, {'token': 'RBI_CCP', 'suggestions': ['KEEP_RBI_CCP_RBI_CCP', 'KEEP_RBI_CCP_RBI_CCP', 'KEEP_RBI_CCP_RBI_CCP', 'KEEP_RBI_CCP_RBI_CCP', 'KEEP_RBI_CCP_RBI_CCP', 'SUBSTITUTE_RBI_CCP_PRP', 'SUBSTITUTE_RBI_CCP_CCT', 'KEEP_RBI_CCP_RBI_CCP', 'SUBSTITUTE_RBI_CCP_PRP', 'SUBSTITUTE_RBI_CCP_DTCP'], 'distances': [0, 1, 1, 1, 1, 1, 2, 1, 2, 2]}, {'token': 'PRC_CCP', 'suggestions': ['SUBSTITUTE_PRC_CCP_JJD', 'KEEP_PRC_CCP_PRC_CCP', 'SUBSTITUTE_PRC_CCP_VBTS', 'SUBSTITUTE_PRC_CCP_VBTR_CCP', 'SUBSTITUTE_PRC_CCP_NNC', 'SUBSTITUTE_PRC_CCP_DTCP', 'SUBSTITUTE_PRC_CCP_PMP', 'KEEP_PRC_CCP_PRC_CCP'], 'distances': [1, 0, 1, 1, 2, 1, 2, 2]}, {'token': 'NNC', 'suggestions': ['KEEP_NNC_NNC', 'KEEP_NNC_NNC', 'KEEP_NNC_NNC', 'KEEP_NNC_NNC'], 'distances': [0, 1, 1, 2]}]"
Marami rin kasing nagtatrabaho sa sa Maynila na taga-ibang lungsod,Marami rin kasing nagtatrabaho sa Maynila na taga-ibang lungsod,Marami rin kasing nagtatrabaho sa-sa Maynila na tagaibang lungsod,[],"[{'token': 'PRI', 'suggestions': ['KEEP_PRI_PRI', 'KEEP_PRI_PRI', 'KEEP_PRI_PRI', 'KEEP_PRI_PRI'], 'distances': [0, 1, 1, 2]}, {'token': 'RBI', 'suggestions': ['KEEP_RBI_RBI', 'KEEP_RBI_RBI', 'KEEP_RBI_RBI', 'KEEP_RBI_RBI', 'KEEP_RBI_RBI', 'KEEP_RBI_RBI', 'KEEP_RBI_RBI', 'KEEP_RBI_RBI'], 'distances': [0, 0, 1, 1, 1, 2, 2, 2]}, {'token': 'JJCC', 'suggestions': ['KEEP_JJCC_JJCC', 'KEEP_JJCC_JJCC', 'SUBSTITUTE_JJCC_RBI', 'SUBSTITUTE_JJCC_CCT', 'KEEP_JJCC_JJCC', 'SUBSTITUTE_JJCC_DTC', 'SUBSTITUTE_JJCC_DTC', 'SUBSTITUTE_JJCC_CCP', 'SUBSTITUTE_JJCC_LM', 'SUBSTITUTE_JJCC_LM', 'SUBSTITUTE_JJCC_PMC'], 'distances': [0, 0, 1, 1, 1, 1, 2, 2, 2, 2, 2]}, {'token': 'VBTR', 'suggestions': ['KEEP_VBTR_VBTR', 'KEEP_VBTR_VBTR', 'KEEP_VBTR_VBTR', 'SUBSTITUTE_VBTR_CCP', 'KEEP_VBTR_VBTR', 'KEEP_VBTR_VBTR', 'KEEP_VBTR_VBTR', 'KEEP_VBTR_VBTR', 'KEEP_VBTR_VBTR', 'KEEP_VBTR_VBTR', 'KEEP_VBTR_VBTR', 'KEEP_VBTR_VBTR', 'KEEP_VBTR_VBTR'], 'distances': [0, 0, 1, 1, 1, 1, 2, 2, 1, 2, 2, 2, 1]}, {'token': 'JJN', 'suggestions': ['KEEP_JJN_JJN', 'KEEP_JJN_JJN', 'KEEP_JJN_JJN', 'SUBSTITUTE_JJN_RBL', 'SUBSTITUTE_JJN_RBL', 'SUBSTITUTE_JJN_CCB', 'SUBSTITUTE_JJN_CCT', 'SUBSTITUTE_JJN_CCT', 'SUBSTITUTE_JJN_CCB', 'SUBSTITUTE_JJN_CCP', 'SUBSTITUTE_JJN_DTC', 'SUBSTITUTE_JJN_DTP', 'SUBSTITUTE_JJN_DTC', 'SUBSTITUTE_JJN_CCB'], 'distances': [0, 0, 1, 1, 1, 2, 2, 1, 1, 2, 2, 2, 1, 2]}, {'token': 'NNP', 'suggestions': ['KEEP_NNP_NNP', 'KEEP_NNP_NNP', 'KEEP_NNP_NNP', 'KEEP_NNP_NNP', 'KEEP_NNP_NNP', 'KEEP_NNP_NNP', 'KEEP_NNP_NNP', 'KEEP_NNP_NNP', 'KEEP_NNP_NNP', 'KEEP_NNP_NNP', 'KEEP_NNP_NNP', 'KEEP_NNP_NNP', 'SUBSTITUTE_NNP_JJD'], 'distances': [0, 0, 1, 1, 0, 2, 1, 1, 0, 2, 2, 1, 2]}, {'token': 'CCP', 'suggestions': ['KEEP_CCP_CCP', 'KEEP_CCP_CCP', 'KEEP_CCP_CCP', 'KEEP_CCP_CCP', 'KEEP_CCP_CCP', 'KEEP_CCP_CCP', 'KEEP_CCP_CCP', 'KEEP_CCP_CCP', 'KEEP_CCP_CCP', 'KEEP_CCP_CCP', 'KEEP_CCP_CCP'], 'distances': [0, 0, 1, 0, 0, 1, 1, 0, 2, 1, 2]}, {'token': 'NNC', 'suggestions': ['KEEP_NNC_NNC', 'KEEP_NNC_NNC', 'KEEP_NNC_NNC', 'KEEP_NNC_NNC', 'KEEP_NNC_NNC', 'KEEP_NNC_NNC', 'KEEP_NNC_NNC', 'KEEP_NNC_NNC'], 'distances': [0, 0, 0, 0, 1, 0, 1, 2]}, {'token': 'NNC', 'suggestions': ['KEEP_NNC_NNC', 'KEEP_NNC_NNC', 'KEEP_NNC_NNC', 'KEEP_NNC_NNC'], 'distances': [0, 0, 0, 2]}]"
Hindi din daw napag-uusapan sa bahay ng aktor ang tungkol sa trabaho,Hindi rin daw napag-uusapan sa bahay ng aktor ang tungkol sa trabaho,Hindi rin-daw napag-uusapan sa bahay ng aktor ang tungkol sa trabaho,[],"[{'token': 'RBF', 'suggestions': ['KEEP_RBF_RBF', 'KEEP_RBF_RBF', 'KEEP_RBF_RBF', 'KEEP_RBF_RBF'], 'distances': [0, 1, 1, 1]}, {'token': 'JJD', 'suggestions': ['KEEP_JJD_JJD', 'KEEP_JJD_JJD', 'KEEP_JJD_JJD', 'KEEP_JJD_JJD', 'SUBSTITUTE_JJD_PRP', 'SUBSTITUTE_JJD_PMC', 'SUBSTITUTE_JJD_RBI', 'SUBSTITUTE_JJD_CCP'], 'distances': [0, 0, 1, 0, 1, 1, 1, 1]}, {'token': 'VBTR', 'suggestions': ['KEEP_VBTR_VBTR', 'KEEP_VBTR_VBTR', 'SUBSTITUTE_VBTR_CCT', 'KEEP_VBTR_VBTR', 'KEEP_VBTR_VBTR', 'KEEP_VBTR_VBTR', 'KEEP_VBTR_VBTR', 'KEEP_VBTR_VBTR', 'KEEP_VBTR_VBTR', 'KEEP_VBTR_VBTR', 'KEEP_VBTR_VBTR'], 'distances': [0, 0, 1, 0, 0, 1, 1, 0, 1, 1, 0]}, {'token': 'CCT', 'suggestions': ['KEEP_CCT_CCT', 'KEEP_CCT_CCT', 'KEEP_CCT_CCT', 'KEEP_CCT_CCT', 'KEEP_CCT_CCT', 'KEEP_CCT_CCT', 'KEEP_CCT_CCT', 'KEEP_CCT_CCT', 'KEEP_CCT_CCT', 'KEEP_CCT_CCT', 'KEEP_CCT_CCT', 'KEEP_CCT_CCT', 'KEEP_CCT_CCT'], 'distances': [0, 0, 0, 0, 0, 1, 1, 0, 0, 1, 1, 0, 0]}, {'token': 'NNC', 'suggestions': ['KEEP_NNC_NNC', 'KEEP_NNC_NNC', 'KEEP_NNC_NNC', 'KEEP_NNC_NNC', 'KEEP_NNC_NNC', 'KEEP_NNC_NNC', 'KEEP_NNC_NNC', 'KEEP_NNC_NNC', 'KEEP_NNC_NNC', 'KEEP_NNC_NNC', 'KEEP_NNC_NNC', 'KEEP_NNC_NNC', 'KEEP_NNC_NNC', 'KEEP_NNC_NNC'], 'distances': [0, 0, 0, 0, 0, 1, 0, 0, 0, 1, 1, 0, 0, 1]}, {'token': 'CCB', 'suggestions': ['KEEP_CCB_CCB', 'KEEP_CCB_CCB', 'KEEP_CCB_CCB', 'KEEP_CCB_CCB', 'KEEP_CCB_CCB', 'KEEP_CCB_CCB', 'KEEP_CCB_CCB', 'KEEP_CCB_CCB', 'KEEP_CCB_CCB', 'KEEP_CCB_CCB', 'KEEP_CCB_CCB', 'KEEP_CCB_CCB', 'KEEP_CCB_CCB', 'KEEP_CCB_CCB'], 'distances': [0, 0, 0, 0, 0, 0, 0, 0, 0, 1, 0, 0, 1, 0]}, {'token': 'NNC', 'suggestions': ['KEEP_NNC_NNC', 'KEEP_NNC_NNC', 'KEEP_NNC_NNC', 'KEEP_NNC_NNC', 'KEEP_NNC_NNC', 'KEEP_NNC_NNC', 'KEEP_NNC_NNC', 'KEEP_NNC_NNC', 'KEEP_NNC_NNC', 'KEEP_NNC_NNC', 'KEEP_NNC_NNC', 'KEEP_NNC_NNC', 'KEEP_NNC_NNC', 'KEEP_NNC_NNC'], 'distances': [0, 0, 0, 0, 0, 0, 0, 0, 0, 0, 0, 1, 0, 0]}, {'token': 'DTC', 'suggestions': ['KEEP_DTC_DTC', 'KEEP_DTC_DTC', 'KEEP_DTC_DTC', 'KEEP_DTC_DTC', 'KEEP_DTC_DTC', 'KEEP_DTC_DTC', 'KEEP_DTC_DTC', 'KEEP_DTC_DTC', 'KEEP_DTC_DTC', 'KEEP_DTC_DTC', 'KEEP_DTC_DTC', 'KEEP_DTC_DTC', 'KEEP_DTC_DTC'], 'distances': [0, 0, 0, 0, 0, 0, 0, 0, 0, 0, 1, 0, 0]}, {'token': 'RBR', 'suggestions': ['KEEP_RBR_RBR', 'KEEP_RBR_RBR', 'KEEP_RBR_RBR', 'KEEP_RBR_RBR', 'KEEP_RBR_RBR', 'KEEP_RBR_RBR', 'KEEP_RBR_RBR', 'KEEP_RBR_RBR', 'SUBSTITUTE_RBR_VBTF', 'KEEP_RBR_RBR', 'KEEP_RBR_RBR'], 'distances': [0, 0, 0, 0, 0, 0, 0, 0, 1, 0, 0]}, {'token': 'CCT', 'suggestions': ['KEEP_CCT_CCT', 'KEEP_CCT_CCT', 'KEEP_CCT_CCT', 'KEEP_CCT_CCT', 'KEEP_CCT_CCT', 'KEEP_CCT_CCT', 'KEEP_CCT_CCT', 'KEEP_CCT_CCT'], 'distances': [0, 0, 0, 0, 0, 0, 0, 0]}, {'token': 'NNC', 'suggestions': ['KEEP_NNC_NNC', 'KEEP_NNC_NNC', 'KEEP_NNC_NNC', 'KEEP_NNC_NNC'], 'distances': [0, 0, 0, 0]}]"
Subalit hindi naman-umano nag-apply ang LTA Inc,Subalit hindi naman umano nag-apply ang LTA Inc,Subalit hindi naman-umano nag-apply ang LTA Inc,[],"[{'token': 'CCT', 'suggestions': ['KEEP_CCT_CCT', 'KEEP_CCT_CCT', 'KEEP_CCT_CCT', 'KEEP_CCT_CCT'], 'distances': [0, 0, 1, 1]}, {'token': 'RBF', 'suggestions': ['KEEP_RBF_RBF', 'KEEP_RBF_RBF', 'KEEP_RBF_RBF', 'KEEP_RBF_RBF', 'KEEP_RBF_RBF', 'KEEP_RBF_RBF', 'KEEP_RBF_RBF', 'SUBSTITUTE_RBF_NNP'], 'distances': [0, 0, 0, 1, 1, 1, 1, 2]}, {'token': 'VBTR', 'suggestions': ['KEEP_VBTR_VBTR', 'KEEP_VBTR_VBTR', 'KEEP_VBTR_VBTR', 'KEEP_VBTR_VBTR', 'KEEP_VBTR_VBTR', 'KEEP_VBTR_VBTR', 'SUBSTITUTE_VBTR_PRP', 'KEEP_VBTR_VBTR', 'SUBSTITUTE_VBTR_PRP', 'SUBSTITUTE_VBTR_LM', 'KEEP_VBTR_VBTR'], 'distances': [0, 0, 0, 1, 0, 1, 1, 1, 1, 2, 2]}, {'token': 'VBTS', 'suggestions': ['KEEP_VBTS_VBTS', 'KEEP_VBTS_VBTS', 'SUBSTITUTE_VBTS_CCB', 'KEEP_VBTS_VBTS', 'KEEP_VBTS_VBTS', 'SUBSTITUTE_VBTS_DTC', 'KEEP_VBTS_VBTS', 'SUBSTITUTE_VBTS_CCP', 'KEEP_VBTS_VBTS', 'KEEP_VBTS_VBTS', 'KEEP_VBTS_VBTS', 'SUBSTITUTE_VBTS_CCP'], 'distances': [0, 0, 1, 0, 0, 1, 1, 1, 1, 1, 2, 2]}, {'token': 'DTC', 'suggestions': ['KEEP_DTC_DTC', 'KEEP_DTC_DTC', 'KEEP_DTC_DTC', 'KEEP_DTC_DTC', 'KEEP_DTC_DTC', 'KEEP_DTC_DTC', 'KEEP_DTC_DTC', 'KEEP_DTC_DTC', 'KEEP_DTC_DTC', 'KEEP_DTC_DTC', 'KEEP_DTC_DTC'], 'distances': [0, 0, 0, 0, 0, 1, 1, 1, 1, 2, 2]}, {'token': 'NNPA', 'suggestions': ['KEEP_NNPA_NNPA', 'KEEP_NNPA_NNPA', 'KEEP_NNPA_NNPA', 'KEEP_NNPA_NNPA', 'KEEP_NNPA_NNPA', 'KEEP_NNPA_NNPA', 'KEEP_NNPA_NNPA', 'KEEP_NNPA_NNPA'], 'distances': [0, 0, 0, 0, 1, 1, 2, 2]}, {'token': 'NNPA', 'suggestions': ['KEEP_NNPA_NNPA', 'KEEP_NNPA_NNPA', 'SUBSTITUTE_NNPA_NNP', 'SUBSTITUTE_NNPA_LM'], 'distances': [0, 0, 1, 2]}]"
Mabuti na lang at nagkaroon siya ng isang nanay na handa siyang ipaglaban nang patayan,Mabuti na lang at nagkaroon siya ng isang nanay na handa siyang ipaglaban nang patayan,Mabuti na lang at nagkaroon siya ng isang nanay na handa siyang ipaglaban nang patayan,[],"[{'token': 'JJD', 'suggestions': ['KEEP_JJD_JJD', 'KEEP_JJD_JJD', 'KEEP_JJD_JJD', 'KEEP_JJD_JJD'], 'distances': [0, 0, 1, 1]}, {'token': 'RBI', 'suggestions': ['KEEP_RBI_RBI', 'KEEP_RBI_RBI', 'KEEP_RBI_RBI', 'KEEP_RBI_RBI', 'KEEP_RBI_RBI', 'KEEP_RBI_RBI', 'KEEP_RBI_RBI', 'SUBSTITUTE_RBI_NNC'], 'distances': [0, 0, 0, 0, 1, 0, 1, 2]}, {'token': 'RBI', 'suggestions': ['KEEP_RBI_RBI', 'KEEP_RBI_RBI', 'KEEP_RBI_RBI', 'KEEP_RBI_RBI', 'KEEP_RBI_RBI', 'SUBSTITUTE_RBI_PMC', 'KEEP_RBI_RBI', 'SUBSTITUTE_RBI_NNP', 'SUBSTITUTE_RBI_PMC', 'SUBSTITUTE_RBI_PMC', 'SUBSTITUTE_RBI_PMC'], 'distances': [0, 0, 0, 0, 0, 1, 0, 1, 1, 2, 1]}, {'token': 'CCA', 'suggestions': ['KEEP_CCA_CCA', 'KEEP_CCA_CCA', 'KEEP_CCA_CCA', 'KEEP_CCA_CCA', 'KEEP_CCA_CCA', 'KEEP_CCA_CCA', 'KEEP_CCA_CCA', 'KEEP_CCA_CCA', 'KEEP_CCA_CCA', 'KEEP_CCA_CCA', 'KEEP_CCA_CCA', 'KEEP_CCA_CCA', 'KEEP_CCA_CCA'], 'distances': [0, 0, 0, 0, 0, 1, 0, 1, 0, 1, 2, 1, 1]}, {'token': 'VBTS', 'suggestions': ['KEEP_VBTS_VBTS', 'KEEP_VBTS_VBTS', 'KEEP_VBTS_VBTS', 'KEEP_VBTS_VBTS', 'KEEP_VBTS_VBTS', 'KEEP_VBTS_VBTS', 'KEEP_VBTS_VBTS', 'KEEP_VBTS_VBTS', 'KEEP_VBTS_VBTS', 'KEEP_VBTS_VBTS', 'KEEP_VBTS_VBTS', 'KEEP_VBTS_VBTS', 'KEEP_VBTS_VBTS', 'KEEP_VBTS_VBTS'], 'distances': [0, 0, 0, 0, 0, 0, 1, 0, 0, 1, 2, 1, 1, 0]}, {'token': 'PRS', 'suggestions': ['KEEP_PRS_PRS', 'KEEP_PRS_PRS', 'KEEP_PRS_PRS', 'KEEP_PRS_PRS', 'KEEP_PRS_PRS', 'KEEP_PRS_PRS', 'KEEP_PRS_PRS', 'KEEP_PRS_PRS', 'KEEP_PRS_PRS', 'KEEP_PRS_PRS', 'KEEP_PRS_PRS', 'KEEP_PRS_PRS', 'KEEP_PRS_PRS', 'KEEP_PRS_PRS'], 'distances': [0, 0, 0, 0, 0, 1, 0, 0, 0, 2, 1, 1, 0, 0]}, {'token': 'CCB', 'suggestions': ['KEEP_CCB_CCB', 'KEEP_CCB_CCB', 'KEEP_CCB_CCB', 'KEEP_CCB_CCB', 'KEEP_CCB_CCB', 'KEEP_CCB_CCB', 'KEEP_CCB_CCB', 'KEEP_CCB_CCB', 'KEEP_CCB_CCB', 'KEEP_CCB_CCB', 'KEEP_CCB_CCB', 'KEEP_CCB_CCB', 'KEEP_CCB_CCB', 'KEEP_CCB_CCB'], 'distances': [0, 0, 0, 0, 0, 0, 0, 0, 0, 1, 1, 0, 0, 0]}, {'token': 'PRI_CCP', 'suggestions': ['KEEP_PRI_CCP_PRI_CCP', 'KEEP_PRI_CCP_PRI_CCP', 'KEEP_PRI_CCP_PRI_CCP', 'KEEP_PRI_CCP_PRI_CCP', 'KEEP_PRI_CCP_PRI_CCP', 'KEEP_PRI_CCP_PRI_CCP', 'KEEP_PRI_CCP_PRI_CCP', 'KEEP_PRI_CCP_PRI_CCP', 'KEEP_PRI_CCP_PRI_CCP', 'SUBSTITUTE_PRI_CCP_NNC_CCP', 'KEEP_PRI_CCP_PRI_CCP', 'KEEP_PRI_CCP_PRI_CCP', 'KEEP_PRI_CCP_PRI_CCP', 'KEEP_PRI_CCP_PRI_CCP'], 'distances': [0, 0, 0, 0, 0, 0, 0, 0, 0, 1, 0, 0, 0, 1]}, {'token': 'NNC', 'suggestions': ['KEEP_NNC_NNC', 'KEEP_NNC_NNC', 'KEEP_NNC_NNC', 'KEEP_NNC_NNC', 'KEEP_NNC_NNC', 'KEEP_NNC_NNC', 'KEEP_NNC_NNC', 'KEEP_NNC_NNC', 'KEEP_NNC_NNC', 'KEEP_NNC_NNC', 'KEEP_NNC_NNC', 'KEEP_NNC_NNC', 'KEEP_NNC_NNC', 'KEEP_NNC_NNC'], 'distances': [0, 0, 0, 0, 0, 0, 0, 0, 1, 0, 0, 0, 1, 2]}, {'token': 'CCP', 'suggestions': ['KEEP_CCP_CCP', 'KEEP_CCP_CCP', 'KEEP_CCP_CCP', 'KEEP_CCP_CCP', 'KEEP_CCP_CCP', 'KEEP_CCP_CCP', 'KEEP_CCP_CCP', 'KEEP_CCP_CCP', 'KEEP_CCP_CCP', 'KEEP_CCP_CCP', 'KEEP_CCP_CCP', 'KEEP_CCP_CCP', 'KEEP_CCP_CCP', 'KEEP_CCP_CCP'], 'distances': [0, 0, 0, 0, 0, 0, 0, 1, 1, 0, 0, 1, 2, 1]}, {'token': 'JJD', 'suggestions': ['KEEP_JJD_JJD', 'KEEP_JJD_JJD', 'KEEP_JJD_JJD', 'KEEP_JJD_JJD', 'KEEP_JJD_JJD', 'KEEP_JJD_JJD', 'KEEP_JJD_JJD', 'KEEP_JJD_JJD', 'KEEP_JJD_JJD', 'KEEP_JJD_JJD', 'KEEP_JJD_JJD', 'KEEP_JJD_JJD', 'KEEP_JJD_JJD', 'SUBSTITUTE_JJD_VBTF'], 'distances': [0, 0, 0, 0, 1, 0, 1, 1, 1, 0, 1, 2, 1, 2]}, {'token': 'PRS_CCP', 'suggestions': ['KEEP_PRS_CCP_PRS_CCP', 'SUBSTITUTE_PRS_CCP_LM', 'KEEP_PRS_CCP_PRS_CCP', 'KEEP_PRS_CCP_PRS_CCP', 'KEEP_PRS_CCP_PRS_CCP', 'SUBSTITUTE_PRS_CCP_CCB', 'KEEP_PRS_CCP_PRS_CCP', 'SUBSTITUTE_PRS_CCP_CCA', 'KEEP_PRS_CCP_PRS_CCP', 'SUBSTITUTE_PRS_CCP_CCP', 'SUBSTITUTE_PRS_CCP_DTC', 'SUBSTITUTE_PRS_CCP_CCA', 'KEEP_PRS_CCP_PRS_CCP'], 'distances': [0, 1, 0, 1, 1, 1, 1, 1, 1, 1, 2, 1, 2]}, {'token': 'VBOB', 'suggestions': ['KEEP_VBOB_VBOB', 'KEEP_VBOB_VBOB', 'SUBSTITUTE_VBOB_VBOF', 'SUBSTITUTE_VBOB_VBW', 'SUBSTITUTE_VBOB_JJD', 'SUBSTITUTE_VBOB_VBTF', 'KEEP_VBOB_VBOB', 'SUBSTITUTE_VBOB_NNC', 'SUBSTITUTE_VBOB_DTCP', 'KEEP_VBOB_VBOB', 'SUBSTITUTE_VBOB_NNC'], 'distances': [1, 0, 1, 1, 1, 1, 1, 1, 2, 1, 2]}, {'token': 'RBW', 'suggestions': ['KEEP_RBW_RBW', 'KEEP_RBW_RBW', 'KEEP_RBW_RBW', 'KEEP_RBW_RBW', 'KEEP_RBW_RBW', 'KEEP_RBW_RBW', 'KEEP_RBW_RBW', 'KEEP_RBW_RBW'], 'distances': [0, 0, 1, 1, 1, 1, 1, 2]}, {'token': 'NNC', 'suggestions': ['KEEP_NNC_NNC', 'KEEP_NNC_NNC', 'KEEP_NNC_NNC', 'KEEP_NNC_NNC'], 'distances': [0, 1, 1, 2]}]"
Nang kapkapan ay nakuha pa sa pagiingat nito angdalawangpakete ng hinihinalang shabu na nagkakahalaga ng P,Nang kapkapan ay nakuha pa sa pag-iingat nito angdalawangpakete ng hinihinalang shabu na nagkakahalaga ng P,Nang kapkapan ay nakuha pa sa pag-iingat nito angdalawangpakete ng hinihinalang shabu na nagkakahalaga ng P,[],"[{'token': 'RBW', 'suggestions': ['KEEP_RBW_RBW', 'KEEP_RBW_RBW', 'KEEP_RBW_RBW', 'KEEP_RBW_RBW'], 'distances': [0, 1, 1, 2]}, {'token': 'VBOF', 'suggestions': ['KEEP_VBOF_VBOF', 'KEEP_VBOF_VBOF', 'SUBSTITUTE_VBOF_PMC', 'KEEP_VBOF_VBOF', 'SUBSTITUTE_VBOF_PRO', 'SUBSTITUTE_VBOF_NNPA', 'SUBSTITUTE_VBOF_PRS', 'SUBSTITUTE_VBOF_PMC'], 'distances': [0, 0, 1, 0, 1, 1, 2, 1]}, {'token': 'LM', 'suggestions': ['KEEP_LM_LM', 'KEEP_LM_LM', 'KEEP_LM_LM', 'KEEP_LM_LM', 'KEEP_LM_LM', 'KEEP_LM_LM', 'KEEP_LM_LM', 'KEEP_LM_LM', 'KEEP_LM_LM', 'KEEP_LM_LM', 'KEEP_LM_LM'], 'distances': [0, 0, 1, 0, 0, 1, 1, 0, 2, 1, 0]}, {'token': 'VBTS', 'suggestions': ['KEEP_VBTS_VBTS', 'KEEP_VBTS_VBTS', 'KEEP_VBTS_VBTS', 'KEEP_VBTS_VBTS', 'KEEP_VBTS_VBTS', 'KEEP_VBTS_VBTS', 'KEEP_VBTS_VBTS', 'KEEP_VBTS_VBTS', 'KEEP_VBTS_VBTS', 'KEEP_VBTS_VBTS', 'KEEP_VBTS_VBTS', 'KEEP_VBTS_VBTS', 'KEEP_VBTS_VBTS'], 'distances': [0, 0, 0, 0, 0, 1, 1, 0, 0, 2, 1, 0, 1]}, {'token': 'RBI', 'suggestions': ['KEEP_RBI_RBI', 'KEEP_RBI_RBI', 'KEEP_RBI_RBI', 'KEEP_RBI_RBI', 'KEEP_RBI_RBI', 'KEEP_RBI_RBI', 'KEEP_RBI_RBI', 'KEEP_RBI_RBI', 'SUBSTITUTE_RBI_VBW', 'SUBSTITUTE_RBI_CCT', 'KEEP_RBI_RBI', 'KEEP_RBI_RBI', 'KEEP_RBI_RBI', 'KEEP_RBI_RBI'], 'distances': [0, 0, 0, 0, 0, 1, 0, 0, 1, 2, 1, 0, 1, 1]}, {'token': 'CCT', 'suggestions': ['KEEP_CCT_CCT', 'KEEP_CCT_CCT', 'KEEP_CCT_CCT', 'KEEP_CCT_CCT', 'KEEP_CCT_CCT', 'KEEP_CCT_CCT', 'KEEP_CCT_CCT', 'KEEP_CCT_CCT', 'KEEP_CCT_CCT', 'KEEP_CCT_CCT', 'KEEP_CCT_CCT', 'KEEP_CCT_CCT', 'KEEP_CCT_CCT', 'KEEP_CCT_CCT'], 'distances': [0, 0, 0, 0, 0, 0, 0, 1, 1, 1, 0, 1, 1, 1]}, {'token': 'NNC', 'suggestions': ['KEEP_NNC_NNC', 'KEEP_NNC_NNC', 'KEEP_NNC_NNC', 'KEEP_NNC_NNC', 'KEEP_NNC_NNC', 'KEEP_NNC_NNC', 'KEEP_NNC_NNC', 'KEEP_NNC_NNC', 'KEEP_NNC_NNC', 'KEEP_NNC_NNC', 'KEEP_NNC_NNC', 'KEEP_NNC_NNC', 'KEEP_NNC_NNC', 'KEEP_NNC_NNC'], 'distances': [0, 0, 0, 0, 1, 0, 1, 1, 1, 0, 1, 1, 1, 1]}, {'token': 'PRO', 'suggestions': ['KEEP_PRO_PRO', 'KEEP_PRO_PRO', 'KEEP_PRO_PRO', 'KEEP_PRO_PRO', 'KEEP_PRO_PRO', 'KEEP_PRO_PRO', 'SUBSTITUTE_PRO_PMC', 'SUBSTITUTE_PRO_RBW', 'SUBSTITUTE_PRO_DTCP', 'SUBSTITUTE_PRO_PMC', 'SUBSTITUTE_PRO_CCT', 'SUBSTITUTE_PRO_CCA', 'SUBSTITUTE_PRO_CCT', 'SUBSTITUTE_PRO_DTCP'], 'distances': [0, 0, 0, 1, 0, 1, 1, 1, 1, 1, 1, 1, 1, 2]}, {'token': 'NNC', 'suggestions': ['KEEP_NNC_NNC', 'KEEP_NNC_NNC', 'SUBSTITUTE_NNC_LM', 'KEEP_NNC_NNC', 'KEEP_NNC_NNC', 'KEEP_NNC_NNC', 'KEEP_NNC_NNC', 'KEEP_NNC_NNC', 'KEEP_NNC_NNC', 'KEEP_NNC_NNC', 'KEEP_NNC_NNC', 'KEEP_NNC_NNC', 'KEEP_NNC_NNC', 'KEEP_NNC_NNC'], 'distances': [0, 0, 1, 0, 0, 1, 1, 1, 1, 1, 1, 1, 2, 1]}, {'token': 'CCB', 'suggestions': ['KEEP_CCB_CCB', 'KEEP_CCB_CCB', 'KEEP_CCB_CCB', 'KEEP_CCB_CCB', 'KEEP_CCB_CCB', 'KEEP_CCB_CCB', 'KEEP_CCB_CCB', 'KEEP_CCB_CCB', 'KEEP_CCB_CCB', 'KEEP_CCB_CCB', 'KEEP_CCB_CCB', 'KEEP_CCB_CCB', 'KEEP_CCB_CCB', 'KEEP_CCB_CCB'], 'distances': [0, 0, 0, 0, 0, 1, 1, 1, 1, 1, 1, 2, 1, 1]}, {'token': 'RBD_CCP', 'suggestions': ['KEEP_RBD_CCP_RBD_CCP', 'KEEP_RBD_CCP_RBD_CCP', 'KEEP_RBD_CCP_RBD_CCP', 'KEEP_RBD_CCP_RBD_CCP', 'KEEP_RBD_CCP_RBD_CCP', 'KEEP_RBD_CCP_RBD_CCP', 'SUBSTITUTE_RBD_CCP_JJD_CCP', 'SUBSTITUTE_RBD_CCP_PRI_CCP', 'SUBSTITUTE_RBD_CCP_JJCC', 'KEEP_RBD_CCP_RBD_CCP', 'SUBSTITUTE_RBD_CCP_DTCP', 'SUBSTITUTE_RBD_CCP_NNC', 'SUBSTITUTE_RBD_CCP_NNC_CCP', 'SUBSTITUTE_RBD_CCP_NNC_CCP'], 'distances': [0, 0, 0, 0, 0, 1, 1, 1, 1, 1, 2, 1, 1, 1]}, {'token': 'JJD', 'suggestions': ['KEEP_JJD_JJD', 'KEEP_JJD_JJD', 'KEEP_JJD_JJD', 'KEEP_JJD_JJD', 'KEEP_JJD_JJD', 'KEEP_JJD_JJD', 'KEEP_JJD_JJD', 'KEEP_JJD_JJD', 'KEEP_JJD_JJD', 'KEEP_JJD_JJD', 'KEEP_JJD_JJD', 'KEEP_JJD_JJD', 'KEEP_JJD_JJD', 'KEEP_JJD_JJD'], 'distances': [0, 0, 0, 0, 0, 1, 1, 1, 0, 2, 1, 1, 1, 0]}, {'token': 'CCP', 'suggestions': ['KEEP_CCP_CCP', 'KEEP_CCP_CCP', 'KEEP_CCP_CCP', 'KEEP_CCP_CCP', 'KEEP_CCP_CCP', 'KEEP_CCP_CCP', 'KEEP_CCP_CCP', 'KEEP_CCP_CCP', 'KEEP_CCP_CCP', 'KEEP_CCP_CCP', 'KEEP_CCP_CCP', 'KEEP_CCP_CCP', 'KEEP_CCP_CCP'], 'distances': [0, 0, 0, 0, 0, 1, 1, 0, 0, 1, 1, 1, 0]}, {'token': 'VBTR', 'suggestions': ['KEEP_VBTR_VBTR', 'KEEP_VBTR_VBTR', 'KEEP_VBTR_VBTR', 'KEEP_VBTR_VBTR', 'KEEP_VBTR_VBTR', 'KEEP_VBTR_VBTR', 'KEEP_VBTR_VBTR', 'KEEP_VBTR_VBTR', 'KEEP_VBTR_VBTR', 'KEEP_VBTR_VBTR', 'KEEP_VBTR_VBTR'], 'distances': [0, 0, 0, 0, 0, 1, 0, 0, 1, 1, 0]}, {'token': 'CCB', 'suggestions': ['KEEP_CCB_CCB', 'KEEP_CCB_CCB', 'KEEP_CCB_CCB', 'KEEP_CCB_CCB', 'KEEP_CCB_CCB', 'KEEP_CCB_CCB', 'KEEP_CCB_CCB', 'KEEP_CCB_CCB'], 'distances': [0, 0, 0, 0, 0, 0, 1, 0]}, {'token': 'NNP', 'suggestions': ['KEEP_NNP_NNP', 'KEEP_NNP_NNP', 'KEEP_NNP_NNP', 'KEEP_NNP_NNP'], 'distances': [0, 0, 0, 0]}]"
Ang pagsigaw ni Governor Chavit Singson na dati din niyang kaututang-dila,Ang pagsigaw ni Governor Chavit Singson na dati rin niyang kaututang-dila,Ang pagsigaw ni Governor Chavit Singson na dati rin niyang kaututang-dila,[],"[{'token': 'DTC', 'suggestions': ['KEEP_DTC_DTC', 'KEEP_DTC_DTC', 'KEEP_DTC_DTC', 'KEEP_DTC_DTC'], 'distances': [0, 0, 0, 0]}, {'token': 'NNC', 'suggestions': ['KEEP_NNC_NNC', 'KEEP_NNC_NNC', 'KEEP_NNC_NNC', 'KEEP_NNC_NNC', 'KEEP_NNC_NNC', 'KEEP_NNC_NNC', 'KEEP_NNC_NNC', 'KEEP_NNC_NNC'], 'distances': [0, 0, 0, 0, 0, 0, 0, 0]}, {'token': 'DTP', 'suggestions': ['KEEP_DTP_DTP', 'KEEP_DTP_DTP', 'KEEP_DTP_DTP', 'KEEP_DTP_DTP', 'KEEP_DTP_DTP', 'KEEP_DTP_DTP', 'KEEP_DTP_DTP', 'KEEP_DTP_DTP', 'KEEP_DTP_DTP', 'KEEP_DTP_DTP', 'KEEP_DTP_DTP'], 'distances': [0, 0, 0, 0, 0, 0, 0, 0, 0, 0, 0]}, {'token': 'NNP', 'suggestions': ['KEEP_NNP_NNP', 'KEEP_NNP_NNP', 'KEEP_NNP_NNP', 'KEEP_NNP_NNP', 'KEEP_NNP_NNP', 'KEEP_NNP_NNP', 'KEEP_NNP_NNP', 'KEEP_NNP_NNP', 'KEEP_NNP_NNP', 'KEEP_NNP_NNP', 'KEEP_NNP_NNP', 'KEEP_NNP_NNP', 'KEEP_NNP_NNP'], 'distances': [0, 0, 0, 0, 0, 0, 0, 0, 0, 0, 0, 0, 1]}, {'token': 'NNP', 'suggestions': ['KEEP_NNP_NNP', 'KEEP_NNP_NNP', 'KEEP_NNP_NNP', 'KEEP_NNP_NNP', 'KEEP_NNP_NNP', 'KEEP_NNP_NNP', 'KEEP_NNP_NNP', 'KEEP_NNP_NNP', 'KEEP_NNP_NNP', 'KEEP_NNP_NNP', 'KEEP_NNP_NNP', 'KEEP_NNP_NNP', 'KEEP_NNP_NNP', 'KEEP_NNP_NNP'], 'distances': [0, 0, 0, 0, 0, 0, 0, 0, 0, 0, 0, 0, 1, 0]}, {'token': 'NNP', 'suggestions': ['KEEP_NNP_NNP', 'KEEP_NNP_NNP', 'KEEP_NNP_NNP', 'KEEP_NNP_NNP', 'KEEP_NNP_NNP', 'KEEP_NNP_NNP', 'KEEP_NNP_NNP', 'KEEP_NNP_NNP', 'KEEP_NNP_NNP', 'KEEP_NNP_NNP', 'KEEP_NNP_NNP', 'KEEP_NNP_NNP', 'KEEP_NNP_NNP', 'KEEP_NNP_NNP'], 'distances': [0, 0, 0, 0, 0, 0, 0, 0, 0, 0, 0, 1, 0, 1]}, {'token': 'CCP', 'suggestions': ['KEEP_CCP_CCP', 'KEEP_CCP_CCP', 'KEEP_CCP_CCP', 'KEEP_CCP_CCP', 'KEEP_CCP_CCP', 'KEEP_CCP_CCP', 'KEEP_CCP_CCP', 'KEEP_CCP_CCP', 'KEEP_CCP_CCP', 'KEEP_CCP_CCP', 'KEEP_CCP_CCP', 'KEEP_CCP_CCP', 'KEEP_CCP_CCP', 'KEEP_CCP_CCP'], 'distances': [0, 0, 0, 0, 0, 0, 0, 0, 1, 0, 1, 0, 1, 1]}, {'token': 'JJD', 'suggestions': ['KEEP_JJD_JJD', 'KEEP_JJD_JJD', 'KEEP_JJD_JJD', 'KEEP_JJD_JJD', 'KEEP_JJD_JJD', 'KEEP_JJD_JJD', 'KEEP_JJD_JJD', 'KEEP_JJD_JJD', 'KEEP_JJD_JJD', 'SUBSTITUTE_JJD_VBTR', 'KEEP_JJD_JJD', 'KEEP_JJD_JJD', 'KEEP_JJD_JJD'], 'distances': [0, 0, 0, 0, 1, 0, 0, 1, 1, 1, 0, 1, 1]}, {'token': 'RBI', 'suggestions': ['KEEP_RBI_RBI', 'KEEP_RBI_RBI', 'KEEP_RBI_RBI', 'KEEP_RBI_RBI', 'KEEP_RBI_RBI', 'KEEP_RBI_RBI', 'KEEP_RBI_RBI', 'KEEP_RBI_RBI', 'KEEP_RBI_RBI', 'KEEP_RBI_RBI', 'KEEP_RBI_RBI'], 'distances': [0, 0, 0, 1, 0, 0, 1, 1, 0, 1, 1]}, {'token': 'PRS_CCP', 'suggestions': ['KEEP_PRS_CCP_PRS_CCP', 'KEEP_PRS_CCP_PRS_CCP', 'SUBSTITUTE_PRS_CCP_CCT', 'KEEP_PRS_CCP_PRS_CCP', 'SUBSTITUTE_PRS_CCP_PMC', 'SUBSTITUTE_PRS_CCP_CCP', 'SUBSTITUTE_PRS_CCP_CCP', 'SUBSTITUTE_PRS_CCP_CCT'], 'distances': [0, 0, 1, 0, 1, 1, 1, 1]}, {'token': 'NNC', 'suggestions': ['KEEP_NNC_NNC', 'KEEP_NNC_NNC', 'KEEP_NNC_NNC', 'KEEP_NNC_NNC'], 'distances': [0, 0, 1, 1]}]"
“siyempre NAPA-FLATTER po ako,“Siyempre napa-flatter po ako,pito NAPA-FLATTER l ako,[],"[{'token': 'RBT', 'suggestions': ['SUBSTITUTE_RBT_CDB', 'SUBSTITUTE_RBT_CCB', 'SUBSTITUTE_RBT_CCT'], 'distances': [1, 2, 2]}, {'token': 'NNPA', 'suggestions': ['KEEP_NNPA_NNPA', 'KEEP_NNPA_NNPA', 'KEEP_NNPA_NNPA', 'KEEP_NNPA_NNPA', 'KEEP_NNPA_NNPA'], 'distances': [1, 1, 2, 1, 2]}, {'token': 'RBS', 'suggestions': ['SUBSTITUTE_RBS_CDB', 'SUBSTITUTE_RBS_VBW', 'SUBSTITUTE_RBS_JJD', 'SUBSTITUTE_RBS_CCP', 'SUBSTITUTE_RBS_VBTR'], 'distances': [1, 1, 2, 1, 2]}, {'token': 'PRS', 'suggestions': ['KEEP_PRS_PRS', 'KEEP_PRS_PRS', 'KEEP_PRS_PRS'], 'distances': [1, 1, 2]}]"
Mula sa Police applicant kapalit ng pag-aayos ng medical requirements para makapasok sa PNP,Mula sa Police applicant kapalit ng pag-aayos ng medical requirements para makapasok sa PNP,Mula sa Police applicant kapalit ng pag-aayos ng medical requirements para makapasok sa PNP,[],"[{'token': 'RBW', 'suggestions': ['KEEP_RBW_RBW', 'KEEP_RBW_RBW', 'KEEP_RBW_RBW', 'KEEP_RBW_RBW'], 'distances': [0, 0, 0, 1]}, {'token': 'CCT', 'suggestions': ['KEEP_CCT_CCT', 'KEEP_CCT_CCT', 'KEEP_CCT_CCT', 'KEEP_CCT_CCT', 'KEEP_CCT_CCT', 'KEEP_CCT_CCT', 'KEEP_CCT_CCT', 'KEEP_CCT_CCT'], 'distances': [0, 0, 0, 0, 0, 0, 1, 1]}, {'token': 'NNP', 'suggestions': ['KEEP_NNP_NNP', 'KEEP_NNP_NNP', 'KEEP_NNP_NNP', 'KEEP_NNP_NNP', 'KEEP_NNP_NNP', 'KEEP_NNP_NNP', 'KEEP_NNP_NNP', 'KEEP_NNP_NNP', 'KEEP_NNP_NNP', 'KEEP_NNP_NNP', 'KEEP_NNP_NNP'], 'distances': [0, 0, 0, 0, 0, 0, 0, 1, 1, 1, 1]}, {'token': 'FW', 'suggestions': ['KEEP_FW_FW', 'KEEP_FW_FW', 'KEEP_FW_FW', 'KEEP_FW_FW', 'KEEP_FW_FW', 'KEEP_FW_FW', 'KEEP_FW_FW', 'SUBSTITUTE_FW_PMC', 'KEEP_FW_FW', 'SUBSTITUTE_FW_CDB', 'KEEP_FW_FW', 'KEEP_FW_FW', 'KEEP_FW_FW'], 'distances': [0, 0, 0, 0, 0, 0, 0, 1, 1, 1, 1, 1, 1]}, {'token': 'CCB', 'suggestions': ['KEEP_CCB_CCB', 'KEEP_CCB_CCB', 'KEEP_CCB_CCB', 'KEEP_CCB_CCB', 'KEEP_CCB_CCB', 'KEEP_CCB_CCB', 'KEEP_CCB_CCB', 'KEEP_CCB_CCB', 'KEEP_CCB_CCB', 'KEEP_CCB_CCB', 'KEEP_CCB_CCB', 'KEEP_CCB_CCB', 'KEEP_CCB_CCB', 'KEEP_CCB_CCB'], 'distances': [0, 0, 0, 0, 0, 0, 1, 1, 0, 1, 1, 1, 1, 1]}, {'token': 'CCB', 'suggestions': ['KEEP_CCB_CCB', 'KEEP_CCB_CCB', 'KEEP_CCB_CCB', 'KEEP_CCB_CCB', 'KEEP_CCB_CCB', 'KEEP_CCB_CCB', 'DELETE_CCB', 'KEEP_CCB_CCB', 'KEEP_CCB_CCB', 'DELETE_CCB', 'DELETE_CCB', 'SUBSTITUTE_CCB_DTCP', 'SUBSTITUTE_CCB_JJD_CCP', 'KEEP_CCB_CCB'], 'distances': [0, 0, 0, 0, 0, 1, 1, 0, 0, 1, 1, 1, 1, 0]}, {'token': 'NNC', 'suggestions': ['KEEP_NNC_NNC', 'KEEP_NNC_NNC', 'KEEP_NNC_NNC', 'KEEP_NNC_NNC', 'KEEP_NNC_NNC', 'KEEP_NNC_NNC', 'KEEP_NNC_NNC', 'KEEP_NNC_NNC', 'KEEP_NNC_NNC', 'KEEP_NNC_NNC', 'KEEP_NNC_NNC', 'KEEP_NNC_NNC', 'KEEP_NNC_NNC', 'KEEP_NNC_NNC'], 'distances': [0, 0, 0, 0, 0, 1, 0, 0, 0, 1, 1, 1, 0, 0]}, {'token': 'CCB', 'suggestions': ['KEEP_CCB_CCB', 'KEEP_CCB_CCB', 'KEEP_CCB_CCB', 'KEEP_CCB_CCB', 'KEEP_CCB_CCB', 'KEEP_CCB_CCB', 'KEEP_CCB_CCB', 'KEEP_CCB_CCB', 'KEEP_CCB_CCB', 'KEEP_CCB_CCB', 'KEEP_CCB_CCB', 'KEEP_CCB_CCB', 'KEEP_CCB_CCB', 'KEEP_CCB_CCB'], 'distances': [0, 0, 0, 0, 0, 0, 0, 0, 0, 1, 1, 0, 0, 0]}, {'token': 'FW', 'suggestions': ['KEEP_FW_FW', 'KEEP_FW_FW', 'KEEP_FW_FW', 'KEEP_FW_FW', 'KEEP_FW_FW', 'KEEP_FW_FW', 'KEEP_FW_FW', 'KEEP_FW_FW', 'KEEP_FW_FW', 'KEEP_FW_FW', 'KEEP_FW_FW', 'KEEP_FW_FW', 'KEEP_FW_FW', 'KEEP_FW_FW'], 'distances': [0, 0, 0, 0, 0, 0, 0, 0, 0, 1, 0, 0, 0, 1]}, {'token': 'FW', 'suggestions': ['KEEP_FW_FW', 'KEEP_FW_FW', 'KEEP_FW_FW', 'KEEP_FW_FW', 'KEEP_FW_FW', 'KEEP_FW_FW', 'KEEP_FW_FW', 'KEEP_FW_FW', 'SUBSTITUTE_FW_VBOF', 'KEEP_FW_FW', 'KEEP_FW_FW', 'KEEP_FW_FW', 'KEEP_FW_FW', 'DELETE_FW'], 'distances': [0, 0, 0, 0, 0, 0, 0, 0, 1, 0, 0, 0, 1, 2]}, {'token': 'CCT', 'suggestions': ['KEEP_CCT_CCT', 'KEEP_CCT_CCT', 'KEEP_CCT_CCT', 'KEEP_CCT_CCT', 'KEEP_CCT_CCT', 'KEEP_CCT_CCT', 'KEEP_CCT_CCT', 'KEEP_CCT_CCT', 'KEEP_CCT_CCT', 'KEEP_CCT_CCT', 'KEEP_CCT_CCT', 'KEEP_CCT_CCT', 'KEEP_CCT_CCT'], 'distances': [0, 0, 0, 0, 0, 0, 0, 1, 1, 0, 0, 1, 2]}, {'token': 'VBW', 'suggestions': ['KEEP_VBW_VBW', 'KEEP_VBW_VBW', 'KEEP_VBW_VBW', 'KEEP_VBW_VBW', 'KEEP_VBW_VBW', 'KEEP_VBW_VBW', 'KEEP_VBW_VBW', 'KEEP_VBW_VBW', 'KEEP_VBW_VBW', 'SUBSTITUTE_VBW_NNC', 'DELETE_VBW'], 'distances': [0, 0, 0, 0, 0, 0, 1, 1, 0, 1, 2]}, {'token': 'CCT', 'suggestions': ['KEEP_CCT_CCT', 'KEEP_CCT_CCT', 'KEEP_CCT_CCT', 'KEEP_CCT_CCT', 'KEEP_CCT_CCT', 'KEEP_CCT_CCT', 'KEEP_CCT_CCT', 'KEEP_CCT_CCT'], 'distances': [0, 0, 0, 0, 1, 1, 1, 2]}, {'token': 'NNPA', 'suggestions': ['KEEP_NNPA_NNPA', 'KEEP_NNPA_NNPA', 'SUBSTITUTE_NNPA_PRSP_CCP', 'SUBSTITUTE_NNPA_VBW'], 'distances': [0, 0, 1, 2]}]"
Sa ginawang drug test lumabas na positibo sa paggamit ng shabu ang suspek,Sa ginawang drug test lumabas na positibo sa paggamit ng shabu ang suspek,Sa ginawang drug test lumabas na positibo sa paggamit ng shabu ang suspek,[],"[{'token': 'CCT', 'suggestions': ['KEEP_CCT_CCT', 'KEEP_CCT_CCT', 'KEEP_CCT_CCT', 'KEEP_CCT_CCT'], 'distances': [0, 0, 1, 2]}, {'token': 'VBTS_CCP', 'suggestions': ['KEEP_VBTS_CCP_VBTS_CCP', 'KEEP_VBTS_CCP_VBTS_CCP', 'KEEP_VBTS_CCP_VBTS_CCP', 'KEEP_VBTS_CCP_VBTS_CCP', 'SUBSTITUTE_VBTS_CCP_PRSP_CCP', 'SUBSTITUTE_VBTS_CCP_CCA', 'SUBSTITUTE_VBTS_CCP_PRI_CCP', 'DELETE_VBTS_CCP'], 'distances': [0, 0, 0, 0, 1, 2, 2, 2]}, {'token': 'FW', 'suggestions': ['KEEP_FW_FW', 'KEEP_FW_FW', 'KEEP_FW_FW', 'KEEP_FW_FW', 'KEEP_FW_FW', 'KEEP_FW_FW', 'KEEP_FW_FW', 'KEEP_FW_FW', 'KEEP_FW_FW', 'KEEP_FW_FW', 'KEEP_FW_FW'], 'distances': [0, 0, 0, 0, 1, 1, 2, 1, 2, 2, 1]}, {'token': 'FW', 'suggestions': ['KEEP_FW_FW', 'KEEP_FW_FW', 'KEEP_FW_FW', 'KEEP_FW_FW', 'KEEP_FW_FW', 'KEEP_FW_FW', 'KEEP_FW_FW', 'KEEP_FW_FW', 'KEEP_FW_FW', 'KEEP_FW_FW', 'KEEP_FW_FW', 'KEEP_FW_FW', 'KEEP_FW_FW'], 'distances': [0, 0, 0, 1, 0, 1, 2, 1, 1, 2, 2, 1, 1]}, {'token': 'VBAF', 'suggestions': ['KEEP_VBAF_VBAF', 'KEEP_VBAF_VBAF', 'SUBSTITUTE_VBAF_LM', 'KEEP_VBAF_VBAF', 'KEEP_VBAF_VBAF', 'SUBSTITUTE_VBAF_CCP', 'SUBSTITUTE_VBAF_FW_PMS', 'SUBSTITUTE_VBAF_FW', 'KEEP_VBAF_VBAF', 'SUBSTITUTE_VBAF_CCP', 'SUBSTITUTE_VBAF_FW', 'SUBSTITUTE_VBAF_FW', 'SUBSTITUTE_VBAF_FW', 'SUBSTITUTE_VBAF_FW'], 'distances': [0, 0, 1, 0, 0, 2, 1, 1, 0, 2, 2, 1, 1, 1]}, {'token': 'CCP', 'suggestions': ['KEEP_CCP_CCP', 'KEEP_CCP_CCP', 'KEEP_CCP_CCP', 'KEEP_CCP_CCP', 'KEEP_CCP_CCP', 'KEEP_CCP_CCP', 'KEEP_CCP_CCP', 'KEEP_CCP_CCP', 'KEEP_CCP_CCP', 'KEEP_CCP_CCP', 'KEEP_CCP_CCP', 'KEEP_CCP_CCP', 'KEEP_CCP_CCP', 'KEEP_CCP_CCP'], 'distances': [0, 0, 0, 0, 0, 1, 1, 0, 0, 2, 1, 1, 1, 0]}, {'token': 'JJD', 'suggestions': ['KEEP_JJD_JJD', 'KEEP_JJD_JJD', 'KEEP_JJD_JJD', 'KEEP_JJD_JJD', 'KEEP_JJD_JJD', 'KEEP_JJD_JJD', 'KEEP_JJD_JJD', 'KEEP_JJD_JJD', 'KEEP_JJD_JJD', 'KEEP_JJD_JJD', 'KEEP_JJD_JJD', 'KEEP_JJD_JJD', 'KEEP_JJD_JJD', 'KEEP_JJD_JJD'], 'distances': [0, 0, 0, 0, 0, 1, 0, 0, 0, 1, 1, 1, 0, 0]}, {'token': 'CCT', 'suggestions': ['KEEP_CCT_CCT', 'KEEP_CCT_CCT', 'KEEP_CCT_CCT', 'KEEP_CCT_CCT', 'KEEP_CCT_CCT', 'KEEP_CCT_CCT', 'KEEP_CCT_CCT', 'KEEP_CCT_CCT', 'KEEP_CCT_CCT', 'KEEP_CCT_CCT', 'KEEP_CCT_CCT', 'KEEP_CCT_CCT', 'KEEP_CCT_CCT', 'KEEP_CCT_CCT'], 'distances': [0, 0, 0, 0, 0, 0, 0, 0, 0, 1, 1, 0, 0, 0]}, {'token': 'NNC', 'suggestions': ['KEEP_NNC_NNC', 'KEEP_NNC_NNC', 'KEEP_NNC_NNC', 'KEEP_NNC_NNC', 'KEEP_NNC_NNC', 'KEEP_NNC_NNC', 'KEEP_NNC_NNC', 'KEEP_NNC_NNC', 'KEEP_NNC_NNC', 'KEEP_NNC_NNC', 'KEEP_NNC_NNC', 'KEEP_NNC_NNC', 'KEEP_NNC_NNC', 'KEEP_NNC_NNC'], 'distances': [0, 0, 0, 0, 0, 0, 0, 0, 0, 1, 0, 0, 0, 0]}, {'token': 'CCB', 'suggestions': ['KEEP_CCB_CCB', 'KEEP_CCB_CCB', 'KEEP_CCB_CCB', 'KEEP_CCB_CCB', 'KEEP_CCB_CCB', 'KEEP_CCB_CCB', 'KEEP_CCB_CCB', 'KEEP_CCB_CCB', 'KEEP_CCB_CCB', 'KEEP_CCB_CCB', 'KEEP_CCB_CCB', 'KEEP_CCB_CCB', 'KEEP_CCB_CCB'], 'distances': [0, 0, 0, 0, 0, 0, 0, 0, 0, 0, 0, 0, 0]}, {'token': 'FW', 'suggestions': ['KEEP_FW_FW', 'KEEP_FW_FW', 'KEEP_FW_FW', 'KEEP_FW_FW', 'KEEP_FW_FW', 'KEEP_FW_FW', 'KEEP_FW_FW', 'KEEP_FW_FW', 'KEEP_FW_FW', 'KEEP_FW_FW', 'KEEP_FW_FW'], 'distances': [0, 0, 0, 0, 0, 0, 0, 0, 0, 0, 0]}, {'token': 'DTC', 'suggestions': ['KEEP_DTC_DTC', 'KEEP_DTC_DTC', 'KEEP_DTC_DTC', 'KEEP_DTC_DTC', 'KEEP_DTC_DTC', 'KEEP_DTC_DTC', 'KEEP_DTC_DTC', 'KEEP_DTC_DTC'], 'distances': [0, 0, 0, 0, 0, 0, 0, 0]}, {'token': 'NNC', 'suggestions': ['KEEP_NNC_NNC', 'KEEP_NNC_NNC', 'KEEP_NNC_NNC', 'KEEP_NNC_NNC'], 'distances': [0, 0, 0, 0]}]"
Na magsagawa ng state visit upang mas mapalakas ang pagkakaibigan ng ng dalawang bansa,Na magsagawa ng state visit upang mas mapalakas ang pagkakaibigan ng dalawang bansa,Na magsagawa ng state visit upang mas mapalakas ang pagkakaibigan ng-ng dalawang bansa,[],"[{'token': 'CCP', 'suggestions': ['KEEP_CCP_CCP', 'KEEP_CCP_CCP', 'KEEP_CCP_CCP', 'KEEP_CCP_CCP'], 'distances': [0, 0, 0, 0]}, {'token': 'VBW', 'suggestions': ['KEEP_VBW_VBW', 'KEEP_VBW_VBW', 'KEEP_VBW_VBW', 'KEEP_VBW_VBW', 'KEEP_VBW_VBW', 'KEEP_VBW_VBW', 'KEEP_VBW_VBW', 'KEEP_VBW_VBW'], 'distances': [0, 0, 0, 0, 0, 0, 0, 1]}, {'token': 'CCB', 'suggestions': ['KEEP_CCB_CCB', 'KEEP_CCB_CCB', 'KEEP_CCB_CCB', 'KEEP_CCB_CCB', 'KEEP_CCB_CCB', 'KEEP_CCB_CCB', 'KEEP_CCB_CCB', 'KEEP_CCB_CCB', 'KEEP_CCB_CCB', 'KEEP_CCB_CCB', 'KEEP_CCB_CCB'], 'distances': [0, 0, 0, 0, 0, 0, 0, 0, 0, 1, 1]}, {'token': 'FW', 'suggestions': ['KEEP_FW_FW', 'KEEP_FW_FW', 'KEEP_FW_FW', 'KEEP_FW_FW', 'KEEP_FW_FW', 'KEEP_FW_FW', 'KEEP_FW_FW', 'KEEP_FW_FW', 'KEEP_FW_FW', 'KEEP_FW_FW', 'KEEP_FW_FW', 'KEEP_FW_FW', 'KEEP_FW_FW'], 'distances': [0, 0, 0, 0, 0, 0, 0, 0, 1, 0, 1, 1, 2]}, {'token': 'FW', 'suggestions': ['KEEP_FW_FW', 'KEEP_FW_FW', 'KEEP_FW_FW', 'KEEP_FW_FW', 'KEEP_FW_FW', 'KEEP_FW_FW', 'KEEP_FW_FW', 'KEEP_FW_FW', 'SUBSTITUTE_FW_VBTR', 'KEEP_FW_FW', 'KEEP_FW_FW', 'KEEP_FW_FW', 'KEEP_FW_FW', 'SUBSTITUTE_FW_VBW'], 'distances': [0, 0, 0, 0, 0, 0, 0, 1, 1, 0, 1, 1, 2, 1]}, {'token': 'CCB', 'suggestions': ['KEEP_CCB_CCB', 'KEEP_CCB_CCB', 'KEEP_CCB_CCB', 'KEEP_CCB_CCB', 'KEEP_CCB_CCB', 'KEEP_CCB_CCB', 'KEEP_CCB_CCB', 'KEEP_CCB_CCB', 'KEEP_CCB_CCB', 'SUBSTITUTE_CCB_PMP', 'KEEP_CCB_CCB', 'KEEP_CCB_CCB', 'KEEP_CCB_CCB', 'SUBSTITUTE_CCB_LM'], 'distances': [0, 0, 0, 0, 0, 0, 1, 1, 0, 1, 1, 2, 1, 1]}, {'token': 'JJCC', 'suggestions': ['KEEP_JJCC_JJCC', 'KEEP_JJCC_JJCC', 'KEEP_JJCC_JJCC', 'KEEP_JJCC_JJCC', 'KEEP_JJCC_JJCC', 'SUBSTITUTE_JJCC_NNPA', 'KEEP_JJCC_JJCC', 'KEEP_JJCC_JJCC', 'KEEP_JJCC_JJCC', 'SUBSTITUTE_JJCC_VBOF', 'SUBSTITUTE_JJCC_FW', 'KEEP_JJCC_JJCC', 'KEEP_JJCC_JJCC', 'KEEP_JJCC_JJCC'], 'distances': [0, 0, 0, 0, 0, 1, 1, 0, 0, 1, 2, 1, 1, 1]}, {'token': 'JJD', 'suggestions': ['KEEP_JJD_JJD', 'KEEP_JJD_JJD', 'KEEP_JJD_JJD', 'KEEP_JJD_JJD', 'KEEP_JJD_JJD', 'KEEP_JJD_JJD', 'KEEP_JJD_JJD', 'KEEP_JJD_JJD', 'KEEP_JJD_JJD', 'SUBSTITUTE_JJD_FW', 'KEEP_JJD_JJD', 'KEEP_JJD_JJD', 'KEEP_JJD_JJD', 'SUBSTITUTE_JJD_NNP'], 'distances': [0, 0, 0, 0, 0, 1, 0, 0, 1, 2, 1, 1, 1, 2]}, {'token': 'DTC', 'suggestions': ['KEEP_DTC_DTC', 'KEEP_DTC_DTC', 'KEEP_DTC_DTC', 'KEEP_DTC_DTC', 'KEEP_DTC_DTC', 'KEEP_DTC_DTC', 'KEEP_DTC_DTC', 'KEEP_DTC_DTC', 'KEEP_DTC_DTC', 'KEEP_DTC_DTC', 'KEEP_DTC_DTC', 'KEEP_DTC_DTC', 'KEEP_DTC_DTC', 'KEEP_DTC_DTC'], 'distances': [0, 0, 0, 0, 0, 0, 0, 1, 1, 1, 1, 1, 2, 1]}, {'token': 'NNC', 'suggestions': ['KEEP_NNC_NNC', 'KEEP_NNC_NNC', 'KEEP_NNC_NNC', 'KEEP_NNC_NNC', 'SUBSTITUTE_NNC_PRI', 'KEEP_NNC_NNC', 'KEEP_NNC_NNC', 'KEEP_NNC_NNC', 'SUBSTITUTE_NNC_PRI', 'KEEP_NNC_NNC', 'KEEP_NNC_NNC', 'KEEP_NNC_NNC', 'SUBSTITUTE_NNC_PRI'], 'distances': [0, 0, 0, 0, 1, 0, 1, 1, 1, 1, 1, 2, 1]}, {'token': 'RBI_CCP', 'suggestions': ['KEEP_RBI_CCP_RBI_CCP', 'KEEP_RBI_CCP_RBI_CCP', 'KEEP_RBI_CCP_RBI_CCP', 'KEEP_RBI_CCP_RBI_CCP', 'KEEP_RBI_CCP_RBI_CCP', 'SUBSTITUTE_RBI_CCP_CCB', 'SUBSTITUTE_RBI_CCP_LM', 'KEEP_RBI_CCP_RBI_CCP', 'SUBSTITUTE_RBI_CCP_JJC', 'SUBSTITUTE_RBI_CCP_CCT', 'KEEP_RBI_CCP_RBI_CCP'], 'distances': [0, 0, 0, 1, 0, 1, 1, 1, 1, 2, 1]}, {'token': 'JJN_CCP', 'suggestions': ['KEEP_JJN_CCP_JJN_CCP', 'KEEP_JJN_CCP_JJN_CCP', 'KEEP_JJN_CCP_JJN_CCP', 'KEEP_JJN_CCP_JJN_CCP', 'KEEP_JJN_CCP_JJN_CCP', 'KEEP_JJN_CCP_JJN_CCP', 'KEEP_JJN_CCP_JJN_CCP', 'KEEP_JJN_CCP_JJN_CCP'], 'distances': [0, 0, 1, 0, 1, 1, 2, 1]}, {'token': 'NNC', 'suggestions': ['KEEP_NNC_NNC', 'KEEP_NNC_NNC', 'KEEP_NNC_NNC', 'KEEP_NNC_NNC'], 'distances': [0, 0, 1, 1]}]"
Siya pa nga ang lumalapit sa amin nang makita kami,Siya pa nga ang lumapit sa amin nang makita kami,Siya pa nga ang lumalapit sa amin nang makita kami,[],"[{'token': 'PRS', 'suggestions': ['KEEP_PRS_PRS', 'KEEP_PRS_PRS', 'SUBSTITUTE_PRS_NNP', 'SUBSTITUTE_PRS_VBTS'], 'distances': [0, 0, 1, 2]}, {'token': 'RBI', 'suggestions': ['KEEP_RBI_RBI', 'KEEP_RBI_RBI', 'KEEP_RBI_RBI', 'KEEP_RBI_RBI', 'KEEP_RBI_RBI', 'KEEP_RBI_RBI', 'KEEP_RBI_RBI', 'KEEP_RBI_RBI'], 'distances': [0, 0, 0, 0, 1, 0, 2, 1]}, {'token': 'RBI', 'suggestions': ['KEEP_RBI_RBI', 'KEEP_RBI_RBI', 'KEEP_RBI_RBI', 'KEEP_RBI_RBI', 'KEEP_RBI_RBI', 'KEEP_RBI_RBI', 'KEEP_RBI_RBI', 'KEEP_RBI_RBI', 'KEEP_RBI_RBI', 'KEEP_RBI_RBI', 'KEEP_RBI_RBI'], 'distances': [0, 0, 0, 0, 0, 1, 0, 0, 2, 1, 1]}, {'token': 'DTC', 'suggestions': ['KEEP_DTC_DTC', 'KEEP_DTC_DTC', 'KEEP_DTC_DTC', 'KEEP_DTC_DTC', 'KEEP_DTC_DTC', 'KEEP_DTC_DTC', 'KEEP_DTC_DTC', 'KEEP_DTC_DTC', 'KEEP_DTC_DTC', 'KEEP_DTC_DTC', 'KEEP_DTC_DTC', 'KEEP_DTC_DTC', 'KEEP_DTC_DTC'], 'distances': [0, 0, 0, 0, 0, 1, 0, 0, 1, 2, 1, 1, 1]}, {'token': 'VBTR_VBAF', 'suggestions': ['KEEP_VBTR_VBAF_VBTR_VBAF', 'KEEP_VBTR_VBAF_VBTR_VBAF', 'KEEP_VBTR_VBAF_VBTR_VBAF', 'KEEP_VBTR_VBAF_VBTR_VBAF', 'KEEP_VBTR_VBAF_VBTR_VBAF', 'KEEP_VBTR_VBAF_VBTR_VBAF', 'KEEP_VBTR_VBAF_VBTR_VBAF', 'SUBSTITUTE_VBTR_VBAF_PRQ', 'KEEP_VBTR_VBAF_VBTR_VBAF', 'SUBSTITUTE_VBTR_VBAF_DTCP', 'SUBSTITUTE_VBTR_VBAF_VBW', 'KEEP_VBTR_VBAF_VBTR_VBAF', 'SUBSTITUTE_VBTR_VBAF_PRI', 'SUBSTITUTE_VBTR_VBAF_PRI'], 'distances': [0, 0, 0, 0, 0, 0, 0, 1, 1, 2, 1, 1, 1, 1]}, {'token': 'CCT', 'suggestions': ['KEEP_CCT_CCT', 'KEEP_CCT_CCT', 'KEEP_CCT_CCT', 'KEEP_CCT_CCT', 'KEEP_CCT_CCT', 'KEEP_CCT_CCT', 'KEEP_CCT_CCT', 'KEEP_CCT_CCT', 'KEEP_CCT_CCT', 'KEEP_CCT_CCT', 'KEEP_CCT_CCT', 'KEEP_CCT_CCT', 'KEEP_CCT_CCT', 'KEEP_CCT_CCT'], 'distances': [0, 0, 0, 0, 0, 0, 1, 1, 0, 1, 1, 1, 1, 1]}, {'token': 'PRSP', 'suggestions': ['KEEP_PRSP_PRSP', 'KEEP_PRSP_PRSP', 'KEEP_PRSP_PRSP', 'KEEP_PRSP_PRSP', 'KEEP_PRSP_PRSP', 'KEEP_PRSP_PRSP', 'KEEP_PRSP_PRSP', 'KEEP_PRSP_PRSP', 'SUBSTITUTE_PRSP_PRO', 'SUBSTITUTE_PRSP_NNC', 'KEEP_PRSP_PRSP', 'KEEP_PRSP_PRSP', 'KEEP_PRSP_PRSP'], 'distances': [0, 0, 0, 0, 0, 1, 1, 0, 1, 1, 1, 1, 1]}, {'token': 'RBW', 'suggestions': ['KEEP_RBW_RBW', 'KEEP_RBW_RBW', 'KEEP_RBW_RBW', 'KEEP_RBW_RBW', 'KEEP_RBW_RBW', 'SUBSTITUTE_RBW_CCT', 'KEEP_RBW_RBW', 'KEEP_RBW_RBW', 'KEEP_RBW_RBW', 'KEEP_RBW_RBW', 'KEEP_RBW_RBW'], 'distances': [0, 0, 0, 0, 0, 1, 0, 1, 1, 1, 1]}, {'token': 'VBW', 'suggestions': ['KEEP_VBW_VBW', 'KEEP_VBW_VBW', 'KEEP_VBW_VBW', 'KEEP_VBW_VBW', 'KEEP_VBW_VBW', 'KEEP_VBW_VBW', 'KEEP_VBW_VBW', 'KEEP_VBW_VBW'], 'distances': [0, 0, 0, 0, 0, 1, 1, 1]}, {'token': 'PRP', 'suggestions': ['KEEP_PRP_PRP', 'KEEP_PRP_PRP', 'KEEP_PRP_PRP', 'SUBSTITUTE_PRP_PRS'], 'distances': [0, 0, 1, 1]}]"
Maaari ng maglaro ang World No,Maaari nang maglaro ang World No,Maaari ng maglaro ang World No,[],"[{'token': 'VBS', 'suggestions': ['KEEP_VBS_VBS', 'KEEP_VBS_VBS', 'SUBSTITUTE_VBS_NNC', 'KEEP_VBS_VBS'], 'distances': [0, 1, 1, 2]}, {'token': 'CCB', 'suggestions': ['KEEP_CCB_CCB', 'KEEP_CCB_CCB', 'SUBSTITUTE_CCB_CCP', 'KEEP_CCB_CCB', 'KEEP_CCB_CCB', 'SUBSTITUTE_CCB_RBW', 'KEEP_CCB_CCB', 'KEEP_CCB_CCB'], 'distances': [0, 0, 1, 0, 1, 1, 2, 1]}, {'token': 'VBAF', 'suggestions': ['KEEP_VBAF_VBAF', 'KEEP_VBAF_VBAF', 'KEEP_VBAF_VBAF', 'KEEP_VBAF_VBAF', 'KEEP_VBAF_VBAF', 'KEEP_VBAF_VBAF', 'KEEP_VBAF_VBAF', 'KEEP_VBAF_VBAF', 'SUBSTITUTE_VBAF_NNP', 'SUBSTITUTE_VBAF_VBW'], 'distances': [0, 0, 1, 0, 0, 1, 1, 0, 2, 1]}, {'token': 'DTC', 'suggestions': ['KEEP_DTC_DTC', 'KEEP_DTC_DTC', 'KEEP_DTC_DTC', 'KEEP_DTC_DTC', 'KEEP_DTC_DTC', 'KEEP_DTC_DTC', 'KEEP_DTC_DTC', 'KEEP_DTC_DTC', 'DELETE_DTC', 'KEEP_DTC_DTC'], 'distances': [0, 0, 0, 0, 0, 1, 1, 0, 2, 1]}, {'token': 'NNP', 'suggestions': ['KEEP_NNP_NNP', 'KEEP_NNP_NNP', 'KEEP_NNP_NNP', 'KEEP_NNP_NNP', 'KEEP_NNP_NNP', 'KEEP_NNP_NNP', 'KEEP_NNP_NNP', 'KEEP_NNP_NNP'], 'distances': [0, 0, 0, 0, 1, 0, 2, 1]}, {'token': 'NNP', 'suggestions': ['KEEP_NNP_NNP', 'KEEP_NNP_NNP', 'KEEP_NNP_NNP', 'KEEP_NNP_NNP'], 'distances': [0, 0, 0, 1]}]"
Iga-guide ka Niya as long as wala kang tinatapakang tao” dagdag pa nang binata,Iga-guide ka Niya as long as wala kang tinatapakang tao” dagdag pa ng binata,Iga-guide ka Niya as long as wala kang tinatapakang tao dag-dag pa nang binata,[],"[{'token': 'VBTS', 'suggestions': ['KEEP_VBTS_VBTS', 'KEEP_VBTS_VBTS', 'KEEP_VBTS_VBTS', 'KEEP_VBTS_VBTS'], 'distances': [0, 1, 1, 1]}, {'token': 'PRS', 'suggestions': ['KEEP_PRS_PRS', 'KEEP_PRS_PRS', 'SUBSTITUTE_PRS_CCT', 'KEEP_PRS_PRS', 'KEEP_PRS_PRS', 'SUBSTITUTE_PRS_FW', 'KEEP_PRS_PRS', 'DELETE_PRS'], 'distances': [0, 0, 1, 1, 1, 1, 1, 1]}, {'token': 'NNP', 'suggestions': ['KEEP_NNP_NNP', 'KEEP_NNP_NNP', 'KEEP_NNP_NNP', 'SUBSTITUTE_NNP_CCB', 'KEEP_NNP_NNP', 'SUBSTITUTE_NNP_CCB', 'KEEP_NNP_NNP', 'KEEP_NNP_NNP', 'SUBSTITUTE_NNP_CCB', 'KEEP_NNP_NNP', 'KEEP_NNP_NNP'], 'distances': [0, 0, 1, 1, 0, 1, 1, 0, 1, 1, 1]}, {'token': 'FW', 'suggestions': ['KEEP_FW_FW', 'KEEP_FW_FW', 'KEEP_FW_FW', 'KEEP_FW_FW', 'KEEP_FW_FW', 'KEEP_FW_FW', 'KEEP_FW_FW', 'KEEP_FW_FW', 'KEEP_FW_FW', 'KEEP_FW_FW', 'KEEP_FW_FW', 'KEEP_FW_FW', 'KEEP_FW_FW'], 'distances': [0, 0, 1, 0, 0, 1, 1, 0, 1, 1, 1, 1, 2]}, {'token': 'FW', 'suggestions': ['KEEP_FW_FW', 'KEEP_FW_FW', 'KEEP_FW_FW', 'KEEP_FW_FW', 'KEEP_FW_FW', 'KEEP_FW_FW', 'KEEP_FW_FW', 'KEEP_FW_FW', 'KEEP_FW_FW', 'KEEP_FW_FW', 'KEEP_FW_FW', 'KEEP_FW_FW', 'KEEP_FW_FW', 'KEEP_FW_FW'], 'distances': [0, 0, 0, 0, 1, 1, 0, 1, 2, 1, 1, 1, 2, 2]}, {'token': 'FW', 'suggestions': ['KEEP_FW_FW', 'KEEP_FW_FW', 'KEEP_FW_FW', 'KEEP_FW_FW', 'SUBSTITUTE_FW_CCA', 'KEEP_FW_FW', 'KEEP_FW_FW', 'KEEP_FW_FW', 'SUBSTITUTE_FW_CCP', 'KEEP_FW_FW', 'KEEP_FW_FW', 'KEEP_FW_FW', 'KEEP_FW_FW', 'SUBSTITUTE_FW_CCP'], 'distances': [0, 1, 0, 1, 1, 0, 1, 2, 2, 1, 1, 2, 2, 2]}, {'token': 'VBN', 'suggestions': ['SUBSTITUTE_VBN_PMP', 'KEEP_VBN_VBN', 'SUBSTITUTE_VBN_LM', 'KEEP_VBN_VBN', 'KEEP_VBN_VBN', 'SUBSTITUTE_VBN_PMS_NNPA_PMS', 'SUBSTITUTE_VBN_CCP', 'KEEP_VBN_VBN', 'KEEP_VBN_VBN', 'SUBSTITUTE_VBN_NNP', 'SUBSTITUTE_VBN_FW', 'SUBSTITUTE_VBN_CCB', 'KEEP_VBN_VBN', 'SUBSTITUTE_VBN_PRI_CCP'], 'distances': [1, 0, 1, 1, 1, 1, 2, 2, 1, 1, 2, 2, 2, 2]}, {'token': 'PRS_CCP', 'suggestions': ['KEEP_PRS_CCP_PRS_CCP', 'KEEP_PRS_CCP_PRS_CCP', 'KEEP_PRS_CCP_PRS_CCP', 'KEEP_PRS_CCP_PRS_CCP', 'KEEP_PRS_CCP_PRS_CCP', 'SUBSTITUTE_PRS_CCP_PRO', 'KEEP_PRS_CCP_PRS_CCP', 'KEEP_PRS_CCP_PRS_CCP', 'SUBSTITUTE_PRS_CCP_RBF', 'SUBSTITUTE_PRS_CCP_CCT', 'SUBSTITUTE_PRS_CCP_PRI_CCP', 'SUBSTITUTE_PRS_CCP_RBI_CCP', 'SUBSTITUTE_PRS_CCP_RBF', 'SUBSTITUTE_PRS_CCP_RBF'], 'distances': [0, 0, 1, 1, 0, 2, 2, 1, 1, 2, 2, 2, 2, 2]}, {'token': 'VBTR_CCP', 'suggestions': ['KEEP_VBTR_CCP_VBTR_CCP', 'KEEP_VBTR_CCP_VBTR_CCP', 'SUBSTITUTE_VBTR_CCP_VBOF', 'KEEP_VBTR_CCP_VBTR_CCP', 'KEEP_VBTR_CCP_VBTR_CCP', 'SUBSTITUTE_VBTR_CCP_NNC', 'SUBSTITUTE_VBTR_CCP_JJD_CCP', 'KEEP_VBTR_CCP_VBTR_CCP', 'KEEP_VBTR_CCP_VBTR_CCP', 'KEEP_VBTR_CCP_VBTR_CCP', 'KEEP_VBTR_CCP_VBTR_CCP', 'KEEP_VBTR_CCP_VBTR_CCP', 'KEEP_VBTR_CCP_VBTR_CCP', 'SUBSTITUTE_VBTR_CCP_CCP'], 'distances': [0, 0, 1, 0, 0, 2, 1, 1, 1, 2, 2, 2, 2, 2]}, {'token': 'NNC', 'suggestions': ['KEEP_NNC_NNC', 'KEEP_NNC_NNC', 'KEEP_NNC_NNC', 'KEEP_NNC_NNC', 'KEEP_NNC_NNC', 'KEEP_NNC_NNC', 'KEEP_NNC_NNC', 'KEEP_NNC_NNC', 'KEEP_NNC_NNC', 'KEEP_NNC_NNC', 'KEEP_NNC_NNC', 'KEEP_NNC_NNC', 'KEEP_NNC_NNC', 'KEEP_NNC_NNC'], 'distances': [0, 0, 0, 0, 1, 1, 1, 1, 1, 2, 2, 2, 2, 2]}, {'token': 'JJD', 'suggestions': ['KEEP_JJD_JJD', 'KEEP_JJD_JJD', 'KEEP_JJD_JJD', 'KEEP_JJD_JJD', 'KEEP_JJD_JJD', 'KEEP_JJD_JJD', 'KEEP_JJD_JJD', 'KEEP_JJD_JJD', 'KEEP_JJD_JJD', 'KEEP_JJD_JJD', 'KEEP_JJD_JJD', 'KEEP_JJD_JJD', 'KEEP_JJD_JJD'], 'distances': [0, 0, 0, 1, 0, 1, 1, 1, 1, 2, 2, 2, 2]}, {'token': 'RBI', 'suggestions': ['KEEP_RBI_RBI', 'KEEP_RBI_RBI', 'SUBSTITUTE_RBI_RBL', 'KEEP_RBI_RBI', 'KEEP_RBI_RBI', 'SUBSTITUTE_RBI_PMC', 'SUBSTITUTE_RBI_CCB', 'KEEP_RBI_RBI', 'SUBSTITUTE_RBI_PMC', 'DELETE_RBI', 'SUBSTITUTE_RBI_CCT'], 'distances': [0, 0, 1, 0, 1, 1, 1, 1, 2, 2, 2]}, {'token': 'RBW', 'suggestions': ['KEEP_RBW_RBW', 'KEEP_RBW_RBW', 'KEEP_RBW_RBW', 'SUBSTITUTE_RBW_RBW_CCP', 'KEEP_RBW_RBW', 'SUBSTITUTE_RBW_CCP', 'KEEP_RBW_RBW', 'SUBSTITUTE_RBW_PRI_CCP'], 'distances': [0, 0, 0, 1, 1, 1, 2, 2]}, {'token': 'NNC', 'suggestions': ['KEEP_NNC_NNC', 'KEEP_NNC_NNC', 'KEEP_NNC_NNC', 'KEEP_NNC_NNC'], 'distances': [0, 1, 1, 2]}]"
Aminado ang isang suspek na nagsusuplay sila sa mga tulak ng shabu,Aminado ang isang suspek na nagsusuplay sila sa mga tulak ng shabu,Aminado ang isang suspek na nagsusuplay sila sa mga tulak ng shabu,[],"[{'token': 'JJD', 'suggestions': ['KEEP_JJD_JJD', 'KEEP_JJD_JJD', 'KEEP_JJD_JJD', 'KEEP_JJD_JJD'], 'distances': [0, 0, 0, 0]}, {'token': 'DTC', 'suggestions': ['KEEP_DTC_DTC', 'KEEP_DTC_DTC', 'KEEP_DTC_DTC', 'KEEP_DTC_DTC', 'KEEP_DTC_DTC', 'KEEP_DTC_DTC', 'KEEP_DTC_DTC', 'KEEP_DTC_DTC'], 'distances': [0, 0, 0, 0, 0, 0, 0, 0]}, {'token': 'PRI_CCP', 'suggestions': ['KEEP_PRI_CCP_PRI_CCP', 'KEEP_PRI_CCP_PRI_CCP', 'KEEP_PRI_CCP_PRI_CCP', 'KEEP_PRI_CCP_PRI_CCP', 'KEEP_PRI_CCP_PRI_CCP', 'KEEP_PRI_CCP_PRI_CCP', 'KEEP_PRI_CCP_PRI_CCP', 'KEEP_PRI_CCP_PRI_CCP', 'KEEP_PRI_CCP_PRI_CCP', 'KEEP_PRI_CCP_PRI_CCP', 'SUBSTITUTE_PRI_CCP_CCB'], 'distances': [0, 0, 0, 0, 0, 0, 0, 0, 0, 0, 1]}, {'token': 'NNC', 'suggestions': ['KEEP_NNC_NNC', 'KEEP_NNC_NNC', 'KEEP_NNC_NNC', 'KEEP_NNC_NNC', 'KEEP_NNC_NNC', 'KEEP_NNC_NNC', 'KEEP_NNC_NNC', 'KEEP_NNC_NNC', 'KEEP_NNC_NNC', 'KEEP_NNC_NNC', 'KEEP_NNC_NNC', 'KEEP_NNC_NNC', 'KEEP_NNC_NNC'], 'distances': [0, 0, 0, 0, 0, 0, 0, 0, 0, 0, 0, 1, 0]}, {'token': 'CCP', 'suggestions': ['KEEP_CCP_CCP', 'KEEP_CCP_CCP', 'KEEP_CCP_CCP', 'KEEP_CCP_CCP', 'KEEP_CCP_CCP', 'KEEP_CCP_CCP', 'KEEP_CCP_CCP', 'KEEP_CCP_CCP', 'KEEP_CCP_CCP', 'KEEP_CCP_CCP', 'KEEP_CCP_CCP', 'KEEP_CCP_CCP', 'KEEP_CCP_CCP', 'KEEP_CCP_CCP'], 'distances': [0, 0, 0, 0, 0, 0, 0, 0, 0, 0, 0, 1, 0, 1]}, {'token': 'VBTR', 'suggestions': ['KEEP_VBTR_VBTR', 'KEEP_VBTR_VBTR', 'KEEP_VBTR_VBTR', 'KEEP_VBTR_VBTR', 'KEEP_VBTR_VBTR', 'KEEP_VBTR_VBTR', 'KEEP_VBTR_VBTR', 'KEEP_VBTR_VBTR', 'KEEP_VBTR_VBTR', 'KEEP_VBTR_VBTR', 'KEEP_VBTR_VBTR', 'KEEP_VBTR_VBTR', 'KEEP_VBTR_VBTR', 'KEEP_VBTR_VBTR'], 'distances': [0, 0, 0, 0, 0, 0, 0, 0, 0, 0, 1, 0, 1, 0]}, {'token': 'PRP', 'suggestions': ['KEEP_PRP_PRP', 'KEEP_PRP_PRP', 'KEEP_PRP_PRP', 'KEEP_PRP_PRP', 'KEEP_PRP_PRP', 'KEEP_PRP_PRP', 'KEEP_PRP_PRP', 'KEEP_PRP_PRP', 'KEEP_PRP_PRP', 'KEEP_PRP_PRP', 'KEEP_PRP_PRP', 'SUBSTITUTE_PRP_NNC', 'KEEP_PRP_PRP', 'KEEP_PRP_PRP'], 'distances': [0, 0, 0, 0, 0, 0, 0, 0, 0, 1, 0, 1, 0, 0]}, {'token': 'CCT', 'suggestions': ['KEEP_CCT_CCT', 'KEEP_CCT_CCT', 'KEEP_CCT_CCT', 'KEEP_CCT_CCT', 'KEEP_CCT_CCT', 'KEEP_CCT_CCT', 'KEEP_CCT_CCT', 'KEEP_CCT_CCT', 'KEEP_CCT_CCT', 'KEEP_CCT_CCT', 'KEEP_CCT_CCT', 'KEEP_CCT_CCT', 'KEEP_CCT_CCT', 'KEEP_CCT_CCT'], 'distances': [0, 0, 0, 0, 0, 0, 0, 0, 0, 0, 1, 0, 0, 0]}, {'token': 'DTCP', 'suggestions': ['KEEP_DTCP_DTCP', 'KEEP_DTCP_DTCP', 'KEEP_DTCP_DTCP', 'KEEP_DTCP_DTCP', 'KEEP_DTCP_DTCP', 'KEEP_DTCP_DTCP', 'KEEP_DTCP_DTCP', 'KEEP_DTCP_DTCP', 'KEEP_DTCP_DTCP', 'KEEP_DTCP_DTCP', 'KEEP_DTCP_DTCP', 'KEEP_DTCP_DTCP', 'KEEP_DTCP_DTCP'], 'distances': [0, 0, 0, 0, 0, 0, 0, 0, 0, 1, 0, 0, 0]}, {'token': 'NNC', 'suggestions': ['KEEP_NNC_NNC', 'KEEP_NNC_NNC', 'KEEP_NNC_NNC', 'KEEP_NNC_NNC', 'KEEP_NNC_NNC', 'KEEP_NNC_NNC', 'KEEP_NNC_NNC', 'KEEP_NNC_NNC', 'KEEP_NNC_NNC', 'KEEP_NNC_NNC', 'KEEP_NNC_NNC'], 'distances': [0, 0, 0, 0, 0, 0, 0, 0, 0, 0, 0]}, {'token': 'CCB', 'suggestions': ['KEEP_CCB_CCB', 'KEEP_CCB_CCB', 'KEEP_CCB_CCB', 'KEEP_CCB_CCB', 'KEEP_CCB_CCB', 'KEEP_CCB_CCB', 'KEEP_CCB_CCB', 'KEEP_CCB_CCB'], 'distances': [0, 0, 0, 0, 0, 0, 0, 0]}, {'token': 'NNC', 'suggestions': ['KEEP_NNC_NNC', 'KEEP_NNC_NNC', 'KEEP_NNC_NNC', 'KEEP_NNC_NNC'], 'distances': [0, 0, 0, 0]}]"
Narekober sa kay Cubos angisang kalibre,Narekober sa kay Cubos ang isang kalibre,Narekober sa kay Cubos angisang kalibre,[],"[{'token': 'VBTS', 'suggestions': ['KEEP_VBTS_VBTS', 'KEEP_VBTS_VBTS', 'KEEP_VBTS_VBTS', 'KEEP_VBTS_VBTS'], 'distances': [0, 0, 0, 1]}, {'token': 'CCT', 'suggestions': ['KEEP_CCT_CCT', 'KEEP_CCT_CCT', 'KEEP_CCT_CCT', 'KEEP_CCT_CCT', 'KEEP_CCT_CCT', 'KEEP_CCT_CCT', 'KEEP_CCT_CCT', 'KEEP_CCT_CCT'], 'distances': [0, 0, 0, 0, 0, 1, 1, 1]}, {'token': 'DTP', 'suggestions': ['KEEP_DTP_DTP', 'KEEP_DTP_DTP', 'KEEP_DTP_DTP', 'KEEP_DTP_DTP', 'KEEP_DTP_DTP', 'KEEP_DTP_DTP', 'KEEP_DTP_DTP', 'KEEP_DTP_DTP', 'KEEP_DTP_DTP', 'KEEP_DTP_DTP'], 'distances': [0, 0, 0, 0, 1, 0, 1, 1, 1, 1]}, {'token': 'NNP', 'suggestions': ['KEEP_NNP_NNP', 'KEEP_NNP_NNP', 'KEEP_NNP_NNP', 'SUBSTITUTE_NNP_JJD_CCP', 'KEEP_NNP_NNP', 'KEEP_NNP_NNP', 'KEEP_NNP_NNP', 'KEEP_NNP_NNP', 'KEEP_NNP_NNP', 'KEEP_NNP_NNP'], 'distances': [0, 0, 0, 1, 0, 0, 1, 1, 1, 1]}, {'token': 'NNC_CCP', 'suggestions': ['KEEP_NNC_CCP_NNC_CCP', 'KEEP_NNC_CCP_NNC_CCP', 'KEEP_NNC_CCP_NNC_CCP', 'KEEP_NNC_CCP_NNC_CCP', 'SUBSTITUTE_NNC_CCP_CCT', 'SUBSTITUTE_NNC_CCP_RBW_CCP', 'SUBSTITUTE_NNC_CCP_NNP', 'SUBSTITUTE_NNC_CCP_PMC'], 'distances': [0, 0, 1, 0, 1, 1, 1, 1]}, {'token': 'NNC', 'suggestions': ['KEEP_NNC_NNC', 'KEEP_NNC_NNC', 'KEEP_NNC_NNC', 'KEEP_NNC_NNC'], 'distances': [0, 0, 1, 1]}]"
Matapos magkaroon nang trabaho sunod na hinanapan si Jeff ng maayos na tirahan,Matapos magkaroon ng trabaho sunod na hinanapan si Jeff ng maayos na tirahan,Matapos magkaroon nang trabaho sunod na hinanapan si Jeff ng maayos na tirahan,[],"[{'token': 'VBW', 'suggestions': ['KEEP_VBW_VBW', 'KEEP_VBW_VBW', 'KEEP_VBW_VBW', 'KEEP_VBW_VBW'], 'distances': [0, 1, 1, 2]}, {'token': 'VBH', 'suggestions': ['KEEP_VBH_VBH', 'KEEP_VBH_VBH', 'SUBSTITUTE_VBH_VBAF', 'KEEP_VBH_VBH', 'SUBSTITUTE_VBH_JJD', 'SUBSTITUTE_VBH_NNC', 'SUBSTITUTE_VBH_VBOF', 'SUBSTITUTE_VBH_NNC'], 'distances': [0, 0, 1, 0, 1, 1, 2, 1]}, {'token': 'CCB', 'suggestions': ['KEEP_CCB_CCB', 'KEEP_CCB_CCB', 'KEEP_CCB_CCB', 'KEEP_CCB_CCB', 'KEEP_CCB_CCB', 'KEEP_CCB_CCB', 'KEEP_CCB_CCB', 'KEEP_CCB_CCB', 'KEEP_CCB_CCB', 'KEEP_CCB_CCB', 'KEEP_CCB_CCB'], 'distances': [0, 0, 1, 0, 0, 1, 1, 0, 2, 1, 0]}, {'token': 'NNC', 'suggestions': ['KEEP_NNC_NNC', 'KEEP_NNC_NNC', 'KEEP_NNC_NNC', 'KEEP_NNC_NNC', 'KEEP_NNC_NNC', 'KEEP_NNC_NNC', 'KEEP_NNC_NNC', 'KEEP_NNC_NNC', 'KEEP_NNC_NNC', 'KEEP_NNC_NNC', 'KEEP_NNC_NNC', 'KEEP_NNC_NNC', 'SUBSTITUTE_NNC_CCT'], 'distances': [0, 0, 0, 0, 0, 1, 1, 0, 0, 2, 1, 0, 1]}, {'token': 'JJD', 'suggestions': ['KEEP_JJD_JJD', 'KEEP_JJD_JJD', 'KEEP_JJD_JJD', 'KEEP_JJD_JJD', 'KEEP_JJD_JJD', 'KEEP_JJD_JJD', 'KEEP_JJD_JJD', 'KEEP_JJD_JJD', 'KEEP_JJD_JJD', 'SUBSTITUTE_JJD_CCB', 'KEEP_JJD_JJD', 'KEEP_JJD_JJD', 'KEEP_JJD_JJD', 'KEEP_JJD_JJD'], 'distances': [0, 0, 0, 0, 0, 1, 0, 0, 0, 2, 1, 0, 1, 0]}, {'token': 'CCP', 'suggestions': ['KEEP_CCP_CCP', 'KEEP_CCP_CCP', 'KEEP_CCP_CCP', 'KEEP_CCP_CCP', 'KEEP_CCP_CCP', 'KEEP_CCP_CCP', 'KEEP_CCP_CCP', 'KEEP_CCP_CCP', 'KEEP_CCP_CCP', 'KEEP_CCP_CCP', 'KEEP_CCP_CCP', 'KEEP_CCP_CCP', 'KEEP_CCP_CCP', 'KEEP_CCP_CCP'], 'distances': [0, 0, 0, 0, 0, 0, 0, 0, 0, 1, 0, 1, 0, 0]}, {'token': 'VBTS', 'suggestions': ['KEEP_VBTS_VBTS', 'KEEP_VBTS_VBTS', 'KEEP_VBTS_VBTS', 'KEEP_VBTS_VBTS', 'KEEP_VBTS_VBTS', 'KEEP_VBTS_VBTS', 'KEEP_VBTS_VBTS', 'KEEP_VBTS_VBTS', 'KEEP_VBTS_VBTS', 'KEEP_VBTS_VBTS', 'KEEP_VBTS_VBTS', 'KEEP_VBTS_VBTS', 'KEEP_VBTS_VBTS', 'KEEP_VBTS_VBTS'], 'distances': [0, 0, 0, 0, 0, 0, 0, 0, 0, 0, 1, 0, 0, 0]}, {'token': 'DTP', 'suggestions': ['KEEP_DTP_DTP', 'KEEP_DTP_DTP', 'KEEP_DTP_DTP', 'KEEP_DTP_DTP', 'KEEP_DTP_DTP', 'KEEP_DTP_DTP', 'KEEP_DTP_DTP', 'KEEP_DTP_DTP', 'KEEP_DTP_DTP', 'KEEP_DTP_DTP', 'KEEP_DTP_DTP', 'KEEP_DTP_DTP', 'KEEP_DTP_DTP', 'KEEP_DTP_DTP'], 'distances': [0, 0, 0, 0, 0, 0, 0, 0, 0, 1, 0, 0, 0, 0]}, {'token': 'NNP', 'suggestions': ['KEEP_NNP_NNP', 'KEEP_NNP_NNP', 'KEEP_NNP_NNP', 'KEEP_NNP_NNP', 'KEEP_NNP_NNP', 'KEEP_NNP_NNP', 'KEEP_NNP_NNP', 'KEEP_NNP_NNP', 'KEEP_NNP_NNP', 'KEEP_NNP_NNP', 'KEEP_NNP_NNP', 'KEEP_NNP_NNP', 'KEEP_NNP_NNP', 'KEEP_NNP_NNP'], 'distances': [0, 0, 0, 0, 0, 0, 0, 0, 0, 0, 0, 0, 0, 0]}, {'token': 'CCB', 'suggestions': ['KEEP_CCB_CCB', 'KEEP_CCB_CCB', 'KEEP_CCB_CCB', 'KEEP_CCB_CCB', 'KEEP_CCB_CCB', 'KEEP_CCB_CCB', 'KEEP_CCB_CCB', 'KEEP_CCB_CCB', 'KEEP_CCB_CCB', 'KEEP_CCB_CCB', 'KEEP_CCB_CCB', 'KEEP_CCB_CCB', 'KEEP_CCB_CCB'], 'distances': [0, 0, 0, 0, 0, 0, 0, 0, 0, 0, 0, 0, 0]}, {'token': 'JJD', 'suggestions': ['KEEP_JJD_JJD', 'KEEP_JJD_JJD', 'KEEP_JJD_JJD', 'KEEP_JJD_JJD', 'KEEP_JJD_JJD', 'KEEP_JJD_JJD', 'KEEP_JJD_JJD', 'KEEP_JJD_JJD', 'KEEP_JJD_JJD', 'KEEP_JJD_JJD', 'KEEP_JJD_JJD'], 'distances': [0, 0, 0, 0, 0, 0, 0, 0, 0, 0, 0]}, {'token': 'CCP', 'suggestions': ['KEEP_CCP_CCP', 'KEEP_CCP_CCP', 'KEEP_CCP_CCP', 'KEEP_CCP_CCP', 'KEEP_CCP_CCP', 'KEEP_CCP_CCP', 'KEEP_CCP_CCP', 'KEEP_CCP_CCP'], 'distances': [0, 0, 0, 0, 0, 0, 0, 0]}, {'token': 'NNC', 'suggestions': ['KEEP_NNC_NNC', 'KEEP_NNC_NNC', 'KEEP_NNC_NNC', 'KEEP_NNC_NNC'], 'distances': [0, 0, 0, 0]}]"
Ito binabalik pa,Ito binabalik pa,Ito binabalik pa,[],"[{'token': 'PRO', 'suggestions': ['KEEP_PRO_PRO', 'SUBSTITUTE_PRO_CCR'], 'distances': [0, 1]}, {'token': 'VBTR', 'suggestions': ['KEEP_VBTR_VBTR', 'KEEP_VBTR_VBTR', 'KEEP_VBTR_VBTR'], 'distances': [0, 0, 1]}, {'token': 'RBI', 'suggestions': ['KEEP_RBI_RBI', 'KEEP_RBI_RBI'], 'distances': [0, 1]}]"
Biro-ninyo kayo magpapatupad ng batas tapos kayo pala di bakunado,Biro ninyo kayo magpapatupad ng batas tapos kayo pala di bakunado,Biro-ninyo kayo magpapatupad ng batas tapos kayo pala di bakunado,[],"[{'token': 'VBTS', 'suggestions': ['KEEP_VBTS_VBTS', 'KEEP_VBTS_VBTS', 'KEEP_VBTS_VBTS', 'SUBSTITUTE_VBTS_RBF'], 'distances': [0, 1, 1, 1]}, {'token': 'PRP', 'suggestions': ['KEEP_PRP_PRP', 'KEEP_PRP_PRP', 'KEEP_PRP_PRP', 'KEEP_PRP_PRP', 'SUBSTITUTE_PRP_CCP', 'KEEP_PRP_PRP', 'KEEP_PRP_PRP', 'SUBSTITUTE_PRP_RBF'], 'distances': [0, 0, 1, 0, 1, 0, 1, 1]}, {'token': 'VBTF', 'suggestions': ['KEEP_VBTF_VBTF', 'KEEP_VBTF_VBTF', 'SUBSTITUTE_VBTF_CCP', 'KEEP_VBTF_VBTF', 'KEEP_VBTF_VBTF', 'KEEP_VBTF_VBTF', 'KEEP_VBTF_VBTF', 'KEEP_VBTF_VBTF', 'KEEP_VBTF_VBTF', 'KEEP_VBTF_VBTF', 'SUBSTITUTE_VBTF_NNC'], 'distances': [0, 0, 1, 0, 0, 1, 0, 0, 1, 1, 1]}, {'token': 'CCB', 'suggestions': ['KEEP_CCB_CCB', 'KEEP_CCB_CCB', 'KEEP_CCB_CCB', 'KEEP_CCB_CCB', 'KEEP_CCB_CCB', 'KEEP_CCB_CCB', 'KEEP_CCB_CCB', 'KEEP_CCB_CCB', 'KEEP_CCB_CCB', 'KEEP_CCB_CCB', 'KEEP_CCB_CCB', 'KEEP_CCB_CCB', 'KEEP_CCB_CCB'], 'distances': [0, 0, 0, 0, 0, 1, 0, 0, 0, 1, 1, 1, 1]}, {'token': 'NNC', 'suggestions': ['KEEP_NNC_NNC', 'KEEP_NNC_NNC', 'KEEP_NNC_NNC', 'KEEP_NNC_NNC', 'KEEP_NNC_NNC', 'KEEP_NNC_NNC', 'KEEP_NNC_NNC', 'KEEP_NNC_NNC', 'KEEP_NNC_NNC', 'KEEP_NNC_NNC', 'KEEP_NNC_NNC', 'KEEP_NNC_NNC', 'KEEP_NNC_NNC', 'KEEP_NNC_NNC'], 'distances': [0, 0, 0, 0, 0, 0, 0, 0, 1, 1, 1, 1, 1, 2]}, {'token': 'RBW', 'suggestions': ['KEEP_RBW_RBW', 'KEEP_RBW_RBW', 'KEEP_RBW_RBW', 'KEEP_RBW_RBW', 'KEEP_RBW_RBW', 'KEEP_RBW_RBW', 'KEEP_RBW_RBW', 'KEEP_RBW_RBW', 'KEEP_RBW_RBW', 'KEEP_RBW_RBW', 'KEEP_RBW_RBW', 'KEEP_RBW_RBW', 'KEEP_RBW_RBW', 'KEEP_RBW_RBW'], 'distances': [0, 0, 0, 0, 1, 0, 0, 1, 2, 1, 1, 1, 2, 2]}, {'token': 'PRP', 'suggestions': ['KEEP_PRP_PRP', 'KEEP_PRP_PRP', 'KEEP_PRP_PRP', 'SUBSTITUTE_PRP_CCB', 'KEEP_PRP_PRP', 'KEEP_PRP_PRP', 'SUBSTITUTE_PRP_CCB', 'KEEP_PRP_PRP', 'KEEP_PRP_PRP', 'KEEP_PRP_PRP', 'SUBSTITUTE_PRP_RBW_CCP', 'SUBSTITUTE_PRP_CCT', 'SUBSTITUTE_PRP_CCB'], 'distances': [0, 0, 0, 1, 1, 0, 1, 2, 1, 1, 1, 2, 2]}, {'token': 'NNC', 'suggestions': ['KEEP_NNC_NNC', 'KEEP_NNC_NNC', 'KEEP_NNC_NNC', 'SUBSTITUTE_NNC_CCP', 'KEEP_NNC_NNC', 'KEEP_NNC_NNC', 'SUBSTITUTE_NNC_LM', 'SUBSTITUTE_NNC_RBD', 'KEEP_NNC_NNC', 'KEEP_NNC_NNC', 'KEEP_NNC_NNC'], 'distances': [0, 0, 1, 1, 1, 1, 2, 1, 1, 2, 2]}, {'token': 'RBF', 'suggestions': ['KEEP_RBF_RBF', 'KEEP_RBF_RBF', 'KEEP_RBF_RBF', 'SUBSTITUTE_RBF_RBL_CCP', 'SUBSTITUTE_RBF_VBTR', 'KEEP_RBF_RBF', 'SUBSTITUTE_RBF_CCP', 'SUBSTITUTE_RBF_CCB'], 'distances': [0, 0, 1, 1, 2, 1, 2, 2]}, {'token': 'NNC', 'suggestions': ['KEEP_NNC_NNC', 'KEEP_NNC_NNC', 'KEEP_NNC_NNC', 'KEEP_NNC_NNC'], 'distances': [0, 1, 1, 2]}]"
Kaya bakit pa may announcement ngayon na gagawin sila iyan,Kaya bakit pa may announcement ngayon na gagawin nila iyan,Kaya sabit pa may announcement ngayon na gagawin sila iyan,[],"[{'token': 'CCR', 'suggestions': ['KEEP_CCR_CCR', 'KEEP_CCR_CCR', 'KEEP_CCR_CCR', 'KEEP_CCR_CCR'], 'distances': [0, 1, 2, 2]}, {'token': 'PRQ', 'suggestions': ['KEEP_PRQ_PRQ', 'KEEP_PRQ_PRQ', 'SUBSTITUTE_PRQ_VBTF', 'KEEP_PRQ_PRQ', 'SUBSTITUTE_PRQ_VBTF', 'SUBSTITUTE_PRQ_NNC', 'SUBSTITUTE_PRQ_VBTF', 'SUBSTITUTE_PRQ_VBTF'], 'distances': [0, 0, 1, 1, 2, 2, 2, 3]}, {'token': 'RBI', 'suggestions': ['KEEP_RBI_RBI', 'KEEP_RBI_RBI', 'KEEP_RBI_RBI', 'KEEP_RBI_RBI', 'SUBSTITUTE_RBI_NNC_CCP', 'KEEP_RBI_RBI', 'SUBSTITUTE_RBI_CCP', 'KEEP_RBI_RBI', 'KEEP_RBI_RBI', 'KEEP_RBI_RBI', 'SUBSTITUTE_RBI_NNP'], 'distances': [0, 0, 1, 1, 1, 2, 2, 2, 2, 3, 2]}, {'token': 'VBH', 'suggestions': ['KEEP_VBH_VBH', 'KEEP_VBH_VBH', 'SUBSTITUTE_VBH_CCT', 'KEEP_VBH_VBH', 'KEEP_VBH_VBH', 'SUBSTITUTE_VBH_DTC', 'KEEP_VBH_VBH', 'SUBSTITUTE_VBH_CCT', 'SUBSTITUTE_VBH_NNP', 'SUBSTITUTE_VBH_DTC', 'SUBSTITUTE_VBH_DTC', 'SUBSTITUTE_VBH_NNP', 'KEEP_VBH_VBH'], 'distances': [0, 0, 1, 1, 1, 2, 2, 2, 1, 2, 3, 2, 2]}, {'token': 'FW', 'suggestions': ['KEEP_FW_FW', 'KEEP_FW_FW', 'KEEP_FW_FW', 'KEEP_FW_FW', 'KEEP_FW_FW', 'KEEP_FW_FW', 'KEEP_FW_FW', 'KEEP_FW_FW', 'KEEP_FW_FW', 'KEEP_FW_FW', 'KEEP_FW_FW', 'KEEP_FW_FW', 'SUBSTITUTE_FW_DTCP', 'SUBSTITUTE_FW_LM'], 'distances': [0, 0, 1, 1, 0, 2, 2, 1, 1, 2, 3, 2, 2, 2]}, {'token': 'RBW', 'suggestions': ['KEEP_RBW_RBW', 'KEEP_RBW_RBW', 'SUBSTITUTE_RBW_CCP', 'KEEP_RBW_RBW', 'SUBSTITUTE_RBW_VBAF', 'SUBSTITUTE_RBW_FW', 'KEEP_RBW_RBW', 'SUBSTITUTE_RBW_NNP', 'SUBSTITUTE_RBW_VBTS', 'SUBSTITUTE_RBW_FW', 'KEEP_RBW_RBW', 'SUBSTITUTE_RBW_NNC', 'SUBSTITUTE_RBW_VBTS', 'SUBSTITUTE_RBW_NNP'], 'distances': [0, 0, 1, 0, 1, 2, 1, 1, 1, 3, 2, 2, 2, 2]}, {'token': 'CCP', 'suggestions': ['KEEP_CCP_CCP', 'KEEP_CCP_CCP', 'KEEP_CCP_CCP', 'KEEP_CCP_CCP', 'KEEP_CCP_CCP', 'KEEP_CCP_CCP', 'KEEP_CCP_CCP', 'KEEP_CCP_CCP', 'KEEP_CCP_CCP', 'KEEP_CCP_CCP', 'KEEP_CCP_CCP', 'KEEP_CCP_CCP', 'KEEP_CCP_CCP'], 'distances': [0, 0, 0, 1, 0, 1, 1, 1, 1, 2, 2, 2, 2]}, {'token': 'VBTF', 'suggestions': ['KEEP_VBTF_VBTF', 'KEEP_VBTF_VBTF', 'KEEP_VBTF_VBTF', 'KEEP_VBTF_VBTF', 'KEEP_VBTF_VBTF', 'KEEP_VBTF_VBTF', 'KEEP_VBTF_VBTF', 'SUBSTITUTE_VBTF_VBTS', 'KEEP_VBTF_VBTF', 'KEEP_VBTF_VBTF', 'KEEP_VBTF_VBTF'], 'distances': [0, 0, 1, 0, 0, 1, 1, 1, 2, 2, 2]}, {'token': 'PRP', 'suggestions': ['KEEP_PRP_PRP', 'KEEP_PRP_PRP', 'KEEP_PRP_PRP', 'KEEP_PRP_PRP', 'KEEP_PRP_PRP', 'KEEP_PRP_PRP', 'KEEP_PRP_PRP', 'KEEP_PRP_PRP'], 'distances': [0, 0, 0, 0, 1, 1, 2, 2]}, {'token': 'PRO', 'suggestions': ['KEEP_PRO_PRO', 'KEEP_PRO_PRO', 'KEEP_PRO_PRO', 'SUBSTITUTE_PRO_CCB'], 'distances': [0, 0, 1, 2]}]"
Iguess natataon itong pagbuo nang story nitong Huwag Kang Mangamba sa mundo na huwag tayong matakot,I guess natataon itong pagbuo ng story nitong Huwag Kang Mangamba sa mundo na huwag tayong matakot,Iguess natataon itong pagbuo nang story nitong kay Kang Mangamba sa mundo na huwag tayong matakot,[],"[{'token': 'FW', 'suggestions': ['KEEP_FW_FW', 'KEEP_FW_FW', 'KEEP_FW_FW', 'KEEP_FW_FW'], 'distances': [0, 0, 1, 2]}, {'token': 'FW', 'suggestions': ['KEEP_FW_FW', 'KEEP_FW_FW', 'KEEP_FW_FW', 'KEEP_FW_FW', 'KEEP_FW_FW', 'KEEP_FW_FW', 'KEEP_FW_FW', 'KEEP_FW_FW'], 'distances': [0, 0, 0, 1, 1, 2, 2, 3]}, {'token': 'PRO_CCP', 'suggestions': ['KEEP_PRO_CCP_PRO_CCP', 'KEEP_PRO_CCP_PRO_CCP', 'KEEP_PRO_CCP_PRO_CCP', 'SUBSTITUTE_PRO_CCP_CCA', 'SUBSTITUTE_PRO_CCP_CCP', 'SUBSTITUTE_PRO_CCP_CCP', 'SUBSTITUTE_PRO_CCP_FW', 'SUBSTITUTE_PRO_CCP_CCP', 'SUBSTITUTE_PRO_CCP_CCP', 'SUBSTITUTE_PRO_CCP_PMC', 'KEEP_PRO_CCP_PRO_CCP'], 'distances': [0, 0, 0, 1, 1, 1, 2, 2, 2, 3, 3]}, {'token': 'VBW', 'suggestions': ['KEEP_VBW_VBW', 'KEEP_VBW_VBW', 'KEEP_VBW_VBW', 'KEEP_VBW_VBW', 'KEEP_VBW_VBW', 'KEEP_VBW_VBW', 'SUBSTITUTE_VBW_PMC', 'KEEP_VBW_VBW', 'KEEP_VBW_VBW', 'KEEP_VBW_VBW', 'SUBSTITUTE_VBW_FW', 'KEEP_VBW_VBW', 'KEEP_VBW_VBW'], 'distances': [0, 0, 1, 1, 1, 1, 2, 2, 2, 2, 3, 3, 3]}, {'token': 'RBW', 'suggestions': ['KEEP_RBW_RBW', 'KEEP_RBW_RBW', 'KEEP_RBW_RBW', 'KEEP_RBW_RBW', 'DELETE_RBW', 'KEEP_RBW_RBW', 'SUBSTITUTE_RBW_CCB', 'SUBSTITUTE_RBW_DTC', 'DELETE_RBW', 'SUBSTITUTE_RBW_CCB', 'DELETE_RBW', 'SUBSTITUTE_RBW_CCT', 'SUBSTITUTE_RBW_DTC', 'KEEP_RBW_RBW'], 'distances': [0, 0, 1, 1, 1, 2, 2, 2, 2, 2, 3, 3, 3, 2]}, {'token': 'FW', 'suggestions': ['KEEP_FW_FW', 'KEEP_FW_FW', 'SUBSTITUTE_FW_RBI', 'KEEP_FW_FW', 'KEEP_FW_FW', 'KEEP_FW_FW', 'KEEP_FW_FW', 'KEEP_FW_FW', 'KEEP_FW_FW', 'KEEP_FW_FW', 'SUBSTITUTE_FW_PRSP_CCP', 'KEEP_FW_FW', 'KEEP_FW_FW', 'KEEP_FW_FW'], 'distances': [0, 0, 1, 1, 1, 2, 2, 2, 2, 3, 3, 3, 2, 2]}, {'token': 'PRO_CCP', 'suggestions': ['KEEP_PRO_CCP_PRO_CCP', 'KEEP_PRO_CCP_PRO_CCP', 'KEEP_PRO_CCP_PRO_CCP', 'SUBSTITUTE_PRO_CCP_CCT', 'KEEP_PRO_CCP_PRO_CCP', 'SUBSTITUTE_PRO_CCP_FW', 'SUBSTITUTE_PRO_CCP_FW', 'SUBSTITUTE_PRO_CCP_CCP', 'KEEP_PRO_CCP_PRO_CCP', 'SUBSTITUTE_PRO_CCP_NNC', 'SUBSTITUTE_PRO_CCP_CCP', 'SUBSTITUTE_PRO_CCP_NNC', 'SUBSTITUTE_PRO_CCP_CCP', 'KEEP_PRO_CCP_PRO_CCP'], 'distances': [0, 0, 1, 1, 1, 2, 2, 2, 1, 3, 3, 2, 2, 1]}, {'token': 'RBF', 'suggestions': ['KEEP_RBF_RBF', 'KEEP_RBF_RBF', 'KEEP_RBF_RBF', 'SUBSTITUTE_RBF_DTP', 'SUBSTITUTE_RBF_NNC', 'KEEP_RBF_RBF', 'SUBSTITUTE_RBF_DTP', 'SUBSTITUTE_RBF_DTP', 'SUBSTITUTE_RBF_PRI_CCP', 'SUBSTITUTE_RBF_NNC', 'SUBSTITUTE_RBF_CCT', 'SUBSTITUTE_RBF_DTP', 'SUBSTITUTE_RBF_DTC', 'SUBSTITUTE_RBF_DTP'], 'distances': [0, 0, 1, 1, 1, 2, 2, 1, 1, 3, 2, 2, 1, 1]}, {'token': 'NNP', 'suggestions': ['KEEP_NNP_NNP', 'KEEP_NNP_NNP', 'KEEP_NNP_NNP', 'KEEP_NNP_NNP', 'KEEP_NNP_NNP', 'KEEP_NNP_NNP', 'KEEP_NNP_NNP', 'KEEP_NNP_NNP', 'KEEP_NNP_NNP', 'KEEP_NNP_NNP', 'KEEP_NNP_NNP', 'KEEP_NNP_NNP', 'KEEP_NNP_NNP', 'KEEP_NNP_NNP'], 'distances': [0, 0, 1, 1, 0, 2, 1, 1, 0, 2, 2, 1, 1, 0]}, {'token': 'NNP', 'suggestions': ['KEEP_NNP_NNP', 'KEEP_NNP_NNP', 'KEEP_NNP_NNP', 'KEEP_NNP_NNP', 'KEEP_NNP_NNP', 'KEEP_NNP_NNP', 'KEEP_NNP_NNP', 'KEEP_NNP_NNP', 'KEEP_NNP_NNP', 'KEEP_NNP_NNP', 'KEEP_NNP_NNP', 'KEEP_NNP_NNP', 'KEEP_NNP_NNP', 'KEEP_NNP_NNP'], 'distances': [0, 0, 1, 0, 0, 1, 1, 0, 0, 2, 1, 1, 0, 1]}, {'token': 'CCT', 'suggestions': ['KEEP_CCT_CCT', 'KEEP_CCT_CCT', 'KEEP_CCT_CCT', 'KEEP_CCT_CCT', 'KEEP_CCT_CCT', 'KEEP_CCT_CCT', 'KEEP_CCT_CCT', 'KEEP_CCT_CCT', 'KEEP_CCT_CCT', 'KEEP_CCT_CCT', 'KEEP_CCT_CCT', 'KEEP_CCT_CCT', 'KEEP_CCT_CCT', 'KEEP_CCT_CCT'], 'distances': [0, 0, 0, 0, 0, 1, 0, 0, 0, 1, 1, 0, 1, 1]}, {'token': 'NNC', 'suggestions': ['KEEP_NNC_NNC', 'KEEP_NNC_NNC', 'KEEP_NNC_NNC', 'KEEP_NNC_NNC', 'KEEP_NNC_NNC', 'KEEP_NNC_NNC', 'KEEP_NNC_NNC', 'KEEP_NNC_NNC', 'KEEP_NNC_NNC', 'KEEP_NNC_NNC', 'KEEP_NNC_NNC', 'KEEP_NNC_NNC', 'KEEP_NNC_NNC', 'KEEP_NNC_NNC'], 'distances': [0, 0, 0, 0, 0, 0, 0, 0, 1, 1, 0, 1, 1, 1]}, {'token': 'CCP', 'suggestions': ['KEEP_CCP_CCP', 'KEEP_CCP_CCP', 'KEEP_CCP_CCP', 'KEEP_CCP_CCP', 'KEEP_CCP_CCP', 'KEEP_CCP_CCP', 'KEEP_CCP_CCP', 'KEEP_CCP_CCP', 'KEEP_CCP_CCP', 'KEEP_CCP_CCP', 'KEEP_CCP_CCP', 'KEEP_CCP_CCP', 'KEEP_CCP_CCP'], 'distances': [0, 0, 0, 0, 1, 0, 0, 1, 1, 0, 1, 1, 1]}, {'token': 'RBF', 'suggestions': ['KEEP_RBF_RBF', 'KEEP_RBF_RBF', 'KEEP_RBF_RBF', 'KEEP_RBF_RBF', 'KEEP_RBF_RBF', 'KEEP_RBF_RBF', 'SUBSTITUTE_RBF_VBTF', 'SUBSTITUTE_RBF_VBS', 'SUBSTITUTE_RBF_VBTR', 'KEEP_RBF_RBF', 'SUBSTITUTE_RBF_VBS'], 'distances': [0, 0, 0, 1, 0, 0, 1, 1, 1, 1, 1]}, {'token': 'PRP_CCP', 'suggestions': ['KEEP_PRP_CCP_PRP_CCP', 'KEEP_PRP_CCP_PRP_CCP', 'SUBSTITUTE_PRP_CCP_VBTR_VBAF', 'KEEP_PRP_CCP_PRP_CCP', 'KEEP_PRP_CCP_PRP_CCP', 'KEEP_PRP_CCP_PRP_CCP', 'SUBSTITUTE_PRP_CCP_PRP', 'KEEP_PRP_CCP_PRP_CCP'], 'distances': [0, 0, 1, 0, 1, 1, 1, 1]}, {'token': 'VBW', 'suggestions': ['KEEP_VBW_VBW', 'KEEP_VBW_VBW', 'KEEP_VBW_VBW', 'KEEP_VBW_VBW'], 'distances': [0, 0, 1, 1]}]"
Ilang mga sikat na artista rin kasi ang nagkuwentong papunta nila kagabi,Ilang mga sikat na artista rin kasi ang nagkuwentong papunta sila kagabi,Ilang mga sikat na artista rin kasi ang nagkuwentong papunta nila kagabi,[],"[{'token': 'PRQ_CCP', 'suggestions': ['KEEP_PRQ_CCP_PRQ_CCP', 'KEEP_PRQ_CCP_PRQ_CCP', 'KEEP_PRQ_CCP_PRQ_CCP', 'KEEP_PRQ_CCP_PRQ_CCP'], 'distances': [0, 0, 0, 0]}, {'token': 'DTCP', 'suggestions': ['KEEP_DTCP_DTCP', 'KEEP_DTCP_DTCP', 'KEEP_DTCP_DTCP', 'KEEP_DTCP_DTCP', 'KEEP_DTCP_DTCP', 'KEEP_DTCP_DTCP', 'KEEP_DTCP_DTCP', 'KEEP_DTCP_DTCP'], 'distances': [0, 0, 0, 0, 0, 0, 0, 1]}, {'token': 'JJD', 'suggestions': ['KEEP_JJD_JJD', 'KEEP_JJD_JJD', 'KEEP_JJD_JJD', 'KEEP_JJD_JJD', 'KEEP_JJD_JJD', 'KEEP_JJD_JJD', 'KEEP_JJD_JJD', 'KEEP_JJD_JJD', 'KEEP_JJD_JJD', 'KEEP_JJD_JJD', 'KEEP_JJD_JJD'], 'distances': [0, 0, 0, 0, 0, 0, 0, 0, 0, 1, 1]}, {'token': 'CCP', 'suggestions': ['KEEP_CCP_CCP', 'KEEP_CCP_CCP', 'KEEP_CCP_CCP', 'KEEP_CCP_CCP', 'KEEP_CCP_CCP', 'KEEP_CCP_CCP', 'KEEP_CCP_CCP', 'KEEP_CCP_CCP', 'KEEP_CCP_CCP', 'KEEP_CCP_CCP', 'KEEP_CCP_CCP', 'KEEP_CCP_CCP', 'KEEP_CCP_CCP'], 'distances': [0, 0, 0, 0, 0, 0, 0, 0, 1, 0, 1, 1, 1]}, {'token': 'NNC', 'suggestions': ['KEEP_NNC_NNC', 'KEEP_NNC_NNC', 'KEEP_NNC_NNC', 'KEEP_NNC_NNC', 'KEEP_NNC_NNC', 'KEEP_NNC_NNC', 'KEEP_NNC_NNC', 'KEEP_NNC_NNC', 'KEEP_NNC_NNC', 'KEEP_NNC_NNC', 'KEEP_NNC_NNC', 'KEEP_NNC_NNC', 'KEEP_NNC_NNC', 'KEEP_NNC_NNC'], 'distances': [0, 0, 0, 0, 0, 0, 0, 1, 1, 0, 1, 1, 1, 2]}, {'token': 'RBI', 'suggestions': ['KEEP_RBI_RBI', 'KEEP_RBI_RBI', 'KEEP_RBI_RBI', 'KEEP_RBI_RBI', 'KEEP_RBI_RBI', 'KEEP_RBI_RBI', 'KEEP_RBI_RBI', 'SUBSTITUTE_RBI_LM', 'KEEP_RBI_RBI', 'SUBSTITUTE_RBI_PMP', 'SUBSTITUTE_RBI_PMC', 'SUBSTITUTE_RBI_PMC', 'KEEP_RBI_RBI', 'KEEP_RBI_RBI'], 'distances': [0, 0, 0, 0, 0, 0, 1, 1, 1, 1, 1, 1, 2, 2]}, {'token': 'CCR', 'suggestions': ['KEEP_CCR_CCR', 'KEEP_CCR_CCR', 'KEEP_CCR_CCR', 'KEEP_CCR_CCR', 'SUBSTITUTE_CCR_RBI', 'SUBSTITUTE_CCR_PMC', 'KEEP_CCR_CCR', 'KEEP_CCR_CCR', 'KEEP_CCR_CCR', 'KEEP_CCR_CCR', 'KEEP_CCR_CCR', 'SUBSTITUTE_CCR_VBW', 'KEEP_CCR_CCR', 'KEEP_CCR_CCR'], 'distances': [0, 0, 0, 0, 1, 1, 1, 1, 2, 1, 1, 2, 2, 3]}, {'token': 'DTC', 'suggestions': ['KEEP_DTC_DTC', 'KEEP_DTC_DTC', 'KEEP_DTC_DTC', 'KEEP_DTC_DTC', 'KEEP_DTC_DTC', 'KEEP_DTC_DTC', 'KEEP_DTC_DTC', 'KEEP_DTC_DTC', 'KEEP_DTC_DTC', 'KEEP_DTC_DTC', 'KEEP_DTC_DTC', 'SUBSTITUTE_DTC_VBS', 'KEEP_DTC_DTC', 'KEEP_DTC_DTC'], 'distances': [0, 0, 0, 1, 1, 1, 1, 2, 2, 1, 2, 2, 3, 2]}, {'token': 'VBTR_CCP', 'suggestions': ['KEEP_VBTR_CCP_VBTR_CCP', 'KEEP_VBTR_CCP_VBTR_CCP', 'KEEP_VBTR_CCP_VBTR_CCP', 'KEEP_VBTR_CCP_VBTR_CCP', 'SUBSTITUTE_VBTR_CCP_CCR', 'SUBSTITUTE_VBTR_CCP_NNC', 'SUBSTITUTE_VBTR_CCP_PRI', 'SUBSTITUTE_VBTR_CCP_RBD_CCP', 'KEEP_VBTR_CCP_VBTR_CCP', 'SUBSTITUTE_VBTR_CCP_NNC', 'SUBSTITUTE_VBTR_CCP_PRS_CCP', 'SUBSTITUTE_VBTR_CCP_NNC', 'KEEP_VBTR_CCP_VBTR_CCP'], 'distances': [0, 0, 1, 1, 1, 1, 2, 2, 2, 2, 2, 3, 2]}, {'token': 'VBW', 'suggestions': ['KEEP_VBW_VBW', 'KEEP_VBW_VBW', 'SUBSTITUTE_VBW_NNC', 'KEEP_VBW_VBW', 'SUBSTITUTE_VBW_VBOF', 'SUBSTITUTE_VBW_LM', 'KEEP_VBW_VBW', 'KEEP_VBW_VBW', 'KEEP_VBW_VBW', 'SUBSTITUTE_VBW_CCB', 'SUBSTITUTE_VBW_NNC'], 'distances': [0, 0, 1, 1, 1, 2, 2, 2, 2, 3, 2]}, {'token': 'PRP', 'suggestions': ['KEEP_PRP_PRP', 'KEEP_PRP_PRP', 'KEEP_PRP_PRP', 'KEEP_PRP_PRP', 'SUBSTITUTE_PRP_CCB', 'SUBSTITUTE_PRP_CCT', 'SUBSTITUTE_PRP_NNC', 'SUBSTITUTE_PRP_CCT'], 'distances': [0, 0, 1, 1, 2, 2, 3, 2]}, {'token': 'RBW', 'suggestions': ['KEEP_RBW_RBW', 'KEEP_RBW_RBW', 'SUBSTITUTE_RBW_NNC', 'KEEP_RBW_RBW'], 'distances': [0, 1, 2, 2]}]"
E ngayon mas yumaman pa siya nang bonggang-bongga,E ngayon mas yumaman pa siya nang bonggang-bongga,E ngayon mas yumaman pa siya nang bonggang-bongga,[],"[{'token': 'NNP', 'suggestions': ['KEEP_NNP_NNP', 'KEEP_NNP_NNP', 'KEEP_NNP_NNP', 'KEEP_NNP_NNP'], 'distances': [0, 0, 1, 2]}, {'token': 'RBW', 'suggestions': ['KEEP_RBW_RBW', 'KEEP_RBW_RBW', 'KEEP_RBW_RBW', 'KEEP_RBW_RBW', 'KEEP_RBW_RBW', 'KEEP_RBW_RBW', 'KEEP_RBW_RBW', 'SUBSTITUTE_RBW_FW'], 'distances': [0, 0, 0, 1, 1, 1, 2, 2]}, {'token': 'JJCC', 'suggestions': ['KEEP_JJCC_JJCC', 'KEEP_JJCC_JJCC', 'KEEP_JJCC_JJCC', 'SUBSTITUTE_JJCC_PMC', 'SUBSTITUTE_JJCC_VBS', 'KEEP_JJCC_JJCC', 'KEEP_JJCC_JJCC', 'SUBSTITUTE_JJCC_PMC', 'SUBSTITUTE_JJCC_PMS_CCA', 'SUBSTITUTE_JJCC_PMC', 'SUBSTITUTE_JJCC_PMC'], 'distances': [0, 0, 0, 1, 1, 1, 1, 1, 2, 2, 1]}, {'token': 'VBOF', 'suggestions': ['KEEP_VBOF_VBOF', 'KEEP_VBOF_VBOF', 'KEEP_VBOF_VBOF', 'KEEP_VBOF_VBOF', 'KEEP_VBOF_VBOF', 'SUBSTITUTE_VBOF_JJD', 'SUBSTITUTE_VBOF_JJD', 'KEEP_VBOF_VBOF', 'KEEP_VBOF_VBOF', 'SUBSTITUTE_VBOF_RBF', 'KEEP_VBOF_VBOF', 'KEEP_VBOF_VBOF', 'KEEP_VBOF_VBOF'], 'distances': [0, 0, 1, 1, 0, 1, 1, 1, 0, 2, 2, 1, 1]}, {'token': 'RBI', 'suggestions': ['KEEP_RBI_RBI', 'KEEP_RBI_RBI', 'KEEP_RBI_RBI', 'KEEP_RBI_RBI', 'KEEP_RBI_RBI', 'KEEP_RBI_RBI', 'KEEP_RBI_RBI', 'KEEP_RBI_RBI', 'KEEP_RBI_RBI', 'KEEP_RBI_RBI', 'KEEP_RBI_RBI', 'KEEP_RBI_RBI', 'KEEP_RBI_RBI'], 'distances': [0, 0, 1, 0, 0, 1, 1, 0, 1, 2, 2, 1, 1]}, {'token': 'PRS', 'suggestions': ['KEEP_PRS_PRS', 'KEEP_PRS_PRS', 'KEEP_PRS_PRS', 'KEEP_PRS_PRS', 'KEEP_PRS_PRS', 'KEEP_PRS_PRS', 'KEEP_PRS_PRS', 'KEEP_PRS_PRS', 'KEEP_PRS_PRS', 'KEEP_PRS_PRS', 'KEEP_PRS_PRS'], 'distances': [0, 0, 0, 0, 1, 1, 0, 1, 2, 1, 1]}, {'token': 'RBW', 'suggestions': ['KEEP_RBW_RBW', 'KEEP_RBW_RBW', 'KEEP_RBW_RBW', 'SUBSTITUTE_RBW_CCB', 'KEEP_RBW_RBW', 'SUBSTITUTE_RBW_CCB', 'KEEP_RBW_RBW', 'KEEP_RBW_RBW'], 'distances': [0, 0, 0, 1, 0, 1, 1, 1]}, {'token': 'NNC', 'suggestions': ['KEEP_NNC_NNC', 'KEEP_NNC_NNC', 'KEEP_NNC_NNC', 'SUBSTITUTE_NNC_DTC'], 'distances': [0, 1, 1, 1]}]"
Hindi natin alam kung saan manggagaling sabi ni Romualdez,Hindi natin alam kung saan manggagaling sabi ni Romualdez,Hindi natin alam kung saan manggagaling sabi ni Romualdez,[],"[{'token': 'RBF', 'suggestions': ['KEEP_RBF_RBF', 'KEEP_RBF_RBF', 'KEEP_RBF_RBF', 'KEEP_RBF_RBF'], 'distances': [0, 0, 0, 1]}, {'token': 'PRP', 'suggestions': ['KEEP_PRP_PRP', 'KEEP_PRP_PRP', 'KEEP_PRP_PRP', 'KEEP_PRP_PRP', 'KEEP_PRP_PRP', 'SUBSTITUTE_PRP_PRS', 'SUBSTITUTE_PRP_PRS', 'KEEP_PRP_PRP'], 'distances': [0, 0, 0, 0, 0, 1, 1, 1]}, {'token': 'VBS', 'suggestions': ['KEEP_VBS_VBS', 'KEEP_VBS_VBS', 'KEEP_VBS_VBS', 'KEEP_VBS_VBS', 'KEEP_VBS_VBS', 'KEEP_VBS_VBS', 'KEEP_VBS_VBS', 'SUBSTITUTE_VBS_NNC', 'KEEP_VBS_VBS', 'KEEP_VBS_VBS', 'SUBSTITUTE_VBS_PRP'], 'distances': [0, 0, 0, 0, 0, 0, 1, 1, 1, 1, 2]}, {'token': 'RBK', 'suggestions': ['KEEP_RBK_RBK', 'KEEP_RBK_RBK', 'KEEP_RBK_RBK', 'KEEP_RBK_RBK', 'KEEP_RBK_RBK', 'KEEP_RBK_RBK', 'KEEP_RBK_RBK', 'KEEP_RBK_RBK', 'KEEP_RBK_RBK', 'KEEP_RBK_RBK', 'KEEP_RBK_RBK', 'KEEP_RBK_RBK', 'KEEP_RBK_RBK'], 'distances': [0, 0, 0, 0, 0, 0, 1, 1, 1, 1, 1, 2, 2]}, {'token': 'RBQ', 'suggestions': ['KEEP_RBQ_RBQ', 'KEEP_RBQ_RBQ', 'KEEP_RBQ_RBQ', 'KEEP_RBQ_RBQ', 'KEEP_RBQ_RBQ', 'KEEP_RBQ_RBQ', 'KEEP_RBQ_RBQ', 'KEEP_RBQ_RBQ', 'KEEP_RBQ_RBQ', 'KEEP_RBQ_RBQ', 'SUBSTITUTE_RBQ_RBQ_CCP', 'KEEP_RBQ_RBQ', 'KEEP_RBQ_RBQ', 'KEEP_RBQ_RBQ'], 'distances': [0, 0, 0, 0, 1, 1, 1, 1, 2, 1, 1, 2, 2, 2]}, {'token': 'VBW', 'suggestions': ['KEEP_VBW_VBW', 'KEEP_VBW_VBW', 'KEEP_VBW_VBW', 'KEEP_VBW_VBW', 'KEEP_VBW_VBW', 'KEEP_VBW_VBW', 'KEEP_VBW_VBW', 'SUBSTITUTE_VBW_DTC', 'KEEP_VBW_VBW', 'KEEP_VBW_VBW', 'SUBSTITUTE_VBW_DTC', 'SUBSTITUTE_VBW_DTC', 'SUBSTITUTE_VBW_DTC'], 'distances': [0, 0, 0, 1, 1, 1, 1, 2, 1, 1, 2, 2, 2]}, {'token': 'VBS', 'suggestions': ['KEEP_VBS_VBS', 'KEEP_VBS_VBS', 'SUBSTITUTE_VBS_DTC', 'SUBSTITUTE_VBS_PMC', 'KEEP_VBS_VBS', 'SUBSTITUTE_VBS_DTC', 'SUBSTITUTE_VBS_NNC', 'SUBSTITUTE_VBS_PMC', 'KEEP_VBS_VBS', 'SUBSTITUTE_VBS_NNC', 'SUBSTITUTE_VBS_NNC'], 'distances': [0, 0, 1, 1, 0, 1, 2, 1, 2, 2, 2]}, {'token': 'DTP', 'suggestions': ['KEEP_DTP_DTP', 'KEEP_DTP_DTP', 'KEEP_DTP_DTP', 'KEEP_DTP_DTP', 'KEEP_DTP_DTP', 'KEEP_DTP_DTP', 'KEEP_DTP_DTP', 'KEEP_DTP_DTP'], 'distances': [0, 0, 1, 0, 2, 1, 2, 2]}, {'token': 'NNP', 'suggestions': ['KEEP_NNP_NNP', 'KEEP_NNP_NNP', 'KEEP_NNP_NNP', 'KEEP_NNP_NNP'], 'distances': [0, 0, 1, 2]}]"
Pinapaalam lang niya sa akin kung nagkikita o mag-uusap sila,Pinapaalam lang niya sa akin kung magkikita o mag-uusap sila,Pinapaalam lang niya sa akin kung nagkikita o mag-uusap sila,[],"[{'token': 'VBTR', 'suggestions': ['KEEP_VBTR_VBTR', 'KEEP_VBTR_VBTR', 'KEEP_VBTR_VBTR', 'SUBSTITUTE_VBTR_VBTS'], 'distances': [0, 0, 0, 1]}, {'token': 'RBI', 'suggestions': ['KEEP_RBI_RBI', 'KEEP_RBI_RBI', 'KEEP_RBI_RBI', 'KEEP_RBI_RBI', 'KEEP_RBI_RBI', 'KEEP_RBI_RBI', 'KEEP_RBI_RBI', 'KEEP_RBI_RBI'], 'distances': [0, 0, 0, 0, 0, 0, 1, 1]}, {'token': 'PRS', 'suggestions': ['KEEP_PRS_PRS', 'KEEP_PRS_PRS', 'KEEP_PRS_PRS', 'KEEP_PRS_PRS', 'KEEP_PRS_PRS', 'KEEP_PRS_PRS', 'KEEP_PRS_PRS', 'KEEP_PRS_PRS', 'KEEP_PRS_PRS', 'KEEP_PRS_PRS', 'SUBSTITUTE_PRS_PRI'], 'distances': [0, 0, 0, 0, 0, 0, 0, 1, 1, 1, 2]}, {'token': 'CCT', 'suggestions': ['KEEP_CCT_CCT', 'KEEP_CCT_CCT', 'KEEP_CCT_CCT', 'KEEP_CCT_CCT', 'KEEP_CCT_CCT', 'KEEP_CCT_CCT', 'KEEP_CCT_CCT', 'KEEP_CCT_CCT', 'KEEP_CCT_CCT', 'KEEP_CCT_CCT', 'KEEP_CCT_CCT', 'KEEP_CCT_CCT', 'KEEP_CCT_CCT'], 'distances': [0, 0, 0, 0, 0, 0, 0, 1, 1, 1, 1, 2, 1]}, {'token': 'PRSP', 'suggestions': ['KEEP_PRSP_PRSP', 'KEEP_PRSP_PRSP', 'KEEP_PRSP_PRSP', 'KEEP_PRSP_PRSP', 'SUBSTITUTE_PRSP_PMS', 'KEEP_PRSP_PRSP', 'KEEP_PRSP_PRSP', 'KEEP_PRSP_PRSP', 'SUBSTITUTE_PRSP_NNC', 'KEEP_PRSP_PRSP', 'KEEP_PRSP_PRSP', 'KEEP_PRSP_PRSP', 'KEEP_PRSP_PRSP', 'SUBSTITUTE_PRSP_NNC'], 'distances': [0, 0, 0, 0, 1, 0, 1, 1, 1, 1, 1, 2, 1, 2]}, {'token': 'CCR', 'suggestions': ['KEEP_CCR_CCR', 'KEEP_CCR_CCR', 'KEEP_CCR_CCR', 'KEEP_CCR_CCR', 'KEEP_CCR_CCR', 'SUBSTITUTE_CCR_CCP', 'SUBSTITUTE_CCR_LM', 'KEEP_CCR_CCR', 'SUBSTITUTE_CCR_LM', 'SUBSTITUTE_CCR_CCP', 'SUBSTITUTE_CCR_LM', 'SUBSTITUTE_CCR_CCT', 'SUBSTITUTE_CCR_CCP', 'SUBSTITUTE_CCR_LM'], 'distances': [0, 0, 0, 1, 0, 1, 1, 1, 1, 1, 2, 1, 2, 2]}, {'token': 'VBTR', 'suggestions': ['KEEP_VBTR_VBTR', 'KEEP_VBTR_VBTR', 'KEEP_VBTR_VBTR', 'KEEP_VBTR_VBTR', 'KEEP_VBTR_VBTR', 'KEEP_VBTR_VBTR', 'KEEP_VBTR_VBTR', 'KEEP_VBTR_VBTR', 'KEEP_VBTR_VBTR', 'KEEP_VBTR_VBTR', 'KEEP_VBTR_VBTR', 'KEEP_VBTR_VBTR', 'KEEP_VBTR_VBTR'], 'distances': [0, 0, 1, 0, 0, 1, 1, 1, 1, 2, 1, 2, 2]}, {'token': 'CCT', 'suggestions': ['KEEP_CCT_CCT', 'KEEP_CCT_CCT', 'KEEP_CCT_CCT', 'KEEP_CCT_CCT', 'KEEP_CCT_CCT', 'KEEP_CCT_CCT', 'KEEP_CCT_CCT', 'KEEP_CCT_CCT', 'KEEP_CCT_CCT', 'KEEP_CCT_CCT', 'KEEP_CCT_CCT'], 'distances': [0, 0, 0, 0, 0, 1, 1, 1, 1, 2, 2]}, {'token': 'VBW', 'suggestions': ['KEEP_VBW_VBW', 'KEEP_VBW_VBW', 'KEEP_VBW_VBW', 'KEEP_VBW_VBW', 'KEEP_VBW_VBW', 'KEEP_VBW_VBW', 'KEEP_VBW_VBW', 'KEEP_VBW_VBW'], 'distances': [0, 0, 0, 0, 1, 1, 2, 2]}, {'token': 'PRP', 'suggestions': ['KEEP_PRP_PRP', 'KEEP_PRP_PRP', 'SUBSTITUTE_PRP_CCB', 'SUBSTITUTE_PRP_DTC'], 'distances': [0, 0, 1, 2]}]"
Pagdating sa pagibig hindi rin daw puwede na bigay lang nang bigay si Vilma sa relasyon,Pagdating sa pag-ibig hindi rin daw puwede na bigay lang nang bigay si Vilma sa relasyon,Pagdating sa pag-ibig hindi rin-daw puwede na bigay lang nang bigay si Vilma sa relasyon,[],"[{'token': 'VBW', 'suggestions': ['KEEP_VBW_VBW', 'KEEP_VBW_VBW', 'KEEP_VBW_VBW', 'KEEP_VBW_VBW'], 'distances': [0, 0, 1, 1]}, {'token': 'CCT', 'suggestions': ['KEEP_CCT_CCT', 'KEEP_CCT_CCT', 'KEEP_CCT_CCT', 'KEEP_CCT_CCT', 'KEEP_CCT_CCT', 'KEEP_CCT_CCT', 'KEEP_CCT_CCT', 'KEEP_CCT_CCT'], 'distances': [0, 0, 0, 0, 1, 1, 1, 2]}, {'token': 'NNC', 'suggestions': ['KEEP_NNC_NNC', 'KEEP_NNC_NNC', 'KEEP_NNC_NNC', 'KEEP_NNC_NNC', 'SUBSTITUTE_NNC_DTCP', 'KEEP_NNC_NNC', 'KEEP_NNC_NNC', 'KEEP_NNC_NNC', 'KEEP_NNC_NNC', 'KEEP_NNC_NNC', 'KEEP_NNC_NNC'], 'distances': [0, 0, 0, 0, 1, 1, 1, 2, 1, 2, 2]}, {'token': 'RBF', 'suggestions': ['KEEP_RBF_RBF', 'KEEP_RBF_RBF', 'KEEP_RBF_RBF', 'KEEP_RBF_RBF', 'KEEP_RBF_RBF', 'SUBSTITUTE_RBF_RBW_CCP', 'SUBSTITUTE_RBF_DTC', 'SUBSTITUTE_RBF_CCA', 'KEEP_RBF_RBF', 'SUBSTITUTE_RBF_LM', 'SUBSTITUTE_RBF_CCB', 'SUBSTITUTE_RBF_CCP', 'KEEP_RBF_RBF'], 'distances': [0, 0, 0, 1, 1, 1, 1, 2, 1, 1, 2, 2, 2]}, {'token': 'JJD', 'suggestions': ['KEEP_JJD_JJD', 'KEEP_JJD_JJD', 'KEEP_JJD_JJD', 'KEEP_JJD_JJD', 'KEEP_JJD_JJD', 'KEEP_JJD_JJD', 'KEEP_JJD_JJD', 'KEEP_JJD_JJD', 'SUBSTITUTE_JJD_LM', 'KEEP_JJD_JJD', 'KEEP_JJD_JJD', 'KEEP_JJD_JJD', 'KEEP_JJD_JJD', 'KEEP_JJD_JJD'], 'distances': [0, 0, 1, 1, 1, 1, 2, 1, 1, 1, 2, 2, 2, 2]}, {'token': 'RBT', 'suggestions': ['KEEP_RBT_RBT', 'KEEP_RBT_RBT', 'SUBSTITUTE_RBT_CCT', 'SUBSTITUTE_RBT_PMC', 'KEEP_RBT_RBT', 'SUBSTITUTE_RBT_CCP', 'SUBSTITUTE_RBT_VBOF', 'KEEP_RBT_RBT', 'SUBSTITUTE_RBT_NNC', 'SUBSTITUTE_RBT_JJN_CCP', 'SUBSTITUTE_RBT_NNP', 'DELETE_RBT', 'SUBSTITUTE_RBT_CDB', 'SUBSTITUTE_RBT_CDB'], 'distances': [0, 0, 1, 1, 0, 2, 1, 1, 1, 2, 2, 2, 2, 1]}, {'token': 'CCP', 'suggestions': ['KEEP_CCP_CCP', 'KEEP_CCP_CCP', 'KEEP_CCP_CCP', 'KEEP_CCP_CCP', 'KEEP_CCP_CCP', 'KEEP_CCP_CCP', 'KEEP_CCP_CCP', 'KEEP_CCP_CCP', 'KEEP_CCP_CCP', 'KEEP_CCP_CCP', 'KEEP_CCP_CCP', 'KEEP_CCP_CCP', 'KEEP_CCP_CCP', 'KEEP_CCP_CCP'], 'distances': [0, 0, 1, 0, 0, 1, 1, 1, 0, 2, 2, 2, 1, 1]}, {'token': 'NNC', 'suggestions': ['KEEP_NNC_NNC', 'KEEP_NNC_NNC', 'KEEP_NNC_NNC', 'KEEP_NNC_NNC', 'KEEP_NNC_NNC', 'KEEP_NNC_NNC', 'KEEP_NNC_NNC', 'KEEP_NNC_NNC', 'KEEP_NNC_NNC', 'KEEP_NNC_NNC', 'KEEP_NNC_NNC', 'KEEP_NNC_NNC', 'KEEP_NNC_NNC', 'KEEP_NNC_NNC'], 'distances': [0, 0, 0, 0, 0, 1, 1, 0, 1, 2, 2, 1, 1, 2]}, {'token': 'RBI', 'suggestions': ['KEEP_RBI_RBI', 'KEEP_RBI_RBI', 'KEEP_RBI_RBI', 'KEEP_RBI_RBI', 'KEEP_RBI_RBI', 'KEEP_RBI_RBI', 'KEEP_RBI_RBI', 'KEEP_RBI_RBI', 'KEEP_RBI_RBI', 'SUBSTITUTE_RBI_DTC', 'KEEP_RBI_RBI', 'KEEP_RBI_RBI', 'SUBSTITUTE_RBI_PMC', 'KEEP_RBI_RBI'], 'distances': [0, 0, 0, 0, 1, 1, 0, 1, 1, 2, 1, 1, 2, 1]}, {'token': 'RBW', 'suggestions': ['KEEP_RBW_RBW', 'KEEP_RBW_RBW', 'KEEP_RBW_RBW', 'KEEP_RBW_RBW', 'KEEP_RBW_RBW', 'KEEP_RBW_RBW', 'SUBSTITUTE_RBW_LM', 'SUBSTITUTE_RBW_PMC', 'KEEP_RBW_RBW', 'KEEP_RBW_RBW', 'KEEP_RBW_RBW', 'KEEP_RBW_RBW', 'SUBSTITUTE_RBW_PMC', 'SUBSTITUTE_RBW_PMC'], 'distances': [0, 0, 0, 1, 0, 0, 1, 1, 0, 1, 1, 2, 1, 1]}, {'token': 'VBS', 'suggestions': ['KEEP_VBS_VBS', 'KEEP_VBS_VBS', 'SUBSTITUTE_VBS_RBW', 'KEEP_VBS_VBS', 'KEEP_VBS_VBS', 'KEEP_VBS_VBS', 'KEEP_VBS_VBS', 'KEEP_VBS_VBS', 'KEEP_VBS_VBS', 'SUBSTITUTE_VBS_DTC', 'SUBSTITUTE_VBS_VBAF', 'KEEP_VBS_VBS', 'KEEP_VBS_VBS', 'KEEP_VBS_VBS'], 'distances': [0, 0, 1, 0, 0, 1, 1, 0, 0, 1, 2, 1, 1, 0]}, {'token': 'DTP', 'suggestions': ['KEEP_DTP_DTP', 'KEEP_DTP_DTP', 'KEEP_DTP_DTP', 'KEEP_DTP_DTP', 'KEEP_DTP_DTP', 'KEEP_DTP_DTP', 'KEEP_DTP_DTP', 'KEEP_DTP_DTP', 'KEEP_DTP_DTP', 'KEEP_DTP_DTP', 'KEEP_DTP_DTP', 'KEEP_DTP_DTP', 'KEEP_DTP_DTP'], 'distances': [0, 0, 0, 0, 0, 1, 0, 0, 0, 2, 1, 1, 0]}, {'token': 'NNP', 'suggestions': ['KEEP_NNP_NNP', 'KEEP_NNP_NNP', 'KEEP_NNP_NNP', 'KEEP_NNP_NNP', 'KEEP_NNP_NNP', 'KEEP_NNP_NNP', 'KEEP_NNP_NNP', 'KEEP_NNP_NNP', 'KEEP_NNP_NNP', 'KEEP_NNP_NNP', 'KEEP_NNP_NNP'], 'distances': [0, 0, 0, 0, 0, 0, 0, 0, 1, 1, 0]}, {'token': 'CCT', 'suggestions': ['KEEP_CCT_CCT', 'KEEP_CCT_CCT', 'KEEP_CCT_CCT', 'KEEP_CCT_CCT', 'KEEP_CCT_CCT', 'KEEP_CCT_CCT', 'KEEP_CCT_CCT', 'KEEP_CCT_CCT'], 'distances': [0, 0, 0, 0, 0, 0, 1, 0]}, {'token': 'NNC', 'suggestions': ['KEEP_NNC_NNC', 'KEEP_NNC_NNC', 'KEEP_NNC_NNC', 'KEEP_NNC_NNC'], 'distances': [0, 0, 0, 0]}]"
Pinapakilala naman ng Babaeng Ahas ang sarili bilang Valentina sa niligtas niyang biktima ng dalawang magnanakaw,Pinakilala naman ng Babaeng Ahas ang sarili bilang Valentina sa niligtas niyang biktima ng dalawang magnanakaw,Pinapakilala naman ng Babaeng Ahas ang sarili bilang Valentina sa niligtas niyang biktima ng dalawang magnanakaw,[],"[{'token': 'VBTR', 'suggestions': ['KEEP_VBTR_VBTR', 'KEEP_VBTR_VBTR', 'KEEP_VBTR_VBTR', 'KEEP_VBTR_VBTR'], 'distances': [0, 0, 0, 0]}, {'token': 'RBI', 'suggestions': ['KEEP_RBI_RBI', 'KEEP_RBI_RBI', 'KEEP_RBI_RBI', 'KEEP_RBI_RBI', 'KEEP_RBI_RBI', 'KEEP_RBI_RBI', 'KEEP_RBI_RBI', 'KEEP_RBI_RBI'], 'distances': [0, 0, 0, 0, 0, 0, 0, 1]}, {'token': 'CCB', 'suggestions': ['KEEP_CCB_CCB', 'KEEP_CCB_CCB', 'KEEP_CCB_CCB', 'KEEP_CCB_CCB', 'KEEP_CCB_CCB', 'KEEP_CCB_CCB', 'KEEP_CCB_CCB', 'KEEP_CCB_CCB', 'KEEP_CCB_CCB', 'KEEP_CCB_CCB', 'KEEP_CCB_CCB'], 'distances': [0, 0, 0, 0, 0, 0, 0, 0, 0, 1, 1]}, {'token': 'NNP_CCP', 'suggestions': ['KEEP_NNP_CCP_NNP_CCP', 'KEEP_NNP_CCP_NNP_CCP', 'KEEP_NNP_CCP_NNP_CCP', 'KEEP_NNP_CCP_NNP_CCP', 'KEEP_NNP_CCP_NNP_CCP', 'KEEP_NNP_CCP_NNP_CCP', 'KEEP_NNP_CCP_NNP_CCP', 'KEEP_NNP_CCP_NNP_CCP', 'KEEP_NNP_CCP_NNP_CCP', 'KEEP_NNP_CCP_NNP_CCP', 'KEEP_NNP_CCP_NNP_CCP', 'SUBSTITUTE_NNP_CCP_DTCP', 'KEEP_NNP_CCP_NNP_CCP'], 'distances': [0, 0, 0, 0, 0, 0, 0, 0, 0, 0, 1, 1, 0]}, {'token': 'NNP', 'suggestions': ['KEEP_NNP_NNP', 'KEEP_NNP_NNP', 'KEEP_NNP_NNP', 'KEEP_NNP_NNP', 'KEEP_NNP_NNP', 'KEEP_NNP_NNP', 'KEEP_NNP_NNP', 'KEEP_NNP_NNP', 'KEEP_NNP_NNP', 'KEEP_NNP_NNP', 'KEEP_NNP_NNP', 'KEEP_NNP_NNP', 'KEEP_NNP_NNP', 'KEEP_NNP_NNP'], 'distances': [0, 0, 0, 0, 0, 0, 0, 0, 0, 0, 1, 1, 0, 0]}, {'token': 'DTC', 'suggestions': ['KEEP_DTC_DTC', 'KEEP_DTC_DTC', 'KEEP_DTC_DTC', 'KEEP_DTC_DTC', 'KEEP_DTC_DTC', 'KEEP_DTC_DTC', 'KEEP_DTC_DTC', 'KEEP_DTC_DTC', 'KEEP_DTC_DTC', 'SUBSTITUTE_DTC_CCP', 'KEEP_DTC_DTC', 'KEEP_DTC_DTC', 'KEEP_DTC_DTC', 'KEEP_DTC_DTC'], 'distances': [0, 0, 0, 0, 0, 0, 0, 0, 0, 1, 1, 0, 0, 0]}, {'token': 'NNC', 'suggestions': ['KEEP_NNC_NNC', 'KEEP_NNC_NNC', 'KEEP_NNC_NNC', 'KEEP_NNC_NNC', 'KEEP_NNC_NNC', 'KEEP_NNC_NNC', 'KEEP_NNC_NNC', 'KEEP_NNC_NNC', 'KEEP_NNC_NNC', 'KEEP_NNC_NNC', 'KEEP_NNC_NNC', 'KEEP_NNC_NNC', 'KEEP_NNC_NNC', 'KEEP_NNC_NNC'], 'distances': [0, 0, 0, 0, 0, 0, 0, 0, 0, 1, 0, 0, 0, 0]}, {'token': 'CCT', 'suggestions': ['KEEP_CCT_CCT', 'KEEP_CCT_CCT', 'KEEP_CCT_CCT', 'KEEP_CCT_CCT', 'KEEP_CCT_CCT', 'KEEP_CCT_CCT', 'KEEP_CCT_CCT', 'KEEP_CCT_CCT', 'KEEP_CCT_CCT', 'KEEP_CCT_CCT', 'KEEP_CCT_CCT', 'KEEP_CCT_CCT', 'KEEP_CCT_CCT', 'KEEP_CCT_CCT'], 'distances': [0, 0, 0, 0, 0, 0, 0, 0, 0, 0, 0, 0, 0, 1]}, {'token': 'NNP', 'suggestions': ['KEEP_NNP_NNP', 'KEEP_NNP_NNP', 'KEEP_NNP_NNP', 'KEEP_NNP_NNP', 'KEEP_NNP_NNP', 'KEEP_NNP_NNP', 'KEEP_NNP_NNP', 'KEEP_NNP_NNP', 'KEEP_NNP_NNP', 'KEEP_NNP_NNP', 'KEEP_NNP_NNP', 'KEEP_NNP_NNP', 'KEEP_NNP_NNP', 'KEEP_NNP_NNP'], 'distances': [0, 0, 0, 0, 0, 0, 0, 0, 1, 0, 0, 0, 1, 1]}, {'token': 'CCT', 'suggestions': ['KEEP_CCT_CCT', 'KEEP_CCT_CCT', 'KEEP_CCT_CCT', 'KEEP_CCT_CCT', 'KEEP_CCT_CCT', 'KEEP_CCT_CCT', 'KEEP_CCT_CCT', 'SUBSTITUTE_CCT_PMC', 'KEEP_CCT_CCT', 'KEEP_CCT_CCT', 'KEEP_CCT_CCT', 'KEEP_CCT_CCT', 'KEEP_CCT_CCT', 'KEEP_CCT_CCT'], 'distances': [0, 0, 0, 0, 0, 0, 0, 1, 0, 0, 0, 1, 1, 1]}, {'token': 'VBTS', 'suggestions': ['KEEP_VBTS_VBTS', 'KEEP_VBTS_VBTS', 'KEEP_VBTS_VBTS', 'KEEP_VBTS_VBTS', 'KEEP_VBTS_VBTS', 'KEEP_VBTS_VBTS', 'KEEP_VBTS_VBTS', 'KEEP_VBTS_VBTS', 'KEEP_VBTS_VBTS', 'KEEP_VBTS_VBTS', 'KEEP_VBTS_VBTS', 'KEEP_VBTS_VBTS', 'KEEP_VBTS_VBTS', 'KEEP_VBTS_VBTS'], 'distances': [0, 0, 0, 0, 0, 0, 1, 0, 1, 0, 1, 1, 1, 1]}, {'token': 'PRS_CCP', 'suggestions': ['KEEP_PRS_CCP_PRS_CCP', 'KEEP_PRS_CCP_PRS_CCP', 'KEEP_PRS_CCP_PRS_CCP', 'KEEP_PRS_CCP_PRS_CCP', 'KEEP_PRS_CCP_PRS_CCP', 'KEEP_PRS_CCP_PRS_CCP', 'KEEP_PRS_CCP_PRS_CCP', 'SUBSTITUTE_PRS_CCP_CCA', 'KEEP_PRS_CCP_PRS_CCP', 'SUBSTITUTE_PRS_CCP_CCP', 'SUBSTITUTE_PRS_CCP_CCP', 'SUBSTITUTE_PRS_CCP_CCP', 'SUBSTITUTE_PRS_CCP_CCT', 'SUBSTITUTE_PRS_CCP_LM'], 'distances': [0, 0, 0, 0, 0, 1, 0, 1, 1, 1, 1, 1, 1, 1]}, {'token': 'NNC', 'suggestions': ['KEEP_NNC_NNC', 'KEEP_NNC_NNC', 'KEEP_NNC_NNC', 'KEEP_NNC_NNC', 'KEEP_NNC_NNC', 'KEEP_NNC_NNC', 'KEEP_NNC_NNC', 'KEEP_NNC_NNC', 'KEEP_NNC_NNC', 'KEEP_NNC_NNC', 'KEEP_NNC_NNC', 'KEEP_NNC_NNC', 'KEEP_NNC_NNC'], 'distances': [0, 0, 0, 0, 0, 0, 1, 1, 0, 1, 1, 1, 1]}, {'token': 'CCB', 'suggestions': ['KEEP_CCB_CCB', 'KEEP_CCB_CCB', 'KEEP_CCB_CCB', 'KEEP_CCB_CCB', 'KEEP_CCB_CCB', 'KEEP_CCB_CCB', 'KEEP_CCB_CCB', 'KEEP_CCB_CCB', 'KEEP_CCB_CCB', 'KEEP_CCB_CCB', 'KEEP_CCB_CCB'], 'distances': [0, 0, 0, 0, 0, 1, 1, 0, 1, 1, 1]}, {'token': 'JJN_CCP', 'suggestions': ['KEEP_JJN_CCP_JJN_CCP', 'KEEP_JJN_CCP_JJN_CCP', 'KEEP_JJN_CCP_JJN_CCP', 'KEEP_JJN_CCP_JJN_CCP', 'SUBSTITUTE_JJN_CCP_NNP', 'KEEP_JJN_CCP_JJN_CCP', 'KEEP_JJN_CCP_JJN_CCP', 'KEEP_JJN_CCP_JJN_CCP'], 'distances': [0, 0, 0, 0, 1, 0, 1, 1]}, {'token': 'NNC', 'suggestions': ['KEEP_NNC_NNC', 'KEEP_NNC_NNC', 'KEEP_NNC_NNC', 'KEEP_NNC_NNC'], 'distances': [0, 0, 0, 1]}]"
Isa rin ang Nathan Studios mga producer ng naturang serye,Isa rin ang Nathan Studios sa mga producer ng naturang serye,Isa rin ang Nathan Studios mga producer ng naturang serye,[],"[{'token': 'PRI', 'suggestions': ['KEEP_PRI_PRI', 'KEEP_PRI_PRI', 'SUBSTITUTE_PRI_JJD', 'KEEP_PRI_PRI'], 'distances': [0, 0, 1, 1]}, {'token': 'RBI', 'suggestions': ['KEEP_RBI_RBI', 'KEEP_RBI_RBI', 'KEEP_RBI_RBI', 'KEEP_RBI_RBI', 'KEEP_RBI_RBI', 'KEEP_RBI_RBI', 'SUBSTITUTE_RBI_PMC', 'KEEP_RBI_RBI'], 'distances': [0, 0, 0, 0, 1, 0, 1, 1]}, {'token': 'DTC', 'suggestions': ['KEEP_DTC_DTC', 'KEEP_DTC_DTC', 'KEEP_DTC_DTC', 'KEEP_DTC_DTC', 'KEEP_DTC_DTC', 'KEEP_DTC_DTC', 'KEEP_DTC_DTC', 'KEEP_DTC_DTC', 'KEEP_DTC_DTC', 'KEEP_DTC_DTC', 'KEEP_DTC_DTC'], 'distances': [0, 0, 0, 0, 0, 1, 0, 1, 1, 1, 1]}, {'token': 'NNP', 'suggestions': ['KEEP_NNP_NNP', 'KEEP_NNP_NNP', 'KEEP_NNP_NNP', 'KEEP_NNP_NNP', 'KEEP_NNP_NNP', 'KEEP_NNP_NNP', 'KEEP_NNP_NNP', 'KEEP_NNP_NNP', 'KEEP_NNP_NNP', 'KEEP_NNP_NNP', 'KEEP_NNP_NNP', 'KEEP_NNP_NNP', 'KEEP_NNP_NNP'], 'distances': [0, 0, 0, 0, 0, 1, 0, 1, 1, 1, 1, 1, 1]}, {'token': 'NNP', 'suggestions': ['KEEP_NNP_NNP', 'KEEP_NNP_NNP', 'KEEP_NNP_NNP', 'KEEP_NNP_NNP', 'KEEP_NNP_NNP', 'KEEP_NNP_NNP', 'KEEP_NNP_NNP', 'KEEP_NNP_NNP', 'KEEP_NNP_NNP', 'KEEP_NNP_NNP', 'KEEP_NNP_NNP', 'KEEP_NNP_NNP', 'KEEP_NNP_NNP', 'KEEP_NNP_NNP'], 'distances': [0, 0, 0, 0, 1, 0, 1, 1, 1, 1, 1, 1, 1, 2]}, {'token': 'DTCP', 'suggestions': ['KEEP_DTCP_DTCP', 'KEEP_DTCP_DTCP', 'KEEP_DTCP_DTCP', 'SUBSTITUTE_DTCP_NNPA', 'KEEP_DTCP_DTCP', 'SUBSTITUTE_DTCP_PMS', 'DELETE_DTCP', 'SUBSTITUTE_DTCP_CCT', 'KEEP_DTCP_DTCP', 'SUBSTITUTE_DTCP_PMC', 'SUBSTITUTE_DTCP_NNP', 'SUBSTITUTE_DTCP_PMC', 'SUBSTITUTE_DTCP_CCT', 'KEEP_DTCP_DTCP'], 'distances': [0, 0, 0, 1, 0, 1, 1, 1, 1, 1, 1, 1, 2, 1]}, {'token': 'FW', 'suggestions': ['KEEP_FW_FW', 'KEEP_FW_FW', 'KEEP_FW_FW', 'KEEP_FW_FW', 'KEEP_FW_FW', 'KEEP_FW_FW', 'KEEP_FW_FW', 'KEEP_FW_FW', 'KEEP_FW_FW', 'KEEP_FW_FW', 'KEEP_FW_FW', 'KEEP_FW_FW', 'SUBSTITUTE_FW_VBTR'], 'distances': [0, 0, 1, 0, 1, 1, 1, 1, 1, 1, 1, 2, 1]}, {'token': 'CCB', 'suggestions': ['KEEP_CCB_CCB', 'KEEP_CCB_CCB', 'KEEP_CCB_CCB', 'SUBSTITUTE_CCB_LM', 'KEEP_CCB_CCB', 'KEEP_CCB_CCB', 'KEEP_CCB_CCB', 'KEEP_CCB_CCB', 'KEEP_CCB_CCB', 'KEEP_CCB_CCB', 'KEEP_CCB_CCB'], 'distances': [0, 0, 0, 1, 0, 1, 1, 1, 1, 2, 1]}, {'token': 'VBTS_CCP', 'suggestions': ['KEEP_VBTS_CCP_VBTS_CCP', 'KEEP_VBTS_CCP_VBTS_CCP', 'KEEP_VBTS_CCP_VBTS_CCP', 'KEEP_VBTS_CCP_VBTS_CCP', 'SUBSTITUTE_VBTS_CCP_NNP', 'SUBSTITUTE_VBTS_CCP_DTC', 'SUBSTITUTE_VBTS_CCP_NNP', 'KEEP_VBTS_CCP_VBTS_CCP'], 'distances': [0, 0, 1, 0, 1, 1, 2, 1]}, {'token': 'NNC', 'suggestions': ['KEEP_NNC_NNC', 'KEEP_NNC_NNC', 'KEEP_NNC_NNC', 'KEEP_NNC_NNC'], 'distances': [0, 0, 1, 1]}]"
Sa edad na  anyos naging instant breadwinner nang pamilya si Krizzia,Sa edad na  anyos naging instant breadwinner ng pamilya si Krizzia,Sa edad na anyos naging instant breadwinner nang pamilya si Krizzia,[],"[{'token': 'CCT', 'suggestions': ['KEEP_CCT_CCT', 'KEEP_CCT_CCT', 'KEEP_CCT_CCT', 'KEEP_CCT_CCT'], 'distances': [0, 0, 0, 1]}, {'token': 'NNC', 'suggestions': ['KEEP_NNC_NNC', 'KEEP_NNC_NNC', 'KEEP_NNC_NNC', 'KEEP_NNC_NNC', 'KEEP_NNC_NNC', 'KEEP_NNC_NNC', 'KEEP_NNC_NNC', 'KEEP_NNC_NNC'], 'distances': [0, 0, 0, 0, 0, 1, 1, 1]}, {'token': 'CCP', 'suggestions': ['KEEP_CCP_CCP', 'KEEP_CCP_CCP', 'KEEP_CCP_CCP', 'KEEP_CCP_CCP', 'KEEP_CCP_CCP', 'KEEP_CCP_CCP', 'KEEP_CCP_CCP', 'KEEP_CCP_CCP', 'KEEP_CCP_CCP', 'KEEP_CCP_CCP', 'KEEP_CCP_CCP'], 'distances': [0, 0, 0, 0, 0, 0, 1, 1, 1, 1, 1]}, {'token': 'NNC', 'suggestions': ['KEEP_NNC_NNC', 'KEEP_NNC_NNC', 'KEEP_NNC_NNC', 'KEEP_NNC_NNC', 'KEEP_NNC_NNC', 'KEEP_NNC_NNC', 'KEEP_NNC_NNC', 'KEEP_NNC_NNC', 'KEEP_NNC_NNC', 'KEEP_NNC_NNC', 'KEEP_NNC_NNC', 'KEEP_NNC_NNC', 'KEEP_NNC_NNC'], 'distances': [0, 0, 0, 0, 1, 0, 1, 1, 1, 1, 1, 1, 2]}, {'token': 'VBTS', 'suggestions': ['KEEP_VBTS_VBTS', 'KEEP_VBTS_VBTS', 'KEEP_VBTS_VBTS', 'SUBSTITUTE_VBTS_CCB', 'KEEP_VBTS_VBTS', 'SUBSTITUTE_VBTS_RBW_CCP', 'SUBSTITUTE_VBTS_PMC', 'SUBSTITUTE_VBTS_CCT', 'SUBSTITUTE_VBTS_CCP', 'SUBSTITUTE_VBTS_LM', 'SUBSTITUTE_VBTS_PMC', 'SUBSTITUTE_VBTS_PMC', 'SUBSTITUTE_VBTS_CCB', 'SUBSTITUTE_VBTS_CCT'], 'distances': [0, 0, 0, 1, 0, 1, 1, 1, 1, 1, 1, 1, 2, 1]}, {'token': 'FW', 'suggestions': ['KEEP_FW_FW', 'KEEP_FW_FW', 'KEEP_FW_FW', 'KEEP_FW_FW', 'KEEP_FW_FW', 'KEEP_FW_FW', 'KEEP_FW_FW', 'KEEP_FW_FW', 'KEEP_FW_FW', 'KEEP_FW_FW', 'KEEP_FW_FW', 'KEEP_FW_FW', 'KEEP_FW_FW', 'KEEP_FW_FW'], 'distances': [0, 0, 1, 0, 0, 1, 1, 1, 0, 1, 1, 2, 1, 1]}, {'token': 'FW', 'suggestions': ['KEEP_FW_FW', 'KEEP_FW_FW', 'KEEP_FW_FW', 'KEEP_FW_FW', 'KEEP_FW_FW', 'KEEP_FW_FW', 'KEEP_FW_FW', 'KEEP_FW_FW', 'KEEP_FW_FW', 'KEEP_FW_FW', 'KEEP_FW_FW', 'KEEP_FW_FW', 'KEEP_FW_FW', 'KEEP_FW_FW'], 'distances': [0, 0, 0, 0, 0, 1, 1, 0, 1, 1, 2, 1, 1, 1]}, {'token': 'RBW', 'suggestions': ['KEEP_RBW_RBW', 'KEEP_RBW_RBW', 'KEEP_RBW_RBW', 'KEEP_RBW_RBW', 'KEEP_RBW_RBW', 'KEEP_RBW_RBW', 'KEEP_RBW_RBW', 'SUBSTITUTE_RBW_CCP', 'KEEP_RBW_RBW', 'SUBSTITUTE_RBW_LM', 'KEEP_RBW_RBW', 'SUBSTITUTE_RBW_RBW_CCP', 'SUBSTITUTE_RBW_CCP'], 'distances': [0, 0, 0, 0, 1, 1, 0, 1, 1, 2, 1, 1, 1]}, {'token': 'NNC', 'suggestions': ['KEEP_NNC_NNC', 'KEEP_NNC_NNC', 'KEEP_NNC_NNC', 'KEEP_NNC_NNC', 'KEEP_NNC_NNC', 'KEEP_NNC_NNC', 'KEEP_NNC_NNC', 'SUBSTITUTE_NNC_VBTR', 'KEEP_NNC_NNC', 'KEEP_NNC_NNC', 'KEEP_NNC_NNC'], 'distances': [0, 0, 0, 1, 0, 0, 1, 1, 1, 1, 1]}, {'token': 'DTP', 'suggestions': ['KEEP_DTP_DTP', 'KEEP_DTP_DTP', 'SUBSTITUTE_DTP_PMP', 'KEEP_DTP_DTP', 'KEEP_DTP_DTP', 'KEEP_DTP_DTP', 'KEEP_DTP_DTP', 'KEEP_DTP_DTP'], 'distances': [0, 0, 1, 0, 1, 1, 1, 1]}, {'token': 'NNP', 'suggestions': ['KEEP_NNP_NNP', 'KEEP_NNP_NNP', 'KEEP_NNP_NNP', 'KEEP_NNP_NNP'], 'distances': [0, 0, 1, 1]}]"
Meaning talagang marami ang NAI-EXCITE sa Family Feud,Meaning talagang marami ang nai-excite sa Family Feud,aning gahaman marami ang NAI-EXCITE sa Family Feud,[],"[{'token': 'VBOF_CCP', 'suggestions': ['KEEP_VBOF_CCP_VBOF_CCP', 'SUBSTITUTE_VBOF_CCP_NNC', 'SUBSTITUTE_VBOF_CCP_NNC', 'SUBSTITUTE_VBOF_CCP_VBTS'], 'distances': [1, 2, 2, 3]}, {'token': 'RBT_CCP', 'suggestions': ['SUBSTITUTE_RBT_CCP_JJD_CCP', 'SUBSTITUTE_RBT_CCP_VBW', 'SUBSTITUTE_RBT_CCP_CCA', 'SUBSTITUTE_RBT_CCP_CCB', 'SUBSTITUTE_RBT_CCP_PMC', 'SUBSTITUTE_RBT_CCP_PMC', 'SUBSTITUTE_RBT_CCP_CCB', 'SUBSTITUTE_RBT_CCP_NNP'], 'distances': [1, 1, 2, 1, 2, 2, 3, 2]}, {'token': 'PRI', 'suggestions': ['KEEP_PRI_PRI', 'KEEP_PRI_PRI', 'KEEP_PRI_PRI', 'KEEP_PRI_PRI', 'KEEP_PRI_PRI', 'KEEP_PRI_PRI', 'SUBSTITUTE_PRI_CCT', 'KEEP_PRI_PRI', 'SUBSTITUTE_PRI_NNC', 'SUBSTITUTE_PRI_NNP', 'SUBSTITUTE_PRI_NNP'], 'distances': [1, 0, 2, 1, 1, 2, 2, 1, 3, 2, 1]}, {'token': 'DTC', 'suggestions': ['KEEP_DTC_DTC', 'KEEP_DTC_DTC', 'KEEP_DTC_DTC', 'KEEP_DTC_DTC', 'KEEP_DTC_DTC', 'KEEP_DTC_DTC', 'KEEP_DTC_DTC', 'KEEP_DTC_DTC', 'KEEP_DTC_DTC', 'KEEP_DTC_DTC', 'KEEP_DTC_DTC', 'KEEP_DTC_DTC', 'KEEP_DTC_DTC'], 'distances': [0, 0, 1, 1, 0, 2, 2, 1, 0, 3, 2, 1, 1]}, {'token': 'NNPA', 'suggestions': ['KEEP_NNPA_NNPA', 'KEEP_NNPA_NNPA', 'SUBSTITUTE_NNPA_DTCP', 'KEEP_NNPA_NNPA', 'KEEP_NNPA_NNPA', 'KEEP_NNPA_NNPA', 'SUBSTITUTE_NNPA_NNC', 'KEEP_NNPA_NNPA', 'KEEP_NNPA_NNPA', 'KEEP_NNPA_NNPA', 'KEEP_NNPA_NNPA', 'KEEP_NNPA_NNPA', 'SUBSTITUTE_NNPA_NNP'], 'distances': [0, 0, 1, 0, 0, 2, 1, 0, 0, 3, 2, 1, 1]}, {'token': 'CCT', 'suggestions': ['KEEP_CCT_CCT', 'KEEP_CCT_CCT', 'KEEP_CCT_CCT', 'KEEP_CCT_CCT', 'KEEP_CCT_CCT', 'KEEP_CCT_CCT', 'KEEP_CCT_CCT', 'KEEP_CCT_CCT', 'KEEP_CCT_CCT', 'KEEP_CCT_CCT', 'KEEP_CCT_CCT'], 'distances': [0, 0, 0, 0, 0, 1, 0, 0, 2, 1, 1]}, {'token': 'NNP', 'suggestions': ['KEEP_NNP_NNP', 'KEEP_NNP_NNP', 'KEEP_NNP_NNP', 'KEEP_NNP_NNP', 'KEEP_NNP_NNP', 'KEEP_NNP_NNP', 'KEEP_NNP_NNP', 'KEEP_NNP_NNP'], 'distances': [0, 0, 0, 0, 0, 0, 1, 1]}, {'token': 'NNP', 'suggestions': ['KEEP_NNP_NNP', 'KEEP_NNP_NNP', 'KEEP_NNP_NNP', 'KEEP_NNP_NNP'], 'distances': [0, 0, 0, 1]}]"
Sa kanya kaya mapapasa ang korona na hawak ngayon ni Miss Universe  Harnaaz Sandhu ng India,Sa kanya kaya mapapasa ang korona na hawak ngayon ni Miss Universe  Harnaaz Sandhu ng India,Sa kanya kaya mapapasa ang korona na hawak ngayon ni Miss Universe Harnaaz Sandhu ng India,[],"[{'token': 'CCT', 'suggestions': ['KEEP_CCT_CCT', 'KEEP_CCT_CCT', 'KEEP_CCT_CCT', 'KEEP_CCT_CCT'], 'distances': [0, 0, 1, 1]}, {'token': 'PRSP', 'suggestions': ['KEEP_PRSP_PRSP', 'KEEP_PRSP_PRSP', 'KEEP_PRSP_PRSP', 'KEEP_PRSP_PRSP', 'KEEP_PRSP_PRSP', 'SUBSTITUTE_PRSP_NNC', 'KEEP_PRSP_PRSP', 'SUBSTITUTE_PRSP_NNC'], 'distances': [0, 0, 0, 1, 1, 1, 1, 1]}, {'token': 'CCR', 'suggestions': ['KEEP_CCR_CCR', 'KEEP_CCR_CCR', 'KEEP_CCR_CCR', 'SUBSTITUTE_CCR_CCP', 'KEEP_CCR_CCR', 'SUBSTITUTE_CCR_CCP', 'KEEP_CCR_CCR', 'KEEP_CCR_CCR', 'SUBSTITUTE_CCR_CCP', 'KEEP_CCR_CCR', 'SUBSTITUTE_CCR_RBW'], 'distances': [0, 0, 0, 1, 0, 1, 1, 0, 1, 1, 1]}, {'token': 'VBW', 'suggestions': ['KEEP_VBW_VBW', 'KEEP_VBW_VBW', 'KEEP_VBW_VBW', 'KEEP_VBW_VBW', 'KEEP_VBW_VBW', 'KEEP_VBW_VBW', 'KEEP_VBW_VBW', 'KEEP_VBW_VBW', 'KEEP_VBW_VBW', 'KEEP_VBW_VBW', 'KEEP_VBW_VBW', 'KEEP_VBW_VBW', 'KEEP_VBW_VBW'], 'distances': [0, 0, 1, 0, 0, 1, 1, 0, 0, 1, 1, 1, 0]}, {'token': 'DTC', 'suggestions': ['KEEP_DTC_DTC', 'KEEP_DTC_DTC', 'KEEP_DTC_DTC', 'KEEP_DTC_DTC', 'KEEP_DTC_DTC', 'KEEP_DTC_DTC', 'KEEP_DTC_DTC', 'KEEP_DTC_DTC', 'KEEP_DTC_DTC', 'KEEP_DTC_DTC', 'KEEP_DTC_DTC', 'KEEP_DTC_DTC', 'KEEP_DTC_DTC', 'SUBSTITUTE_DTC_PRI_CCP'], 'distances': [0, 0, 0, 0, 0, 1, 0, 0, 0, 1, 1, 1, 0, 1]}, {'token': 'NNC', 'suggestions': ['KEEP_NNC_NNC', 'KEEP_NNC_NNC', 'KEEP_NNC_NNC', 'KEEP_NNC_NNC', 'KEEP_NNC_NNC', 'KEEP_NNC_NNC', 'KEEP_NNC_NNC', 'KEEP_NNC_NNC', 'KEEP_NNC_NNC', 'KEEP_NNC_NNC', 'KEEP_NNC_NNC', 'KEEP_NNC_NNC', 'KEEP_NNC_NNC', 'KEEP_NNC_NNC'], 'distances': [0, 0, 0, 0, 0, 0, 0, 0, 0, 1, 1, 0, 1, 1]}, {'token': 'CCP', 'suggestions': ['KEEP_CCP_CCP', 'KEEP_CCP_CCP', 'KEEP_CCP_CCP', 'KEEP_CCP_CCP', 'KEEP_CCP_CCP', 'KEEP_CCP_CCP', 'KEEP_CCP_CCP', 'KEEP_CCP_CCP', 'KEEP_CCP_CCP', 'KEEP_CCP_CCP', 'KEEP_CCP_CCP', 'KEEP_CCP_CCP', 'KEEP_CCP_CCP', 'KEEP_CCP_CCP'], 'distances': [0, 0, 0, 0, 0, 0, 0, 0, 0, 1, 0, 1, 1, 0]}, {'token': 'NNC', 'suggestions': ['KEEP_NNC_NNC', 'KEEP_NNC_NNC', 'KEEP_NNC_NNC', 'KEEP_NNC_NNC', 'KEEP_NNC_NNC', 'KEEP_NNC_NNC', 'KEEP_NNC_NNC', 'KEEP_NNC_NNC', 'KEEP_NNC_NNC', 'KEEP_NNC_NNC', 'KEEP_NNC_NNC', 'KEEP_NNC_NNC', 'KEEP_NNC_NNC', 'KEEP_NNC_NNC'], 'distances': [0, 0, 0, 0, 0, 0, 0, 0, 0, 0, 1, 1, 0, 0]}, {'token': 'RBW', 'suggestions': ['KEEP_RBW_RBW', 'KEEP_RBW_RBW', 'KEEP_RBW_RBW', 'KEEP_RBW_RBW', 'KEEP_RBW_RBW', 'KEEP_RBW_RBW', 'KEEP_RBW_RBW', 'KEEP_RBW_RBW', 'KEEP_RBW_RBW', 'KEEP_RBW_RBW', 'KEEP_RBW_RBW', 'KEEP_RBW_RBW', 'KEEP_RBW_RBW', 'KEEP_RBW_RBW'], 'distances': [0, 0, 0, 0, 0, 0, 0, 0, 0, 1, 1, 0, 0, 0]}, {'token': 'DTP', 'suggestions': ['KEEP_DTP_DTP', 'KEEP_DTP_DTP', 'KEEP_DTP_DTP', 'KEEP_DTP_DTP', 'KEEP_DTP_DTP', 'KEEP_DTP_DTP', 'KEEP_DTP_DTP', 'KEEP_DTP_DTP', 'KEEP_DTP_DTP', 'SUBSTITUTE_DTP_DTC', 'KEEP_DTP_DTP', 'KEEP_DTP_DTP', 'KEEP_DTP_DTP', 'KEEP_DTP_DTP'], 'distances': [0, 0, 0, 0, 0, 0, 0, 0, 0, 1, 0, 0, 0, 0]}, {'token': 'NNP', 'suggestions': ['KEEP_NNP_NNP', 'KEEP_NNP_NNP', 'KEEP_NNP_NNP', 'KEEP_NNP_NNP', 'KEEP_NNP_NNP', 'KEEP_NNP_NNP', 'KEEP_NNP_NNP', 'KEEP_NNP_NNP', 'KEEP_NNP_NNP', 'KEEP_NNP_NNP', 'KEEP_NNP_NNP', 'KEEP_NNP_NNP', 'KEEP_NNP_NNP', 'KEEP_NNP_NNP'], 'distances': [0, 0, 0, 0, 0, 0, 0, 0, 0, 0, 0, 0, 0, 0]}, {'token': 'NNP', 'suggestions': ['KEEP_NNP_NNP', 'KEEP_NNP_NNP', 'KEEP_NNP_NNP', 'KEEP_NNP_NNP', 'KEEP_NNP_NNP', 'KEEP_NNP_NNP', 'KEEP_NNP_NNP', 'KEEP_NNP_NNP', 'KEEP_NNP_NNP', 'KEEP_NNP_NNP', 'KEEP_NNP_NNP', 'KEEP_NNP_NNP', 'KEEP_NNP_NNP', 'KEEP_NNP_NNP'], 'distances': [0, 0, 0, 0, 0, 0, 0, 0, 0, 0, 0, 0, 0, 0]}, {'token': 'NNP', 'suggestions': ['KEEP_NNP_NNP', 'KEEP_NNP_NNP', 'KEEP_NNP_NNP', 'KEEP_NNP_NNP', 'KEEP_NNP_NNP', 'KEEP_NNP_NNP', 'KEEP_NNP_NNP', 'KEEP_NNP_NNP', 'KEEP_NNP_NNP', 'KEEP_NNP_NNP', 'KEEP_NNP_NNP', 'KEEP_NNP_NNP', 'KEEP_NNP_NNP'], 'distances': [0, 0, 0, 0, 0, 0, 0, 0, 0, 0, 0, 0, 0]}, {'token': 'NNP', 'suggestions': ['KEEP_NNP_NNP', 'KEEP_NNP_NNP', 'KEEP_NNP_NNP', 'KEEP_NNP_NNP', 'KEEP_NNP_NNP', 'KEEP_NNP_NNP', 'KEEP_NNP_NNP', 'KEEP_NNP_NNP', 'KEEP_NNP_NNP', 'KEEP_NNP_NNP', 'KEEP_NNP_NNP'], 'distances': [0, 0, 0, 0, 0, 0, 0, 0, 0, 0, 0]}, {'token': 'CCB', 'suggestions': ['KEEP_CCB_CCB', 'KEEP_CCB_CCB', 'KEEP_CCB_CCB', 'KEEP_CCB_CCB', 'KEEP_CCB_CCB', 'KEEP_CCB_CCB', 'KEEP_CCB_CCB', 'KEEP_CCB_CCB'], 'distances': [0, 0, 0, 0, 0, 0, 0, 0]}, {'token': 'NNP', 'suggestions': ['KEEP_NNP_NNP', 'KEEP_NNP_NNP', 'KEEP_NNP_NNP', 'KEEP_NNP_NNP'], 'distances': [0, 0, 0, 0]}]"
Left and right Yung iba nga titulo ng bahay ang dala eh natatawa pa nitong sabi,Left and right Yung iba nga titulo ng bahay ang dala eh natatawa pa nitong sabi,Left and right Yung iba nga titulo ng bahay ang dala eh natatawa pa nitong sabi,[],"[{'token': 'NNP', 'suggestions': ['KEEP_NNP_NNP', 'KEEP_NNP_NNP', 'KEEP_NNP_NNP', 'KEEP_NNP_NNP'], 'distances': [0, 0, 1, 2]}, {'token': 'FW', 'suggestions': ['KEEP_FW_FW', 'KEEP_FW_FW', 'KEEP_FW_FW', 'KEEP_FW_FW', 'KEEP_FW_FW', 'KEEP_FW_FW', 'KEEP_FW_FW', 'KEEP_FW_FW'], 'distances': [0, 0, 0, 0, 1, 1, 2, 2]}, {'token': 'FW', 'suggestions': ['KEEP_FW_FW', 'KEEP_FW_FW', 'KEEP_FW_FW', 'KEEP_FW_FW', 'KEEP_FW_FW', 'KEEP_FW_FW', 'KEEP_FW_FW', 'KEEP_FW_FW', 'KEEP_FW_FW', 'KEEP_FW_FW', 'KEEP_FW_FW'], 'distances': [0, 0, 0, 0, 1, 1, 1, 2, 2, 2, 2]}, {'token': 'PRO_CCP', 'suggestions': ['KEEP_PRO_CCP_PRO_CCP', 'KEEP_PRO_CCP_PRO_CCP', 'KEEP_PRO_CCP_PRO_CCP', 'SUBSTITUTE_PRO_CCP_CCB', 'SUBSTITUTE_PRO_CCP_JJN_CCP', 'SUBSTITUTE_PRO_CCP_CCP', 'SUBSTITUTE_PRO_CCP_CCT', 'SUBSTITUTE_PRO_CCP_CCA', 'SUBSTITUTE_PRO_CCP_LM', 'SUBSTITUTE_PRO_CCP_NNP', 'KEEP_PRO_CCP_PRO_CCP', 'SUBSTITUTE_PRO_CCP_CCT', 'SUBSTITUTE_PRO_CCP_LM'], 'distances': [0, 0, 0, 1, 1, 1, 1, 2, 1, 2, 2, 2, 1]}, {'token': 'PRI', 'suggestions': ['KEEP_PRI_PRI', 'KEEP_PRI_PRI', 'KEEP_PRI_PRI', 'KEEP_PRI_PRI', 'KEEP_PRI_PRI', 'KEEP_PRI_PRI', 'SUBSTITUTE_PRI_VBTS', 'KEEP_PRI_PRI', 'KEEP_PRI_PRI', 'SUBSTITUTE_PRI_PMP', 'SUBSTITUTE_PRI_NNP', 'KEEP_PRI_PRI', 'KEEP_PRI_PRI', 'KEEP_PRI_PRI'], 'distances': [0, 0, 1, 1, 0, 1, 2, 1, 0, 2, 2, 2, 1, 1]}, {'token': 'RBI', 'suggestions': ['KEEP_RBI_RBI', 'KEEP_RBI_RBI', 'KEEP_RBI_RBI', 'KEEP_RBI_RBI', 'KEEP_RBI_RBI', 'KEEP_RBI_RBI', 'KEEP_RBI_RBI', 'KEEP_RBI_RBI', 'KEEP_RBI_RBI', 'SUBSTITUTE_RBI_PMC', 'SUBSTITUTE_RBI_CCB', 'KEEP_RBI_RBI', 'SUBSTITUTE_RBI_CCT', 'SUBSTITUTE_RBI_CDB'], 'distances': [0, 0, 1, 0, 0, 2, 1, 0, 0, 2, 2, 1, 1, 1]}, {'token': 'NNC', 'suggestions': ['KEEP_NNC_NNC', 'KEEP_NNC_NNC', 'KEEP_NNC_NNC', 'KEEP_NNC_NNC', 'KEEP_NNC_NNC', 'KEEP_NNC_NNC', 'KEEP_NNC_NNC', 'KEEP_NNC_NNC', 'KEEP_NNC_NNC', 'KEEP_NNC_NNC', 'KEEP_NNC_NNC', 'KEEP_NNC_NNC', 'KEEP_NNC_NNC', 'KEEP_NNC_NNC'], 'distances': [0, 0, 0, 0, 0, 1, 0, 0, 0, 2, 1, 1, 1, 0]}, {'token': 'CCB', 'suggestions': ['KEEP_CCB_CCB', 'KEEP_CCB_CCB', 'KEEP_CCB_CCB', 'KEEP_CCB_CCB', 'KEEP_CCB_CCB', 'KEEP_CCB_CCB', 'KEEP_CCB_CCB', 'KEEP_CCB_CCB', 'KEEP_CCB_CCB', 'KEEP_CCB_CCB', 'KEEP_CCB_CCB', 'KEEP_CCB_CCB', 'KEEP_CCB_CCB', 'KEEP_CCB_CCB'], 'distances': [0, 0, 0, 0, 0, 0, 0, 0, 0, 1, 1, 1, 0, 1]}, {'token': 'NNC', 'suggestions': ['KEEP_NNC_NNC', 'KEEP_NNC_NNC', 'KEEP_NNC_NNC', 'KEEP_NNC_NNC', 'KEEP_NNC_NNC', 'KEEP_NNC_NNC', 'KEEP_NNC_NNC', 'KEEP_NNC_NNC', 'KEEP_NNC_NNC', 'KEEP_NNC_NNC', 'KEEP_NNC_NNC', 'KEEP_NNC_NNC', 'KEEP_NNC_NNC', 'KEEP_NNC_NNC'], 'distances': [0, 0, 0, 0, 0, 0, 0, 0, 1, 1, 1, 0, 1, 2]}, {'token': 'DTC', 'suggestions': ['KEEP_DTC_DTC', 'KEEP_DTC_DTC', 'KEEP_DTC_DTC', 'KEEP_DTC_DTC', 'KEEP_DTC_DTC', 'KEEP_DTC_DTC', 'KEEP_DTC_DTC', 'KEEP_DTC_DTC', 'KEEP_DTC_DTC', 'KEEP_DTC_DTC', 'KEEP_DTC_DTC', 'KEEP_DTC_DTC', 'KEEP_DTC_DTC', 'KEEP_DTC_DTC'], 'distances': [0, 0, 0, 0, 0, 0, 0, 1, 1, 1, 0, 1, 2, 2]}, {'token': 'JJD', 'suggestions': ['KEEP_JJD_JJD', 'KEEP_JJD_JJD', 'KEEP_JJD_JJD', 'KEEP_JJD_JJD', 'KEEP_JJD_JJD', 'KEEP_JJD_JJD', 'SUBSTITUTE_JJD_DTCP', 'KEEP_JJD_JJD', 'KEEP_JJD_JJD', 'KEEP_JJD_JJD', 'SUBSTITUTE_JJD_NNPA', 'SUBSTITUTE_JJD_VBTS', 'SUBSTITUTE_JJD_NNP', 'SUBSTITUTE_JJD_NNP'], 'distances': [0, 0, 0, 0, 1, 0, 1, 1, 1, 0, 1, 2, 2, 3]}, {'token': 'FW', 'suggestions': ['KEEP_FW_FW', 'KEEP_FW_FW', 'KEEP_FW_FW', 'KEEP_FW_FW', 'SUBSTITUTE_FW_CCR', 'KEEP_FW_FW', 'SUBSTITUTE_FW_CCP', 'SUBSTITUTE_FW_LM', 'SUBSTITUTE_FW_CCA', 'KEEP_FW_FW', 'SUBSTITUTE_FW_CCP', 'SUBSTITUTE_FW_LM', 'SUBSTITUTE_FW_LM', 'SUBSTITUTE_FW_LM'], 'distances': [0, 0, 0, 1, 1, 1, 1, 1, 2, 1, 2, 2, 3, 3]}, {'token': 'VBTR', 'suggestions': ['KEEP_VBTR_VBTR', 'KEEP_VBTR_VBTR', 'SUBSTITUTE_VBTR_LM', 'KEEP_VBTR_VBTR', 'KEEP_VBTR_VBTR', 'KEEP_VBTR_VBTR', 'KEEP_VBTR_VBTR', 'KEEP_VBTR_VBTR', 'KEEP_VBTR_VBTR', 'KEEP_VBTR_VBTR', 'KEEP_VBTR_VBTR', 'KEEP_VBTR_VBTR', 'KEEP_VBTR_VBTR'], 'distances': [0, 0, 1, 1, 0, 1, 1, 2, 2, 2, 2, 3, 3]}, {'token': 'RBI', 'suggestions': ['KEEP_RBI_RBI', 'KEEP_RBI_RBI', 'KEEP_RBI_RBI', 'KEEP_RBI_RBI', 'KEEP_RBI_RBI', 'KEEP_RBI_RBI', 'KEEP_RBI_RBI', 'KEEP_RBI_RBI', 'KEEP_RBI_RBI', 'KEEP_RBI_RBI', 'KEEP_RBI_RBI'], 'distances': [0, 0, 1, 0, 1, 1, 2, 2, 2, 3, 3]}, {'token': 'PRO_CCP', 'suggestions': ['KEEP_PRO_CCP_PRO_CCP', 'KEEP_PRO_CCP_PRO_CCP', 'KEEP_PRO_CCP_PRO_CCP', 'KEEP_PRO_CCP_PRO_CCP', 'SUBSTITUTE_PRO_CCP_CCB', 'SUBSTITUTE_PRO_CCP_CCT', 'SUBSTITUTE_PRO_CCP_CCT', 'SUBSTITUTE_PRO_CCP_CCB'], 'distances': [0, 0, 0, 1, 2, 2, 3, 3]}, {'token': 'VBS', 'suggestions': ['KEEP_VBS_VBS', 'SUBSTITUTE_VBS_VBOF', 'SUBSTITUTE_VBS_DTCP', 'SUBSTITUTE_VBS_NNC'], 'distances': [0, 1, 2, 3]}]"
Priceless ang reaksyon ni Glaiza matapos magpicture sa kaniyang standee,Priceless ang reaksyon ni Glaiza matapos mag-picture sa kaniyang standee,Priceless ang reaksyon ni Glaiza matapos magpicture sa kaniyang standee,[],"[{'token': 'NNP', 'suggestions': ['KEEP_NNP_NNP', 'KEEP_NNP_NNP', 'KEEP_NNP_NNP', 'KEEP_NNP_NNP'], 'distances': [0, 0, 0, 0]}, {'token': 'DTC', 'suggestions': ['KEEP_DTC_DTC', 'KEEP_DTC_DTC', 'KEEP_DTC_DTC', 'KEEP_DTC_DTC', 'KEEP_DTC_DTC', 'KEEP_DTC_DTC', 'KEEP_DTC_DTC', 'KEEP_DTC_DTC'], 'distances': [0, 0, 0, 0, 0, 0, 0, 1]}, {'token': 'NNC', 'suggestions': ['KEEP_NNC_NNC', 'KEEP_NNC_NNC', 'KEEP_NNC_NNC', 'KEEP_NNC_NNC', 'KEEP_NNC_NNC', 'KEEP_NNC_NNC', 'KEEP_NNC_NNC', 'KEEP_NNC_NNC', 'KEEP_NNC_NNC', 'KEEP_NNC_NNC', 'KEEP_NNC_NNC'], 'distances': [0, 0, 0, 0, 0, 0, 0, 0, 0, 1, 1]}, {'token': 'DTP', 'suggestions': ['KEEP_DTP_DTP', 'KEEP_DTP_DTP', 'KEEP_DTP_DTP', 'KEEP_DTP_DTP', 'KEEP_DTP_DTP', 'KEEP_DTP_DTP', 'KEEP_DTP_DTP', 'KEEP_DTP_DTP', 'KEEP_DTP_DTP', 'KEEP_DTP_DTP', 'KEEP_DTP_DTP', 'KEEP_DTP_DTP', 'KEEP_DTP_DTP'], 'distances': [0, 0, 0, 0, 0, 0, 0, 0, 1, 0, 1, 1, 1]}, {'token': 'NNP', 'suggestions': ['KEEP_NNP_NNP', 'KEEP_NNP_NNP', 'KEEP_NNP_NNP', 'KEEP_NNP_NNP', 'KEEP_NNP_NNP', 'KEEP_NNP_NNP', 'KEEP_NNP_NNP', 'KEEP_NNP_NNP', 'KEEP_NNP_NNP', 'KEEP_NNP_NNP', 'KEEP_NNP_NNP', 'KEEP_NNP_NNP', 'KEEP_NNP_NNP', 'KEEP_NNP_NNP'], 'distances': [0, 0, 0, 0, 0, 0, 0, 1, 0, 0, 1, 1, 1, 1]}, {'token': 'VBW', 'suggestions': ['KEEP_VBW_VBW', 'KEEP_VBW_VBW', 'KEEP_VBW_VBW', 'KEEP_VBW_VBW', 'KEEP_VBW_VBW', 'KEEP_VBW_VBW', 'SUBSTITUTE_VBW_LM', 'KEEP_VBW_VBW', 'KEEP_VBW_VBW', 'SUBSTITUTE_VBW_NNP', 'SUBSTITUTE_VBW_CCP', 'SUBSTITUTE_VBW_LM', 'SUBSTITUTE_VBW_CCP', 'KEEP_VBW_VBW'], 'distances': [0, 0, 0, 0, 0, 0, 1, 0, 0, 1, 1, 1, 1, 1]}, {'token': 'VBAF', 'suggestions': ['KEEP_VBAF_VBAF', 'KEEP_VBAF_VBAF', 'KEEP_VBAF_VBAF', 'KEEP_VBAF_VBAF', 'KEEP_VBAF_VBAF', 'KEEP_VBAF_VBAF', 'KEEP_VBAF_VBAF', 'KEEP_VBAF_VBAF', 'KEEP_VBAF_VBAF', 'KEEP_VBAF_VBAF', 'KEEP_VBAF_VBAF', 'KEEP_VBAF_VBAF', 'SUBSTITUTE_VBAF_NNC'], 'distances': [0, 0, 0, 0, 0, 1, 0, 0, 0, 1, 1, 1, 1]}, {'token': 'CCT', 'suggestions': ['KEEP_CCT_CCT', 'KEEP_CCT_CCT', 'KEEP_CCT_CCT', 'KEEP_CCT_CCT', 'KEEP_CCT_CCT', 'KEEP_CCT_CCT', 'KEEP_CCT_CCT', 'KEEP_CCT_CCT', 'KEEP_CCT_CCT', 'KEEP_CCT_CCT', 'KEEP_CCT_CCT'], 'distances': [0, 0, 0, 0, 0, 0, 0, 0, 1, 1, 1]}, {'token': 'PRSP_CCP', 'suggestions': ['KEEP_PRSP_CCP_PRSP_CCP', 'KEEP_PRSP_CCP_PRSP_CCP', 'KEEP_PRSP_CCP_PRSP_CCP', 'KEEP_PRSP_CCP_PRSP_CCP', 'KEEP_PRSP_CCP_PRSP_CCP', 'KEEP_PRSP_CCP_PRSP_CCP', 'KEEP_PRSP_CCP_PRSP_CCP', 'KEEP_PRSP_CCP_PRSP_CCP'], 'distances': [0, 0, 0, 0, 0, 0, 1, 1]}, {'token': 'NNC', 'suggestions': ['KEEP_NNC_NNC', 'KEEP_NNC_NNC', 'KEEP_NNC_NNC', 'KEEP_NNC_NNC'], 'distances': [0, 0, 0, 1]}]"
