Original Sentence,Gold Sentence
Ibang iba siya rito kung ikumpara sa hosting niya sa Amazing Earth na infotainment at kailangang accurate lahat ang mga sinasabi dahil nagbibigay siya nang tamang impormasyon sa mga manonood.,Ibang-iba siya rito kung ikumpara sa hosting niya sa Amazing Earth na infotainment at kailangang accurate lahat ang mga sinasabi dahil nagbibigay siya nang tamang impormasyon sa mga manonood.
Inaasahang nilabas na ng Letran ang buong puwersa nito para maisakatuparan ang inaasam na three-peat at ika-20 kabuuang korona sa liga.,Inaasahang ilalabas na ng Letran ang buong puwersa nito para maisakatuparan ang inaasam na three-peat at ika-20 kabuuang korona sa liga.
Malungkot si Knott dahil hindi nito madedepensahan ang kanyang korona sa womens 200m dash na napanalunan napanalunan niya noong 2019 Manila SEA Games.,Malungkot si Knott dahil hindi nito madedepensahan ang kanyang korona sa womens 200m dash na napanalunan niya noong 2019 Manila SEA Games.
"Samantala, ibinasura rin ng piskalya ang kasong perjury laban kina Galido, Dela Serna, Rapinan, Chen at Louis De Lima.","Samantala, ibinasura din ng piskalya ang kasong perjury laban kina Galido, Dela Serna, Rapinan, Chen at Louis De Lima."
"Ayon kay Major Gen. Alex Rillera, commander nang 6th Infantry Division, nagsuko muna ng ibat ibang armas ang pitong mga BIFF members bago nanumpang igagalang na ang pamahalaan sa isang simpleng seremonyang ginanap sa battalion headquarters ng 6thID sa Brgy.","Ayon kay Major Gen. Alex Rillera, commander ng 6th Infantry Division, nagsuko muna ng ibat ibang armas ang pitong mga BIFF members bago nanumpang igagalang na ang pamahalaan sa isang simpleng seremonyang ginanap sa battalion headquarters ng 6thID sa Brgy."
"Lagi kong katuwiran, basta gusto kong gawin at wala akong nasagasaang tao, ginagawa ko dahil gusto ko.","Lagi kong katuwiran, basta gusto kong gawin at wala akong nasagasaang tao, gagawin ko dahil gusto ko."
Kasalukuyang lumaban si Donaire sa bantamweight division.,Kasalukuyang lumalaban si Donaire sa bantamweight division.
"Pero dahil na din sa kakapusan sa pinansiyal ng pamilya ng biktima, hindi na sila magsasampa ng reklamo laban sa rider basta sagutin nito ang lahat ng gastusin sa pagpapalibing kay Pastoral.","Pero dahil na rin sa kakapusan sa pinansiyal ng pamilya ng biktima, hindi na sila magsasampa ng reklamo laban sa rider basta sagutin nito ang lahat ng gastusin sa pagpapalibing kay Pastoral."
"Samantala, bahagi naman ng PMA É??MakataoÉ?ù Class of 1989 ang bagong pupunuin ng kapulisan na si Azurin, ang kasalukuyang regional director ng Police Regional Office 1.","Samantala, bahagi naman ng PMA É??MakataoÉ?ù Class of 1989 ang bagong pinuno ng kapulisan na si Azurin, ang kasalukuyang regional director ng Police Regional Office 1."
Nagkaroon rin ang Star Magic ng pinakaunang online workshop para sa mga kalahok sa Canada sa pakikipagtulungan ng AMP Studios CanadaÉ?? ang artist training arm at production company na nabuo noong taong 2019 sa Ontario Canada.,Nagkaroon din ang Star Magic ng pinakaunang online workshop para sa mga kalahok sa Canada sa pakikipagtulungan ng AMP Studios CanadaÉ?? ang artist training arm at production company na nabuo noong taong 2019 sa Ontario Canada.
"Ta pos na-feel ko na, É??Ay!","Tapos na-feel ko na, É??Ay!"
"Sa video ng Agence-France Presse, makikita ang mga tao na umiindak sa maingay ng tugtog at ma lilikot na ilaw sa nightclub.","Sa video ng Agence-France Presse, makikita ang mga tao na umiindak sa maingay ng tugtog at malilikot na ilaw sa nightclub."
"Natangay noon ng suspek ang mga cellphone at pera na tinatayang umabot sa P21,000 ang halaga.","Natangay noon ng suspek ang mga cellphone at pera na tinatayang aabot sa P21,000 ang halaga."
Nawawala pa ang puso ni ni Carla Abellana.,Nawawala pa ang puso ni Carla Abellana.
Dispensa ang kahihingi ngayon ng Communist Party of the Philippines at New People's Army (CPP-NPA) matapos masawi ang isang atleta't kanyang pinsan kaugnay ng ikinasang aksyong militar ng mga rebelde nitong Linggo.,Dispensa ang hinihingi ngayon ng Communist Party of the Philippines at New People's Army (CPP-NPA) matapos masawi ang isang atleta't kanyang pinsan kaugnay ng ikinasang aksyong militar ng mga rebelde nitong Linggo.
Nakalista bilang special non-working holiday ang ika-25 ng Pebrero taun-taon bilang pagsariwa na rin sa pagaaklas ng mga Pilipino sa pagpapatalsik kay Macoy sa Malaca?Òang.,Nakalista bilang special non-working holiday ang ika-25 ng Pebrero taun-taon bilang pagsariwa na rin sa pag-aaklas ng mga Pilipino sa pagpapatalsik kay Macoy sa Malaca?Òang.
"Ang programa ay naglalayong magbigay ng karagdagang pondo sa mga LGUs na makikipag-kilala bilang mahirap, disadvantaged, at nahuhuli upang suportahan ang pagpapatupad ng kanilang mga prayoridad na proyekto at serbisyo.","Ang programa ay naglalayong magbigay ng karagdagang pondo sa mga LGUs na kinilala bilang mahirap, disadvantaged, at nahuhuli upang suportahan ang pagpapatupad ng kanilang mga prayoridad na proyekto at serbisyo."
Ito ang inihayag ni Partido Reporma standard-bearer Ping Lacson na isa sa katunayan ni to ang kapwa niya Cavite?Òo na si Josh Mojica.,Ito ang inihayag ni Partido Reporma standard-bearer Ping Lacson na isa sa katunayan nito ang kapwa niya Cavite?Òo na si Josh Mojica.
Habang hiniling naman nang grupo ng mga healthcare professional at mga professor kay Pangulong Bongbong Marcos Jr.,Habang hiniling naman ng grupo ng mga healthcare professional at mga professor kay Pangulong Bongbong Marcos Jr.
Noong mga months na po after namin mag-usap sabi niya po napapanood ni ya ako sa Sherlock Jr.,Noong mga months na po after namin mag-usap sabi niya po napapanood niya ako sa Sherlock Jr.
"Ini-report sa kanila ng local manufacturer ang resulta ng lab test kung saan walang nakitang ethylene oxide sa mga sample na ipinadala para sa mga sinusunod na variant: Pancit canton extra hot chili, pancit canton regular, pancit canton chilimansi at instant mami beef regular.","Ini-report sa kanila ng local manufacturer ang resulta ng lab test kung saan walang nakitang ethylene oxide sa mga sample na ipinadala para sa mga sumusunod na variant: Pancit canton extra hot chili, pancit canton regular, pancit canton chilimansi at instant mami beef regular."
Pumangatlo ang Thailand na-may 4-2 marka.,Pumangatlo ang Thailand na may 4-2 marka.
Kaugnay kaugnay ang pahayag matapos mapagdesisyunan ng National Task Force to End Local Communist Armed Conflict (NTF-ELCAC) na hindi irekomenda kay Marcos Jr.,Kaugnay ang pahayag matapos mapagdesisyunan ng National Task Force to End Local Communist Armed Conflict (NTF-ELCAC) na hindi irekomenda kay Marcos Jr.
Kaya siguro siya tinatanim ng sama ng loob at pinagplanuhan nila na patayin si mama niya.,Kaya siguro siya nagtanim ng sama ng loob at pinagplanuhan nila na patayin si mama niya.
May kaniya-kaniya na din aniyang ordinansa ang local government units (LGUs) alinsunod sa inilabas nitong nakalipas na Enero 3 na MMDA Resolution No.,May kaniya-kaniya na rin aniyang ordinansa ang local government units (LGUs) alinsunod sa inilabas nitong nakalipas na Enero 3 na MMDA Resolution No.
Halos hindi na makilala ang magkapatid na edad 4 at 7 ng makasama silang tupukin ng apoy na kung saan nadamay rin ang 10-kabahayan sa nasabing barangay.,Halos hindi na makilala ang magkapatid na edad 4 at 7 nang makasama silang tupukin ng apoy na kung saan nadamay rin ang 10-kabahayan sa nasabing barangay.
"Umabot naman sa 67 ang kamamatay lang-sa COVID-19 dahilan para umabot patungong 10,874 lahat-lahat ng mga pumanaw rito.","Umabot naman sa 67 ang kamamatay lang sa COVID-19 dahilan para umabot patungong 10,874 lahat-lahat ng mga pumanaw rito."
Sinabihan umano si Crisanto na siya ang itinalaga na magiging bagong hari na itatayo ng bagong kulto.,Sinabihan umano si Crisanto na siya ang itinalaga na magiging bagong hari na magtatayo ng bagong kulto.
Halos kasabay ito ng isa ring bill na kung saan siya din ang nag-co-author kina Cong.,Halos kasabay ito ng isa ring bill na kung saan siya rin ang nag-co-author kina Cong.
Kadadalaw rin ang grupo nila sa Philippine Consulate sa lugar na yon.,Dumalaw rin ang grupo nila sa Philippine Consulate sa lugar na yon.
Iilan-lang silang nandun sa ituktok.,Iilan lang silang nandun sa ituktok.
"Ayon sa kapatid ng isa sa tatlong dalagitang naglalakad, bibili lang daw ng yelo ang mga ito nang tamaan sila ng ng van.","Ayon sa kapatid ng isa sa tatlong dalagitang naglalakad, bibili lang daw ng yelo ang mga ito nang tamaan sila ng van."
"Gumagawa ng guidelines ngayon ang DOH kung paano yong interchangeability o mixing ng vaccines in case the second dose cannot be given na identical roon sa first dose, ayon kay Domingo.","Gumagawa ng guidelines ngayon ang DOH kung paano yong interchangeability o mixing ng vaccines in case the second dose cannot be given na identical doon sa first dose, ayon kay Domingo."
Kumolekta din ang national team ng anim na silver at siyam na bronze medals sa 2019 biennial meet na idinaos sa bansa.,Kumolekta rin ang national team ng anim na silver at siyam na bronze medals sa 2019 biennial meet na idinaos sa bansa.
Nadagdagan pa sa 20 barangay sa kabuuang binibilang na 33 ang inilagay sa lockdown ng Pasay City government dahil sa mataas na kaso ng COVID.,Nadagdagan pa sa 20 barangay sa kabuuang bilang na 33 ang inilagay sa lockdown ng Pasay City government dahil sa mataas na kaso ng COVID.
Medyo malat pa ang boses niya dahil nagpapagaling pa siya sa COVID 19 kasama ang asawa niyang si si Atty.,Medyo malat pa ang boses niya dahil nagpapagaling pa siya sa COVID 19 kasama ang asawa niyang si Atty.
Magpapatuloy ang palitan ng radio challenges ng PCG Cessna at ng barko ng CCG.,Nagpatuloy ang palitan ng radio challenges ng PCG Cessna at ng barko ng CCG.
"Sa isang pahayag, sinabi ng DBM na tinatapos na nito ang plano para sa tinatawag nitong É??rightsizingÉ?? ng pamahalaan at nakatakdang isumite ito sa Kongreso bago magState of the Nation Address si Pangulong Ferdinand Marcos Jr.","Sa isang pahayag, sinabi ng DBM na tinatapos na nito ang plano para sa tinatawag nitong É??rightsizingÉ?? ng pamahalaan at nakatakdang isumite ito sa Kongreso bago mag-State of the Nation Address si Pangulong Ferdinand Marcos Jr."
Maaari pa anilang magbago ang naturang bilang ng mga kaso sa lungsod-dahil na rin sa isinasagawang community-based testing.,Maaari pa anilang magbago ang naturang bilang ng mga kaso sa lungsod dahil na rin sa isinasagawang community-based testing.
Ikinagalak ni Senator Christopher É??BongÉ?ù Go ang pagsisikap ng Food and Drug Administration (FDA) na gawing ko mersyal ang mga bakuna laban sa COVID-19 sa bansa.,Ikinagalak ni Senator Christopher É??BongÉ?ù Go ang pagsisikap ng Food and Drug Administration (FDA) na gawing komersyal ang mga bakuna laban sa COVID-19 sa bansa.
"Funny nga dahil 'yung time na 'yun na nagkaroon kami ng first gathering with everyone sa cast, nasa isang restaurant kami, usually ang restaurant magkakatabi kayo, tapos kumakain kayo-sa isang table.","Funny nga dahil 'yung time na 'yun na nagkaroon kami ng first gathering with everyone sa cast, nasa isang restaurant kami, usually ang restaurant magkakatabi kayo, tapos kumakain kayo sa isang table."
Ngayong October 21 ay bibisita si Pangulong Rodrigo Duterte sa Region 4-A (CALABARZON) upang personal na tignan ang resulta nang BDP itinuturing na flagship project ng pamahalang Duterte.,Ngayong October 21 ay bibisita si Pangulong Rodrigo Duterte sa Region 4-A (CALABARZON) upang personal na tignan ang resulta ng BDP itinuturing na flagship project ng pamahalang Duterte.
"Nagsasabi pa ng aktres na ""smart decision"" ang pagtanggap niya sa mapangahas na role bilang night club dancer sa ""Burlesque Queen,"" mula sa kaniyang sweet image.","Sinabi pa ng aktres na ""smart decision"" ang pagtanggap niya sa mapangahas na role bilang night club dancer sa ""Burlesque Queen,"" mula sa kaniyang sweet image."
"Ang nagutos sa amin na palitan É??yun ay si MaÉ??am Krizle Grace Mago, ayon sa empleyado.","Ang nag-utos sa amin na palitan É??yun ay si MaÉ??am Krizle Grace Mago, ayon sa empleyado."
Dadalhin rin nina KZ Tandingan at Yeng Constantino ang live musical experience sa mga tahanan sa kani-kanilang digital concerts.,Dadalhin din nina KZ Tandingan at Yeng Constantino ang live musical experience sa mga tahanan sa kani-kanilang digital concerts.
"Batangas, Philippines É??Inaresto ng mga tauhan tauhan ng Calaca Municipal Police Station ang walong katao nasangkot sa pangangalakal ng mga pilfered petroleum products sa Barangay Salong, Calaca City nitong Lunes ng umaga.","Batangas, Philippines É??Inaresto ng mga tauhan ng Calaca Municipal Police Station ang walong katao nasangkot sa pangangalakal ng mga pilfered petroleum products sa Barangay Salong, Calaca City nitong Lunes ng umaga."
"Ok daw, pero mas bongga raw kung lalantad siyang preggy na or kung sinabi niyang magpapakasal na sila ni Gerald Anderson.","Ok daw, pero mas bongga raw kung lalantad siyang preggy na or kung sasabihin niyang magpapakasal na sila ni Gerald Anderson."
Hanggang ngayon siya yung sumasama sa amin sa sa ocular sa kasal.,Hanggang ngayon siya yung sumasama sa amin sa ocular sa kasal.
"Sabi nga nila itÉ??s not the destination, its the journey kumbaga kahit na gaano pa kahirap yung pinagdaanan mo kung hindi mo nanamnamin yun, parang wala din yung pagkanakarating ka sa dulo.","Sabi nga nila itÉ??s not the destination, its the journey kumbaga kahit na gaano pa kahirap yung pinagdaanan mo kung hindi mo nanamnamin yun, parang wala rin yung pagkanakarating ka sa dulo."
"So ngayon, Tito Boy, mag-iisang taon-mahigit na rin po kami.","So ngayon, Tito Boy, mag-iisang taon mahigit na rin po kami."
"Inihayag din ni Joey na asahan na mas malawak pa ang pagbabagong hinahanap sa ""Eat Bulaga,"" na hindi lang sa mga kontes kung hindi maging sa pagtulong at pagsusulong ng pagasa.","Inihayag din ni Joey na asahan na mas malawak pa ang pagbabagong hinahanap sa ""Eat Bulaga,"" na hindi lang sa mga kontes kung hindi maging sa pagtulong at pagsusulong ng pag-asa."
"Napapag usapan na ang pagkakaroon daw ng book two nito, na magiging First Lady na ang title, dahil asawa na siya ng pangulo ng bansa na si Pres. Glen Acosta.","Napapag-usapan na ang pagkakaroon daw ng book two nito, na magiging First Lady na ang title, dahil asawa na siya ng pangulo ng bansa na si Pres. Glen Acosta."
"Sinabi ni Bautista na ang opisyal aniya ay dumating sa kanyang teritoryo kasama ang anakgaling sa Los Ba?Òos City, Laguna bago magPasko.","Sinabi ni Bautista na ang opisyal aniya ay dumating sa kanyang teritoryo kasama ang anakgaling sa Los Ba?Òos City, Laguna bago mag-Pasko."
Presyo ng pagkain ayon pa sa opisyal ang pinakabanta sa inflation ngunit may epekto din ang peso-dollar rate sa presyo ng pagkain dahil sa krudo at transportasyon.,Presyo ng pagkain ayon pa sa opisyal ang pinakabanta sa inflation ngunit may epekto rin ang peso-dollar rate sa presyo ng pagkain dahil sa krudo at transportasyon.
"Doon po inuumpisahan na napunta ako sa panggagamot, paliwanag niya.","Doon po nag-umpisa na napunta ako sa panggagamot, paliwanag niya."
"Siguro isa yun sa bastos na natanggap kong question, na hindi nila iniisip yung nararamdaman ng ini interview nila.","Siguro isa yun sa bastos na natanggap kong question, na hindi nila iniisip yung nararamdaman ng ini-interview nila."
"Sinabi ni Duque sa panayam ng Dobol B TV nitong Sabado na bukod sa pagbabakuna ng humigit kumulang 70 milyon laban sa COVID-19, ipapasa ng administrasyong Duterte sa susunod na administrasyon ang malaking masking compliance ng mga Pilipino.","Sinabi ni Duque sa panayam ng Dobol B TV nitong Sabado na bukod sa pagbabakuna ng humigit-kumulang 70 milyon laban sa COVID-19, ipapasa ng administrasyong Duterte sa susunod na administrasyon ang malaking masking compliance ng mga Pilipino."
"Hindi-lang namin alam kung anong growth ang gusto niya, para sa sarili o pati sa kanyang career.","Hindi lang namin alam kung anong growth ang gusto niya, para sa sarili o pati sa kanyang career."
"Kinilala nang PCG ang bangkay na si Alses Hassan, isa sa dalawang nawawalang pasahero ng MV Lady Mary Joy 3.","Kinilala ng PCG ang bangkay na si Alses Hassan, isa sa dalawang nawawalang pasahero ng MV Lady Mary Joy 3."
Nanawagan dinang PNP sa mga magulang na bantayan ang kanilang mga anak attiyaking kilalaang mga nakakasalumuhaupangmailigtas sa anumang pagkakasangkot sa bentahan nang iligal na droga.,Nanawagan dinang PNP sa mga magulang na bantayan ang kanilang mga anak attiyaking kilalaang mga nakakasalumuhaupangmailigtas sa anumang pagkakasangkot sa bentahan ng iligal na droga.
Para nga naman nasanay na siya sa sked sked ng taping kaya hinahanap na ng katawan niya.,Para nga naman nasanay na siya sa sked ng taping kaya hinahanap na ng katawan niya.
"Addition Hills, Mandaluyong City, ang nasawi ng makipagbuno at tangkaing agawin ang baril ng pulis na nagtatangkang umaresto sa kanya kamakalawa ng gabi.","Addition Hills, Mandaluyong City, ang nasawi nang makipagbuno at tangkaing agawin ang baril ng pulis na nagtatangkang umaresto sa kanya kamakalawa ng gabi."
Magagawa ito ni Pacquiao pamamagitan ng kaniyang MP Promotions na siyang humahawak sa ilang baguhang boksingero gaya ni Tokyo Olympics bronze medalist Eumir Felix Marcial.,Magagawa ito ni Pacquiao sa pamamagitan ng kaniyang MP Promotions na siyang humahawak sa ilang baguhang boksingero gaya ni Tokyo Olympics bronze medalist Eumir Felix Marcial.
"Kaya nga wala rin namang masisi si LJ, dahil siguro alam naman kung ano ang kanyang pinasukan.","Kaya nga wala rin namang masisi si LJ, dahil siguro alam naman niya kung ano ang kanyang pinasukan."
"Matapos maligo at sinabing É??virginÉ?ù pa siya, ano pa nga ba ang ebidensiya mo kung ano na ang ginagawa niya?","Matapos maligo at sinabing É??virginÉ?ù pa siya, ano pa nga ba ang ebidensiya mo kung ano na ang ginawa niya?"
"Aniya pa, Hindi naman siguro totoo na nagagalit-ang mother Pinty nila Alex at Toni na lumabas ang balita dahil gusto nga raw nila na maging exclusive sa vlog nila.","Aniya pa, Hindi naman siguro totoo na nagagalit ang mother Pinty nila Alex at Toni na lumabas ang balita dahil gusto nga raw nila na maging exclusive sa vlog nila."
"Kaya din umano nito na ipasilidad ang kanilang birth certificates online, kapalit ng P500.","Kaya rin umano nito na ipasilidad ang kanilang birth certificates online, kapalit ng P500."
Una ng binanggit ni Roque na handa na ilagay sa mas maluwag na sistema ang Kamaynilaan matapos ang ika-15 ng Oktubre.,Una nang binanggit ni Roque na handa na ilagay sa mas maluwag na sistema ang Kamaynilaan matapos ang ika-15 ng Oktubre.
"Kung mas ilalayo sila, mainam rin na sama-sama rin sila para wala silang contactÉ??wala silang middle man na mauutusan para mag-distribute at walang logistical connection, ani Tolentino, chairman of the Senate Committee on Justice and Human Rights.","Kung mas ilalayo sila, mainam din na sama-sama rin sila para wala silang contactÉ??wala silang middle man na mauutusan para mag-distribute at walang logistical connection, ani Tolentino, chairman of the Senate Committee on Justice and Human Rights."
Una nang sinabi ni Remulla na hindi vote-buying ang kanyang gagawa dahil wala pang March 25 (official campaign season ng local candidates) nang mamigay siya nang pera at wala pa sina Marcos nang mangyari ito.,Una nang sinabi ni Remulla na hindi vote-buying ang kanyang ginawa dahil wala pang March 25 (official campaign season ng local candidates) nang mamigay siya nang pera at wala pa sina Marcos nang mangyari ito.
"Itinuturing siya ngaying imported case at hindi nagkaroon ng contact komunidad, dahilan para sabihing ""very low"" ang tiyansang maipasa ito sa mga lokal.","Itinuturing siya ngaying imported case at hindi nagkaroon ng contact sa komunidad, dahilan para sabihing ""very low"" ang tiyansang maipasa ito sa mga lokal."
"Mula po sa Commission En Banc ang partido na hindi sang-ayon sa aming desisyon ay maaring umakyat po sa Korte Suprema roon po talaga ang final na desisyon sa mga issue ito, ayon kay Guanzon.","Mula po sa Commission En Banc ang partido na hindi sang-ayon sa aming desisyon ay maaring umakyat po sa Korte Suprema roon po talaga ang final na desisyon sa mga issue na ito, ayon kay Guanzon."
Actually sinabihan ko na sya na É??wag ng bumalik pero eto na naman sÉ??ya magha-É??HIÉ?ù lang daw at magpapa-alala na nandito lang sya sa tabi-tabi.,Actually sinabihan ko na sya na É??wag nang bumalik pero eto na naman sÉ??ya magha-É??HIÉ?ù lang daw at magpapa-alala na nandito lang sya sa tabi-tabi.
"Sana huwag tayo magmadali, ituloy pa din natin ang ating protocols.","Sana huwag tayo magmadali, ituloy pa rin natin ang ating protocols."
Nung nagpaputok siya roon nagdecide yung mga witness na mag-report sa barangay.,Nung nagpaputok siya roon nag-decide yung mga witness na mag-report sa barangay.
Bukod-sa TNT ay maglalaro rin sa EASL Champions Week ang San Miguel bilang kinatawan ng PBA.,Bukod sa TNT ay maglalaro rin sa EASL Champions Week ang San Miguel bilang kinatawan ng PBA.
"""sa tulong ng lokal na pamahalaan, tayo ay makikipag tulungan upang bigyan kayo ng disente, ligtas, at maayos na pabahay,"" dagdag ni GM Tai.","""Sa tulong ng lokal na pamahalaan, tayo ay makikipag-tulungan upang bigyan kayo ng disente, ligtas, at maayos na pabahay,"" dagdag ni GM Tai."
"Nangyari na iyan kay Vilma Santos noon pang early 70s, and take note, may mga gumagawa, hingi lang ng permiso sa kanya, at siyempre may royalties dahil ginagamit ang kanyang pangalan.","Nangyari na iyan kay Vilma Santos noon pang early 70s, and take note, may mga gumagawa, humihingi lang ng permiso sa kanya, at siyempre may royalties dahil ginagamit ang kanyang pangalan."
"Kapag napatunayan aniya ang mga ito, ipatitigil niya ang e-sabong bago siya alis sa puwesto.","Kapag napatunayan aniya ang mga ito, ipatitigil niya ang e-sabong bago siya umalis sa puwesto."
Nabatid na kusang loob na sumuko ang suspek na isang 15-anyos sa pulisya at nasa kustodiya na nang Pila-DSWD.,Nabatid na kusang loob na sumuko ang suspek na isang 15-anyos sa pulisya at nasa kustodiya na ng Pila-DSWD.
"Si Yllana, 73-anyos, ay tubong Naga City at pumasok sa diplomatic service ng Holy See noong noong 1984.","Si Yllana, 73-anyos, ay tubong Naga City at pumasok sa diplomatic service ng Holy See noong 1984."
Kasi choosy pa nga raw ito sa bibilhin ng kanyang vacation house sa Bataan.,Kasi choosy pa nga raw ito sa bumibili ng kanyang vacation house sa Bataan.
Tiniyak rin ni Marcos na masisiyahan ang mga bata na magpupunta sa Palasyo dahil sa malaking Christmas tree at sa inihanda nilang pagkain.,Tiniyak din ni Marcos na masisiyahan ang mga bata na magpupunta sa Palasyo dahil sa malaking Christmas tree at sa inihanda nilang pagkain.
"Sa mag-uulat ng Unang Balita nitong Miyerkoles, sinabing ang SB19 lamang ang Pinoy group na pasok sa listahan.","Sa ulat ng Unang Balita nitong Miyerkoles, sinabing ang SB19 lamang ang Pinoy group na pasok sa listahan."
Maaari pa ring manatili sa Pilipinas ang mga É??overstayingÉ?ù na dayuhan makaraang suspindihin nang Bureau of Immigration (BI) ang Order to Leave (OTL) dahil sa konsiderasyon ngayong pandemya.,Maaari pa ring manatili sa Pilipinas ang mga É??overstayingÉ?ù na dayuhan makaraang suspindihin ng Bureau of Immigration (BI) ang Order to Leave (OTL) dahil sa konsiderasyon ngayong pandemya.
Hindi mo nakakakita ang kalabang virus.,Hindi mo nakikita ang kalabang virus.
Mga 12 hours rin daw itong nag-labor bago iniluwal ang baby.,Mga 12 hours din daw itong nag-labor bago iniluwal ang baby.
"Iyan ang masamang epekto ng mga tsismis-sa social media, na lalo pang pinalala ng dalawang taong lockdown.","Iyan ang masamang epekto ng mga tsismis sa social media, na lalo pang pinalala ng dalawang taong lockdown."
É??i think stamina din yung labanan.,É??I think stamina rin yung labanan.
"Kaya naman sa kanyang post, hindi niya raw kaaasa ang lahat ng ito.","Kaya naman sa kanyang post, hindi niya raw inasahan ang lahat ng ito."
Sinabi rin ni Vhong na nagsusubok siya ng Diyos.,Sinabi rin ni Vhong na sinubukan siya ng Diyos.
May mga nagsasabi namang namana-lang niya ang husay ng biological dad niyang si Sen.,May mga nagsasabi namang namana lang niya ang husay ng biological dad niyang si Sen.
"Ilang beses ng nadadapa si Mark Anthony, pero dahil nga sa isang mahusay na actor, at dahil din sa mabait naman kaya walang sawa pa ring nabibigyan uli ng break.","Ilang beses nang nadadapa si Mark Anthony, pero dahil nga sa isang mahusay na actor, at dahil din sa mabait naman kaya walang sawa pa ring nabibigyan uli ng break."
Eh inaanak siya sa ikakasal ni PBBM.,Eh inaanak siya sa kasal ni PBBM.
"Sa kabila ng hiwalayan noon nina Mark at aktres na si Irene Celebre, sabi ni Gabby na pinanatili ng kaniyang ama ang relasyon nito sa kanilang magkakapatid.","Sa kabila ng hiwalayan noon nina Mark at aktres na si Irene Celebre, sinabi ni Gabby na pinanatili ng kaniyang ama ang relasyon nito sa kanilang magkakapatid."
"Sa Gabriel Rene Moreno university sa Santa Cruz, tatlong porsiyento umano ng 90,000 estudyante ang mahigit 10 taon ng nag-aaral doon.","Sa Gabriel Rene Moreno university sa Santa Cruz, tatlong porsiyento umano ng 90,000 estudyante ang mahigit 10 taon nang nag-aaral doon."
"Daraga, Albay, Philippines É?? Hindi sukat akalain ng isang magsasaka na ang ilang araw ng inirereklamong nakalambiting kable ng Albay Power Energy Corporation (APEC) ang siyang tatapos sa kanyang buhay matapos makuryente habang magsusuga sana ng kanyang mga kalabaw at baka sa kanilang lupain sa Brgy.","Daraga, Albay, Philippines É?? Hindi sukat akalain ng isang magsasaka na ang ilang araw nang inirereklamong nakalambiting kable ng Albay Power Energy Corporation (APEC) ang siyang tatapos sa kanyang buhay matapos makuryente habang magsusuga sana ng kanyang mga kalabaw at baka sa kanilang lupain sa Brgy."
"Nanghihingi siya ng reaksyon ng ka-Troika kong si Noel Ferrer, pero É??hahaha!É?ù","Hiningan siya ng reaksyon ng ka-Troika kong si Noel Ferrer, pero É??hahaha!É?ù"
"But then nasa kanilang desisyon yun, baka magagawa nila na mga flexible na gaya ng kagagawa nila ngayon, ani De Grano.","But then nasa kanilang desisyon yun, baka magagawa nila na mga flexible na gaya ng ginagawa nila ngayon, ani De Grano."
"Sa ulat ni Paul Hernandez sa GMA Regional TV ""Balitang Southern Tagalog"" nitong Lunes, kikilalanin ang biktima na si Michael Yare, 39-anyos.","Sa ulat ni Paul Hernandez sa GMA Regional TV ""Balitang Southern Tagalog"" nitong Lunes, kinilala ang biktima na si Michael Yare, 39-anyos."
"Sa ulat ng Sampaloc Police Station 4, alas-9:30 ng gabi ng maganap ang krimen sa may kanto ng Miguelin St.","Sa ulat ng Sampaloc Police Station 4, alas-9:30 ng gabi nang maganap ang krimen sa may kanto ng Miguelin St."
"May involved mang manghuhula o wala, we trust them both, hindi ni la pababayaang magkaroon ng problema sa relasyon nila dahil napakaraming masasaktan.","May involved mang manghuhula o wala, we trust them both, hindi nila pababayaang magkaroon ng problema sa relasyon nila dahil napakaraming masasaktan."
"Sinabi rin ni Angara na nakikipag-kilala rin ang prinsipyo ng equity of the incumbent sa Kamara de Representantes, na kung minsan ay may koneksiyon sa kinaanibang partido ng mambabatas.","Sinabi rin ni Angara na kinikilala rin ang prinsipyo ng equity of the incumbent sa Kamara de Representantes, na kung minsan ay may koneksiyon sa kinaanibang partido ng mambabatas."
"Dapat na ituon ng gobyerno ang papansinin nito sa testing, repor??ting at pagresponde sa mga local outbreak ng ASF.","Dapat na ituon ng gobyerno ang pansin nito sa testing, repor??ting at pagresponde sa mga local outbreak ng ASF."
"Sa naturang segment, dalawang babae ang maglalaban laban sa tatlong rounds na Ooh La-Lakad, kung saan rarampa sila sa stage suot ang kanilang mga bikini, ang Hot-tanungan, kung saan bibigyan sila ng isang tanong na kailangan nilang sagutin, at Final Women-sahe,kung saan magbabahagi sila ng kanilang mga nagustuhan sa kanilang kalaban.","Sa naturang segment, dalawang babae ang maglalaban-laban sa tatlong rounds na Ooh La-Lakad, kung saan rarampa sila sa stage suot ang kanilang mga bikini, ang Hot-tanungan, kung saan bibigyan sila ng isang tanong na kailangan nilang sagutin, at Final Women-sahe,kung saan magbabahagi sila ng kanilang mga nagustuhan sa kanilang kalaban."
Ang suspek ay isa umanong inilalaki na armado ng di pa tukoy na kalibre ng baril.,Ang suspek ay isa umanong lalaki na armado ng di pa tukoy na kalibre ng baril.
"Imagine mo, Presidente, ganun ang nagsabi sa isang senador?","Imagine mo, Presidente, ganun ang sinasabi sa isang senador?"
"Samantala, ang mga Pilipino mula sa mga bansa na nasa red-list ay papayagang makapasok kung kasama sa repatriation program o Bayanihan flights ng pamahalaan subalit sa Ninoy Aquino International Airport o sa Clark International Airport sila dapat lumapag at sumunod pa rin sa mga protocol ng IATF.","Samantala, ang mga Pilipino mula sa mga bansa na nasa red list ay papayagang makapasok kung kasama sa repatriation program o Bayanihan flights ng pamahalaan subalit sa Ninoy Aquino International Airport o sa Clark International Airport sila dapat lumapag at sumunod pa rin sa mga protocol ng IATF."
Isa-isahin rin kaya ni Bossing ang mga nakarelasyon niya sa showbiz?,Isa-isahin din kaya ni Bossing ang mga nakarelasyon niya sa showbiz?
Sana nung time na yun naisip din niya na naka live rin po kami.,Sana nung time na yun naisip din niya na naka-live rin po kami.
"Patuloy pang nagiimbestiga ang mga pulis upang madakip ang suspek sa pamamarilLBG, GMA Integrated News.","Patuloy pang nag-iimbestiga ang mga pulis upang madakip ang suspek sa pamamarilLBG, GMA Integrated News."
"Wala pa din namang impormasyon kung magdedeklara ng ""days of mourning"" para kay Noynoy.","Wala pa rin namang impormasyon kung magdedeklara ng ""days of mourning"" para kay Noynoy."
Nagumpisa na ang Provincial Health Office sanitary services unit sa pagdi-disinfect sa mga komunidad para mapigilan ang lalo pang pagkalat nito at pagkakahawahan.,Nag-umpisa na ang Provincial Health Office sanitary services unit sa pagdi-disinfect sa mga komunidad para mapigilan ang lalo pang pagkalat nito at pagkakahawahan.
"Samantala, mayroon rin namang 111 bettors ang nakapag-uwi ng tig-P24,000.00.","Samantala, mayroon din namang 111 bettors ang nakapag-uwi ng tig-P24,000.00."
Kasi makikipag away ka lang dun eh.,Kasi makikipag-away ka lang dun eh.
"Ito pang marching bands ang ikinatuwa ni Mayor Lani dahil after two years na nanahimik at hindi sila napapakinggang katutugtog sa kalye, ngayon ay balik na sila.","Ito pang marching bands ang ikinatuwa ni Mayor Lani dahil after two years na nanahimik at hindi sila napapakinggang tumutugtog sa kalye, ngayon ay balik na sila."
Iyon din naman raw ang payo sa kaniya na huwag magtatanim ng sama ng loob sa mga magulang.,Iyon din naman daw ang payo sa kaniya na huwag magtatanim ng sama ng loob sa mga magulang.
Hindi lang rin daw for entertainment ang programa kundi ang goal nito ay magkaroon ang mga viewer ng realizations at inspiration at may matutunan ang mga ito na maaari nilang balikan.,Hindi lang din daw for entertainment ang programa kundi ang goal nito ay magkaroon ang mga viewer ng realizations at inspiration at may matutunan ang mga ito na maaari nilang balikan.
"Yung pakiramdam namin na malayo sa pamilya, na trabaho kung saan may pandemya, ang daming nangyayari.","Yung pakiramdam namin na malayo sa pamilya, na nagtatrabaho kung saan may pandemya, ang daming nangyayari."
"Ginagawa raw niyang magpaliwanag ngayon hindi para isalba ang sarili, ngunit dahil gaya ng-iba ay may pinagdaraanan din daw siya: ""Last thing Id want to do is hurt any of you.""","Ginagawa raw niyang magpaliwanag ngayon hindi para isalba ang sarili, ngunit dahil gaya ng iba ay may pinagdaraanan din daw siya: ""Last thing Id want to do is hurt any of you."""
"Imagine mo na habang nasa dialysis room ako, pinupuntahan nila ako para kumustahin at dalhan ng magic enve.","Imagine mo na habang nasa dialysis room ako, pinuntahan nila ako para kumustahin at dalhan ng magic enve."
"Kinakailangan din magpasa ng ordinansa or executive order ang mga LGUs upang ito ay maipatupad nang maayos upang maging ligtas ang ating mga kababayan sa paggunita ng dinaratnan na Undas, dagdag pa ni A?Òo.","Kinakailangan din magpasa ng ordinansa or executive order ang mga LGUs upang ito ay maipatupad nang maayos upang maging ligtas ang ating mga kababayan sa paggunita ng darating na Undas, dagdag pa ni A?Òo."
"Tingnan natin ang dahilan kung bakit minadali nila ito, nagconvene sila nang walang kaalam-alam ang Presidente and bibigyan sila ng pagkakataon i-explain yung panig nila, ayon kay Cruz-Angeles.","Tingnan natin ang dahilan kung bakit minadali nila ito, nag-convene sila nang walang kaalam-alam ang Presidente and bibigyan sila ng pagkakataon i-explain yung panig nila, ayon kay Cruz-Angeles."
Layunin din nito na panatilihin na mas epektibo at maayos ang re lasyon ng mga indibiduwal at institusyon okomunidad.,Layunin din nito na panatilihin na mas epektibo at maayos ang relasyon ng mga indibiduwal at institusyon okomunidad.
Nagsasara na umano ng guwardiya ng simbahan nang makita niya ang paper bag.,Isasara na umano ng guwardiya ng simbahan nang makita niya ang paper bag.
Payag din ba siyang mag showbiz ang kanyang apo kung sakali?,Payag din ba siyang mag-showbiz ang kanyang apo kung sakali?
"Hindi pa nire-reveal ni Zeinab (Bia) na umalma na ako, ayan nakipagbalikan pa siya diyan nagpabuntis pa, e, manloloko naman yan.","Hindi pa nire-reveal ni Zeinab (Bia) na umalma na ako, ayan nakipagbalikan pa siya riyan nagpabuntis pa, e, manloloko naman yan."
Hinayaan na ni ni Princess na si Ryan ang magbuo ng kuwento.,Hinayaan na ni Princess na si Ryan ang magbuo ng kuwento.
Mismong ang boss pa pala pala nila ang nagpapaawa-away sa kanila!,Mismong ang boss pa pala nila ang nagpapaawa-away sa kanila!
Agad na rumesponde ang pulisya sa lugar at nang makita nang suspek na si Fernandez ang paparating na pulis ay mabilis na sumibad sakay ngisang motorsiklo.,Agad na rumesponde ang pulisya sa lugar at nang makita ng suspek na si Fernandez ang paparating na pulis ay mabilis na sumibad sakay ngisang motorsiklo.
Kaniniwala si Pangulong Rodrigo Duterte na may tsansa si Senador Ronald É??BatoÉ?? Dela Rosa na manalo sa Presidential derby sa darating na 2022 Elections kahit na aminado na napili siya ng PDP-Laban sa kahuli-hulihang minuto.,Naniniwala si Pangulong Rodrigo Duterte na may tsansa si Senador Ronald É??BatoÉ?? Dela Rosa na manalo sa Presidential derby sa darating na 2022 Elections kahit na aminado na napili siya ng PDP-Laban sa kahuli-hulihang minuto.
Ito ang unang kabiguan ng Chiefs matapos ang naunang 65-63 pagdaig-sa San Sebastian Stags sa likod ng pagbibida ni Justin Arana noong Linggo.,Ito ang unang kabiguan ng Chiefs matapos ang naunang 65-63 pagdaig sa San Sebastian Stags sa likod ng pagbibida ni Justin Arana noong Linggo.
Isa itong modelong ahensiya na nagsasanay sa mga manggagawa ng bansa sa paraang malinaw at naaayon sa mangangailangan ng industriya at bansa.,Isa itong modelong ahensiya na nagsasanay sa mga manggagawa ng bansa sa paraang malinaw at naaayon sa kailangan ng industriya at bansa.
"Nang hindi matiis ng aktres ang sakit sa katawan, nagpapaalam na siyang lalabas sa lock-in para magpa-doctor.","Nang hindi matiis ng aktres ang sakit sa katawan, nagpaalam na siyang lalabas sa lock-in para magpa-doctor."
"Isa ng ganap na international shrine ang Antipolo Cathedral sa Antipolo City, Rizal nitong Sabado, alinsunod na rin sa isang decree na inilabas ng Vatican.","Isa nang ganap na international shrine ang Antipolo Cathedral sa Antipolo City, Rizal nitong Sabado, alinsunod na rin sa isang decree na inilabas ng Vatican."
Itinanggi suspek na Chinese national ang alegasyon na kidnaper sila.,Itinanggi ng suspek na Chinese national ang alegasyon na kidnaper sila.
Ito ang naging pagtaya ni Marcos matapos ang mahabang pakikipag-usap nito sa telepono kahapon kay Chinese President Xi Jinping na ipinaabot ang kaniyang pagbati pagwawagi ni Marcos.,Ito ang naging pagtaya ni Marcos matapos ang mahabang pakikipag-usap nito sa telepono kahapon kay Chinese President Xi Jinping na ipinaabot ang kaniyang pagbati sa pagwawagi ni Marcos.
"Dahil dito kayat makikipag ugnayan ang PCO sa pribadong sektor, kabilang ang stakeholders sa broacast industry, para makapagtatag ng epektibong mekanismo laban sa fake news.","Dahil dito kayat makikipag-ugnayan ang PCO sa pribadong sektor, kabilang ang stakeholders sa broacast industry, para makapagtatag ng epektibong mekanismo laban sa fake news."
Karamihan rin sa mga namatay ay mula sa timog-silangang Asya at sa kanlurang Pasipiko.,Karamihan din sa mga namatay ay mula sa timog-silangang Asya at sa kanlurang Pasipiko.
"Sa kabila nito, naninindigan si De Guzman na hindi pantay ang MDT, VFA at EDCA sa Pilipinas at nagbigay ng maraming kaluwagan sa Amerika dahilan para makapanatili ng impluwensyang militar nito sa bansa.","Sa kabila nito, naninindigan si De Guzman na hindi pantay ang MDT, VFA at EDCA sa Pilipinas at nagbibigay ng maraming kaluwagan sa Amerika dahilan para makapanatili ng impluwensyang militar nito sa bansa."
"Sa hiwalay na post, sinabi rin ng guro na bukod sa lessons sa loob ng silid-aralan, na is din niyang turuan ng life lessons ang mga estudyante.","Sa hiwalay na post, sinabi rin ng guro na bukod sa lessons sa loob ng silid-aralan, nais din niyang turuan ng life lessons ang mga estudyante."
Patuloy na makikipag-kilala ang suspek na napuruhan ng punglo sa ibat ibang bahagi ng katawan at kasalukuyang nakalagak sa punerarya sa lungsod.,Patuloy na kinikilala ang suspek na napuruhan ng punglo sa ibat ibang bahagi ng katawan at kasalukuyang nakalagak sa punerarya sa lungsod.
"Sasampahan ng kasong qualified theft ang suspek, ayon sa-pulisya.","Sasampahan ng kasong qualified theft ang suspek, ayon sa pulisya."
"Aniya, binabawasan na ang medikasyon nito para sa blood pressure support at gaganda na rin ang kidney function.","Aniya, binabawasan na ang medikasyon nito para sa blood pressure support at gumaganda na rin ang kidney function."
Marahil ay totoo ang kasabihan na nagiging mahalaga lamang ang isang bagay na dati nating binabalewala kung itoy mawawala na sa atin.,Marahil ay totoo ang kasabihan na nagiging mahalaga lamang ang isang bagay na dati nating binabalewala kung itoy nawala na sa atin.
Sina Ongtenco at ang maybahay niyang si Luisa ay nagkaroon nang walong anak na ngayony kasama na sa pagpapatakbo ng negosyo ng pamilya.,Sina Ongtenco at ang maybahay niyang si Luisa ay nagkaroon ng walong anak na ngayony kasama na sa pagpapatakbo ng negosyo ng pamilya.
"Hinala ng duktor, may mga bu to ang bulaklak na pinitas ng bata at aksidenteng napunta sa loob ng tenga nito.","Hinala ng duktor, may mga buto ang bulaklak na pinitas ng bata at aksidenteng napunta sa loob ng tenga nito."
Pero kaya kaya yun.,Pero kaya yun.
"Sa ulat ng ng GMA News ""Unang Balita"" nitong Martes, sinabing bago nito, napagawa na rin nina Dianne at Rodjun ang kanilang bahay at naitayo ang sarili nilang business.","Sa ulat ng GMA News ""Unang Balita"" nitong Martes, sinabing bago nito, napagawa na rin nina Dianne at Rodjun ang kanilang bahay at naitayo ang sarili nilang business."
"Sa tuwing may ahas sa kanilang lu gar, ang takbuhan ng mga residente ay ang kapitbahay nilang si Rommel Adona.","Sa tuwing may ahas sa kanilang lugar, ang takbuhan ng mga residente ay ang kapitbahay nilang si Rommel Adona."
Maaaring sinunod na lang niya ang payo ng mga taong malapit sa kanya na manahimik na lang at huwag nang sagutin ang huling interview ni LJ.,Maaaring sinusunod na lang niya ang payo ng mga taong malapit sa kanya na manahimik na lang at huwag nang sagutin ang huling interview ni LJ.
"Pangalawa, sasaya po ang inyong magulang kapag nakapagtapos kayo ng pag-aaral, ayon kay Sen.","Pangalawa, sasaya po ang inyong mga magulang kapag nakapagtapos kayo ng pag-aaral, ayon kay Sen."
"May reason rin naman ang girl, napakarami nang pinagdaanan ng guy, malikot din naman kasi yun sa aparato!","May reason din naman ang girl, napakarami nang pinagdaanan ng guy, malikot din naman kasi yun sa aparato!"
"Nagsampa naman ng kontra demanda si Amber at humingi ng $100 million damages dahil umano sa naranasan niyang ""rampant physical violence and abuse"" sa aktor.--.","Nagsampa naman ng kontra-demanda si Amber at humingi ng $100 million damages dahil umano sa naranasan niyang ""rampant physical violence and abuse"" sa aktor.--."
Dumiretso ang Bolts sa kanilang ikatlong sunod na ratsada para sa 8-2 record sa ilalim ng ng 10-1 baraha ng No.,Dumiretso ang Bolts sa kanilang ikatlong sunod na ratsada para sa 8-2 record sa ilalim ng 10-1 baraha ng No.
"Baguio CITY, Philippines É?? Tatlo katao ang sugatan matapos ang walang habas na pamamaril ng isang jeepney driver na nasawi rin matapos namang mabundol ng sumasakay habang tumatakas sa may Naguillan Road, Brgy.","Baguio CITY, Philippines É?? Tatlo katao ang sugatan matapos ang walang habas na pamamaril ng isang jeepney driver na nasawi rin matapos namang mabundol ng sasakyan habang tumatakas sa may Naguillan Road, Brgy."
"Pero ngayong naintindihan na natin itong new variant na ito at mukha namang wala pa tayong community transmission sa new variant ay bubuhay muli ang pag-uusap tungkol sa face-to-face dahil kagaya ng sinabi ni Secretary Briones, parang tayo na lang po ang bansa na wala pang face-to-face sa buong mundo,mahabang paliwanag ni Roque.","Pero ngayong naintindihan na natin itong new variant na ito at mukha namang wala pa tayong community transmission sa new variant ay bubuhayin muli ang pag-uusap tungkol sa face-to-face dahil kagaya ng sinabi ni Secretary Briones, parang tayo na lang po ang bansa na wala pang face-to-face sa buong mundo,mahabang paliwanag ni Roque."
"Anyway, ang maganda naman, kahit nae-extend ang FPJs Ang Probinsyano, pinapanood pa din naman yon.","Anyway, ang maganda naman, kahit nae-extend ang FPJs Ang Probinsyano, pinapanood pa rin naman yon."
"Bukod sa mga ito, may inaasahan pang 2 milyong doses ng AstraZeneca sa loob ng dumarating na dalawang linggo at mula rin sa COVAX facility.","Bukod sa mga ito, may inaasahan pang 2 milyong doses ng AstraZeneca sa loob ng darating na dalawang linggo at mula rin sa COVAX facility."
"Kailangan managot sila sa batas ng ating bansa bansa at hindi po sa kanilang sariling regulasyon, wika ni AFP spokesperson Edgard Arevalo, sa panayam ng PTV4.","Kailangan managot sila sa batas ng ating bansa at hindi po sa kanilang sariling regulasyon, wika ni AFP spokesperson Edgard Arevalo, sa panayam ng PTV4."
Arestado ang magkasabwat na babae at ilalaki matapos diumano mangbudol sa tapat ng isang mall sa Brgy.,Arestado ang magkasabwat na babae at lalaki matapos diumano mangbudol sa tapat ng isang mall sa Brgy.
"Kabahan ka na Gary Russell matapos ideklara ni undefeated Pinoy fighter Mark Magsayo na nilabas nito ang bagsik ng isang Pinoy boxer sa oras na magkrus ang kanilang landas sa Enero 22 (Enero 23) sa Borgata Hotel Casino and Spa sa Atlantic City, New Jersey.","Kabahan ka na Gary Russell matapos ideklara ni undefeated Pinoy fighter Mark Magsayo na ilalabas nito ang bagsik ng isang Pinoy boxer sa oras na magkrus ang kanilang landas sa Enero 22 (Enero 23) sa Borgata Hotel Casino and Spa sa Atlantic City, New Jersey."
"Imagine mo, talagang nagpadala siya ng mga Valentine gift sa mga ambassador niya at m ga kaibigan sa press.","Imagine mo, talagang nagpadala siya ng mga Valentine gift sa mga ambassador niya at mga kaibigan sa press."
"Ayon kay Roniel, hindi siya sumama sa naturang reunion sa katatalon dahil may sipon noon ang bunso nilang anak.","Ayon kay Roniel, hindi siya sumama sa naturang reunion sa talon dahil may sipon noon ang bunso nilang anak."
Umaasa si Puyat na sa sumusunod na linggo ay papayagan na mabuksan ang leisure travel ng mga turista mula sa green-list countries.,Umaasa si Puyat na sa susunod na linggo ay papayagan na mabuksan ang leisure travel ng mga turista mula sa green-list countries.
"Inaasahan namang pumirma ng Pilipinas ang ""definitive agreement"" para sa 30 milyong doses ng bakuna mula Novavax ngayong araw, ani Roque.","Inaasahan namang pipirmahan ng Pilipinas ang ""definitive agreement"" para sa 30 milyong doses ng bakuna mula Novavax ngayong araw, ani Roque."
"E, dun dun nga siya nabukelya ng dati niyang gay provider, sumusumpa siyang nag-iisa lang ang beki sa buhay niya, pero namamangka pala siya sa dalawang ilog!","E, dun nga siya nabukelya ng dati niyang gay provider, sumusumpa siyang nag-iisa lang ang beki sa buhay niya, pero namamangka pala siya sa dalawang ilog!"
"Dahil sa nangyari, lalong naghihigpit doon sa PNP Custodial Center at sinuspinde muna ang pagdalaw.","Dahil sa nangyari, lalong naghigpit doon sa PNP Custodial Center at sinuspinde muna ang pagdalaw."
"Pero hindi na siya nakakapag-post rito matapos pumanaw ang best friend na si Angelo Fango noong nakaraang taon, na katuwang niya sa paggawa ng vlogs.","Pero hindi na siya nakakapag-post dito matapos pumanaw ang best friend na si Angelo Fango noong nakaraang taon, na katuwang niya sa paggawa ng vlogs."
Apat ang nasawi at 70 iba pa ang sasaktan sa naturang stampede.,Apat ang nasawi at 70 iba pa ang nasaktan sa naturang stampede.
"Tinanghal silang grand winner ng kanyang kapartner na ayon sa isang narinig kong kuwento at nasulat ko na ito sa nauna kong column weeks ago, ang cash prize diumano nila ay 1 million Euro.","Tinanghal silang grand winner ng kanyang ka-partner na ayon sa isang narinig kong kuwento at nasulat ko na ito sa nauna kong column weeks ago, ang cash prize diumano nila ay 1 million Euro."
"Hindi n'yo naman sinabi na bingi, balik tanaw niya.","Hindi n'yo naman sinabi na bingi, balik-tanaw niya."
"Ayon sa pangulo, kumpiyansa siyang isang matatag na ekonomiya ang hinihintay sa Pilipinas dahil sa bilyon-bilyong dolyar na foreign investments ang naiuwi mula sa mga biyahe nito sa ibang bansa.","Ayon sa pangulo, kumpiyansa siyang isang matatag na ekonomiya ang naghihintay sa Pilipinas dahil sa bilyon-bilyong dolyar na foreign investments ang naiuwi mula sa mga biyahe nito sa ibang bansa."
"Magtutuloy-tuloy ang Kadiwa nang Pasko, kahit pa nga matapos na ang kapaskuhan kung saan makabibili ng murang agricultural products.","Magtutuloy-tuloy ang Kadiwa ng Pasko, kahit pa nga matapos na ang kapaskuhan kung saan makabibili ng murang agricultural products."
Pumunta ng GMA News ang motorista ngunit wala ito sa address na kanyang ibinigay.,Pinuntahan ng GMA News ang motorista ngunit wala ito sa address na kanyang ibinigay.
"Ayon kay Roque, binabalanse lang ng Pangulo pinagdadaanan ng mga mamamayan sa gitna ng nangyayaring krisis.","Ayon kay Roque, binabalanse lang ng Pangulo ang pinagdadaanan ng mga mamamayan sa gitna ng nangyayaring krisis."
"Pagkukuwento ng isang dati niyang kasamahan sa nasabing show, Dream niya talagang mag-artista, nabigo lang siya, kaya hanggang nung naging direktor na siya, e, bitbit pa din niya ang ilusyong maging artista siya!","Pagkukuwento ng isang dati niyang kasamahan sa nasabing show, Dream niya talagang mag-artista, nabigo lang siya, kaya hanggang nung naging direktor na siya, e, bitbit pa rin niya ang ilusyong maging artista siya!"
Ito ang kinatatakutan nang pamilya ni Vhong sa Taguig City Jail dahil may mga natatanggap daw na mga message ang asawa ni Vhong na si Tanya.,Ito ang kinatatakutan ng pamilya ni Vhong sa Taguig City Jail dahil may mga natatanggap daw na mga message ang asawa ni Vhong na si Tanya.
"Una rito, sinabi umano ni Rommel na bandang alas-10 ng umaga ng magising siya ay nakitang nakatulog sa bath tub ang biktima kaya kinumutan ito at saka siya bumalik sa pagtulog.","Una rito, sinabi umano ni Rommel na bandang alas-10 ng umaga nang magising siya ay nakitang nakatulog sa bath tub ang biktima kaya kinumutan ito at saka siya bumalik sa pagtulog."
Niwala ang kalihim na sapat na ang tatlong linggo para matukoy kung nakatulong ba ang paghihigpit para mapigilan ang pagkalat ng COVOD-19.,Naniniwala ang kalihim na sapat na ang tatlong linggo para matukoy kung nakatulong ba ang paghihigpit para mapigilan ang pagkalat ng COVOD-19.
"Sa ating Mabuting Balita (Marcos 6:7-13), tinawag ni Hesus ang kaniyang labindalawang Alagad at-isinugo Niya sila nang dala-dalawa at binigyan ng kapangyarihang magpalayas ng masasamang espiritu bilang bahagi ng kanilang ministeryo.","Sa ating Mabuting Balita (Marcos 6:7-13), tinawag ni Hesus ang kaniyang labindalawang Alagad at isinugo Niya sila nang dala-dalawa at binigyan ng kapangyarihang magpalayas ng masasamang espiritu bilang bahagi ng kanilang ministeryo."
"May ipinayo din si Mayor Isko, na naging artista rin at bahagi ng Thats Entertainment, sa kaniyang anak.","May ipinayo rin si Mayor Isko, na naging artista rin at bahagi ng Thats Entertainment, sa kaniyang anak."
"Sa mga lugar na nakalockdown, naka-deploy ang nasa 687 PNP personnel at 701 701 force multipliers upang matiyak na nasusunod ang health protocols.","Sa mga lugar na nakalockdown, naka-deploy ang nasa 687 PNP personnel at 701 force multipliers upang matiyak na nasusunod ang health protocols."
"Batay bagong Pulse Asia survey, si Pacquiao ay pumang-apat sa nakuhang walong puntos habang panglima naman si Lacson na may dalawang porsiyento.","Batay sa bagong Pulse Asia survey, si Pacquiao ay pumang-apat sa nakuhang walong puntos habang panglima naman si Lacson na may dalawang porsiyento."
Ngayon ay back-to-work na si Direk Joel at mag-aayos na ang mga susunod na pelikulang gagawin niya.,Ngayon ay back-to-work na si Direk Joel at inaayos na ang mga susunod na pelikulang gagawin niya.
Marami ang nakaka-relate sa bagong TV commercial nang Tanduay.,Marami ang nakaka-relate sa bagong TV commercial ng Tanduay.
"Noong nagCebu kami last weekend para sa presscon ng The Iron Heart, ang action-drama series na pinagbibidahan ni Richard Gutierrez sa ABS-CBN, marami na naman kaming mga É??eksenaÉ?ù ni Bisaya.","Noong nag-Cebu kami last weekend para sa presscon ng The Iron Heart, ang action-drama series na pinagbibidahan ni Richard Gutierrez sa ABS-CBN, marami na naman kaming mga É??eksenaÉ?ù ni Bisaya."
Wala pang eksaktong petsa kung kailan itinuloy ang qualifying event ngunit posible itong ganapin sa Mayo o sa Hunyo bago ang Tokyo Olympics sa Hulyo.,Wala pang eksaktong petsa kung kailan itutuloy ang qualifying event ngunit posible itong ganapin sa Mayo o sa Hunyo bago ang Tokyo Olympics sa Hulyo.
Inanunsiyo mismo ito ni San Antonio Mayor Arvin Salonga at sinabing iniimbitahan ang mga gun owners at gun enthusiasts sa Nueva Ecija na pumila na sa nasabing caravan upang magkapag-renew ng lisensya sa baril o magfile ng bagong aplikasyon.,Inanunsiyo mismo ito ni San Antonio Mayor Arvin Salonga at sinabing iniimbitahan ang mga gun owners at gun enthusiasts sa Nueva Ecija na pumila na sa nasabing caravan upang magkapag-renew ng lisensya sa baril o mag-file ng bagong aplikasyon.
"Samahan si FPJ sa Ang Padrino sa kanyang pagganap bumibilang si Emong, na kinikilalang É??padrinoÉ?ù sa kanyang bayan dahil sa kakayahan nitong ayusin ang anumang gusot.","Samahan si FPJ sa Ang Padrino sa kanyang pagganap bilang si Emong, na kinikilalang É??padrinoÉ?ù sa kanyang bayan dahil sa kakayahan nitong ayusin ang anumang gusot."
"May average na 470,000 sinakyan na ang bumibiyahe ngayon sa EDSA kada araw at inaasahan pang tataas habang papalapit ang Pasko at Bagong Taon, ayon sa Metropolitan Manila Development Authority.","May average na 470,000 sasakyan na ang bumibiyahe ngayon sa EDSA kada araw at inaasahan pang tataas habang papalapit ang Pasko at Bagong Taon, ayon sa Metropolitan Manila Development Authority."
Initially hindi namin tinray siguro kasi nga ang layo tapos ang gastos kung nagkikita kami palagi.,Initially hindi namin tinray siguro kasi nga ang layo tapos ang gastos kung magkikita kami palagi.
"Bagamat pumasa na sa ikatlo at huling pagdinig ng Kamara ang panukalang Bayanihan 3 É?? na planong magbigay ng P2,000 sa bawat Pilipino ma hirap man o mayaman É?? hindi pa rin gaano umuusad ang counterpart bill nito sa Senado.","Bagamat pumasa na sa ikatlo at huling pagdinig ng Kamara ang panukalang Bayanihan 3 É?? na planong magbigay ng P2,000 sa bawat Pilipino mahirap man o mayaman É?? hindi pa rin gaano umuusad ang counterpart bill nito sa Senado."
May nakabinbing petisyon sa Commission on Elections (Comelec) para pagaralan at magpasya kung kaninong paksiyon ang kikilalanin ng Comelec.,May nakabinbing petisyon sa Commission on Elections (Comelec) para pag-aralan at magpasya kung kaninong paksiyon ang kikilalanin ng Comelec.
Ang dami rin ngayong artista na sumasama sa political rally.,Ang dami rin ngayong mga artista na sumasama sa political rally.
Sinabi ni Villar na mahalaga ang magkaroon ng kaalaman ang publiko tungkol sa naturang usapin para mabawasan ang kaso ng mga pangaabuso at karahasan sa mga babae at mga bata.--FRJ.,Sinabi ni Villar na mahalaga ang magkaroon ng kaalaman ang publiko tungkol sa naturang usapin para mabawasan ang kaso ng mga pang-aabuso at karahasan sa mga babae at mga bata.--FRJ.
"Hindi na muna ibinigay ang buong detalye pero, pitong Kapuso artists raw ang involved dito na tagung-tago kung sino ang mga ito.","Hindi na muna ibinigay ang buong detalye pero, pitong Kapuso artists daw ang involved dito na tagung-tago kung sino ang mga ito."
"May ilan namang minabuti nilang hihindian na lang panoorin, at nilagpasan na nila ito sa sampung pelikulang napapanood sa Upstream.ph.","May ilan namang minabuti nilang hindi na lang panoorin, at nilagpasan na nila ito sa sampung pelikulang napapanood sa Upstream.ph."
"Naglagay rin ang É??OKBetÉ??, ang nangungunang Pinoy gaming platform sa bansa, ng ispesyal na booth kung saan namahagi ng mga regalo at papremyo tulad ng mga t-shirts at lanyards para sa mga masuwerteng manonood gayundin ang meet-and-greet sa mga players players.","Naglagay rin ang É??OKBetÉ??, ang nangungunang Pinoy gaming platform sa bansa, ng ispesyal na booth kung saan namahagi ng mga regalo at papremyo tulad ng mga t-shirts at lanyards para sa mga masuwerteng manonood gayundin ang meet-and-greet sa mga players."
Hintayin nating nating magkaanak ang female star.,Hintayin nating magkaanak ang female star.
Nabanggit din na maraming nagbibigay sa kanilang donors at lahat ay nakalista at isa rin si VP Leni sa tulong mag-repack ng lahat ng kanilang ipinamamahagi.,Nabanggit din na maraming nagbibigay sa kanilang donors at lahat ay nakalista at isa rin si VP Leni sa tumutulong mag-repack ng lahat ng kanilang ipinamamahagi.
"Kami po, kumbaga wala naman kaming ginagawang masama, ginagawa lang po namin 'yung kung saang paraan kami nag-e-enjoy at kung saan kami nag excel sa tingin namin.","Kami po, kumbaga wala naman kaming ginagawang masama, ginagawa lang po namin 'yung kung saang paraan kami nag-e-enjoy at kung saan kami nag-excel sa tingin namin."
"Makikita rin ang pagdating ng SUV na minamaneho ni Raymond Sapirain, at dire diretsong nahagip ang biktima at nagulungan.","Makikita rin ang pagdating ng SUV na minamaneho ni Raymond Sapirain, at dire-diretsong nahagip ang biktima at nagulungan."
Hindi siya yung yung batang lakwatsera.,Hindi siya yung batang lakwatsera.
Narekober di to ang isang cal.45.,Narekober dito ang isang cal.45.
"Ang ganda nang explanation ng mga doctor, ang pinakamahusay na bakuna yung available.","Ang ganda ng explanation ng mga doctor, ang pinakamahusay na bakuna yung available."
"Bilang patunay umano ay mayroon na silang 15,000 signatures na miyembro ng partido na mayroong mga numero na kahit anong oras ay maaaring i confirm kung pumirma ba sila o hindi.","Bilang patunay umano ay mayroon na silang 15,000 signatures na miyembro ng partido na mayroong mga numero na kahit anong oras ay maaaring i-confirm kung pumirma ba sila o hindi."
"Sa amin ang sakop namin yung pang-aabusong gagawa kahit walang baril na nilabas siya, nakita namin is para kasuhan siya, dagdag ni Manalad.","Sa amin ang sakop namin yung pang-aabusong ginawa kahit walang baril na nilabas siya, nakita namin is para kasuhan siya, dagdag ni Manalad."
Nakumpiska sa dalawang suspek ang hinihinalang shabu na tumitimbang nang 10.5.,Nakumpiska sa dalawang suspek ang hinihinalang shabu na tumitimbang ng 10.5.
"Almanza Dos, Las Pi?Òas City samantalang hindi naman nakilala ang suspek na mabilis na nag laho matapos ang pamamaril.","Almanza Dos, Las Pi?Òas City samantalang hindi naman nakilala ang suspek na mabilis na naglaho matapos ang pamamaril."
Inilahad rin Jelai ang mga pagbabago sa kaniyang buhay nang maging kilalang vlogger.,Inilahad din Jelai ang mga pagbabago sa kaniyang buhay nang maging kilalang vlogger.
"Nauna nang magsasabi ng PTEs nitong linggo na handa na sila para sa registration process, subalit inaasahan umano ang É??birthing painsÉ?ù sa inisyal na implementasyon ng panukala.","Nauna nang sinabi ng PTEs nitong linggo na handa na sila para sa registration process, subalit inaasahan umano ang É??birthing painsÉ?ù sa inisyal na implementasyon ng panukala."
"Kundi nga lang daw may baby siya na six-month old pa lang, pupunta din daw siya sa Baguio para magbakasyon sila ng kanyang mister dahil nagustuhan niya ang hitsura ng lugar na yon nang mapanood niya sa pelikula.","Kundi nga lang daw may baby siya na six-month old pa lang, pupunta rin daw siya sa Baguio para magbakasyon sila ng kanyang mister dahil nagustuhan niya ang hitsura ng lugar na yon nang mapanood niya sa pelikula."
Hindi niya alam na ang actor / model ay nakakita ng kanyang ka-deal sa isang coffee shop na kasama ang isang girlfriend.,Hindi niya alam na ang actor / model ay nakikita ng kanyang ka-deal sa isang coffee shop na kasama ang isang girlfriend.
"Sabi namin sa mga airlines, kung pwede mag operate sila ng mga additional flights or mag-upgrade sila ng mga aircraftGawin ni lang mas malaki maraming seats para ma-accommodate natin ang maraming pasahero, said DoTr Secretary Jaime Bautista.","Sabi namin sa mga airlines, kung pwede mag operate sila ng mga additional flights or mag-upgrade sila ng mga aircraftGawin nilang mas malaki maraming seats para ma-accommodate natin ang maraming pasahero, said DoTr Secretary Jaime Bautista."
Ang tinutukoy ni Guanzon ay si DTI Undersecretary Ruth Castelo na inulan ng kritisismo ng sabihin na kasya ang P500 budget para sa tradisyonal na hapunan sa bisperas ng Pasko.,Ang tinutukoy ni Guanzon ay si DTI Undersecretary Ruth Castelo na inulan ng kritisismo nang sabihin na kasya ang P500 budget para sa tradisyonal na hapunan sa bisperas ng Pasko.
"Yup, ganun raw kalaki kaya sa three months, P7.2.","Yup, ganun daw kalaki kaya sa three months, P7.2."
"Ayon sa mga kapitbahay, nadinig nila ang iniiyakan ng bata noong Lunes ng gabi.","Ayon sa mga kapitbahay, nadinig nila ang iyak ng bata noong Lunes ng gabi."
Kagyat na may bisa ang memong ito sa limbag na petsa sa-itaas.,Kagyat na may bisa ang memong ito sa limbag na petsa sa itaas.
Tuloy ang mainit na ratsada nang San Beda University nang angkinin nito ang second gold medal sa NCAA Season 96 poomsae competitions na ginaganap via online.,Tuloy ang mainit na ratsada ng San Beda University nang angkinin nito ang second gold medal sa NCAA Season 96 poomsae competitions na ginaganap via online.
Raw ang accuracy.,Daw ang accuracy.
"Kahit sinasabing marami-rami itong commercial load, malaki pa rin ang budget dahil sa rami nila at naglu location pa sila ng taping.","Kahit sinasabing marami-rami itong commercial load, malaki pa rin ang budget dahil sa rami nila at naglu-location pa sila ng taping."
"Siyempre, binibigay ka ng advice kung hihingi ng advice sa yo, di ba?","Siyempre, magbibigay ka ng advice kung hihingi ng advice sa yo, di ba?"
Nagsisimula pa lamang noon ang binata sa show business nang labis na nasaktan nang dating kasintahan.,Nagsisimula pa lamang noon ang binata sa show business nang labis na nasaktan ng dating kasintahan.
"Sa imbestigasyon, papasukin sa mine site ang biktima bandang alas-3 ng hapon noong Sabado.","Sa imbestigasyon, pumasok sa mine site ang biktima bandang alas-3 ng hapon noong Sabado."
"Epektibo ito mula alas-7:00 ng umaga hanggang alas-9:00 ng umaga bukas, at mula alas-5:00 ng hapon hanggang alas-7:00 ng gabi, ayon na din sa anunsyo ng MRT.","Epektibo ito mula alas-7:00 ng umaga hanggang alas-9:00 ng umaga bukas, at mula alas-5:00 ng hapon hanggang alas-7:00 ng gabi, ayon na rin sa anunsyo ng MRT."
"Nagkaisa ang mga alkalde ng Metro Manila na wag munang palabasin ng bahay É?? ""in principle"" É?? ang lahat ng hindi pa nababakunahan laban sa COVID-19, habang nasa ilalim ng ng Alert Level 3 ang rehiyon, ayon sa Metropolitan Manila Development Authority.","Nagkaisa ang mga alkalde ng Metro Manila na wag munang palabasin ng bahay É?? ""in principle"" É?? ang lahat ng hindi pa nababakunahan laban sa COVID-19, habang nasa ilalim ng Alert Level 3 ang rehiyon, ayon sa Metropolitan Manila Development Authority."
"Sa pulong balitaan, sinabi ni Moreno na walang pasok sa lahat ng antas ng eskwelahan para mabawasan ang alalahanin ng mga guro, magaaral at mga magulang bunga ng tumataas ng kaso ng COVID-19.","Sa pulong balitaan, sinabi ni Moreno na walang pasok sa lahat ng antas ng eskwelahan para mabawasan ang alalahanin ng mga guro, mag-aaral at mga magulang bunga ng tumataas ng kaso ng COVID-19."
"Hindi naman daw lahat na pinapanood ng mga pelikula natin ay nakapunta sa mga ganung bansa, kaya mas mabuting dalhin daw niya ito sa pelikulang ginagawa nila.","Hindi naman daw lahat na nanonood ng mga pelikula natin ay nakapunta sa mga ganung bansa, kaya mas mabuting dalhin daw niya ito sa pelikulang ginagawa nila."
Inaasahang napupuno ang venue dahil ang Cool Smashers at Flying Titans ang dalawang tropa na may pinakamaraming fans sa liga.,Inaasahang mapupuno ang venue dahil ang Cool Smashers at Flying Titans ang dalawang tropa na may pinakamaraming fans sa liga.
Na pumanaw din noong Hunyo 2020.,Na pumanaw rin noong Hunyo 2020.
"Gayunpaman, mapagpakumbabang nag sorry si Petecio dahil pilak lamang ang nakayanan nito.","Gayunpaman, mapagpakumbabang nag-sorry si Petecio dahil pilak lamang ang nakayanan nito."
"Kinumpirma din ni Naz na limang kalsada sa mga munisipalidad ng Nabua, Baao, at Buhi sa Camarines Sur ang hindi madaanan dahil sa mataas ang tubig-baha.","Kinumpirma rin ni Naz na limang kalsada sa mga munisipalidad ng Nabua, Baao, at Buhi sa Camarines Sur ang hindi madaanan dahil sa mataas ang tubig-baha."
"Ilang oras ang makalipas, nagsundo ng kanyang lola at lolo ang bata dahil sa hindi sila nagtitiwala sa suspek subalit paglabas nito ng bahay ay puno ng dugo ang damit at hawak-hawak ang dalawang kutsilyo.","Ilang oras ang makalipas, sinundo ng kanyang lola at lolo ang bata dahil sa hindi sila nagtitiwala sa suspek subalit paglabas nito ng bahay ay puno ng dugo ang damit at hawak-hawak ang dalawang kutsilyo."
Bago magpandemic noong December 2019 ganito rin ang tanong pero sa kalusugan ay 13% lamang ang pumabor.,Bago mag-pandemic noong December 2019 ganito rin ang tanong pero sa kalusugan ay 13% lamang ang pumabor.
"Ang mga nasagip na dayuhan ay nakilalang sina Wang Ui Yong, Yan Lu Ting, Li Qing Lin, atYang Li Hui, pawang Chinese nationals at Teo Chee Ching na isang Malaysian habang makikipag-kilala naman ang naarestong suspek na si Darren Lim.","Ang mga nasagip na dayuhan ay nakilalang sina Wang Ui Yong, Yan Lu Ting, Li Qing Lin, atYang Li Hui, pawang Chinese nationals at Teo Chee Ching na isang Malaysian habang kinilala naman ang naarestong suspek na si Darren Lim."
Nangyari ang lahat ng ito habang hinihikayat naman ng maraming progresibong grupo na i-extend ng Comelec ang registration period.,Nangyayari ang lahat ng ito habang hinihikayat naman ng maraming progresibong grupo na i-extend ng Comelec ang registration period.
Ito ang unang paglalakbay ni Marcos sa ibang bansa ngayong 2023 at ika-pito mula ng maupo siya sa Malaca?Òang noong nakaraang taon.,Ito ang unang paglalakbay ni Marcos sa ibang bansa ngayong 2023 at ika-pito mula nang maupo siya sa Malaca?Òang noong nakaraang taon.
"Sinubukan na kunan ng pahayag ang nagorganisa ng bilyaran tumanggi pa ang pulisya na iharap siya, ayon sa ulat.--FRJ.","Sinubukan na kunan ng pahayag ang nag-organisa ng bilyaran tumanggi pa ang pulisya na iharap siya, ayon sa ulat.--FRJ."
"Nabatid na una nang nagpalabas ng closure order noon nakaraang taon ang BPLD dahil sa paglabag sa Sanitary Regulations, ngunit magpapatuloy pa rin sa operasyon ang punerarya.Noong.","Nabatid na una nang nagpalabas ng closure order noon nakaraang taon ang BPLD dahil sa paglabag sa Sanitary Regulations, ngunit nagpatuloy pa rin sa operasyon ang punerarya.Noong."
"Karamihan mga unang unit na sakop ng recall ay ang FJ Cruiser, Corolla, Alphard, Innova, Fortuner at Prado na ginawa mula Setyembre 13 hanggang 2015.","Karamihan sa mga unang unit na sakop ng recall ay ang FJ Cruiser, Corolla, Alphard, Innova, Fortuner at Prado na ginawa mula Setyembre 13 hanggang 2015."
Opinyon ko lang naman.,Opinyon ko lang naman ito.
"Sa harap ng pangyayari, nahanda na daw magparaya ang suspek sa babaeng mahal niya.--FRJ/KBK.","Sa harap ng pangyayari, nahanda na raw magparaya ang suspek sa babaeng mahal niya.--FRJ/KBK."
"Yung impact sa pamilya at sa tao, ang labas, hindi na katutulog yung mga sabungero 24 hours, ani Duterte.","Yung impact sa pamilya at sa tao, ang labas, hindi na natutulog yung mga sabungero 24 hours, ani Duterte."
"Parang ang hirap bitawan lang ng mga ganuÉ??ng memories, dadagdagan pa ni Johua.","Parang ang hirap bitawan lang ng mga ganuÉ??ng memories, dagdag pa ni Johua."
"Tunghayan ang buong kuwento ni Lester sa video na ito ng ng ""Tunay Na Buhay.","Tunghayan ang buong kuwento ni Lester sa video na ito ng ""Tunay Na Buhay."
Hindi rin maaaring makapaningil nang dagdag pasahe ang mga PUVs hanggat walang maipapaskil na fare matrix o fare guide sa kanilang mga sasakyan.,Hindi rin maaaring makapaningil ng dagdag pasahe ang mga PUVs hanggat walang maipapaskil na fare matrix o fare guide sa kanilang mga sasakyan.
Binanggit din nito ang problema ng mga driving schools na kakailanganin pang iencode isa-isa ang mga old certificates na mula pa sa ACES system patungong LTMS portal.,Binanggit din nito ang problema ng mga driving schools na kinakailangan pang iencode isa-isa ang mga old certificates na mula pa sa ACES system patungong LTMS portal.
Hindi naman naman daw siya ang tipong nagtataray sa set.,Hindi naman daw siya ang tipong nagtataray sa set.
Ito ito ay ang kabutihan o kagandahang-loob ng isang tao.,Ito ay ang kabutihan o kagandahang-loob ng isang tao.
Na magsagawa ng state visit upang mas mapalakas ang pagkakaibigan ng ng dalawang bansa.,Na magsagawa ng state visit upang mas mapalakas ang pagkakaibigan ng dalawang bansa.
"Habang ang iba na kapos, matutunan pa din natin ang magbahagi, sambit ng senadora.","Habang ang iba na kapos, matutunan pa rin natin ang magbahagi, sambit ng senadora."
"Duterte nitong Lunes ng gabi, sinabi ni DILG Sec. Eduardo A?Òo na mula sa 131,699 crime index sa bansa ay nasa 34,552 na lamang ito 2021.","Duterte nitong Lunes ng gabi, sinabi ni DILG Sec. Eduardo A?Òo na mula sa 131,699 crime index sa bansa ay nasa 34,552 na lamang ito noong 2021."
Ito ang ikatlong susundan na arangkada ng Elasto Painters ni coach Chris Gavina at ipinalasap sa Bolts ni mentor Norman Black ang unang kabiguan sa tatlong laro.,Ito ang ikatlong sunod na arangkada ng Elasto Painters ni coach Chris Gavina at ipinalasap sa Bolts ni mentor Norman Black ang unang kabiguan sa tatlong laro.
Idiniin ni VP Robredo ang kahalagahan ng pagtatayo ng mga CLH para punan ang mga isyut kakulangan na hinarap ng mga estudyante sa distance learning sa gitna ng pandemya.,Idiniin ni VP Robredo ang kahalagahan ng pagtatayo ng mga CLH para punan ang mga isyut kakulangan na hinaharap ng mga estudyante sa distance learning sa gitna ng pandemya.
Marami na daw ang nagpapayo sa kaniya na huminto na sa paglaban.,Marami na raw ang nagpapayo sa kaniya na huminto na sa paglaban.
"Sinabi ni DTI Secretary Ramon Lopez na sa pagbubukas ng ekonomiya ay magbabalik na din ang mula 200,000 hanggang 300,000 trabaho na napilitang tanggalin ng mga negosyo dahil sa mas mahigpit na enhanced community quarantine Malaking ginhawa rin umano ang dulot nito sa mga nawalan noon ng trabaho na maaari nang maghanapbuhay para sa kanilang pamilya.","Sinabi ni DTI Secretary Ramon Lopez na sa pagbubukas ng ekonomiya ay magbabalik na rin ang mula 200,000 hanggang 300,000 trabaho na napilitang tanggalin ng mga negosyo dahil sa mas mahigpit na enhanced community quarantine Malaking ginhawa rin umano ang dulot nito sa mga nawalan noon ng trabaho na maaari nang maghanapbuhay para sa kanilang pamilya."
"Nasasakupan nina Jeronimo at Laurente ang pinagganapan nang boxing match sa Tondo noong Mayo, kung saan nagkumpulan ang mga tao at halos walang nakasuot na face masks.","Nasasakupan nina Jeronimo at Laurente ang pinagganapan ng boxing match sa Tondo noong Mayo, kung saan nagkumpulan ang mga tao at halos walang nakasuot na face masks."
"Aniya, dapat daw ay hindi muna mag-audit ang COA habang hindi pa tapos ang administrasyon ni Digong, kahit na taun-taon naman na itong gagawa ng komisyon kahit dati pa.","Aniya, dapat daw ay hindi muna mag-audit ang COA habang hindi pa tapos ang administrasyon ni Digong, kahit na taun-taon naman na itong ginagawa ng komisyon kahit dati pa."
"Singson, pinagpapahinga daw muna niya si Ana bago nila pag-usapan ang pagsasampa ng kaso, dahil talagang matindi raw ang tama ng aktres sa pambubugbog umano sa kanya ni Kit.","Singson, pinagpapahinga raw muna niya si Ana bago nila pag-usapan ang pagsasampa ng kaso, dahil talagang matindi raw ang tama ng aktres sa pambubugbog umano sa kanya ni Kit."
"Pero ng tingnan niya itong mabuti, hindi makapaniwala ang lalaki na nakakuha siya ng diamond ding sa buhanginan.","Pero nang tingnan niya itong mabuti, hindi makapaniwala ang lalaki na nakakuha siya ng diamond ding sa buhanginan."
Kinausap siya ng counsellor sa ospital ng aminin niya sa pinasulatan sa kanyang form na ilang beses niyang tinangkang magpakamatay o saktan ang kanyang sarili dahil sa pang-aabuso ng kanyang tiyo.,Kinausap siya ng counsellor sa ospital nang aminin niya sa pinasulatan sa kanyang form na ilang beses niyang tinangkang magpakamatay o saktan ang kanyang sarili dahil sa pang-aabuso ng kanyang tiyo.
"Ang mga balat ng mga palaka ang kuha ng mga toxin, kaya sila ang unang mamamatay kung nagkaroon ng kontaminasyon.","Ang mga balat ng mga palaka ang kumukuha ng mga toxin, kaya sila ang unang mamamatay kung nagkaroon ng kontaminasyon."
Pinagsabihan raw ng isa sa kanilang kasamahan si Gaviola na agad nitong ikinagalit.,Pinagsabihan daw ng isa sa kanilang kasamahan si Gaviola na agad nitong ikinagalit.
"So kesa matengga ang singers natin sa bansa, doon na lang sila sa abroad magshow dahil kahit hindi kumita ang show eh nababayaran din sila, huh!","So kesa matengga ang singers natin sa bansa, doon na lang sila sa abroad mag-show dahil kahit hindi kumita ang show eh nababayaran din sila, huh!"
Nagpaalala kahapon ang Department of Health (DOH) sa publiko sa malaking banta banta ng pagkakaroon ng diabetes ng mga taong dadapuan ng COVID-19 base sa isang pag-aaral.,Nagpaalala kahapon ang Department of Health (DOH) sa publiko sa malaking banta ng pagkakaroon ng diabetes ng mga taong dadapuan ng COVID-19 base sa isang pag-aaral.
"So ibig sabihin na kailangan nilang bumiyahe maaraw man o maggabi but they chose to interpret it in such a way na gabi lang raw sila bibiyahe pero kung titingnan natin `yong kanilang special permit ay `yong kanilang prangkisa ay nakasaad doon sa mga terms and conditions doon na they have the responsibility to transport passengers at any time of the day when there is demand, ani Cassion.","So ibig sabihin na kailangan nilang bumiyahe maaraw man o maggabi but they chose to interpret it in such a way na gabi lang daw sila bibiyahe pero kung titingnan natin `yong kanilang special permit ay `yong kanilang prangkisa ay nakasaad doon sa mga terms and conditions doon na they have the responsibility to transport passengers at any time of the day when there is demand, ani Cassion."
"Kung nag-give nga naman siya, tiyak na uulanin siya ng pagbati at papuri lalo na sa social media, eh dahil wala siyang É??give,É?ù nawala rin.","Kung nag-give nga naman siya, tiyak na uulanin siya ng pagbati at papuri lalo na sa social media, eh dahil wala siyang É??give,É?ù wala rin."
Marami sa mga pa ligid natin yan.,Marami sa mga paligid natin yan.
Kaya naman ang taong napag-iwanan ng mana ay kakakailangan niyang ingatan ang anumang bagay na ibinilin at ipinagkatiwala sa kaniya.,Kaya naman ang taong napag-iwanan ng mana ay kailangan niyang ingatan ang anumang bagay na ibinilin at ipinagkatiwala sa kaniya.
"94 Office of the President at nilagdaan ni Executive Secretary Salvador Medialdea, inilatag ang mga panuntunan para sa pagbabawas ng bilang ng mga manggagawa sa gobyerno na pisikal na papasok sa trabaho o onsite workers.","94 ng Office of the President at nilagdaan ni Executive Secretary Salvador Medialdea, inilatag ang mga panuntunan para sa pagbabawas ng bilang ng mga manggagawa sa gobyerno na pisikal na papasok sa trabaho o onsite workers."
Dalawang pagsabog naganap kamakalawa ng tanghali sa Sultan Kudarat ayon sa Joint Task Force Central (JTFC) at 6th Infantry (Kampilan) Division.,Dalawang pagsabog ang naganap kamakalawa ng tanghali sa Sultan Kudarat ayon sa Joint Task Force Central (JTFC) at 6th Infantry (Kampilan) Division.
"Habang hintay ng go-signal ng paglabas, walang inaaksayang sandali ang 7-foot-3 na tuluy-tuloy lang sa workout.","Habang naghihintay ng go-signal ng paglabas, walang inaaksayang sandali ang 7-foot-3 na tuluy-tuloy lang sa workout."
"Marahil ay ilan sa atin ang masyadong nahihintatakutan, masyadong naliligalig at wawalain sa pokus kaya mas nangingibabaw sa kanila ang takot kapag dumating sa buhay ang mga pagsubok.","Marahil ay ilan sa atin ang masyadong nahihintatakutan, masyadong naliligalig at nawawala sa pokus kaya mas nangingibabaw sa kanila ang takot kapag dumating sa buhay ang mga pagsubok."
"Alamin ang resulta ng isinagawang imbestigasyon ng pu lisya sa video na ito ng ""KMJS.""","Alamin ang resulta ng isinagawang imbestigasyon ng pulisya sa video na ito ng ""KMJS."""
"Sa regualr na swab test sa Athletes Village, unang lumabas na positive positive ang resulta ng naturang coach ngunit nag-negatibo ito sa confirmatory test.","Sa regualr na swab test sa Athletes Village, unang lumabas na positive ang resulta ng naturang coach ngunit nag-negatibo ito sa confirmatory test."
"Nagpasabog si Agen Miranda nang 21 puntos, tatlong rebounds at tatlong assists upang pangunahan ang Heavy Bombers sa ikaapat na panalo sa anim na laro.","Nagpasabog si Agen Miranda ng 21 puntos, tatlong rebounds at tatlong assists upang pangunahan ang Heavy Bombers sa ikaapat na panalo sa anim na laro."
"Binababa lang po ang presyo ng langis kung magkakaroon ng increase ng supply sa pamamagitan ng pag-alis ng sanction sa Venezuela, Iran, at Syria, aniya.","Bababa lang po ang presyo ng langis kung magkakaroon ng increase ng supply sa pamamagitan ng pag-alis ng sanction sa Venezuela, Iran, at Syria, aniya."
"Abangan na lang natin ang susunod na magaganap, dahil itong mga nasagap naming kuwento ay hindi pa din tiyak kung matutuloy o hindi.","Abangan na lang natin ang susunod na magaganap, dahil itong mga nasagap naming kuwento ay hindi pa rin tiyak kung matutuloy o hindi."
"I to ang ibinahagi ng Philippine Statistics Authority (PSA), Biyernes, ito matapos itaya ng Bangko Sentral ng Pilipinas na umabot sa 7.1%.","Ito ang ibinahagi ng Philippine Statistics Authority (PSA), Biyernes, ito matapos itaya ng Bangko Sentral ng Pilipinas na umabot sa 7.1%."
"Nang magkaroon ng US concert tour ang Star Magic stars, nagkaroon rin ng chance na i-present sila sa ilang Hollywood agents.","Nang magkaroon ng US concert tour ang Star Magic stars, nagkaroon din ng chance na i-present sila sa ilang Hollywood agents."
"Hindi katulad nang mga singles ni Darren after niya sa The Voice Kids,É?ù paliwanag ng singer.","Hindi katulad ng mga singles ni Darren after niya sa The Voice Kids,É?ù paliwanag ng singer."
"Nagustuhan kong ma-challenge kaya nag-yes ako don sa Rey Valera,É?ù kwento ni RK.","Gusto kong ma-challenge kaya nag-yes ako don sa Rey Valera,É?ù kwento ni RK."
"Labis ang pasasalamat ni Gina sa mga sumusuporta sa kaniya, at hangad raw niyang makita silang muli.","Labis ang pasasalamat ni Gina sa mga sumusuporta sa kaniya, at hangad daw niyang makita silang muli."
"Nakakakita kasi sa CCTV at na-identify itong driver kaya sumuko na siya, at meron na siyang isang na-identify na nahuli na rin.","Nakita kasi sa CCTV at na-identify itong driver kaya sumuko na siya, at meron na siyang isang na-identify na nahuli na rin."
Nagtatayo na lamang ang mamimili kung anong direksiyon ang ating tatahakin.,Tayo na lamang ang mamimili kung anong direksiyon ang ating tatahakin.
"Pero ang pinag-uusapan, sexy serye i yan, hindi kagaya noong naglalabasan sa internet na beki series.","Pero ang pinag-uusapan, sexy serye iyan, hindi kagaya noong naglalabasan sa internet na beki series."
"Sinabi ni Duterte na inuna niyang palakasin ang Armed Forces of the Philippines at Philippine National Police noong-maupo siya sa Malaca?Òang dahil laganap ang insureksiyon, ilegal na droga at kriminalidad.","Sinabi ni Duterte na inuna niyang palakasin ang Armed Forces of the Philippines at Philippine National Police noong maupo siya sa Malaca?Òang dahil laganap ang insureksiyon, ilegal na droga at kriminalidad."
"Mula ng isapribado ang pagsusuplay ng tubig noong 2007, nagdagdag ang Maynilad ng 300 million liters per day ng kanilang water production capacity and lay ng 3,172 kilometers ng bagong tubo ng tubig sa West Zone noong katapusan ng 2021.","Mula nang isapribado ang pagsusuplay ng tubig noong 2007, nagdagdag ang Maynilad ng 300 million liters per day ng kanilang water production capacity and lay ng 3,172 kilometers ng bagong tubo ng tubig sa West Zone noong katapusan ng 2021."
"Batay sa ulat, pasado alas-2:00 ng madaling araw ng bumagsak ang dalawang poste ng kuryente nang mahagip at makaladkad ng isang dumaraang truck ang mga nakalaylay na mga kawad ng mga ito.","Batay sa ulat, pasado alas-2:00 ng madaling araw nang bumagsak ang dalawang poste ng kuryente nang mahagip at makaladkad ng isang dumaraang truck ang mga nakalaylay na mga kawad ng mga ito."
"Nang huminto si Ordona, nilapitan umano siya ni Sibuma na nag-utos na buksan ang pinto ng sinasakyan at magtanggal ng mga face mask.Bagamat.","Nang huminto si Ordona, nilapitan umano siya ni Sibuma na nag-utos na buksan ang pinto ng sasakyan at magtanggal ng mga face mask.Bagamat."
"Dumating si Harris sa Pilipinas noong Linggo, ang unang pagbisita sa loob ng limang taon ng isang mataas na opisyal ng Amerika buhat ng bumisita si dating US President Donald Trump sa bansa noong 2017.","Dumating si Harris sa Pilipinas noong Linggo, ang unang pagbisita sa loob ng limang taon ng isang mataas na opisyal ng Amerika buhat nang bumisita si dating US President Donald Trump sa bansa noong 2017."
"Base sa footage, habang pumapasada ang biktima ng sakay ang isang lalaking pasahero ng makasalubong nila ang bisikletang minamaneho ng suspek at makikitang bumubunot ng baril ang siklista at saka pinagbabaril ang biktima, gamit ang kalibre.","Base sa footage, habang pumapasada ang biktima ng sakay ang isang lalaking pasahero nang makasalubong nila ang bisikletang minamaneho ng suspek at makikitang bumubunot ng baril ang siklista at saka pinagbabaril ang biktima, gamit ang kalibre."
Itinanggi rin ng dalaga puro mamahalin lamang ang kanyang bumibili at isinusuot na mga damit.,Itinanggi rin ng dalaga puro mamahalin lamang ang kanyang binibili at isinusuot na mga damit.
Naglakad sa ibabaw ng dagat-si Hesus para sundan ang Kaniyang mga alagad.,Naglakad sa ibabaw ng dagat si Hesus para sundan ang Kaniyang mga alagad.
"Kuwento ni Nanay Martina, taong 2017 ng isang kaibigan niya ang naglahad ng sikreto na meron itong karelasyon sa isang tao.","Kuwento ni Nanay Martina, taong 2017 nang isang kaibigan niya ang naglahad ng sikreto na meron itong karelasyon sa isang tao."
"Wawalain pa rin umanong naitatalang election related incident of violence sa bansa mula nang mag-umpisa ang election period, dagdag pa ng tagapagsalita ng PNP.","Wala pa rin umanong naitatalang election related incident of violence sa bansa mula nang mag-umpisa ang election period, dagdag pa ng tagapagsalita ng PNP."
"Sa ngayon, wala pa daw balak ang lokal na pamahalaan na magdeklara ng outbreak.","Sa ngayon, wala pa raw balak ang lokal na pamahalaan na magdeklara ng outbreak."
"Nagpatay ang isang bagitong pulis matapos aksidenteng salpukin ng isang cargo truck ang likuran bahagi ng kanyang motorsiklo sa Caloocan City, kamakalawa ng gabi.","Patay ang isang bagitong pulis matapos aksidenteng salpukin ng isang cargo truck ang likuran bahagi ng kanyang motorsiklo sa Caloocan City, kamakalawa ng gabi."
Nananatili na hindi pa nareresolba ang pagpatay sa mag-asawang Abdul na sakay ng kanilang Toyota Hilux pick up truck nang tambangan ng mga armadong kalalakihan.,Nananatili na hindi pa nareresolba ang pagpatay sa mag-asawang Abdul na sakay ng kanilang Toyota Hilux pick-up truck nang tambangan ng mga armadong kalalakihan.
"Sa ulat ng GMA News Live nitong Martes, nagsasabi ng pulisya na isa ang nasawi at 13 ang nasaktan sa naturang insidente.","Sa ulat ng GMA News Live nitong Martes, sinabi ng pulisya na isa ang nasawi at 13 ang nasaktan sa naturang insidente."
"Pinatay sina Asuncion, isang lider manggagawa at tagapagsalita ng BAYAN-Cavite, ilang araw matapos utusan ni dating Pangulong Rodrigo Duterte ang pulis at militar na patayin ang mgarebeldenang hindi iniisip ang karapatang pantao.","Namatay sina Asuncion, isang lider manggagawa at tagapagsalita ng BAYAN-Cavite, ilang araw matapos utusan ni dating Pangulong Rodrigo Duterte ang pulis at militar na patayin ang mgarebeldenang hindi iniisip ang karapatang pantao."
Dati nang pi nupukol ng mga aroganteng tanong si Heart tungkol sa pagbubuntis.,Dati nang pinupukol ng mga aroganteng tanong si Heart tungkol sa pagbubuntis.
Naging comfortable na diumano ito sa hitsura niya kahit sa mga virtual guesting niya ngayong pandemic na isa sa iniisip na rason ng ibang malapit kay Paolo na baka nga naman nag-trigger ito para bumibilis ang kanilang hiwalayan ng aktor.,Naging comfortable na diumano ito sa hitsura niya kahit sa mga virtual guesting niya ngayong pandemic na isa sa iniisip na rason ng ibang malapit kay Paolo na baka nga naman nag-trigger ito para bumilis ang kanilang hiwalayan ng aktor.
"Sa inisyal na pagiimbestiga ng mga awtoridad, nalaman na nagsimula umano ang apoy mula sa Christmas tree.","Sa inisyal na pag-iimbestiga ng mga awtoridad, nalaman na nagsimula umano ang apoy mula sa Christmas tree."
Nagpasalamat din si Herlene sa mga sumusuporta sa kaniya kaniya na nadagdagan pa umano mula nang sumali siya sa Binibining Pilipinas.,Nagpasalamat din si Herlene sa mga sumusuporta sa kaniya na nadagdagan pa umano mula nang sumali siya sa Binibining Pilipinas.
"É??sarap ng pakiramdam, dahil ang sabi nga daw ang isang bag na ganyan, makapag-save tayo ng tatlong buhay,É?ù pakli ni Sen.","É??Sarap ng pakiramdam, dahil ang sabi nga raw ang isang bag na ganyan, makapag-save tayo ng tatlong buhay,É?ù pakli ni Sen."
Isa sa mga ito ang namamatay na habang ang 12 naman ay nakarekober na.,Isa sa mga ito ang namatay na habang ang 12 naman ay nakarekober na.
"Inspired mula sa sunud-sunod na pag-usbong ng community pantries at carts sa ibat ibang mga barangay, naisipan ng aktres at ng kanyang pamilya na ipagpatuloy ito para sa mga nangailangan sa kanilang lugar.","Inspired mula sa sunud-sunod na pag-usbong ng community pantries at carts sa ibat ibang mga barangay, naisipan ng aktres at ng kanyang pamilya na ipagpatuloy ito para sa mga nangangailangan sa kanilang lugar."
Nasawi-sa insidente si Onora habang nakatakas naman ang kasama nito.,Nasawi sa insidente si Onora habang nakatakas naman ang kasama nito.
"Dahil sa makikita niyang hindi magandang kalagayan ng 27 na aso, nagdesisyon siyang tulungan sila pagkatapos ng trabaho.","Dahil sa nakita niyang hindi magandang kalagayan ng 27 na aso, nagdesisyon siyang tulungan sila pagkatapos ng trabaho."
Ang mga senior citizen ay pinapayagang tanggap ng AstraZenica vaccines base sa DOH guidelines.,Ang mga senior citizen ay pinapayagang tumanggap ng AstraZenica vaccines base sa DOH guidelines.
Ngayon raw ay nakikita raw niya kay Ejay na talagang gusto nitong matuto at gustung-gusto nitong magsilbi sa kanilang mga kababayan.Nag-aaral.,Ngayon daw ay nakikita raw niya kay Ejay na talagang gusto nitong matuto at gustung-gusto nitong magsilbi sa kanilang mga kababayan.Nag-aaral.
Agad namang nagpalabas ng alarma ang Cagayan Police sa lahat ng himpilan ng pulisya sa lalawigan at kalapit probinsya para sa posibleng pagkakakilanlan sa kagagamit na sasakyan.,Agad namang nagpalabas ng alarma ang Cagayan Police sa lahat ng himpilan ng pulisya sa lalawigan at kalapit probinsya para sa posibleng pagkakakilanlan sa ginamit na sasakyan.
"Tinatanggap ng CMU ng mga pagkilala mula sa mismong Commission on Higher Education (CHED) dahil sa mga natatanging programa nito sa kasalukuyan, kung kayat naging karapat-dapat itong tumanggap ng Unifast grant, isang pinansyal na tulong para sa nasabing unibersidad.","Katatanggap ng CMU ng mga pagkilala mula sa mismong Commission on Higher Education (CHED) dahil sa mga natatanging programa nito sa kasalukuyan, kung kayat naging karapat-dapat itong tumanggap ng Unifast grant, isang pinansyal na tulong para sa nasabing unibersidad."
"Kung babalikan natin ang kasaysayan, si dating Pangulong Cory Aquino ang hinirang na presidente ng bansa matapos na magtagumpay ang taumbayan na paalisin sa puwesto ang darating Pangulong Ferdinand Marcos noong EDSA People Power Revolution na naganap noong Pebrero 1986.","Kung babalikan natin ang kasaysayan, si dating Pangulong Cory Aquino ang hinirang na presidente ng bansa matapos na magtagumpay ang taumbayan na paalisin sa puwesto ang dating Pangulong Ferdinand Marcos noong EDSA People Power Revolution na naganap noong Pebrero 1986."
Niwala si Presidential spokesperson Harry Roque na hindi matatakasan ng mga kasapi ng Communist Party of the Philippines-New Peoples Army-National Democratic Front (CPP-NPA-NDF) ang sinapit ng mga German Nazis na nilitis at naparusahan dahil sa kanilang mga krimen na nagawa noong World War II.,Naniniwala si Presidential spokesperson Harry Roque na hindi matatakasan ng mga kasapi ng Communist Party of the Philippines-New Peoples Army-National Democratic Front (CPP-NPA-NDF) ang sinapit ng mga German Nazis na nilitis at naparusahan dahil sa kanilang mga krimen na nagawa noong World War II.
Aminado si Miller na wala ang konsentrasyon nito sa giant slalom dahil sa weather condition dahilan para hindi nito matapos ang karera.,Aminado si Miller na nawala ang konsentrasyon nito sa giant slalom dahil sa weather condition dahilan para hindi nito matapos ang karera.
Kaagad namang nagsisigaw ang grupo na prank lang ang kagagawa nila.,Kaagad namang nagsisigaw ang grupo na prank lang ang ginawa nila.
"Maghihirap ka, oo dahil nga financially hindi mo kaya, pero di ba itatanong mo rin sa sarili mo, inako ko ang pagaalaga ng mga bata, so dapat kayanin ko.","Maghihirap ka, oo dahil nga financially hindi mo kaya, pero di ba itatanong mo rin sa sarili mo, inako ko ang pag-aalaga ng mga bata, so dapat kayanin ko."
Itinuturo sa atin ng Pagbasa ang ikalat natin ang pag-ibig sa ating kapuwa at maglalaan ng oras o panahon para sa mga taong kakailanganin ng tulong lalo na sa panahon ngayon.,Itinuturo sa atin ng Pagbasa ang ikalat natin ang pag-ibig sa ating kapuwa at maglalaan ng oras o panahon para sa mga taong nangangailangan ng tulong lalo na sa panahon ngayon.
Sinabi din ng duktor na dapat tiyakin na malinis ang tinutulugan para maiwasan ang mga katulad na insidente.,Sinabi rin ng duktor na dapat tiyakin na malinis ang tinutulugan para maiwasan ang mga katulad na insidente.
"Ito ang ibinahagi ng Office of Civil Defense (OCD), Miyerkules, matapos umabot 291,826 katao ang naaapektuhan sa naturang masungit panahon.","Ito ang ibinahagi ng Office of Civil Defense (OCD), Miyerkules, matapos umabot 291,826 katao ang naaapektuhan sa naturang masungit na panahon."
"Gayunman, ngayon ay hindi pa nailalabas ang impormasyon sa isa pang nasawing Pinay.","Gayunman, sa ngayon ay hindi pa nailalabas ang impormasyon sa isa pang nasawing Pinay."
"Yun-ang kinakatakutan ko, sabi ni Carlo, na naging problema rin ang birth certificate maging sa pag-a-apply sa trabaho.","Yun ang kinakatakutan ko, sabi ni Carlo, na naging problema rin ang birth certificate maging sa pag-a-apply sa trabaho."
"Ayon naman sa election lawyer na si Romulo Macalintal, dapat ikunsidera-na ang pag-extend ng botohan lalo nat kasalanan ng Comelec, at hindi ng mga botante, na hindi napaghandaan nang maayos ang mga VCMs.","Ayon naman sa election lawyer na si Romulo Macalintal, dapat ikunsidera na ang pag-extend ng botohan lalo nat kasalanan ng Comelec, at hindi ng mga botante, na hindi napaghandaan nang maayos ang mga VCMs."
Okay lang raw sa kanya dahil nasa tamang edad naman daw siya at sa pagpapa-sexy na siya malilinya.,Okay lang daw sa kanya dahil nasa tamang edad naman daw siya at sa pagpapa-sexy na siya malilinya.
"Kabilang sa mga bumawi ng suporta ang isang armadong kasapi ng New Peoples Army, apat na miyembro ng National Democratic Front, tatlong-organizers at isang lider ng mga kabataan.","Kabilang sa mga bumawi ng suporta ang isang armadong kasapi ng New Peoples Army, apat na miyembro ng National Democratic Front, tatlong organizers at isang lider ng mga kabataan."
Hangang hanga sa pamilya Abrenica ang aming mga nakakausap.,Hangang-hanga sa pamilya Abrenica ang aming mga nakakausap.
"Sa episode ng ""Fast Talk with Boy Abunda"" nitong Lunes, sinabi ni Rufa Mae na bago siya aalis patungong Amerika noong 2020, si Heart ang huling tao na kaniyang kinatagpo.","Sa episode ng ""Fast Talk with Boy Abunda"" nitong Lunes, sinabi ni Rufa Mae na bago siya umalis patungong Amerika noong 2020, si Heart ang huling tao na kaniyang kinatagpo."
Napapanahon din daw na itigil ng Pilipinas ang pagsandig sa importasyon lalo nat bagsak na bagsak halaga ng piso kontra dolyar (P58.19.,Napapanahon din daw na itigil ng Pilipinas ang pagsandig sa importasyon lalo nat bagsak na bagsak ang halaga ng piso kontra dolyar (P58.19.
Sa naturang batas ay itinatakda ang mga buwis na dapat bayaran nang mga kumpanya ng POGO gayundin ang pagkolekta ng buwis sa POGO workers Gemma Garcia.,Sa naturang batas ay itinatakda ang mga buwis na dapat bayaran ng mga kumpanya ng POGO gayundin ang pagkolekta ng buwis sa POGO workers Gemma Garcia.
Nasayang ang produksiyon ni Rhinwil Yambing para sa Stags kung saan-nagtala ito ng 17 puntos subalit na foul out sa huling bahagi ng fourth quarter.,Nasayang ang produksiyon ni Rhinwil Yambing para sa Stags kung saan nagtala ito ng 17 puntos subalit na foul out sa huling bahagi ng fourth quarter.
Nakasama din nina Pokwang si Lee nang magtungo sila kamakailan sa Amerika.,Nakasama rin nina Pokwang si Lee nang magtungo sila kamakailan sa Amerika.
"23, at inaasahang napuno nila ang big dome dahil sa rami ng fans nila, at sa marketing strategy ng KDR.","23, at inaasahang mapupuno nila ang big dome dahil sa rami ng fans nila, at sa marketing strategy ng KDR."
"Ang mga estudyante ay sumailalim sa tatlong parte ng kompetisyon: written test, multimedia test at substantial fieldwork na kailangan ng obserbasyon na siyang tutungo naman sa cartographic representation at geographical analysis.","Ang mga estudyante ay sumailalim sa tatlong parte ng kompetisyon: written test, multimedia test at substantial fieldwork na kinakailangan ng obserbasyon na siyang tutungo naman sa cartographic representation at geographical analysis."
Kagagawa ni Duterte ang pahayag matapos kuwestyunin nina Sens.,Ginawa ni Duterte ang pahayag matapos kuwestyunin nina Sens.
Maaga raw na alis ang mga magulang ng bata para mamalengke.,Maaga raw na umalis ang mga magulang ng bata para mamalengke.
"Sa ulat, dakong alas-8:15 ng gabi habang natutulog na ang mga biktima ng bigla silang pasukin ng tatlong suspek.","Sa ulat, dakong alas-8:15 ng gabi habang natutulog na ang mga biktima nang bigla silang pasukin ng tatlong suspek."
"Mas pinabilis ito kumpara sa dating paraan na kailangan pa nilang maghintay ng kokopya ng aprubadong sickness notification (SN) bago ito personal na maipasa sa SSS branches, ayon kay President and Chief Executive Officer Aurora C. Ignacio.","Mas pinabilis ito kumpara sa dating paraan na kailangan pa nilang maghintay ng kopya ng aprubadong sickness notification (SN) bago ito personal na maipasa sa SSS branches, ayon kay President and Chief Executive Officer Aurora C. Ignacio."
"At ngayong bilyonaryo ka na, nagsasabi ni Oprah, kayang-kaya mo nang bilhin ang lahat ng klase ng sapatos na gusto mo.","At ngayong bilyonaryo ka na, sabi ni Oprah, kayang-kaya mo nang bilhin ang lahat ng klase ng sapatos na gusto mo."
"Siyam na persons of interest na man ang iniimbestigahan ng mga awtoridad, dagdag nito.","Siyam na persons of interest naman ang iniimbestigahan ng mga awtoridad, dagdag nito."
Labimpitong miyembro ng bandidong Abu SayyafGroup (ASG) kabilang ang pamilya ng napatay na sub-leader ng grupo na isang ekspertong bomb maker at liaison officer ng Islamic State of Iraq and Syria (ISIS) ang isinuko sa tropa ng militar sa lalawigan ng Sulu kamakalawa.,Labimpitong miyembro ng bandidong Abu SayyafGroup (ASG) kabilang ang pamilya ng napatay na sub-leader ng grupo na isang ekspertong bomb maker at liaison officer ng Islamic State of Iraq and Syria (ISIS) ang sumuko sa tropa ng militar sa lalawigan ng Sulu kamakalawa.
"Ang sakit kapag may diringinggin kang hindi maganda sa iba, kapag may naririnig kang hindi maganda sa pamilya mo.","Ang sakit kapag may naririnig kang hindi maganda sa iba, kapag may naririnig kang hindi maganda sa pamilya mo."
Iginiit pa ng Senador na ang pagtanggi ni Teves na bumalik at bansa at isinusuko ay nagpapakita ng negatibong impresyon sa mga tao.,Iginiit pa ng Senador na ang pagtanggi ni Teves na bumalik at bansa at sumuko ay nagpapakita ng negatibong impresyon sa mga tao.
Mamamatay na ang karakter ni Seth Fedelin bilang si Macoy sa teleseryeng FPJs Ang Probinsyano.,Namatay na ang karakter ni Seth Fedelin bilang si Macoy sa teleseryeng FPJs Ang Probinsyano.
"Sabi ko, ito na ang pinaka- way para maipakita sa kaniya na hindi lang siya ang dapat gumagawa ng-paraan para sa family planning.","Sabi ko, ito na ang pinaka- way para maipakita sa kaniya na hindi lang siya ang dapat gumagawa ng paraan para sa family planning."
"Base sa inisyal na ulat mula sa Police Regional Office 7, dakong alas-9:36 ng umaga nang makatanggap ng tinatawagan ang pulisya hinggil sa naganap na pamamaril sa bahay ng gobernador.","Base sa inisyal na ulat mula sa Police Regional Office 7, dakong alas-9:36 ng umaga nang makatanggap ng tawag ang pulisya hinggil sa naganap na pamamaril sa bahay ng gobernador."
"Ihihinto din ang indoor dining, ibig sabihin ay ang al fresco dining lamang ang papayagan, hinihimok ang iba na magpa-deliver at mag-take out na lamang.","Ihihinto rin ang indoor dining, ibig sabihin ay ang al fresco dining lamang ang papayagan, hinihimok ang iba na magpa-deliver at mag-take out na lamang."
"Talagang binago ang image, iba na siya ngayon.","Talagang binago ang image, dahil iba na siya ngayon."
Napahanga ni Stead ng husto ang mga kaanak at kaibigan dahil sa kaniyang ginawa.,Napahanga ni Stead nang husto ang mga kaanak at kaibigan dahil sa kaniyang ginawa.
May mga sasakyan din sila na pangcamping talaga kaya naman madalas nilang ginagawa yon lalo na ngayon na hindi pa naman nagsisimula ang lock-in taping ni Richard para sa bago niyang series sa ABS-CBN.,May mga sasakyan din sila na pang-camping talaga kaya naman madalas nilang ginagawa yon lalo na ngayon na hindi pa naman nagsisimula ang lock-in taping ni Richard para sa bago niyang series sa ABS-CBN.
Nasa rebuilding process ang UST matapos maglayasan ang ilang key players nito dahil sa kontrobersiyang kinasangkutan ng tropa noong nakaraang-taon sa Sorsogon bubble.,Nasa rebuilding process ang UST matapos maglayasan ang ilang key players nito dahil sa kontrobersiyang kinasangkutan ng tropa noong nakaraang taon sa Sorsogon bubble.
Kabilang sa sa apektado ang Malolos Ave.,Kabilang sa apektado ang Malolos Ave.
"Kung sakali, baka gawin raw niya ang Alyas Pogi, pero hindi muna niya ilalabas sa mga sinehan kung ganito pa rin ang sitwasyon natin.","Kung sakali, baka gawin daw niya ang Alyas Pogi, pero hindi muna niya ilalabas sa mga sinehan kung ganito pa rin ang sitwasyon natin."
Taglay ni Paeng ang lakas ng hangin na umaabot sa 65 km at bugso na umabot sa 80 km bawat oras.,Taglay ni Paeng ang lakas ng hangin na umaabot sa 65 km at bugso na aabot sa 80 km bawat oras.
Hindi namin inakala na magiging champion kami dahil hihindi naging maganda ang preparasyon sa elimination.,Hindi namin inakala na magiging champion kami dahil hindi naging maganda ang preparasyon sa elimination.
"Ito na eh, nilalabas ko na po lahat ng pinaghirapan naming lahat, na naipon po yung pagod, hirap na ito, isang bugahan lang sa tinagal-tagal naming nag-training ng pasarela, ng Q&A, konting oras lang po namin ibibigay yun sa isang stage.","Ito na eh, ilalabas ko na po lahat ng pinaghirapan naming lahat, na naipon po yung pagod, hirap na ito, isang bugahan lang sa tinagal-tagal naming nag-training ng pasarela, ng Q&A, konting oras lang po namin ibibigay yun sa isang stage."
"Nagsanib pwersa ang mga tauhan ng Philippine Drug Enforcement Agency-12 at mga elemento ng pulisya buhat sa Police Regional Office-12 nitong Sabado at inaakyat ang nasabing lugar kung saan naaresto ang namamahala ng taniman na si Elmo Casuyon Lozada, 42.","Nagsanib pwersa ang mga tauhan ng Philippine Drug Enforcement Agency-12 at mga elemento ng pulisya buhat sa Police Regional Office-12 nitong Sabado at inakyat ang nasabing lugar kung saan naaresto ang namamahala ng taniman na si Elmo Casuyon Lozada, 42."
"Pero kung pakikinggan mo ang m ga usapan, panalo pa rin si Derrick.","Pero kung pakikinggan mo ang mga usapan, panalo pa rin si Derrick."
Binawasan rin nito ang presyo ng kanilang auto LPG ng P2.35.,Binawasan din nito ang presyo ng kanilang auto LPG ng P2.35.
"Chineck uli namin 'yung CCTV, sa aktwal na oras na 'yon nakakakita po namin sila na nakatambay po sa labas, wika ni Cyrus Villalon, Kagawad ng Bry.","Chineck uli namin 'yung CCTV, sa aktwal na oras na 'yon nakita po namin sila na nakatambay po sa labas, wika ni Cyrus Villalon, Kagawad ng Bry."
Sinabi ni Artes na palaging nagpapatupad ng full deployment at ang bilin sa mga mga traffic enforcers na unahin ang pag-aayos ng trapiko kaysa sa panghuhuli ng mga lumalabag sa batas trapiko.,Sinabi ni Artes na palaging nagpapatupad ng full deployment at ang bilin sa mga traffic enforcers na unahin ang pag-aayos ng trapiko kaysa sa panghuhuli ng mga lumalabag sa batas trapiko.
"Maliban pa yan sa 82 bayan, lungsod at probinsya na nasa ilalim rin nito.","Maliban pa yan sa 82 bayan, lungsod at probinsya na nasa ilalim din nito."
Sinasalubong namin si Zeinab sa aming pamilya at welcome na welcome welcome addition siya sa pagkalat namin ng mensahe ng pagmamahal ng Beaut??derm sa kanyang 50 million fans online.,Sinasalubong namin si Zeinab sa aming pamilya at welcome na welcome addition siya sa pagkalat namin ng mensahe ng pagmamahal ng Beaut??derm sa kanyang 50 million fans online.
"Ayon kay Eleazar, kahit malayo pa ang halalan kailangan nilang maging one step ahead, gumagawa na sila ng hakbang para itong mga PAGs ay hindi mamamayagpag lalo na sa panahon ng kampanya.","Ayon kay Eleazar, kahit malayo pa ang halalan kailangan nilang maging one step ahead, gagawa na sila ng hakbang para itong mga PAGs ay hindi mamamayagpag lalo na sa panahon ng kampanya."
"Sa parte ng DOH, inihayag nito na mas tututukan nila ang community interventions kaysa pagPolymerase Chain Reaction (PCR) test at gagamitin lamang ang testing para sa mga pasyenteng high risk, sa pamamahala ng mga apektadong komunidad, at sa pag-isolate at pagbabakuna sa mga mamamayan.","Sa parte ng DOH, inihayag nito na mas tututukan nila ang community interventions kaysa pag-Polymerase Chain Reaction (PCR) test at gagamitin lamang ang testing para sa mga pasyenteng high risk, sa pamamahala ng mga apektadong komunidad, at sa pag-isolate at pagbabakuna sa mga mamamayan."
"Kahit na nagkaroon daw ng ilang paglabag sa social distancing ang ilang bumisita sa lugar, na kasasabi ni presidential spokesperson Harry Roque na nakakaigi sa mental health ng taumbayan, agad naman daw itong naagapan dahil sa pagpapatupad ng five minute rule.","Kahit na nagkaroon daw ng ilang paglabag sa social distancing ang ilang bumisita sa lugar, na sinasabi ni presidential spokesperson Harry Roque na nakakaigi sa mental health ng taumbayan, agad naman daw itong naagapan dahil sa pagpapatupad ng five minute rule."
"Mag-log on para makakuha ng libreng voting credits, o bibili ng nasabing credits.","Mag-log on para makakuha ng libreng voting credits, o bumili ng nasabing credits."
"Pero para sa isang doktor na kriti ko ng proseso, wala pang nadidiskubre sa ngayon na paraan para ma-revive ang mga naka-preserve na katawan, at wala pang katiyakan na magkakaroon nito sa hinaharap.","Pero para sa isang doktor na kritiko ng proseso, wala pang nadidiskubre sa ngayon na paraan para ma-revive ang mga naka-preserve na katawan, at wala pang katiyakan na magkakaroon nito sa hinaharap."
Dagdag pa ni Pimentel na kailangan din umanong mag-imbita ng statisticians at professors upang hingin ang kanilang opinyon sa naturang usapin dahil marami ang ipagtataka sa pagkapanalo ng may 433 katao.,Dagdag pa ni Pimentel na kailangan din umanong mag-imbita ng statisticians at professors upang hingin ang kanilang opinyon sa naturang usapin dahil marami ang nagtataka sa pagkapanalo ng may 433 katao.
Sa katunayan may naka-ipit pa umano na bawang sa bata na palatandaan na ayaw din niya itong mapasama.,Sa katunayan may naka-ipit pa umano na bawang sa bata na palatandaan na ayaw rin niya itong mapasama.
Magagalit umano ang suspek dahil sa laging nakapustura ang ginang kaya pinagdudahan na may pinagpapagandahang ibang lalaki.,Nagagalit umano ang suspek dahil sa laging nakapustura ang ginang kaya pinagdudahan na may pinagpapagandahang ibang lalaki.
"Nai enjoy raw nila nang husto ang mga na-bake nitong tinapay, lalo na ang kanyang sikat na ube pandesal.","Nai-enjoy raw nila nang husto ang mga na-bake nitong tinapay, lalo na ang kanyang sikat na ube pandesal."
Ipinaliwanag ng kalihim na nag-iingat lang ang PhilHealth dahil lahat ng pondong inilalabas ay dumadaan sa Commission on Audit (COA) at mas bumibilis ang proseso kung kumpleto sa dokumento ang mga ospital na naniningil ng kanilang claims.,Ipinaliwanag ng kalihim na nag-iingat lang ang PhilHealth dahil lahat ng pondong inilalabas ay dumadaan sa Commission on Audit (COA) at mas bibilis ang proseso kung kumpleto sa dokumento ang mga ospital na naniningil ng kanilang claims.
"Sinasabi na dumadalaw ng suspek ang nakapiit nitong misis at magdadala ng pagkain subalit nang inspeksyunin ni P/Cpl Reymark Rigor ang dala-dala nitong ulam na nakalagay sa tupperware, dito na nakita ang isang plastic sachet na naglalaman ng shabu dahilan upang siya ang agad na dakpin.","Sinasabi na dadalawin ng suspek ang nakapiit nitong misis at magdadala ng pagkain subalit nang inspeksyunin ni P/Cpl Reymark Rigor ang dala-dala nitong ulam na nakalagay sa tupperware, dito na nakita ang isang plastic sachet na naglalaman ng shabu dahilan upang siya ang agad na dakpin."
"At nakumpirma ko lang ho ngayong araw na ito, siguradung-sigurado po, binigay natin yung ayuda na ibinigay natin sa Cagayan de Oro, Iloilo Province at Iloilo City, P1,000 per person hanggang P4,000 kada pamilya, ani presidential spokesperson Harry Roque, Lunes.","At nakumpirma ko lang ho ngayong araw na ito, siguradung-sigurado po, ibibigay natin yung ayuda na ibinigay natin sa Cagayan de Oro, Iloilo Province at Iloilo City, P1,000 per person hanggang P4,000 kada pamilya, ani presidential spokesperson Harry Roque, Lunes."
Habang nakahiga umano ang isa sa suspek ay bumunot ng patalim mula sa beywang at inundayan ng saksak sa dibdib ang biktima sinasaka tumakas.,Habang nakahiga umano ang isa sa suspek ay bumunot ng patalim mula sa beywang at inundayan ng saksak sa dibdib ang biktima saka tumakas.
Napasugod rin umano ang mga tauhan ng Explosive Ordnance Disposal (EOD) unit dahil may napabalitang may dalang granada ang mga suspek.,Napasugod din umano ang mga tauhan ng Explosive Ordnance Disposal (EOD) unit dahil may napabalitang may dalang granada ang mga suspek.
"Kuwento ng mga dating kasamahan ni Herlene, dumadaan siya sa tiangge pagkatapos ng trabaho para mag-uwi ng pagkain para sa kaniyang lolo at lola na papalakihin sa kaniya.","Kuwento ng mga dating kasamahan ni Herlene, dumadaan siya sa tiangge pagkatapos ng trabaho para mag-uwi ng pagkain para sa kaniyang lolo at lola na nagpalaki sa kaniya."
"Maaaring may ""immune evasion"" din daw ito, bagay na naglagay ng pangamba sa epekto nito sa mga bakuna.","Maaaring may ""immune evasion"" din daw ito, bagay na naglalagay ng pangamba sa epekto nito sa mga bakuna."
"Ng pamilyang Pilipino (3 milyon) ang ""nagutom at walang makain"" sa huling tatlong buwan ng 2022, ito kasabay pinakamabilis na pagtaas ng presyo ng bilihin sa 14 taon.","Ng pamilyang Pilipino (3 milyon) ang ""nagutom at walang makain"" sa huling tatlong buwan ng 2022, ito kasabay ng pinakamabilis na pagtaas ng presyo ng bilihin sa 14 taon."
"Sinabi pa ni Lorenzana na kung siya ang tinanong wala namang kasunduan ang Pilipinas at China na alisin ang barko, na naroon pa noong 1999.","Sinabi pa ni Lorenzana na kung siya ang tatanungin wala namang kasunduan ang Pilipinas at China na alisin ang barko, na naroon pa noong 1999."
"Ilang beses na niyang gumawa ang ganun, pero hindi lang kumikibo ang mga nagmamahal sa istasyon, hanggang sa dumating na nga ang takdang panahon.","Ilang beses na niyang ginagawa ang ganun, pero hindi lang kumikibo ang mga nagmamahal sa istasyon, hanggang sa dumating na nga ang takdang panahon."
"Oktubre nang nasabing taon nang sabihin ng Pagcor na payag sila sa pagpapakansela ng presidente sa lahat ng license to operate ng mga casino sa Isla ng Boracay, bagay na hiningi ng Boracay Interagency Task Force.","Oktubre ng nasabing taon nang sabihin ng Pagcor na payag sila sa pagpapakansela ng presidente sa lahat ng license to operate ng mga casino sa Isla ng Boracay, bagay na hiningi ng Boracay Interagency Task Force."
"Ang pangunahing serbisyo nito ay ang AFCS kung saan nararanasan ng mga pasahero ang ginhawa ng cashless at contactless na pagbabayad ng pamasahe, habang tinutulungan ang mga transport operator na mas mahusay na pamahalaan ang kanilang pagkolekta, pag-record, at remittance ng kita kumpara sa tradisyonal na manu manong paraan kung saan malaki ang posibilidad ng human error at pangungupit.","Ang pangunahing serbisyo nito ay ang AFCS kung saan nararanasan ng mga pasahero ang ginhawa ng cashless at contactless na pagbabayad ng pamasahe, habang tinutulungan ang mga transport operator na mas mahusay na pamahalaan ang kanilang pagkolekta, pag-record, at remittance ng kita kumpara sa tradisyonal na manu-manong paraan kung saan malaki ang posibilidad ng human error at pangungupit."
Kaya ang paalala sa atin nang Mabuting Balita ay ilagay natin ang ating liwanag sa tamang patungan upang mailawan ang lahat.,Kaya ang paalala sa atin ng Mabuting Balita ay ilagay natin ang ating liwanag sa tamang patungan upang mailawan ang lahat.
Apat sa walong Pinoy na dumating sa bansa mula China nitong kapaskuhan ang-nagpositibo sa COVID-19 at nakitaan ng impeksyon ng Omicron subvariants BF.7.,Apat sa walong Pinoy na dumating sa bansa mula China nitong kapaskuhan ang nagpositibo sa COVID-19 at nakitaan ng impeksyon ng Omicron subvariants BF.7.
"Na ni-like rin ni Carla, ano daw ang ibig sabihin ng pagla-like niya?","Na ni-like rin ni Carla, ano raw ang ibig sabihin ng pagla-like niya?"
"Pawang mga babae ang mga biktima, na kinalaunan ay umamin na ang pinal nilang destinasyon ay ang Erbil, Iraq kung saan nagtrabaho sila bilang mga janitress na may buwanang sahod na US$1,000 o katumbas na P54,000.","Pawang mga babae ang mga biktima, na kinalaunan ay umamin na ang pinal nilang destinasyon ay ang Erbil, Iraq kung saan magtatrabaho sila bilang mga janitress na may buwanang sahod na US$1,000 o katumbas na P54,000."
Iniyakan tayo dahil tayong lahat ay nagdidiwang at nagbubunyi.,Umiiyak tayo dahil tayong lahat ay nagdidiwang at nagbubunyi.
Tinangka pang isugod nang rescue team ng bayan sa Bicol Medical Center sa Naga City pero hindi na umabot nang buhay ang biktima na nakilalang si Jimby Basagne.,Tinangka pang isugod ng rescue team ng bayan sa Bicol Medical Center sa Naga City pero hindi na umabot nang buhay ang biktima na nakilalang si Jimby Basagne.
"Sa nangyari, ibat ibang samahan ang nanawagan pag re- release kay Flores.","Sa nangyari, ibat ibang samahan ang nanawagan ng pag re- release kay Flores."
"Nabulabog ang pagpapahinga na sana ng mga residente sa isang compound sa Mandaluyong City ng bigla na lang sumulpot ang isang sawa, kamakalawa ng gabi.","Nabulabog ang pagpapahinga na sana ng mga residente sa isang compound sa Mandaluyong City nang bigla na lang sumulpot ang isang sawa, kamakalawa ng gabi."
Nagbabala ng mas maraming COVID-19 hospitalizations ang Department of Health (DOH) kung mababawasan pa ang susundan sa health protocols at nagpapa-booster laban sa nakamamatay na virus É?? bagay na maaaring mas malala pa raw kaysa noong kasagsagan ng mas nakahahawang Delta variant sa Pilipinas.,Nagbabala ng mas maraming COVID-19 hospitalizations ang Department of Health (DOH) kung mababawasan pa ang sumusunod sa health protocols at nagpapa-booster laban sa nakamamatay na virus É?? bagay na maaaring mas malala pa raw kaysa noong kasagsagan ng mas nakahahawang Delta variant sa Pilipinas.
"Kamakailan, may nadiskubre din na hinihinalang vintage bomb sa isang excavation site sa loob ng Maynilad Compound sa Brgy.","Kamakailan, may nadiskubre rin na hinihinalang vintage bomb sa isang excavation site sa loob ng Maynilad Compound sa Brgy."
Pinalagan naman ito ng Palasyo sa pagsasabing ang desisyon ng IATF ang ang dapat na masunod ukol dito.,Pinalagan naman ito ng Palasyo sa pagsasabing ang desisyon ng IATF ang dapat na masunod ukol dito.
"We are scheduling our replacement doon po sa time na mangangailangan natin itong mga replaced doses na dahil sa ngayon, sufficient pa po ang bakuna natin, aniya pa.","We are scheduling our replacement doon po sa time na kakailanganin natin itong mga replaced doses na dahil sa ngayon, sufficient pa po ang bakuna natin, aniya pa."
"Pabor ho iyan sa ating mga pasahero dahil malaki ang matitipid nila nila sa pagbili ng airfare, ani Apolonio.","Pabor ho iyan sa ating mga pasahero dahil malaki ang matitipid nila sa pagbili ng airfare, ani Apolonio."
"Pero depensa ng suspek, ipinasa lang umano sa ka niya ang baril.","Pero depensa ng suspek, ipinasa lang umano sa kaniya ang baril."
Inaalam pa ng BFP ang sanhi-ng apoy.,Inaalam pa ng BFP ang sanhi ng apoy.
"Sabi ng PSA, dahil sa pagbibigay ng birth certificate sa mga walang kilalang magulang, libo-libong mga bata ang magkakaroon ng pantay na oportunidad at serbis??yo lalo na sa pag enroll sa paaralan, aplikasyon para sa pasaporte, pag-apply sa trabaho at iba pa.","Sabi ng PSA, dahil sa pagbibigay ng birth certificate sa mga walang kilalang magulang, libo-libong mga bata ang magkakaroon ng pantay na oportunidad at serbis??yo lalo na sa pag-enroll sa paaralan, aplikasyon para sa pasaporte, pag-apply sa trabaho at iba pa."
"Kapag bumalik kaya siya ng bansa, kapag natuloy ang balak raw ni Director Paul Soriano na magprodyus ng movie na pagbibidahan nito, payagan na kaya siyang magsalita ng ilang bagay about her personal life and about Zac?","Kapag bumalik kaya siya ng bansa, kapag natuloy ang balak daw ni Director Paul Soriano na magprodyus ng movie na pagbibidahan nito, payagan na kaya siyang magsalita ng ilang bagay about her personal life and about Zac?"
"Kasama ang manager ni Mahal na si Jethro, dinala na daw nila sa hospital, dahil sa hirap na itong huminga.","Kasama ang manager ni Mahal na si Jethro, dinala na raw nila sa hospital, dahil sa hirap na itong huminga."
Nagbalik na sa pag-arte sa telebisyon si Rachel Alejandro.,Nagbabalik na sa pag-arte sa telebisyon si Rachel Alejandro.
Tutol ang 4Ps Party-list sa mungkahi hindi dapat bigyan ng subsidiya ang mga 4Ps beneficiaries na hindi pa bakunado.,Tutol ang 4Ps Party-list sa mungkahi na hindi dapat bigyan ng subsidiya ang mga 4Ps beneficiaries na hindi pa bakunado.
Una nang nagsabi ng Pilipinas na mag-iexport ito ng oxygen sa Indonesia bilang tulong sa tumataas na kaso ng COVID-19 dahil sa Delta variant sa nasabing bansa.,Una nang sinabi ng Pilipinas na mag-iexport ito ng oxygen sa Indonesia bilang tulong sa tumataas na kaso ng COVID-19 dahil sa Delta variant sa nasabing bansa.
"Bakit sinasabi na may doktor daw nakita na harap-harapan yung biktima, w hich is si Matthew, na hindi tinulungan.","Bakit sinasabi na may doktor daw nakita na harap-harapan yung biktima, which is si Matthew, na hindi tinulungan."
Napabalita na papasukin din si Julia sa Ang Probinsyano pero nauna nang nakasali sa five-year old teleserye si Jane de Leon matapos É??patayinÉ?? sa eksena si Yassi Pressman.,Napabalita na papasok din si Julia sa Ang Probinsyano pero nauna nang nakasali sa five-year old teleserye si Jane de Leon matapos É??patayinÉ?? sa eksena si Yassi Pressman.
Naiintriga kami sinasabi niyang É??may paglalagyan kayoÉ?ù at yung idinidiin nila ang É??nÉ??yo at kayo.,Naiintriga kami sa sinasabi niyang É??may paglalagyan kayoÉ?ù at yung idinidiin nila ang É??nÉ??yo at kayo.
Nauna nang dadalo si Juancho ng kaniyang virtual graduation ceremony noong nakaraang taon at nagkaroon ng degree na Bachelor of Science in Entrepreneurship.,Nauna nang dumalo si Juancho ng kaniyang virtual graduation ceremony noong nakaraang taon at nagkaroon ng degree na Bachelor of Science in Entrepreneurship.
Sa ngayon ay 57-anyos na si Itaas na umapela sa gobyerno na hayaan na siyang mabuhay ng mapayapa kapiling ang pamilya pamilya.,Sa ngayon ay 57-anyos na si Itaas na umapela sa gobyerno na hayaan na siyang mabuhay ng mapayapa kapiling ang pamilya.
Marami ng nag-alok kay Vice Ganda na subukan ang mundo ng pulitika.,Marami nang nag-alok kay Vice Ganda na subukan ang mundo ng pulitika.
"Bukod kasi sa paglalaba, siya rin raw ang tiga-saing, tiga-linis at tiga-hugas ng pinggan sa bahay.","Bukod kasi sa paglalaba, siya rin daw ang tiga-saing, tiga-linis at tiga-hugas ng pinggan sa bahay."
"Dahil dito, sinuspinde muna nang Meralco ang pagpuputol ng serbisyo ng kuryente sa mga kostumer nila sa mga naturang lugar, na hindi nakakapagbayad ng kanilang nakokonsumong elektrisidad.","Dahil dito, sinuspinde muna ng Meralco ang pagpuputol ng serbisyo ng kuryente sa mga kostumer nila sa mga naturang lugar, na hindi nakakapagbayad ng kanilang nakokonsumong elektrisidad."
"Aniya, panahon ng matigil ang hindi makataong hangarin ng grupo lalo na sa mga kabataan.","Aniya, panahon nang matigil ang hindi makataong hangarin ng grupo lalo na sa mga kabataan."
Sobra kaming natuwa Coco Martin nang nakapanayam namin sa nakaraang premiere night ng pelikulang Apag na entry ni direk Brillante Mendoza sa nalalapit na Summer Metro Manila Film Festival.,Sobra kaming natuwa kay Coco Martin nang nakapanayam namin sa nakaraang premiere night ng pelikulang Apag na entry ni direk Brillante Mendoza sa nalalapit na Summer Metro Manila Film Festival.
"Ayon sa NGCP, malinaw naman na serbisyo ang ibinigay ng AS at hindi reserbang enerhiya na maaaring gamitin ng grid sa mga panahon na manipis ang supply ng enerhiya.","Ayon sa NGCP, malinaw naman na serbisyo ang ibinibigay ng AS at hindi reserbang enerhiya na maaaring gamitin ng grid sa mga panahon na manipis ang supply ng enerhiya."
Plano rin ni yang gamitin ang pera sa pamumuhunan sa Mutual Fund at maglagay sa time deposit.,Plano rin niyang gamitin ang pera sa pamumuhunan sa Mutual Fund at maglagay sa time deposit.
Matagal tagal nang hindi nakagagawa ng pelikula si Sharon. Para sa Megastar ay talagang maipagmamalaki niya ang bagong gagawin sa mga manonood sa buong mundo.,Matagal-tagal nang hindi nakagagawa ng pelikula si Sharon. Para sa Megastar ay talagang maipagmamalaki niya ang bagong gagawin sa mga manonood sa buong mundo.
"So, umasa natin within this week matapos tayo, patuloy niya.","So, inaasahan natin within this week matapos tayo, patuloy niya."
Tigilan na ang mga away-away dahil hihindi na tayo bumabata.,Tigilan na ang mga away-away dahil hindi na tayo bumabata.
Pero-sulit pag nara-ting mo na ang falls.,Pero sulit pag nara-ting mo na ang falls.
Bibida naman si Tony sa Altered kung saan ta nging hanapbuhay niya ang pag-eedit ng mga litrato upang siraan ang mga kilalang personalidad.,Bibida naman si Tony sa Altered kung saan tanging hanapbuhay niya ang pag-eedit ng mga litrato upang siraan ang mga kilalang personalidad.
Sa segment na É??Pasabog Na ChikaÉ?ù ng prograna ay natanong ang aktor-kung totoong may É??somethingÉ?ù na pagitan nila ni Mikee.,Sa segment na É??Pasabog Na ChikaÉ?ù ng prograna ay natanong ang aktor kung totoong may É??somethingÉ?ù na pagitan nila ni Mikee.
"Maria, nakatutok ngayon ang PAL sa pagiging cargo airline at may mga cargo flight na ito at bumibiyahe na rin ito sa mga bagong lugar na hindi nito pumupunta noon.","Maria, nakatutok ngayon ang PAL sa pagiging cargo airline at may mga cargo flight na ito at bumibiyahe na rin ito sa mga bagong lugar na hindi nito pinupuntahan noon."
"Nagiisip na siya ng negosyo ngayon dahil alam naman niya na sa kasalukuyang sitwasyon, mahirap mong asahan ang show business lamang.","Nag-iisip na siya ng negosyo ngayon dahil alam naman niya na sa kasalukuyang sitwasyon, mahirap mong asahan ang show business lamang."
"Sa kuha ng CCTV camera, makikita ang truck na minamaneho ni Jenry Sinlao, na nagmamaniobra sa national highway sa bahagi ng Barangay Poblacion West, para papasukin sa gasolinahan.","Sa kuha ng CCTV camera, makikita ang truck na minamaneho ni Jenry Sinlao, na nagmamaniobra sa national highway sa bahagi ng Barangay Poblacion West, para pumasok sa gasolinahan."
At least kung may mga naghihiwalay may nagpakasal din naman.,At least kung may mga naghihiwalay may nagpapakasal din naman.
Matapos ang pagpatay ay binalot umano nila ng kumot ang katawan ng biktima saka dinala sa Burnaby Park kung saan sunog nila ito.,Matapos ang pagpatay ay binalot umano nila ng kumot ang katawan ng biktima saka dinala sa Burnaby Park kung saan sinunog nila ito.
"If you were really serious about this issue, this would be at the top of your head at talagang nagsabi mo sa publiko na ito ang numero na maaari mong tawagan at i-text, ani Poe.","If you were really serious about this issue, this would be at the top of your head at talagang sasabihin mo sa publiko na ito ang numero na maaari mong tawagan at i-text, ani Poe."
"Hindi ko talaga makalimutan, day 1 ng 2020, sabi ko, This is the day day kaya i-claim niyong lahat.","Hindi ko talaga makalimutan, day 1 ng 2020, sabi ko, This is the day kaya i-claim niyong lahat."
"Noong ilabas ang minus one ng Sanay Wala Nang Wakas, at iyan ay yari noong buhay pa si Willy Cruz, walang ibinigay na written consent, pero may presumed consent na kantahin iyon ng kahit na sinong bumili ng minus one at multiplex, maliban kung iyon ay pagkakakitaan.","Noong ilabas ang minus one ng Sanay Wala Nang Wakas, at iyan ay nangyari noong buhay pa si Willy Cruz, walang ibinigay na written consent, pero may presumed consent na kantahin iyon ng kahit na sinong bumili ng minus one at multiplex, maliban kung iyon ay pagkakakitaan."
"Bagamat stable at wala namang nararamdamang kakaiba ang lalaki, hindi muna siya pinayagang pumasok sa trabaho Zamboanga City Health Office.","Bagamat stable at wala namang nararamdamang kakaiba ang lalaki, hindi muna siya pinayagang pumasok sa trabaho ng Zamboanga City Health Office."
Nagsabi rin ni Roque na kapag dumating na ang maraming bakuna ay ilalaan ang 42% sa National Capital Region Plus kasama na ang Metro Cebu at Metro Davao samantalang ang mahigit sa 60% ay mapupunta sa nalalabing bahagi ng Pilipinas.,Sinabi rin ni Roque na kapag dumating na ang maraming bakuna ay ilalaan ang 42% sa National Capital Region Plus kasama na ang Metro Cebu at Metro Davao samantalang ang mahigit sa 60% ay mapupunta sa nalalabing bahagi ng Pilipinas.
"Sa kalihim, lumabas ang resulta ng kanyang COVID test, alas-11:29 ng umaga, halos kalahating oras bago ito magsimula sa kanyang press briefing.","Ayon sa kalihim, lumabas ang resulta ng kanyang COVID test, alas-11:29 ng umaga, halos kalahating oras bago ito magsimula sa kanyang press briefing."
Tatangkain ng Tropang Giga na tapusin ang ang serye sa Game Five bukas.,Tatangkain ng Tropang Giga na tapusin ang serye sa Game Five bukas.
"At totoo din yung sinabi niya na ang love hindi naman hinahanap, dumarating lang sa tamang panahon.","At totoo rin yung sinabi niya na ang love hindi naman hinahanap, dumarating lang sa tamang panahon."
"Nabuko ang palihim na pagpupuslit ng ilegal na droga ng dalawang dayuhan sa mga bilanggong nakaditine sa Bureau of Immigration Wardens Facility sa Taguig City ng masabat sa kanila ang nasa 30 gramo ng hinihinalang shabu, kamakalawa ng gabi.","Nabuko ang palihim na pagpupuslit ng ilegal na droga ng dalawang dayuhan sa mga bilanggong nakaditine sa Bureau of Immigration Wardens Facility sa Taguig City nang masabat sa kanila ang nasa 30 gramo ng hinihinalang shabu, kamakalawa ng gabi."
Kaniniwala naman si Lacson na sakaling lumiban siya sa huling serye ng debate ay hindi na mahalaga dahil naipakilala na niya ang sarili sa mga nagdaang debate at wala na itong malaking epekto sa kanya.,Naniniwala naman si Lacson na sakaling lumiban siya sa huling serye ng debate ay hindi na mahalaga dahil naipakilala na niya ang sarili sa mga nagdaang debate at wala na itong malaking epekto sa kanya.
"Ayon Public Health France, nagtala sila ng 5,000 bagong kaso ng human immunodeficiency virus (HIV) noong 2021 at 15% dito ay nasa edad 26 pababa.","Ayon sa Public Health France, nagtala sila ng 5,000 bagong kaso ng human immunodeficiency virus (HIV) noong 2021 at 15% dito ay nasa edad 26 pababa."
"Pag makakakita ko na tumayo na si Senator Loren, alam ko na meron talaga siyang magagawa para sa environment, para sa green issues.","Pag nakikita ko na tumayo na si Senator Loren, alam ko na meron talaga siyang magagawa para sa environment, para sa green issues."
Ipinaliwanag ni Janice na kung ibang tao ito ay sa ibang paraan niya ito sasabihin at hindi sa kung paano sinasabi ni Ruffa.,Ipinaliwanag ni Janice na kung ibang tao ito ay sa ibang paraan niya ito sasabihin at hindi sa kung paano sinabi ni Ruffa.
Hinikayat rin ng FDA at DOH ang lahat ng health workers na magpabakuna dahil milyon-milyong tao na sa mundo ang nabakunahan.,Hinikayat din ng FDA at DOH ang lahat ng health workers na magpabakuna dahil milyon-milyong tao na sa mundo ang nabakunahan.
Saktong-sakto ito sa mga pagdadaang problema nina Deib (Donny Pangilinan) at Max (Belle Mariano) sa kanilang relasyon base sa trailer nang palabas.,Saktong-sakto ito sa mga pagdadaang problema nina Deib (Donny Pangilinan) at Max (Belle Mariano) sa kanilang relasyon base sa trailer ng palabas.
Bukod kay Sarah ay gusto ring makatrabaho ng singer ang ilang mga banda o rapper na kasamahan rin sa Viva ngayon.,Bukod kay Sarah ay gusto ring makatrabaho ng singer ang ilang mga banda o rapper na kasamahan din sa Viva ngayon.
"Marami talaga ang interesado sa love life ni aktres, kaya nga pati ang ibang mga posting niya sa social media ay bibigyan ng ibat ibang kahulugan.","Marami talaga ang interesado sa love life ni aktres, kaya nga pati ang ibang mga posting niya sa social media ay binibigyan ng ibat ibang kahulugan."
"Ng hindi na maging aktibo sa showbiz, nangibang-bansa noon si Priscilla, at napunta naman sa paglililok o wood carving si Leandro sa Laguna.","Nang hindi na maging aktibo sa showbiz, nangibang-bansa noon si Priscilla, at napunta naman sa paglililok o wood carving si Leandro sa Laguna."
Kaya parang puwede din daw siyang gumanap na Anastasia Steele kung sakaling magkakaroon ng local adaptation ang 2015 American erotic romantic drama film na 50 Shades of Grey.,Kaya parang puwede rin daw siyang gumanap na Anastasia Steele kung sakaling magkakaroon ng local adaptation ang 2015 American erotic romantic drama film na 50 Shades of Grey.
"Sa iuulat ni Oscar Oida sa GMA News ""24 Oras"" nitong Huwebes, sinabing edad anim, walo, sampu at 14 ang magkakapatid na pinatay sa saksak ng suspek na kanilang amain na si Felimon Escalona, 38-anyos, sa loob ng kanilang bahay sa Barangay Cabuco sa Trece Martirez City.","Sa ulat ni Oscar Oida sa GMA News ""24 Oras"" nitong Huwebes, sinabing edad anim, walo, sampu at 14 ang magkakapatid na pinatay sa saksak ng suspek na kanilang amain na si Felimon Escalona, 38-anyos, sa loob ng kanilang bahay sa Barangay Cabuco sa Trece Martirez City."
Nagpatuloy ang PSN sa pagbibigay nang mga makabuluhang impormasyon sa ating mga kababayan habang ang iba ay sumuko na dahil sa maraming restriksiyon ng COVID-19.,Nagpatuloy ang PSN sa pagbibigay ng mga makabuluhang impormasyon sa ating mga kababayan habang ang iba ay sumuko na dahil sa maraming restriksiyon ng COVID-19.
Maraming eksperto sinasabi na there is a looming food crisis.,Maraming eksperto nagsasabi na there is a looming food crisis.
Sinabi pa ni Ken na aabot sa 39 degrees ang kaniyang naging lagnat.,Sinabi pa ni Ken na umabot sa 39 degrees ang kaniyang naging lagnat.
Pinakamarami sa COVID-19 cases sa nakaraang nakaraang 14-araw sa mga sumusunod na lugar.,Pinakamarami sa COVID-19 cases sa nakaraang 14-araw sa mga sumusunod na lugar.
"Sa ulat ni Mariz Umali sa GMA News É??24 OrasÉ?ù ngayong Lunes, sinabing isa sa mga nakatanggap ng ganitong mensahe si Marites Mendoza, na igagaling pa mismo sa kaniyang kaibigan.","Sa ulat ni Mariz Umali sa GMA News É??24 OrasÉ?ù ngayong Lunes, sinabing isa sa mga nakatanggap ng ganitong mensahe si Marites Mendoza, na galing pa mismo sa kaniyang kaibigan."
Kasama rin sa mga sumuko ang isang child warrior na nasa panganga laga na ngayon ng 88th Infantry Battalion.,Kasama rin sa mga sumuko ang isang child warrior na nasa pangangalaga na ngayon ng 88th Infantry Battalion.
Kumbaga nag-click kami hanggang sa nag grow na lang ang feelings.,Kumbaga nag-click kami hanggang sa nag-grow na lang ang feelings.
Kinakagat sa pain ng mga pulis ang dalawang suspek nang pagbilhan nila ng ilegal na droga ang kanilang poseur buyer.Hindi.,Kumagat sa pain ng mga pulis ang dalawang suspek nang pagbilhan nila ng ilegal na droga ang kanilang poseur buyer.Hindi.
Kasabay na din ito ng panawagan ni Mercado sa mga supporter ni Lacson na gawing inspirasyon at tularan ang É??spartan warriorsÉ?? na hindi sumusuko sa laban gaano man kahirap.,Kasabay na rin ito ng panawagan ni Mercado sa mga supporter ni Lacson na gawing inspirasyon at tularan ang É??spartan warriorsÉ?? na hindi sumusuko sa laban gaano man kahirap.
Lalarga din ang duwelo ng Choco Mucho at Cignal sa alas-3 ng hapon para sa kanilang sariling best-of-three bronze medal match.,Lalarga rin ang duwelo ng Choco Mucho at Cignal sa alas-3 ng hapon para sa kanilang sariling best-of-three bronze medal match.
Hanggang 40 kilo ang kayang buhatin nang robot.,Hanggang 40 kilo ang kayang buhatin ng robot.
"Pawang mga sinampahan ng mga kasongpaglabag sa Sec 5,Sec 11, Sec 13 at Sec 14 sa ilalim ng Art II ng RA 9165 (Compreshensive Dangerous Drugs Act of 2002) ang target sa buy bust na si Junilito Genilsa,34-anyos, driver, ng #141 Brgy.","Pawang mga sinampahan ng mga kasongpaglabag sa Sec 5,Sec 11, Sec 13 at Sec 14 sa ilalim ng Art II ng RA 9165 (Compreshensive Dangerous Drugs Act of 2002) ang target sa buy-bust na si Junilito Genilsa,34-anyos, driver, ng #141 Brgy."
"Kaya matapos mapag-usapan sa social media, ginawa na din ang community pantry sa ibang lugar tulad sa Barangay Pinyahan, Kamias, at Claro.","Kaya matapos mapag-usapan sa social media, ginawa na rin ang community pantry sa ibang lugar tulad sa Barangay Pinyahan, Kamias, at Claro."
"Bukod dito sa pagiging consultant ng NDF, tatrabahuin rin umano si Acosta sa ilalim ng Comprehensive Agreement on Social and Economic Reforms (CASER) habang si Jimenez ay isa umanong organizer ng samahan ng mga magsasaka.","Bukod dito sa pagiging consultant ng NDF, nagtatrabaho rin umano si Acosta sa ilalim ng Comprehensive Agreement on Social and Economic Reforms (CASER) habang si Jimenez ay isa umanong organizer ng samahan ng mga magsasaka."
Hindi ko naman kasasabi na magaling siya kundi siya magaling kasi ako yung critic niya e.,Hindi ko naman sasabihin na magaling siya kundi siya magaling kasi ako yung critic niya e.
Lumalabas na inuutusan ang biktima ng kanyang ina na bumili sa tindahan ng pansahog sa lulutuin nitong pang-ulam subalit hindi na ito nakabalik.,Lumalabas na inutusan ang biktima ng kanyang ina na bumili sa tindahan ng pansahog sa lulutuin nitong pang-ulam subalit hindi na ito nakabalik.
"Higit P20 milyong halaga ilegal na droga ang nasamsam sa isang lider ng É??Utto Criminal GroupÉ?? at kasamang babae sa ikinasang É??Oplan SitaÉ?ù ng mga tauhan ng Taguig City Police na nag-ugat lamang dahil sa reckless driving sa nabanggit na lungsod, kamakalawa ng gabi.","Higit P20 milyong halaga ng ilegal na droga ang nasamsam sa isang lider ng É??Utto Criminal GroupÉ?? at kasamang babae sa ikinasang É??Oplan SitaÉ?ù ng mga tauhan ng Taguig City Police na nag-ugat lamang dahil sa reckless driving sa nabanggit na lungsod, kamakalawa ng gabi."
"Ayon kay Valenzuela City Mayor Rex Gatchalian, maliban sa hindi paggamit ng ValTrace na QR code contact tracing system ng lungsod, hindi rin anya sinusundan sa health protocols ang dalawang covenience store na nasa Bagbaguin at Paso de Blas.","Ayon kay Valenzuela City Mayor Rex Gatchalian, maliban sa hindi paggamit ng ValTrace na QR code contact tracing system ng lungsod, hindi rin anya sumusunod sa health protocols ang dalawang covenience store na nasa Bagbaguin at Paso de Blas."
"Sa nakaraang episode ng ""Kapuso Mo, Jessica Soho,"" nagsasabi ni Mang Virgilio dela Cruz, na nakakaubos siya ng 10 botelya ng soft drinks sa loob ng isang araw.","Sa nakaraang episode ng ""Kapuso Mo, Jessica Soho,"" sinabi ni Mang Virgilio dela Cruz, na nakakaubos siya ng 10 botelya ng soft drinks sa loob ng isang araw."
"Nalaman lang daw ng biktimang si Dionisio Amok na peke ang P1,000 ng i-remit niya ito.","Nalaman lang daw ng biktimang si Dionisio Amok na peke ang P1,000 nang i-remit niya ito."
"Sa totoo lang, marami marami ang may gustong manatiling Kapuso si Lovi dahil dito naman talaga siya na-groom nang husto at naging magaling na aktres.","Sa totoo lang, marami ang may gustong manatiling Kapuso si Lovi dahil dito naman talaga siya na-groom nang husto at naging magaling na aktres."
Ayon kay Albie ay nakaranas na din ng online bashing ang bagong kasintahan nang malaman ng ilang netizens na magkasintahan na sila.,Ayon kay Albie ay nakaranas na rin ng online bashing ang bagong kasintahan nang malaman ng ilang netizens na magkasintahan na sila.
"Iginiit naman ni Senate Majority Leader Joel Villanueva na walang basehan, kakatwa at malisyoso ang lumabas na artikulo at ito rin umano ay desperadong hakbang para wasakin hindi lang ang reputasyon ng Senate President kundi pati ang pabagsakin integridad ng Senado bilang institusyon.","Iginiit naman ni Senate Majority Leader Joel Villanueva na walang basehan, kakatwa at malisyoso ang lumabas na artikulo at ito rin umano ay desperadong hakbang para wasakin hindi lang ang reputasyon ng Senate President kundi pati ang pabagsakin ang integridad ng Senado bilang institusyon."
"Mabilis na humingi ng saklolo ang mga kaanak sa iba pang tao sa paligid at nailigtas si Jean Rose habang rumesponde naman agad ang mga pulis, BFP-rescue team at Philippine Coastguard at isa isang nahanap at naiahon ang limang biktima na pare-parehong wala ng buhay habang nawawala pa ang batang si Ashley Rose.","Mabilis na humingi ng saklolo ang mga kaanak sa iba pang tao sa paligid at nailigtas si Jean Rose habang rumesponde naman agad ang mga pulis, BFP-rescue team at Philippine Coastguard at isa isang nahanap at naiahon ang limang biktima na pare-parehong wala nang buhay habang nawawala pa ang batang si Ashley Rose."
"Sa ulat ni Russel Simorio sa GMA Regional TV News nitong Huwebes, sinabing nagtungo sa lawa-ang ama kasama ang dalawang bata para mamingwit sa bahagi ng Barangay Pasibi West.","Sa ulat ni Russel Simorio sa GMA Regional TV News nitong Huwebes, sinabing nagtungo sa lawa ang ama kasama ang dalawang bata para mamingwit sa bahagi ng Barangay Pasibi West."
"Ng makaalis ang taong yon, nag-dialogue si Bisaya na ayaw niyang makipagplastikan.","Nang makaalis ang taong yon, nag-dialogue si Bisaya na ayaw niyang makipagplastikan."
Pinayuhan din ni Duterte ang mga mamamayan na sundin ang sumunod na lider upang maiwasan ang mga problema.,Pinayuhan din ni Duterte ang mga mamamayan na sundin ang susunod na lider upang maiwasan ang mga problema.
Parang madatung na bading lang ang peg daw ni tong si sexy actress na sagot daw nito ang mga gastos basta nasa tabi lang niya si guwapong basketbolista.,Parang madatung na bading lang ang peg daw nitong si sexy actress na sagot daw nito ang mga gastos basta nasa tabi lang niya si guwapong basketbolista.
Kaya ang mensahe nang Ebanghelyo sa atin ay sikapin natin ang makipagkasundo.,Kaya ang mensahe ng Ebanghelyo sa atin ay sikapin natin ang makipagkasundo.
Kaaalam pa ng mga imbestigador kung resbak ba ito ni Albano sa serye ng hate crime sa Asian American Community kung saan maraming Pinoy rin ang nabiktima.,Inaalam pa ng mga imbestigador kung resbak ba ito ni Albano sa serye ng hate crime sa Asian American Community kung saan maraming Pinoy rin ang nabiktima.
Pero maganda rin atang malaman kung bakit nga ba patuloy ang pag portray sa Pilipinas as such until now.,Pero maganda rin atang malaman kung bakit nga ba patuloy ang pag-portray sa Pilipinas as such until now.
Sabi pa ni Gatchalian na nagawang palitan ng hacker ang kanyang phone number kaya nakuha nito ang OTP o one time passwords.,Sinabi pa ni Gatchalian na nagawang palitan ng hacker ang kanyang phone number kaya nakuha nito ang OTP o one time passwords.
"Sa ibang kaso naman, hindi accredited ang doctor na gumagamot sa pasyente kaya tinanggihan.","Sa ibang kaso naman, hindi accredited ang doctor na gumamot sa pasyente kaya tinanggihan."
"May ilang kabadingang na alam din pala ang raket ng ilang guwapong nagmu-model model, o minsan ay nagaartista rin.","May ilang kabadingang na alam din pala ang raket ng ilang guwapong nagmu-model model, o minsan ay nag-aartista rin."
"Kasasabi pa ni David, Nagdesisyon din kami na suspendihin kayo.","Sabi pa ni David, Nagdesisyon din kami na suspendihin kayo."
Ma salong sa bayang ito kamakalawa ng gabi.,Masalong sa bayang ito kamakalawa ng gabi.
"Ang challenges lang, yung nagdeposit, kung sino.","Ang challenges lang, yung nag-deposit, kung sino."
"Magdaragdag si Tyrese Maxey ng 23 points, 9 rebounds at 8 assists para sa 2-0 abante ng Philadelphia sa kanilang serye ng Toronto.","Nagdagdag si Tyrese Maxey ng 23 points, 9 rebounds at 8 assists para sa 2-0 abante ng Philadelphia sa kanilang serye ng Toronto."
"Pero ang ibang sabungero, nawala matapos na magpaalam na ipinupunta sa sabungan.","Pero ang ibang sabungero, nawala matapos na magpaalam na magpupunta sa sabungan."
"Ayon sa FCF mining department, ang stages 1 at 2 2 ay natapos na kung kayat kailangan na umano nilang umpisahan ang stage 3.","Ayon sa FCF mining department, ang stages 1 at 2 ay natapos na kung kayat kailangan na umano nilang umpisahan ang stage 3."
Aminado naman ang mga residente na hindi nila pagaari ang lupa na kinatitirikan ng kanilang mga tahanan.,Aminado naman ang mga residente na hindi nila pag-aari ang lupa na kinatitirikan ng kanilang mga tahanan.
"Sa public briefing sa state-run PTV, nagsabi ni NEDA Undersecretary Rosemarie Edillon na ang halaga na binanggit ng PSA ay isa lamang umanong metric para alamin ang mahihirap.","Sa public briefing sa state-run PTV, sinabi ni NEDA Undersecretary Rosemarie Edillon na ang halaga na binanggit ng PSA ay isa lamang umanong metric para alamin ang mahihirap."
"Nakumpiska sa mga suspek ang nasa isang kilo ng hinihinalang shabu na nakasilid sa dilaw at berdeng plastic tea bags, habang nabawi rin ang P1,000 marked money na isinama sa 12 bundle ng tigisanlibong boodle money.","Nakumpiska sa mga suspek ang nasa isang kilo ng hinihinalang shabu na nakasilid sa dilaw at berdeng plastic tea bags, habang nabawi rin ang P1,000 marked money na isinama sa 12 bundle ng tig-isanlibong boodle money."
"Panoorin sa video ang iba pang cute doggie na may kakaibang hilig tulad ng isang ginagaya daw ang tilaok ng manok, at mayroon ding mahilig magpa-cute sa kaniyang amo.","Panoorin sa video ang iba pang cute doggie na may kakaibang hilig tulad ng isang ginagaya raw ang tilaok ng manok, at mayroon ding mahilig magpa-cute sa kaniyang amo."
"Sa kasalukuyan, hindi pa kabilang ang mga bata sa É??vaccination programÉ?? ng pamahalaan kaya nanawagan si Del Rosario sa mga magulang at guardians na higpitan ang paglabas ng mga bata dahil hindi din sila ligtas na mahawa ng virus.","Sa kasalukuyan, hindi pa kabilang ang mga bata sa É??vaccination programÉ?? ng pamahalaan kaya nanawagan si Del Rosario sa mga magulang at guardians na higpitan ang paglabas ng mga bata dahil hindi rin sila ligtas na mahawa ng virus."
"Anyway, talagang tuloy ang pasikat nang Koreans sa Hollywood.","Anyway, talagang tuloy ang pasikat ng Koreans sa Hollywood."
"Para kay Gatchalian, malaki ang magiging papel ng fund manager para protektahan protektahan ang investment sa korap??syon.","Para kay Gatchalian, malaki ang magiging papel ng fund manager para protektahan ang investment sa korap??syon."
"Aabutin na sa 33 ang nasawing pasahero ng nasunog na barko ang natagpuan sa ginagawang search and rescue operations kasunod ng pagkakasunog noong gabi ng Marso 29 sa karagatang sakop ng Basilan habang naglalayag patungong Jolo, kabisera ng Sulu, mula sa Zamboanga City.","Aabot na sa 33 ang nasawing pasahero ng nasunog na barko ang natagpuan sa ginagawang search and rescue operations kasunod ng pagkakasunog noong gabi ng Marso 29 sa karagatang sakop ng Basilan habang naglalayag patungong Jolo, kabisera ng Sulu, mula sa Zamboanga City."
Oktubre lang nang iulat ng Pulse Asia na aabutin sa 66% ng mga Pilipino ang naniniwalang ang bilis ng pagtaas ng presyo ng bilihin ang numero unong dapat daw latagan ng pinakamabilis ng aksyon ng gobyerno.,Oktubre lang nang iulat ng Pulse Asia na aabot sa 66% ng mga Pilipino ang naniniwalang ang bilis ng pagtaas ng presyo ng bilihin ang numero unong dapat daw latagan ng pinakamabilis ng aksyon ng gobyerno.
"Natawa si Alma dahil gets na niya pero si Dina ay nakakunot ang noo kasi wala siyang ideya kung sino ang girlash na ito, sabay sabing, Teka naintriga ako, sino yung girl common denominator namin?","Natawa si Alma dahil gets na niya pero si Dina ay nakakunot ang noo kasi wala siyang ideya kung sino ang girlash na ito, sabay sabing, Teka naintriga ako, sino yung girl na common denominator namin?"
"Sinubukan pang makuha ang pahayag ng driver ng SUV at pamilya ng rider, ayon sa ulat.","Sinusubukan pang makuha ang pahayag ng driver ng SUV at pamilya ng rider, ayon sa ulat."
"Gamit ang search warrant na inisyu ni Regional Trial Court Branch 3 Family Court Judge Robert Victor C Marcon, nakuhanan ng kalibre 38 baril na kargado ng 5 bala sa sa ilalim ng plastic tray na nakalagay sa harapan ng kaniyang bahay.Kinapkapan.","Gamit ang search warrant na inisyu ni Regional Trial Court Branch 3 Family Court Judge Robert Victor C Marcon, nakuhanan ng kalibre 38 baril na kargado ng 5 bala sa ilalim ng plastic tray na nakalagay sa harapan ng kaniyang bahay.Kinapkapan."
Nagulat kaming malakas pa din si Sir Manoling at proud siyang buong-buo pa rin ang ngipin niya sa edad na 87.,Nagulat kaming malakas pa rin si Sir Manoling at proud siyang buong-buo pa rin ang ngipin niya sa edad na 87.
"Sa ulat ni Darlene Cay sa GMA News ""Unang Balita"" nitong Huwebes, sinabing nagpaalala ang DOH sa publiko na siguraduhing bakunado ang mga dadalo sa party, at itodo pa rin ang pagiingat.","Sa ulat ni Darlene Cay sa GMA News ""Unang Balita"" nitong Huwebes, sinabing nagpaalala ang DOH sa publiko na siguraduhing bakunado ang mga dadalo sa party, at itodo pa rin ang pag-iingat."
At pagkaraan ay isinugod rin ito agad sa pinakamalapit na ospital.,At pagkaraan ay isinugod din ito agad sa pinakamalapit na ospital.
Pero higit pa doon ang pandaraya...,Pero higit pa roon ang pandaraya...
"Dahil dito, dumating na din umano sa pagkakataon na tinangka ng biktima na magpakamatay hanggang sa ipagtapat ang kanyang sinapit sa kanyang guro at pati na rin sa mga magulang kung kayat agad silang lumapit sa tanggapan ng NBI.","Dahil dito, dumating na rin umano sa pagkakataon na tinangka ng biktima na magpakamatay hanggang sa ipagtapat ang kanyang sinapit sa kanyang guro at pati na rin sa mga magulang kung kayat agad silang lumapit sa tanggapan ng NBI."
At rito sinabi ng legal counsel ng radio-online host na hindi magbibigay ng public apology at hindi rin nito babawiin ang sinabi niya.,At dito sinabi ng legal counsel ng radio-online host na hindi magbibigay ng public apology at hindi rin nito babawiin ang sinabi niya.
Sa huli ay sali na si Mikee sa laro para mas maraming maibigay na pera para kay Teacher Rachel at sa mga estudyante at mag-aaral ng kanyang pinagtatrabahuhang paaralan.,Sa huli ay sumali na si Mikee sa laro para mas maraming maibigay na pera para kay Teacher Rachel at sa mga estudyante at mag-aaral ng kanyang pinagtatrabahuhang paaralan.
Nagpaplano ngayon ang aktor na bukod sa pag-arte ay bibigyang panahon na din ang musika.,Nagpaplano ngayon ang aktor na bukod sa pag-arte ay bibigyang panahon na rin ang musika.
Nag-post din siya siya ng umalis sa Pilipinas na : Lets do this!!!,Nag-post din siya siya nang umalis sa Pilipinas na : Lets do this!!!
Pag-isipan ng isang daang beses para sigurado sa sagot.,Pag-isipan nang isang daang beses para sigurado sa sagot.
"Ayon kay Belmonte, nag iikot sa ibat -ibang vaccination sites sina Chichi at Coffee para aliwin ang mga batang magpapabakuna.","Ayon kay Belmonte, nag-iikot sa ibat -ibang vaccination sites sina Chichi at Coffee para aliwin ang mga batang magpapabakuna."
"Pinaghahanap naman ang driver ng truck van na nakilala lamang saalyas É??AllangÉ?ù, nasa hustong gulang, tatrabahuin bilang driver ng Asuki Construction.","Pinaghahanap naman ang driver ng truck van na nakilala lamang saalyas É??AllangÉ?ù, nasa hustong gulang, nagtatrabaho bilang driver ng Asuki Construction."
"Sa programang ""Tunay Na Buhay,"" tatlong pangalan ng celebrity crush ang tinatanong kay Myrtle pero iisang pangalan lang ang kaniyang binanggit.","Sa programang ""Tunay Na Buhay,"" tatlong pangalan ng celebrity crush ang tinanong kay Myrtle pero iisang pangalan lang ang kaniyang binanggit."
Magkakalinaw ang isyu kay Pacquiao sa PDP sa national assembly nang Partido sa Hulyo 17 kung saan pinaniniwalaang tuluyan nang maliligwak ayon sa source ng Abante bilang acting president si Pacquiao.,Magkakalinaw ang isyu kay Pacquiao sa PDP sa national assembly ng Partido sa Hulyo 17 kung saan pinaniniwalaang tuluyan nang maliligwak ayon sa source ng Abante bilang acting president si Pacquiao.
"Sinabi ng senador na bukod sa pagtiyak sa availability, accessibility at affordability ng bakuna para sa lahat ng Filipinos, responsibilidad din ng gobyerno na i-update ang publiko sa estado ng pagbiliÉ?? gayundin sa mga plano sa sa distribusyon at paggamitÉ?? hanggang sa magkaroon ng full recovery at makamit ang É??herd immunityÉ?? kapag maayos na naimplementa ang COVID-19 vaccine roadmap.","Sinabi ng senador na bukod sa pagtiyak sa availability, accessibility at affordability ng bakuna para sa lahat ng Filipinos, responsibilidad din ng gobyerno na i-update ang publiko sa estado ng pagbiliÉ?? gayundin sa mga plano sa distribusyon at paggamitÉ?? hanggang sa magkaroon ng full recovery at makamit ang É??herd immunityÉ?? kapag maayos na naimplementa ang COVID-19 vaccine roadmap."
"Una ng sinabi sa ilang mga ulat na itinutulak ang pagbagsak na ito ng malaking interest rate hike ng US Federal Reserve, maliban pa sa mga sinyales na magpapatupad pa nito sa mga darating na panahon.","Una nang sinabi sa ilang mga ulat na itinutulak ang pagbagsak na ito ng malaking interest rate hike ng US Federal Reserve, maliban pa sa mga sinyales na magpapatupad pa nito sa mga darating na panahon."
"Kabilang rito aniya ang pag-improve sa localized response, pagpapalawak sa health system, pataasin ang testing capacity at pagdagdag ng mga isolation facilities.","Kabilang dito aniya ang pag-improve sa localized response, pagpapalawak sa health system, pataasin ang testing capacity at pagdagdag ng mga isolation facilities."
"Sa video na inilabas ng NYPD Crime Stopper, makikita ang pagbaba ng tatlong suspek na kinabibilangan ng isang babae at dalawang ilalaki sa SUV at ang pagsuntok ng isa sa kanila kay Cecille.","Sa video na inilabas ng NYPD Crime Stopper, makikita ang pagbaba ng tatlong suspek na kinabibilangan ng isang babae at dalawang lalaki sa SUV at ang pagsuntok ng isa sa kanila kay Cecille."
Kaniniwala si Para?Òaque City Mayor Edwin Olivarez na nagkaroon ng sobrang puwersa at pag-abuso sa kanilang awtoridad sa ginawa ng mga tauhan ng task force sa vendor na si Warren Villanueva.,Naniniwala si Para?Òaque City Mayor Edwin Olivarez na nagkaroon ng sobrang puwersa at pag-abuso sa kanilang awtoridad sa ginawa ng mga tauhan ng task force sa vendor na si Warren Villanueva.
Ngayon ay apatnaput anim na taong gulang na ang Its Showtime host host.,Ngayon ay apatnaput anim na taong gulang na ang Its Showtime host.
Dapat rin aniyang ihanap at ilipat ng City Garden ng ibang quarantine facility ang kanilang mga guest na maaapetuhan ng kanilang pagsasara.,Dapat din aniyang ihanap at ilipat ng City Garden ng ibang quarantine facility ang kanilang mga guest na maaapetuhan ng kanilang pagsasara.
Nasayang ang ilang taon nilang relasyon nang umenter the dragon na si Tisoy 2.,Nasayang ang ilang taon nilang relasyon nang um-enter the dragon na si Tisoy 2.
Maya maya dumating na ang ikalawang video.,Maya-maya dumating na ang ikalawang video.
"Kaya no wonder, lahat ng blessing dumarating sa pamilya nila, dahil nga sa mga tulong na ibinigay nila.","Kaya no wonder, lahat ng blessing dumarating sa pamilya nila, dahil nga sa mga tulong na ibinibigay nila."
Rin ang kasabwat umano ni Ong na si Casta?Òo na nakuhanan ng isang 9 mm na pistol na may 5 bala rin sa dala niyang body bag.,Din ang kasabwat umano ni Ong na si Casta?Òo na nakuhanan ng isang 9 mm na pistol na may 5 bala rin sa dala niyang body bag.
Nag sorry siya dahil ayaw raw niyang magpakaplastik at mali raw ang naging paninita niya.,Nag-sorry siya dahil ayaw raw niyang magpakaplastik at mali raw ang naging paninita niya.
"Bakit ba binabawal ang online sabong, ang video karera, at maski na ang droga, ganung kagaya rin nang nagbebenta nang sex video sa internet wala naman silang inistorbo at gusto lamang yumaman nang madali?","Bakit ba binabawal ang online sabong, ang video karera, at maski na ang droga, ganung kagaya rin nang nagbebenta ng sex video sa internet wala naman silang inistorbo at gusto lamang yumaman nang madali?"
Caliber pistols pistols sa isang bahagi ng kalsada ng Brgy.,Caliber pistols sa isang bahagi ng kalsada ng Brgy.
Napansin rin ng mga awtoridad na pabagu-bago ang mga pahayag nito.,Napansin din ng mga awtoridad na pabagu-bago ang mga pahayag nito.
"Nakapagtala ang Department of Health (DOH) nang 5,979 bagong infection ng coronavirus disease (COVID-19), Lunes, kung kaya nasa 1,149,925na sumatutal ang nahahawaan nito sa bansa.","Nakapagtala ang Department of Health (DOH) ng 5,979 bagong infection ng coronavirus disease (COVID-19), Lunes, kung kaya nasa 1,149,925na sumatutal ang nahahawaan nito sa bansa."
"Sa halip na abandonahin, dapat na pagaralan na lamang at rebyuhin ang K-12 curriculum.","Sa halip na abandonahin, dapat na pag-aralan na lamang at rebyuhin ang K-12 curriculum."
Pero dapat ay handa daw silang dalawa sa bagong chapter na papasukin ng kanilang buhay.,Pero dapat ay handa raw silang dalawa sa bagong chapter na papasukin ng kanilang buhay.
Inamin ni Vhong na hindi siya nanood ng Showtime nung nasa kulungan siya dahil ikinalungkot at nami-miss niya ang mga katrabaho.,Inamin ni Vhong na hindi siya nanood ng Showtime nung nasa kulungan siya dahil malulungkot at nami-miss niya ang mga katrabaho.
"Sa isang video sa Twitter, na mapapanood din sa Unang Balita nitong Miyerkoles, nakita na pinagkaguluhan ng fans ang sasakyan ng American rapper-songwriter bago pa man ito makarating sa venue.","Sa isang video sa Twitter, na mapapanood din sa Unang Balita nitong Miyerkoles, makikita na pinagkaguluhan ng fans ang sasakyan ng American rapper-songwriter bago pa man ito makarating sa venue."
"Nagsimulang tawaging ""Hipon Girl"" si Herlene nang manalo siya bibilang Binibining Angono, matapos mapansin ng mga hindi makatanggap sa kaniyang pagkatalo ang kaniyang ""pettite"" na pangangatawan.","Nagsimulang tawaging ""Hipon Girl"" si Herlene nang manalo siya bilang Binibining Angono, matapos mapansin ng mga hindi makatanggap sa kaniyang pagkatalo ang kaniyang ""pettite"" na pangangatawan."
"Sina Gerald Anderson, Jameson Blake, Jake Ejercito at Sam Milby ang makakatambal nang sexy actress sa bagong serye.","Sina Gerald Anderson, Jameson Blake, Jake Ejercito at Sam Milby ang makakatambal ng sexy actress sa bagong serye."
Ang leading man naman niyang si Aljur ay okay na okay na rin pagdating kay Kylie Padilla bibilangin magulang ng dalawa nilang anak.,Ang leading man naman niyang si Aljur ay okay na okay na rin pagdating kay Kylie Padilla bilang magulang ng dalawa nilang anak.
Iginiit ni Ramos na hindi pagbibigay ng pag-asa at inspirasyon ang taktika Castriciones kundi paglalantad sa mga magsasakang benepisyaryo sa banta ng pandemya.,Iginiit ni Ramos na hindi pagbibigay ng pag-asa at inspirasyon ang taktika ni Castriciones kundi paglalantad sa mga magsasakang benepisyaryo sa banta ng pandemya.
Pinaiiwas ngayong araw nang Miyerkules ng Metropolitan Manila Development Authority (MMDA) ang mga motorista na dumaan sa Quezon Avenue dahil sa isasagawang Metro Manila Film Festival (MMFF) Parade of Stars 2022.,Pinaiiwas ngayong araw ng Miyerkules ng Metropolitan Manila Development Authority (MMDA) ang mga motorista na dumaan sa Quezon Avenue dahil sa isasagawang Metro Manila Film Festival (MMFF) Parade of Stars 2022.
Nangako silang makakaasa ang viewers na mas marami pang artista at surprise guests ang makakasama nila sa mga susundan na araw.,Nangako silang makakaasa ang viewers na mas marami pang artista at surprise guests ang makakasama nila sa mga susunod na araw.
Excited na din ang binata sa mga bagong makakatrabaho sa naturang iWantTFC series.,Excited na rin ang binata sa mga bagong makakatrabaho sa naturang iWantTFC series.
"Tinatayang aabot umano sa 345 gramo ang timbang ng naturang shabu na aabot P2,346,000 ang halaga nito.","Tinatayang aabot umano sa 345 gramo ang timbang ng naturang shabu na aabot sa P2,346,000 ang halaga nito."
"So kagaya noong ECQ na lahat nasa loob nang bahay, walang gumagala pati yong mga would be victims at would be criminals so nalimit po talaga, paliwanag ni Sinas sa mga reporter.","So kagaya noong ECQ na lahat nasa loob ng bahay, walang gumagala pati yong mga would be victims at would be criminals so nalimit po talaga, paliwanag ni Sinas sa mga reporter."
"Habang abala si Ginalyn sa pagsusunog ng ginagawang uling, binantayan naman ni Argie ang mga anak na ginawa na ring palaruan ang ulingan.","Habang abala si Ginalyn sa pagsusunog ng ginagawang uling, binabantayan naman ni Argie ang mga anak na ginawa na ring palaruan ang ulingan."
"Sa ilalim ng programa, ang m ga drivers at operators ng mga pampasaherong sasakyan na apektado ng COVID-19 lockdowns ay tatanggap ng cash subsidies sa ilalim ng Bayanihan recovery plan para maibsan ang nawalang kita sa pagtigil sa pamamasada.","Sa ilalim ng programa, ang mga drivers at operators ng mga pampasaherong sasakyan na apektado ng COVID-19 lockdowns ay tatanggap ng cash subsidies sa ilalim ng Bayanihan recovery plan para maibsan ang nawalang kita sa pagtigil sa pamamasada."
"Nagkaroon umano ng komprontasyon sa pagitan nina Gretchen at Marjorie, at nadawit rin si Claudine.","Nagkaroon umano ng komprontasyon sa pagitan nina Gretchen at Marjorie, at nadawit din si Claudine."
"Ipinatingin sa klinika ng barangay ang bata, at kinalaunan ay ipinatingin din kay Ed dahil may nararamdaman raw ang bata na nanggagambala sa kaniya.","Ipinatingin sa klinika ng barangay ang bata, at kinalaunan ay ipinatingin din kay Ed dahil may nararamdaman daw ang bata na nanggagambala sa kaniya."
"Muling pinagtibay ni Senator Christopher É??BongÉ?ù Go ang kanyang pangako na susuportahan ang sektor ng agrikultura ng bansa matapos aprubahan ng Senado sa ikatlo at huling pagbasa ang panukalang co-authored ng senador na naglalayong palakasin ang sistemang pinansyal para sa agrikultura, pangisdaan, at pagunlad ng kanayunan sa bansa.","Muling pinagtibay ni Senator Christopher É??BongÉ?ù Go ang kanyang pangako na susuportahan ang sektor ng agrikultura ng bansa matapos aprubahan ng Senado sa ikatlo at huling pagbasa ang panukalang co-authored ng senador na naglalayong palakasin ang sistemang pinansyal para sa agrikultura, pangisdaan, at pag-unlad ng kanayunan sa bansa."
"Ni minsan ay hindi naman natin nakitang kalalaki ang tiyan ni Maine, wala rin silang maiturong ospital o bahay kung saan ipinanganak ng Dubsmash Queen ang sanggol, saan kaya sila humuhugot ng lakas ng loob para panindigang nagkaanak sina Alden at Maine?","Ni minsan ay hindi naman natin nakitang lumaki ang tiyan ni Maine, wala rin silang maiturong ospital o bahay kung saan ipinanganak ng Dubsmash Queen ang sanggol, saan kaya sila humuhugot ng lakas ng loob para panindigang nagkaanak sina Alden at Maine?"
"Malamang pag sasali ako sa Miss U, madadapa rin ako sa stage, even though may training,É?ù paglalahad ng aktres.","Malamang pag sumali ako sa Miss U, madadapa rin ako sa stage, even though may training,É?ù paglalahad ng aktres."
Wakas ma i-sshare ko na rin sa inyong lahat ang gender ng aking baby.,Sa wakas ma i-sshare ko na rin sa inyong lahat ang gender ng aking baby.
Posibleng bigyan ito ng extension-base sa kanilang magiging performance sa season-ending tournament.,Posibleng bigyan ito ng extension base sa kanilang magiging performance sa season-ending tournament.
"Ayon sa mga opisyal ng 602ndInfantry Brigade at ng 90thIB, si Kabunto, maliban sa pagbebenta ng droga, ay may grupo rin ng mga armadong kalalakihan na sangkot sa pagnanakaw ng mga kalabaw at baka, at pang aagaw ng mga motorsiklo.","Ayon sa mga opisyal ng 602ndInfantry Brigade at ng 90thIB, si Kabunto, maliban sa pagbebenta ng droga, ay may grupo rin ng mga armadong kalalakihan na sangkot sa pagnanakaw ng mga kalabaw at baka, at pang-aagaw ng mga motorsiklo."
"Halos ibinibigay niya na lang 'yung sarili niya roon sa mga pumalo sa kaniya para matigil na lang 'yung paghahabol sa kaniya, sabi ni Arejola.","Halos ibinigay niya na lang 'yung sarili niya roon sa mga pumalo sa kaniya para matigil na lang 'yung paghahabol sa kaniya, sabi ni Arejola."
Ang Mindanao naman ang sumunod na may pinakamaraming nagutom na itinala sa 14% ng mga mga pamilya.,Ang Mindanao naman ang sumunod na may pinakamaraming nagutom na itinala sa 14% ng mga pamilya.
"Kaya paggising ko sa umaga sinisigurado ko na idarasal ako, nagpapasalamat ako sa panibagong buhay na kahit na may pandemya, nagising na naman tayo at napakalaking blessing na yun.","Kaya paggising ko sa umaga sinisigurado ko na nagdarasal ako, nagpapasalamat ako sa panibagong buhay na kahit na may pandemya, nagising na naman tayo at napakalaking blessing na yun."
Bukod sa paglalaan ng pondo para sa developmental loan ay magbibigay rin ng individual housing loans Pag-IBIG Fund para sa mga benepisyaryong napili ng mga LGU.,Bukod sa paglalaan ng pondo para sa developmental loan ay magbibigay rin ng individual housing loans ang Pag-IBIG Fund para sa mga benepisyaryong napili ng mga LGU.
Makikita sa mga larawan na tumulong ang ibang preso na may hinawakan na lettering na É??Will You Marry MeÉ??.,Makikita sa mga larawan na tumulong ang ibang preso na may hawak na lettering na É??Will You Marry MeÉ??.
Masusing mino-monitor ng Department of Agriculture (DA) ang presyo ng itlog upang matukoy kung patuloy ang pagtaas nito.,Masusing mino-monitor ng Department of Agriculture (DA) ang presyo ng itlog upang matukoy kung magpapatuloy ang pagtaas nito.
Hindi pa naman sinasagot ng DOH ang reporters sa ngayon kung ito lang ang nag-iisang insidente ng COVID-19 vaccination kung saan kahihindi naipasok ang vaccine contents sa katawan.,Hindi pa naman sinasagot ng DOH ang reporters sa ngayon kung ito lang ang nag-iisang insidente ng COVID-19 vaccination kung saan hindi naipasok ang vaccine contents sa katawan.
Sinabi rin ni Tacardon noon sa media na inamin ng ng isang drug lord sa witness stand na hindi niya pa nakakasalamuha si De Lima.,Sinabi rin ni Tacardon noon sa media na inamin ng isang drug lord sa witness stand na hindi niya pa nakakasalamuha si De Lima.
Nauna ng kinuha ng TNT Tropang Giga si dating NLEX import Aaron Fuller bilang kapalit ni McKenzie Moore habang ipapalit ng Blackwater si Shawn Glover kay Jaylen Bond.,Nauna nang kinuha ng TNT Tropang Giga si dating NLEX import Aaron Fuller bilang kapalit ni McKenzie Moore habang ipapalit ng Blackwater si Shawn Glover kay Jaylen Bond.
"Ayon kay Almendras, sinabihan sila nang wage board na nasa paraan pa lang sila ng konsultasyon.","Ayon kay Almendras, sinabihan sila ng wage board na nasa paraan pa lang sila ng konsultasyon."
"Samantala, kumalat na din ang isa pang kuwentong buntis.","Samantala, kumalat na rin ang isa pang kuwentong buntis."
"May duda ako na may nagsusul dito, maraming É??sulsultantÉ?? rito eh, saad pa niya.","May duda ako na may nagsusul dito, maraming É??sulsultantÉ?? dito eh, saad pa niya."
Ok din naman dahil may apat pang ibang nood kaya lima kami sa buong sinehan.,Ok din naman dahil may apat pang ibang nanonood kaya lima kami sa buong sinehan.
Maya-maya ay tinutukan nila ng baril ang mga mga empleyado ng tindahan at tinangay ang humigit kumulang sa?,Maya-maya ay tinutukan nila ng baril ang mga empleyado ng tindahan at tinangay ang humigit kumulang sa?
"Mariveles, Bataan, Philippines É?? Huli sa akto ang 28 tripulante na lulan ng dalawang bangka matapos maaktuhan ngmga nagpapatrulyang pulis na iligal na isda gamit ang É??Sudsud o KaladkadÉ?ù sa karagatang sakop ng Barangay Ipag ng bayang ito.","Mariveles, Bataan, Philippines É?? Huli sa akto ang 28 tripulante na lulan ng dalawang bangka matapos maaktuhan ngmga nagpapatrulyang pulis na iligal na nangingisda gamit ang É??Sudsud o KaladkadÉ?ù sa karagatang sakop ng Barangay Ipag ng bayang ito."
"Roon na nagsimula ang kaniyang interes sa pag-eembalsamo, hanggang sa naging hands-on na siya sa pag-aayos ng mga patay sa tulong ng kaniyang ama.","Doon na nagsimula ang kaniyang interes sa pag-eembalsamo, hanggang sa naging hands-on na siya sa pag-aayos ng mga patay sa tulong ng kaniyang ama."
Matatandaang dati ng tinamaan ng nakamamatay na COVID-19 si Marcos Jr.,Matatandaang dati nang tinamaan ng nakamamatay na COVID-19 si Marcos Jr.
"Yung mga drivers na lang and operators ang nabigay ng subsidy, aniya pa.","Yung mga drivers na lang and operators ang bibigyan ng subsidy, aniya pa."
"Yung iba doon talagang pina-edit ko, kasi ang alam ko baka ma-offend si Mayora, paglilinaw ni AiAi.","Yung iba roon talagang pina-edit ko, kasi ang alam ko baka ma-offend si Mayora, paglilinaw ni AiAi."
"Walong miyembro ng New Peoples Army (NPA) ang pinaniniwalaang namamatay sa matinding gutom nang sumailalim sa autopsy ang kanilang mga bangkaysa Barangy Canadam, Maconacon, Isabela.","Walong miyembro ng New Peoples Army (NPA) ang pinaniniwalaang namatay sa matinding gutom nang sumailalim sa autopsy ang kanilang mga bangkaysa Barangy Canadam, Maconacon, Isabela."
"Sa ulat ni Rudje Mar Sucaldito sa GMA Regional TV News nitong Martes, makakakita sa video na kuha ng isang concerned citizen ang isang lalaking nakahubad habang pinagtutulungan ng ilang kalalakihan na igapos.","Sa ulat ni Rudje Mar Sucaldito sa GMA Regional TV News nitong Martes, makikita sa video na kuha ng isang concerned citizen ang isang lalaking nakahubad habang pinagtutulungan ng ilang kalalakihan na igapos."
Hanggang sa dumating ang puntong hindi na napipilitan-si Mikee sa kaniyang pag-aaral.,Hanggang sa dumating ang puntong hindi na napipilitan si Mikee sa kaniyang pag-aaral.
Ang Senado ang nagiimbestiga sa transaksyon ng kumpanya sa pamahalaan kaugnay ng kontrata nitong bilyun-bilyong umanoy overpriced medical COVID-19 supplies Ludy Bermudo.,Ang Senado ang nag-iimbestiga sa transaksyon ng kumpanya sa pamahalaan kaugnay ng kontrata nitong bilyun-bilyong umanoy overpriced medical COVID-19 supplies Ludy Bermudo.
"Kuwento ng mga kapitbahay, laging nagaaway at nagsisigawan ang mag-live-in partner dahil sa matinding selos ng lalaki.","Kuwento ng mga kapitbahay, laging nag-aaway at nagsisigawan ang mag-live-in partner dahil sa matinding selos ng lalaki."
Rito na naghinala ang pulisya na may ginagawang kalokohan ang dalawang suspek kaya kanilang nilapitan at tinanong.,Dito na naghinala ang pulisya na may ginagawang kalokohan ang dalawang suspek kaya kanilang nilapitan at tinanong.
"Kahit na mahirap, kahit na hindi siya comfortable dun sa situation dahil pinaniwalaan talaga siya na, 'yun 'yung tama.","Kahit na mahirap, kahit na hindi siya comfortable dun sa situation dahil naniniwala talaga siya na, 'yun 'yung tama."
Sinabi pa ni Verceles na napilitang makipagpalitan ng putok ang mga operatiba sa m ga armadong grupo na tumagal ng 40 minuto ang engkuwentro.,Sinabi pa ni Verceles na napilitang makipagpalitan ng putok ang mga operatiba sa mga armadong grupo na tumagal ng 40 minuto ang engkuwentro.
"Meron-kaming curfew, may cut-off kami, aniya pa.","Meron kaming curfew, may cut-off kami, aniya pa."
"Ayon sa ulat ng MMDA na ibinahagi sa MIAA, may kabuuang 35 na paglabag ang naitala, 29 rito ay nabigyan ng ticket.","Ayon sa ulat ng MMDA na ibinahagi sa MIAA, may kabuuang 35 na paglabag ang naitala, 29 dito ay nabigyan ng ticket."
"Pero iyong-nagbubunganga pa rin hanggang ngayon, parang ang gusto lang ay mapansin kaya hindi na dapat pinapatulan.","Pero iyong nagbubunganga pa rin hanggang ngayon, parang ang gusto lang ay mapansin kaya hindi na dapat pinapatulan."
Sinabi ni MMDA Chairman Benhur Abalos na mapapabilis din ang biyahe biyahe ng mga motorista sa muling pagbubukas ng U-turn slot dahil hindi na kailangan pang lumayo.,Sinabi ni MMDA Chairman Benhur Abalos na mapapabilis din ang biyahe ng mga motorista sa muling pagbubukas ng U-turn slot dahil hindi na kailangan pang lumayo.
"Kaya nung huling dumalaw niya si Vhong, sinabihan daw niyan huwag nang mag-alala, dahil sila ng mga abogado ang bahala na humarap sa kasong ito.","Kaya nung huling dinalaw niya si Vhong, sinabihan daw niyan huwag nang mag-alala, dahil sila ng mga abogado ang bahala na humarap sa kasong ito."
"Ng hindi matiis ng aktres ang sakit sa katawan, nagpaalam na siyang lalabas sa lock-in para magpa-doctor.","Nang hindi matiis ng aktres ang sakit sa katawan, nagpaalam na siyang lalabas sa lock-in para magpa-doctor."
Tumaas ang ang presyo ng noche buena items mula 10% hanggang 27% ngayong taon kumpara noong nakaraang taon.,Tumaas ang presyo ng noche buena items mula 10% hanggang 27% ngayong taon kumpara noong nakaraang taon.
"Bibilang paghahanda, nagsagawa na ng renobasyon ang airport.","Bilang paghahanda, nagsagawa na ng renobasyon ang airport."
Kasalukuyang-nasa Sorsogon pa si John Lloyd.,Kasalukuyang nasa Sorsogon pa si John Lloyd.
"Pagbibintangan ka, tapos-ang kasunod sisiraan ka na sa social media.","Pagbibintangan ka, tapos ang kasunod sisiraan ka na sa social media."
"Birth month rin ni Kris Aquino ang Pebrero, pero tulad ng dati tahimik lang na celebration para kay Kris.","Birth month din ni Kris Aquino ang Pebrero, pero tulad ng dati tahimik lang na celebration para kay Kris."
Giit rin ni Buensuceso na noong 2016 arbitral ruling ay napatunayan nang walang timbang pagdating sa batas ang paninindigan ng China tungkol sa kanila umanong É??historic rightsÉ?? sa South China Sea.,Giit din ni Buensuceso na noong 2016 arbitral ruling ay napatunayan nang walang timbang pagdating sa batas ang paninindigan ng China tungkol sa kanila umanong É??historic rightsÉ?? sa South China Sea.
Ipinost rin ng aktor ang photo nila na magkaakbay na sinagot din ng sexy actress ng apat na red heart emoticon.,Ipinost din ng aktor ang photo nila na magkaakbay na sinagot din ng sexy actress ng apat na red heart emoticon.
Naglabas rin ng saloobin si Fajardo sa kaniyang social media account noong Hunyo 24 para tuldukan na ang lahat dahil nais nitong mamuhay ng tahimik.,Naglabas din ng saloobin si Fajardo sa kaniyang social media account noong Hunyo 24 para tuldukan na ang lahat dahil nais nitong mamuhay ng tahimik.
"Sa ulat ng pulisya, alas-11:40 ng gabi ay papauwi na sana ang biktima sasakyan ng kaniyang Baja 110 motorcycle at binabagtas ang nasabing highway.","Sa ulat ng pulisya, alas-11:40 ng gabi ay papauwi na sana ang biktima sakay ng kaniyang Baja 110 motorcycle at binabagtas ang nasabing highway."
"Ayon naman sa MMDA Traffic Engineering Center, nilalagay sila ng mga traffic advisory signage sa mga alternatibong ruta upang magsilbing gabay sa mga motorista.","Ayon naman sa MMDA Traffic Engineering Center, naglagay sila ng mga traffic advisory signage sa mga alternatibong ruta upang magsilbing gabay sa mga motorista."
"Itong tatlo ang pinagpipilian ko: Either tatakbo sa highest position or magbalik sa Senado or mag-give up na sa politika, sabi ni Pacquiao.","Itong tatlo ang pinagpipilian ko: Either tumakbo sa highest position or magbalik sa Senado or mag-give up na sa politika, sabi ni Pacquiao."
Huling makakakita si Araman sa Olongapo City.,Huling nakita si Araman sa Olongapo City.
Matatandaan na ipinagawa ni Manila City Mayor Isko Moreno ang mga palamuting lamp post sa Jones Bridge na nawawalan ng kuryente kuryente dahil sa mga kawatan.,Matatandaan na ipinagawa ni Manila City Mayor Isko Moreno ang mga palamuting lamp post sa Jones Bridge na nawawalan ng kuryente dahil sa mga kawatan.
"Itinanggi ng Department of Health (DOH) ang pagkakaroon ng ""outbreak"" ng cholera sa Pilipinas sa kabila ng biglaang pagtaas ng bumilang ng nahahawaan nito sa Pilipinas ngayon kumpara sa parehong panahon noong 2021.","Itinanggi ng Department of Health (DOH) ang pagkakaroon ng ""outbreak"" ng cholera sa Pilipinas sa kabila ng biglaang pagtaas ng bilang ng nahahawaan nito sa Pilipinas ngayon kumpara sa parehong panahon noong 2021."
"Eh, ako ang katatanong niya ng balita, siya pala ang maraming kuwento.","Eh, ako ang tinatanong niya ng balita, siya pala ang maraming kuwento."
Nauna nang sinabi ni Marcos na inasahan na nila ang tuluy-tuloy na supply ng fertilizer inputs na kailangan ng mga mga magsasaka.,Nauna nang sinabi ni Marcos na inasahan na nila ang tuluy-tuloy na supply ng fertilizer inputs na kailangan ng mga magsasaka.
Sumama daw ang loob niya kay Bincai kaya pinagbakasyon niya ng four weeks.,Sumama raw ang loob niya kay Bincai kaya pinagbakasyon niya ng four weeks.
"Pero hindi tulad ng mga karne o manok na kasama sa mga u nang isinasalang kapag nagluluto ng sinigang, sa sinigang na tinapa--huling ilalagay ang tinapa.","Pero hindi tulad ng mga karne o manok na kasama sa mga unang isinasalang kapag nagluluto ng sinigang, sa sinigang na tinapa--huling ilalagay ang tinapa."
Nabatid na naobserbahan din ng COA na hindi din nakasaad ang deskripsiyon at dami ng mga ipinamahaging goods sa mga residente.,Nabatid na naobserbahan din ng COA na hindi rin nakasaad ang deskripsiyon at dami ng mga ipinamahaging goods sa mga residente.
Handa na si chairman William É??ButchÉ?? Ramirez na iwan ang Philippine Sports Commission (PSC) kasabay ng pagbabago ng administrasyon sa sunod na taon.,Handa na si chairman William É??ButchÉ?? Ramirez na iwan ang Philippine Sports Commission (PSC) kasabay ng pagbabago ng administrasyon sa susunod na taon.
"Ng makawala sa kanyang pagkatali, agad daw siyang humingi ng tulong sa mga awtoridad.","Nang makawala sa kanyang pagkatali, agad daw siyang humingi ng tulong sa mga awtoridad."
"Sa idinaos na situation briefing sa bagyong É??OdetteÉ?? sa Maasin, Southern Leyte, sinabi ni Pangulong Duterte na halos ubos na ang pondo ng pamahalaan dahil ang malaking bulto nito ay ginastos sa paglaban sa COVID-19 simula ng tumaas ang mga kaso nito sa bansa noong nakaraang taon hanggang sa paglulunsad ng vaccination program para sa paglaban rito noong Marso.","Sa idinaos na situation briefing sa bagyong É??OdetteÉ?? sa Maasin, Southern Leyte, sinabi ni Pangulong Duterte na halos ubos na ang pondo ng pamahalaan dahil ang malaking bulto nito ay ginastos sa paglaban sa COVID-19 simula ng tumaas ang mga kaso nito sa bansa noong nakaraang taon hanggang sa paglulunsad ng vaccination program para sa paglaban dito noong Marso."
Ang mga ganung bagay ay gusto niya sa kanila na lang yun at ng ng kanilang pamilya.,Ang mga ganung bagay ay gusto niya sa kanila na lang yun at ng kanilang pamilya.
"Real, Quezon, Philippines É?? Nakaligtas sa tiyak na kapahamakan ang limang crew ng isang bangka na may kargang COVID-19 vaccine vaccine na dadalhin sa Polilio Group of Islands (POGI) makaraang makalipat agad sila sa isang nagdaraang motorized banca kasama ang mga bakuna sa Port of Real na sakop ng Barangay Ungos kamakalawa ng umaga.","Real, Quezon, Philippines É?? Nakaligtas sa tiyak na kapahamakan ang limang crew ng isang bangka na may kargang COVID-19 vaccine na dadalhin sa Polilio Group of Islands (POGI) makaraang makalipat agad sila sa isang nagdaraang motorized banca kasama ang mga bakuna sa Port of Real na sakop ng Barangay Ungos kamakalawa ng umaga."
"Nakasakay din si Ligas at iba pang volunteers sa at pagkatapos, nilibre ni Diokno ang mga volunteer ng hapunan, kung saan kasama sa kanilang kinain ang mga specialty ng Cebu gaya ng lechon at tuslob buwa.","Nakasakay rin si Ligas at iba pang volunteers sa at pagkatapos, nilibre ni Diokno ang mga volunteer ng hapunan, kung saan kasama sa kanilang kinain ang mga specialty ng Cebu gaya ng lechon at tuslob buwa."
"Nang masiguro nito na ilegal ang naganap na mga transaksyon sa suspek, hihingi na ng tulong sa pulisya ang biktima at ikinasa ang entrapment operation dakong alas-12:30 ng tanghali laban sa suspek.","Nang masiguro nito na ilegal ang naganap na mga transaksyon sa suspek, humingi na ng tulong sa pulisya ang biktima at ikinasa ang entrapment operation dakong alas-12:30 ng tanghali laban sa suspek."
"Ni Victoria Tulad, sinabing ang Sirao Garden Little Amsterdam ay isang hektaryang lupain na tinaniman ng makukulay na halaman at bulaklak na nakakita sa Cebu City.","Ni Victoria Tulad, sinabing ang Sirao Garden Little Amsterdam ay isang hektaryang lupain na tinaniman ng makukulay na halaman at bulaklak na makikita sa Cebu City."
Dala ng kaniyang kapatid dahil hihingi raw ng piso sa kanilang nanay.,Dinala ng kaniyang kapatid dahil hihingi raw ng piso sa kanilang nanay.
Pakisagot-lang nito.,Pakisagot lang nito.
"Ayon pa kay Vergeire, karamihan sa mga lugar sa bansa ay puwede nang ilagay sa pinakamababang alert level pero patuloy na nagiingat ang DOH para mapigilan ang pagpasok ng Omicron variant sa ating mga komunidad.","Ayon pa kay Vergeire, karamihan sa mga lugar sa bansa ay puwede nang ilagay sa pinakamababang alert level pero patuloy na nag-iingat ang DOH para mapigilan ang pagpasok ng Omicron variant sa ating mga komunidad."
"Umaasa na ang pagtaas pa ng presyo ng krudo sa susunod na linggo, pero bababa naman ang presyo ng gasolina.","Inaasahan na ang pagtaas pa ng presyo ng krudo sa susunod na linggo, pero bababa naman ang presyo ng gasolina."
"Sa ulat mula kay P/Lieutenant Michael Batoctoy,hepe ng pulisya sa lungsod na ito, nakatanggap sila ng tawag mula sa ilang concerned citizen hinggil sa pag aamok ng suspek na nakilalang si Gerardo Espinar, nasa hustong gulang at kapatid ng biktimang si Danilo.","Sa ulat mula kay P/Lieutenant Michael Batoctoy,hepe ng pulisya sa lungsod na ito, nakatanggap sila ng tawag mula sa ilang concerned citizen hinggil sa pag-aamok ng suspek na nakilalang si Gerardo Espinar, nasa hustong gulang at kapatid ng biktimang si Danilo."
"Mas ganado pa si Hannah dahil bukod sa kaniyang pamilya, nanonood din nang live ang kaniyang nobyo.","Mas ganado pa si Hannah dahil bukod sa kaniyang pamilya, manonood din nang live ang kaniyang nobyo."
"Maganda rin naman ang pananaw ng aktres, kapag laging may kasasagot sa kanilang pangangailangan, magiging relax na relax lang ang mister niya at tatamarin nang magtrabaho.","Maganda rin naman ang pananaw ng aktres, kapag laging may sumasagot sa kanilang pangangailangan, magiging relax na relax lang ang mister niya at tatamarin nang magtrabaho."
Umiskor si Dennis Schr??der ng 21 points kasama ang dalawang free throws sa sa huling 8.4.,Umiskor si Dennis Schr??der ng 21 points kasama ang dalawang free throws sa huling 8.4.
"Samantala, 10,193 ang pasa sa secondary level mula sa 20,191 na kumuha ng exam, katumbas ng 50.48%.","Samantala, 10,193 ang pumasa sa secondary level mula sa 20,191 na kumuha ng exam, katumbas ng 50.48%."
"Ayon sa energy ministy ng Sri Lanka, ilang kargamento ng langis na aasa nilang dumating noong nakaraang linggo ang naudlot pati na rin ang mga parating sanang pagkain at gamot sa susunod na mga araw bunsod ng problema sa bangko.","Ayon sa energy ministy ng Sri Lanka, ilang kargamento ng langis na inaasahan nilang dumating noong nakaraang linggo ang naudlot pati na rin ang mga parating sanang pagkain at gamot sa susunod na mga araw bunsod ng problema sa bangko."
"Bumaba ang biktima, mula sa sinakyan niyang tricycle, habang tumigil sa harapan ng tricycle ang nag-iisang salarin na sinasakyan ng motorsiklo.","Bumaba ang biktima, mula sa sinakyan niyang tricycle, habang tumigil sa harapan ng tricycle ang nag-iisang salarin na sakay ng motorsiklo."
May karagdagan rin na 5 buwan na hiwalay na suspension ang katutubong mayor dahil naman di-umano sa graft and corruption (Section 3 (h) of Republic Act 3019).,May karagdagan din na 5 buwan na hiwalay na suspension ang katutubong mayor dahil naman di-umano sa graft and corruption (Section 3 (h) of Republic Act 3019).
Wala pa raw muna siyang masasabi kaugnay diyan dahil wala pa namang desisyon tungkol dito.,Wala pa raw muna siyang masasabi kaugnay riyan dahil wala pa namang desisyon tungkol dito.
Solido rin ang La Salle na nakasakay sa dalawang sunod na mananalo kung saan nasilayan ang paglalaro ni transferee Mark Nonoy na galing sa UST.,Solido rin ang La Salle na nakasakay sa dalawang sunod na panalo kung saan nasilayan ang paglalaro ni transferee Mark Nonoy na galing sa UST.
"Nagsisimula na tayo ngayon na pagsama-samahin ang sistema kung saan maaari silang isama sa sistema ng financing hihindian lamang sa mga pampublikong bangko kundi pati na rin sa mga pribadong bangko para rito, diin ng Commander-in-Chief.","Nagsisimula na tayo ngayon na pagsama-samahin ang sistema kung saan maaari silang isama sa sistema ng financing hindi lamang sa mga pampublikong bangko kundi pati na rin sa mga pribadong bangko para rito, diin ng Commander-in-Chief."
"Aktor, nag-sorry sa paninigaw ng isumbong ng aktres sa karelasyong pulitiko.","Aktor, nag-sorry sa paninigaw nang isumbong ng aktres sa karelasyong pulitiko."
"Mas gusto ko yung pupunta kayo sa akin kasi natutuwa kayo sa binebenta ko, saad niya.","Mas gusto ko yung pumupunta kayo sa akin kasi natutuwa kayo sa binebenta ko, saad niya."
"Sa palagay ko nalalapit na tayo doon sapagkat sa aming pag-uusap kanina, meron nang tinutumbok subalit Im not at liberty to say to you kung ano ang mga pangalan at pagkakakilanlan.","Sa palagay ko nalalapit na tayo roon sapagkat sa aming pag-uusap kanina, meron nang tinutumbok subalit Im not at liberty to say to you kung ano ang mga pangalan at pagkakakilanlan."
"Ibinahagi rin niya na importante sa celebration ang tikoy for harmony and balance, puwedeng buchi para dumikit ang mga suwerte, pansit for long life, steamed fish na dapat nasa gitna ng table daw dahil nagre-represent ito ng abundance at prutas para pumasok ang suwerte like ponkan.","Ibinahagi rin niya na importante sa celebration ang tikoy for harmony and balance, puwedeng buchi para dumikit ang mga suwerte, pansit for long life, steamed fish na dapat nasa gitna ng table raw dahil nagre-represent ito ng abundance at prutas para pumasok ang suwerte like ponkan."
"Una rito, nagbibigay na ng go signal si Pangulong Rodrigo Duterte kay Defense Secretary Delfin Lorenzana para bumili ng 15 Black Hawk helicopters upang ipalit sa mga lumang Huey choppers ng PAF.","Una rito, nagbigay na ng go signal si Pangulong Rodrigo Duterte kay Defense Secretary Delfin Lorenzana para bumili ng 15 Black Hawk helicopters upang ipalit sa mga lumang Huey choppers ng PAF."
"Noong Mayo 2022, naisalba ang kita ng ma raming mangingisda sa Bolinao, Pangasinan sa tulong ng Habhub.","Noong Mayo 2022, naisalba ang kita ng maraming mangingisda sa Bolinao, Pangasinan sa tulong ng Habhub."
"Kabilang sa mga adbokasiya ng grupo ang pagsulong ng makataong pagtrato sa mga hayop, pagoptimize ng mga kakayahan ng mga K9 para sa mga operasyon ng paghahanap, pagsagip, at pagkuha, at pagpapakilos sa mga mahilig sa K9 tungo sa paghahanda sa sakuna at kamalayan sa kaligtasan.","Kabilang sa mga adbokasiya ng grupo ang pagsulong ng makataong pagtrato sa mga hayop, pag-optimize ng mga kakayahan ng mga K9 para sa mga operasyon ng paghahanap, pagsagip, at pagkuha, at pagpapakilos sa mga mahilig sa K9 tungo sa paghahanda sa sakuna at kamalayan sa kaligtasan."
"Ayon sa abogado ng Rappler na si Francis Lim, inaasahan nilang mapatutunayang walang sala ang mga nabanggit lalo nat nangangailangan ""proof beyond reasonable doubt"" sa isang criminal case.","Ayon sa abogado ng Rappler na si Francis Lim, inaasahan nilang mapatutunayang walang sala ang mga nabanggit lalo nat kinakailangan ""proof beyond reasonable doubt"" sa isang criminal case."
"Ito ang napagkasunduan ng MMDA at mga mall owners at operators na mag-uumpisa sa Nobyembre 14, 2022 at nagtapos hanggang Enero 6, 2023.","Ito ang napagkasunduan ng MMDA at mga mall owners at operators na mag-uumpisa sa Nobyembre 14, 2022 at magtatapos hanggang Enero 6, 2023."
Ng target adult population-ang maituturing na fully-vaccinated kabilang na rito ang bilang ng mga naturukan ng single-dose vaccine na Janssen.,Ng target adult population ang maituturing na fully-vaccinated kabilang na rito ang bilang ng mga naturukan ng single-dose vaccine na Janssen.
"Napag-alaman na ang mga kumpanyang, É??EncuentroÉ?ù, É??MagnusÉ?ù, at É??Oriental Capital VentureÉ?ù ay hindi pa nagbabayad ng mga kaululang fees at taxes kaya hindi pa pinapayagang magpalabas ng sabong sa kanilang-website, ayon kay Domingo.","Napag-alaman na ang mga kumpanyang, É??EncuentroÉ?ù, É??MagnusÉ?ù, at É??Oriental Capital VentureÉ?ù ay hindi pa nagbabayad ng mga kaululang fees at taxes kaya hindi pa pinapayagang magpalabas ng sabong sa kanilang website, ayon kay Domingo."
"Kung hindi, ang BSP na ang magdedesisyon para sa kanila sa katatawag nitong supervisory intervention.","Kung hindi, ang BSP na ang magdedesisyon para sa kanila sa tinatawag nitong supervisory intervention."
Humahanda na si chairman William É??ButchÉ?? Ramirez na iwan ang Philippine Sports Commission (PSC) kasabay ng pagbabago ng administrasyon sa susunod na taon.,Handa na si chairman William É??ButchÉ?? Ramirez na iwan ang Philippine Sports Commission (PSC) kasabay ng pagbabago ng administrasyon sa susunod na taon.
Ibubuhos nang San Sebastian at Jose Rizal University ang itinatagong lakas sa kanilang do-or-die match upang umabante sa second round ng stepladder semis ng NCAA Season 97 womens volleyball tournament sa The Arena sa San Juan City.,Ibubuhos ng San Sebastian at Jose Rizal University ang itinatagong lakas sa kanilang do-or-die match upang umabante sa second round ng stepladder semis ng NCAA Season 97 womens volleyball tournament sa The Arena sa San Juan City.
Abot ng mga operatiba ang suspek na nakasuot na lamang ng brief.,Inabutan ng mga operatiba ang suspek na nakasuot na lamang ng brief.
Sinabi pa ni Malazarte na hindi nila maaaring suportahan kandidatura ni Ferdinand É??BongbongÉ?ù Marcos Jr.,Sinabi pa ni Malazarte na hindi nila maaaring suportahan ang kandidatura ni Ferdinand É??BongbongÉ?ù Marcos Jr.
"Nagsusubok ngayon ng grupo na mapalawak ang produksyon ng recycled at sustainable paint at kalakip nitong water-treatment initiative para malinis at maibalik ang buhay sa mga sapa at ilog ng lugarVBL, GMA News.","Sinusubukan ngayon ng grupo na mapalawak ang produksyon ng recycled at sustainable paint at kalakip nitong water-treatment initiative para malinis at maibalik ang buhay sa mga sapa at ilog ng lugarVBL, GMA News."
Marami din siyang friends na Filipino sa Los Angeles kaya sikat siya sa Filipino crowd.,Marami rin siyang friends na Filipino sa Los Angeles kaya sikat siya sa Filipino crowd.
Nauna nang iniugnay nang Department of Energy (DOE) ang nakaraang oil price rollback sa inaasahang 100 basis point o full percentage point ng pagtaas ng interest rate ng US Federal Reserve ngayong buwan.,Nauna nang iniugnay ng Department of Energy (DOE) ang nakaraang oil price rollback sa inaasahang 100 basis point o full percentage point ng pagtaas ng interest rate ng US Federal Reserve ngayong buwan.
Todo naman daw ang suportang ibinigay nang asawang si Chris Tan kay Sherilyn.,Todo naman daw ang suportang ibinigay ng asawang si Chris Tan kay Sherilyn.
"Humindi pwedeng nagdadasal ka lang, siyempre nakakatulong yon.","Hindi pwedeng nagdadasal ka lang, siyempre nakakatulong yon."
"Aniya, nauunawaan nila na may malaking problema ngayon ang PhilHealth subalit nahihirapan ang mga ospital kung patuloy pa din na may mag-a-avail ng PhilHealth insurance ang mga dumarami pang pasyente kung wala ng pondong itutustos.","Aniya, nauunawaan nila na may malaking problema ngayon ang PhilHealth subalit nahihirapan ang mga ospital kung patuloy pa rin na may mag-a-avail ng PhilHealth insurance ang mga dumarami pang pasyente kung wala ng pondong itutustos."
"Hindi ko narinig ang lagaslas ng tubig, at ng lumabas ako ng banyo, nakita ko ang mga aso ko na bukas ang mga bibig at tumatahol siguro, pero waley akong marinig.","Hindi ko narinig ang lagaslas ng tubig, at nang lumabas ako ng banyo, nakita ko ang mga aso ko na bukas ang mga bibig at tumatahol siguro, pero waley akong marinig."
Hindi naman tayo puwedeng sumali na hihindi kinakabahan.,Hindi naman tayo puwedeng sumali na hindi kinakabahan.
'di ba sabi ng mga Pinoy puwede akong maging artista?,'Di ba sabi ng mga Pinoy noon puwede akong maging artista?
Ibinibigay ito sa-kanyang campaign manager para gamitin sa mga pag-iikot niya sa 4thdistrict.,Ibinibigay ito sa kanyang campaign manager para gamitin sa mga pag-iikot niya sa 4thdistrict.
Kung habulin pa daw siya ng mga pulis sa susunod ay tumakbo lamang daw ito sa kanila.,Kung habulin pa raw siya ng mga pulis sa susunod ay tumakbo lamang daw ito sa kanila.
Proud na proud ang mag-asawang Zoren Legaspi at Carmina Villarroel sa kanilang nanganganak na si Cassy Legaspi dahil sa natatanggap nitong mga papuri mula sa Kapuso viewers.,Proud na proud ang mag-asawang Zoren Legaspi at Carmina Villarroel sa kanilang anak na si Cassy Legaspi dahil sa natatanggap nitong mga papuri mula sa Kapuso viewers.
Bilang panganay na anak nina Lotlot at Ramon Christopher ay halos sa showbiz industry na din lumaki si Janine.,Bilang panganay na anak nina Lotlot at Ramon Christopher ay halos sa showbiz industry na rin lumaki si Janine.
"Nakaplano na ang buhay ni Irene Sa loob nang dalawang taon, pakakasalan niya ang kanyang longtime perfect boyfriend na si Nestor (Kelvin) at sa Australia na sila titira para makasama ang iba pa nilang kamag-anak.","Nakaplano na ang buhay ni Irene Sa loob ng dalawang taon, pakakasalan niya ang kanyang longtime perfect boyfriend na si Nestor (Kelvin) at sa Australia na sila titira para makasama ang iba pa nilang kamag-anak."
Pagkasakay ng biktima ay bigla itong tinutukan ng patalim ng suspek at nagdeklara ng holdap saka kumukuha ang kanyang mahahalagang gamit.,Pagkasakay ng biktima ay bigla itong tinutukan ng patalim ng suspek at nagdeklara ng holdap saka kinuha ang kanyang mahahalagang gamit.
"May naudlot na raw siyang gustong gawin nang magsimula ang quarantine, at ngayong back to work na siya at kagagawa na niya ang fantasy-action series niya sa GMA 7 na Agimat ng Agila.","May naudlot na raw siyang gustong gawin nang magsimula ang quarantine, at ngayong back to work na siya at ginawa na niya ang fantasy-action series niya sa GMA 7 na Agimat ng Agila."
Anya lalagyan rin dito ng souvenir shop at itatayo rin dito ang solar-powered comfort rooms sa Mandamus Office sa baywalk bilang bahagi ng rehabilitasyon ng Manila Bay.,Anya lalagyan din dito ng souvenir shop at itatayo rin dito ang solar-powered comfort rooms sa Mandamus Office sa baywalk bilang bahagi ng rehabilitasyon ng Manila Bay.
Matinding bakbakan ang nasilayan sa-buong panahon ng laban partikular na sa fifth set.,Matinding bakbakan ang nasilayan sa buong panahon ng laban partikular na sa fifth set.
"Sa ulat ni Darylle Marie Sarmiento sa GMA Regional TV News nitong Martes, sinabing nangyari ang krimen sa bahay ng magama sa Barangay Villa Hermosa.","Sa ulat ni Darylle Marie Sarmiento sa GMA Regional TV News nitong Martes, sinabing nangyari ang krimen sa bahay ng mag-ama sa Barangay Villa Hermosa."
Halos sabay nagumpisa ang dalawang programa pagkatapos mawalan ng franchise ang ABS-CBN.,Halos sabay nag-umpisa ang dalawang programa pagkatapos mawalan ng franchise ang ABS-CBN.
Sinabi ng mga tauhan ng POSO na wala ng pulso ang driver nang kanila itong tignan.,Sinabi ng mga tauhan ng POSO na wala nang pulso ang driver nang kanila itong tignan.
"Umapela ng tulong ang PGH sa publiko partikular ang donasyong industrial fans at oxygen tanks habang tumatanggap rin ng in-kind at cash donations, ayon sa pahayag ng ospital sa official Facebook page nito.","Umapela ng tulong ang PGH sa publiko partikular ang donasyong industrial fans at oxygen tanks habang tumatanggap din ng in-kind at cash donations, ayon sa pahayag ng ospital sa official Facebook page nito."
Hinihinalang matagal ng alitan ang motibo sa krimen.,Hinihinalang matagal nang alitan ang motibo sa krimen.
"Iniulat rin ng lokal na pamahalaan na sa kabuuan, umaabot na sa 4,957,785 doses ng bakuna ang naiturok ng ilalim ng #QCProtekTODO Vaccination Program sa tulong ng kanilang mga healthcare workers, staff at volunteers.","Iniulat din ng lokal na pamahalaan na sa kabuuan, umaabot na sa 4,957,785 doses ng bakuna ang naiturok ng ilalim ng #QCProtekTODO Vaccination Program sa tulong ng kanilang mga healthcare workers, staff at volunteers."
"Suportado ng Department of Health (DOH) ang panawagan ng ilang healthcare workers na itaas nang husto ang sweldo ng mga nurse, pero kinakailangan muna daw itong maisabatas.","Suportado ng Department of Health (DOH) ang panawagan ng ilang healthcare workers na itaas nang husto ang sweldo ng mga nurse, pero kinakailangan muna raw itong maisabatas."
"Ayon sa pamilya, nakipag-ugnayan sila sa surgeon na gumawa ng ilong ng biktima at sinabihan silang dalhin ito sa klinika pero dahil sa lumalalang kondisyon ni Karen ay kadadala ito sa Los Comuneros Clinic kung saan agad itong ipinasok sa ICU.","Ayon sa pamilya, nakipag-ugnayan sila sa surgeon na gumawa ng ilong ng biktima at sinabihan silang dalhin ito sa klinika pero dahil sa lumalalang kondisyon ni Karen ay dinala ito sa Los Comuneros Clinic kung saan agad itong ipinasok sa ICU."
"Pag nagfile na ng COC 'yung tao under one political party now, hindi na siya pwede technically mag-switch ng political parties kasi tapos na 'yung filing ng COC noong October 8, wika ni Comelec spokesperson James Jimenez sa TeleRadyo.","Pag nag-file na ng COC 'yung tao under one political party now, hindi na siya pwede technically mag-switch ng political parties kasi tapos na 'yung filing ng COC noong October 8, wika ni Comelec spokesperson James Jimenez sa TeleRadyo."
Maraming pagkakataon din na hindi pa sumusuweldo si premyadong aktres ay ipupunta na siya sa isang favorite boutique niya para tingnan ang mga puwede niyang bilhin kapag nakolekta na niya ang kanyang talent fee.,Maraming pagkakataon din na hindi pa sumusuweldo si premyadong aktres ay nagpupunta na siya sa isang favorite boutique niya para tingnan ang mga puwede niyang bilhin kapag nakolekta na niya ang kanyang talent fee.
Hindi pa raw nakakausap nang mga awtoridad ang driver para alamin kung ano ang nangyari.,Hindi pa raw nakakausap ng mga awtoridad ang driver para alamin kung ano ang nangyari.
"Twice a week, four hours per session, naiirita ako sa process, pero winawala na akong magagawa, iyon na talaga ang sinabi ng doktor ko, so behave na lang ako.","Twice a week, four hours per session, naiirita ako sa process, pero wala na akong magagawa, iyon na talaga ang sinabi ng doktor ko, so behave na lang ako."
"Kung pag-aaralan ninyo, lahat nang mga artistang nakipagdemandahan o lumayas sa kanilang mga producers, walang umangat maliban sa dalawa lang.","Kung pag-aaralan ninyo, lahat ng mga artistang nakipagdemandahan o lumayas sa kanilang mga producers, walang umangat maliban sa dalawa lang."
Nagstart 'yung aking YouTube channel sa pagva-vlog ay lagpas na ng isang taon noong 2019...,Nag-start 'yung aking YouTube channel sa pagva-vlog ay lagpas na ng isang taon noong 2019...
"Ngunit ki nagabihan nang mag-chat si Mystica sa kanilang group chat, kung saan kasama ang lahat ng mga artista at staff para sa mga importanteng concern.","Ngunit kinagabihan nang mag-chat si Mystica sa kanilang group chat, kung saan kasama ang lahat ng mga artista at staff para sa mga importanteng concern."
"Kuwento pa ng ng ilang residente, kailangan na lang nilang tipirin ang mga nabibiling sibuyas.","Kuwento pa ng ilang residente, kailangan na lang nilang tipirin ang mga nabibiling sibuyas."
"Kaugnay nito, lubos na nagpasalamat ang HNP na partido ni Sara sa suporta ng taumbayan sa posibleng pagtakbo nitong Pangulo sa halalan sa sumusunod na taon.","Kaugnay nito, lubos na nagpasalamat ang HNP na partido ni Sara sa suporta ng taumbayan sa posibleng pagtakbo nitong Pangulo sa halalan sa susunod na taon."
Magagamit ng mga residente ang pontoon bridge magmula umaga hanggang 6 gabi.,Magagamit ng mga residente ang pontoon bridge magmula umaga hanggang 6 ng gabi.
"Bakit kailangan nating i restrict lang ito, ang poprotektahan natin ang mga kababaihan?","Bakit kailangan nating i-restrict lang ito, ang poprotektahan natin ang mga kababaihan?"
"Panalo rin ang pelikula ngSecond Best Picture,ng Gatpuno Antonio J.","Nanalo rin ang pelikula ngSecond Best Picture,ng Gatpuno Antonio J."
Dumulog na din daw sila sa barangay pero sinabihan silang mas makakabubuti kung magsasagawa sila ng signature campaign laban sa ingay na idinudulot ng mga aso.,Dumulog na rin daw sila sa barangay pero sinabihan silang mas makakabubuti kung magsasagawa sila ng signature campaign laban sa ingay na idinudulot ng mga aso.
"Pangalawa, isinaad sa Family Code of the Philippines na hindi obligado ang lalaki na suportahan ang kaniyang asawang nakipag-live in dahil ito ang umalis sa ""conjugal home"" ng walang sapat na dahilan.","Pangalawa, isinaad sa Family Code of the Philippines na hindi obligado ang lalaki na suportahan ang kaniyang asawang nakipag-live in dahil ito ang umalis sa ""conjugal home"" nang walang sapat na dahilan."
"I choose to move forward and instead of magkaroon ng kasasama ng loob, maging grateful na lang tayo kasi lahat naman ng nangyayari sa buhay natin is a preparation kung anong susunod na gagawin mo sa next chapter.","I choose to move forward and instead of magkaroon ng sama ng loob, maging grateful na lang tayo kasi lahat naman ng nangyayari sa buhay natin is a preparation kung anong susunod na gagawin mo sa next chapter."
"Ang Thailand naman ay nakararanas ngayon ng COVID-19 outbreak makarang makapagtala 13,002 bagong kaso sa loob ng isang araw.","Ang Thailand naman ay nakararanas ngayon ng COVID-19 outbreak makarang makapagtala ng 13,002 bagong kaso sa loob ng isang araw."
"Nang lumipat ng pwesto si Crispin at nag-zoom-in ng camera, rito na raw nila nakuhanan ng mas maayos ang kinakatakutan sa kanilang bayan.","Nang lumipat ng pwesto si Crispin at nag-zoom-in ng camera, dito na raw nila nakuhanan ng mas maayos ang kinakatakutan sa kanilang bayan."
Kaya ang sinusundan na administrasyon lalo na sa DepEd ay dapat mas pagtuunan ng pansin ang STEM dahil ito ang kailangan natin ngayon.,Kaya ang susunod na administrasyon lalo na sa DepEd ay dapat mas pagtuunan ng pansin ang STEM dahil ito ang kailangan natin ngayon.
"Pinagbabaril hanggang sa mapatay ngisang mister ang kanyang live in partnerna negosyante dahil sa selos matapos na ihatid ng ibang lalaki ang biktima sa kanilang bahay noong Sabado sa Alamada, Cotabato.","Pinagbabaril hanggang sa mapatay ngisang mister ang kanyang live-in partnerna negosyante dahil sa selos matapos na ihatid ng ibang lalaki ang biktima sa kanilang bahay noong Sabado sa Alamada, Cotabato."
"You have to be active and yung mind mo kailangang mag work pa rin, sabi ni Ruffa tungkol sa kaniyang karanasan.","You have to be active and yung mind mo kailangang mag-work pa rin, sabi ni Ruffa tungkol sa kaniyang karanasan."
Naging okay na din naman ang dalawa at nagpatuloy sa chikahan kung saan kinuwento ni Long kung paano siya nagsimula sa industriya.,Naging okay na rin naman ang dalawa at nagpatuloy sa chikahan kung saan kinuwento ni Long kung paano siya nagsimula sa industriya.
"Tulad ni Yorme Isko, nanggaling din sa É??ibabaÉ?? si Kabayan Noli É?? sa pagiging production assistant noon kay Inday Badiday bago nakilala at sumikat sa pagho-host ng Magandang Gabi, Bayan at TV Patrol sa radyo at television hanggang pasukin ang pulitika after 25 years at nagnumber one sa pagka-senador noong 2001.","Tulad ni Yorme Isko, nanggaling din sa É??ibabaÉ?? si Kabayan Noli É?? sa pagiging production assistant noon kay Inday Badiday bago nakilala at sumikat sa pagho-host ng Magandang Gabi, Bayan at TV Patrol sa radyo at television hanggang pasukin ang pulitika after 25 years at nag-number one sa pagka-senador noong 2001."
"Hindi pa nakikita ang katawan ni Gabe kaya nagalok ang pulisya ng $100,000 reward sa sinumang makapagbibigay ng impormasyon para makita ang kaniyang mga labi.","Hindi pa nakikita ang katawan ni Gabe kaya nag-alok ang pulisya ng $100,000 reward sa sinumang makapagbibigay ng impormasyon para makita ang kaniyang mga labi."
"Kuwento ng isang saksi, pasakay na sa motorsiklo ang gunman pero babalik pa muli ang biktima at pinagbabaril ulit.","Kuwento ng isang saksi, pasakay na sa motorsiklo ang gunman pero binalikan pa muli ang biktima at pinagbabaril ulit."
"Si Kurt ang napaulat na isang nagpakilalang anak ng kongresista, ng tutukan ng baril, bugbugin at paluhurin ang security guard na si Jomar Pajares, nang hindi payagang pumasok ang sasakyan nito sa BF Homes dahil sa kawalan ng nakadikit sa sasakyan na sticker na requirement upang makapasok.","Si Kurt ang napaulat na isang nagpakilalang anak ng kongresista, nang tutukan ng baril, bugbugin at paluhurin ang security guard na si Jomar Pajares, nang hindi payagang pumasok ang sasakyan nito sa BF Homes dahil sa kawalan ng nakadikit sa sasakyan na sticker na requirement upang makapasok."
"Sa nakaraang panayam kay Dennis sa ""The Howie Severino Podcast,"" sinabi din ng aktor ang kagustuhan niyang gumanap na kontrabida.","Sa nakaraang panayam kay Dennis sa ""The Howie Severino Podcast,"" sinabi rin ng aktor ang kagustuhan niyang gumanap na kontrabida."
Sinabi pa ni Tolentino na noong siya ang chairman ng Metro Manila Development Authority (MMDA) ay madalas ang e arthquake drill sa Metro Manila.,Sinabi pa ni Tolentino na noong siya ang chairman ng Metro Manila Development Authority (MMDA) ay madalas ang earthquake drill sa Metro Manila.
"Sa Los Angeles, todo-todo ang pagpo-promote doon ng An Inconvenient Love dahil nag-promote roon ang DonBelle noong Nov.","Sa Los Angeles, todo-todo ang pagpo-promote roon ng An Inconvenient Love dahil nag-promote roon ang DonBelle noong Nov."
"Nawalan ng kontrol ang tricycle dahilan para sumirko ito at bumaliktad sa kalsada at mabangga naman ng paparating na pampasaherong jeepney (EVP-385) na nagmamaneho ni Domingo Mabini Dawal, 54-anyos, residente ng Brgy.","Nawalan ng kontrol ang tricycle dahilan para sumirko ito at bumaliktad sa kalsada at mabangga naman ng paparating na pampasaherong jeepney (EVP-385) na minamaneho ni Domingo Mabini Dawal, 54-anyos, residente ng Brgy."
Narito ang mga nabasa na ming komento sa social media.,Narito ang mga nabasa naming komento sa social media.
"Yung iba po, na confine rin tapos yung iba naman po after magamot, inadvise na rin na umuwi, dagdag niya.","Yung iba po, na-confine rin tapos yung iba naman po after magamot, inadvise na rin na umuwi, dagdag niya."
"Pero noÉ??ng na-realize ko na baka tinatapik lang ako ni Lord, baka iwawala ka na sa landas mo, don ako nabuhayan na hindi pala ako dapat manghihina dahil sa ibang tao,É?ù emosyonal na pahayag ni Loisa.","Pero noÉ??ng na-realize ko na baka tinatapik lang ako ni Lord, baka nawawala ka na sa landas mo, don ako nabuhayan na hindi pala ako dapat manghihina dahil sa ibang tao,É?ù emosyonal na pahayag ni Loisa."
"Para sa mga susunod na taon, ang kailangang pondo ay magsasama na sa taunang General Appropriations Act.","Para sa mga susunod na taon, ang kailangang pondo ay isasama na sa taunang General Appropriations Act."
"Itinalaga ang nasabing bilang sa ibat ibang campaign activities upang mapanatili ang kapayapaan ang kaayusan, kabilang pa ang mga naka-standby, sakaling kailanganin pa ng nagdaragdag na puwersa.","Itinalaga ang nasabing bilang sa ibat ibang campaign activities upang mapanatili ang kapayapaan ang kaayusan, kabilang pa ang mga naka-standby, sakaling kailanganin pa ng dagdag na puwersa."
Pero hihindian rin daw nila kayang tanggihan ang huling hiling ng isang tao na nais umanong mapasaya ang kaniyang mga mahal sa buhay hanggang sa huling pagkakataon.,Pero hindi rin daw nila kayang tanggihan ang huling hiling ng isang tao na nais umanong mapasaya ang kaniyang mga mahal sa buhay hanggang sa huling pagkakataon.
"Kami po ay pumapayag dahil may batas na tayo na sasabihin na ang Presidente ang magdedesisyon tungkol sa pagbukas at pagsara ng ating mga programa sa DepEd, on the recommendation of the DepEd, ayon kay Briones.","Kami po ay pumapayag dahil may batas na tayo na nagsasabi na ang Presidente ang magdedesisyon tungkol sa pagbukas at pagsara ng ating mga programa sa DepEd, on the recommendation of the DepEd, ayon kay Briones."
"Inaanyayahan tinatayuan ng Pagbasa na tularan natin ang dakilang ""pag-ibig"" ng ating Panginoong HesuKristo, na inialay ang sarili para sa lahat--maging sa mga makasalanan.","Inaanyayahan tayo ng Pagbasa na tularan natin ang dakilang ""pag-ibig"" ng ating Panginoong HesuKristo, na inialay ang sarili para sa lahat--maging sa mga makasalanan."
Sa mga LGU at mga pribadong kumpanya na obserbahan ang vaccine cold storage standards na itinatakda ng national government at huwag lang basta magsagawa ng sarili nilang refrigeration measures upang hinihindian masayang ang mga bakuna.,Sa mga LGU at mga pribadong kumpanya na obserbahan ang vaccine cold storage standards na itinatakda ng national government at huwag lang basta magsagawa ng sarili nilang refrigeration measures upang hindi masayang ang mga bakuna.
Madalas na nagpo-post ni Chuckie ng mga video sa kaniyang social media account na sumasayaw kasama ang iba pang katrabaho-sa naturang series.,Madalas na nagpo-post ni Chuckie ng mga video sa kaniyang social media account na sumasayaw kasama ang iba pang katrabaho sa naturang series.
Tinitipid rin ang TV shows dahil kaunti ang commercials dahil nagtitipid din ang mga kumpanya na lahat bagsak ang sales dahil sa napakasama ngang kalagayan ng ekonomiya.,Tinitipid din ang TV shows dahil kaunti ang commercials dahil nagtitipid din ang mga kumpanya na lahat bagsak ang sales dahil sa napakasama ngang kalagayan ng ekonomiya.
"Hanggat hindi pa nagiisyu ng formal approval ang pamunuan natin dito ay hindi pa sila pwedeng maningil, ani Corpus.","Hanggat hindi pa nag-iisyu ng formal approval ang pamunuan natin dito ay hindi pa sila pwedeng maningil, ani Corpus."
"Idinagdag ng opisyal na kalalagay na ang naturang dayuhan sa BIs blacklist at hindi na maaaring bumalik sa Pilipinas FRJ, GMA Integrated News.","Idinagdag ng opisyal na ilalagay na ang naturang dayuhan sa BIs blacklist at hindi na maaaring bumalik sa Pilipinas FRJ, GMA Integrated News."
Kinumpirma kahapon ng Department of of Tourism (DoT) na isa pang Pinay ang nahuling lumabag sa COVID-19 mandatory quarantine matapos mag-post sa social media ng kaniyang pagtungo sa isang massage session.,Kinumpirma kahapon ng Department of Tourism (DoT) na isa pang Pinay ang nahuling lumabag sa COVID-19 mandatory quarantine matapos mag-post sa social media ng kaniyang pagtungo sa isang massage session.
Ang naglalaro sa isip namin ngayon ay hindi na uli siya tanggap kung sakali man dahil kawalan ng loyalty sa GMA-7 ang ginawa niya nun.,Ang naglalaro sa isip namin ngayon ay hindi na uli siya tatanggapin kung sakali man dahil kawalan ng loyalty sa GMA-7 ang ginawa niya nun.
"Kinilala ang mga biktima na si incumbent municipal councilor Helen Advincula Garay, 53-anyos, na kumakandidatong vice mayor at ang dalawang negosyante na parehong kandidato naman bilang konsehal na si Kareen Dela Rosa Averilla, 44-anyos, residente-ng Brgy.","Kinilala ang mga biktima na si incumbent municipal councilor Helen Advincula Garay, 53-anyos, na kumakandidatong vice mayor at ang dalawang negosyante na parehong kandidato naman bilang konsehal na si Kareen Dela Rosa Averilla, 44-anyos, residente ng Brgy."
Nagtrain ako ng Tango bago ako umalis pero I was surprised kasi pagdating ko don iba pala yung Tango na nakakasanayan nating makita sa YouTube and É??yung Tango na ginagawa nila which they call Milonga.,Nag-train ako ng Tango bago ako umalis pero I was surprised kasi pagdating ko don iba pala yung Tango na nakakasanayan nating makita sa YouTube and É??yung Tango na ginagawa nila which they call Milonga.
Kaya sana maganda ang suporta sa kanila para sa pinaghahandaan nilang laban sa 2024 Olympics na gumagawa naman sa Paris.,Kaya sana maganda ang suporta sa kanila para sa pinaghahandaan nilang laban sa 2024 Olympics na gagawin naman sa Paris.
"Yong mga expert na magtuturo ng kanilang kaalaman para makabalik sa new normal ang buhay natin, dagdag ni Galvez.","Yong mga expert na ito magtuturo ng kanilang kaalaman para makabalik sa new normal ang buhay natin, dagdag ni Galvez."
Sa isang panayam sinabi ni Mark Anthony na wala siyang health condition ngayon kaya wala din siyang kailangang inumin na mga maintenance medicine.,Sa isang panayam sinabi ni Mark Anthony na wala siyang health condition ngayon kaya wala rin siyang kailangang inumin na mga maintenance medicine.
"Ayon sa ina ni Christine na si Sharon, na nakabase sa General Santos City, pinayagan niya ang anak na dumalo sa party dahil makakakita niya na kasamahan nito sa trabaho ang kasama.","Ayon sa ina ni Christine na si Sharon, na nakabase sa General Santos City, pinayagan niya ang anak na dumalo sa party dahil nakita niya na kasamahan nito sa trabaho ang kasama."
At matagal ng paniniwala ko na magiging maganda ang dating ni Pangulong Marcos dito sa Davos.,At matagal nang paniniwala ko na magiging maganda ang dating ni Pangulong Marcos dito sa Davos.
Kasasabi ni Rayver na si Julie Anne ang gusto niyang makasama sa kanyang future.,Sinasabi ni Rayver na si Julie Anne ang gusto niyang makasama sa kanyang future.
Sana mag-stick po tayo na mali ang timing ng ginawa Shopee sa pag magpapaalis ng mga tauhan nila at pagbabawas.,Sana mag-stick po tayo na mali ang timing ng ginawa Shopee sa pag alis ng mga tauhan nila at pagbabawas.
"Eh ngayon, puro indie rin, idagdag mo pa ang restrictions, ano ang inaasahan mong mangyayari, himala.","Eh ngayon, puro indie rin, idagdag mo pa ang restrictions, ano ang aasahan mong mangyayari, himala."
Ito ang papalit sa ti meslot ng The Fake Life na magtatapos na bukas.,Ito ang papalit sa timeslot ng The Fake Life na magtatapos na bukas.
Nabuo-ang tambalang FranSeth para sa teleseryeng Dirty Linen.,Nabuo ang tambalang FranSeth para sa teleseryeng Dirty Linen.
"Sa segment na ""Hirit Pa More ni Mareng Winnie"" sa GMA show na ""Unang Hirit,"" sinabi ni Pinoy Laughter Yoga president Paolo Trinidad, na nagpapakawala ang pagtawa ng tinatawag na ""endorphins"" na lalaban sa depresyon.","Sa segment na ""Hirit Pa More ni Mareng Winnie"" sa GMA show na ""Unang Hirit,"" sinabi ni Pinoy Laughter Yoga president Paolo Trinidad, na nagpapakawala ang pagtawa ng tinatawag na ""endorphins"" na lumalaban sa depresyon."
"So, mahirap na i-extend, hanggang riyan lang talaga siya, saad ng EP na si Mark Anthony Norella.","So, mahirap na i-extend, hanggang diyan lang talaga siya, saad ng EP na si Mark Anthony Norella."
"Lahat ng 40 stars na pumirma mukhang may kararating dahil iba rin naman ang build-up ni direk Dyogi, ang training, at kung paano nila i-present ang stars nila.","Lahat ng 40 stars na pumirma mukhang may mararating dahil iba rin naman ang build-up ni direk Dyogi, ang training, at kung paano nila i-present ang stars nila."
Bukod sa ilang mga sintomas ay dinatnan na raw sa pagkakataong hindi maalala ng singer maging ang pangalan ng alagang aso.,Bukod sa ilang mga sintomas ay dumating na raw sa pagkakataong hindi maalala ng singer maging ang pangalan ng alagang aso.
"Sa kanyang pagtungo sa PAO, sinabi ni ni Gng.","Sa kanyang pagtungo sa PAO, sinabi ni Gng."
"Samantala, naikuwento rin ni LJ na okay na okay sila ngayon ng mga anak sa New York at unti-unti na ring nakakapag-adjust sa buhay nila doon kasama ang kanyang pamilya.","Samantala, naikuwento rin ni LJ na okay na okay sila ngayon ng mga anak sa New York at unti-unti na ring nakakapag-adjust sa buhay nila roon kasama ang kanyang pamilya."
Nakaapekto din aniya ang pag-aalala at mental stress na labis na nakakaapekto sa puso.,Nakaapekto rin aniya ang pag-aalala at mental stress na labis na nakakaapekto sa puso.
"Ang sentro ay nasa Calatagan, Batangas at at may lalim na 123 km at tectonic ang pinagmulan.","Ang sentro ay nasa Calatagan, Batangas at may lalim na 123 km at tectonic ang pinagmulan."
"Tapos lately nagkakaron na yung mga article, yung pagclick bait nung mga nilalagay nilang news, medyo masakit sa part ko and pati dun sa part ng mga friends ko na dapat hindi ganun dahil di naman talaga nila binabasa talaga yung buong kwento or napapakinggan.","Tapos lately nagkakaron na yung mga article, yung pag-click bait nung mga nilalagay nilang news, medyo masakit sa part ko and pati dun sa part ng mga friends ko na dapat hindi ganun dahil di naman talaga nila binabasa talaga yung buong kwento or napapakinggan."
"Sa kabila nito, kasasabi ni Finance Secretary Benjamin Diokno na ""misunderstood"" lang ang presidente dahil ""year-on-year"" inflation rate raw mula Enero hanggang Hunyo ang kanyang tinitignan.","Sa kabila nito, sinabi ni Finance Secretary Benjamin Diokno na ""misunderstood"" lang ang presidente dahil ""year-on-year"" inflation rate raw mula Enero hanggang Hunyo ang kanyang tinitignan."
"Sa video na ipinakita sa GMA News ""Unang Balita,"" kung gaano kabilis sa pagtakbo si Panda nang madinig na bumili sila ng pandesal.","Sa video na ipinakita sa GMA News ""Unang Balita,"" kung gaano kabilis sa pagtakbo si Panda nang madinig na bibili sila ng pandesal."
Tumanggi umano ang suspek na humarap sa camera pero inamin niyang humawak niya mga maselang bahagi ng katawan ng mga biktima.,Tumanggi umano ang suspek na humarap sa camera pero inamin niyang hinawakan niya mga maselang bahagi ng katawan ng mga biktima.
Hunyo noong 2021 nang mag-audition si Nightbirde at ipinamalas sa mga manonood ang kaniyang determinasyon na maging masaya at manatiling positibo sa buhay sa kabila nang kaniyang paglaban sa sakit--na batid niyang napakaliit ng tiyansa niyang magtagumpay.,Hunyo noong 2021 nang mag-audition si Nightbirde at ipinamalas sa mga manonood ang kaniyang determinasyon na maging masaya at manatiling positibo sa buhay sa kabila ng kaniyang paglaban sa sakit--na batid niyang napakaliit ng tiyansa niyang magtagumpay.
"Ngunit habang tumatagal siyang walang trabaho, mas tumatagal rin ang pagkawalay ng kaniyang mga anak sa kaniya.","Ngunit habang tumatagal siyang walang trabaho, mas tumatagal din ang pagkawalay ng kaniyang mga anak sa kaniya."
"Ayon kay Krissy Achino, nagbook sila para sa staycation ng pamilya sa Tagaytay para sana roon ipagdiwang ang Bagong Taon.","Ayon kay Krissy Achino, nag-book sila para sa staycation ng pamilya sa Tagaytay para sana roon ipagdiwang ang Bagong Taon."
"Sa kuwento ni Bisaya, noong Thursday night daw ay-tinawagan niya si Venice.","Sa kuwento ni Bisaya, noong Thursday night daw ay tinawagan niya si Venice."
"Ito, ay kahit pa una ng inilabas ng Comelec kamakailan ang inaprubahan nilang dagdag na honoraria para sa mga guro, bilang antisipasyon sa mas mahabang voting hours sa araw ng halalan.","Ito, ay kahit pa una nang inilabas ng Comelec kamakailan ang inaprubahan nilang dagdag na honoraria para sa mga guro, bilang antisipasyon sa mas mahabang voting hours sa araw ng halalan."
Hindi naman sure kung magdyowa na dahil iba-iba naman raw ang meaning ng É??datingÉ?ù sa mga kabataan dito sa Pilipinas hindi tulad sa ibang bansa na kapag sinabing É??datingÉ?ù ay magdyowa na talaga.,Hindi naman sure kung magdyowa na dahil iba-iba naman daw ang meaning ng É??datingÉ?ù sa mga kabataan dito sa Pilipinas hindi tulad sa ibang bansa na kapag sinabing É??datingÉ?ù ay magdyowa na talaga.
Pinagtatanggal ng mga tauhan ng MMDA ang mga sinakyan na ilegal na nakaparada sa kalsada at maging sa mga bangketa.,Pinagtatanggal ng mga tauhan ng MMDA ang mga sasakyan na ilegal na nakaparada sa kalsada at maging sa mga bangketa.
"Si Miho naman kasi, nitong panahon ng COVID-19 pandemic, walang projects at literal na nganga lang sila ng anak niyang si Aimi sa kanilang condominium unit kasama ang kan yang nanay.","Si Miho naman kasi, nitong panahon ng COVID-19 pandemic, walang projects at literal na nganga lang sila ng anak niyang si Aimi sa kanilang condominium unit kasama ang kanyang nanay."
"Tinukoy ni Tuazon ang bumigay-na Uninterruptible Power Supply (UPS) kaya nag-shutdown ang Communications, Navigation, and Surveillance/Air Traffic Management (CNS/ATM) System ng Civil Aviation Authority of the Philippines.","Tinukoy ni Tuazon ang bumigay na Uninterruptible Power Supply (UPS) kaya nag-shutdown ang Communications, Navigation, and Surveillance/Air Traffic Management (CNS/ATM) System ng Civil Aviation Authority of the Philippines."
Tama ba chikang wala pa naman talagang relasyon ang dalawa?,Tama ba ang chikang wala pa naman talagang relasyon ang dalawa?
At kadadating ang araw na ang lahat ng kabutihan natin ay aanihin natin sa tulong ng Panginoon.,At darating ang araw na ang lahat ng kabutihan natin ay aanihin natin sa tulong ng Panginoon.
Umaabot sa 22 kilo ng hinihinalang shabu na nagkakahalaga ng halos P150 milyon ang nabawi sa dalawa.,Aabot sa 22 kilo ng hinihinalang shabu na nagkakahalaga ng halos P150 milyon ang nabawi sa dalawa.
Ang mga daga ay sinasanay sa paghahanap ng landmine dahil sa lakas ng kanilang pang-amoy at pagiging magaan na kaya nilang tumapak ng bomba nang kahihindi ito sumasabog.,Ang mga daga ay sinasanay sa paghahanap ng landmine dahil sa lakas ng kanilang pang-amoy at pagiging magaan na kaya nilang tumapak ng bomba nang hindi ito sumasabog.
"Dahil sa malaki ang bahay at hinihingal si Guy, kapag iniikot ang bahay dahil sa asthma, sakay siya sa wheelchair.","Dahil sa malaki ang bahay at hinihingal si Guy, kapag iniikot ang bahay dahil sa asthma, sumakay siya sa wheelchair."
Nakita natin na bumalik naman ang mga kaso ng exploitation and trafficking.Hindi.,Nakita natin na bumalik na naman ang mga kaso ng exploitation and trafficking.Hindi.
"Yung mga kasama ko, nagluluto ng ham ham.","Yung mga kasama ko, nagluluto ng ham."
"Samantala, dahil sa sinabi ni former senator Tito Sotto na may offer sa kanila ang dalawang c hannel para sa nasabing programa, narinig ko na may possibility nga raw na madala ang buong programa sa ibang network dahil ilalaban daw talaga ng TVJ.","Samantala, dahil sa sinabi ni former senator Tito Sotto na may offer sa kanila ang dalawang channel para sa nasabing programa, narinig ko na may possibility nga raw na madala ang buong programa sa ibang network dahil ilalaban daw talaga ng TVJ."
Kaya naman nagiging madali ang katatrabaho nito bilang import kung saan anim na puntos lamang ang nagawa nito sa panalo ng Crossovers sa F2 Logistics at 12 puntos sa kanilang panalo sa Cignal HD.,Kaya naman nagiging madali ang trabaho nito bilang import kung saan anim na puntos lamang ang nagawa nito sa panalo ng Crossovers sa F2 Logistics at 12 puntos sa kanilang panalo sa Cignal HD.
"Siguro nakabuti rin na nasa Tarlac si Joshua at na-miss nang husto ni Bimby, ganundin si Joshua na hinanap din ang yayakap ng kapatid.","Siguro nakabuti rin na nasa Tarlac si Joshua at na-miss nang husto ni Bimby, ganundin si Joshua na hinanap din ang yakap ng kapatid."
"Ayon kay Carlos, naka-""private time"" siya sa Balesin at nagpasundo siya sa PNP chopper sa naturang lugar nang magkaproblema sa schedule ang pribadong sasakay na orihinal na dapat na susundo sa kaniya.","Ayon kay Carlos, naka-""private time"" siya sa Balesin at nagpasundo siya sa PNP chopper sa naturang lugar nang magkaproblema sa schedule ang pribadong sasakyan na orihinal na dapat na susundo sa kaniya."
"Tumapos si Lee na may 14 points tampok ang dalawang sunod na three-point shots sa dulo nang final canto na nag-iwan sa Beermen, may 3-5 baraha, sa 83-76 sa huling 53.4.","Tumapos si Lee na may 14 points tampok ang dalawang sunod na three-point shots sa dulo ng final canto na nag-iwan sa Beermen, may 3-5 baraha, sa 83-76 sa huling 53.4."
"Ayon sa OCTA group na bagamat may naganap na pagbaba sa hawaan ng virus sa Metro Manila, higit pa din ang dapat na pag-iingat ng mamamayan dahil nananatiling nasa kritikal pang kondisyon ang rehiyon sa virus.","Ayon sa OCTA group na bagamat may naganap na pagbaba sa hawaan ng virus sa Metro Manila, higit pa rin ang dapat na pag-iingat ng mamamayan dahil nananatiling nasa kritikal pang kondisyon ang rehiyon sa virus."
"Pero pagdating nila sa checkout area, nilapag niya ang bag niya, pero na-out of balance kaya nahuhulog kasama ang pinitik niyang tea set sa room service sana ng hotel.","Pero pagdating nila sa checkout area, nilapag niya ang bag niya, pero na-out of balance kaya nahulog kasama ang pinitik niyang tea set sa room service sana ng hotel."
Na umalingasaw umano ang malan sang amoy.,Na umalingasaw umano ang malansang amoy.
Inihayag ito ng Japanese Prime Minister sa 20 minutong paguusap nila ni Duterte sa telepono nitong Miyerkoles.,Inihayag ito ng Japanese Prime Minister sa 20 minutong pag-uusap nila ni Duterte sa telepono nitong Miyerkoles.
"Hindi rin ito nagpapahintulot sa sinumang tao o kompanya na mag-alok o magbenta ng passport appointment slot, nagsasabi nito.","Hindi rin ito nagpapahintulot sa sinumang tao o kompanya na mag-alok o magbenta ng passport appointment slot, sinabi nito."
"Hawak na ng-pulisya ang suspek na si Julius Bibay, 32, ng #1146 Lontoc Apartment, Brgy.","Hawak na ng pulisya ang suspek na si Julius Bibay, 32, ng #1146 Lontoc Apartment, Brgy."
"Pero base sa latest showbiz update vlog ni Ogie Diaz, ayon raw sa kanyang source ay hiwalay na nga ang dalawa.","Pero base sa latest showbiz update vlog ni Ogie Diaz, ayon daw sa kanyang source ay hiwalay na nga ang dalawa."
"Tapos say niya, di pa ready mag-shooting.","Tapos say niya, di pa siya ready mag-shooting."
"Kasasabi nga ni Dondon, naniniwala siyang nandito pa rin ang COVID-19 kahit bumababa na ang kaso, pero hindi pa raw ito tuluyang mawala.","Sabi nga ni Dondon, naniniwala siyang nandito pa rin ang COVID-19 kahit bumababa na ang kaso, pero hindi pa raw ito tuluyang mawala."
"Nangako rin ang grupo na magbibigay ng tulong sa lahat ng pamilyang Filipino, women groups at sa mass society, pag promote ng pag-ibig para sa bansa, pangangalaga sa kapaligiran at pagprotekta sa karapatan ng bawat mamamayan.","Nangako rin ang grupo na magbibigay ng tulong sa lahat ng pamilyang Filipino, women groups at sa mass society, pag-promote ng pag-ibig para sa bansa, pangangalaga sa kapaligiran at pagprotekta sa karapatan ng bawat mamamayan."
"Syempre po kami po hindi po kami nakukuntento dapat kahit napapanalunan po kami, dapat tumingin pa rin po kami sa brighter side na meron pa kami kayang i-improve like yung errors namin kaya pa namin siya iminimize and yung consistency talaga namin, ani reigning MVP Bella Belen.","Syempre po kami po hindi po kami nakukuntento dapat kahit nanalo po kami, dapat tumingin pa rin po kami sa brighter side na meron pa kami kayang i-improve like yung errors namin kaya pa namin siya iminimize and yung consistency talaga namin, ani reigning MVP Bella Belen."
Lumalabas sa imbestigasyon na nagpapa-vulcanize ng gulong ng kanyang motorsiklo si Collado nang babaan siya ng grupo ng mga killer mula sa humintong pickup truck nagsaka siya pinagbabaril dakong alas-12 ng tanghali.,Lumalabas sa imbestigasyon na nagpapa-vulcanize ng gulong ng kanyang motorsiklo si Collado nang babaan siya ng grupo ng mga killer mula sa humintong pickup truck saka siya pinagbabaril dakong alas-12 ng tanghali.
Nananatiling nasa alert level 2 ang Bulkang Taal sa Batangas bagamat hihindi nagkakaroon ng volcanic earthquake sa nakalipas na 24 oras.,Nananatiling nasa alert level 2 ang Bulkang Taal sa Batangas bagamat hindi nagkakaroon ng volcanic earthquake sa nakalipas na 24 oras.
"Bilang bahagi ng pinalakas na security operations para sa É??Ligtas Paskuhan 2022É?ù, nagsagawa ng pagiinspeksiyon sa mga bus terminals sa Metro Manila si Philippine National Police(PNP) Chief P/Gen.","Bilang bahagi ng pinalakas na security operations para sa É??Ligtas Paskuhan 2022É?ù, nagsagawa ng pag-iinspeksiyon sa mga bus terminals sa Metro Manila si Philippine National Police(PNP) Chief P/Gen."
Kasasabi ni Estoperez na nag-uumpisa pa lamang magtanim ng sibuyas ang mga magsasaka sa Nueva Ecija habang mayroon nang ani ang mga magsasaka sa Tarlac na tinatawag na É??talangÉ?ù subalit hindi matiyak kung kayang tugunan ang kailangang supply ng mga mamimilit.,Sinabi ni Estoperez na nag-uumpisa pa lamang magtanim ng sibuyas ang mga magsasaka sa Nueva Ecija habang mayroon nang ani ang mga magsasaka sa Tarlac na tinatawag na É??talangÉ?ù subalit hindi matiyak kung kayang tugunan ang kailangang supply ng mga mamimilit.
"Ginoogle (Google) niya yung É??Jewel pilot Philippines,É?? tapos roon lumabas lahat yung information about me.","Ginoogle (Google) niya yung É??Jewel pilot Philippines,É?? tapos doon lumabas lahat yung information about me."
"Dahil 27-anyos na, nagsasabi ni Derrick na panahon na para maghanap siya ng taong magiging kasama niya sa buhay.","Dahil 27-anyos na, sinabi ni Derrick na panahon na para maghanap siya ng taong magiging kasama niya sa buhay."
Inilunsad noong Abril 4 ang É??Bus ni ISKOÉ?ù campaign caravan na naglalayong ikampanya ang kandidatura ni Mayor Isko dahil maniniwala sila sa mga nagawa nito sa Maynila ay magagawa rin sa buong bansa.,Inilunsad noong Abril 4 ang É??Bus ni ISKOÉ?ù campaign caravan na naglalayong ikampanya ang kandidatura ni Mayor Isko dahil naniniwala sila sa mga nagawa nito sa Maynila ay magagawa rin sa buong bansa.
"Wala anya siyang anumang sintomas, ngunit ihihiwalay siya bilang pagiingat hanggang sa matapos ang kanyang isolation period.","Wala anya siyang anumang sintomas, ngunit ihihiwalay siya bilang pag-iingat hanggang sa matapos ang kanyang isolation period."
"Nag-advise na din daw siya sa MWP organizer at ang wish niya, ma-clear ang air, pag-usapan na lang dahil umamin nga raw ang roommate niya na sa kanya (roommate) nag-start ang lahat ng intriga at nag-sorry naman daw ito sa harap ng ibang contestants.","Nag-advise na rin daw siya sa MWP organizer at ang wish niya, ma-clear ang air, pag-usapan na lang dahil umamin nga raw ang roommate niya na sa kanya (roommate) nag-start ang lahat ng intriga at nag-sorry naman daw ito sa harap ng ibang contestants."
Upang malibang ay kinailangan umanong binibili ng komedyante ng badminton net at basketball ding upang mayroon silang mapaglibangan ng kasintahang si Ion Perez sa bahay.,Upang malibang ay kinailangan umanong bumili ng komedyante ng badminton net at basketball ding upang mayroon silang mapaglibangan ng kasintahang si Ion Perez sa bahay.
"Pinagsasaksak at napatay ng isang lalaki ang kaniyang kainuman ng hindi paniwalaan at pagtawanan pa siya sa kaniyang ikinukuwento, nitong Martes ng madaling araw sa Tondo, Maynila.","Pinagsasaksak at napatay ng isang lalaki ang kaniyang kainuman nang hindi paniwalaan at pagtawanan pa siya sa kaniyang ikinukuwento, nitong Martes ng madaling araw sa Tondo, Maynila."
"Nandito ngayon sa Pilipinas si Anne, pero hindi pa raw sila nagkita ni Nico dahil abala rin raw siya.","Nandito ngayon sa Pilipinas si Anne, pero hindi pa raw sila nagkita ni Nico dahil abala rin daw siya."
"Ang average kaya lumalakas po ang peso kaya maganda naman ang kayayari sa atin, pahayag ni Dr. Fernando Martinez, chairman ng IPPCA.","Ang average kaya lumalakas po ang peso kaya maganda naman ang nangyayari sa atin, pahayag ni Dr. Fernando Martinez, chairman ng IPPCA."
"Bong at nalagpasan na rin ni Mayor Lani ang Angiogram, at nag-bonding pa silang mag asawa sa isang kuwarto sa hospital.","Bong at nalagpasan na rin ni Mayor Lani ang Angiogram, at nag-bonding pa silang mag-asawa sa isang kuwarto sa hospital."
Mahiyain raw si Maine?,Mahiyain daw si Maine?
Hindi pa rin sumusuko si dating Senador Bongbong Marcos ng muling magsampa ng É??motion for reconsiderationÉ?? sa Presidential Electoral Tribunal (PET) para mabaligtad ang pagbasura sa kaniyang É??election protestÉ?? laban kay Vice-President Leni Robredo.,Hindi pa rin sumusuko si dating Senador Bongbong Marcos nang muling magsampa ng É??motion for reconsiderationÉ?? sa Presidential Electoral Tribunal (PET) para mabaligtad ang pagbasura sa kaniyang É??election protestÉ?? laban kay Vice-President Leni Robredo.
"Pero malay nyo rin, bigla na lang magkatotoo ang wild dream ko, promise, invite ko rin kayo sa tour ng Malaca?Òang, magtour guide na lang ako.","Pero malay nyo rin, bigla na lang magkatotoo ang wild dream ko, promise, invite ko rin kayo sa tour ng Malaca?Òang, mag-tour guide na lang ako."
Sinabi naman ni Interior Secretary Eduardo A?Òo na nagsasagawa rin nang sariling imbestigasyon ang Criminal Investigation and Detection Group (CIDG) sa insidente.,Sinabi naman ni Interior Secretary Eduardo A?Òo na nagsasagawa rin ng sariling imbestigasyon ang Criminal Investigation and Detection Group (CIDG) sa insidente.
"Wagi rin ang Pag-alala sa Kadakilaan: Tribute to Frontliners bilang Best Public Service TV Ad at Best TV Ad (Branded) naman ang Hindi Ka Nag-iisa, na isang teaser para sa teleseryeng Huwag Kang Mangamba.","Nagwagi rin ang Pag-alala sa Kadakilaan: Tribute to Frontliners bilang Best Public Service TV Ad at Best TV Ad (Branded) naman ang Hindi Ka Nag-iisa, na isang teaser para sa teleseryeng Huwag Kang Mangamba."
Kasi hindi natin alam kung ano ang nangyayari bukas.,Kasi hindi natin alam kung ano ang mangyayari bukas.
Idinulog na din umano nila ang nasabing problema kina Mayor Arthur Robes at asawa nitong si Congreswoman Florida Robes pero ikinatuwiran umano ng mga ito na wala sa kontrol ng pamahalaang lokal ang problema kundi nasa Local Water Utilities Administration.,Idinulog na rin umano nila ang nasabing problema kina Mayor Arthur Robes at asawa nitong si Congreswoman Florida Robes pero ikinatuwiran umano ng mga ito na wala sa kontrol ng pamahalaang lokal ang problema kundi nasa Local Water Utilities Administration.
É??ayaw ko din namang madaliin.,É??Ayaw ko rin namang madaliin.
"Kahit na wala pang rehistro sa Pilipinas ang ivermectin para gamitin sa tao nilabanan sa COVID-19, una nang pinagkalooban ng compassionate special permit (CSP) ng FDA ang ilang mga ospital sa Pilipinas para gamitin ito sa ganoong kaparaanan, bagay na kailangang i-apply ng doktor sa kanilang mga pasyente.","Kahit na wala pang rehistro sa Pilipinas ang ivermectin para gamitin sa tao laban sa COVID-19, una nang pinagkalooban ng compassionate special permit (CSP) ng FDA ang ilang mga ospital sa Pilipinas para gamitin ito sa ganoong kaparaanan, bagay na kailangang i-apply ng doktor sa kanilang mga pasyente."
"Ayon pa sa PagAsa, nasa panahon ngayon ng transition period na unti-unting kumakawala ang hanging habagat at inaasahang pasok na ang hanging amihan o ang malamig na panahon na palagiang nararansan kapag malapit na ang panahon ng Kapaskuhan.","Ayon pa sa PagAsa, nasa panahon ngayon ng transition period na unti-unting kumakawala ang hanging habagat at inaasahang papasok na ang hanging amihan o ang malamig na panahon na palagiang nararansan kapag malapit na ang panahon ng Kapaskuhan."
Biglaan naman yata ang sinasabing split na daw sina Rabiya Mateo at Jeric Gonzales.,Biglaan naman yata ang sinasabing split na raw sina Rabiya Mateo at Jeric Gonzales.
"Ang Reggaeton ang paborito ng JBK sapagkat naipapakita nito ang vocal bravado ng mga miyembro, at nagbigay pugay rin ito sa Pinoy cultural roots at influences.","Ang Reggaeton ang paborito ng JBK sapagkat naipapakita nito ang vocal bravado ng mga miyembro, at nagbibigay pugay rin ito sa Pinoy cultural roots at influences."
"Taong 2017 ng maging magkarelasyon ang dalawa, at marami ang sumuporta sa kanilang kulitan bilang magkasintahan na makikikita sa kanilang vlog.--FRJ.","Taong 2017 nang maging magkarelasyon ang dalawa, at marami ang sumuporta sa kanilang kulitan bilang magkasintahan na makikikita sa kanilang vlog.--FRJ."
Idinagdag pa na mayroon din silang standby credit line sa landbank of the Philippines para sa pambili ng bakuna.,Idinagdag pa niya na mayroon din silang standby credit line sa landbank of the Philippines para sa pambili ng bakuna.
"Ang opensiba ng 602ndInfantry Brigade sa ilang bahagi ng 220,000-ektaryang Liguasan Delta, nag simula noong Marso 21 at tumagal hanggang Sabado ng umaga, ay inilunsad matapos isuplong ng mga residente ng magkatabing bayan ng Pagalungan at Montawal sa Maguindanao del Sur ang presensya doon ng mga teroristang pinamumunuan ni Almoben Sebud.","Ang opensiba ng 602ndInfantry Brigade sa ilang bahagi ng 220,000-ektaryang Liguasan Delta, nag simula noong Marso 21 at tumagal hanggang Sabado ng umaga, ay inilunsad matapos isuplong ng mga residente ng magkatabing bayan ng Pagalungan at Montawal sa Maguindanao del Sur ang presensya roon ng mga teroristang pinamumunuan ni Almoben Sebud."
"Samantala, dahil sa nararanasang krisis, umani ang É??bayanihan spiritÉ?ù sa bayan ng Pola na nasa ilalim ng É??state of calamityÉ?ù dahil sa epekto ng oil spill sa sa kanilang kalikasan at kanilang pangkabuhayan.","Samantala, dahil sa nararanasang krisis, umani ang É??bayanihan spiritÉ?ù sa bayan ng Pola na nasa ilalim ng É??state of calamityÉ?ù dahil sa epekto ng oil spill sa kanilang kalikasan at kanilang pangkabuhayan."
"If a case is filed against you kasi pera ito, either pera na binulsa ninyo o hindi niyo ginamit o kung anong kabalastugan ang kagagawa ninyo sa pera, wika pa ng Pangulo.","If a case is filed against you kasi pera ito, either pera na binulsa ninyo o hindi niyo ginamit o kung anong kabalastugan ang ginawa ninyo sa pera, wika pa ng Pangulo."
"Dahil hindi din nahulaan ng ikatlong pares na player na magkapatid na Claire at Alyssa ang pinapahulaang salita na ""Panda,"" sina Sandra at Pancake na naglaro sa jackpot round.","Dahil hindi rin nahulaan ng ikatlong pares na player na magkapatid na Claire at Alyssa ang pinapahulaang salita na ""Panda,"" sina Sandra at Pancake na naglaro sa jackpot round."
Hangad rin ni Padilla ang paggaling ni Kris sa pambihirang sakit nito na Eosinophilic Granulomatosis with Polyangiitis.,Hangad din ni Padilla ang paggaling ni Kris sa pambihirang sakit nito na Eosinophilic Granulomatosis with Polyangiitis.
"Ang balita ay inilabas ng mga ahensya, Miyerkules, matapos ang ""mahigpit"" na pagsusuri sa Chinese drug, na una nang hihindi inirekomenda ng FDA sa mga 60-anyos pataas at mga healthcare workers na exposed sa COVID-19.","Ang balita ay inilabas ng mga ahensya, Miyerkules, matapos ang ""mahigpit"" na pagsusuri sa Chinese drug, na una nang hindi inirekomenda ng FDA sa mga 60-anyos pataas at mga healthcare workers na exposed sa COVID-19."
"Kris will always be special sa lahat nang tao na natulungan niya, sa mga kaibigan niya, at lalo na sa nagmamahal sa kanya.","Kris will always be special sa lahat ng tao na natulungan niya, sa mga kaibigan niya, at lalo na sa nagmamahal sa kanya."
Matagal ng hinihintay ng mga staff ang pagkawala ng show niya.,Matagal nang hinihintay ng mga staff ang pagkawala ng show niya.
"Wika pa ng mambabatas, hindi ito makabubuti sa mental health ng mga empleyado at makakaapekto na din sa pakikiisa nila sa kanilang pamilya.","Wika pa ng mambabatas, hindi ito makabubuti sa mental health ng mga empleyado at makakaapekto na rin sa pakikiisa nila sa kanilang pamilya."
Hindi magbibigay ng pahayag si Bangang.,Hindi nagbigay ng pahayag si Bangang.
Sa Class 2 na sinakyan (buses at mga maliliit na trucks) at P8.00.,Sa Class 2 na sasakyan (buses at mga maliliit na trucks) at P8.00.
Ito raw ang dahilan kaya humahanap ng kapitan at kagawad ang mga sangkot sa gulo na humantong sa pananakit sa binatilyo.,Ito raw ang dahilan kaya hinanap ng kapitan at kagawad ang mga sangkot sa gulo na humantong sa pananakit sa binatilyo.
"Sabagay, mental exercise din at pang-alis boredom ito kaya siguro pinatulan ni Vice.","Sabagay, mental exercise rin at pang-alis boredom ito kaya siguro pinatulan ni Vice."
"Nagbababala ang pamunuan ng Metropolitan Manila Development Authority (MMDA) sa mga nasa likod ng iligal na ""bentahan ng slots"" para sa COVID-19 vaccination, bagay na mauuwi raw sa paghimas ng rehas kung nagkataon.","Nagbabala ang pamunuan ng Metropolitan Manila Development Authority (MMDA) sa mga nasa likod ng iligal na ""bentahan ng slots"" para sa COVID-19 vaccination, bagay na mauuwi raw sa paghimas ng rehas kung nagkataon."
Binigyan ng Inter-Agency Task Force (IATF) ng É??green lghtlÉ?? no ong Disyembre 15 ang mga national athletes na magbalik-ensayo sa loob ng É??bubbleÉ??.,Binigyan ng Inter-Agency Task Force (IATF) ng É??green lghtlÉ?? noong Disyembre 15 ang mga national athletes na magbalik-ensayo sa loob ng É??bubbleÉ??.
"Pebrero 6nang magtala ng 33 active cases ang lungsod, subalit su mirit ito sa 99 noong Biyernes.","Pebrero 6nang magtala ng 33 active cases ang lungsod, subalit sumirit ito sa 99 noong Biyernes."
Ito ang sasabihin ni Sir Jose Manuel sa programa ni Karen Davila sa ANC kahapon.,Ito ang sinabi ni Sir Jose Manuel sa programa ni Karen Davila sa ANC kahapon.
"Si Billy raw ay iho host ang dating programang napapanood sa TV5, ang The Wall: Philippines habang si Matteo ay may gagawin namang teleserye.","Si Billy raw ay iho-host ang dating programang napapanood sa TV5, ang The Wall: Philippines habang si Matteo ay may gagawin namang teleserye."
"Samantala, kanselado na din ang nasa 135 biyahe ng Japan Airlines at All Nippon Airways kahapon bilang pag-iingat sa panganib ng super typhoon.","Samantala, kanselado na rin ang nasa 135 biyahe ng Japan Airlines at All Nippon Airways kahapon bilang pag-iingat sa panganib ng super typhoon."
Ibinagi rin niya ang madamdaming caption-na nangakong maging best mom sa anak.,Ibinagi rin niya ang madamdaming caption na nangakong maging best mom sa anak.
"Ilang saglit pa, nahilo na rin ang katabi niyang bata, na nanghina at tuluyang nawalan nang malay.","Ilang saglit pa, nahilo na rin ang katabi niyang bata, na nanghina at tuluyang nawalan ng malay."
Ayon naman kay Vice ay talagang iniiyakan pa ni Ion noon ang mga masasakit na salitang maririnig tungkol sa kanilang relasyon.,Ayon naman kay Vice ay talagang iniiyakan pa ni Ion noon ang mga masasakit na salitang naririnig tungkol sa kanilang relasyon.
Labis na nagpasalamat sa Diyos si Go sa pagliligtas sa kanyang buhay sa pagsasabing maaaring hindi siya pinag-adya na mapahamak dahil sa mga misyon na kakailanganin pa niyang tuparin.,Labis na nagpasalamat sa Diyos si Go sa pagliligtas sa kanyang buhay sa pagsasabing maaaring hindi siya pinag-adya na mapahamak dahil sa mga misyon na kinakailangan pa niyang tuparin.
"Giit pa niya, edited na ang mga kumakalat na video at hindi na isinama ang part kung saan binawi niya ang kanyang sinabi af humingi siya ng tawad sa mga na offend sa tinuran niya.","Giit pa niya, edited na ang mga kumakalat na video at hindi na isinama ang part kung saan binawi niya ang kanyang sinabi af humingi siya ng tawad sa mga na-offend sa tinuran niya."
Hindi napipigilan ni Manilyn Reynes na maging emotional kapag napapag usapan ang kanyang amang namayapa.,Hindi napipigilan ni Manilyn Reynes na maging emotional kapag napapag-usapan ang kanyang amang namayapa.
Hindi ko lang nagugustuhan yung nasusulat na P2.8M.,Hindi ko lang nagustuhan yung nasusulat na P2.8M.
"Love boxes ang ipinamahagi nung Kapaskuhan ni Gretchen, ngayon naman ay truck-truck na bigas para sa mga frontliners ang ipinadadala niya, meron rin siyang ibinibigay na tulong-pampinansiyal sa maraming ospital.","Love boxes ang ipinamahagi nung Kapaskuhan ni Gretchen, ngayon naman ay truck-truck na bigas para sa mga frontliners ang ipinadadala niya, meron din siyang ibinibigay na tulong-pampinansiyal sa maraming ospital."
"Ayon sa pangulo ng Pwersa ng Masang Pilipino, ang unemployment insurance ay matagal nang gawa sa ibang bansa.","Ayon sa pangulo ng Pwersa ng Masang Pilipino, ang unemployment insurance ay matagal nang ginagawa sa ibang bansa."
"(rpmd) sa pamumuno ni Dr. Paul Martinez, muling nakapagtala si Quezon City Mayor Joy Belmonte ng malaking porsiyento kumpara sa kanyang mga posibleng makatunggali sa-darating na halalan.","(RPMD) sa pamumuno ni Dr. Paul Martinez, muling nakapagtala si Quezon City Mayor Joy Belmonte ng malaking porsiyento kumpara sa kanyang mga posibleng makatunggali sa darating na halalan."
Sana nga ay pag-usapan rin ang tungkol sa movie industry ng lahat ng mga presidentiable.,Sana nga ay pag-usapan din ang tungkol sa movie industry ng lahat ng mga presidentiable.
"Ayon rin noon sa DOH, marami noong residente ng isla ang may sobra nang taglay na zinc at copper sa katawan matapos ang aksidente.","Ayon din noon sa DOH, marami noong residente ng isla ang may sobra nang taglay na zinc at copper sa katawan matapos ang aksidente."
"Sariaya, Quezon, Philippines É?? Dahil sa matinding selos, pinagsasaksak hanggang sa mapatay ang isang ginang ng kanyang live-in partner samantalang namatay din ang suspek nang barilin ng kapatid ng biktima kamakalawa ng madaling araw sa Sitio Duluhan, Barangay Manggalang 1 sa bayang ito.","Sariaya, Quezon, Philippines É?? Dahil sa matinding selos, pinagsasaksak hanggang sa mapatay ang isang ginang ng kanyang live-in partner samantalang namatay rin ang suspek nang barilin ng kapatid ng biktima kamakalawa ng madaling araw sa Sitio Duluhan, Barangay Manggalang 1 sa bayang ito."
Ikinatwiran ng en banc na wala namang iprinisinta na bagong ebidensya o-mga isyu ang mga petitioner para makumbinsi sila na baligtarin ang unang desisyon ng First Division.,Ikinatwiran ng en banc na wala namang iprinisinta na bagong ebidensya o mga isyu ang mga petitioner para makumbinsi sila na baligtarin ang unang desisyon ng First Division.
Ang daddy raw niya ang unang nagpasok sa kanya sa pag-aartista nung hindi raw sumipot ang batang talent bale anak ng pamilya ni Maureen Hultman.,Ang daddy raw niya ang unang nagpasok sa kanya sa pag-aartista nung hindi raw sumipot ang batang talent na bale anak ng pamilya ni Maureen Hultman.
Wala ring aparato na gamit si Jorge pero kaya raw niyang alamin ang sakit ng isang tao gamit lang ang kandila at papel.,Wala ring aparato na ginagamit si Jorge pero kaya raw niyang alamin ang sakit ng isang tao gamit lang ang kandila at papel.
Binigyang diin ni Salceda na angÉ??AmBisyon Natin 2040É??ay sadyang kinailangan bilang solusyon sa mga hamong dulot ng sistema sa pulitika ng bansa kung saan limitado ang termino ng Pangulo sa anim na taon lamang kaya dapat na matugunan ito ng É??long-term planningÉ?? o higit na matagal na balangkas at malinaw na pananaw sa É??socioeconomic developmentÉ??.,Binigyang diin ni Salceda na angÉ??AmBisyon Natin 2040É??ay sadyang kailangan bilang solusyon sa mga hamong dulot ng sistema sa pulitika ng bansa kung saan limitado ang termino ng Pangulo sa anim na taon lamang kaya dapat na matugunan ito ng É??long-term planningÉ?? o higit na matagal na balangkas at malinaw na pananaw sa É??socioeconomic developmentÉ??.
"Anyway, yan at marami pang iba ang mag-uusap sa episode 123 ng Take It...","Anyway, yan at marami pang iba ang pinag-usapan sa episode 123 ng Take It..."
"Anyway, kung umakyat sa alert level 4, malamang magsara na naman ang mga sinehan dahil kahapon ay all time high na 26,458 new cases.","Anyway, kung aakyat sa alert level 4, malamang magsara na naman ang mga sinehan dahil kahapon ay all time high na 26,458 new cases."
Kami po ang dapat magpasalamat inyong lahat dahil binigyan nyo po kami ng pagkakataon na makapagserbisyo sa inyo...,Kami po ang dapat magpasalamat sa inyong lahat dahil binigyan nyo po kami ng pagkakataon na makapagserbisyo sa inyo...
Isa sa pinaka generous na tao na nakilala ko si Dra.,Isa sa pinaka-generous na tao na nakilala ko si Dra.
Patuloy na inalam ang pagkakakilanlan ng mga magulang ng sanggol na posibleng nag-iwan sa kaniya sa lugar.,Patuloy na inaalam ang pagkakakilanlan ng mga magulang ng sanggol na posibleng nag-iwan sa kaniya sa lugar.
"Ang basic needs nila, hindi pa din nila nairaraos, paano na ang pambili nila ng gamot?","Ang basic needs nila, hindi pa rin nila nairaraos, paano na ang pambili nila ng gamot?"
"Marso 2022 lang rin nang igiit ng kanyang karibal sa pagkapangulo na si Bise Presidente Leni Robredo na ise-""certify as urgent"" niya ang pagbubuwag sa kontraktwalisasyon.","Marso 2022 lang din nang igiit ng kanyang karibal sa pagkapangulo na si Bise Presidente Leni Robredo na ise-""certify as urgent"" niya ang pagbubuwag sa kontraktwalisasyon."
"Nakapagtala ang HongKong ng 11,600 kaso at 209 deaths deaths.","Nakapagtala ang HongKong ng 11,600 kaso at 209 deaths."
Napangsin ang post ng kaibigan ng biktima at positibong kinilala ang ninakaw na speaker sa makakabit sa motorsiklo.,Ngunit napangsin ang post ng kaibigan ng biktima at positibong kinilala ang ninakaw na speaker sa makakabit sa motorsiklo.
"Bukod sa kulong, pagmumultahin rin ng mula P1 milyon hanggang P3 milyon.","Bukod sa kulong, pagmumultahin din ng mula P1 milyon hanggang P3 milyon."
"Siyempre, maingat pa rin na hindi naman nila ginawa ang isang intimate scene just because.","Siyempre, maingat pa rin na hindi naman nila gagawin ang isang intimate scene just because."
Makikita sa parteng likod ng bahay ang butas na dinadaanan ng suspek.,Makikita sa parteng likod ng bahay ang butas na dinaanan ng suspek.
"Maliban sa apat na ginto, humirit rin ang Pinoy kickboxing team ng isang pilak at anim na tanso.","Maliban sa apat na ginto, humirit din ang Pinoy kickboxing team ng isang pilak at anim na tanso."
"Kaya naman posibleng sa sumusunod na rookie draft na lamang makapagpartisipa sina Brickman, Ganuelas-Rosser at Gray.","Kaya naman posibleng sa susunod na rookie draft na lamang makapagpartisipa sina Brickman, Ganuelas-Rosser at Gray."
"Pero para sa isang doktor na kritiko ng proseso, wala pang nadidiskubre sa ngayon na paraan para ma-revive ang mga naka-preserve na katawan, at wala pang katiyakan na na magkakaroon nito sa hinaharap.","Pero para sa isang doktor na kritiko ng proseso, wala pang nadidiskubre sa ngayon na paraan para ma-revive ang mga naka-preserve na katawan, at wala pang katiyakan na magkakaroon nito sa hinaharap."
Pinapakita umano ito na wala silang idineklarang kita.,Nagpapakita umano ito na wala silang idineklarang kita.
"Ayon pa sa alkalde, ang hakbang ay hindi lamang makatitiyak ng balanced diet sa mga bata kundi malaking katipiran rin ito sa bahagi ng mga mag-aaral dahil mas mahal ang bumili ng lutong pagkain sa labas.","Ayon pa sa alkalde, ang hakbang ay hindi lamang makatitiyak ng balanced diet sa mga bata kundi malaking katipiran din ito sa bahagi ng mga mag-aaral dahil mas mahal ang bumili ng lutong pagkain sa labas."
Agad din nag-organisa ang Marikina LGU nang Bayanihan Mode sa tulong ng mga Marike?Òo volunteers na nagtrabaho ng dalisay at tapat para maibigay sa mga residente ang kanilang É??essential needsÉ?ù.,Agad din nag-organisa ang Marikina LGU ng Bayanihan Mode sa tulong ng mga Marike?Òo volunteers na nagtrabaho ng dalisay at tapat para maibigay sa mga residente ang kanilang É??essential needsÉ?ù.
Pinaka problem nga namin ni Rambo ay yung kailangan ko unahin yung career ko.,Pinaka-problem nga namin ni Rambo ay yung kailangan ko unahin yung career ko.
So doon pa lang malaki na yung advantage pero tingin ko yung clincher talaga yung materyal saka role ng lahat ng character lalo na yung role ni Ate Guy.,So roon pa lang malaki na yung advantage pero tingin ko yung clincher talaga yung materyal saka role ng lahat ng character lalo na yung role ni Ate Guy.
Nabatid-na ang naturang shipment ay nagmula sa Nigeria at idineklara bilang É??food stuffÉ?ù.,Nabatid na ang naturang shipment ay nagmula sa Nigeria at idineklara bilang É??food stuffÉ?ù.
Kung tiningnan niyo napakaganda kasi corporate ang look niya eh.,Kung titingnan niyo napakaganda kasi corporate ang look niya eh.
"Sobra ang kaniyang pasasalamat sa P100,000 na kaniyang napanalunan dahil gagamitin raw niya ito sa negosyo.","Sobra ang kaniyang pasasalamat sa P100,000 na kaniyang napanalunan dahil gagamitin daw niya ito sa negosyo."
"Pero in fairness ha, parehong karapat dapat sila base sa experience nila at ipinakitang trabaho.","Pero in fairness ha, parehong karapat-dapat sila base sa experience nila at ipinakitang trabaho."
"Sa nalalapit na election fever, magiging panahon na din ito sa performers na madalas na nakakaraket sa campaign period.","Sa nalalapit na election fever, magiging panahon na rin ito sa performers na madalas na nakakaraket sa campaign period."
Ibinibigay ko lahat sa asawa ko.,Ibinigay ko lahat sa asawa ko.
Bahagya namang umakyat sa 92 ang death toll rate ng PNP matapos maitala ang isang-bagong nasawi kahapon.,Bahagya namang umakyat sa 92 ang death toll rate ng PNP matapos maitala ang isang bagong nasawi kahapon.
"Mahirap na part noong nangyari ang lockdown all over the world, di namin aalamin ang gagawin, kung ano ang next move.","Mahirap na part noong nangyari ang lockdown all over the world, di namin alam ang gagawin, kung ano ang next move."
"China pala may-ari ng lahat ng panda sa buong mundo, even the ones in the zoos,"" paliwanag ni Mars Iya Villania sa segment na Talaga Ba Mars?","China pala ang may-ari ng lahat ng panda sa buong mundo, even the ones in the zoos,"" paliwanag ni Mars Iya Villania sa segment na Talaga Ba Mars?"
"É??Hindi po natin hahayaang dumanak ang karahasan lalo nat bubuhayin ng aking pamilya ang nakataya sa usaping ito,É?ù ayon sa kanyang pahayag.","É??Hindi po natin hahayaang dumanak ang karahasan lalo nat buhay ng aking pamilya ang nakataya sa usaping ito,É?ù ayon sa kanyang pahayag."
"Nagdadala kami ng pagkain, tapos tsinelas.","Nagdala kami ng pagkain, tapos tsinelas."
Hindi din dapat nagkakaroon ng insecurity ang isang artista para kay Toni.,Hindi rin dapat nagkakaroon ng insecurity ang isang artista para kay Toni.
Nag-pursige kami ng The Gigi Vibes band na gumawa sariling songs.,Nag-pursige kami ng The Gigi Vibes band na gumawa ng sariling songs.
"Cavite, Philippines É?? Arestado ang isang hinihinalang drug dealer matapos magdeliver ng nasa P1.3.","Cavite, Philippines É?? Arestado ang isang hinihinalang drug dealer matapos mag-deliver ng nasa P1.3."
"Kapag may may show, pag may, pelikula may pera, pahayag niya.","Kapag may show, pag may, pelikula may pera, pahayag niya."
"Kinakagat daw ng mga aso ang ahas pero sa kasamaang-palad ay natuklaw sila na naging sanhi ng kanilang pagkamatay kalaunanKBK, GMA Integrated News.","Kinagat daw ng mga aso ang ahas pero sa kasamaang-palad ay natuklaw sila na naging sanhi ng kanilang pagkamatay kalaunanKBK, GMA Integrated News."
"Sa ulat ng GMA News ""Unang Balita"" nitong Miyerkules, nagsabi ng mga eksperto na ang liyama at iba pang kabilang sa ""camel"" family ay may kakayahang gumawa ng bersiyon ng antibodies na puwede raw ipangdagdag sa bakuna ng mga tao na mahina ang immune system.","Sa ulat ng GMA News ""Unang Balita"" nitong Miyerkules, sinabi ng mga eksperto na ang liyama at iba pang kabilang sa ""camel"" family ay may kakayahang gumawa ng bersiyon ng antibodies na puwede raw ipangdagdag sa bakuna ng mga tao na mahina ang immune system."
Naglong drive si Lola Eva at ang mister niyang si Michael mula sa San Diego para mapanood si Janine.,Nag-long drive si Lola Eva at ang mister niyang si Michael mula sa San Diego para mapanood si Janine.
"Paliwanag ni Jennylyn, wala namang mawawala kung susundin ang tradisyunal na paraan ng pagaalaga kahit pa ang iba ay itinuturing na pamahiin.","Paliwanag ni Jennylyn, wala namang mawawala kung susundin ang tradisyunal na paraan ng pag-aalaga kahit pa ang iba ay itinuturing na pamahiin."
"Taliwas sa paniniwala ng ilan, hindi dapat mariin na hinihilod ang mga siko at tu hod.","Taliwas sa paniniwala ng ilan, hindi dapat mariin na hinihilod ang mga siko at tuhod."
"Kasi, baka medyo nada-down kami, baka naiinip kami dahil matagal na magstart yung show, pahayag ni Miguel na gumaganap bilang si Steve sa Voltes V.","Kasi, baka medyo nada-down kami, baka naiinip kami dahil matagal na mag-start yung show, pahayag ni Miguel na gumaganap bilang si Steve sa Voltes V."
"Sa tulong din aniya nito, mahahadlangan na magkaroon ng mga pre registratered na SIM cards, na ipagbibili sa iba.","Sa tulong din aniya nito, mahahadlangan na magkaroon ng mga pre-registratered na SIM cards, na ipagbibili sa iba."
"Ayon sa pulisya, minamaneho ni Maniebo ang isang Nmax motorcycle at nakaangkas ang kalive in at binabagtas ang barangay ro ad nang salpukin ng hindi natukoy na uri ng sasakyan dakong alas-8:00 ng gabi.","Ayon sa pulisya, minamaneho ni Maniebo ang isang Nmax motorcycle at nakaangkas ang kalive in at binabagtas ang barangay road nang salpukin ng hindi natukoy na uri ng sasakyan dakong alas-8:00 ng gabi."
"May shooting break sila, at papag-usapan tungkol sa susunod na eksenang kukunan.","May shooting break sila, at nag-uusap tungkol sa susunod na eksenang kukunan."
"Col. William Angway, chief of police ng Sariaya, alas-9:00 ng umaga nang dumating sa Zafari Beach Resort ang mga biktima at iba pa nilang mga kaanak doon magdaos ng outing o swimming.","Col. William Angway, chief of police ng Sariaya, alas-9:00 ng umaga nang dumating sa Zafari Beach Resort ang mga biktima at iba pa nilang mga kaanak upang doon magdaos ng outing o swimming."
"Mula sa bahay, nakamotor siya at roon na siya sinabayan ng mga bumaril at dito naabutan sa Barangay Lasip.","Mula sa bahay, nakamotor siya at doon na siya sinabayan ng mga bumaril at dito naabutan sa Barangay Lasip."
"Bagong kotseng Toyota Alphard ang gamit ngayon ng isang magandang aktres, na ikinataas ng kilay ng mga tsismosa dahil nakakaduda daw kung bakit nakabili siya ng ganun kamahal na sasakyan.","Bagong kotseng Toyota Alphard ang gamit ngayon ng isang magandang aktres, na ikinataas ng kilay ng mga tsismosa dahil nakakaduda raw kung bakit nakabili siya ng ganun kamahal na sasakyan."
Wala namang naiulat na nadakip na cultivator o may ari ng nasabing mga plantasyon.,Wala namang naiulat na nadakip na cultivator o may-ari ng nasabing mga plantasyon.
Kasabay pa rin itong ipatutupad kasama ng mga pilot granular lockdown kahit una-nang naibalitang baka luwagan ito sa Alert Level 2.,Kasabay pa rin itong ipatutupad kasama ng mga pilot granular lockdown kahit una nang naibalitang baka luwagan ito sa Alert Level 2.
Pero ngayon ang-dami na natin sa bahay tapos lahat parang kailangang gastusan.,Pero ngayon ang dami na natin sa bahay tapos lahat parang kailangang gastusan.
At sigurado daw siyang magiging isang mabuting ina dahil ganun siyang pinalaki ng kanyang mama Bob na sumakabilang buhay last year.,At sigurado raw siyang magiging isang mabuting ina dahil ganun siyang pinalaki ng kanyang mama Bob na sumakabilang buhay last year.
"Akala nga niya naglalaro lang daw, siyempre bata pa po 'yun, naglalaro lang raw 'yung mommy niya tsaka si Kerwin, Tito Pipoy ang tawag po niya, sabi ni Jhen.","Akala nga niya naglalaro lang daw, siyempre bata pa po 'yun, naglalaro lang daw 'yung mommy niya tsaka si Kerwin, Tito Pipoy ang tawag po niya, sabi ni Jhen."
"Sa nanguha ng CCTV, makikita ang biktima na bumibili nang biglang sumulpot ang salarin at malapitan siyang pinagbabaril habang nakatalikod.","Sa kuha ng CCTV, makikita ang biktima na bumibili nang biglang sumulpot ang salarin at malapitan siyang pinagbabaril habang nakatalikod."
"Nagkasama naman sina Althea at Jillian sa Prima Donnas noong 2019, kung saan pa nagkaroon ng Book 2 ang hit-afternoon series.","Nagkasama naman sina Althea at Jillian sa Prima Donnas noong 2019, kung saan pa nagkaroon ng Book 2 ang hit afternoon series."
Magmamadali ang pagbabakuna para hindi abutan ng expiration ang mga bakuna at para agad na makuha ang herd immunity mula sa nasabing virus.,Minamadali ang pagbabakuna para hindi abutan ng expiration ang mga bakuna at para agad na makuha ang herd immunity mula sa nasabing virus.
"Saka pag nalulungkot ako sa bahay, lumalabas lang ako pupunta ako sa Klownz at Zirkoh, manonood lang ako sa mga bading ko dun.","Saka pag nalulungkot ako sa bahay, lalabas lang ako pupunta ako sa Klownz at Zirkoh, manonood lang ako sa mga bading ko dun."
"Sa ulat ni Paul Hernandez ng GMA Regional TV É??Balitang Southern TagalogÉ?ù, kinilala ng pulisya ang 45-anyos na biktima na si Jomar Caguicla, na nasawi ng dalhin ito sa ospital.","Sa ulat ni Paul Hernandez ng GMA Regional TV É??Balitang Southern TagalogÉ?ù, kinilala ng pulisya ang 45-anyos na biktima na si Jomar Caguicla, na nasawi nang dalhin ito sa ospital."
"Isa sa binigay na halimbawa ni Densing ay ang ang naging kaso ng isang overseas Filipino worker sa United Arab Emirates na noong umuwi sa Mandaue City, Cebu ay nagpositibo sa COVID-19 kahit pa nabakunahan na.","Isa sa binigay na halimbawa ni Densing ay ang naging kaso ng isang overseas Filipino worker sa United Arab Emirates na noong umuwi sa Mandaue City, Cebu ay nagpositibo sa COVID-19 kahit pa nabakunahan na."
"Sa unang subok, ilang beses na natumba at hihindian nakatayo sa wakeboard ang aktres.","Sa unang subok, ilang beses na natumba at hindi nakatayo sa wakeboard ang aktres."
"Ayon sa naturang driver, may biglang tumawid na tao kung kaya biglang kinabig ni to ang manibela dahilan upang mawalan ng menor at tuluyang naararo ng ambulansya ang anim na sasakyan na nakaparada sa gilid ng kalsada at nadamay rin na nasalpok ang isang puwesto ng lugawan.","Ayon sa naturang driver, may biglang tumawid na tao kung kaya biglang kinabig nito ang manibela dahilan upang mawalan ng menor at tuluyang naararo ng ambulansya ang anim na sasakyan na nakaparada sa gilid ng kalsada at nadamay rin na nasalpok ang isang puwesto ng lugawan."
"Katatapos sinabi ko sa kanya, É??Pakiramdam ko hindi mo ako naa-appreciate.É??","Tapos sinabi ko sa kanya, É??Pakiramdam ko hindi mo ako naa-appreciate.É??"
"Base sa survey ng Pulse Asia na isinagawa noong Setyembre 17-21 sa 1,200 adults, pinakamarami sa-mga respondent sa Metro Manila ang nagsabi nito na umabot sa 87%, 92% sa Luzon, 77% sa Visayas at 81% sa Mindanao.","Base sa survey ng Pulse Asia na isinagawa noong Setyembre 17-21 sa 1,200 adults, pinakamarami sa mga respondent sa Metro Manila ang nagsabi nito na umabot sa 87%, 92% sa Luzon, 77% sa Visayas at 81% sa Mindanao."
May paniniwala daw na kapag nagwagayway ka ng walis tingting o itak ay lalayo ang buhawi.,May paniniwala raw na kapag nagwagayway ka ng walis tingting o itak ay lalayo ang buhawi.
Sinabi ni Locsin na kukuhain nila ang serbisyo ng QRS para sa ginhawa at proteksiyon ng mga aplikante laban sa peligro ng COVID-19 at hindi para makunsumi at sumakit ang ulo sa kunsumisyon.,Sinabi ni Locsin na kinuha nila ang serbisyo ng QRS para sa ginhawa at proteksiyon ng mga aplikante laban sa peligro ng COVID-19 at hindi para makunsumi at sumakit ang ulo sa kunsumisyon.
Matapos ang opening sa Hunyo 13 ay si simulan kinabuksan ang online chess at taekwondo (poomsae at speed kicking) competitions.,Matapos ang opening sa Hunyo 13 ay sisimulan kinabuksan ang online chess at taekwondo (poomsae at speed kicking) competitions.
Hindi nila kasama si Miles.,Ngunit hindi nila kasama si Miles.
Dinadaanan ang halos isang oras bago bumalik sa kanilang sasakyan ang kasama ng matanda.,Dumaan ang halos isang oras bago bumalik sa kanilang sasakyan ang kasama ng matanda.
"So, mahirap pa yung manggagaling pa sa labas, kadadagdag niyang pahayag.","So, mahirap pa yung manggagaling pa sa labas, dagdag niyang pahayag."
Hindi na ito napaliit ng San Miguel sa final canto kung saan sila-naiwanan sa 84-106 sa 1:53 minuto.,Hindi na ito napaliit ng San Miguel sa final canto kung saan sila naiwanan sa 84-106 sa 1:53 minuto.
"Hay naku, talaga palang masyadong É??playgayÉ?ù ang naitsismis naming gay politician na nakasalubong namin sa coffee shop nang isang five-star hotel, kasama ang isang É??male athlete-starlet.É?ù","Hay naku, talaga palang masyadong É??playgayÉ?ù ang naitsismis naming gay politician na nakasalubong namin sa coffee shop ng isang five-star hotel, kasama ang isang É??male athlete-starlet.É?ù"
"Kamakailan lang, nakuhanan rin ng video ang agawan at balyahan ng mga namimili ng ukay-ukay sa isang pamilihan naman sa Lupon, Davao Oriental.","Kamakailan lang, nakuhanan din ng video ang agawan at balyahan ng mga namimili ng ukay-ukay sa isang pamilihan naman sa Lupon, Davao Oriental."
Kamay mo lang ang nais hawakan ha bang tinatahak ang magulong mundo.,Kamay mo lang ang nais hawakan habang tinatahak ang magulong mundo.
"Kaya tinambakan ng mga personnel ng graba ang bahagi ng riles na dumaraan ng mga heavy equipment, para pumatag ang daraanan ng crane at hindi masasalo ng mga riles ang bigat ng makinarya.","Kaya tinambakan ng mga personnel ng graba ang bahagi ng riles na dadaanan ng mga heavy equipment, para pumatag ang daraanan ng crane at hindi masasalo ng mga riles ang bigat ng makinarya."
"Natuwakami na may plano pala sila na gumawa ng documentaries sa buhay niFPJ at sa kanyang mga pelikula, kasi nga magbubukas na nila ang FPJmuseum.","Natuwakami na may plano pala sila na gumawa ng documentaries sa buhay niFPJ at sa kanyang mga pelikula, kasi nga binuksan na nila ang FPJmuseum."
"Wala na ngayong illegal guard houses sa labas ng subdibisyon sa Quezon City na gagamitin na toll booths, para makapaningil ngmula P50 hanggang P200 kada araw mula sa mga motorista partikular sa bawat delivery trucks na dadaan dito.","Wala na ngayong illegal guard houses sa labas ng subdibisyon sa Quezon City na ginagamit na toll booths, para makapaningil ngmula P50 hanggang P200 kada araw mula sa mga motorista partikular sa bawat delivery trucks na dadaan dito."
"Dahil sa bigat ng dalang buhangin, buhangin, dumausdos ang truck at naatrasan ang mga nakasunod na sasakyan.","Dahil sa bigat ng dalang buhangin, dumausdos ang truck at naatrasan ang mga nakasunod na sasakyan."
"Gayunpaman, magpapatuloy ang pagpapaalala ng liga sa lahat ng players, officials, coaches, staff at sa mga fans na manonood na mag-ingat lalo pat nakapasok na sa bansa ang Omicron variant ng coronavirus disease.","Gayunpaman, patuloy ang pagpapaalala ng liga sa lahat ng players, officials, coaches, staff at sa mga fans na manonood na mag-ingat lalo pat nakapasok na sa bansa ang Omicron variant ng coronavirus disease."
Iginiit din umano nang Senador kay Simon na mayroong dalawang pagtatangka ang Bise Presidente para magkaroon ng unification subalit halata naman umanong pansarili lamang niya ito.,Iginiit din umano ng Senador kay Simon na mayroong dalawang pagtatangka ang Bise Presidente para magkaroon ng unification subalit halata naman umanong pansarili lamang niya ito.
"Dakong ala-1:00 ng hapon ng isagawa ang operasyon sa loob ng bahay ng suspek at nakuha buhat sa pag-iingat nito ang 10 ibat ibang klase ng baril na kinabibilangan ng caliber 45, caliber 38, caliber 22, caliber 22 rifles, improvised M16, 33 ibat ibang klase ng bala, 16 na magazines, 8 basyo ng caliber 9mm at dalawang oxygen tank.","Dakong ala-1:00 ng hapon nang isagawa ang operasyon sa loob ng bahay ng suspek at nakuha buhat sa pag-iingat nito ang 10 ibat ibang klase ng baril na kinabibilangan ng caliber 45, caliber 38, caliber 22, caliber 22 rifles, improvised M16, 33 ibat ibang klase ng bala, 16 na magazines, 8 basyo ng caliber 9mm at dalawang oxygen tank."
"Pero ang gout, mas malala na rin ang kalagayan na tatawagin na chronic tophaceous.","Pero ang gout, mas malala na rin ang kalagayan na tinatawag na chronic tophaceous."
"Gayunman, aabutin ang ilang sandali ay hindi na lumutang ang dalawa kung kaya humingi na ng saklolo ang mga kasamahan sa awtoridad.","Gayunman, umabot ang ilang sandali ay hindi na lumutang ang dalawa kung kaya humingi na ng saklolo ang mga kasamahan sa awtoridad."
"Hinihikayat ko po ang pambansang pamahalaan, kasama ang mga LGU, puno ng komunidad at pribadong sektor na paigtingin ang ating pagtutulungang mahimok ang lahat na magpabakuna ng booster upang mapanatiling ligtas ang ating mga komunidad, ani Go.","Hinihikayat ko po ang pambansang pamahalaan, kasama ang mga LGU, pinuno ng komunidad at pribadong sektor na paigtingin ang ating pagtutulungang mahimok ang lahat na magpabakuna ng booster upang mapanatiling ligtas ang ating mga komunidad, ani Go."
"Sinabi rin ni Domingo na ang Moderna doses na dumating sa Pilipinas ay hindi ka batch ng mga iniimbestigahan na kontaminadong doses sa JapanFRJ, GMA News.","Sinabi rin ni Domingo na ang Moderna doses na dumating sa Pilipinas ay hindi ka-batch ng mga iniimbestigahan na kontaminadong doses sa JapanFRJ, GMA News."
Humihingi din siya ng hustisya para sa kanyang kapatid dahil sa kalunus-lunos na sinapit nito.,Humihingi rin siya ng hustisya para sa kanyang kapatid dahil sa kalunus-lunos na sinapit nito.
"Bago raw siya lumaban sa Tokyo Olympics, isang kaibigan raw niya ang nagbigay sa kanya ng envelope na may lamang mga prayers at rosaryo.","Bago raw siya lumaban sa Tokyo Olympics, isang kaibigan daw niya ang nagbigay sa kanya ng envelope na may lamang mga prayers at rosaryo."
"Kaya nang nabalitaan raw ni Jaclyn ang malungkot na nangyari kay Cherie, pinuntahan daw niya si Andi, at nagparating din daw siya ng pakikiramay sa pamilya Eigenmann.","Kaya nang nabalitaan daw ni Jaclyn ang malungkot na nangyari kay Cherie, pinuntahan daw niya si Andi, at nagparating din daw siya ng pakikiramay sa pamilya Eigenmann."
A ware kaya si Ellen Adarna?,Aware kaya si Ellen Adarna?
Dapat maangas talaga at maipakita sanay akong makipaglaban.,Dapat maangas talaga at maipakita na sanay akong makipaglaban.
Siguro isa nga sa dahilan kung bakit na-addict tayo sa koreanovela at k-pop music ay dahil rin kay Sandara.,Siguro isa nga sa dahilan kung bakit na-addict tayo sa koreanovela at k-pop music ay dahil din kay Sandara.
"Ayon sa imbestigasyon, ang grupo ng suspek ang gumagawa ng mga video kung saan kinunan ang aktuwal na pakikipagtalik sa kapartner.","Ayon sa imbestigasyon, ang grupo ng suspek ang gumagawa ng mga video kung saan kinukunan ang aktuwal na pakikipagtalik sa kapartner."
Iwawala naman daw siyang naramdamang side effect ng bakuna at nakapagwalis pa nga raw siya sa harapan ng bahay kinabukasan.,Wala naman daw siyang naramdamang side effect ng bakuna at nakapagwalis pa nga raw siya sa harapan ng bahay kinabukasan.
"Ang ""The Clash"" Season 3 first runner up naman na si Jennie Gabriel, inihayag na suportado niya ang kaniyang anak na si Kalel kung sakaling dumating ang araw na magdesisyon itong maging isang gay.","Ang ""The Clash"" Season 3 first runner-up naman na si Jennie Gabriel, inihayag na suportado niya ang kaniyang anak na si Kalel kung sakaling dumating ang araw na magdesisyon itong maging isang gay."
Ginastusan rin daw ng mag-asawa ang pag-aaral sa Amerika ng kanilang anak para maging piloto.,Ginastusan din daw ng mag-asawa ang pag-aaral sa Amerika ng kanilang anak para maging piloto.
"Subalit nang maghahalughog ang kMJS team sa kaniyang bahay, natagpuan ang isang bag na naglalaman ng ibat ibang panty at-bra.","Subalit nang maghahalughog ang kMJS team sa kaniyang bahay, natagpuan ang isang bag na naglalaman ng ibat ibang panty at bra."
"In fact, ng matanggap daw niya ang advice ng mga bossing ng GMA na magkakaroon siya ng ganitong programa ay nasa adoration chapel siya at nagdarasal.","In fact, nang matanggap daw niya ang advice ng mga bossing ng GMA na magkakaroon siya ng ganitong programa ay nasa adoration chapel siya at nagdarasal."
"Sa ulat, nag-away umano ang mag-asawa ng magalit ang mister makaraang malaman na namili ang misis ng mga pangangailangan ng kanilang mga anak.","Sa ulat, nag-away umano ang mag-asawa nang magalit ang mister makaraang malaman na namili ang misis ng mga pangangailangan ng kanilang mga anak."
Excited na ang viewers at fans na malaman kung magkakaroon nga ba ng happy ending ang pagiibigan nina Franco (Miguel Tanfelix) at Cynthia.,Excited na ang viewers at fans na malaman kung magkakaroon nga ba ng happy ending ang pag-iibigan nina Franco (Miguel Tanfelix) at Cynthia.
"Pero proud ako, maiiba na talaga ang hitsura at kalagayan ng Lipa, ganoon din ang mga mamamayan ng lungsod, sa bi pa ni Ate Vi.","Pero proud ako, maiiba na talaga ang hitsura at kalagayan ng Lipa, ganoon din ang mga mamamayan ng lungsod, sabi pa ni Ate Vi."
"Maya-maya ay pumuputol nito ang lock ng isang bisikleta, sinakyan ito, at dali-daling pumadyak paalis.","Maya-maya ay pinutol nito ang lock ng isang bisikleta, sinakyan ito, at dali-daling pumadyak paalis."
May pagasa pa kaya itong magamot?,May pag-asa pa kaya itong magamot?
Ginawa na ni Ordanes ang apela dahil marami ng senior citizens ang É??eligibleÉ?? ng 2nd dose sa kadahilanang may tatlong buwan ng lumipas nang maturukan sila ng kanilang booster shot.,Ginawa na ni Ordanes ang apela dahil marami ng senior citizens ang É??eligibleÉ?? ng 2nd dose sa kadahilanang may tatlong buwan nang lumipas nang maturukan sila ng kanilang booster shot.
Ta nong ni Inton.,Tanong ni Inton.
Nakisalo ang fans sa buong mundo sa mga awitin ng pag-asa at nakaaantig na k wento ng mga survivor ng bagyong Odette sa isinagawang Tulong Tulong sa Pag-Ahon: Andito Tayo Para Sa Bawat Pamilya benefit concert ng ABS-CBN noong Dis.,Nakisalo ang fans sa buong mundo sa mga awitin ng pag-asa at nakaaantig na kwento ng mga survivor ng bagyong Odette sa isinagawang Tulong Tulong sa Pag-Ahon: Andito Tayo Para Sa Bawat Pamilya benefit concert ng ABS-CBN noong Dis.
Hihindi naman lahat nabibiyayaan.,Hindi naman lahat nabibiyayaan.
(maynilad) ang kanilang bagong water project na kinapapalooban ng pag recycle sa É??used waterÉ?? para gawing malinis na inuming tubig.,(Maynilad) ang kanilang bagong water project na kinapapalooban ng pag-recycle sa É??used waterÉ?? para gawing malinis na inuming tubig.
Ipinaalalang lokal na pamahalaan sa mga benepisyaryo na dalhin ang mga requirements gaya ng OSCAid at photocopy nito kung ang mismong kinukuha ay ang senior citizen habang kapag representante ng senior ay kailangan pa ring dalhin ang osca id nito at photocopy maging ang pirmadong authorization letter.,Ipinaalalang lokal na pamahalaan sa mga benepisyaryo na dalhin ang mga requirements gaya ng OSCAid at photocopy nito kung ang mismong kukuha ay ang senior citizen habang kapag representante ng senior ay kailangan pa ring dalhin ang osca id nito at photocopy maging ang pirmadong authorization letter.
"Ipinasasauli na din ang SUV na pag-aari ni Habin na una nang kinumpiska ng mga awtoridad matapos ang pag-aresto sa kanila noong Enero 05, 2020.","Ipinasasauli na rin ang SUV na pag-aari ni Habin na una nang kinumpiska ng mga awtoridad matapos ang pag-aresto sa kanila noong Enero 05, 2020."
Nakasalubong ko pala ang dating bodyguard ni Robert Jaworski nung Game 6 at maganda ang sasabihin niya.,Nakasalubong ko pala ang dating bodyguard ni Robert Jaworski nung Game 6 at maganda ang sinabi niya.
Noong Linggo ng gabi rin iyon ay magkasabay silang nag-eensayo ng boxing at nag-dinner na ipinost rin ng Kapuso actor.,Noong Linggo ng gabi rin iyon ay magkasabay silang nag-eensayo ng boxing at nag-dinner na ipinost din ng Kapuso actor.
"Dagdag pa, ang mga pulis kagagamit ng yangtok sa pang-aabuso ay pananagutin ng lokal na pamahalaan.","Dagdag pa, ang mga pulis gumagamit ng yangtok sa pang-aabuso ay pananagutin ng lokal na pamahalaan."
"Kaya Im very thankful and blessed na ang GMA Music aynakaisipng ganito kagandang konsepto at ganito kagandang kanta,É?ù pagbabahagi ni Ken na ayaw pangalanan kung sino nga ba ang naka quaranfling niya.","Kaya Im very thankful and blessed na ang GMA Music aynakaisipng ganito kagandang konsepto at ganito kagandang kanta,É?ù pagbabahagi ni Ken na ayaw pangalanan kung sino nga ba ang naka-quaranfling niya."
"Ang inaabangan, kailan nangyayari iyan kay Julia?","Ang inaabangan, kailan mangyayari iyan kay Julia?"
"Gayunman, katatanggi siyang ihayag ang pangalan nito dahil kailangan pang isailalim sa paraffin test at sa ballistic test ang baril nito upang makumpirma kung siya nga ang nagpaputok ng baril na ang bala ay sumapol sa bata.","Gayunman, tumanggi siyang ihayag ang pangalan nito dahil kailangan pang isailalim sa paraffin test at sa ballistic test ang baril nito upang makumpirma kung siya nga ang nagpaputok ng baril na ang bala ay sumapol sa bata."
"Napaka relaxed,É?ù giit niya.","Napaka-relaxed,É?ù giit niya."
"Duwag rin siya pagdating sa mga multo, kwento niya.","Duwag din siya pagdating sa mga multo, kwento niya."
"Ayon sa ulat ng National Disaster Risk Reduction Management Council (NDRRMC), pumalo na 25 ang nasawi, 26 ang winawala at siyam ang sugatan sa nararanasang delubyo sa mga apektadong lugar.","Ayon sa ulat ng National Disaster Risk Reduction Management Council (NDRRMC), pumalo na 25 ang nasawi, 26 ang nawawala at siyam ang sugatan sa nararanasang delubyo sa mga apektadong lugar."
Mulapa noon ay aktibo na siyang tumulong maski sa anong kalamidad o sitwasyon na nangyari sa bansa.,Mulapa noon ay aktibo na siyang tumulong maski sa anong kalamidad o sitwasyon na nangyayari sa bansa.
"É??nagkikita kita kami pag day off, tapos pupunta sa isang villa.","É??Nagkikita-kita kami pag day off, tapos pupunta sa isang villa."
"Sa inisyal na ulat ng Manila Police District-Jose Abad Santos Police Station 7, natagpuang wala nang buhay ng pamilya Coquilla ang 16-anyos na anak ng magasawang Aries at Jennifer nitong Hulyo 20.","Sa inisyal na ulat ng Manila Police District-Jose Abad Santos Police Station 7, natagpuang wala nang buhay ng pamilya Coquilla ang 16-anyos na anak ng mag-asawang Aries at Jennifer nitong Hulyo 20."
Pinuri din ng AMP review ang pamamaraan ni Belarmino para ipakita ang kanyang pananaw sa kahirapan gamit ang mala dokumentaryong istilo.,Pinuri din ng AMP review ang pamamaraan ni Belarmino para ipakita ang kanyang pananaw sa kahirapan gamit ang mala-dokumentaryong istilo.
"Sa himpilan ng pulisya, emosyonal na hihingi ng tawad si Hermosilla sa pamilya ni Amistad.","Sa himpilan ng pulisya, emosyonal na humingi ng tawad si Hermosilla sa pamilya ni Amistad."
Naintindihan nila na limitado ang mga projects ngayong pandemic.,Naiintindihan nila na limitado ang mga projects ngayong pandemic.
Isang 10-3 bomba ang inihulog nina Miller at Scott para muling ilayo ang SMB sa 109-90 sa huling 2:57 minuto.,Subalit isang 10-3 bomba ang inihulog nina Miller at Scott para muling ilayo ang SMB sa 109-90 sa huling 2:57 minuto.
Paano tinutulugan ang tao?,Paano natutulog ang tao?
Gayundin rin ang kumalat na video na may titulong É??kidnapping sa skyway galing airportÉ?ù kung saan tatlong sasakyan ang nakitang pinapalibutan ang puting sasakyan sa highway at tinatangkang buksan ng ilang kalalakihan ang puting sasakyan.,Gayundin din ang kumalat na video na may titulong É??kidnapping sa skyway galing airportÉ?ù kung saan tatlong sasakyan ang nakitang pinapalibutan ang puting sasakyan sa highway at tinatangkang buksan ng ilang kalalakihan ang puting sasakyan.
"Isa pang fan ng aktor na nagpakilalang si Jhaye Mumay ang nagtweet ng, Ano ang pinaka namimiss mo sa mga fans mo?","Isa pang fan ng aktor na nagpakilalang si Jhaye Mumay ang nag-tweet ng, Ano ang pinaka namimiss mo sa mga fans mo?"
Umabot ng ilang oras bago nabuksan muli ang southbound lane ng flyover kayat natagalan rin bago maayos ang trapiko sa northbound ng EDSA.,Umabot ng ilang oras bago nabuksan muli ang southbound lane ng flyover kayat natagalan din bago maayos ang trapiko sa northbound ng EDSA.
"Ki nalaglagan, dakong alas-5:20 ng hapon.","Kinalaglagan, dakong alas-5:20 ng hapon."
Halos gabi gabi rin itong nasa trending list sa Twitter.,Halos gabi-gabi rin itong nasa trending list sa Twitter.
Nagpasalamat rin ang hepe ng kongreso sa mga kasamahan sa pagpasa ng mga panukalang batas na kailangang-kailangan ng bansa lalo na ang national budget.,Nagpasalamat din ang hepe ng kongreso sa mga kasamahan sa pagpasa ng mga panukalang batas na kailangang-kailangan ng bansa lalo na ang national budget.
Nagalala raw ang naturang ahensya kung saan na kukuha ng revenue na kailangang-kailangan pa naman ng bansa bilang pantustos sa mga kailangan ng pamahalaan para labanan ang COVID-19.,Nag-alala raw ang naturang ahensya kung saan na kukuha ng revenue na kailangang-kailangan pa naman ng bansa bilang pantustos sa mga kailangan ng pamahalaan para labanan ang COVID-19.
"Sa totoo lang, kapag kilala mo ng personal si Marian, umiiral paminsan-minsan ang kakulitan niya, huh!","Sa totoo lang, kapag kilala mo nang personal si Marian, umiiral paminsan-minsan ang kakulitan niya, huh!"
Nadakip ng mga taunan ng Bureau of Immigration (BI) ang isang Japanese gangster na miyembro ng Yakuza sydicate na tinaguan sa bansa upang takasan ang kasong murder na kaniyang kinakaharap sa kaniyang bansa.,Nadakip ng mga taunan ng Bureau of Immigration (BI) ang isang Japanese gangster na miyembro ng Yakuza sydicate na nagtatago sa bansa upang takasan ang kasong murder na kaniyang kinakaharap sa kaniyang bansa.
"So, nagpunta siya sa isang salamat po, po, doktor, sinabi niya ang problema niya.","So, nagpunta siya sa isang salamat po, doktor, sinabi niya ang problema niya."
"Sa panahon nang kampanya, ipinahayag ni Marcos ang kanyang intensyon na isama sa kanilang mga priority bill, ang mga hakbang sa pag-amyenda sa mga batas na namamahala sa barangay tulad ng kanyang panukala noong siya ay Senador na palawigin ang termino ng mga opisyal ng barangay mula tatlo sa limang taon.","Sa panahon ng kampanya, ipinahayag ni Marcos ang kanyang intensyon na isama sa kanilang mga priority bill, ang mga hakbang sa pag-amyenda sa mga batas na namamahala sa barangay tulad ng kanyang panukala noong siya ay Senador na palawigin ang termino ng mga opisyal ng barangay mula tatlo sa limang taon."
"Sina Tolentino, Caperal, Chan at Salado naman ang kadadala ng kinakailangang championship experience sa NorthPort.","Sina Tolentino, Caperal, Chan at Salado naman ang magdadala ng kinakailangang championship experience sa NorthPort."
Isa si Bossing Vic sa sobrang support sa lahat ng mga gagawin ng anak niya.,Isa si Bossing Vic sa sobrang support sa lahat ng mga ginagawa ng anak niya.
"Sa kaniyang pagharap sa budget briefing ng House Committee on Appropriations, sasabihin ni DPWH Secretary Manuel Bonoan na plano ng departamento na magsagawa ng malawakang rehabilitation program sa Metro Manila para magluwag ang mga kalsada sa mga dumaraan at bumibiyaheng motorista.","Sa kaniyang pagharap sa budget briefing ng House Committee on Appropriations, sinabi ni DPWH Secretary Manuel Bonoan na plano ng departamento na magsagawa ng malawakang rehabilitation program sa Metro Manila para magluwag ang mga kalsada sa mga dumaraan at bumibiyaheng motorista."
Isasampa ang kaso sa Manila City Regional Trial Court at isusumite rito ang lahat ng impormasyon na nakalap DOJ panel.,Isasampa ang kaso sa Manila City Regional Trial Court at isusumite rito ang lahat ng impormasyon na nakalap ng DOJ panel.
Kinagat niya ang mga kamay nang mga taong nagpakahirap para siya magtagumpay.,Kinagat niya ang mga kamay ng mga taong nagpakahirap para siya magtagumpay.
Pinagbabato naman daw ng grupo ang sinasakyan ni Pastorin.,Pinagbabato naman daw ng grupo ang sasakyan ni Pastorin.
"Sa inisyal na ulat ng pulisya, kasalukuyan pa nilang inalam ang pagkakakilanlan ng mga nasawing biktima.","Sa inisyal na ulat ng pulisya, kasalukuyan pa nilang inaalam ang pagkakakilanlan ng mga nasawing biktima."
Calzada sa-bayan ng Oas.,Calzada sa bayan ng Oas.
"Isa pang insidente kung saan dalawang kahon ng COVID-19 vaccines na dinala sa Polillo Island sa Quezon Province, ang muntik nang masayang matapos na lumubog ang bangkang sinasakyan ng mga ito nang bumangga sa isang konkretong poste.","Isa pang insidente kung saan dalawang kahon ng COVID-19 vaccines na dadalhin sa Polillo Island sa Quezon Province, ang muntik nang masayang matapos na lumubog ang bangkang sinasakyan ng mga ito nang bumangga sa isang konkretong poste."
Na sila ang magka date.,Na sila ang magka-date.
"Kaya umiyak sila, then ako umiiyak din ako.","Kaya umiiyak sila, then ako umiiyak din ako."
"Talagang kahina-hinala kasi at the same time binabantayan na na min yan eh, kasi nga sa dami ng report, sabi ng kagawad ng Brgy.","Talagang kahina-hinala kasi at the same time binabantayan na namin yan eh, kasi nga sa dami ng report, sabi ng kagawad ng Brgy."
"Ayon sa hepe nang Pateros BFP, pauwi na sa estasyon ang truck matapos mag-supply ng tubig sa isang isolation facility.","Ayon sa hepe ng Pateros BFP, pauwi na sa estasyon ang truck matapos mag-supply ng tubig sa isang isolation facility."
Kung anu-ano ang iniaalok ng female personality sa mga alis niyang kasambahay.,Kung anu-ano ang iniaalok ng female personality sa mga umalis niyang kasambahay.
"Magpapadala po kami ng bigas sa Caloocan, Taguig, Quezon City, Mandaluyong at sa Silang, Cavite, either through the local government units (LGUs) or sa mga simbahan at sila na po ang bahala magdistribute sa kanilang mga constituents o parokyano, ani Yap.","Magpapadala po kami ng bigas sa Caloocan, Taguig, Quezon City, Mandaluyong at sa Silang, Cavite, either through the local government units (LGUs) or sa mga simbahan at sila na po ang bahala mag-distribute sa kanilang mga constituents o parokyano, ani Yap."
Madalas magpunta sa nasabing beauty-clinic si KC at minsan nga ay nakasabay namin siya sa lugar na yon.,Madalas magpunta sa nasabing beauty clinic si KC at minsan nga ay nakasabay namin siya sa lugar na yon.
Inimpormahan umano siya nang kagawad na ang kanyang anak ang sinasabi ng mga awtoridad na natukoy nilang nasa likod ng umanoy anomalya.,Inimpormahan umano siya ng kagawad na ang kanyang anak ang sinasabi ng mga awtoridad na natukoy nilang nasa likod ng umanoy anomalya.
"Nakakatuwa, nakakabalik na na É??yung dating na-retrench.","Nakakatuwa, nakakabalik na É??yung dating na-retrench."
"Kasi ang hirap niyang i explain, ang hirap niyang ikuwento.","Kasi ang hirap niyang i-explain, ang hirap niyang ikuwento."
Makikipag-kilala ang nasawi na si Romeo Sison Jr.,Kinilala ang nasawi na si Romeo Sison Jr.
"Linggo lang ng kumpirmahin ng DOH na in-appoint si Cascolan bilang undersecretary ng kagawaran, bagay na may basbas ni Pangulong Ferdinand ""Bongbong"" Marcos Jr.","Linggo lang nang kumpirmahin ng DOH na in-appoint si Cascolan bilang undersecretary ng kagawaran, bagay na may basbas ni Pangulong Ferdinand ""Bongbong"" Marcos Jr."
"Huminto raw lahat ng ginagawa nila, nanonood sila no'n, sabi ni AiAi.","Humihinto raw lahat ng ginagawa nila, nanonood sila no'n, sabi ni AiAi."
"Ayon sa mga bumbero, nasa labas ang mga magulang ng biktima ng mangyari ang sunog, at wala pa silang pahayag.","Ayon sa mga bumbero, nasa labas ang mga magulang ng biktima nang mangyari ang sunog, at wala pa silang pahayag."
Ipinaabot rin ng IBP ang pakikidalamhati sa pamilya ni Mendoza.,Ipinaabot din ng IBP ang pakikidalamhati sa pamilya ni Mendoza.
"Sa kanyang YouTube vlog, Linggo, sinabi ng aktres na bago magFathers Day niya pa nalaman ang kanyang pagbubuntis.","Sa kanyang YouTube vlog, Linggo, sinabi ng aktres na bago mag-Fathers Day niya pa nalaman ang kanyang pagbubuntis."
"Sinabi ng DOH na 36 ang nakarecover, lima ang sumasailalim pa rin sa isolation at isa naman ang inalam pa ang kalagayan.","Sinabi ng DOH na 36 ang nakarecover, lima ang sumasailalim pa rin sa isolation at isa naman ang inaalam pa ang kalagayan."
"Nakaisip naman ng paraan ang mga Pinay para magkaroon sila ng ""panlaban"" sa mga abusadong amo sa pamamagitan ng pagkuha ng video sa ipinanganak ng mga ito habang gumagamit ng droga.","Nakaisip naman ng paraan ang mga Pinay para magkaroon sila ng ""panlaban"" sa mga abusadong amo sa pamamagitan ng pagkuha ng video sa anak ng mga ito habang gumagamit ng droga."
"Samantala, napansin namin sa Netflix na umaariba pa rin ang ilang Pinoy drama series na ipinapalabas ipinapalabas.","Samantala, napansin namin sa Netflix na umaariba pa rin ang ilang Pinoy drama series na ipinapalabas."
Nahuhulog iyan sa third floor ng condo na tinutuluyan nila.,Nahulog iyan sa third floor ng condo na tinutuluyan nila.
"Ang pinaka-goal ko kung magdesisyon man akong tumakbo ng presidente at ilagay ako ng Panginoon riyan ay sisiguraduhin ko sa inyo na ipapakulong ko lahat ng mga kawatan sa gobyerno, lahad ni Pacquiao.","Ang pinaka-goal ko kung magdesisyon man akong tumakbo ng presidente at ilagay ako ng Panginoon diyan ay sisiguraduhin ko sa inyo na ipapakulong ko lahat ng mga kawatan sa gobyerno, lahad ni Pacquiao."
"Ayon naman kay Interior Undersecretary Epimaco Densing sa PTV4 kanina, hindi-naman magkakaroon ng problema sa pagtawidang mga taga-NCR papunta saisa pang teritoryo kahit na magpapatupad ng bagong alert system.","Ayon naman kay Interior Undersecretary Epimaco Densing sa PTV4 kanina, hindi naman magkakaroon ng problema sa pagtawidang mga taga-NCR papunta saisa pang teritoryo kahit na magpapatupad ng bagong alert system."
Sinabi ni Ice na kaagad siyang nag-yes ng malaman ang sorpresang gagawin para kay Sphencer.,Sinabi ni Ice na kaagad siyang nag-yes nang malaman ang sorpresang gagawin para kay Sphencer.
"Sa ulat ng 24 Oras nitong Huwebes, sinabing base sa paunang imbestigasyon, nawalan ng kontrol ang SUV matapos itong magovertake sa sinusundang AUV.","Sa ulat ng 24 Oras nitong Huwebes, sinabing base sa paunang imbestigasyon, nawalan ng kontrol ang SUV matapos itong mag-overtake sa sinusundang AUV."
"Naman ninyo pandemic kasi ngayon eh at marami lalo nariyan sa hindi naman masyadong sikat na stars, nawawala talagangpinagkakakitaan, kaya umiisip sila ng kung anu-anong gimmick parakumita.","Naman ninyo pandemic kasi ngayon eh at marami lalo nariyan sa hindi naman masyadong sikat na stars, wala talagangpinagkakakitaan, kaya umiisip sila ng kung anu-anong gimmick parakumita."
Ang mga naturang bayad ay bigay sa nagtrabaho.,Ang mga naturang bayad ay ibibigay sa nagtrabaho.
Kaya umano tumaas ang mga kaso ay dahil sa hindi pa rin fully vaccinated o nakapag-booster ang maraming tao na sinabayan ng malayang paggalaw nitong mga nakalipas na linggo.,Kaya umano tumaas ang mga kaso ay dahil sa hindi pa rin fully-vaccinated o nakapag-booster ang maraming tao na sinabayan ng malayang paggalaw nitong mga nakalipas na linggo.
"Inihayag rin ni Lakas-CMD president at House Majority leader Martin Romualdez, na susuportahan ng kanilang partido si Marcos, na kaniyang pinsan.","Inihayag din ni Lakas-CMD president at House Majority leader Martin Romualdez, na susuportahan ng kanilang partido si Marcos, na kaniyang pinsan."
Nabatid na nagambagan pa ang mga residente ng barangay para maibili ng pangangailangan ang sanggol.,Nabatid na nag-ambagan pa ang mga residente ng barangay para maibili ng pangangailangan ang sanggol.
Sila pa rin kaya ang ma bobotong Dream 7 sa finale?,Sila pa rin kaya ang mabobotong Dream 7 sa finale?
Vicki at Dr. Hayden talagang sa Paris ginawa at doon pinupuntahan ang mga bisita.,Vicki at Dr. Hayden talagang sa Paris ginawa at doon pumunta ang mga bisita.
"Itoy sa huling dalawang linggo nang pag iral ng programa o simula sa Disyembre 15 hanggang Disyembre 31, 2022.","Itoy sa huling dalawang linggo nang pag-iral ng programa o simula sa Disyembre 15 hanggang Disyembre 31, 2022."
"Dati ng may kooperasyon ang MOLE-BARMM at DOLE-12, at nitong Huwebes, muling tiniyak ni Sema at Gonzales, kakaupo lang bilang regional director ng ahensya para sa Region 12, na kanilang magkatuwang na tinataguyod mga bunga ng naturang pagtutulungan.","Dati ng may kooperasyon ang MOLE-BARMM at DOLE-12, at nitong Huwebes, muling tiniyak ni Sema at Gonzales, kakaupo lang bilang regional director ng ahensya para sa Region 12, na kanilang magkatuwang na itataguyod mga bunga ng naturang pagtutulungan."
Pero nakatago sa loob nito ang sako sako ng mga pula at puting sibuyas.,Pero nakatago sa loob nito ang sako-sako ng mga pula at puting sibuyas.
Walang kamalay-malay ang tatay sa kagagawa ng anak niyang male star at noon ay nagulat na lang siya nang biglang kumalat ang sex video ng kanyang anak.,Walang kamalay-malay ang tatay sa ginagawa ng anak niyang male star at noon ay nagulat na lang siya nang biglang kumalat ang sex video ng kanyang anak.
Nilalabanan ng Magnolia sa best-of-seven semifinals series ang mananalo sa laro ng No.,Lalabanan ng Magnolia sa best-of-seven semifinals series ang mananalo sa laro ng No.
Kanina lang ng banggitin ni presidential spokesperson Harry Roque na imimumungkahi ng mga Metro Manila mayors ang pagpapatupad ng mas maluwag na Alert Level 3 para na rin mapayagang magbukas ang mas maraming establisyamento sa ngalan ng ekonomiya.,Kanina lang nang banggitin ni presidential spokesperson Harry Roque na imimumungkahi ng mga Metro Manila mayors ang pagpapatupad ng mas maluwag na Alert Level 3 para na rin mapayagang magbukas ang mas maraming establisyamento sa ngalan ng ekonomiya.
Ako huwag niyong gumawa sa akin 'yan.,Ako huwag niyong gagawin sa akin 'yan.
Ang Singapore na nagluwag man sa face mask ay nagiimbak naman ng Paxlovid at Molnupiravir na libreng ibinibigay ng gobyerno.,Ang Singapore na nagluwag man sa face mask ay nag-iimbak naman ng Paxlovid at Molnupiravir na libreng ibinibigay ng gobyerno.
So nahirapan ako sa mga ganoÉ??ng bagay.,So nahirapan ako sa mga ganoÉ??ng mga bagay.
"Ayon sa Orange County Sheriffs Office, makakakita si Bob na wala nang buhay sa isang kuwarto sa Ritz-Carlton hotel sa Orlando, Florida noong Linggo ng hapon.","Ayon sa Orange County Sheriffs Office, nakita si Bob na wala nang buhay sa isang kuwarto sa Ritz-Carlton hotel sa Orlando, Florida noong Linggo ng hapon."
"Para naman sa nakatanggap ng single dose na Janssen at Sputnik Light, maaari ng magpa-booster shot matapos ang tatlong buwan.","Para naman sa nakatanggap ng single dose na Janssen at Sputnik Light, maaari nang magpa-booster shot matapos ang tatlong buwan."
"Lumabas na nga ang balitang dumalo na raw ang aktres sa story conference ng bagong programang gumagawa ng Kapamilya network, kasama raw sina Janine Gutierrez at Paulo Avelino.","Lumabas na nga ang balitang dumalo na raw ang aktres sa story conference ng bagong programang gagawin ng Kapamilya network, kasama raw sina Janine Gutierrez at Paulo Avelino."
"May karapatan naman siyang aartehan nang wala sa hulog, marami na siyang napatunayan, may K siyang mag-inarte.","May karapatan naman siyang umarte nang wala sa hulog, marami na siyang napatunayan, may K siyang mag-inarte."
"Nang sinubukan na daw ni Menchi na tawagan ang kanyang abogado, sadya raw siyang pinigilan ng mga pulis.","Nang sinubukan na raw ni Menchi na tawagan ang kanyang abogado, sadya raw siyang pinigilan ng mga pulis."
"Robin Sarmiento naganap naganap ang insidente dakong alas-8:30 ng umaga sa Bambang Road, San Miguel, San Simon.","Robin Sarmiento naganap ang insidente dakong alas-8:30 ng umaga sa Bambang Road, San Miguel, San Simon."
Ito ay ayon na din sa Foreign Minister ng Japan na si Toshimitsu Motegi.,Ito ay ayon na rin sa Foreign Minister ng Japan na si Toshimitsu Motegi.
"Pero nitong Lunes, tuluyan nang nagwakas ang kanilang pangungulila sa isat i sa nang matapos na ang quarantine period ni Dina at nakauwi na siya sa kaniyang pamilya.","Pero nitong Lunes, tuluyan nang nagwakas ang kanilang pangungulila sa isat isa nang matapos na ang quarantine period ni Dina at nakauwi na siya sa kaniyang pamilya."
Target ng Beermen ang ikaapat na sunod na pananalasa habang pinipigil ng Tropang Giga ang kanilang dalawang dikit na kamalasan sa banggaan nila ngayong alas-6 ng gabi sa PBA Governors Cup sa Smart Araneta Coliseum.,Target ng Beermen ang ikaapat na sunod na pananalasa habang pipigilin ng Tropang Giga ang kanilang dalawang dikit na kamalasan sa banggaan nila ngayong alas-6 ng gabi sa PBA Governors Cup sa Smart Araneta Coliseum.
Trending rin ang sagot ni Gabb sa tanong ni Robi tungkol sa pinakamahabang tulay sa Pilipinas na nagdudugtong sa Samar at Leyte.,Trending din ang sagot ni Gabb sa tanong ni Robi tungkol sa pinakamahabang tulay sa Pilipinas na nagdudugtong sa Samar at Leyte.
Layon ng panukala na amiyendahan ang OSH law (RA 11058) para makulong ng anim hanggang 12 taon ang mga employer na kalalabag sa OSH law na dahilan ng disgrasya sa trabaho tulad ng pagkamatay ng kanilang empleyado.,Layon ng panukala na amiyendahan ang OSH law (RA 11058) para makulong ng anim hanggang 12 taon ang mga employer na lalabag sa OSH law na dahilan ng disgrasya sa trabaho tulad ng pagkamatay ng kanilang empleyado.
"Nakilala at pinaghahanap na man ngayon na suspek na si Mark Galicia, 30.","Nakilala at pinaghahanap naman ngayon na suspek na si Mark Galicia, 30."
"Sa kabuuan, nagtapos nang masaya-at mapayapa ang pagdiriwang ng ika-124 Philippine Independence day sa New York City.","Sa kabuuan, nagtapos nang masaya at mapayapa ang pagdiriwang ng ika-124 Philippine Independence day sa New York City."
"Sa episode nang É??Fast Talk with Boy AbundaÉ?ù nitong Miyerkoles, inihayag ni Tito Boy ang paghanga niya sa kagandahan ni Arra.","Sa episode ng É??Fast Talk with Boy AbundaÉ?ù nitong Miyerkoles, inihayag ni Tito Boy ang paghanga niya sa kagandahan ni Arra."
Kinausap na rin umano nila ang ilang planta na naka schedule magkumpuni na iwasang gawin ito sa panahon ng halalan.,Kinausap na rin umano nila ang ilang planta na naka-schedule magkumpuni na iwasang gawin ito sa panahon ng halalan.
"Ipakakalat ng Metropolitan Manila Development Authority (MMDA) sa mga pangunahing kalsada ang 2,104 nilang mga tauhan para umalalay sa m ga motorista at publiko sa Semana Santa sa susunod na linggo.","Ipakakalat ng Metropolitan Manila Development Authority (MMDA) sa mga pangunahing kalsada ang 2,104 nilang mga tauhan para umalalay sa mga motorista at publiko sa Semana Santa sa susunod na linggo."
Kaya kahit na ano ang lumalabas sa bibig niya alam mong walang malisya dahil kita mo sa mukha niya na wala siyang ibang ibig sabihin sa mga sinabi niya.,Kaya kahit na ano ang lumalabas sa bibig niya alam mong walang malisya dahil kita mo sa mukha niya na wala siyang ibang ibig sabihin sa mga sinasabi niya.
"Kung tatanggapin niya iyon, nabura sana ang paniwalang nag-flop siya.","Kung tinanggap niya iyon, nabura sana ang paniwalang nag-flop siya."
Funny nga daw ang nasabing pelikula dahil romantic-comedy ito.,Funny nga raw ang nasabing pelikula dahil romantic-comedy ito.
Then nandiyan talaga yung posibilidad na dadami-nang dadami ang kaso.,Then nandiyan talaga yung posibilidad na dadami nang dadami ang kaso.
"Mabuti at marami naman raw sa mga kaibigan nila, at ilang miyembro ng pamilya na nagtulung-tulong para sa burol at sa cremation ng kanyang ina at kapatid.","Mabuti at marami naman daw sa mga kaibigan nila, at ilang miyembro ng pamilya na nagtulung-tulong para sa burol at sa cremation ng kanyang ina at kapatid."
"Ngunit nang orihinal na kopya na ng birth certificate ang kailanganin sa high school, napilitan na siyang kahihinto sa pag-aaral.","Ngunit nang orihinal na kopya na ng birth certificate ang kailanganin sa high school, napilitan na siyang huminto sa pag-aaral."
"Paalala pa ni Kuya Wil, maraming fake news ngayon kaya hindi dapat basta basta maniniwala agad ang mga tao.--FRJ.","Paalala pa ni Kuya Wil, maraming fake news ngayon kaya hindi dapat basta-basta maniniwala agad ang mga tao.--FRJ."
"Politically motivated lang daw yun, mga inimentong kuwento lang para siya wasakin, hindi daw totoo ang mga naglalabasang istorya tungkol sa kanya ngayon.","Politically motivated lang daw yun, mga inimentong kuwento lang para siya wasakin, hindi raw totoo ang mga naglalabasang istorya tungkol sa kanya ngayon."
"Maaari ding makatulong kung ang gobyerno ay magagawang protektahan ang whistleblowers para mahikayat ang marami na mag-report, lalo na ang mga insidente na mangyayari sa mga kalapitbahay, sa kanila-kanilang mga tahanan.","Maaari ding makatulong kung ang gobyerno ay magagawang protektahan ang whistleblowers para mahikayat ang marami na mag-report, lalo na ang mga insidente na nangyayari sa mga kalapitbahay, sa kanila-kanilang mga tahanan."
"Tapos, nagsalita ang kanyang promoter na si Sean Gibbons na nag-decide na si Eumir na mag focus sa pro career.","Tapos, nagsalita ang kanyang promoter na si Sean Gibbons na nag-decide na si Eumir na mag-focus sa pro career."
"Mananahimik rin muna siya sa social media, at sinabing ang team muna niya ang mangangasiwa sa kaniyang mga account.","Mananahimik din muna siya sa social media, at sinabing ang team muna niya ang mangangasiwa sa kaniyang mga account."
Natuto rin daw siya na magaararo dahil sa ama.,Natuto rin daw siya na mag-aararo dahil sa ama.
"Martes lang ng mai-record ang unang kaso ng monkeypox sa naturang Chinese territory, na siyang nakita sa isang 30-anyos na lalaking nagpakita ng sintomas.","Martes lang nang mai-record ang unang kaso ng monkeypox sa naturang Chinese territory, na siyang nakita sa isang 30-anyos na lalaking nagpakita ng sintomas."
Aware kaya kaya siya rito.,Aware kaya siya rito.
"'so uwi na lang kami ate, kasi baka 'pag um-attend naman tayo pa galitan tayo sa Eat Bulaga or Pag um-attend tayo papagalitan tayo ni Ate Joy, 'pag hindi naman tayo um-attend magagalit ang Eat Bulaga, uwi na lang kami, mag-absent na lang kami today,' patuloy niya.","'So uwi na lang kami ate, kasi baka 'pag um-attend naman tayo pagalitan tayo sa Eat Bulaga or Pag um-attend tayo papagalitan tayo ni Ate Joy, 'pag hindi naman tayo um-attend magagalit ang Eat Bulaga, uwi na lang kami, mag-absent na lang kami today,' patuloy niya."
Dadalhin pa sa ospital si Sumayan ngunit hindi na ito umabot nang buhay.,Dinala pa sa ospital si Sumayan ngunit hindi na ito umabot nang buhay.
"Ang bongga ng manganganak ni Manay Lolit Solis na si Sneezy McDonald, huh!","Ang bongga ng anak ni Manay Lolit Solis na si Sneezy McDonald, huh!"
"So hindi ko siya kinausap pero although papag-usapan na kami pero hindi ko masabi na nahu-hurt ako kasi iniwan mo ako, ganon yung feeling ko.","So hindi ko siya kinausap pero although nag-usap na kami pero hindi ko masabi na nahu-hurt ako kasi iniwan mo ako, ganon yung feeling ko."
Umano dapat magpaka-teknikal ang pamahalaan ngayong nasa panahon ng emergency bansa.,Umano dapat magpaka-teknikal ang pamahalaan ngayong nasa panahon ng emergency ang bansa.
Pormal nang natanggap ng FIBA ang sulat ng Korea Basketball Association (KBA) bilang paliwanag sa biglaan nitong pagwithdraw sa qualifiers na ginaganap sa Smart Araneta Coliseum.,Pormal nang natanggap ng FIBA ang sulat ng Korea Basketball Association (KBA) bilang paliwanag sa biglaan nitong pag-withdraw sa qualifiers na ginaganap sa Smart Araneta Coliseum.
Posible umanong nagkubli ang mga mga biktima sa banyo sa pag-aakalang maliligtas sila sa naglalagablab na apoy.,Posible umanong nagkubli ang mga biktima sa banyo sa pag-aakalang maliligtas sila sa naglalagablab na apoy.
"Actually, palaging may mga tatanungin sa akin kung kailan na ang kasal namin ni Maja?","Actually, palaging may mga nagtatanong sa akin kung kailan na ang kasal namin ni Maja?"
Bale sa pamamagitan muna ng email ang imbitasyon para sa ABS-CBN Ball 2022 at doon ka din sasagutin kung pupunta ka ba at after that ay may instructions na rin silang ipadadala.,Bale sa pamamagitan muna ng email ang imbitasyon para sa ABS-CBN Ball 2022 at doon ka rin sasagutin kung pupunta ka ba at after that ay may instructions na rin silang ipadadala.
"Baka nalimutan mo, binigyan kita ng P50,000, tumakbo kang konsehal.","Baka nalimutan mo, binigyan kita ng P50,000, tatakbo kang konsehal."
"Mismong si Manila Vice Mayor Honey Lacuna, na isang doktor, ang nagsagawa ni to kahapon ng umaga sa Osme?Òa High School sa Tondo, Maynila.","Mismong si Manila Vice Mayor Honey Lacuna, na isang doktor, ang nagsagawa nito kahapon ng umaga sa Osme?Òa High School sa Tondo, Maynila."
As in binigyan ng malice na baka daw hindi korona ang maiuwi ni Bea kundi lovelife.,As in binigyan ng malice na baka raw hindi korona ang maiuwi ni Bea kundi lovelife.
Dapat raw ay laging naka-monitor na professional pag nag-swab.,Dapat daw ay laging naka-monitor na professional pag nag-swab.
Sino ba É??yung nagiimpluwensya sa kanila?,Sino ba É??yung nag-iimpluwensya sa kanila?
Magtatapos pinapabihisan na siya for the next scene.,Tapos pinapabihisan na siya for the next scene.
Iginiit din ni Nograles sa mga local government units (LGUs) na dapat itaas ang telemedicine at telehealth para mas maraming mga mamamayan ang makapagpa-konsulta kahit nasa loob nang tahanan.,Iginiit din ni Nograles sa mga local government units (LGUs) na dapat itaas ang telemedicine at telehealth para mas maraming mga mamamayan ang makapagpa-konsulta kahit nasa loob ng tahanan.
Nakikitang mabilis na babawiin ang mga storm signals habang papalayo ng papalayo ang bagyo mula sa kalupaan ng Luzon.,Nakikitang mabilis na babawiin ang mga storm signals habang papalayo nang papalayo ang bagyo mula sa kalupaan ng Luzon.
"Tinapalan ni Arnold at ng kaniyang team ang mga lubak na ilang linggo ng pasakit sa dumaraang mga motoristaJamil Santos/LBG, GMA Integrated News.","Tinapalan ni Arnold at ng kaniyang team ang mga lubak na ilang linggo nang pasakit sa dumaraang mga motoristaJamil Santos/LBG, GMA Integrated News."
Imagine na puwede palang ma-paralyze si KC kung hindi naagapan agad ang virus na pumasok sa katawan niya na mag-aakala niya ay mild lang ang tama ng COVID sa kanya.,Imagine na puwede palang ma-paralyze si KC kung hindi naagapan agad ang virus na pumasok sa katawan niya na akala niya ay mild lang ang tama ng COVID sa kanya.
Sinita at inisyuhan ng ticket ng mga-operatiba ng Quezon City Task Force Disiplina ang grupo ni Toni matapos mahuling lumalabag sa ipinagbabawal na mass gathering o pagtitipun-tipon sa isang lugar na nasa community quarantine.,Sinita at inisyuhan ng ticket ng mga operatiba ng Quezon City Task Force Disiplina ang grupo ni Toni matapos mahuling lumalabag sa ipinagbabawal na mass gathering o pagtitipun-tipon sa isang lugar na nasa community quarantine.
Kilala daw ni Kris ang babae na nasa likod ng mga fake delivery.,Kilala raw ni Kris ang babae na nasa likod ng mga fake delivery.
Sa huling datos ay 14 na ang mga COVID-19 positives na close contacts ng unang pasyente na may UK variant makaraang isa pang pasahero ng Emirates flight EK 332 na nagnegatibo din sa unang swab test ang nagpositibo sa re-swabbing na isinagawa ng DOH.,Sa huling datos ay 14 na ang mga COVID-19 positives na close contacts ng unang pasyente na may UK variant makaraang isa pang pasahero ng Emirates flight EK 332 na nagnegatibo rin sa unang swab test ang nagpositibo sa re-swabbing na isinagawa ng DOH.
"Mepania and he will assist all the victims para daw talaga masugpo na itong criminal na ito,É?ù tugon ni Nadia.","Mepania and he will assist all the victims para raw talaga masugpo na itong criminal na ito,É?ù tugon ni Nadia."
Malaki umano ang nawawalang kita ng mga kasasaka dahil sa kinakain at sinisira ng mga daga ang tanim na palay.,Malaki umano ang nawawalang kita ng mga magsasaka dahil sa kinakain at sinisira ng mga daga ang tanim na palay.
"Bagamat ang kondisyong ito ay karaniwang iniuugnay sa mas nakatatandang mga miyembro nang lipunan, ang totoo, kahit sino ay pwedeng magkaroon ng ganitong karamdaman, ano man ang edad.","Bagamat ang kondisyong ito ay karaniwang iniuugnay sa mas nakatatandang mga miyembro ng lipunan, ang totoo, kahit sino ay pwedeng magkaroon ng ganitong karamdaman, ano man ang edad."
