Original Sentence,Gold Sentence
"Nakakatuwa si Ricky Davao kapag kapag nagdidirek siya ng isang drama series, dahil lumalabas pa rin talaga ang pagiging aktor niya.","Nakakatuwa si Ricky Davao kapag nagdidirek siya ng isang drama series, dahil lumalabas pa rin talaga ang pagiging aktor niya."
12 sa kabila ng pagpapatupad ng bagong travel restrictions dulot ng ng Omicron strain ng coronavirus.Ayon.,12 sa kabila ng pagpapatupad ng bagong travel restrictions dulot ng Omicron strain ng coronavirus.Ayon.
"Minsan, ang iba sa atin ay hindi naiiwasang maging maging kahalintulad ni Juan.","Minsan, ang iba sa atin ay hindi naiiwasang maging kahalintulad ni Juan."
"Bukod sa pamamahagi ng 1,400 one-gallon botelya ng liquid hand soaps at disinfectants, at ng 800 buckets sa ibat ibang paaralan, nagkaloob ang Maynilad ng 4,600 washable face masks para para gamitin ng mga guro at iba pang school personnel.","Bukod sa pamamahagi ng 1,400 one-gallon botelya ng liquid hand soaps at disinfectants, at ng 800 buckets sa ibat ibang paaralan, nagkaloob ang Maynilad ng 4,600 washable face masks para gamitin ng mga guro at iba pang school personnel."
"Sabi ng kaibigan naming naming propesor, At partida pa É??yan, ha?","Sabi ng kaibigan naming propesor, At partida pa É??yan, ha?"
Ano nga nga bang kondisyon mayroon si Melvin at bakit paulit-ulit siyang nagnanakaw ng bra at panty.,Ano nga bang kondisyon mayroon si Melvin at bakit paulit-ulit siyang nagnanakaw ng bra at panty.
"Isa sa batayan ko pag tinatanong a ko kung ano ang palagay ko sa ugali ng isang artista, yung alalay niya o personal assistant, o yung nakikita ko na kasama niya.","Isa sa batayan ko pag tinatanong ako kung ano ang palagay ko sa ugali ng isang artista, yung alalay niya o personal assistant, o yung nakikita ko na kasama niya."
"Ito ang kailangan natin, hindi pulitika, batikos, pagalingan, sisihan at mga papogi na may m ga personal na interes.","Ito ang kailangan natin, hindi pulitika, batikos, pagalingan, sisihan at mga papogi na may mga personal na interes."
Nandito si coach Ramil (de Jesus) ganado kami dahil nan dito siya.,Nandito si coach Ramil (de Jesus) ganado kami dahil nandito siya.
"Maraming mga dahilan akong naririnig, pero mas magan da na sa kanila manggaling yon.","Maraming mga dahilan akong naririnig, pero mas maganda na sa kanila manggaling yon."
"Sa sa kuwento ni Cata Tibayan sa ""Dapat Alam Mo!"".","Sa kuwento ni Cata Tibayan sa ""Dapat Alam Mo!""."
"Inilunsad ng pinakamalaking multi-channel payment platform sa Pilipinas ang É??Bayad AsensoÉ?? na isang makabago at madaling pamamaraan pa ra umangat ang kita ng mga micro-entrepreneur, na bumubuo sa siyam sa bawat 10 negosyanteng Pilipino.","Inilunsad ng pinakamalaking multi-channel payment platform sa Pilipinas ang É??Bayad AsensoÉ?? na isang makabago at madaling pamamaraan para umangat ang kita ng mga micro-entrepreneur, na bumubuo sa siyam sa bawat 10 negosyanteng Pilipino."
"Sumama ang host ng programang ""Born To Be Wild"" na si Doc Nielsen Donato, sa grupo ng mga mangingisda na pumalaot sa Tablas upang manghuli ng dalupapa na tinatayang nasa 300 metro sa sa kailaliman ng dagat.","Sumama ang host ng programang ""Born To Be Wild"" na si Doc Nielsen Donato, sa grupo ng mga mangingisda na pumalaot sa Tablas upang manghuli ng dalupapa na tinatayang nasa 300 metro sa kailaliman ng dagat."
"So kung talagang gusto niyang makipag-usap kay kay Presidente, dapat hindi muna niya inuna ang media, ani Roque.","So kung talagang gusto niyang makipag-usap kay Presidente, dapat hindi muna niya inuna ang media, ani Roque."
Bago bago dominahin ang Singapore ay yumukod muna ang koponan sa host Vietnam.,Bago dominahin ang Singapore ay yumukod muna ang koponan sa host Vietnam.
"Nang magdalaga na si Jennifer, pinakilala nito ang kan yang manliligaw kay Elaine.","Nang magdalaga na si Jennifer, pinakilala nito ang kanyang manliligaw kay Elaine."
"Hindi na umabot ng buhay sa Bondoc Peninsula District Hospital ( BPDH) dahil sa pagkabasag ng mga bungo at at grabeng pinsala sa mga katawan ang mga biktimang sina Jasper Dela Pena, 26; at Marvin Toledo, 30, kapwa may live in partner at mga empleyado ng lending investor residente ng Barangay Progreso, Gumaca ng lalawigan.","Hindi na umabot ng buhay sa Bondoc Peninsula District Hospital ( BPDH) dahil sa pagkabasag ng mga bungo at grabeng pinsala sa mga katawan ang mga biktimang sina Jasper Dela Pena, 26; at Marvin Toledo, 30, kapwa may live in partner at mga empleyado ng lending investor residente ng Barangay Progreso, Gumaca ng lalawigan."
"Paalala pa ni De Guia, hindi laruang laruang sekswal ang mga babae sa panahon ng eleksyon para makakuha ng boto mula sa madla bilang gimik.","Paalala pa ni De Guia, hindi laruang sekswal ang mga babae sa panahon ng eleksyon para makakuha ng boto mula sa madla bilang gimik."
Nawala si Cone sa huling apat na naglalaro ng Gin Kings dahil sa pagiging miyembro ng coaching staff ng Miami Heat sa NBA Summer League.,Nawala si Cone sa huling apat na laro ng Gin Kings dahil sa pagiging miyembro ng coaching staff ng Miami Heat sa NBA Summer League.
Kinilala ang mga nasawing sina Jocelyn Nombre; Gemma Espinosa; Michael Espinosa; at ang anim na taong gulang na bata na hindi na pinangalanan na pinaniniwalaang tatlong araw nang mga patay bago ito marespondehan ng mga pulis nang magreport ang mga kaanak.,Kinilala ang mga nasawing sina Jocelyn Nombre; Gemma Espinosa; Michael Espinosa; at ang anim na taong gulang na bata na hindi na pinangalanan na pinaniniwalaang tatlong araw nang mga patay bago ito marespondehan ng mga pulis nang mag-report ang mga kaanak.
Ipinaliwanag ni Abalos na ang kasalukuyang ECQ ay iba sa mga dinaratnan pagpapairal nito dahil ngayon ay may vaccination program na patuloy na isinasagawa na umabot na hanggang sa A5 categories o indigent population.,Ipinaliwanag ni Abalos na ang kasalukuyang ECQ ay iba sa mga dating pagpapairal nito dahil ngayon ay may vaccination program na patuloy na isinasagawa na umabot na hanggang sa A5 categories o indigent population.
"Yung pang karaniwang mamamayan, huli na naman.","Yung pangkaraniwang mamamayan, huli na naman."
Karamihan aniya sa mga bahay na nasunog sa lugar ay pag-aari ng mga tribong inilikas matapos ang nagdaang sunud-sunod na lindol sa sa probinsya.,Karamihan aniya sa mga bahay na nasunog sa lugar ay pag-aari ng mga tribong inilikas matapos ang nagdaang sunud-sunod na lindol sa probinsya.
Nabanggit din ni Rocco na may listahan na sila ng ma giging ninong at ninang ni Baby N.,Nabanggit din ni Rocco na may listahan na sila ng magiging ninong at ninang ni Baby N.
"Mahilig lang ako sa seafood pero wala akong alam sa business side, pagamin niya.","Mahilig lang ako sa seafood pero wala akong alam sa business side, pag-amin niya."
Kung ganyan ang ratings mo mukhang puwedeng papanatilihin ni Gabby ang isang young image at ngayong nagpaturo pa nga raw itong magTikTok sa kanyang naging leading lady na si Sanya Lopez.,Kung ganyan ang ratings mo mukhang puwedeng papanatilihin ni Gabby ang isang young image at ngayong nagpaturo pa nga raw itong mag-TikTok sa kanyang naging leading lady na si Sanya Lopez.
Dumami ang mga tao na nagtutungo sa bahay nina Abdul at Noraisa mula nang magviral ang video ng kanilang anak na sinasabing nakauupo na raw mag-isa at nakapagsasalita na.,Dumami ang mga tao na nagtutungo sa bahay nina Abdul at Noraisa mula nang mag-viral ang video ng kanilang anak na sinasabing nakauupo na raw mag-isa at nakapagsasalita na.
Simula pa kagabi ay bugbog sarado na ang TV host-actress sa mga nakapanood ng viral video kung saan makikitang pinahiran niya ng chocolate cake sa mukha ang waiter sa kanyang harapan.,Simula pa kagabi ay bugbog-sarado na ang TV host-actress sa mga nakapanood ng viral video kung saan makikitang pinahiran niya ng chocolate cake sa mukha ang waiter sa kanyang harapan.
Tiniyak ng kasalukuyang BOC leadership na magpapatuloy ang kanilang anti smuggling operations sa susunod na administrasyon.,Tiniyak ng kasalukuyang BOC leadership na magpapatuloy ang kanilang anti-smuggling operations sa susunod na administrasyon.
May social distancing si si Yan sa mga kasama niya sa TVC.,May social distancing si Yan sa mga kasama niya sa TVC.
"Kung hindi lang dahil sa coronavirus coronavirus pandemic, babalik daw sana siyang muli sa Pilipinas.","Kung hindi lang dahil sa coronavirus pandemic, babalik daw sana siyang muli sa Pilipinas."
"Fu dahil anuman ang marating niya, at least naging ba hagi kami ng growth niya.","Fu dahil anuman ang marating niya, at least naging bahagi kami ng growth niya."
Naninindigan ang kanyang kampo na panay bogus ang mga-reklamong ito.,Naninindigan ang kanyang kampo na panay bogus ang mga reklamong ito.
"Pagtawanan mo o hindi, hindi mo alam ang sakit, iyak at mga dugo na pinagdaanan ko bago ako nagkaroon ng confidence na buong buo ko i post ito, kumpisal niya.","Pagtawanan mo o hindi, hindi mo alam ang sakit, iyak at mga dugo na pinagdaanan ko bago ako nagkaroon ng confidence na buong buo ko i-post ito, kumpisal niya."
"Siyempre kung magsisimula na ulit ang kanyang mga taping at s hooting, matatabi na naman ang pagga-ganchillo niya.","Siyempre kung magsisimula na ulit ang kanyang mga taping at shooting, matatabi na naman ang pagga-ganchillo niya."
"So nung nagsabi niya na ipalaglag ko, sabi ko ayoko.","So nung sinabi niya na ipalaglag ko, sabi ko ayoko."
Pero bakit nga ba may mga baby na katulad ni Mark na isinisilang na na ubod nang laki?,Pero bakit nga ba may mga baby na katulad ni Mark na isinisilang na ubod nang laki?
"Kaugnay nito, kinumpirma rin ng alkalde na dahil sa biglaang pagtaas ng mga aktibong kaso ng COVID-19, ang kanilang mga pagamutan ay nagooperate na ngayon ng lampas sa kanilang kapasidad.Napipilitan.","Kaugnay nito, kinumpirma rin ng alkalde na dahil sa biglaang pagtaas ng mga aktibong kaso ng COVID-19, ang kanilang mga pagamutan ay nag-ooperate na ngayon ng lampas sa kanilang kapasidad.Napipilitan."
"Dahil sa kanyang mga pangarap, e, ginagawa niya ang lahat lahat!","Dahil sa kanyang mga pangarap, e, ginagawa niya ang lahat-lahat!"
"Ayun ang analogy niya sa bumuhay ng tao, kaya nung bata ako gusto ko maging pari.","Ayun ang analogy niya sa buhay ng tao, kaya nung bata ako gusto ko maging pari."
Magaan sa kalooban na tumatanggap ng mga magulang ang pagdadalang-tao ni Winwyn.,Magaan sa kalooban na tinanggap ng mga magulang ang pagdadalang-tao ni Winwyn.
Ikinatwiran ng DOH na ito ay dahil sa backlogs o kabagalan ng pag-uulat ng mga lokal na unit bago pumasok sa kanilang COVIDKaya system kaya nagkakapatung patong ang mga numero.,Ikinatwiran ng DOH na ito ay dahil sa backlogs o kabagalan ng pag-uulat ng mga lokal na unit bago pumasok sa kanilang COVIDKaya system kaya nagkakapatung-patong ang mga numero.
"Sa ulat ni Rod Vega sa Super Radyo dzBB nitong Biyernes, sinabi ni MPD-SMaRT chief Police Colonel Rosalino Ibay, na nagsagawa sila ng follow-up follow-up operation matapos na malaman na sangkot din si Altamirano sa ilegal na droga.","Sa ulat ni Rod Vega sa Super Radyo dzBB nitong Biyernes, sinabi ni MPD-SMaRT chief Police Colonel Rosalino Ibay, na nagsagawa sila ng follow-up operation matapos na malaman na sangkot din si Altamirano sa ilegal na droga."
"Ayon sa ulat ng Unang Balita nitong Huwbes, batay sa follow up report ng GMA Regional TV One Mindanao, nagsasagawa pa rin ng search and rescue operation ang mga awtoridad upang hanapin ang biktima na kinilalang si Melham Ibrahim.","Ayon sa ulat ng Unang Balita nitong Huwbes, batay sa follow-up report ng GMA Regional TV One Mindanao, nagsasagawa pa rin ng search and rescue operation ang mga awtoridad upang hanapin ang biktima na kinilalang si Melham Ibrahim."
Maghuhubad ng kapitan ang kaniyang mataas na katungkulan at itinuring ang kaniyang sarili na isang ordinaryong tao.,Hinubad ng kapitan ang kaniyang mataas na katungkulan at itinuring ang kaniyang sarili na isang ordinaryong tao.
Nakuha ng mga pulis sa crime-scene ang dalawang basyo ng bala ng kalibre 45 at M16 armalite rifle.,Nakuha ng mga pulis sa crime scene ang dalawang basyo ng bala ng kalibre 45 at M16 armalite rifle.
"7, ayon sa pagka kasunod.","7, ayon sa pagkakasunod."
Subalit nangangailangan ni So na dumaan sa butas ng karayom bago makuha ang kampeonato.,Subalit kinailangan ni So na dumaan sa butas ng karayom bago makuha ang kampeonato.
"Base sa imbestigasyon ng mga-awtoridad, iniwasan ng truck ang isang motorsiklong lumipat sa kanilang lane.","Base sa imbestigasyon ng mga awtoridad, iniwasan ng truck ang isang motorsiklong lumipat sa kanilang lane."
"Nakikipag usap na ang Pilipinas sa Russia para bumili ng gasolina at iba pang pangunahing bilihin, ayon kay Pangulong Ferdinand Marcos Jr.","Nakikipag-usap na ang Pilipinas sa Russia para bumili ng gasolina at iba pang pangunahing bilihin, ayon kay Pangulong Ferdinand Marcos Jr."
"Mula nang manungkulan si Mayor Joy Belmonte bilang Alkalde noong 2019, ang QC government ay nagpatuloy na nakakatanggap ng pagkilala at awards bilang isa sa pinaka-competitive highly urbanized citiesmula saaward-giving bodies.","Mula nang manungkulan si Mayor Joy Belmonte bilang Alkalde noong 2019, ang QC government ay patuloy na nakakatanggap ng pagkilala at awards bilang isa sa pinaka-competitive highly urbanized citiesmula saaward-giving bodies."
Nagambag si guard Tyler Herro ng 19 points kasunod ang 17 markers ni Caleb Martin.,Nag-ambag si guard Tyler Herro ng 19 points kasunod ang 17 markers ni Caleb Martin.
"Eh, nakita ko yung quote na yon, kaya gagamit ko na caption.","Eh, nakita ko yung quote na yon, kaya ginamit ko na caption."
Biyernes lang ng tanggalin ng pandemic task force ng gobyernoang rekisitos sa mga college students ang pagkakaroon ng medical insurance para makalahok sa F2F classes.,Biyernes lang nang tanggalin ng pandemic task force ng gobyernoang rekisitos sa mga college students ang pagkakaroon ng medical insurance para makalahok sa F2F classes.
"Then noong nagopen lang ulit, 'yun 'yung time na nagsimula uli akong mag-practice nang mag-practice, anang senior citizen.","Then noong nag-open lang ulit, 'yun 'yung time na nagsimula uli akong mag-practice nang mag-practice, anang senior citizen."
Ayon naman ay Coco ay kahihindi pa rin niya alam kung ano ang magiging desisyon ng pamunuan ng ABS-CBN tungkol dito.,Ayon naman ay Coco ay hindi pa rin niya alam kung ano ang magiging desisyon ng pamunuan ng ABS-CBN tungkol dito.
"Cebu, Philippines É?? Sa wakas, magkakaroon na ng isang isang É??distance learning systemÉ?ù sa Albay sa pamamagitan ng radio broadcastingna lubhang kailangan at malaki ang maitutulong sa mga mag-aaral para malayo sa panganib dulot ng pandemya ng COVID 19.","Cebu, Philippines É?? Sa wakas, magkakaroon na ng isang É??distance learning systemÉ?ù sa Albay sa pamamagitan ng radio broadcastingna lubhang kailangan at malaki ang maitutulong sa mga mag-aaral para malayo sa panganib dulot ng pandemya ng COVID 19."
"Tinignan tinignan namin kung ano 'yung mga nasira, 'yung mga tulay.","Tinignan namin kung ano 'yung mga nasira, 'yung mga tulay."
Ang idaragdag-sa presyo nito.,Ang idaragdag sa presyo nito.
Ang mga pasaherong tutungo naman sa Baguio City ay pinapaalalahanan na kailangang magpakita ng katibayan na sila ay fully-vaccinated na lalaban sa COVID-19.,Ang mga pasaherong tutungo naman sa Baguio City ay pinapaalalahanan na kailangang magpakita ng katibayan na sila ay fully-vaccinated na laban sa COVID-19.
"Dahil sa pinsalang idinulot ng pandemya ng COVID-19 at ang kawalan ng face-to-face classes, binigyang-diin ni Gatchalian ang pangangailangan ng psychosocial support sa mga guro at magaaral bilang bahagi ng pagbangon ng sektor ng edukasyon.","Dahil sa pinsalang idinulot ng pandemya ng COVID-19 at ang kawalan ng face-to-face classes, binigyang-diin ni Gatchalian ang pangangailangan ng psychosocial support sa mga guro at mag-aaral bilang bahagi ng pagbangon ng sektor ng edukasyon."
"Dahil sa insidente, sinabi ni Locsin na ipinarating niya ""in the strongest terms"" kay Chinese Ambassador to the Philippines Huang Xilian at sa kaniyang Chinese counterpart sa Beijing, na kinokondena, galit at ipinoprotesta ng Pilipinas ang gumagawa ng kanilang Chinese coast guard.","Dahil sa insidente, sinabi ni Locsin na ipinarating niya ""in the strongest terms"" kay Chinese Ambassador to the Philippines Huang Xilian at sa kaniyang Chinese counterpart sa Beijing, na kinokondena, galit at ipinoprotesta ng Pilipinas ang ginawa ng kanilang Chinese coast guard."
"Nauuwi sa wala, ipinatatalo lang-niya!","Nauuwi sa wala, ipinatatalo lang niya!"
"Sinabi ni FSU chief Rendel Ryan Sy, nagisyu ang korte ng Yakkaichi, Japan ng arrest warrant laban kay Yano noong Agosto, 2022 matapos siyang makasuhan ng robbery and extortion.","Sinabi ni FSU chief Rendel Ryan Sy, nag-isyu ang korte ng Yakkaichi, Japan ng arrest warrant laban kay Yano noong Agosto, 2022 matapos siyang makasuhan ng robbery and extortion."
Sabi rin niya sa kanyang post na kahit may nararamdaman na si Gab ay patuloy pa rin daw itong tumutugtog kasama nila.,Sinabi rin niya sa kanyang post na kahit may nararamdaman na si Gab ay patuloy pa rin daw itong tumutugtog kasama nila.
Mahigit isang taon ng kasal ang sina Sarah at Matteo at sa ngayon ay hindi pa nagmamadaling bumuo ng pamilya.,Mahigit isang taon nang kasal ang sina Sarah at Matteo at sa ngayon ay hindi pa nagmamadaling bumuo ng pamilya.
"Agad naman natukoy ng pinagsamang mga tauhan ng Malabon police-at Northern District Criminal Investigation and Detection Group (CIDG) ang suspek na si Jaemark Reyes, 26, ng 30 Pantihan?2.","Agad naman natukoy ng pinagsamang mga tauhan ng Malabon police at Northern District Criminal Investigation and Detection Group (CIDG) ang suspek na si Jaemark Reyes, 26, ng 30 Pantihan?2."
Sinabi ni Castro na makabubuti makabubuti kung aaprubahan na lamang ng Kamara ang wealth tax o pagpapataw ng dagdag na buwis sa mga bilyonaryo.,Sinabi ni Castro na makabubuti kung aaprubahan na lamang ng Kamara ang wealth tax o pagpapataw ng dagdag na buwis sa mga bilyonaryo.
"So sa sa tingin ko, parang natatakot pa ako and in a way, dahil dun hindi pa talaga ako ready.","So sa tingin ko, parang natatakot pa ako and in a way, dahil dun hindi pa talaga ako ready."
"Binabalikan ko siya, nag-sorry ako.","Binalikan ko siya, nag-sorry ako."
"Ang dami kong natutunan, ang daming mga taong nakasama ko rati na naging kaibigan ko na ang tagal ko ng hindi nakakausap at may pamilya na sila na at nag-message sila na sinabing É??very proudÉ?? sila sa akin.","Ang dami kong natutunan, ang daming mga taong nakasama ko rati na naging kaibigan ko na ang tagal ko nang hindi nakakausap at may pamilya na sila na at nag-message sila na sinabing É??very proudÉ?? sila sa akin."
Siguro medyo nadala ko pa din É??yung paggaya siyempre kapag madam.,Siguro medyo nadala ko pa rin É??yung paggaya siyempre kapag madam.
"Nagsimula ito nang magpost ang dalaga ng ""bagong gising"" photos, na nilagyan ni Kobe ng comment na, ""cute ka pa rin kahit madami kang kagat ng lamok.""","Nagsimula ito nang mag-post ang dalaga ng ""bagong gising"" photos, na nilagyan ni Kobe ng comment na, ""cute ka pa rin kahit madami kang kagat ng lamok."""
"Nang lumabas ang balitang may anak na sina Joem Bascon at Meryll Soriano, ang isa sa unang pumasok sa utak namin ay ano kaya ang reaksyon diyan ng ex girlfriend ng aktor na si Crisha Uy?","Nang lumabas ang balitang may anak na sina Joem Bascon at Meryll Soriano, ang isa sa unang pumasok sa utak namin ay ano kaya ang reaksyon diyan ng ex-girlfriend ng aktor na si Crisha Uy?"
"Yung yung isa, meron nagtext sa akin.","Yung isa, meron nagtext sa akin."
"Pi naalalahanan ng DOH hindi lang mga health professionals, ngunit maging ang publiko na mas maging maingat sa pagpapakalat ng mga pekeng impormasyon ukol sa COVID-19.","Pinaalalahanan ng DOH hindi lang mga health professionals, ngunit maging ang publiko na mas maging maingat sa pagpapakalat ng mga pekeng impormasyon ukol sa COVID-19."
Orihinal sanang idaraos ang first window sa Nobyembre subalit iniatras ito ng FIBA pa ra maging karugtong na ang second window na magkasunod na idaraos sa Pebrero.,Orihinal sanang idaraos ang first window sa Nobyembre subalit iniatras ito ng FIBA para maging karugtong na ang second window na magkasunod na idaraos sa Pebrero.
"Sa kabila niyan, pagbabawalan din ang pananakot (direkta man o hindi) habang isinasagawa habang ine exercise ang kanilang mga karapatan.","Sa kabila niyan, pagbabawalan din ang pananakot (direkta man o hindi) habang isinasagawa habang ine-exercise ang kanilang mga karapatan."
Ang nasabing resolusyon ay naglalayong silipin ang mga inulat na umanoy pag-aaksaya ng bilyun-bilyong pisong halaga ng mga bakuna laban sa COVID-19.,Ang nasabing resolusyon ay naglalayong silipin ang mga ulat na umanoy pag-aaksaya ng bilyun-bilyong pisong halaga ng mga bakuna laban sa COVID-19.
Nagpapalitan sila ng video kung anu ano ang ganap sa buhay nila dahil magkalayo nga sila.,Nagpapalitan sila ng video kung anu-ano ang ganap sa buhay nila dahil magkalayo nga sila.
"Hindi na nakapalag ang apat na suspek ng harangin at arestuhin ng mga pulis habang bumabagtas sa Tanza-Trece Martires Road na nakilalang sina Marco Lean Pareja De Castro 19;Aldrin Ope?Òa Alarca, 24; Jayson Bartolomeo Cleope, 32,atJohn Lord Bigalbal Lumbre, 25; pawang residente ng Tanza, Cavite habang pinaghahanap ang isa pa nilang kasamahan na si Mark Lerry De Castro, 20, ng nasabi ring lugar.","Hindi na nakapalag ang apat na suspek nang harangin at arestuhin ng mga pulis habang bumabagtas sa Tanza-Trece Martires Road na nakilalang sina Marco Lean Pareja De Castro 19;Aldrin Ope?Òa Alarca, 24; Jayson Bartolomeo Cleope, 32,atJohn Lord Bigalbal Lumbre, 25; pawang residente ng Tanza, Cavite habang pinaghahanap ang isa pa nilang kasamahan na si Mark Lerry De Castro, 20, ng nasabi ring lugar."
Nagtataka lang ako kung bakit hindi siya kasing sikat ng ibang drama actor gayung nasa kanya naman halos lahat ng quality ng isang puwedeng maging big star.,Nagtataka lang ako kung bakit hindi siya kasing-sikat ng ibang drama actor gayung nasa kanya naman halos lahat ng quality ng isang puwedeng maging big star.
"Sabi ko sa kanya, alam mo lahat ng kumakanta ng salmo sa sa simbahan nagiging matagumpay sa buhay at sinaka malay mo balang araw maging isa kang sikat na singer, saad ni Dacillo.","Sabi ko sa kanya, alam mo lahat ng kumakanta ng salmo sa sa simbahan nagiging matagumpay sa buhay at saka malay mo balang araw maging isa kang sikat na singer, saad ni Dacillo."
May mga gabing hindi nakakatulog si Jerald da hil sa mga masasakit na salitang kanyang narinig mula sa kasintahan.,May mga gabing hindi nakakatulog si Jerald dahil sa mga masasakit na salitang kanyang narinig mula sa kasintahan.
Ganun daw na-excite ang ang mga taga-Sorosogon.,Ganun daw na-excite ang mga taga-Sorosogon.
"Samantala, mula 6-10 ng umaga at mula alas-3 ng hapon hanggang alas-10 ng gabi ang i patutupad na truck ban sa Bisig Road hanggang Tagalag Road.","Samantala, mula 6-10 ng umaga at mula alas-3 ng hapon hanggang alas-10 ng gabi ang ipatutupad na truck ban sa Bisig Road hanggang Tagalag Road."
"Tiniyak din naman ni Muntinlupa City public information officer Tez Navarro, na susunod susunod sila sa brandless policy ng pamahalaan at hindi iaanunsiyo ang uri ng bakuna.","Tiniyak din naman ni Muntinlupa City public information officer Tez Navarro, na susunod sila sa brandless policy ng pamahalaan at hindi iaanunsiyo ang uri ng bakuna."
Ang Committee on Peoples Participation na pinamumunuan ng Robes ang nagsagawa ng pagtakalay at pag-aprubea sa panukalang batas bago ito nagdala sa plenaryo.,Ang Committee on Peoples Participation na pinamumunuan ng Robes ang nagsagawa ng pagtakalay at pag-aprubea sa panukalang batas bago ito dinala sa plenaryo.
"Ayon kay Caloocan City Mayor Oca Malapitan, kahapon ay sinimulan na na ng Caloocan LGU ang cut-off kung saan hanggang alas-2 ng hapon na lamang tumanggap ng mga indibiduwal na babakunahan.","Ayon kay Caloocan City Mayor Oca Malapitan, kahapon ay sinimulan na ng Caloocan LGU ang cut-off kung saan hanggang alas-2 ng hapon na lamang tumanggap ng mga indibiduwal na babakunahan."
"Ilang taon na ang nakararaan ay palagi kaming nagkikita-kita, pero dahil sa pandemya ay hanggang text at tawagan na lang kami ng mag-asawang Ejercito, nami miss na namin sina Janella, Jolo, Julian at Jill.","Ilang taon na ang nakararaan ay palagi kaming nagkikita-kita, pero dahil sa pandemya ay hanggang text at tawagan na lang kami ng mag-asawang Ejercito, nami-miss na namin sina Janella, Jolo, Julian at Jill."
Pero maligaya ba naman siya sa mga ginagawa niya niya?,Pero maligaya ba naman siya sa mga ginagawa niya?
"Batangas, Philippines É?? Arestado sa-magkahiwalay na paghahain ng search warrant sa Batangas ang isang barangay tanod at ambulance driver dahil sa iligal na pagmamay-ari ng baril noong Sabado.","Batangas, Philippines É?? Arestado sa magkahiwalay na paghahain ng search warrant sa Batangas ang isang barangay tanod at ambulance driver dahil sa iligal na pagmamay-ari ng baril noong Sabado."
"Ayon sa OTS, isinailalim na sa preventive suspension at iniimbestigahan na ang sangkot na m ga tauhan.","Ayon sa OTS, isinailalim na sa preventive suspension at iniimbestigahan na ang sangkot na mga tauhan."
"Sa kadahilanan na wala namang ibang anak ang mag asawa na nawawala o namatay, maliban kay Jovelyn, masasabi natin na ito ay si Jovelyn Galleno, dagdag pa ng opisyal.","Sa kadahilanan na wala namang ibang anak ang mag-asawa na nawawala o namatay, maliban kay Jovelyn, masasabi natin na ito ay si Jovelyn Galleno, dagdag pa ng opisyal."
"Kaya natatandaan nga namin, noong araw na may matinding issue rin kay Sharon, nagbilin ang kanyang manager na si Mina Aragon na É??wala munang interviewÉ?ù at maski nga nga kami sinabihan noon na É??huwag na muna ninyong kausapin si Sharon.É?ù","Kaya natatandaan nga namin, noong araw na may matinding issue rin kay Sharon, nagbilin ang kanyang manager na si Mina Aragon na É??wala munang interviewÉ?ù at maski nga kami sinabihan noon na É??huwag na muna ninyong kausapin si Sharon.É?ù"
Hindi pa din isinasantabi ni Parks ang pagkakataong muling makalaro sa PBA.,Hindi pa rin isinasantabi ni Parks ang pagkakataong muling makalaro sa PBA.
"Kailangan kailangan maging patas at naayon sa mga naninirahan dito, pahayag ni Cong.","Kailangan maging patas at naayon sa mga naninirahan dito, pahayag ni Cong."
"Happy ako dahil mas marami akong napasaya, mas maraming mga pasyente ang pumupunta rito at at maraming nakapanonood ng aking mga advice.","Happy ako dahil mas marami akong napasaya, mas maraming mga pasyente ang pumupunta rito at maraming nakapanonood ng aking mga advice."
Ikinagalak naman ng Malaca?Òang na tumaas ang confidence ng mga mamamayan at nakakaimpluwensiya din ang pagpapabakuna ng mga kakilala at kapitbahay.,Ikinagalak naman ng Malaca?Òang na tumaas ang confidence ng mga mamamayan at nakakaimpluwensiya rin ang pagpapabakuna ng mga kakilala at kapitbahay.
At dahil pare-pareho naman silang silang edukado ay siguradong paiiralin nila ang gasgas nang linyang É??higher roadÉ?ù sa pingkiang ito.,At dahil pare-pareho naman silang edukado ay siguradong paiiralin nila ang gasgas nang linyang É??higher roadÉ?ù sa pingkiang ito.
"Sa isang relasyon, para maging smooth daw ito ay huwag ng pansinin ang mga maliliit na bagay na posibleng maging dahilan ng away.","Sa isang relasyon, para maging smooth daw ito ay huwag nang pansinin ang mga maliliit na bagay na posibleng maging dahilan ng away."
"Pagka-graduate niya, biglang naglockdown, pumayag na siyang i-petition ko siya.","Pagka-graduate niya, biglang nag-lockdown, pumayag na siyang i-petition ko siya."
"Ilang araw na umanong hinahanap ang mag-asawa, na sa pagtaya ay mga 2-3 days ng patay.","Ilang araw na umanong hinahanap ang mag-asawa, na sa pagtaya ay mga 2-3 days nang patay."
"Pero ng malaman noong pina-medical na natin itong babae, nagkaroon nga siya ng abrasions saka tama talaga roon sa may tiyan, saka siya humihingi ng tawad, sabi ni Police Major Miguel Nool III, station commander ng Naga City Police Office Station 3 Jamil Santos/VBL, GMA News.","Pero nang malaman noong pina-medical na natin itong babae, nagkaroon nga siya ng abrasions saka tama talaga roon sa may tiyan, saka siya humihingi ng tawad, sabi ni Police Major Miguel Nool III, station commander ng Naga City Police Office Station 3 Jamil Santos/VBL, GMA News."
"Magugunitang inisyu ang DBM circular bilang pagtalima na rin sa Supreme Court (SC) ruling na nagbibigay ng salary adjustment sa mga government nurse tulad ng Salary Grade 15 entry level pay na P33,575 na nakapaloob sa Philippine Nursing Act of 2002, sa halip na P21,000 Salary Grade 11 na kanilang tinatanggap.","Magugunitang inisyu ang DBM circular bilang pagtalima na rin sa Supreme Court (SC) ruling na nagbibigay ng salary adjustment sa mga government nurse tulad ng Salary Grade 15 entry-level pay na P33,575 na nakapaloob sa Philippine Nursing Act of 2002, sa halip na P21,000 Salary Grade 11 na kanilang tinatanggap."
Halos dalawang minuto lang naglaro ang 7-foot-3 Filipino sensation sa first quarter at hindi na balik sa nasabing laban sa kabila ng pagiging starting center ng 36ers ngayong season.,Halos dalawang minuto lang naglaro ang 7-foot-3 Filipino sensation sa first quarter at hindi na ibinalik sa nasabing laban sa kabila ng pagiging starting center ng 36ers ngayong season.
"Akala raw ng hospita, to too na feel ko na binubudol ako ng mga love kong doktors, hah hah.","Akala raw ng hospita, totoo na feel ko na binubudol ako ng mga love kong doktors, hah hah."
Gayunman niliwanag ng DA na hindi naman bumaba ang-kalidad ng sibuyas kahit nagbaba ang presyo nito.,Gayunman niliwanag ng DA na hindi naman bumaba ang kalidad ng sibuyas kahit nagbaba ang presyo nito.
"Inabot ni Susano ang-edad 123, mas matanda kung ikukumpara sa dating pinarangalang.","Inabot ni Susano ang edad 123, mas matanda kung ikukumpara sa dating pinarangalang."
"Yong sinabi niya o ipapangako niya, ginawa niya.","Yong sinabi niya o ipinangako niya, ginawa niya."
"So time blocking lang para magawa lahat,É?ù pagtatapos ng ng dalaga.","So time blocking lang para magawa lahat,É?ù pagtatapos ng dalaga."
Mahigit tatlong oras bago tuluyang narekober ang katawan nito subalit nawala na itong buhay.,Mahigit tatlong oras bago tuluyang narekober ang katawan nito subalit wala na itong buhay.
"Gayunpaman, optimistiko ang pamunuan ng PBA na magiging maganda na ang sitwasyon sa mga susunod na linggo upang maibalik sa mas-mababang alert level ang NCR.","Gayunpaman, optimistiko ang pamunuan ng PBA na magiging maganda na ang sitwasyon sa mga susunod na linggo upang maibalik sa mas mababang alert level ang NCR."
"Sa halip na dagdag singil, sinabi ng Meralco kahapon na maaaring bumaba na ang singil nila ngayong buwan dahil na rin sa P21 bilyon na refund order ng Energy Regulatory Commission.","Sa halip na dagdag-singil, sinabi ng Meralco kahapon na maaaring bumaba na ang singil nila ngayong buwan dahil na rin sa P21 bilyon na refund order ng Energy Regulatory Commission."
"Samantala, hindi naman makakapagbigay ng ng komento si Albie dahil kasalukuyan itong nasa PBB house.","Samantala, hindi naman makakapagbigay ng komento si Albie dahil kasalukuyan itong nasa PBB house."
"Hindi ko maubos-maisip kung saan pupulutin ang gobyernong may sarili nang sandatahang lakas na nakabatay sa Saligang Batas na pomoprotekta sa estado ay lalabas na nakikipagmabutihan din sa grupong hindi kumikilala, sumasalungat at gustong maghari harian sa pamahalaan, diin pa ng dating mambabatas at heneral.","Hindi ko maubos-maisip kung saan pupulutin ang gobyernong may sarili nang sandatahang lakas na nakabatay sa Saligang Batas na pomoprotekta sa estado ay lalabas na nakikipagmabutihan din sa grupong hindi kumikilala, sumasalungat at gustong maghari-harian sa pamahalaan, diin pa ng dating mambabatas at heneral."
Nagsabi ni Vargas na pagtutuunan niya ng pansin ang pagpapalakas sa mga LGU upang matugunan nito ang mga pangangailangan ng mga mamamayan.,Sinabi ni Vargas na pagtutuunan niya ng pansin ang pagpapalakas sa mga LGU upang matugunan nito ang mga pangangailangan ng mga mamamayan.
Karamihan-diyan ay nanggaling sa mga sumusunod na lugar.,Karamihan diyan ay nanggaling sa mga sumusunod na lugar.
Ibinahagi ng É??Pinoy Big BrotherÉ?ù Teen Edition Big Winner ang ang video message sa kanya ng bise presidente na kasalukuyang tumatakbo bilang pangulo sa darating na May 9 elections.,Ibinahagi ng É??Pinoy Big BrotherÉ?ù Teen Edition Big Winner ang video message sa kanya ng bise presidente na kasalukuyang tumatakbo bilang pangulo sa darating na May 9 elections.
"At ang twist daw ng kuwento, feeling ng komedyana ay É??nilaglagÉ?ù siya ni Kris ng magkaayos na ang TV host at si James.","At ang twist daw ng kuwento, feeling ng komedyana ay É??nilaglagÉ?ù siya ni Kris nang magkaayos na ang TV host at si James."
Sa kauumpisa pa lamang ay nakitaan agad ng pagiging ganid itong si organizer dahil sa halip na ipamigay ang t-shirt ay pinabayaran ito sa mga rider.,Sa umpisa pa lamang ay nakitaan agad ng pagiging ganid itong si organizer dahil sa halip na ipamigay ang t-shirt ay pinabayaran ito sa mga rider.
Wala pa tayong dinig na comment mula kay Senador Robin Padilla.,Wala pa tayong naririnig na comment mula kay Senador Robin Padilla.
Ang mga ito aniya ang mga bagong nakakita ngayon sa ibang mga bansa kaya dapat na hindi makapok sa Pilipinas dahil mabilis ang pagkalat ng mga ito at mabilis na makahawa.,Ang mga ito aniya ang mga bagong nakita ngayon sa ibang mga bansa kaya dapat na hindi makapok sa Pilipinas dahil mabilis ang pagkalat ng mga ito at mabilis na makahawa.
Mag asawa po (kami) ni Aljur.,Mag-asawa po (kami) ni Aljur.
Pinalakpakan ng Department of National Defense (DND) ang komento ni Pangulong Rodrigo Duterte na direktang nagmamaliit-sa pagkapanalo ng Pilipinas sa soberanyang karapatan laban sa Tsina É?? kahit trabaho nilang protektahan ang bansa sa anumang pananakop.,Pinalakpakan ng Department of National Defense (DND) ang komento ni Pangulong Rodrigo Duterte na direktang nagmamaliit sa pagkapanalo ng Pilipinas sa soberanyang karapatan laban sa Tsina É?? kahit trabaho nilang protektahan ang bansa sa anumang pananakop.
"So, magpahinga muna siya, saad ni Karl kasabay ng pagpo promote niya ng pelikulang Kaluskos ng Viva Films na nag-showing na sa mga sinehan kahapon.","So, magpahinga muna siya, saad ni Karl kasabay ng pagpo-promote niya ng pelikulang Kaluskos ng Viva Films na nag-showing na sa mga sinehan kahapon."
"Sa tindi ng pag salpok, tumilapon ang rider at ang angkas nito sa magkabilang parte ng highway.","Sa tindi ng pag-salpok, tumilapon ang rider at ang angkas nito sa magkabilang parte ng highway."
Nangako ang UP Fighting Maroons guard na magdo-donate siya sa É??RR25 Buckets of HopeÉ?ù ng P250 sa bawat puntos na magagawa niya bilang manlalaro-sa final UAAP season.,Nangako ang UP Fighting Maroons guard na magdo-donate siya sa É??RR25 Buckets of HopeÉ?ù ng P250 sa bawat puntos na magagawa niya bilang manlalaro sa final UAAP season.
Itinuloy-tuloy ni Glaiza ang pag inom ng niresetang gamot ng kaniyang doktor hanggang mawala ang kaniyang pagkangiwi.,Itinuloy-tuloy ni Glaiza ang pag-inom ng niresetang gamot ng kaniyang doktor hanggang mawala ang kaniyang pagkangiwi.
"Sa ulat, dakong alas-3:30 ng madaling araw nang magkasa ang Jose Abad Santos Police Station 7-Drug Enforcement Unit ng buy-bust operation sa may kan to ng Rizal Avenue at Matangtubig Street sa Tondo.","Sa ulat, dakong alas-3:30 ng madaling araw nang magkasa ang Jose Abad Santos Police Station 7-Drug Enforcement Unit ng buy-bust operation sa may kanto ng Rizal Avenue at Matangtubig Street sa Tondo."
"Bilang isang babae at ina, pinaniniwalaan ako sa tamang proteksiyon at karapatan ng lahat kababaihan sa ating lipunan.","Bilang isang babae at ina, naniniwala ako sa tamang proteksiyon at karapatan ng lahat kababaihan sa ating lipunan."
Wala ring pinalad na makahula sa mga lumabas na numero sa isa isa pang draw na Superlotto 6/49.,Wala ring pinalad na makahula sa mga lumabas na numero sa isa pang draw na Superlotto 6/49.
"Una ng plano ang mga araw na Martes, Huwebes at Sabado para sa basketball event kung saan apat na laro kada araw ang lalaruin.","Una nang plano ang mga araw na Martes, Huwebes at Sabado para sa basketball event kung saan apat na laro kada araw ang lalaruin."
Naghihintay na lang umano ito ng karagdagang suplay ng langis at clearance sa paglalayag nang abutan ng malaking alon alon.,Naghihintay na lang umano ito ng karagdagang suplay ng langis at clearance sa paglalayag nang abutan ng malaking alon.
"Ang ginawa namin ni Arnold (Vegafria), kami na ang naghanap ng-karagdagan, sixty five million pesos ang naipon namin.","Ang ginawa namin ni Arnold (Vegafria), kami na ang naghanap ng karagdagan, sixty five million pesos ang naipon namin."
Deleted na ang post ni Solenn Heussaff na pinunang ginagamit ang kahirapan ng marami para i promote sa social media ang kanyang solo art exhibit na pinaghandaan niya raw for three years.,Deleted na ang post ni Solenn Heussaff na pinunang ginagamit ang kahirapan ng marami para i-promote sa social media ang kanyang solo art exhibit na pinaghandaan niya raw for three years.
"Nagpasalamat naman si Jane sa suporta ng viewers para sa bago niyang karakter bilang s niper at isa sa mga lider ng grupong Black Ops, na ayon sa kanya ay malayo pa ang lalakbayin sa serye.","Nagpasalamat naman si Jane sa suporta ng viewers para sa bago niyang karakter bilang sniper at isa sa mga lider ng grupong Black Ops, na ayon sa kanya ay malayo pa ang lalakbayin sa serye."
"Kasi winawala namang ibang dapat sisihin,É?ù saad pa ni Angel.","Kasi wala namang ibang dapat sisihin,É?ù saad pa ni Angel."
"Anya, nagpakita din ng pagtaas ng kaso ng COVID-19 saLaguna, Batangas, Benguet, Bulacan, Cebu, Davao del Sur, Iloilo, atPampanga.","Anya, nagpakita rin ng pagtaas ng kaso ng COVID-19 saLaguna, Batangas, Benguet, Bulacan, Cebu, Davao del Sur, Iloilo, atPampanga."
Nais nais ng biktima na mahuli ang kasambahay para mapanagot sa ginawa at hindi na makapambiktima ng iba.,Nais ng biktima na mahuli ang kasambahay para mapanagot sa ginawa at hindi na makapambiktima ng iba.
"Ayon kay Tiangco, nakababahala ito dahil naroon ang posibilidad na dumami pa ang kaso ng mahawaan dahil na din sa pagiging iresponsable ng iilang indibiduwal.","Ayon kay Tiangco, nakababahala ito dahil naroon ang posibilidad na dumami pa ang kaso ng mahawaan dahil na rin sa pagiging iresponsable ng iilang indibiduwal."
"Nagmula naman ang ang Lady Blazers sa masaklap na 20-25, 25-24, 25-19, 20-25, 11-15 pagkatalo sa Lady Tamaraws noong Setyembre 24 sa kanilang huling laro.","Nagmula naman ang Lady Blazers sa masaklap na 20-25, 25-24, 25-19, 20-25, 11-15 pagkatalo sa Lady Tamaraws noong Setyembre 24 sa kanilang huling laro."
"Pero dahil sa pandemya at tuluyang pamamayagpag pa rin ng COVID-19, kinakailangang limitahan aniya ang mga taong-dadalo upang mapigilan ang pagkalat pa lalo ng sakit.","Pero dahil sa pandemya at tuluyang pamamayagpag pa rin ng COVID-19, kinakailangang limitahan aniya ang mga taong dadalo upang mapigilan ang pagkalat pa lalo ng sakit."
"Bu kod kay Chito, kabilang din sa mga judge sa bagong season ng É??Idol PhilippinesÉ?ù sina Regine Velasquez, Gary Valenciano at Moira dela Torre.","Bukod kay Chito, kabilang din sa mga judge sa bagong season ng É??Idol PhilippinesÉ?ù sina Regine Velasquez, Gary Valenciano at Moira dela Torre."
"Ayon sa ulat, mga barako kapag tumatakbo at nagaagawan ng bola sa hardcourt ang mga beking player, pero sa tuwing makaka-shoot mayroon silang bonggang celebratory split at tuma-tumbling pa.","Ayon sa ulat, mga barako kapag tumatakbo at nag-aagawan ng bola sa hardcourt ang mga beking player, pero sa tuwing makaka-shoot mayroon silang bonggang celebratory split at tuma-tumbling pa."
Una ng sinabi ni Pacman na sa Setyembre niya pagdedesisyunan kung itutuloy niya ang planong pagtakbo sa pagkapresidente sa 2022.,Una nang sinabi ni Pacman na sa Setyembre niya pagdedesisyunan kung itutuloy niya ang planong pagtakbo sa pagkapresidente sa 2022.
"Tumaas na din aniya ang bilang ng mga nabibigyan ng bakuna araw-araw na nasa 527,604.","Tumaas na rin aniya ang bilang ng mga nabibigyan ng bakuna araw-araw na nasa 527,604."
"Ako nga hindi ko kayang magsurvive roon sa mga training, sabi ni Vitto kay Winwyn.","Ako nga hindi ko kayang mag-survive roon sa mga training, sabi ni Vitto kay Winwyn."
"Kung talaga meron silang pruweba rito sa mga supposedly na fraudulent claims, then i-file po ni la.","Kung talaga meron silang pruweba rito sa mga supposedly na fraudulent claims, then i-file po nila."
Na muling buhayin ang naturang kampanya laban sa mga motoristang hindi naman dapat gumagamit ng naturang wang wang at blinker.,Na muling buhayin ang naturang kampanya laban sa mga motoristang hindi naman dapat gumagamit ng naturang wang-wang at blinker.
"Noong Biyernes, sinabi ng Philippine Baking Industry Group (Philbaking) na ang tinatayang pagtaas sa presyo ng tinapay ay bunsod ng paglobo sa presyo ng harina na aakyatin na mula P710 kada sako patungo sa kasalukuyang P995.","Noong Biyernes, sinabi ng Philippine Baking Industry Group (Philbaking) na ang tinatayang pagtaas sa presyo ng tinapay ay bunsod ng paglobo sa presyo ng harina na umakyat na mula P710 kada sako patungo sa kasalukuyang P995."
Idineklara itong mawawala matapos na pumalaot noong Disyembre kasama ang apat na iba pa pero sinalubong ng masungit na panahon at naglalakihang alon ang kanilang bangka sa gitna ng karagatan.,Idineklara itong nawawala matapos na pumalaot noong Disyembre kasama ang apat na iba pa pero sinalubong ng masungit na panahon at naglalakihang alon ang kanilang bangka sa gitna ng karagatan.
"Lumalaki na ang mga anak nila, marami ng pangangailangan, kaya concerned sila dun.","Lumalaki na ang mga anak nila, marami nang pangangailangan, kaya concerned sila dun."
"Isinilang ang kakaibang baka noong Mayo 21 at matapos nito, daan-daang mga tao na ang bibisita sa lugar para dasalan ang hayop.","Isinilang ang kakaibang baka noong Mayo 21 at matapos nito, daan-daang mga tao na ang bumisita sa lugar para dasalan ang hayop."
Kapapangako niya sa sulat na magsasakripisyo siya ng anim na babae kada anim na buwan kapalit ng pagkapanalo niya ng Mega Millions Super Jackpot.,Ipinangako niya sa sulat na magsasakripisyo siya ng anim na babae kada anim na buwan kapalit ng pagkapanalo niya ng Mega Millions Super Jackpot.
"Dagdag pa nito, iwawala na raw masyadong post si Kate Jagdon sa kanyang IG story na dati raw ay si Beatrice ang madalas na laman.","Dagdag pa nito, wala na raw masyadong post si Kate Jagdon sa kanyang IG story na dati raw ay si Beatrice ang madalas na laman."
"Ang ibig sabihin ng presidente, kahihindi naman natin ibibigay sa private sector É??yong assets ng NAIA.","Ang ibig sabihin ng presidente, hindi naman natin ibibigay sa private sector É??yong assets ng NAIA."
Matagal tagal nang hindi nakagagawa ng proyekto ang aktres.,Matagal-tagal nang hindi nakagagawa ng proyekto ang aktres.
"Nagdeploy na ang Philippine Coast Guard (PCG) ng kanilang mga asset para tumulong sa rescue at relief operations sa Dinagat Islands, Siargao Island at Surigao del Norte, at Surigao del Sur sa Mindanao, gayundin sa Gitna at Silangang Visayas na lubhang tinamaan ng bagyong Odette.","Nag-deploy na ang Philippine Coast Guard (PCG) ng kanilang mga asset para tumulong sa rescue at relief operations sa Dinagat Islands, Siargao Island at Surigao del Norte, at Surigao del Sur sa Mindanao, gayundin sa Gitna at Silangang Visayas na lubhang tinamaan ng bagyong Odette."
Hanggang sa sunud-sunod sunud-sunod na po yung comments about Awra.,Hanggang sa sunud-sunod na po yung comments about Awra.
Isang beauty queen nang sinalihan siya sa 2018 Miss World Philippines at ngayon ay looking forward siya na mas lalong pagtuunan ang pag-arte at pagkanta.,Isang beauty queen nang sumali siya sa 2018 Miss World Philippines at ngayon ay looking forward siya na mas lalong pagtuunan ang pag-arte at pagkanta.
Magkakasama-tayo sa pagdiriwang ng kapanganakan ni Hesus.,Magkakasama tayo sa pagdiriwang ng kapanganakan ni Hesus.
Idinagdag din ni Roque na nagdarasal ang buong bansa para sa mga atleta at sa pagpupunyagi nila na makapag uwi ng gintong medalya para sa Pilipinas.,Idinagdag din ni Roque na nagdarasal ang buong bansa para sa mga atleta at sa pagpupunyagi nila na makapag-uwi ng gintong medalya para sa Pilipinas.
"Para naman kay Poe, bagamat sa nakaraang administrasyon pa ang programang itoy mas makabubuti aniya kung pagaralan na muna dahil iba na ang administrasyon ngayon.","Para naman kay Poe, bagamat sa nakaraang administrasyon pa ang programang itoy mas makabubuti aniya kung pag-aralan na muna dahil iba na ang administrasyon ngayon."
"Dapat alam ni Joong-ki na 74 na ako noh, baka mamaya dahil tawag niya sa akin Lolita, magilusyon pa ako, hah hah.","Dapat alam ni Joong-ki na 74 na ako noh, baka mamaya dahil tawag niya sa akin Lolita, mag-ilusyon pa ako, hah hah."
Malinis at halos wala ng laman ang tanggapan ni outgoing Vice President Leni Robredo habang naghahandang mag-alsa-balutan walong araw bago magtapos ang kanyang termino.,Malinis at halos wala nang laman ang tanggapan ni outgoing Vice President Leni Robredo habang naghahandang mag-alsa-balutan walong araw bago magtapos ang kanyang termino.
"Kahit na may sarili ng pamilya, hindi pa din daw nawawala sa isip ni Shang ang naiwan niyang pamilya sa Zamboanga del Sur.","Kahit na may sarili ng pamilya, hindi pa rin daw nawawala sa isip ni Shang ang naiwan niyang pamilya sa Zamboanga del Sur."
"Ayon sa opisina ng Senador, nagkaroon sila ng pag uusap ng mga opisyal ng MTRCB na pinangungunahan ni Chairperson Lala Sotto noong Friday, Feb.","Ayon sa opisina ng Senador, nagkaroon sila ng pag-uusap ng mga opisyal ng MTRCB na pinangungunahan ni Chairperson Lala Sotto noong Friday, Feb."
"Cavite , Philippines É?? Halos humiwalay ang ulo sa katawan ng isang pedicab driver makaraang pagtatagain ng kapitbahay na nakaalitan nito, kamakalawa ng gabi sa Barangay Panapaan 3, Bacoor City.","Cavite, Philippines É?? Halos humiwalay ang ulo sa katawan ng isang pedicab driver makaraang pagtatagain ng kapitbahay na nakaalitan nito, kamakalawa ng gabi sa Barangay Panapaan 3, Bacoor City."
"Ewan ko kung ano ang usapan nila Jomari at ex niya, pero hindi naman siguro ganun ka iresponsable si Jomari para hindi ayusin kung para man lang sana sa mga anak niya.","Ewan ko kung ano ang usapan nila Jomari at ex niya, pero hindi naman siguro ganun ka-iresponsable si Jomari para hindi ayusin kung para man lang sana sa mga anak niya."
Sinasabi ng Bureau of Fire Protection na mabilis kumalat ang apoy lalo nat karamihan sa mga bahay sa er ya ay gawa sa light materials.,Sinasabi ng Bureau of Fire Protection na mabilis kumalat ang apoy lalo nat karamihan sa mga bahay sa erya ay gawa sa light materials.
"Million na Porsche, LTO nagbigay sa amin nang rehistro, ayon kay Gordon.","Million na Porsche, LTO nagbigay sa amin ng rehistro, ayon kay Gordon."
Kaabang-abang kaabang-abang ang susunod na pag-uusapan dahil natanong ang tungkol kay Yen Santos.,Kaabang-abang ang susunod na pag-uusapan dahil natanong ang tungkol kay Yen Santos.
Oktubre noong 2019 nang huling magconcert ang global sensation sa South Korea.,Oktubre noong 2019 nang huling mag-concert ang global sensation sa South Korea.
Aminado ang aktor na talagang mahirap na pagsabay sabayin ang lahat ng kanyang mga ginagawa.,Aminado ang aktor na talagang mahirap na pagsabay-sabayin ang lahat ng kanyang mga ginagawa.
"Maagap na napigilan ng ng mga tauhan ng Manila Police District (MPD) ang isang lalaki na nag-amok habang armado ng isang baril bago pa siya makapanakit ng mga inosente na nag-aabang ng masasakyan sa may Ermita, Maynila kamakalawa ng gabi.","Maagap na napigilan ng mga tauhan ng Manila Police District (MPD) ang isang lalaki na nag-amok habang armado ng isang baril bago pa siya makapanakit ng mga inosente na nag-aabang ng masasakyan sa may Ermita, Maynila kamakalawa ng gabi."
"Ang mapipili ay makakasali sa Velocity ng 917Ventures, isang tatlong buwan buwan na bootcamp na naglalayong ilabas ang mga talento at mga ideya ng mga kalahok at makalikha ng mga negosyo sa tulong ng 917Ventures at Globe.","Ang mapipili ay makakasali sa Velocity ng 917Ventures, isang tatlong buwan na bootcamp na naglalayong ilabas ang mga talento at mga ideya ng mga kalahok at makalikha ng mga negosyo sa tulong ng 917Ventures at Globe."
"Sa ulat, dakong alas-6 ng gabi, bisita ang biktima sa kanyang ipinatatayong bahay sa nasabing lugar nang biglang dumating ang mga armadong lalaki na hinihinalang mga komunista.","Sa ulat, dakong alas-6 ng gabi, bumisita ang biktima sa kanyang ipinatatayong bahay sa nasabing lugar nang biglang dumating ang mga armadong lalaki na hinihinalang mga komunista."
Agad na nilinis kahapon ni Press Secretary Trixie Cruz-Angeles ang pangalan ni Executive Secretary Victor Rodriguez tungkol sa isyu ng naunsyaming importasyon ng asukal.,Agad na nilinis kahapon ni Press Secretary Trixie Cruz-Angeles ang pangalan ni Executive Secretary Victor Rodriguez tungkol sa isyu nang naunsyaming importasyon ng asukal.
Nagsabi pa ng alkalde na may kabuuang 491 stall holder sa wet and dry goods ang makikinabang pa rin sa tatawaging É??Bagong Pritil MarketÉ?ù.,Sinabi pa ng alkalde na may kabuuang 491 stall holder sa wet and dry goods ang makikinabang pa rin sa tatawaging É??Bagong Pritil MarketÉ?ù.
Maayos naman daw ang kanilang paghihiwalay matapos makapag-usap nang masinsinan pero inamin ni Kylie na hindi agad nagsink in sa kanya ang nangyari.,Maayos naman daw ang kanilang paghihiwalay matapos makapag-usap nang masinsinan pero inamin ni Kylie na hindi agad nag-sink in sa kanya ang nangyari.
"Pero paliwanag ni David, may mas mahalaga pa raw siyang dahilan kaya siya mahilig mag workout.","Pero paliwanag ni David, may mas mahalaga pa raw siyang dahilan kaya siya mahilig mag-workout."
"Tuloy pa din naman ang panawagan nilang P10,000 emergency cash subsidy na dapat daw ibigay sa pinakamahihirap na 18 milyon o 22.25.","Tuloy pa rin naman ang panawagan nilang P10,000 emergency cash subsidy na dapat daw ibigay sa pinakamahihirap na 18 milyon o 22.25."
"Ayon pa kay Bea, nag-iingat lang siya dahil na din sa naging karanasan niya noon.","Ayon pa kay Bea, nag-iingat lang siya dahil na rin sa naging karanasan niya noon."
"Hindi na raw kabaitan yun, pagiging under na, sobrang pagiging kayan-kayanan na siya babaeng yun na may kaartehan!","Hindi na raw kabaitan yun, pagiging under na, sobrang pagiging kayan-kayanan na siya ng babaeng yun na may kaartehan!"
Inabot ng 13 taon bago nanalo ang kaso.,Inabot ng 13 taon bago napanalunan ang kaso.
Maraming bansa na din sa European Union ang nagsimula nang magbigay ng booster shot para mapigilan ang paglaganap uli ng COVID.,Maraming bansa na rin sa European Union ang nagsimula nang magbigay ng booster shot para mapigilan ang paglaganap uli ng COVID.
"Kasalukuyang may alyansa ang Lakas-CMD nina vice presidential aspirant Duterte-Carpio kina Marcos, na tatakbuhin naman sa pagkapangulo sa 2022 sa ilalim ng Partido Federal ng Pilipinas.","Kasalukuyang may alyansa ang Lakas-CMD nina vice presidential aspirant Duterte-Carpio kina Marcos, na tumatakbo naman sa pagkapangulo sa 2022 sa ilalim ng Partido Federal ng Pilipinas."
Una nang sasabihin ng Malaca?ang.,Una nang sinabi ng Malaca?ang.
Kahit anong donasyon makatutulong sa kanila sa pagahon at pagbuo muli ng kanilang mga tahanan.,Kahit anong donasyon makatutulong sa kanila sa pag-ahon at pagbuo muli ng kanilang mga tahanan.
"At least, sa pagkakaroon ng AllTV, yung mga nawalan ng trabaho nang hindi ma-renew ang franchise nila ay may work ngayon dahil sa mga Villar, pati sa magasawang Toni at Paul.","At least, sa pagkakaroon ng AllTV, yung mga nawalan ng trabaho nang hindi ma-renew ang franchise nila ay may work ngayon dahil sa mga Villar, pati sa mag-asawang Toni at Paul."
"Sumatutal, 12,201 na ang mga binawian nang buhay kaugnay nito.","Sumatutal, 12,201 na ang mga binawian ng buhay kaugnay nito."
"Ayon kay Belmonte, mabilis din ang pagkalat nang UK variant kung saan nakapagtala na sila ng 13 kaso habang 4 na kaso naman ang South African Variant.","Ayon kay Belmonte, mabilis din ang pagkalat ng UK variant kung saan nakapagtala na sila ng 13 kaso habang 4 na kaso naman ang South African Variant."
Gaganap si Piolo bilang isang ekspertong doktor na matagumpay na naililigtas ang kanyang mga pasyente ngunit mahihirapan ng ang kanyang nag-iisang anak (Harvey Bautista) ay nagkasakit.,Gaganap si Piolo bilang isang ekspertong doktor na matagumpay na naililigtas ang kanyang mga pasyente ngunit mahihirapan nang ang kanyang nag-iisang anak (Harvey Bautista) ay nagkasakit.
"Nakatalikod na din si biktima natin, ayon kay Police Captain Dexter Tayaba, hepe ng Labrador Police Station.","Nakatalikod na rin si biktima natin, ayon kay Police Captain Dexter Tayaba, hepe ng Labrador Police Station."
Puring-puri nang mga veteran comedian na sina Janno Gibbs at Anjo Yllana ang direktor ng kanilang reunion movie na si Xian Lim.,Puring-puri ng mga veteran comedian na sina Janno Gibbs at Anjo Yllana ang direktor ng kanilang reunion movie na si Xian Lim.
"Paalis na sila sa parking at nakatakda sanang iatras ngdriver ang sasakyan ng magkamali ito ng tapak, kung saan silinyador ang natapakan nito sa halip na prenoat hindi pa nailagay sa paatras.","Paalis na sila sa parking at nakatakda sanang iatras ngdriver ang sasakyan nang magkamali ito ng tapak, kung saan silinyador ang natapakan nito sa halip na prenoat hindi pa nailagay sa paatras."
"Babalik lang ako sa Central Luzon every six weeks para ma-check ko-naman ko naman po ang aking pangangay si kuya Josh na nahanap na ang true happiness niya in Tarlac, dagdag ni Kris.","Babalik lang ako sa Central Luzon every six weeks para ma-check ko naman ko naman po ang aking pangangay si kuya Josh na nahanap na ang true happiness niya in Tarlac, dagdag ni Kris."
"Si Cookie ang lead ac t ng bandang Color It Red na sumikat noong 90s, habang si Bayang naman ang isa sa mga nanguna at nananatiling pwersa para sa folk music sa bansa.","Si Cookie ang lead act ng bandang Color It Red na sumikat noong 90s, habang si Bayang naman ang isa sa mga nanguna at nananatiling pwersa para sa folk music sa bansa."
"Pero dahil sa nagviral ito, maaaktuhan umano ang ginagawang imbestigasyon ng pulisya na nagsimula pa raw noong Marso.","Pero dahil sa nag-viral ito, maaaktuhan umano ang ginagawang imbestigasyon ng pulisya na nagsimula pa raw noong Marso."
Matatandaang hindi nabigyan ng panibagong-prangkisa ng Kongreso ang Kapamilya network noong isang taon.,Matatandaang hindi nabigyan ng panibagong prangkisa ng Kongreso ang Kapamilya network noong isang taon.
Kaniniwala si Benjamin Alves sa kasabihang masama ang sukob o ang pagpapakasal ng magkapatid sa iisang taon.,Naniniwala si Benjamin Alves sa kasabihang masama ang sukob o ang pagpapakasal ng magkapatid sa iisang taon.
Naglatag din ng checkpoint upang mapigilan ang mga lokal na residente na binabalikan sa kanilang mga tahanan at huwag pahintulutan ang mga turista at iba pang mga tao na pumasok sa lugar na idineklarang danger zones.,Naglatag din ng checkpoint upang mapigilan ang mga lokal na residente na bumalik sa kanilang mga tahanan at huwag pahintulutan ang mga turista at iba pang mga tao na pumasok sa lugar na idineklarang danger zones.
Marami kasi ang curious kung ano nga ba ang papel ng dalaga sa buhay ni Joshua at bilang self-proclaimed É??MaritesÉ?ù ay nagmessage si Xian sa aktor.,Marami kasi ang curious kung ano nga ba ang papel ng dalaga sa buhay ni Joshua at bilang self-proclaimed É??MaritesÉ?ù ay nag-message si Xian sa aktor.
"Grace Beltran, isang dermatologist, epektibo talaga ang minoxidil sa pagpapalago nang buhok.","Grace Beltran, isang dermatologist, epektibo talaga ang minoxidil sa pagpapalago ng buhok."
"Si Aiko naman, gustong ikasal sa-taong 2030.","Si Aiko naman, gustong ikasal sa taong 2030."
Wag nating hintayin na binabalikan ulit tayo roon sa Marso wherein magtatawag na naman ang gobyerno natin ng total lockdown.,Wag nating hintayin na bumalik ulit tayo roon sa Marso wherein magtatawag na naman ang gobyerno natin ng total lockdown.
Wala pang kumpirmasyon kumpirmasyon ang Partido Liberal kung sino ang magiging running mate nito sa pagka-bise presidente bagamat malakas ang ugong na itoy si Sen.,Wala pang kumpirmasyon ang Partido Liberal kung sino ang magiging running mate nito sa pagka-bise presidente bagamat malakas ang ugong na itoy si Sen.
"Samantala, ipinakita rin ni Allan sa ""Tunay na Buhay"" ang husay niya sa pag-drawing ng gawan niya ng sketch ang host ng programa na si Pia Arcangel.","Samantala, ipinakita rin ni Allan sa ""Tunay na Buhay"" ang husay niya sa pag-drawing nang gawan niya ng sketch ang host ng programa na si Pia Arcangel."
"Ayon sa DepEd, bagamat humindi pa malinaw kung may kaugnayan sa halalan ang krimen, kinokondena nila ang anumang karahasan at kawalan ng katarungan laban sa mga guro na nag-aalay ng buhay para maturuan at magabayan ang mga kabataan at manilbihan sa halalan.","Ayon sa DepEd, bagamat hindi pa malinaw kung may kaugnayan sa halalan ang krimen, kinokondena nila ang anumang karahasan at kawalan ng katarungan laban sa mga guro na nag-aalay ng buhay para maturuan at magabayan ang mga kabataan at manilbihan sa halalan."
Nagkaroon nagkaroon nang pagbaba sa hawaan ng COVID-19 sa Metro Manila batay sa latest monitoring ng OCTA Research Group.,Nagkaroon nang pagbaba sa hawaan ng COVID-19 sa Metro Manila batay sa latest monitoring ng OCTA Research Group.
"Nagugat ang lahat nang suntukin ni Heavy Bombers cager John Amores ang tatlong players ng Blazers na sina Jimboy Pasturan, Taine Davis at Mark Sangco, may 3:22 pang nalalabi sa ikaapat na kanto.","Nag-ugat ang lahat nang suntukin ni Heavy Bombers cager John Amores ang tatlong players ng Blazers na sina Jimboy Pasturan, Taine Davis at Mark Sangco, may 3:22 pang nalalabi sa ikaapat na kanto."
Paliwanag ng opisyal na posibleng bumigay ang ginawang proyekto dahil sa mga dumaraang mga malalaking truck sa lugar na nagdulot ng paguga ito.,Paliwanag ng opisyal na posibleng bumigay ang ginawang proyekto dahil sa mga dumaraang mga malalaking truck sa lugar na nagdulot ng pag-uga ito.
Wala siyang choice ngayon kundi ang sundin ang decision nang management agency niya!,Wala siyang choice ngayon kundi ang sundin ang decision ng management agency niya!
"Kuwento ni Derby, batid niya na buntis noon ang kaniyang nobya nang aalis siya ng Batangas, at nagtungo sa Iloilo para puntahan ang kaniyang mga magulang.","Kuwento ni Derby, batid niya na buntis noon ang kaniyang nobya nang umalis siya ng Batangas, at nagtungo sa Iloilo para puntahan ang kaniyang mga magulang."
"Dumating nga ang magulang ni Hidilyn mula Zamboanga, at dinaanan din sila sa tamang proseso na ipina-swab at bakunado na rin sila Pagkalabas ng kanilang quarantine sa Hotel Sofitel kasama ang boyfriend at coach na si Julius Naranjo, lumipat sila sa Resorts World Manila bilang pagtanaw rin ng utang na loob dahil sila ang nagbigay ng People Of The Year after ng kanyang silver sa Rio Olympics.","Dumating nga ang magulang ni Hidilyn mula Zamboanga, at dumaan din sila sa tamang proseso na ipina-swab at bakunado na rin sila Pagkalabas ng kanilang quarantine sa Hotel Sofitel kasama ang boyfriend at coach na si Julius Naranjo, lumipat sila sa Resorts World Manila bilang pagtanaw rin ng utang na loob dahil sila ang nagbigay ng People Of The Year after ng kanyang silver sa Rio Olympics."
"Isang linggo matapos na hindi na makontak, makontak, nakita ang sasakyan ni Carlos sa Sto Tomas, Batangas.","Isang linggo matapos na hindi na makontak, nakita ang sasakyan ni Carlos sa Sto Tomas, Batangas."
"Ang isa sa mga anak ni Eduardo na si Edelyn, humindi napigilan na maging emosyon nang balikan ang hirap ng buhay nila noon.","Ang isa sa mga anak ni Eduardo na si Edelyn, hindi napigilan na maging emosyon nang balikan ang hirap ng buhay nila noon."
"Nang umasenso at magkaroon siya ng sariling makina at mananahi, nagresign siya sa trabaho at ipinampuhunan ang naipundar na P100K sa pagtatahi.","Nang umasenso at magkaroon siya ng sariling makina at mananahi, nag-resign siya sa trabaho at ipinampuhunan ang naipundar na P100K sa pagtatahi."
"We will be thankful also if that happens, sagot ni Mr. Caesar Vallejos, President and CEO ng Net 25 sa kontrobersyang kasama sila sa mga nagoffer sa Eat Bulaga bukod pa sa TV5.","We will be thankful also if that happens, sagot ni Mr. Caesar Vallejos, President and CEO ng Net 25 sa kontrobersyang kasama sila sa mga nag-offer sa Eat Bulaga bukod pa sa TV5."
"Persida Acosta nitong Nobyembre 23, 2021 ay nakatanggap ang mga kaanak ng mga biktima sa nasabing sakuna sa karagatan, ng order mula sa korte at pinawalang sala ang opisyal ng Sulpicio Lines at idinismiss na ang kaso laban sa iba pang mga idinawit sa trahedya.","Persida Acosta na nitong Nobyembre 23, 2021 ay nakatanggap ang mga kaanak ng mga biktima sa nasabing sakuna sa karagatan, ng order mula sa korte at pinawalang sala ang opisyal ng Sulpicio Lines at idinismiss na ang kaso laban sa iba pang mga idinawit sa trahedya."
Ayon kay Pagcor Chairman Andrea Domingo maraming mga online casino o POGO ang nagsara ngayong pandemic pandemic.,Ayon kay Pagcor Chairman Andrea Domingo maraming mga online casino o POGO ang nagsara ngayong pandemic.
Mahigit sa 60 immigration officers ang idaragdag ng Bureau of Immigration (BI) sa Ninoy Aquino International Airport (NAIA) para palakasin ang bilang ng tauhan na nagsasagawa ng inspeksyon sa mga internasyunal na biyahero na pumapasok at lalabasan ng bansa.,Mahigit sa 60 immigration officers ang idaragdag ng Bureau of Immigration (BI) sa Ninoy Aquino International Airport (NAIA) para palakasin ang bilang ng tauhan na nagsasagawa ng inspeksyon sa mga internasyunal na biyahero na pumapasok at lumalabas ng bansa.
"Kahit na wala pang pahintulot ng Food and Durg Administration (FDA), pwede raw gamitin ng Department of Health (DOH) ang ilang bakuna laban sa coronavirus disease (COVID-19) na donasyon mula sa ibang bansa, bastat may ibayong pag iingat.","Kahit na wala pang pahintulot ng Food and Durg Administration (FDA), pwede raw gamitin ng Department of Health (DOH) ang ilang bakuna laban sa coronavirus disease (COVID-19) na donasyon mula sa ibang bansa, bastat may ibayong pag-iingat."
"Hanggang sa isang araw nang dalhin niya ang kaniyang anak sa family day, makikita niya ang kanilang mga litrato.","Hanggang sa isang araw nang dalhin niya ang kaniyang anak sa family day, nakita niya ang kanilang mga litrato."
Una nang nagsabi ng DOTr na tanging ang mga sumusunopd lang ang papayagang sumakay ng pampublikongtransportasyon kahit hindi makapagpakita ng vaccine card o IATF-prescribed document.,Una nang sinabi ng DOTr na tanging ang mga sumusunopd lang ang papayagang sumakay ng pampublikongtransportasyon kahit hindi makapagpakita ng vaccine card o IATF-prescribed document.
"Kaya ang nakikitang pag-asa nang mga artista nilang wala na ring exposure ay lumipat sa iba, at ano nga ba ang network na maaaring kasing lakas ng dating ABS-CBN kundi ang kalaban nilang GMA Network.","Kaya ang nakikitang pag-asa ng mga artista nilang wala na ring exposure ay lumipat sa iba, at ano nga ba ang network na maaaring kasing lakas ng dating ABS-CBN kundi ang kalaban nilang GMA Network."
Dito sumagot si Abarrientos sa pagsenyas ng É??dirty fingerÉ?? bagamat hihingi na siya ng paumanhin sa hindi katanggap-tanggap na asal bilang assistant coach ng professional league.,Dito sumagot si Abarrientos sa pagsenyas ng É??dirty fingerÉ?? bagamat humingi na siya ng paumanhin sa hindi katanggap-tanggap na asal bilang assistant coach ng professional league.
"Kasabay nito, nanawagan naman naman si Marcos sa publiko na tuloy-tuloy pa rin ang pagsunod sa mga health protocols sa kabila nang pagluluwag ng alert status sa bansa.","Kasabay nito, nanawagan naman si Marcos sa publiko na tuloy-tuloy pa rin ang pagsunod sa mga health protocols sa kabila nang pagluluwag ng alert status sa bansa."
"Pero nang pulsuhan at makumpirmang buhay si Panzo, agad siyang inaresto mga awtoridad.","Pero nang pulsuhan at makumpirmang buhay si Panzo, agad siyang inaresto ng mga awtoridad."
Inakusahan siya ng tangkang pagpapatalsik kay dumarating Pangulong Corazon Aquino noong 1989.,Inakusahan siya ng tangkang pagpapatalsik kay dating Pangulong Corazon Aquino noong 1989.
Matagal nang pinag-uusapang si Julia ang magiging partner ni Coco aside f rom Lovi pero kumpirmado na hindi naman siya.,Matagal nang pinag-uusapang si Julia ang magiging partner ni Coco aside from Lovi pero kumpirmado na hindi naman siya.
"Kaugnay nito, sa batas ay binigyan mandato ang Department of Social Welfare and Development (DSWD) bilang implementing agency na rebyuhin at kung kinakailangan ay i-adjust ang halaga ng social pension kada dalawang taon matapos na maging epektibo ang batas.","Kaugnay nito, sa batas ay binigyan ng mandato ang Department of Social Welfare and Development (DSWD) bilang implementing agency na rebyuhin at kung kinakailangan ay i-adjust ang halaga ng social pension kada dalawang taon matapos na maging epektibo ang batas."
"Iba na iyong tingin nila na hindi na ganon katulad dati na pag-inaasar nila ako, ayon kay Michael.","Iba na iyong tingin nila na hindi na ganon katulad dati na pag inaasar nila ako, ayon kay Michael."
Napag-alaman daw niya ang yari kay Ana matapos siyang mag-message sa amo nito upang itanong kung bakit hindi na nakapag-online ang kanyang hipag.,Napag-alaman daw niya ang nangyari kay Ana matapos siyang mag-message sa amo nito upang itanong kung bakit hindi na nakapag-online ang kanyang hipag.
Tuluy na tuloy na ang pamamahala ng Vietnam sa 31st Southeast Asian Games sa kalagitnaan ng ng Mayo ng susunod na taon.,Tuluy na tuloy na ang pamamahala ng Vietnam sa 31st Southeast Asian Games sa kalagitnaan ng Mayo ng susunod na taon.
"Yung buong taping namin one day, wala silang gumagawa kundi turuan lang ako kung paano magbilyar, patuloy niya.","Yung buong taping namin one day, wala silang ginawa kundi turuan lang ako kung paano magbilyar, patuloy niya."
"Nagkasundo ang GMA Network at ABS-CBN Corporation para sa isang kumbaga ay makasaysayang co production deal para sa Unbreak My Heart, na pagbibidahan nina Joshua Garcia, Gabbi Garcia, Richard Yap, at Jodi Sta.","Nagkasundo ang GMA Network at ABS-CBN Corporation para sa isang kumbaga ay makasaysayang co-production deal para sa Unbreak My Heart, na pagbibidahan nina Joshua Garcia, Gabbi Garcia, Richard Yap, at Jodi Sta."
"Sinusunod niya ang life na gusto niya, yung buhay na para sa kanya na gusto niya.","Sinunod niya ang life na gusto niya, yung buhay na para sa kanya na gusto niya."
"Iniugnay din ni NTF-ELCAC spokesperson Lorraine Badoy ang organizer nito sa NDFP-affliated na Artista at Manunulat ng Sambayanan (ARMAS), kahit walang inilalabas na ebidensya.","Iniugnay rin ni NTF-ELCAC spokesperson Lorraine Badoy ang organizer nito sa NDFP-affliated na Artista at Manunulat ng Sambayanan (ARMAS), kahit walang inilalabas na ebidensya."
"Ang gusto lang talaga naming mag-ina is makapag-educate nang iba na pahalagahan yung strays, homeless animals, dagdag ni Arizza.","Ang gusto lang talaga naming mag-ina is makapag-educate ng iba na pahalagahan yung strays, homeless animals, dagdag ni Arizza."
"Eh wala itong ginawang hambog na kuwento na kaya niya, pero aalamin ko sa taon na nagserbisyo siya sa akin, alam ko isang (katangian) is talagang honest Wala ka talagang makita at masilip, ani Duterte.","Eh wala itong ginawang hambog na kuwento na kaya niya, pero alam ko sa taon na nagserbisyo siya sa akin, alam ko isang (katangian) is talagang honest Wala ka talagang makita at masilip, ani Duterte."
Mabigat ang problema sa transportasyon at araw-araw na pinagdadaanan nang ating commuters.,Mabigat ang problema sa transportasyon at araw-araw na pinagdadaanan ng ating commuters.
"Sa kabila ng mga pa-ngambana hindi makakayanan ng É??health systemÉ?? ng Pilipinas ang panibagong surge kagaya ng kayayari sa Indonesia, tiniyak ng DOH na ginagawa nila ang lahat ng paraan para maiwasan ito at inihahanda ang lahat ng pagamutan sa posibilidad na pagkalat ng variant.","Sa kabila ng mga pa-ngambana hindi makakayanan ng É??health systemÉ?? ng Pilipinas ang panibagong surge kagaya ng nangyayari sa Indonesia, tiniyak ng DOH na ginagawa nila ang lahat ng paraan para maiwasan ito at inihahanda ang lahat ng pagamutan sa posibilidad na pagkalat ng variant."
Tiniyak din nang UP-PGH na ligtas lahat ng bakuna kontra COVID na ginagamit sa bansa.,Tiniyak din ng UP-PGH na ligtas lahat ng bakuna kontra COVID na ginagamit sa bansa.
Una ng kinumpirma ng DOH ang mga kaso ng anthrax sa lalawigan ng Cagayan.,Una nang kinumpirma ng DOH ang mga kaso ng anthrax sa lalawigan ng Cagayan.
"Siyempre iba-balance ko rin lahat, sagot naman nang aktres kay Donny.","Siyempre iba-balance ko rin lahat, sagot naman ng aktres kay Donny."
"Marami ang humanga sa katapatan ni Bautista, na hindi nagdalawang-isip na-isauli ang bagahe.","Marami ang humanga sa katapatan ni Bautista, na hindi nagdalawang-isip na isauli ang bagahe."
Sa presyo nang pagkain at serbisyo noong Marso.,Sa presyo ng pagkain at serbisyo noong Marso.
Natatawang kuwento ni Baron: Tinawagan po ako-ni direk Brillante.,Natatawang kuwento ni Baron: Tinawagan po ako ni direk Brillante.
"Ng pasakay na si Ledesma sa kanyang motorsiklo, agad lumapit ang isa pang suspek at malapitan siyang binaril sa ulo.","Nang pasakay na si Ledesma sa kanyang motorsiklo, agad lumapit ang isa pang suspek at malapitan siyang binaril sa ulo."
Nauna nang hindi sinipot ni Casimero ang official weigh in para sa kanilang unang itinakdang laban ni Butler sa Dubai noong Disyembre.,Nauna nang hindi sinipot ni Casimero ang official weigh-in para sa kanilang unang itinakdang laban ni Butler sa Dubai noong Disyembre.
Nasa kustodiya na ng Bulan pulis ang mga suspek at walang pinyansang inererekomenda para sa kanila kanila.,Nasa kustodiya na ng Bulan pulis ang mga suspek at walang pinyansang inererekomenda para sa kanila.
"Napanalunan ni Casimero, 31-4 na may 21 knockouts, ang naturang titulo ng talunin niya si Zolani Tete noong 2019.","Napanalunan ni Casimero, 31-4 na may 21 knockouts, ang naturang titulo nang talunin niya si Zolani Tete noong 2019."
Na-experience ko kasi before nagcare ako masyado sa past niya.,Na-experience ko kasi before nag-care ako masyado sa past niya.
"Nang dalhin sa ospital si Jepoy noong Hunyo, natuklasang ilang beses nang nagpipigil sa pag ihi ang bata dahil sa paggamit ng gadget, na umaabot ng apat na oras kung minsan.","Nang dalhin sa ospital si Jepoy noong Hunyo, natuklasang ilang beses nang nagpipigil sa pag-ihi ang bata dahil sa paggamit ng gadget, na umaabot ng apat na oras kung minsan."
Ako rin ay minadali minsan.,Ako rin ay nagmamadali minsan.
Umiskor si Joseph Sedurifa ng 10 points tampok ang dalawang krusyal na two pointers para sa 21-20 pagtakas J&T Express sa TNT Tropang Giga sa finals ng Leg 6 ng PBA 3x3 Season 2 Third Conference kahapon sa Robinsons Place Manila.,Umiskor si Joseph Sedurifa ng 10 points tampok ang dalawang krusyal na two-pointers para sa 21-20 pagtakas J&T Express sa TNT Tropang Giga sa finals ng Leg 6 ng PBA 3x3 Season 2 Third Conference kahapon sa Robinsons Place Manila.
"É??gusto kong magpasalamat kasi dati nong bago pa lang kami, lagi tayo nagde date sa labas.","É??Gusto kong magpasalamat kasi dati nong bago pa lang kami, lagi tayo nagde-date sa labas."
Kasama nilang bunabalik ng Philippines ang anak na si Cooper.,Kasama nilang bumalik ng Philippines ang anak na si Cooper.
Sinabi ni Pangulong Duterte na mayroong national emergency at kaligtasan at kalusugan nang mga Pilipino ang isinaalang-alang ng gobyerno.,Sinabi ni Pangulong Duterte na mayroong national emergency at kaligtasan at kalusugan ng mga Pilipino ang isinaalang-alang ng gobyerno.
Nakakabahala na É??yong kaliwaÉ??t kanan na antibody testing na mangyayari sa buong bansa.,Nakakabahala na É??yong kaliwaÉ??t kanan na antibody testing na nangyayari sa buong bansa.
"Iguess natataon itong pagbuo nang story nitong Huwag Kang Mangamba sa mundo, na huwag tayong matakot.","I guess natataon itong pagbuo ng story nitong Huwag Kang Mangamba sa mundo, na huwag tayong matakot."
"Sa isang panayam sa radyo noong nakaraang linggo, nang tanungin si Lacson kung ano ang posisyon niya sa isyu ng Pharmally, magsasabi niya na dapat ay tratuhin ito gaya ng pagtrato sa mga nauna niyang ibinulgar na anomalya sa sektor ng kalusuganÉ??papanagutin ang mga mapapatunayang nagkasala base sa katotohanan at ebidensya.","Sa isang panayam sa radyo noong nakaraang linggo, nang tanungin si Lacson kung ano ang posisyon niya sa isyu ng Pharmally, sinabi niya na dapat ay tratuhin ito gaya ng pagtrato sa mga nauna niyang ibinulgar na anomalya sa sektor ng kalusuganÉ??papanagutin ang mga mapapatunayang nagkasala base sa katotohanan at ebidensya."
"Sabi ko just in case na lets say may bibilhin siya tinatapos sinuklian siya, siyempre hindi pa siya naka-UV, paliwanag pa ni Carmina.","Sabi ko just in case na lets say may bibilhin siya tapos sinuklian siya, siyempre hindi pa siya naka-UV, paliwanag pa ni Carmina."
"Noong Oktubre, bibigyan ng pagkakataon si Abueva na muling makapaglaro sa PBA Season 45.","Noong Oktubre, binigyan ng pagkakataon si Abueva na muling makapaglaro sa PBA Season 45."
"Ayon kay John, ayaw raw ng kaniyang lolo na sumama sa rescue kung hindi-isasama ang kaniyang aso.","Ayon kay John, ayaw raw ng kaniyang lolo na sumama sa rescue kung hindi isasama ang kaniyang aso."
Siguro hindi naman nakapagtataka iyon dahil umalis na si Bea sa kanila at lumilipat na nga sa Kamuning.,Siguro hindi naman nakapagtataka iyon dahil umalis na si Bea sa kanila at lumipat na nga sa Kamuning.
Aabot din sa 12 personalidadang arestado dahil sa illegal logging at lima ang dinakip sa paglabag sa RA 8048 o Coconut Preservation Act habang sa illegal fishing ay 13 indibidwal ang nasakote.,Umaabot din sa 12 personalidadang arestado dahil sa illegal logging at lima ang dinakip sa paglabag sa RA 8048 o Coconut Preservation Act habang sa illegal fishing ay 13 indibidwal ang nasakote.
"Pangalawa, kulang ng vaccinators sa mga-probinsiya.","Pangalawa, kulang ng vaccinators sa mga probinsiya."
"Sa mga hindi pa bakunado o partially vaccinated, at hindi maberipika ang vaccination status ay kailangan pa din na sumailalim sa facility-based quarantine hanggang lumabas ang negatibong RT-PCR test result sa ika-5 araw.","Sa mga hindi pa bakunado o partially vaccinated, at hindi maberipika ang vaccination status ay kailangan pa rin na sumailalim sa facility-based quarantine hanggang lumabas ang negatibong RT-PCR test result sa ika-5 araw."
Kamakailan ay nahulog mula sa kama ang anak-ni Ryza Cenon na si Night.,Kamakailan ay nahulog mula sa kama ang anak ni Ryza Cenon na si Night.
"Kuwento ng lola ng magkapatid na si Elsa, sama ang mga bata sa pagbibilad ng palay, at naligo sa palaisdaan.","Kuwento ng lola ng magkapatid na si Elsa, sumama ang mga bata sa pagbibilad ng palay, at naligo sa palaisdaan."
07 na diskuwento gasoline o krudo ang makukuhang ayuda ng mga magsasaka at mangingisda.,07 na diskuwento sa gasoline o krudo ang makukuhang ayuda ng mga magsasaka at mangingisda.
"Sa nagsabi mo na hindi mo man masusuklian ang lahat, hindi ko hinihingi ang masuklian.","Sa sinabi mo na hindi mo man masusuklian ang lahat, hindi ko hinihingi ang masuklian."
"At ang nakakalungkot, kapag COVID-19 ang dahilan nang pagpanaw, ang hirap mabigyan ng maayos na burol.","At ang nakakalungkot, kapag COVID-19 ang dahilan ng pagpanaw, ang hirap mabigyan ng maayos na burol."
Napag-alaman na ang mayari ng sobre ay isang kolektor sa Metal Flow Hardware sa Davao City.,Napag-alaman na ang may-ari ng sobre ay isang kolektor sa Metal Flow Hardware sa Davao City.
Sa iuulat ng Unang Balita nitong Huwebes -- batay sa report ng GMA Regional TV One Mindanao -- ang Christmas tree ng police station ay gawa sa mga na-impound na mga motorsiklo na mahigit sampung taon nang nakatambak sa kanilang compound dahil hindi kinukuha ng mga may-ari.,Sa ulat ng Unang Balita nitong Huwebes -- batay sa report ng GMA Regional TV One Mindanao -- ang Christmas tree ng police station ay gawa sa mga na-impound na mga motorsiklo na mahigit sampung taon nang nakatambak sa kanilang compound dahil hindi kinukuha ng mga may-ari.
Sinabi ng kalihim na dapat na pangunahan ng LGUs ang pagtiyak na tumatalima ang mga mamamayan sa indoor at public transport face mask rule sa kani kanilang nasasakupan.,Sinabi ng kalihim na dapat na pangunahan ng LGUs ang pagtiyak na tumatalima ang mga mamamayan sa indoor at public transport face mask rule sa kani-kanilang nasasakupan.
"Fe eling ko, Ateng Salve, simula lang ang LA show na yon ng SB19 at marami pang nakalinya si Anna na hindi lang niya ina-announce.","Feeling ko, Ateng Salve, simula lang ang LA show na yon ng SB19 at marami pang nakalinya si Anna na hindi lang niya ina-announce."
"Kahit anong ingat mo, pwedeng pwede-ka tamaan ng COVID.","Kahit anong ingat mo, pwedeng pwede ka tamaan ng COVID."
"Tinutukoy ni Reyes ang pagsopla ng Supreme Court sa Section 4 ng batas, kung saan sinasabing hin di terorismo ang mga protesta, welga, atbp.","Tinutukoy ni Reyes ang pagsopla ng Supreme Court sa Section 4 ng batas, kung saan sinasabing hindi terorismo ang mga protesta, welga, atbp."
"At kung ang iba ay hindi pa rin adjusted sa new normal, tanggap na tanggap na rin ng aktres ang mga mangyayari ngayong may pandemya pa rin.","At kung ang iba ay hindi pa rin adjusted sa new normal, tanggap na tanggap na rin ng aktres ang mga nangyayari ngayong may pandemya pa rin."
Nagsubok pang makuhanan ng pahayag ang pamilya ng biktima at pamunuan ng kompanyang pinapasukan nito ukol sa insidente.,Sinusubukan pang makuhanan ng pahayag ang pamilya ng biktima at pamunuan ng kompanyang pinapasukan nito ukol sa insidente.
Minsan din ay nagaaya siya ng e-numan.,Minsan din ay nag-aaya siya ng e-numan.
Pansin din ng netizens na hindi na sila nakikitang magkasama sa mga post ni actress kasama ang anak.,Pansin din ng netizens na hindi na sila nakikitang magkasama sa mga post ni actress na kasama ang anak.
"Ayon sa mga researcher ng Bloomberg New Economy International Cancer Coalition, posibleng pumalo ng 600,000 pasyente ang ma agang gumaling kung nagamit lang agad ang Pembrolizumab na anila ay mabisang gamot laban sa lung cancer na inaprubahan ng US Food and Drug Administration (FDA) noong 2016.","Ayon sa mga researcher ng Bloomberg New Economy International Cancer Coalition, posibleng pumalo ng 600,000 pasyente ang maagang gumaling kung nagamit lang agad ang Pembrolizumab na anila ay mabisang gamot laban sa lung cancer na inaprubahan ng US Food and Drug Administration (FDA) noong 2016."
"Sa pahayag, sabi ni Carpio na limitado lang ang kaalaman niya sa naturang pangyayari dahil nagsisilbi siya noon bilang mahistrado sa Korte Suprema.","Sa pahayag, sinabi ni Carpio na limitado lang ang kaalaman niya sa naturang pangyayari dahil nagsisilbi siya noon bilang mahistrado sa Korte Suprema."
"Kumbaga, kahihindi na tao minsan ang nakikita ko sa kanya.","Kumbaga, hindi na tao minsan ang nakikita ko sa kanya."
"Halos dalawang buwan din po kaming nagtraining sa Korea para mabawi yung dalawang taong pahinga dahil sa pandemic, sabi ng 22-anyos na si Barbosa na nabigo sa kanyang misyon noong 2019 edition nang matalo matalo sa Round of 64 match sa mens finweight class.","Halos dalawang buwan din po kaming nagtraining sa Korea para mabawi yung dalawang taong pahinga dahil sa pandemic, sabi ng 22-anyos na si Barbosa na nabigo sa kanyang misyon noong 2019 edition nang matalo sa Round of 64 match sa mens finweight class."
"Bukod sa masasarap na pagkain tulad ng Western, Chinese at Filipino food, marami din ang puwedeng gawin naturang lugar.","Bukod sa masasarap na pagkain tulad ng Western, Chinese at Filipino food, marami rin ang puwedeng gawin naturang lugar."
"Sa ulat ni Muntinlupa City Fire Marshall Fire Supt. Eugene Briones, magkakamag-anak ang mga nasawi na natagpuan sa una at ikalawang palapag nang bahay nila sa may No.","Sa ulat ni Muntinlupa City Fire Marshall Fire Supt. Eugene Briones, magkakamag-anak ang mga nasawi na natagpuan sa una at ikalawang palapag ng bahay nila sa may No."
Dahil batid niyang hindi si ya pababayan ng Diyos.,Dahil batid niyang hindi siya pababayan ng Diyos.
É??merong mga pangyayari na natataon na inaakalala niyang nanggagamot talaga-siya.,É??Merong mga pangyayari na natataon na inaakalala niyang nanggagamot talaga siya.
Noon may nagsabi ngang hindi na yata siya makakatiyempo ng lalaki ulit.,Noon may nagsasabi ngang hindi na yata siya makakatiyempo ng lalaki ulit.
At home na at home home si bagets sa kanyang mga nakakasamang bading sa trabaho.,At home na at home si bagets sa kanyang mga nakakasamang bading sa trabaho.
"Ang mga estudyante ay sumailalim sa tatlong parte nang kompetisyon: written test, multimedia test at substantial fieldwork na kinakailangan ng obserbasyon na siyang tutungo naman sa cartographic representation at geographical analysis.","Ang mga estudyante ay sumailalim sa tatlong parte ng kompetisyon: written test, multimedia test at substantial fieldwork na kinakailangan ng obserbasyon na siyang tutungo naman sa cartographic representation at geographical analysis."
"Kaya nga Bayanihan 2 yan eh, para harapin itong problema ng mga manggagawa, ng mga magsasaka, ng mga mamimili, so gastusin agad-agad, ilabas kaagad agad.","Kaya nga Bayanihan 2 yan eh, para harapin itong problema ng mga manggagawa, ng mga magsasaka, ng mga mamimili, so gastusin agad-agad, ilabas kaagad-agad."
"Kailangan lamang i-upload ang screenshot natanggap na mensahe at ilagay ang mga detalye tulad ng numero ng nagpadala nito, ang numerong nakatanggap, at maging links na nakapaloob dito.","Kailangan lamang i-upload ang screenshot ng natanggap na mensahe at ilagay ang mga detalye tulad ng numero ng nagpadala nito, ang numerong nakatanggap, at maging links na nakapaloob dito."
"Ayon kay Ernalyn Hadap, ang OFW sa Saudi Arabia na tulong sa kaniyang kababayan, batay sa sumbong ng biktima ay nagsimula siyang abusuhin ng amo noong Ramadan.","Ayon kay Ernalyn Hadap, ang OFW sa Saudi Arabia na tumulong sa kaniyang kababayan, batay sa sumbong ng biktima ay nagsimula siyang abusuhin ng amo noong Ramadan."
"Makikipag-kilala ng Guimba Police ang biktima na si Ernesto de Guzman, may-asawa, isang magsasaka at resident ng Purok 1, Brgy.","Kinilala ng Guimba Police ang biktima na si Ernesto de Guzman, may-asawa, isang magsasaka at resident ng Purok 1, Brgy."
"Arestado ang dalawang lumalaki makaraang masabat sa kanila ang tinatayang P600,000 halaga ng marijuana sa isang operasyon nitong Lunes ng hapon sa Makati City.","Arestado ang dalawang lalaki makaraang masabat sa kanila ang tinatayang P600,000 halaga ng marijuana sa isang operasyon nitong Lunes ng hapon sa Makati City."
"Kaya ngayon po kapag nakikita namin yung sarili naming magkakapatid, mga nakatapos po ng pag-aaral, nagtulong-tulungan kaming magkakapatid, parang ang sarap po sa pakiramdam, patuloy niya.","Kaya ngayon po kapag nakikita namin yung sarili naming magkakapatid, mga nakatapos po ng pag-aaral, kasi nagtulong-tulungan kaming magkakapatid, parang ang sarap po sa pakiramdam, patuloy niya."
Natakot kasi ako mag-hello sa kanya kasi baka isipin nya feeling close ako.,Natatakot kasi ako mag-hello sa kanya kasi baka isipin nya feeling close ako.
Maaaring ito na talaga-ang nakatadhana dahil nag-e-enjoy lang daw sila sa kanilang relasyon at wala naman daw silang pinaplano o napapag-usapan.,Maaaring ito na talaga ang nakatadhana dahil nag-e-enjoy lang daw sila sa kanilang relasyon at wala naman daw silang pinaplano o napapag-usapan.
Ang pagaresto sa mga health protocol violators ay bunsod na rin sa pag-iingat na ipinatutupad ng pamahalaan upang maiwasan na mahawa at kumalat ang COVID-19.,Ang pag-aresto sa mga health protocol violators ay bunsod na rin sa pag-iingat na ipinatutupad ng pamahalaan upang maiwasan na mahawa at kumalat ang COVID-19.
"Tunghayan sa video ng ""Dapat Alam Mo"" ang resulta ng naging operasyon sa mga ma ta ni Albert.--FRJ.","Tunghayan sa video ng ""Dapat Alam Mo"" ang resulta ng naging operasyon sa mga mata ni Albert.--FRJ."
Dismayado si Ludovica kahit social media unfluencer ay hindi sumunod ang mga ito sa protocols.,Dismayado si Ludovica dahil kahit social media unfluencer ay hindi sumunod ang mga ito sa protocols.
"Sa ngayon, ang DHSUD ay may ilan ng napiling lugar para sa pabahay sa Luzon tulad ng Marikina City at Quezon City, sa National Capital Region gayundin sa Visayas at Mindanao.","Sa ngayon, ang DHSUD ay may ilan nang napiling lugar para sa pabahay sa Luzon tulad ng Marikina City at Quezon City, sa National Capital Region gayundin sa Visayas at Mindanao."
Ang implementasyon ng Color-Coded Quarantine Pass System ay bunsod ng naitalang pagtaas ng kaso ng COVID-19 sa lungsod kung saan umaakyat na sa 371 ang mga aktibong kaso.,Ang implementasyon ng Color-Coded Quarantine Pass System ay bunsod ng naitalang pagtaas ng kaso ng COVID-19 sa lungsod kung saan umakyat na sa 371 ang mga aktibong kaso.
"Dahil pinalaki ni Mommy Randy ng may tibay, tatag ng loob, at kaalamang dulot ng magandang edukasyon, kayang-kaya na ngayon ni Myco na harapin ang bawat hamon sa buhay.","Dahil pinalaki ni Mommy Randy nang may tibay, tatag ng loob, at kaalamang dulot ng magandang edukasyon, kayang-kaya na ngayon ni Myco na harapin ang bawat hamon sa buhay."
"Yung tatlo ko pong anak magugulo po, ma iingay, ganoon po.","Yung tatlo ko pong anak magugulo po, maiingay, ganoon po."
"Yan ang ibinahagi ni Maria Rosario Vergeire, Miyerkules, sa Laging Handa public briefing matapos makitaan nang ilang variants ng COVID-19 ang dalawang pasyente sa Brazil.","Yan ang ibinahagi ni Maria Rosario Vergeire, Miyerkules, sa Laging Handa public briefing matapos makitaan ng ilang variants ng COVID-19 ang dalawang pasyente sa Brazil."
Pero sinabi niya na dapat ay 65 taong gulang lang pababa ang makakakuha nang dine-in at personal care services sa mga lugar na naka-lockdown.,Pero sinabi niya na dapat ay 65 taong gulang lang pababa ang makakakuha ng dine-in at personal care services sa mga lugar na naka-lockdown.
"Itoy matapos iutos ni Mayor Abby Binay, kaugnay sa patuloy crackdown sa mga lumalabag sa health protocols.","Itoy matapos iutos ni Mayor Abby Binay, kaugnay sa patuloy na crackdown sa mga lumalabag sa health protocols."
Nauna nang itinanggi ni Lin ang a kusasyon.,Nauna nang itinanggi ni Lin ang akusasyon.
In the first place mukhang wala na naman silang itinago sa matagal na nilang relasyon.,In the first place mukhang wala na naman silang itinatago sa matagal na nilang relasyon.
Malaki ang pasasalamat ng binata dahil tuluy-tuloy ang mga mga trabahong kanyang natatanggap.,Malaki ang pasasalamat ng binata dahil tuluy-tuloy ang mga trabahong kanyang natatanggap.
"Bago magdesisyon, nakipag ugnayan muna ang SBP sa ibat ibang sangay ng gobyerno.","Bago magdesisyon, nakipag-ugnayan muna ang SBP sa ibat ibang sangay ng gobyerno."
"E, nuÉ??ng isinama pa sila ng napangasawa niyang sikat na female personality, e, ganun din naman ang ginagawa niya?","E, nuÉ??ng nagsasama pa sila ng napangasawa niyang sikat na female personality, e, ganun din naman ang ginagawa niya?"
"Ayon sa pulisya, falsification of public document ang gagawin ng suspek, na itinanggi naman ang paratang laban sa kaniya.","Ayon sa pulisya, falsification of public document ang ginagawa ng suspek, na itinanggi naman ang paratang laban sa kaniya."
Dahil kung buung buo pa ang tiwala niya sa kanyang kasikatan at career ay hindi siya maghahanap ng mga kalaban.,Dahil kung buung-buo pa ang tiwala niya sa kanyang kasikatan at career ay hindi siya maghahanap ng mga kalaban.
Ad justed na ang komedyanang si Pokwang bilang Kapuso artist.,Adjusted na ang komedyanang si Pokwang bilang Kapuso artist.
Momoy sakaling may mga ta nong ang pari tungkol sa medisina.,Momoy sakaling may mga tanong ang pari tungkol sa medisina.
"Aniya, hindi man lang sila kapapasok sa loob ng kompanya para malaman kung ano ang nangyari at hindi man lang sila bigyan ng kopya ng CCTV.","Aniya, hindi man lang sila pinapasok sa loob ng kompanya para malaman kung ano ang nangyari at hindi man lang sila bigyan ng kopya ng CCTV."
Ang naturang bilang ang pinakamarami umano sa kasaysayan ng PCG na sabay sabay na nanumpa at nagnanais na maging isang coast guard.,Ang naturang bilang ang pinakamarami umano sa kasaysayan ng PCG na sabay-sabay na nanumpa at nagnanais na maging isang coast guard.
"Anong inisip mo nang ginawa mo yon, galit na tanong ng pinuno ng kapulisan habang nakaturo ang daliri niya-sa ulo ng pulis.","Anong inisip mo nang ginawa mo yon, galit na tanong ng pinuno ng kapulisan habang nakaturo ang daliri niya sa ulo ng pulis."
"Wala nang nakapilit pa sa kanya, bumalik na lang siya sa propesyon niya at mainit uli siyang tinanggap nang mga kababayan natin.","Wala nang nakapilit pa sa kanya, bumalik na lang siya sa propesyon niya at mainit uli siyang tinanggap ng mga kababayan natin."
"Kasi naman, balik-Kapuso na si Albert Martinez matapos-ang ilang taon.","Kasi naman, balik-Kapuso na si Albert Martinez matapos ang ilang taon."
"Bilang high class prostitute, ang tinatanggap lang niyang mga kliyente ay mga VIP mula sa isang private na website.","Bilang high-class prostitute, ang tinatanggap lang niyang mga kliyente ay mga VIP mula sa isang private na website."
"Maliban sa kanyang mga kontribusyon bilang aktor at scorer, isa rin si Jaime sa mga sumusuporta sa adhikain ng Sagip Pelikula sa pag-restore ng mga natatanging pelikulang Pilipino para sa mga nanood ngayon.","Maliban sa kanyang mga kontribusyon bilang aktor at scorer, isa rin si Jaime sa mga sumusuporta sa adhikain ng Sagip Pelikula sa pag-restore ng mga natatanging pelikulang Pilipino para sa mga manonood ngayon."
Noongnovember 2022at malaking taas-naman sa3.1%.,NoongNovember 2022at malaking taas naman sa3.1%.
"Sa sumunod namang video, mapapanood ang pagiging emosyonal ni Jinri ng mayakap na niya ang kaniyang mga magulang matapos ang kanilang isolation.","Sa sumunod namang video, mapapanood ang pagiging emosyonal ni Jinri nang mayakap na niya ang kaniyang mga magulang matapos ang kanilang isolation."
"Hiniling din niya sa DOST, sa tulong ng mga health experts, local pharmaceutical companies, pribadong sektor, gayundin din ng mga mula sa academe, na makipag ugnayan sa mga international vaccine producers upang makapagsimula na kaagad ang pamahalaan nang pagmamanupaktura ng kinakailangang COVID-19 vaccines.","Hiniling din niya sa DOST, sa tulong ng mga health experts, local pharmaceutical companies, pribadong sektor, gayundin din ng mga mula sa academe, na makipag-ugnayan sa mga international vaccine producers upang makapagsimula na kaagad ang pamahalaan nang pagmamanupaktura ng kinakailangang COVID-19 vaccines."
Kaya naman hindi i to pinalampas ng basher ng Kapamilya actress na naunang sinabi na ayaw na niyang gumawa ng teleserye.,Kaya naman hindi ito pinalampas ng basher ng Kapamilya actress na naunang sinabi na ayaw na niyang gumawa ng teleserye.
Winala aniyang katapusan ang problema kung pagbibigyan ang mga aangal pero ayaw namang magpabakuna.,Wala aniyang katapusan ang problema kung pagbibigyan ang mga aangal pero ayaw namang magpabakuna.
Umasa silang masusubukan na kaagad ang ginagawang pagsusuri sa human cells pero hindi sila nagsabi kung kailan posibleng gawin.--Reuters/FRJ.,Umaasa silang masusubukan na kaagad ang ginagawang pagsusuri sa human cells pero hindi sila nagsabi kung kailan posibleng gawin.--Reuters/FRJ.
"Ipinaliwanag ni Max na nagsagawa ng surprise party ang kaniyang mga kaibigan para kay Skye, na hindi nadaluhan ni ni Pancho.","Ipinaliwanag ni Max na nagsagawa ng surprise party ang kaniyang mga kaibigan para kay Skye, na hindi nadaluhan ni Pancho."
"Sumatutal, 9,248 na ang-kinitil na buhay ng COVID-19 sa bansa.","Sumatutal, 9,248 na ang kinitil na buhay ng COVID-19 sa bansa."
"Sa kabila nito, ikinukunsidera pa din na napakaliit na numero ng mga nasayang dahil sa aabot na sa 91,339,530 doses ang nai-deliber sa Pilipinas.","Sa kabila nito, ikinukunsidera pa rin na napakaliit na numero ng mga nasayang dahil sa aabot na sa 91,339,530 doses ang nai-deliber sa Pilipinas."
"Sa ngayon, wala pang solusyon para mapuksa ang mga atangya dahil hindi din sila basta-basta tinatablan ng insecticide.","Sa ngayon, wala pang solusyon para mapuksa ang mga atangya dahil hindi rin sila basta-basta tinatablan ng insecticide."
"Sapagkat kinaumagahan pagkatapos Niyang manalangin, tinawag Niya ang Kaniyang mga Alagad, at mula sa kanila ay kapipili si Kristo ng labindalawa na tinawag niyang mga Apostol.","Sapagkat kinaumagahan pagkatapos Niyang manalangin, tinawag Niya ang Kaniyang mga Alagad, at mula sa kanila ay pumili si Kristo ng labindalawa na tinawag niyang mga Apostol."
Dahil tumaas aniya ang presyo ng daw materials sa international market at maging ang logistics at distribution costs kaya may mga papayagan na magtaas magtaas ng presyo.,Dahil tumaas aniya ang presyo ng daw materials sa international market at maging ang logistics at distribution costs kaya may mga papayagan na magtaas ng presyo.
"Napag-alaman namin na ang biktima pala rito ay ka live in nitong ating akusado for almost 4 years at ang kaaway ni akusado natin ay ang tatay, ani Police Mayor John Wayne Verzosa, deputy station commander.","Napag-alaman namin na ang biktima pala rito ay ka-live in nitong ating akusado for almost 4 years at ang kaaway ni akusado natin ay ang tatay, ani Police Mayor John Wayne Verzosa, deputy station commander."
Dalawang suspek ang unang nadakip ng pulisya-sa Northern Samar at inginuso si Galias na siyang nag-utos at nagplano ng pagpatay.,Dalawang suspek ang unang nadakip ng pulisya sa Northern Samar at inginuso si Galias na siyang nag-utos at nagplano ng pagpatay.
Sanay magkaroon saysay ang kanyang salapi para sa kanyang paggaling.,Sanay magkaroon ng saysay ang kanyang salapi para sa kanyang paggaling.
Halos 12 taon pa lang mula ng naitatag ang bayan ng Datu Blah Sinsuat sa inisyatibo ng Regional Assembly ng Autonomous Region in Muslim Mindanao na nabuwag nabuwag at napalitan ng BARMM parliament noong 2019.,Halos 12 taon pa lang mula ng naitatag ang bayan ng Datu Blah Sinsuat sa inisyatibo ng Regional Assembly ng Autonomous Region in Muslim Mindanao na nabuwag at napalitan ng BARMM parliament noong 2019.
Makakasama din nila ang mga baguhang aktor na sina Derick Lauchengco na itinanghal na Misters of Filipinas Second Prince at ang kilalang Influencer na si Herbie Cruz.,Makakasama rin nila ang mga baguhang aktor na sina Derick Lauchengco na itinanghal na Misters of Filipinas Second Prince at ang kilalang Influencer na si Herbie Cruz.
"Ganun na ang kuwento nung dalaga pa ang female personality, pero ngayong pamilyado na siya ay ganun pa din ang istorya, nahihirapan siyang makatagpo ng kasambahay na makasasabay at makatitiis sa ugali niya.","Ganun na ang kuwento nung dalaga pa ang female personality, pero ngayong pamilyado na siya ay ganun pa rin ang istorya, nahihirapan siyang makatagpo ng kasambahay na makasasabay at makatitiis sa ugali niya."
"Anim pa ang sugatan habang habang 12 ang nawawala sa Eastern Samar, 8 sa Bicol at 4 sa Northern Mindanao.","Anim pa ang sugatan habang 12 ang nawawala sa Eastern Samar, 8 sa Bicol at 4 sa Northern Mindanao."
"Sinabi ni Balao, umaabot na sa P35 ang pinsala na naitala ng DA-R2 sa mga pa nanim na mais sa nakaraang tagtuyot, bagyong É??KikoÉ?ù at É??MaringÉ?ù.","Sinabi ni Balao, umaabot na sa P35 ang pinsala na naitala ng DA-R2 sa mga pananim na mais sa nakaraang tagtuyot, bagyong É??KikoÉ?ù at É??MaringÉ?ù."
"Samantala, nagbigay rin siya ng saloobin tungkol sa misconceptions ng ibang tao patungkol sa mga artistang galing sa showbiz family lalo na ang mga anak ng celebrities na pumapasok din sa pagaartista.","Samantala, nagbigay rin siya ng saloobin tungkol sa misconceptions ng ibang tao patungkol sa mga artistang galing sa showbiz family lalo na ang mga anak ng celebrities na pumapasok din sa pag-aartista."
"Itinatag ni Rhea Anicoche-Tan noong 2016, ang Beaut??Haus ay subsidiary nang Beaut??derm Group Of Companies at itinuturing itong isang major beaut?? hub sa Angeles City, Pampanga sa kasalukuyan.","Itinatag ni Rhea Anicoche-Tan noong 2016, ang Beaut??Haus ay subsidiary ng Beaut??derm Group Of Companies at itinuturing itong isang major beaut?? hub sa Angeles City, Pampanga sa kasalukuyan."
Nagbabala ang Department of Information and Communications Technology (DICT) sa publiko tungkol sa mga kumakalat na email na nagpapanggap na galing sa mga telecommunication company para sa SIM car d registration ng kanilang mga subscriber.,Nagbabala ang Department of Information and Communications Technology (DICT) sa publiko tungkol sa mga kumakalat na email na nagpapanggap na galing sa mga telecommunication company para sa SIM card registration ng kanilang mga subscriber.
"Agad ding sasakit ang kaniyang tuhod, at hirap siyang magtali ng sapatos.","Agad ding sumasakit ang kaniyang tuhod, at hirap siyang magtali ng sapatos."
"Papunta pa lang po kami roon, 'yung aso talagang kahol na ng kahol eh.","Papunta pa lang po kami roon, 'yung aso talagang kahol na nang kahol eh."
Nagdagdag naman sina Jeanette Panaga at Jema Galanza ng tigwalong puntos habang kumana naman si two-time MVP Tots Carlos ng pitong puntos.,Nagdagdag naman sina Jeanette Panaga at Jema Galanza ng tig-walong puntos habang kumana naman si two-time MVP Tots Carlos ng pitong puntos.
"Manila a rea only, hindi po ang buong Metro Manila.","Manila area only, hindi po ang buong Metro Manila."
Naniniwala rin ang pamilya na na-set-up si Christine at hindi nito alam na may mga dumating sa party na hindi niya kilala.,Naniniwala rin ang pamilya na na-set-up si Christine at hindi nito alam na may mga darating sa party na hindi niya kilala.
"Ito yung pinangarap ko, kaya nagsumikap ako, nagaral ako ng English nang mabuti.","Ito yung pinangarap ko, kaya nagsumikap ako, nag-aral ako ng English nang mabuti."
"Wennie Ann Cale, nasa nasa 3,086 mga pulis ang ipinakalat upang magbantay sa paligid ng Batasang Pambansa.","Wennie Ann Cale, nasa 3,086 mga pulis ang ipinakalat upang magbantay sa paligid ng Batasang Pambansa."
"Ayon sa Pagasa, sa pinakahuli nilang nilang abiso, dalawang gate ng Ambuklao Dam sa Benguet ang bukas sa 0.6.","Ayon sa Pagasa, sa pinakahuli nilang abiso, dalawang gate ng Ambuklao Dam sa Benguet ang bukas sa 0.6."
"Gagamot ngayon sa Tayabas Community Hospital ang ilang nasugatan, at ang iba naman ay dinala sa Quezon Medical Center sa Lucena City.","Ginagamot ngayon sa Tayabas Community Hospital ang ilang nasugatan, at ang iba naman ay dinala sa Quezon Medical Center sa Lucena City."
Inutusan naman ng Malaca?Òang ang Food and Drug Administration na pangunahan ang kampanya laban sa pagpaparusa iligal na bentahan ng anti-parasitic drug na Ivermectin.,Inutusan naman ng Malaca?Òang ang Food and Drug Administration na pangunahan ang kampanya laban sa pagpaparusa sa iligal na bentahan ng anti-parasitic drug na Ivermectin.
"Sinubukan pang isugod ng mga kaanak sa Mandaon Community Medicare Hospital pero idineklarang namamatay ng mga doktor ang biktimang si Gevin Padios Valler, magsasaka, dahil sa malalim na saksak sa dibdib.","Sinubukan pang isugod ng mga kaanak sa Mandaon Community Medicare Hospital pero idineklarang patay ng mga doktor ang biktimang si Gevin Padios Valler, magsasaka, dahil sa malalim na saksak sa dibdib."
"Ayon sa pulisya, nadiskubre ang krimen dakong alas-5 ng hapon noong Lunes matapos umalingasaw ang masangsang na amoy mula sa naagnas ng bangkay ng biktima na nakabalot sa blanket at nasa loob ng isang kahon.","Ayon sa pulisya, nadiskubre ang krimen dakong alas-5 ng hapon noong Lunes matapos umalingasaw ang masangsang na amoy mula sa naagnas nang bangkay ng biktima na nakabalot sa blanket at nasa loob ng isang kahon."
"Nakaditine na ang tatlong Tsino sa BI custodial facility sa Bicutan, Taguig City habang naghihintay ang kanilang deportasyon pabalik ng China para kaharapin ang kanilang mga kaso.","Nakaditine na ang tatlong Tsino sa BI custodial facility sa Bicutan, Taguig City habang hinihintay ang kanilang deportasyon pabalik ng China para kaharapin ang kanilang mga kaso."
Nakalista si Frazier na i sang sex offender matapos na mahatulan ng korte noong 2011 dahil sa pagtanggap ng malalaswang larawan ng mga bata.,Nakalista si Frazier na isang sex offender matapos na mahatulan ng korte noong 2011 dahil sa pagtanggap ng malalaswang larawan ng mga bata.
"Sa naantalang ulat sa pulisya, nagugat ang pagtatalo ng mag-asawa matapos magselos ang mister sa umanoy nakita niyang larawan ng isang lalaki sa cellpone ng kanyang misis na humantong sa mainitang sagutan hanggang sa masaksak ng suspek ang kanyang asawa dakong alas-10:30 ng gabi nitong Linggo.","Sa naantalang ulat sa pulisya, nag-ugat ang pagtatalo ng mag-asawa matapos magselos ang mister sa umanoy nakita niyang larawan ng isang lalaki sa cellpone ng kanyang misis na humantong sa mainitang sagutan hanggang sa masaksak ng suspek ang kanyang asawa dakong alas-10:30 ng gabi nitong Linggo."
Maningning ang-pagbabalik ni Kat Tolentino na hindi nasilayan sa huling dalawang laro ng Flying Titans nang magpako ito ng 27 puntos at 22 digs para buhatin ang kanilang tropa sa ikalawang panalo sa limang asignatura.,Maningning ang pagbabalik ni Kat Tolentino na hindi nasilayan sa huling dalawang laro ng Flying Titans nang magpako ito ng 27 puntos at 22 digs para buhatin ang kanilang tropa sa ikalawang panalo sa limang asignatura.
"Ayon kina Elijah at Althea, wala pa silang idea kung ano ang magiging takbo ng istorya ng ""Prima Donnas"" sa book 2, na kaagad hinulaan ng mga nanonood nang dumilat ang mata ng kontrabidang si Kendra na ginagampanan ni Aiko Melendez habang nakaratay.","Ayon kina Elijah at Althea, wala pa silang idea kung ano ang magiging takbo ng istorya ng ""Prima Donnas"" sa book 2, na kaagad hinulaan ng mga manonood nang dumilat ang mata ng kontrabidang si Kendra na ginagampanan ni Aiko Melendez habang nakaratay."
"Matatandaang sinabi ng DOTr na ang PUV fare discount ay isinusulong bilang kapalit ng libreng sakay sa EDSA Bus Carousel, na tapos na noong Disyembre 31, 2022.","Matatandaang sinabi ng DOTr na ang PUV fare discount ay isinusulong bilang kapalit ng libreng sakay sa EDSA Bus Carousel, na nagtapos na noong Disyembre 31, 2022."
"Pero ito nga yon, yung dapat ay hindi lumaki.","Pero ito nga yon, yung dapat ay hindi na lumaki."
May nagparating sa amin na kuwentong ikinakagalit daw si Super Tekla kay Ogie Diaz dahil sa sinabi raw nito sa kanyang vlog na bumalik na naman ang komedyante sa dating bisyo.,May nagparating sa amin na kuwentong nagalit daw si Super Tekla kay Ogie Diaz dahil sa sinabi raw nito sa kanyang vlog na bumalik na naman ang komedyante sa dating bisyo.
"Baka magpakitang gilas ang ating kaibigan na si Senator Robin Padilla but I have to appeal to him and of course bigyan ko po ng payo at advise, magaral nang mabuti.","Baka magpakitang gilas ang ating kaibigan na si Senator Robin Padilla but I have to appeal to him and of course bigyan ko po ng payo at advise, mag-aral nang mabuti."
Naniniwala si Benjamin Alves sa kasabihang masama ang sukob o ang ang pagpapakasal ng magkapatid sa iisang taon.,Naniniwala si Benjamin Alves sa kasabihang masama ang sukob o ang pagpapakasal ng magkapatid sa iisang taon.
Palagay ko rin sa minority huwag ng lumaban sapagkat kitang-kita na ang overwhelming numbers ng majority.,Palagay ko rin sa minority huwag nang lumaban sapagkat kitang-kita na ang overwhelming numbers ng majority.
Suspendido muna ang ilang klase sa probinsya ng Batangas kasabay ng patuloy na pag-aaboroto ng Bulkang Taal ngayong-nasa Alert Level 3 ito.,Suspendido muna ang ilang klase sa probinsya ng Batangas kasabay ng patuloy na pag-aaboroto ng Bulkang Taal ngayong nasa Alert Level 3 ito.
"Kung ano yung kasalanan pagdating sa relasyon, siguro É??yung ku lang ka sa pag-intindi sa partner mo.","Kung ano yung kasalanan pagdating sa relasyon, siguro É??yung kulang ka sa pag-intindi sa partner mo."
Labis-labis pa din ito sa 2-4% na targetng Bangko Sentral ng Pilipinas.,Labis-labis pa rin ito sa 2-4% na targetng Bangko Sentral ng Pilipinas.
Kabilang na si Vice Ganda sa nagkakampanya na magparehistro ang ang qualified na bumoto sa 2022 kesa mag-emote ng mag-emote sa social media.,Kabilang na si Vice Ganda sa nagkakampanya na magparehistro ang ang qualified na bumoto sa 2022 kesa mag-emote nang mag-emote sa social media.
Maging ang AstraZeneca vaccine ay nakapagbigay lamang ng maliit na proteksyon laban sa mild-moderate na impeksyon pero inaasahan na makakatulong pa pa rin ito para hindi maging malubha ang sakit o hindi mamatay ang isang pasyente.,Maging ang AstraZeneca vaccine ay nakapagbigay lamang ng maliit na proteksyon laban sa mild-moderate na impeksyon pero inaasahan na makakatulong pa rin ito para hindi maging malubha ang sakit o hindi mamatay ang isang pasyente.
Sa alas-4 ng hapon ay magkikita ang Laos at Cambodia sa-womens Southeast Asian soccer competition na inorganisa ng Philippine Football Federation katuwang ang Philippine Sports Commission.,Sa alas-4 ng hapon ay magkikita ang Laos at Cambodia sa womens Southeast Asian soccer competition na inorganisa ng Philippine Football Federation katuwang ang Philippine Sports Commission.
"Nang makita ng lola ang mga nagnakaw ay sumigaw siya ng, Hayup ka!","Nang makita ng lola ang mga magnanakaw ay sumigaw siya ng, Hayup ka!"
"Walang nadakip na may-ari ng kumpanya, at hindi muna pinangalanan ng NBI ang POGO company habang ginulong ang imbestigasyon Jamil Santos/VBL, GMA Integrated News.","Walang nadakip na may-ari ng kumpanya, at hindi muna pinangalanan ng NBI ang POGO company habang gumugulong ang imbestigasyon Jamil Santos/VBL, GMA Integrated News."
Habang ang iba ay aasa lang sa suportang pinansiyal ng mga kamag-anak.,Habang ang iba ay umaasa lang sa suportang pinansiyal ng mga kamag-anak.
Hahakawan na umano ng mga pulis ang kopya ng CCTV footage kung saan nahagip ang pagdating ng apat na sasakyan sa lugar.,Hawak na umano ng mga pulis ang kopya ng CCTV footage kung saan nahagip ang pagdating ng apat na sasakyan sa lugar.
"Kuwento nina Jelle at Kamille, nagsimula ang matamis nilang pag iibigan nang magkakilala sila sa isang dating website.","Kuwento nina Jelle at Kamille, nagsimula ang matamis nilang pag-iibigan nang magkakilala sila sa isang dating website."
"So ngayon ang policy namin, unless maging symptomatic ka, for example ikaw ay na-expose sa isa na may COVID pero wala ka pa namang symptoms, tuloy lang ang trabaho, kahihindi ka magku-quarantine.","So ngayon ang policy namin, unless maging symptomatic ka, for example ikaw ay na-expose sa isa na may COVID pero wala ka pa namang symptoms, tuloy lang ang trabaho, hindi ka magku-quarantine."
Tinanong ni Tita Boy kung papaano kapag may English speaking na mga tao na nagtatanong kung totoong movie star siya sa Pilipina at tatanungin kung sino talaga siya.,Tinanong ni Tita Boy kung papaano kapag may English speaking na mga tao na nagtatanong kung totoong movie star siya sa Pilipina at magtatanong kung sino talaga siya.
"Pero pong petsa kung kailan at kung papayag sila na mangunguna, dagdag ni Roque.","Pero wala pong petsa kung kailan at kung papayag sila na mangunguna, dagdag ni Roque."
Nakatakdang magbukas B.League.,Nakatakdang magbukas ang B.League.
Giit nang DepEd na ang maaaring gawin dito ay kung papayag ang mga hindi gaanong loaded na guro na ilipat sa ibang paaralan upang makatulong sa may tambak na estudyanteng guro.,Giit ng DepEd na ang maaaring gawin dito ay kung papayag ang mga hindi gaanong loaded na guro na ilipat sa ibang paaralan upang makatulong sa may tambak na estudyanteng guro.
"Gayunman, dumipensa ang abogado ni Hardin at sinabing ang mga nadiskubreng bangkay ay hinindian mula sa dating punerarya ni Hardin, kundi pagmamay-ari ng isang Robert Tate, na isa ring direktor ng punerarya.","Gayunman, dumipensa ang abogado ni Hardin at sinabing ang mga nadiskubreng bangkay ay hindi mula sa dating punerarya ni Hardin, kundi pagmamay-ari ng isang Robert Tate, na isa ring direktor ng punerarya."
"Ang pina plano namin sa buhay hindi na para sa amin kundi para sa mga apo na namin, so, kami naman gusto namin mailagay sa tahimik yung relasyon namin kung saan parehong hindi namin naiisip noong kabataan namin, naiisip naming ngayong nasa edad na kaming ganito.","Ang pina-plano namin sa buhay hindi na para sa amin kundi para sa mga apo na namin, so, kami naman gusto namin mailagay sa tahimik yung relasyon namin kung saan parehong hindi namin naiisip noong kabataan namin, naiisip naming ngayong nasa edad na kaming ganito."
"Ayon kay Denver, hindi siya nakapag-file ng leave para sa nagbakasyon nagtrabaho pa rin siya.","Ayon kay Denver, hindi siya nakapag-file ng leave para sa bakasyon nagtrabaho pa rin siya."
"Dati nakuha ako sa commercial, 12 years old ako, ayaw niya, ikinakagalit galit siya kunwari.","Dati nakuha ako sa commercial, 12 years old ako, ayaw niya, nagagalit galit siya kunwari."
"Alexiscastro upang resolbahin ang mga problema nang lalawigan sa ginanap na É??Strengthening Governance Through Adaptive Leadership and ManagementÉ?ù meeting sa The Manor, Camp John Hay, Baguio City nitong Setyembre 19-21.","AlexisCastro upang resolbahin ang mga problema ng lalawigan sa ginanap na É??Strengthening Governance Through Adaptive Leadership and ManagementÉ?ù meeting sa The Manor, Camp John Hay, Baguio City nitong Setyembre 19-21."
"Same rin sa relationship na kunwari nagaway na akala mo okay na, pero hindi pa pala, paliwanag ni direk JP.","Same rin sa relationship na kunwari nag-away na akala mo okay na, pero hindi pa pala, paliwanag ni direk JP."
"Dahil hindi pa din tiyak ang ilang tatahakin ng bagyo, maaaring magsanhi ng ""signipikanteng"" impact sa mga nasabing lugar ang sama ng panahon oras na magkaroon ito ng pagkabig pakanluran sa forcast track James Relativo.","Dahil hindi pa rin tiyak ang ilang tatahakin ng bagyo, maaaring magsanhi ng ""signipikanteng"" impact sa mga nasabing lugar ang sama ng panahon oras na magkaroon ito ng pagkabig pakanluran sa forcast track James Relativo."
"Actually hanggang ngayon sobrang alarmed pa rin ako na baka hindi siya bumalik kasi hanggang ngayon hindi pa rin okay, mahina pandinig ko.","Actually hanggang ngayon sobrang alarmed pa rin ako na baka hindi siya bumalik kasi hanggang ngayon hindi pa rin okay, mahina 'yung pandinig ko."
May mga bagay na talagang biruan-lang at hindi naman dapat na seryosohin.,May mga bagay na talagang biruan lang at hindi naman dapat na seryosohin.
At isa sa mga talagang maraming napa react ay nang diretsahan sabihin ng mister na pulitiko na tantanan na nito ang sobrang kaka-shopping.,At isa sa mga talagang maraming napa-react ay nang diretsahan sabihin ng mister na pulitiko na tantanan na nito ang sobrang kaka-shopping.
"Una nang sinabi ng CHR, na siyang titingin sa mga human rights violations sa ilalim ng 1987 Constitution, na napahirapan ng quarantine measures ang ilang biktima ng gender-based violence na lumabas ng bahay upang humingi ng saklolo.","Una nang sinabi ng CHR, na siyang tumitingin sa mga human rights violations sa ilalim ng 1987 Constitution, na napahirapan ng quarantine measures ang ilang biktima ng gender-based violence na lumabas ng bahay upang humingi ng saklolo."
Sana magiging cooperative ang artistang ito dahil malaking bagay naman talaga ang pelikulang iyon para makilala siya at makakatulong ito sa sinusundan niyang project.,Sana magiging cooperative ang artistang ito dahil malaking bagay naman talaga ang pelikulang iyon para makilala siya at makakatulong ito sa susunod niyang project.
"Dahil dito, kabababala ang PCG sa publiko lalo na ang mga nais makapasok bilang Coast Guard na mag-ingat sa sinuman na lumalapit sa kanila na nangangako agad ng posisyon kapalit ng sinisingil na pera.","Dahil dito, nagbabala ang PCG sa publiko lalo na ang mga nais makapasok bilang Coast Guard na mag-ingat sa sinuman na lumalapit sa kanila na nangangako agad ng posisyon kapalit ng sinisingil na pera."
"Batay sa testimonya ng nobya, naglalakad sila ng bikti ma nang biglang dumating ang dalawang salarin na sakay ng motorsiklo.","Batay sa testimonya ng nobya, naglalakad sila ng biktima nang biglang dumating ang dalawang salarin na sakay ng motorsiklo."
"Kahit nagkakaroon na kayo ng reconciliation sa isat isa, ayaw ninyo nang magfile ng kaso pero ang ginagawa namin, iyong pulis mismo ang mag-file ng kaso sa inyo at kakasuhan kayo ng alarm and scandal.","Kahit nagkakaroon na kayo ng reconciliation sa isat isa, ayaw ninyo nang mag-file ng kaso pero ang ginagawa namin, iyong pulis mismo ang mag-file ng kaso sa inyo at kakasuhan kayo ng alarm and scandal."
Ang mga naturang impormasyon laban sa anim na ka tao ay nakatakda nang ihain sa Manila Regional Trial Court.,Ang mga naturang impormasyon laban sa anim na katao ay nakatakda nang ihain sa Manila Regional Trial Court.
Ang pahayag ay gawa ng DILG kaugnay sa mga reklamo na commemorative plates na ang pangmatagalang gamit ng ilang sasakyan at hindi ang orihinal nitong plaka mula sa LTO upang makaiwas sa ipinaiiral na color coding laluna sa Metro Manila.,Ang pahayag ay ginawa ng DILG kaugnay sa mga reklamo na commemorative plates na ang pangmatagalang gamit ng ilang sasakyan at hindi ang orihinal nitong plaka mula sa LTO upang makaiwas sa ipinaiiral na color coding laluna sa Metro Manila.
"Responsable umano ang sindikato ni Luffy sa 2,300 kaso ng pagnanakaw at fraud na umabot sa 3.5.","Responsable umano ang sindikato ni Luffy sa 2,300 kaso ng pagnanakaw at fraud na aabot sa 3.5."
"Pagkatapos na lang daw ng MMFF, dahil mas gusto niyang naka-focus muna sa pagpapalabas nito sa dating na Pasko.","Pagkatapos na lang daw ng MMFF, dahil mas gusto niyang naka-focus muna sa pagpapalabas nito sa darating na Pasko."
"Ang pagkakaroon ng fetus sa tiyan ng sanggol ay tatawagin umanong fetus in fetu, isang napakapambihirang kondisyon.","Ang pagkakaroon ng fetus sa tiyan ng sanggol ay tinatawag umanong fetus in fetu, isang napakapambihirang kondisyon."
Magpapasok ni Doncic ang krusyal na three-pointer sa huling 27 segundo ng fourth quarter para iligtas ang Mavericks na isinuko ang itinayong 25-point lead.,Ipinasok ni Doncic ang krusyal na three-pointer sa huling 27 segundo ng fourth quarter para iligtas ang Mavericks na isinuko ang itinayong 25-point lead.
Wala pang detalye tungkol sa project na ito Isko.,Wala pang detalye tungkol sa project na ito ni Isko.
Hindi ko na-anticipate na hindi na pala ako kumakain nang tama o tamang oras o nagone meal a day lang ako.,Hindi ko na-anticipate na hindi na pala ako kumakain nang tama o tamang oras o nag-one meal a day lang ako.
"Nang ma pagtantong patay na ang ina, binalot daw ni Raymond ang bangkay nito sa kumot at plastic at pagkatapos ay isiniksik ito sa storage box.","Nang mapagtantong patay na ang ina, binalot daw ni Raymond ang bangkay nito sa kumot at plastic at pagkatapos ay isiniksik ito sa storage box."
"Ngayon lang talaga, seriously, ngayon lang talaga nagsink in sa akin, sabi ni Nelson.","Ngayon lang talaga, seriously, ngayon lang talaga nag-sink in sa akin, sabi ni Nelson."
"Anya nitong nagdaang Biyernes ay nakapagtala na lamang ang NCR ng 2,256 na bagong kaso ng COVID-19, pinakamababa mula December 31, 2021 ng magsimulang umatake ang Omicron virus sa bansa.","Anya nitong nagdaang Biyernes ay nakapagtala na lamang ang NCR ng 2,256 na bagong kaso ng COVID-19, pinakamababa mula December 31, 2021 nang magsimulang umatake ang Omicron virus sa bansa."
"Jonnel Estomo, simula ng isagawa ang vaccination rollout sa buong rehiyon hanggang nitong unang araw ng Disyembre ay umabot na lahat sa 12,753 mga pulis kasama ang mga non- uniformed personnel (NUP) ang nabakunahan.","Jonnel Estomo, simula nang isagawa ang vaccination rollout sa buong rehiyon hanggang nitong unang araw ng Disyembre ay umabot na lahat sa 12,753 mga pulis kasama ang mga non- uniformed personnel (NUP) ang nabakunahan."
Tinatayang nasa P6 milyong halaga ang inisyal na naitala na pinsala ng bagyo sa lungsod sa mga panananim o produktong agrikultura habang alam pa ang danyos sa imprastraktura.,Tinatayang nasa P6 milyong halaga ang inisyal na naitala na pinsala ng bagyo sa lungsod sa mga panananim o produktong agrikultura habang inaalam pa ang danyos sa imprastraktura.
Isa si Genowefa Klonovska sa mga nakatanggap ng sulat na aakalain raw niya noong una na binibiro lang siya.,Isa si Genowefa Klonovska sa mga nakatanggap ng sulat na inakala raw niya noong una na binibiro lang siya.
"Nangyari man yun, mauuna kayong makaalam, ha, hahaha, tumawang sagot ni Jomari.","Mangyayari man yun, mauuna kayong makaalam, ha, hahaha, tumawang sagot ni Jomari."
"Dahil sa kayayari at abalang dinulot nito, plano raw ng pamilya na magsampa ng reklamo laban sa Bulacan Medical Center.","Dahil sa nangyari at abalang dinulot nito, plano raw ng pamilya na magsampa ng reklamo laban sa Bulacan Medical Center."
Ang Pieta ang pelikulang pagsasamahan nila ni Councilor Alfred Vargas na first time makakatrabaho ni Ate Guy as a producer and actor din sa pelikula na plano-nilang isali sa mga international filmfest.,Ang Pieta ang pelikulang pagsasamahan nila ni Councilor Alfred Vargas na first time makakatrabaho ni Ate Guy as a producer and actor din sa pelikula na plano nilang isali sa mga international filmfest.
"Binilang anak ng tinaguriang É??master impersonator ng Pilipinas,É?ù nagkaroon siya ng mga exposure sa entablado.","Bilang anak ng tinaguriang É??master impersonator ng Pilipinas,É?ù nagkaroon siya ng mga exposure sa entablado."
Inamin ni Kris Aquino na may oras na gusto na talaga niyang sumusuko dahil sa fatigue at pagiging bedridden sa kanyang karamdaman.,Inamin ni Kris Aquino na may oras na gusto na talaga niyang sumuko dahil sa fatigue at pagiging bedridden sa kanyang karamdaman.
Ang pagsigaw ni Governor Chavit Singson na dati din niyang kaututang-dila.,Ang pagsigaw ni Governor Chavit Singson na dati rin niyang kaututang-dila.
Mas maganda nga na hindi man makita ng tao ang gumagawa mo dahil mas sincere ang dating noon.,Mas maganda nga na hindi man makita ng tao ang ginagawa mo dahil mas sincere ang dating noon.
"É??kasi dati dati nag-alaga kami ng dogs, takot siya.","É??Kasi dati nag-alaga kami ng dogs, takot siya."
Wala rin umanong ibinigay na dahilan ang Palasyo sa pagpostpone sa pagpirma ng P5.024.,Wala rin umanong ibinigay na dahilan ang Palasyo sa pag-postpone sa pagpirma ng P5.024.
Kakakailangan maging maingat pa rin tayo at bahagi ng pag-iingat ay ang pagpapa-test para ma-detect natin kung sinu-sino ang mga tinamaan ng sakit.,Kailangan maging maingat pa rin tayo at bahagi ng pag-iingat ay ang pagpapa-test para ma-detect natin kung sinu-sino ang mga tinamaan ng sakit.
Hiningan namin ng reaksyon-si Kuya Boy tungkol dito.,Hiningan namin ng reaksyon si Kuya Boy tungkol dito.
"Nasa loob ng kanyang tindahan bandang alas-3:50 ng hapon si Barangay KagawadRamil Aviso, 55, nang dumating ang dalawang hindi nakikilalang lalaki at nagkunwaring binibili ng tubig at softdrinks.","Nasa loob ng kanyang tindahan bandang alas-3:50 ng hapon si Barangay KagawadRamil Aviso, 55, nang dumating ang dalawang hindi nakikilalang lalaki at nagkunwaring bibili ng tubig at softdrinks."
Una ng nakapag-ulat ng ilang minor side-effects ang COVID-19 vaccines sa mga batang Pinoy sa unang sabak nito.,Una nang nakapag-ulat ng ilang minor side-effects ang COVID-19 vaccines sa mga batang Pinoy sa unang sabak nito.
"Hinahanda na ng mga pulis ang kaukulang mga reklamo lumaban sa suspek na hawak ng mga pulis ng Laloma Police Station sa Quezon CityLBG, GMA News.","Hinahanda na ng mga pulis ang kaukulang mga reklamo laban sa suspek na hawak ng mga pulis ng Laloma Police Station sa Quezon CityLBG, GMA News."
"Pinopoc, Alcala, Cagayan ang kahabaan ng national highway nang aksidenteng masalpok ang isang Toyota Wigo (DAN-8006) na minamaneho ni Baligod pasado alas-12:00 ng-madaling araw.","Pinopoc, Alcala, Cagayan ang kahabaan ng national highway nang aksidenteng masalpok ang isang Toyota Wigo (DAN-8006) na minamaneho ni Baligod pasado alas-12:00 ng madaling araw."
Tanging si dating Pangulong Joseph Estrada umano ang hindi sumailalim sa proseso bilang commander-in-chief ng Sandatahang Lakas at may haharapin na posibleng banta sa seguridad.,Tanging si dating Pangulong Joseph Estrada umano ang hindi sumailalim sa proseso bilang commander-in-chief ng Sandatahang Lakas at may hinaharap na posibleng banta sa seguridad.
"Puwede rin umanong suriin ang mga ito sa-loob ng sasakyan ng mga pasyente, dagdag pa sa abiso.","Puwede rin umanong suriin ang mga ito sa loob ng sasakyan ng mga pasyente, dagdag pa sa abiso."
"Ayon sa dalawa, pareho silang kain ng sinigang.","Ayon sa dalawa, pareho silang kumakain ng sinigang."
"Sa problema ng kasamahan ko sinamahan ko siya kasi ginugusto niyang magwala, wika ng suspek.","Sa problema ng kasamahan ko sinamahan ko siya kasi gusto niyang magwala, wika ng suspek."
"Pero marami nang dagdag-bawas na nakipag-check in ako, na kailangan na akong makasuhan kasi may asawa na yung tao.","Pero marami ng dagdag-bawas na nakipag-check in ako, na kailangan na akong makasuhan kasi may asawa na yung tao."
"Iisa rin yung online dumpster diving is naghahanap ka lang sa marketplace, saad ni Shang.","Iisa rin yung online dumpster diving is maghahanap ka lang sa marketplace, saad ni Shang."
"Sa imbestigasyon ni PSSg Jerry Basungit, dakong ala-1:30 ng madaling araw ng magsagawa ang mga operatiba ng Station Drug Enforcement Unit (SDEU) sng buy -bust operation sa Sanchez St.","Sa imbestigasyon ni PSSg Jerry Basungit, dakong ala-1:30 ng madaling araw nang magsagawa ang mga operatiba ng Station Drug Enforcement Unit (SDEU) sng buy -bust operation sa Sanchez St."
"Samantala, inihayag din ni Galvez na wala siyang nakitang pag unlad sa mga kabataan simula nang ipatupad ang batas sa NSTP.","Samantala, inihayag din ni Galvez na wala siyang nakitang pag-unlad sa mga kabataan simula nang ipatupad ang batas sa NSTP."
Doon ko nakikita kung ano ang intention.,Doon ko nakita kung ano ang intention.
"Sa mga kabanda, sinabi ni Raymund na wala silang problema ni Buddy Zabala na nakita niya linggo-linggo.","Sa mga kabanda, sinabi ni Raymund na wala silang problema ni Buddy Zabala na nakikita niya linggo-linggo."
"At lalo akong naiinis pag naririnig ko na meron inaabot ng ilang taon na ginagawa ito, meaning kahit gaano katagal hindi ka pa din gagaling.","At lalo akong naiinis pag naririnig ko na meron inaabot ng ilang taon na ginagawa ito, meaning kahit gaano katagal hindi ka pa rin gagaling."
"Sa halip na sa punong-tanggapan ng Commission on Elections (Comelec), sa isang tent sa labas ng isang hotel sa Pasay City isasagawa ang pagsusumite ng certificates of candidacy (COC) sa Oktubre ng mga tatakbo para sa national positions sa kadadating na halalan sa Mayo 2022.","Sa halip na sa punong-tanggapan ng Commission on Elections (Comelec), sa isang tent sa labas ng isang hotel sa Pasay City isasagawa ang pagsusumite ng certificates of candidacy (COC) sa Oktubre ng mga tatakbo para sa national positions sa darating na halalan sa Mayo 2022."
"Yakap-yakap pa ngbiktima na hindi na pinangalanan ang mga sako ngpalay ng matagpuang patay sa Barangay Cayabon, Milagros, Masbate.","Yakap-yakap pa ngbiktima na hindi na pinangalanan ang mga sako ngpalay nang matagpuang patay sa Barangay Cayabon, Milagros, Masbate."
Marami akong naririnig na magagandang programa na naka line up sa mga local channel natin kaya abangan natin ito ngayong 2023.,Marami akong naririnig na magagandang programa na naka-line up sa mga local channel natin kaya abangan natin ito ngayong 2023.
Lumalabas na umaakyat ang mga suspek sa farm house gamit ang spiral na metal na hagdan at dumaan sa likurang bahagi ng farm.,Lumalabas na umakyat ang mga suspek sa farm house gamit ang spiral na metal na hagdan at dumaan sa likurang bahagi ng farm.
Taong 2016 ng ikasal si Isabelle kay Adrien Semblat.,Taong 2016 nang ikasal si Isabelle kay Adrien Semblat.
"Nasa pangangalaga na ng PNP ang mga biktima na nasa edad 18 at 19 habang ka laboso ang mga suspek nasina Easton Scot Sanderson, 34, American citizen at naninirahan sa JO3 Kandi Towers, Flora St, Brgy Malabanias, Angeles City; Reneilyn Robles, 22, ngLawang Bato, Valenzuela City; Jann Arielle Mondejar, 23, ng Brgy.","Nasa pangangalaga na ng PNP ang mga biktima na nasa edad 18 at 19 habang kalaboso ang mga suspek nasina Easton Scot Sanderson, 34, American citizen at naninirahan sa JO3 Kandi Towers, Flora St, Brgy Malabanias, Angeles City; Reneilyn Robles, 22, ngLawang Bato, Valenzuela City; Jann Arielle Mondejar, 23, ng Brgy."
"Ang moonsoon trough at Southwest Monsoon na pinalalakas Tropical Depression Domeng at Tropical Storm Chaba (dating ""Caloy"" ay sinasabing magpapaulan sa ilang bahagi ng kanlurang Central at Southern Luzon sa susunod na 24 oras.","Ang moonsoon trough at Southwest Monsoon na pinalalakas ng Tropical Depression Domeng at Tropical Storm Chaba (dating ""Caloy"" ay sinasabing magpapaulan sa ilang bahagi ng kanlurang Central at Southern Luzon sa susunod na 24 oras."
Actually kapag naka-work mo siya sobrang kuwela pala niyang tao.,Pero actually kapag naka-work mo siya sobrang kuwela pala niyang tao.
"Sa sandaling makita ng investor ang kanilang investments-at kinita, mas naeengganyo ang mga investor na dagdagan ang kanilang investment.","Sa sandaling makita ng investor ang kanilang investments at kinita, mas naeengganyo ang mga investor na dagdagan ang kanilang investment."
Sinabi ni Vergeire na katuwang ang Department of Education (DepEd) ay palalakasin nila ang screening sa mga mag-aaral at mga guro na nagbabalik sa mga paaralan.,Sinabi ni Vergeire na katuwang ang Department of Education (DepEd) ay palalakasin nila ang screening sa mga mag-aaral at mga guro na magbabalik sa mga paaralan.
Idinagdag ni Roque na wala namang naihaing kaso si Trillanes sa nakalipas na limang taon kaya kuwestyunable kung papaano siya magkakaroon nang kaso laban kay Duterte pagtapos ng anim na taon.,Idinagdag ni Roque na wala namang naihaing kaso si Trillanes sa nakalipas na limang taon kaya kuwestyunable kung papaano siya magkakaroon ng kaso laban kay Duterte pagtapos ng anim na taon.
As in seksi-seksihan ang latest post nang Kapamilya actress pero I doubt kung mabilis itong mareretoke sa social media.,As in seksi-seksihan ang latest post ng Kapamilya actress pero I doubt kung mabilis itong mareretoke sa social media.
Kumpiyansa din aniya ang PSA na makukuha nito ang puntiryang 30.1.,Kumpiyansa rin aniya ang PSA na makukuha nito ang puntiryang 30.1.
Nagtaka nga ako bakit wala masyadong nadamay na turista baka dahil nga nagkahigpitan sa entry ng mga foreigner lately dahil sa pandemic.,Nagtataka nga ako bakit wala masyadong nadamay na turista baka dahil nga nagkahigpitan sa entry ng mga foreigner lately dahil sa pandemic.
"Ayon sa source, worried kasi si Derek sa sobrang surge ng COVID cases everyday kaya nag-decide diumano itong wag munang tumatanggap ng trabaho habang pabagu-bago rin ang quarantine classification na pinatutupad dahil nga sa pagdami pa rin ng daily positive cases kahit may mga naturukan na.","Ayon sa source, worried kasi si Derek sa sobrang surge ng COVID cases everyday kaya nag-decide diumano itong wag munang tumanggap ng trabaho habang pabagu-bago rin ang quarantine classification na pinatutupad dahil nga sa pagdami pa rin ng daily positive cases kahit may mga naturukan na."
"Gayunman, sinabi ng ng kinatawan ng isa sa mga complainant na mga dealer umano nila ang nagsumbong sa ilegal umanong pagre refill sa kanilang mga tangke.","Gayunman, sinabi ng ng kinatawan ng isa sa mga complainant na mga dealer umano nila ang nagsumbong sa ilegal umanong pagre-refill sa kanilang mga tangke."
"So so tingnan natin, ani Dianne.","So tingnan natin, ani Dianne."
"Sa kanyang pagharap sa ibat ibang sectoral group sa Marymount Academy Gym, BF Homes, Para?Òaque, City sinasabi ni Duterte na hindi dapat pumayag ang mga babae na maliitin dahil sa pagiging babae at kanilang edad.","Sa kanyang pagharap sa ibat ibang sectoral group sa Marymount Academy Gym, BF Homes, Para?Òaque, City sinabi ni Duterte na hindi dapat pumayag ang mga babae na maliitin dahil sa pagiging babae at kanilang edad."
"Para Aksyon, dapat ipaglaban ni Duterte ang nasabing desisyon ng korte.","Para sa Aksyon, dapat ipaglaban ni Duterte ang nasabing desisyon ng korte."
"Pumanaw nitong madaling araw ng Biyernes si Jovit, 29-anyos, matapos maratay sa isang ospital sa Batangas matapos sasamahan ang pakiramdam.","Pumanaw nitong madaling araw ng Biyernes si Jovit, 29-anyos, matapos maratay sa isang ospital sa Batangas matapos sumama ang pakiramdam."
"Samantala, very proud si Javi sa mga papuri sa girlfriend niya para sa teleserye ng ABS-CBN, ang The Broken Marriage Vow, pero ayaw raw ni Sue na manood siya para hindi na lang daw siya mag react sa mga eksena nito.","Samantala, very proud si Javi sa mga papuri sa girlfriend niya para sa teleserye ng ABS-CBN, ang The Broken Marriage Vow, pero ayaw raw ni Sue na manood siya para hindi na lang daw siya mag-react sa mga eksena nito."
Nagaalala rin siya sa epilogue na nagpapahiwatig na tinangka ni Padre Salvi na halayin si Maria Clara sa kumbento.,Nag-aalala rin siya sa epilogue na nagpapahiwatig na tinangka ni Padre Salvi na halayin si Maria Clara sa kumbento.
"Bagamat nangu??nguna si Escudero sa mga senatorial survey, magsasabi nito na hindi siya dapat makumpiyansa dahil maraming matutunog na tatakbo sa 2022 para maging senador.","Bagamat nangu??nguna si Escudero sa mga senatorial survey, sinabi nito na hindi siya dapat makumpiyansa dahil maraming matutunog na tatakbo sa 2022 para maging senador."
"Hindi ko pa nadi discover mga poging Oppa, ang dami pala.","Hindi ko pa nadi-discover mga poging Oppa, ang dami pala."
Dapat aniya ay ina update kada taon upang magsilbing gabay para sa mga ahensyang naatasang magpatupad ng programa at upang matiyak na walang aksaya o maling paggamit ng pondo ng gobyerno.,Dapat aniya ay ina-update kada taon upang magsilbing gabay para sa mga ahensyang naatasang magpatupad ng programa at upang matiyak na walang aksaya o maling paggamit ng pondo ng gobyerno.
Natuklasan nang isagawa ng National Bureau of Investigation (NBI) ang unang autopsy sa bangkay ni Jun Villamor na sinasabing middleman sa pagpaslang sa brodkaster na si Percy Lapid.,Natuklasan ito nang isagawa ng National Bureau of Investigation (NBI) ang unang autopsy sa bangkay ni Jun Villamor na sinasabing middleman sa pagpaslang sa brodkaster na si Percy Lapid.
"Kuwento ni Rochelle, minsan siyang sinakyan ng jeep noon nang makilala siya ng isang pasahero na nagpapa-abot ng bayad sa kaniya.","Kuwento ni Rochelle, minsan siyang sumakay ng jeep noon nang makilala siya ng isang pasahero na nagpapa-abot ng bayad sa kaniya."
"Dahil din sa lakas ng dating nito particular na ang : É??Doble dekada ng samahang pina-easy ka pamilyat barkada, noon, ngayon, palagi!","Dahil din sa lakas ng dating nito particular na ang : É??Doble dekada ng samahang pina-easy ka-pamilyat barkada, noon, ngayon, palagi!"
"Sinabi ng director, actor, writer at producer ng pelikula na si Vince Tanada na tungkol ito sa mga pangyayari pangyayari noong Martial Law.","Sinabi ng director, actor, writer at producer ng pelikula na si Vince Tanada na tungkol ito sa mga pangyayari noong Martial Law."
Nagtatayo ang kanilang poultry farm noong 2020 sa kasagsagan ng COVID-19 pandemic.,Itinayo ang kanilang poultry farm noong 2020 sa kasagsagan ng COVID-19 pandemic.
Matatandaang kinainis ni-dating senador Antonio Trillanes IV ang pakikipag-usap ni Robredo sa mga personalidad na aniyay may kaugnayan sa Duterte administration tulad nina Lacson at Sotto.,Matatandaang kinainis ni dating senador Antonio Trillanes IV ang pakikipag-usap ni Robredo sa mga personalidad na aniyay may kaugnayan sa Duterte administration tulad nina Lacson at Sotto.
"Mas mabilis ngayon kasi iyong dating matagal na pre-screening wala na iyon ngayon kasi second dose na so nagpakita lang nila iyong cards nila o sa phone nila na proof na ngayon iyong schedule ng second dose so mas tuluy-tuloy siya, wika ni VP Leni.","Mas mabilis ngayon kasi iyong dating matagal na pre-screening wala na iyon ngayon kasi second dose na so pinapakita lang nila iyong cards nila o sa phone nila na proof na ngayon iyong schedule ng second dose so mas tuluy-tuloy siya, wika ni VP Leni."
"Pagbibigay pagasa dahil may pandemya pa rin hanggang ngayon, saad ni Sen.","Pagbibigay pag-asa dahil may pandemya pa rin hanggang ngayon, saad ni Sen."
Kadadagdag nito ay may mga aktibidad aniya na maaaring malagay sa delikado ang marine environment at masira ang estabilidad sa rehiyon.,Dagdag nito ay may mga aktibidad aniya na maaaring malagay sa delikado ang marine environment at masira ang estabilidad sa rehiyon.
"Kung minsan, sinuotan din nila ito ng mga luma at itatapon nang damit bago silaban.","Kung minsan, sinusuotan din nila ito ng mga luma at itatapon nang damit bago silaban."
Nauna nang tapos ng Bulldogs ang kanilang five-year slump sa Fighting Maroons.,Nauna nang tinapos ng Bulldogs ang kanilang five-year slump sa Fighting Maroons.
"Isang bangkay ng sanggol na lalaki na nakasilid sa plastic bag ang natagpuang palutang lutang sa isang kanal sa Barangay Zone 9, Malued, Dagupan City.","Isang bangkay ng sanggol na lalaki na nakasilid sa plastic bag ang natagpuang palutang-lutang sa isang kanal sa Barangay Zone 9, Malued, Dagupan City."
"Nabitag ng mga operatiba ng pulisya ang isang itinuturing na key drug player at live in partner nito sa isinagawang operasyon sa lungsod ng Davao, ayon sa ulat kahapon.","Nabitag ng mga operatiba ng pulisya ang isang itinuturing na key drug player at live-in partner nito sa isinagawang operasyon sa lungsod ng Davao, ayon sa ulat kahapon."
Hindi nangyayari sa Pilipinas ang nangyari sa Ukraine at Russia kung tamang lider ang magiging susunod na pangulo ng bansa.,Hindi mangyayari sa Pilipinas ang nangyari sa Ukraine at Russia kung tamang lider ang magiging susunod na pangulo ng bansa.
Itinakbo sa Bauan Doctors Hospital ang mga biktima ngunit binawian ng buhay si Acuzar habang nagpatuloy pang ginagamot si Silang.,Itinakbo sa Bauan Doctors Hospital ang mga biktima ngunit binawian ng buhay si Acuzar habang patuloy pang ginagamot si Silang.
"And mas may understanding na rin po talaga kasi mahilig po akong mag research, mahilig po akong magbasa,"" sabi ni Jillian sa Chika Minute report ni Aubrey Carampel sa GMA News ""24 Oras nitong Huwebes.","And mas may understanding na rin po talaga kasi mahilig po akong mag-research, mahilig po akong magbasa,"" sabi ni Jillian sa Chika Minute report ni Aubrey Carampel sa GMA News ""24 Oras nitong Huwebes."
Mayroon ding mahigit P1 bilyon na halaga ng stockpiles ang DSWD na hinahanda nang ipamahagi.,Mayroon ding mahigit P1 bilyon na halaga ng stockpiles ang DSWD na handa nang ipamahagi.
Sinabi ng Senador na mabigat na parusa ang hinihintay sa mga mahuhuling nag-o-overpricing o nakikinabang sa di makatwirang pagtaas ng presyo ng bilihin sa ilalim ng Republic Act 7581 o ang Price Act.,Sinabi ng Senador na mabigat na parusa ang naghihintay sa mga mahuhuling nag-o-overpricing o nakikinabang sa di makatwirang pagtaas ng presyo ng bilihin sa ilalim ng Republic Act 7581 o ang Price Act.
"Ang original plan daw talaga nila ay isali ang naturang pelikula sa MMFF, pero bago dumating ang araw ng deadline ay napagkasunduan na raw nilang huwag na lang nila isali, dahil nung panahong iyon ay wala pa raw katiyakan kung nagbubukas ang mga sinehan.","Ang original plan daw talaga nila ay isali ang naturang pelikula sa MMFF, pero bago dumating ang araw ng deadline ay napagkasunduan na raw nilang huwag na lang nila isali, dahil nung panahong iyon ay wala pa raw katiyakan kung magbubukas ang mga sinehan."
Matatandaan na kamakailan ay naglabas nang statement ang aktor upang linawin ang sarili ukol sa ibat ibang isyu na ibinabato sa kanya kabilang na ang diumanoy third party raw na si Yen Santos.,Matatandaan na kamakailan ay naglabas ng statement ang aktor upang linawin ang sarili ukol sa ibat ibang isyu na ibinabato sa kanya kabilang na ang diumanoy third party raw na si Yen Santos.
"Sila gobyerno ay gagawin ng hakbang para pigilan ang kaguluhan pero sa totoo lang, wala namang kaguluhan sa bahagi namin.","Sila gobyerno ay gagawa ng hakbang para pigilan ang kaguluhan pero sa totoo lang, wala namang kaguluhan sa bahagi namin."
"May gustong magkaroon bagong bahay, tutulungan niyang bumili.","May gustong magkaroon ng bagong bahay, tutulungan niyang bumili."
"Lalabanan umano nila ang nagaganap na na smuggling sa karagatan, transportasyon ng iligal na droga, human trafficking at É??illegal, unreported, and unregulated (IUU) fishingÉ?ù na krusyal sa suplay ng pagkain sa rehiyon.","Lalabanan umano nila ang nagaganap na smuggling sa karagatan, transportasyon ng iligal na droga, human trafficking at É??illegal, unreported, and unregulated (IUU) fishingÉ?ù na krusyal sa suplay ng pagkain sa rehiyon."
"Basta on or before November 15, kailangan party member na siya, sabi tagapagsalita ng Comelec.","Basta on or before November 15, kailangan party member na siya, sabi ng tagapagsalita ng Comelec."
"Bong Go sa kanyang ka sipagan na talagang nakaka-inspire, anang mambabatas.","Bong Go sa kanyang kasipagan na talagang nakaka-inspire, anang mambabatas."
"Paliwanag pa ni Villanueva, sa ilalim ng Migrant workers and Overseas Filipino Act, maliwanag na wala dapat kinokolektang fees tulad ng ng government, placement, introduction at assistant fees.","Paliwanag pa ni Villanueva, sa ilalim ng Migrant workers and Overseas Filipino Act, maliwanag na wala dapat kinokolektang fees tulad ng government, placement, introduction at assistant fees."
"Nilinaw naman ni Cayetano na sang-ayon siya na pagtuunan ang kapa-kanan ng mga boksinge ro subalit bakit sila lamang ang pinagtutuunan samantalang mayroon din mga atleta na nagkaka-physical injury rin sa basketball, volleyball at iba pang sports.","Nilinaw naman ni Cayetano na sang-ayon siya na pagtuunan ang kapa-kanan ng mga boksinge-ro subalit bakit sila lamang ang pinagtutuunan samantalang mayroon din mga atleta na nagkaka-physical injury rin sa basketball, volleyball at iba pang sports."
"Pero napag-alaman naming hihindian na pala na-renew si Sunshine sa GMA 7, kaya puwede naman siyang gumawa ng programa kahit saang istasyon.","Pero napag-alaman naming hindi na pala na-renew si Sunshine sa GMA 7, kaya puwede naman siyang gumawa ng programa kahit saang istasyon."
"É??Kung bata ka kasi, humahanap mo lang naman kung ano yung nakapapagpasaya sa iyo at that time.","É??Kung bata ka kasi, hinahanap mo lang naman kung ano yung nakapapagpasaya sa iyo at that time."
Nilinaw kahapon ni MMDA Chairman Benhur Abalos na sakop lamang ng number co ding ang mga pribadong behikulo.,Nilinaw kahapon ni MMDA Chairman Benhur Abalos na sakop lamang ng number coding ang mga pribadong behikulo.
"Sa nag-uulat ni Manny Vargas sa Super Radyo dzBB, inihayag umano ni Duque na walang nakaaalam kung magkakaroon pa ng bagong variant ng virus na dapat ikabahala.","Sa ulat ni Manny Vargas sa Super Radyo dzBB, inihayag umano ni Duque na walang nakaaalam kung magkakaroon pa ng bagong variant ng virus na dapat ikabahala."
Nagpaalala kahapon ang Department of Health (DOH) sa mga konsyumer sa pagbili nang mga UV lights (ultraviolet) kontra COVID-19 dahil sa marami umano sa mga nabibili lalo na sa online stores ay walang bisa kontra sa coronavirus.,Nagpaalala kahapon ang Department of Health (DOH) sa mga konsyumer sa pagbili ng mga UV lights (ultraviolet) kontra COVID-19 dahil sa marami umano sa mga nabibili lalo na sa online stores ay walang bisa kontra sa coronavirus.
Nag-iisang suspense thriller genre na nakapasok sa dating na 2021 MMFF ang Nelia kaya inaasahan nilang tatauhin ito sa mga sinehan.,Nag-iisang suspense thriller genre na nakapasok sa darating na 2021 MMFF ang Nelia kaya inaasahan nilang tatauhin ito sa mga sinehan.
"Ang 33-anyos na si Gabuco, ang sumuntok ng kauna-unahang gold medal ng ng bansa sa AIBA Womens World Boxing Championships noong 2012, ang nagsisilbing sparmate ni Magno.","Ang 33-anyos na si Gabuco, ang sumuntok ng kauna-unahang gold medal ng bansa sa AIBA Womens World Boxing Championships noong 2012, ang nagsisilbing sparmate ni Magno."
Nauna nang sinabi ni Pia na hindi pa sila engaged ni Jeremy na CEO ng account na Beautiful Destinations na guide ng mga gustong mag-travel sa magagandang lugar sa buong mundo wala pang pandemya at hindi pa mahirap mag-travel.,Nauna nang sinabi ni Pia na hindi pa sila engaged ni Jeremy na CEO ng account na Beautiful Destinations na guide ng mga gustong mag-travel sa magagandang lugar sa buong mundo noong wala pang pandemya at hindi pa mahirap mag-travel.
"Isang pinagpipitagang hanay ng mga hurado mula United Kingdom, Canada, France, United States at Pilipinas ang naatasang pumili ng 15 pelikulang papasok sa final competition na tatakbo mula ika-15 ng Hulyo hanggang ika-5 ng Agosto taong ito.","Isang pinagpipitagang hanay ng mga hurado mula United Kingdom, Canada, France, United States at Pilipinas ang naatasang pumili ng 15 pelikulang papasok sa final competition na tatakbo mula ika-15 ng Hulyo hanggang ika-5 ng Agosto sa taong ito."
"Hindi pa din nakikita si Quisumbing hanggang ngayon, habang itinigil ang search and rescue matapos ang ilang araw.","Hindi pa rin nakikita si Quisumbing hanggang ngayon, habang itinigil ang search and rescue matapos ang ilang araw."
"Ayon kay kay Caloocan City Police chief Col. Samuel Mina, nakakaalarma ang riot ng grupo ng kabataan na walang habas sa paghahagis ng molotov bomb kamakalawa ng madaling araw sa A.","Ayon kay Caloocan City Police chief Col. Samuel Mina, nakakaalarma ang riot ng grupo ng kabataan na walang habas sa paghahagis ng molotov bomb kamakalawa ng madaling araw sa A."
"Sa pagsagot sa tanong ni Lolit Solis sa Instagram post kung nagkabalikan ba sila ni Mel, sinabi ni Kris na, Hindi kami nag balikan.","Sa pagsagot sa tanong ni Lolit Solis sa Instagram post kung nagkabalikan ba sila ni Mel, sinabi ni Kris na, Hindi kami nag-balikan."
"Kasabay nang pagdiriwang ng Pasko, nanawagan si Pangulong Rodrigo Duterte sa mga mamamayan na magkaroon ng mas malakas na pananampalataya at pagasa habang patuloy na bumabangon ang bansa mula sa epekto ng Bagyong Odette at COVID-19 pandemic.","Kasabay nang pagdiriwang ng Pasko, nanawagan si Pangulong Rodrigo Duterte sa mga mamamayan na magkaroon ng mas malakas na pananampalataya at pag-asa habang patuloy na bumabangon ang bansa mula sa epekto ng Bagyong Odette at COVID-19 pandemic."
Nawala akong naramdaman.,Wala akong naramdaman.
Idinagdag ni Roque na nakasaad din sa COVAX facility na dapat magkaroon na ng kasunduan sa pagitan ng mga gagawin at bibigyan ng bakuna.,Idinagdag ni Roque na nakasaad din sa COVAX facility na dapat magkaroon na ng kasunduan sa pagitan ng mga gumagawa at bibigyan ng bakuna.
"Kasi parang anak ko na rin yung nakakita ko, sabi ni Aguada.","Kasi parang anak ko na rin yung nakita ko, sabi ni Aguada."
"Minsan tatlong taon siyang hindi magpaparamdam, tapos magpaparamdam na naman siya ulit, sasabihin magsusustento siya, tapos hindi na naman, kuwento ni Shayne.","Minsan tatlong taon siyang hindi magpaparamdam, tapos magpaparamdam na naman siya ulit, sasabihin niya magsusustento siya, tapos hindi na naman, kuwento ni Shayne."
Ngunit kahihindi ito hadlang para kay Pacquiao.,Ngunit hindi ito hadlang para kay Pacquiao.
Mauubos ang ating indulhensiya na ki nukuha sa taumbayan ng San Diego!,Mauubos ang ating indulhensiya na kinukuha sa taumbayan ng San Diego!
"Muling ipinaalala ni Health Undersecretary Maria Rosario Vergeire kanina na ""wala pang sapat na ebidensya"" pa ra irekomenda ng Department of Health ang itobilang lunas o pananaggalang sa COVID-19.","Muling ipinaalala ni Health Undersecretary Maria Rosario Vergeire kanina na ""wala pang sapat na ebidensya"" para irekomenda ng Department of Health ang itobilang lunas o pananaggalang sa COVID-19."
"Ayon kay Lao, sasalang na rin sa kanyang PBA debut bi lang pinakabatang basketball executive sa bansa, ay nagbigay-daan ang Mighty para sa Strong Group ngayon at tiwalang mapapanatili ang korona sa Pilipinas.","Ayon kay Lao, sasalang na rin sa kanyang PBA debut bilang pinakabatang basketball executive sa bansa, ay nagbigay-daan ang Mighty para sa Strong Group ngayon at tiwalang mapapanatili ang korona sa Pilipinas."
"Ayon kay Sotto, kabilang dito ang 304 na contractual employees na mahigit sa 20 taon nang nagtatrabaho sa lokal na pamahalaan, 556 contractual employees na nagtatrabaho na sa lungsod ng 15 hanggang 20 taon at 1,097 na contractual employees na tinrabaho na sa lungsod sa loob ng 10 hanggang 15 taon.","Ayon kay Sotto, kabilang dito ang 304 na contractual employees na mahigit sa 20 taon nang nagtatrabaho sa lokal na pamahalaan, 556 contractual employees na nagtatrabaho na sa lungsod ng 15 hanggang 20 taon at 1,097 na contractual employees na nagtatrabaho na sa lungsod sa loob ng 10 hanggang 15 taon."
February 20 pa nalaman ng Easytrip na nagkakaproblema ito kayat naglabas ito ng É??URGENT ADVISORYÉ?ù nang napansin nitong bumabagal ang kanilang network connection at nagtweet itong makararanas ang mga customer ng delay sa reload crediting at recording ng kanilang mga pagdaan.,February 20 pa nalaman ng Easytrip na nagkakaproblema ito kayat naglabas ito ng É??URGENT ADVISORYÉ?ù nang napansin nitong bumabagal ang kanilang network connection at nag-tweet itong makararanas ang mga customer ng delay sa reload crediting at recording ng kanilang mga pagdaan.
"So, we know even if we get a 15-point lead or an 18-point lead, its never safe, dagdag Trillo na ipinanalo ang Bolts sa apat sa huling limang laro.","So, we know even if we get a 15-point lead or an 18-point lead, its never safe, dagdag ni Trillo na ipinanalo ang Bolts sa apat sa huling limang laro."
"Sa post ni Angel, nagsabi nito na nagtitinda ng balut ang lalaki batay sa pakikipag-usap niya sa pamilya nito.","Sa post ni Angel, sinabi nito na nagtitinda ng balut ang lalaki batay sa pakikipag-usap niya sa pamilya nito."
"Subalit bago makapag-training, makapag-training, sasailalim muna ang dating National University standout sa quarantine protocols.","Subalit bago makapag-training, sasailalim muna ang dating National University standout sa quarantine protocols."
Yung sasabihin ni Papa Digong na merong candidate na drug user bakit hindi niya ipahuli kung totoo.,Yung sinasabi ni Papa Digong na merong candidate na drug user bakit hindi niya ipahuli kung totoo.
"Ang mga bakuna ay nakalaan para sana sa mga senior citizens nang Makilala, Cotabato.","Ang mga bakuna ay nakalaan para sana sa mga senior citizens ng Makilala, Cotabato."
"'Yung phone ko nasa belt bag ko tapos kumukuha niya, tapos gusto niyang burahin 'yung mga videos at saka mga pictures na pinanghahawakan ko.","'Yung phone ko nasa belt bag ko tapos kinuha niya, tapos gusto niyang burahin 'yung mga videos at saka mga pictures na pinanghahawakan ko."
"Yung nagsabi ko kahapon, 'yung vote buying, mali 'yon.","Yung sinabi ko kahapon, 'yung vote buying, mali 'yon."
Ang pinakamadalas na rason naman ng pagkapanot o pagkakalbo ng mga inilalaki ay hereditary o pagkamana.,Ang pinakamadalas na rason naman ng pagkapanot o pagkakalbo ng mga lalaki ay hereditary o pagkamana.
Kilala ang Kalingap RAB sa pagtulong sa mga nangangailangan kaya hihinto nila si Christian para bigyan ng pagkain at maiinom na tubig.,Kilala ang Kalingap RAB sa pagtulong sa mga nangangailangan kaya hinintuan nila si Christian para bigyan ng pagkain at maiinom na tubig.
Para bang napakalaking pagkakaiba kung ang pangalan nang kaibigan mo ay Biden o kaya ay Xi.,Para bang napakalaking pagkakaiba kung ang pangalan ng kaibigan mo ay Biden o kaya ay Xi.
Inamin nang 90s action star na si Jeric Raval na hindi niya suportado ang pagpapaseksi ng kanyang anak na si AJ sa mga pelikula.,Inamin ng 90s action star na si Jeric Raval na hindi niya suportado ang pagpapaseksi ng kanyang anak na si AJ sa mga pelikula.
"2013, naglaban sina Donaire at Rigondeaux, pero natalo ang Pinoy boxer.","Noong 2013, naglaban sina Donaire at Rigondeaux, pero natalo ang Pinoy boxer."
"Sa isang social media post, ilang mga mamamayan ang nag-comment na magpro-protesta sila kapag hinindian papayagan ng awtoridad ang malayang paggalaw ng nga-nga.","Sa isang social media post, ilang mga mamamayan ang nag-comment na magpro-protesta sila kapag hindi papayagan ng awtoridad ang malayang paggalaw ng nga-nga."
"Siguro ang tinitignan lang natin unahin yung mga government hospital, ngayon naman kasi may initial survey na each of the government hospitals especially yung mga referral hospital natin in NCR and regional hospitals kung may lalabis doon sa mga nagpahayag na na ayaw magpabakuna at gustong magpabakuna then we can share naman, ani Tan.","Siguro ang tinitignan lang natin unahin yung mga government hospital, ngayon naman kasi may initial survey na each of the government hospitals especially yung mga referral hospital natin in NCR and regional hospitals kung may lalabis doon sa mga nagpahayag na ayaw magpabakuna at gustong magpabakuna then we can share naman, ani Tan."
Sobra ng stressed at payat ni Kris kaya huwag na nating dagdagan pa ng bashing.,Sobra nang stressed at payat ni Kris kaya huwag na nating dagdagan pa ng bashing.
"Sabi pa sa ulat, malaking pagsubok sa maraming bansa ang pagpili kung sino ang mga dapat na unang tatanggap ng bakuna, maliban sa mga itinuturing peligroso sa virus tulad ng mga medical frontliner at nakatatanda.","Sabi pa sa ulat, malaking pagsubok sa maraming bansa ang pagpili kung sino ang mga dapat na unang tumanggap ng bakuna, maliban sa mga itinuturing peligroso sa virus tulad ng mga medical frontliner at nakatatanda."
"Hindi naman yata makatuwiran ang activities ni Heart sa gitna nang maraming naghihirap na kababayan, huh!","Hindi naman yata makatuwiran ang activities ni Heart sa gitna ng maraming naghihirap na kababayan, huh!"
'Di ba kanonood lang tayo?,'Di ba nanonood lang tayo?
Iginiit din ni Garcia na wala umanong inilalabas na pondo ng bayad bayad ang Comelec sa pagsasagawa ng naturang mga debate dahil base sa kontrata ay pinapayagan ang Impact Hub na maningil sa mga makukuha nilang mga advertisers.,Iginiit din ni Garcia na wala umanong inilalabas na pondo ng bayad ang Comelec sa pagsasagawa ng naturang mga debate dahil base sa kontrata ay pinapayagan ang Impact Hub na maningil sa mga makukuha nilang mga advertisers.
Naglabas rin ang Civil Service Commission (CSC) ng memorandum na nagsasaad na puwedeng lumiban sa trabaho ang mga manggagawa sa gobyerno na magpapaturok sa panahon ng tatlong araw na National COVID-19 Vaccination Day.,Naglabas din ang Civil Service Commission (CSC) ng memorandum na nagsasaad na puwedeng lumiban sa trabaho ang mga manggagawa sa gobyerno na magpapaturok sa panahon ng tatlong araw na National COVID-19 Vaccination Day.
"Kung mayroon kayong kachat o kausap doon na mako-compromise o magkakaroon kayo ng intimacy to the point na iyong private parts ay ipakita ninyo, ani Eleazar.","Kung mayroon kayong ka-chat o kausap doon na mako-compromise o magkakaroon kayo ng intimacy to the point na iyong private parts ay ipakita ninyo, ani Eleazar."
Hindi nakapalag ang tatlong suspek ng sumulpot ang mga pulis at posasan sila makaraang pagbentahan ang kanilang poseur buyer.,Hindi nakapalag ang tatlong suspek nang sumulpot ang mga pulis at posasan sila makaraang pagbentahan ang kanilang poseur buyer.
"Sa ilalim ng PhilHealth program, mga estudyanteng 21 pababa na dependents ng kanilang mga magulang ang makaka avail sa PhilHealth insurance para makapag-enroll sa pagbabalik ng klase ng mga estudyante sa mga paaralan.","Sa ilalim ng PhilHealth program, mga estudyanteng 21 pababa na dependents ng kanilang mga magulang ang makaka-avail sa PhilHealth insurance para makapag-enroll sa pagbabalik ng klase ng mga estudyante sa mga paaralan."
Dadagdagan naman sina Aiza Maizo-Pontillas at Myla Pablo ng tig-10 puntos habang umiskor si MJ Phillips ng walong hits para tulungan ang Gazz Angels.,Nagdagdag naman sina Aiza Maizo-Pontillas at Myla Pablo ng tig-10 puntos habang umiskor si MJ Phillips ng walong hits para tulungan ang Gazz Angels.
"Itanong nyo na lang kay Gerald bakit iniwan, mas bongga pa!","Itanong nyo na lang kay Gerald bakit siya iniwan, mas bongga pa!"
Nagmungkahi na kami ng ng extension.,Nagmungkahi na kami ng extension.
Taglay ni Obet ang lakas ng hangin na umaabot sa 55 kilometro bawat oras malapit sa gitna at may pagbugso ang hangin na umabot sa 70 kilometro bawat oras.,Taglay ni Obet ang lakas ng hangin na umaabot sa 55 kilometro bawat oras malapit sa gitna at may pagbugso ang hangin na umaabot sa 70 kilometro bawat oras.
"Kapag may masakit sa akin, sinasabi ko sa anak ko, sinabi ko kay Tikang na alalay ko, wala akong itinatago sa kanila na pinakamalapit sa akin.","Kapag may masakit sa akin, sinasabi ko sa anak ko, sinasabi ko kay Tikang na alalay ko, wala akong itinatago sa kanila na pinakamalapit sa akin."
Sunod na pinuntirya ng mga sus pek ang katabing bahay at pinatay naman si Daniel Lugnasan.,Sunod na pinuntirya ng mga suspek ang katabing bahay at pinatay naman si Daniel Lugnasan.
"Samantala, isa ang naitalang papatayin sa bayan ng Malay, AklanLBG, GMA News.","Samantala, isa ang naitalang namatay sa bayan ng Malay, AklanLBG, GMA News."
"Ani Bautista, sa Hong Kong ay bukas sila sa mga bisitang mula sa China ngunit nangangailangan ng mga itong sumailalim sa RT-PCR test.","Ani Bautista, sa Hong Kong ay bukas sila sa mga bisitang mula sa China ngunit kinakailangan ng mga itong sumailalim sa RT-PCR test."
Napanalunan siya sa 12 Weeks ni Direk Anna Isabelle Matutina.,Nanalo siya sa 12 Weeks ni Direk Anna Isabelle Matutina.
"Base sa pag-aaral ng World Health Organization, posibleng sanhi din ng microcephaly ang malnutrition at pagkakaroon ng impeksiyon habang ipinagbubuntis ang bata.","Base sa pag-aaral ng World Health Organization, posibleng sanhi rin ng microcephaly ang malnutrition at pagkakaroon ng impeksiyon habang ipinagbubuntis ang bata."
"Ayon kay Roque, sinasabi mismo ni Duterte sa publiko na kaibigan niya si Aquino bagaman at hindi isang malapit na kaibigan at sinuportahan niya ito noong 2010 presidential elections.","Ayon kay Roque, sinabi mismo ni Duterte sa publiko na kaibigan niya si Aquino bagaman at hindi isang malapit na kaibigan at sinuportahan niya ito noong 2010 presidential elections."
"At first nung nagstart kami mag-taping nangangapa-ngapa pa kami sa mga character pero sa kalagitnaan dun na namin nakita na ok yung dynamics namin, ani Leizel Lopez.","At first nung nag-start kami mag-taping nangangapa-ngapa pa kami sa mga character pero sa kalagitnaan dun na namin nakita na ok yung dynamics namin, ani Leizel Lopez."
"Hinaing ng Saudi Oger Claimants, bakit nauna pang asikasuhin ang pagpapadala ng OFWs sa KSA gayung wala pa umanong linaw ang tungkol sa kanilang claims na umabot sa mahigit P4 bilyon halaga tungkol sa hindi nila natatanggap na sahod at benepisyo.","Hinaing ng Saudi Oger Claimants, bakit nauna pang asikasuhin ang pagpapadala ng OFWs sa KSA gayung wala pa umanong linaw ang tungkol sa kanilang claims na aabot sa mahigit P4 bilyon halaga tungkol sa hindi nila natatanggap na sahod at benepisyo."
Hinikayat din naman niya ang mga pasahero na kaagad i-report sa kanilang tanggapan kung may nalalaman silang mga abusadong drivers na naniningil ng sobra-sobrang pasahero.,Hinikayat din naman niya ang mga pasahero na kaagad na i-report sa kanilang tanggapan kung may nalalaman silang mga abusadong drivers na naniningil ng sobra-sobrang pasahero.
Agarang rin natin nakipag-coordinate sa Nagsaing Elementary School.,Agarang din natin nakipag-coordinate sa Nagsaing Elementary School.
Nang itulak naman ng isang netizen na kung tinakbo bilang pangulo si Robredo ay tumakbo ang anak niya na gobernadora.,Nang itulak naman ng isang netizen na kung tatakbo bilang pangulo si Robredo ay tumakbo ang anak niya na gobernadora.
Una nang nanawagan ang mambabatas na iprayoridad rin sa COVID-19 vaccine rollout ang Mindanao at Visayas na mataas ang kaso ng infection sa halip na magpokus lang sa Metro Manila.,Una nang nanawagan ang mambabatas na iprayoridad din sa COVID-19 vaccine rollout ang Mindanao at Visayas na mataas ang kaso ng infection sa halip na magpokus lang sa Metro Manila.
"Matapos na mapuruhan ang kapitana, mabilis na tumakas ang suspek gamit ang motorsiklo na dala nang isang naghihintay na kasabwat.","Matapos na mapuruhan ang kapitana, mabilis na tumakas ang suspek gamit ang motorsiklo na dala ng isang naghihintay na kasabwat."
"Sa ulat ni Mae Bermudez sa GMA News ""Unang Balita"" nitong Lunes, sinabing mangyayari ang krimen sa Barangay 146 dakong 1:00 am.","Sa ulat ni Mae Bermudez sa GMA News ""Unang Balita"" nitong Lunes, sinabing nangyari ang krimen sa Barangay 146 dakong 1:00 am."
"Ilang lugar sa National Capital Region ang nakaranas ng pagbaha bunga ng malakas pagbuhos ng ulan, kahapon dulot ng epekto ng Southwest Moonsoon na pinalakas ng Tropical Depression É??EsterÉ?? na naapektuhan ang western sections ng Central at Southern Luzon kabilang ang Metro Manila.","Ilang lugar sa National Capital Region ang nakaranas ng pagbaha bunga ng malakas na pagbuhos ng ulan, kahapon dulot ng epekto ng Southwest Moonsoon na pinalakas ng Tropical Depression É??EsterÉ?? na naapektuhan ang western sections ng Central at Southern Luzon kabilang ang Metro Manila."
"Hindi ko rin alam kung anong nangyari, kasi supposedly ibinibigay 'yan sa akin ng ibang tao na, hindi na 'yung kausap ko, sabi ng suspek.","Hindi ko rin alam kung anong nangyari, kasi supposedly ibinigay 'yan sa akin ng ibang tao na, hindi na 'yung kausap ko, sabi ng suspek."
"Personal din na tinanggap ni John Arcilla ang kanyang award nagbibilang A-list awardee at tumanggap din siya ng Camera Obscura Award at inalay niya ang kanyang tagumpay sa lahat ng gumabay sa kanya sa industriya, at sa mga tumulong na makamit niya ang tagumpay sa Venice Film Festival bilang Volpi Cup Best Actor.","Personal din na tinanggap ni John Arcilla ang kanyang award bilang A-list awardee at tumanggap din siya ng Camera Obscura Award at inalay niya ang kanyang tagumpay sa lahat ng gumabay sa kanya sa industriya, at sa mga tumulong na makamit niya ang tagumpay sa Venice Film Festival bilang Volpi Cup Best Actor."
"Kaya sasabihin ko nga, sana dahil mature na iyon iba para habang buhay pa ako, mauna na sila para konti na lang maiwan.","Kaya sabi ko nga, sana dahil mature na iyon iba para habang buhay pa ako, mauna na sila para konti na lang maiwan."
"Hingi siya not just para mapaingay lang É??yung teleserye or what, pero kailangan talaga ang sobrang init na love scenes.","Hinihingi siya not just para mapaingay lang É??yung teleserye or what, pero kailangan talaga ang sobrang init na love scenes."
Ngayong buwan lang ng sabihin ni incoming Justice Secretary Cavite Rep.,Ngayong buwan lang nang sabihin ni incoming Justice Secretary Cavite Rep.
"Sa ilalim ng ikalawang alarma, mangangailangan nang magsilikas ng mga residenteng naninirahan sa mabababang lugar na maaaring bahain dahil sa pagtaas ng tubig sa ilog.","Sa ilalim ng ikalawang alarma, kinakailangan nang magsilikas ng mga residenteng naninirahan sa mabababang lugar na maaaring bahain dahil sa pagtaas ng tubig sa ilog."
Nagdesisyon rin siyang ibenta ang lahat ng kanyang kagamitan sa Pilipinas bago ito tuluyang lumipad pa-New York.,Nagdesisyon din siyang ibenta ang lahat ng kanyang kagamitan sa Pilipinas bago ito tuluyang lumipad pa-New York.
"Dahil dito, sinabihan umano ng biktima na nagnanakaw ng niyog ang suspek dahilan para magtalo ang dalawa hanggang sa bumunot ng itak-ang suspek at pinagtataga sa mukha, ulo, katawan at kamay ang biktima na agarang nasawi.","Dahil dito, sinabihan umano ng biktima na nagnanakaw ng niyog ang suspek dahilan para magtalo ang dalawa hanggang sa bumunot ng itak ang suspek at pinagtataga sa mukha, ulo, katawan at kamay ang biktima na agarang nasawi."
Nilinaw ngBJMP na ang pagdalaw ay naka-schedule depende sa dor mitoryo ng mga preso.,Nilinaw ngBJMP na ang pagdalaw ay naka-schedule depende sa dormitoryo ng mga preso.
Bukod dito maaari din maharap sa É??double whammyÉ?ù ang bansa dahil sa posibleng surge sa mga kaso ng COVID-19 gayundin sa epekto ng pananakop ng Russia sa Ukraine.,Bukod dito maaari din maharap sa É??double-whammyÉ?ù ang bansa dahil sa posibleng surge sa mga kaso ng COVID-19 gayundin sa epekto ng pananakop ng Russia sa Ukraine.
"Kapag hindi darating ang frontliner sayang ang vaccine, paliwanag pa ng alkalde.","Kapag hindi dumating ang frontliner sayang ang vaccine, paliwanag pa ng alkalde."
"Halaga nang pandemic supplies mula sa Pharmally, isang kompanyang mayroon lang P625,000 capital.","Halaga ng pandemic supplies mula sa Pharmally, isang kompanyang mayroon lang P625,000 capital."
Gusto nilang magtravel pa nang mag-travel kaya wala muna sa plano nila ang magka-baby.,Gusto nilang mag-travel pa nang mag-travel kaya wala muna sa plano nila ang magka-baby.
Umaasa si Angeline na makapagbibigay din ng bagong negosyo para sa mga kababayang nasa bahay lamang.,Umaasa si Angeline na makapagbibigay rin ng bagong negosyo para sa mga kababayang nasa bahay lamang.
"Kuwento ng apo ng biktima na si Kate Ashley Roxas,13-anyos, nakaramdam sila ng mainit na hangin at nangangamoy sunog kaya lumabas siya ng bahay at dito na niya nakita ang bahay ng kanyang lola na nagliliyab at magisa lamang ito maliban sa mga kasamang alagang aso at pusa.","Kuwento ng apo ng biktima na si Kate Ashley Roxas,13-anyos, nakaramdam sila ng mainit na hangin at nangangamoy sunog kaya lumabas siya ng bahay at dito na niya nakita ang bahay ng kanyang lola na nagliliyab at mag-isa lamang ito maliban sa mga kasamang alagang aso at pusa."
Fu for Pilipino Star Ngayon ay palagi lang niyang naririnig na binabanggit ang name mo at hindi ka naman daw nagpapakita on on camera.,Fu for Pilipino Star Ngayon ay palagi lang niyang naririnig na binabanggit ang name mo at hindi ka naman daw nagpapakita on camera.
Umaasa naman si Legazpi Bishop Joel Baylon na mapagtatanto ng salarin na mali ang ginagawa nito sa mga imahen.,Umaasa naman si Legazpi Bishop Joel Baylon na mapagtatanto ng salarin na mali ang ginawa nito sa mga imahen.
"Ayon sa pulisya, gagamitin nila ang RFID sticker para matukoy ang mayari ng kotse.","Ayon sa pulisya, gagamitin nila ang RFID sticker para matukoy ang may-ari ng kotse."
Inanunsyo ni Marikina City mayor Marcy Teodoro na pinag-usapan ang mga alkalde nitong Miyerkoles ng gabi at dito umano nagpahayag ang karamihan na nais nilang ipataw ang GCQ simula Sabado.,Inanunsyo ni Marikina City mayor Marcy Teodoro na nag-usap ang mga alkalde nitong Miyerkoles ng gabi at dito umano nagpahayag ang karamihan na nais nilang ipataw ang GCQ simula Sabado.
Kasunod ito ng inilabas ng Bloomberg na pang111 ang Pilipinas sa buong mundo ng may pinakamaraming namatay sa COVID-19.,Kasunod ito ng inilabas ng Bloomberg na pang-111 ang Pilipinas sa buong mundo ng may pinakamaraming namatay sa COVID-19.
"Sa Mabuting Balita (Marcos 1:40-45), hangad ni Hesus na gumaling ang isang ketongin na nagmamakaawa at naninikluhod na lapit sa kaniya para hilingin na siya ay gumaling sa kaniyang karamdaman.","Sa Mabuting Balita (Marcos 1:40-45), hangad ni Hesus na gumaling ang isang ketongin na nagmamakaawa at naninikluhod na lumapit sa kaniya para hilingin na siya ay gumaling sa kaniyang karamdaman."
"Ayon sa pulisya na base sa tatak ng trak na É??Kibungan vegetable dealerÉ?ù iginaling umano ito sa Sagpat, Kibungan at papunta sana sa La Trinidad.","Ayon sa pulisya na base sa tatak ng trak na É??Kibungan vegetable dealerÉ?ù galing umano ito sa Sagpat, Kibungan at papunta sana sa La Trinidad."
Una ng sinabi ni presidential spokesperson Harry Roque na posibleng palawigin ang nasabing travel ban.,Una nang sinabi ni presidential spokesperson Harry Roque na posibleng palawigin ang nasabing travel ban.
"Sinasabi ni Drilon, nagdeklara ng pekeng mga address ang mga opisyal ng Pharmally.","Sabi ni Drilon, nagdeklara ng pekeng mga address ang mga opisyal ng Pharmally."
Sinuportahan naman ni A?Òo ang FDA at sinabing makikipagtulungan sa kanila sa pamamagitan ng paglalabas ng memorandum circular sa LGUs upang pigilan ang pagbebenta ng mga kagagamot sa mga establisyamentong hindi otorisado.,Sinuportahan naman ni A?Òo ang FDA at sinabing makikipagtulungan sa kanila sa pamamagitan ng paglalabas ng memorandum circular sa LGUs upang pigilan ang pagbebenta ng mga gamot sa mga establisyamentong hindi otorisado.
Subalit aniya kung may parusang bitay tiyak magkakaroon ang mga ito ng takot o magdalawang-isip bago kagagawa ng karumaldumal na krimen.,Subalit aniya kung may parusang bitay tiyak magkakaroon ang mga ito ng takot o magdalawang-isip bago gumawa ng karumaldumal na krimen.
Plano rin umano ng administrasyon na kinuha ng $9.2.,Plano rin umano ng administrasyon na kumuha ng $9.2.
Sinasabi ng DFA official na magandang oportunidad ang nakatakdang pagbisita ni Harris sa bansa dahil mas lalong iigting ang ugnayan ng Pilipinas at Amerika.,Sinabi ng DFA official na magandang oportunidad ang nakatakdang pagbisita ni Harris sa bansa dahil mas lalong iigting ang ugnayan ng Pilipinas at Amerika.
Habang ang kanilang ina ay tinatrabaho sa Maynila.,Habang ang kanilang ina ay nagtatrabaho sa Maynila.
"Kasi kadalasan 'yung amin pong katutubo, ang nagiging asawa namin, kapwa naming katutubo, hindi po kagaya nila.""","Kasi kadalasan 'yung amin pong katutubo, ang nagiging asawa namin, kapwa naming katutubo, hindi po 'yung kagaya nila."""
Sana mahalin nyo rin ako tulad ng pag aalaga sa akin ng aking Manager at nag bigay ng tiwala at opportunidad nakakita nya para sa aking Karera.,Sana mahalin nyo rin ako tulad ng pag aalaga sa akin ng aking Manager at nag bigay ng tiwala at opportunidad nakikita nya para sa aking Karera.
Sobrang sarap umano sa pakiramdam ng aktres dahil tinangkilik ng mga kanonood ang kanyang kauna-unahang proyekto sa ABS-CBN.,Sobrang sarap umano sa pakiramdam ng aktres dahil tinangkilik ng mga manonood ang kanyang kauna-unahang proyekto sa ABS-CBN.
"Gayunman, pinapaalalahan pa rin ng DFA ang mga Pinoy sa Iraq na magpapatuloy na mag-ingat at mapagmatyag.","Gayunman, pinapaalalahan pa rin ng DFA ang mga Pinoy sa Iraq na patuloy na mag-ingat at mapagmatyag."
"Samantala, ang Go Bong Go Coalition ay naglunsad naman sa Caloocan City aktibidad na dinaluhan ng daan-daang tagasuporta ng senador.","Samantala, ang Go Bong Go Coalition ay naglunsad naman sa Caloocan City ng aktibidad na dinaluhan ng daan-daang tagasuporta ng senador."
Napag-alam na yumao na ang ama ng makapatid at ang ina at lola nila ang nagaalaga sa kanila.,Napag-alam na yumao na ang ama ng makapatid at ang ina at lola nila ang nag-aalaga sa kanila.
Sana nga ay si Sam ang lucky man sa buhay ni Rhian.,Sana nga ay si Sam na ang lucky man sa buhay ni Rhian.
Matapos mabilhan ang suspek ng police poseur buyer ng 2-plastic sachet ng umanoy shabu ay naghinala na pulis ang kanyang ka deal hanggang sa bumunot ng baril at ipinutok sa buyer pero sumablay.,Matapos mabilhan ang suspek ng police poseur buyer ng 2-plastic sachet ng umanoy shabu ay naghinala na pulis ang kanyang ka-deal hanggang sa bumunot ng baril at ipinutok sa buyer pero sumablay.
Pinatotohanan ito ni IC may nagtanong nito sa kanyang TikTok live kahapon.,Pinatotohanan ito ni IC nang may nagtanong nito sa kanyang TikTok live kahapon.
"Ayon kay Tabanera, siya raw mismo ang nag-arrange nang version na ito ng iconic Sinulog theme song.","Ayon kay Tabanera, siya raw mismo ang nag-arrange ng version na ito ng iconic Sinulog theme song."
Inasahan si AiAi na patuloy na mabibiyayaan ng pagmamahal at saya ang kanilang pagsasama ni Gerald.,Umaasa si AiAi na patuloy na mabibiyayaan ng pagmamahal at saya ang kanilang pagsasama ni Gerald.
"Sa Los Angeles, humugot si Jaylen Brown ng apat na puntos sa kanyang 40 points sa huling minuto minuto para banderahan ang Boston Celtics (30-26) sa 121-113 paggupo sa nagdedepensang Lakers.","Sa Los Angeles, humugot si Jaylen Brown ng apat na puntos sa kanyang 40 points sa huling minuto para banderahan ang Boston Celtics (30-26) sa 121-113 paggupo sa nagdedepensang Lakers."
Tumakas tumakas naman ang mga salarin sakay ng motorsiklo.,Tumakas naman ang mga salarin sakay ng motorsiklo.
Nasa kalagitnaan na ng kalye ang motorsiklo na sakay ng biktima nang biglang sumulpot ang humaharurot na motorsiklo mula sa highway at sinalpok ang mga biktima.,Nasa kalagitnaan na ng kalye ang motorsiklo na sinasakyan ng biktima nang biglang sumulpot ang humaharurot na motorsiklo mula sa highway at sinalpok ang mga biktima.
"Maliwanag din naman nilang magsasabi na kahit mabakunahan ka na, kung senior ka, lockdown ka pa rin sa bahay.","Maliwanag din naman nilang sinasabi na kahit mabakunahan ka na, kung senior ka, lockdown ka pa rin sa bahay."
"Sa halip, gusto raw niyangsiya mismo ang kahaharap sa media.","Sa halip, gusto raw niyangsiya mismo ang humarap sa media."
"Sinabi ni Corporal Rosaleo Lauron, traffic investigator ng Mabolo Police Station, bukod sa mabilis na takbo, tinangka ni Paparacio na lagpasan ang green light sa kanto kanto ng Juan Luna Avenue at Serging Osme?Òa Boulevard ngunit nabigo ito.","Sinabi ni Corporal Rosaleo Lauron, traffic investigator ng Mabolo Police Station, bukod sa mabilis na takbo, tinangka ni Paparacio na lagpasan ang green light sa kanto ng Juan Luna Avenue at Serging Osme?Òa Boulevard ngunit nabigo ito."
"So É??yun ang sagot ni Mayor, this is voluntary, kaya kung halimbawaÉ??t voluntary naman talaga, e palagay ko hindi naman siguro malabag, dahil kung halimbawat sabihin mo na Mayor É??wag kayong maglagay riyan, anyway naka lockdown na kami, nakabantay na ano,É?? so yun naman yung sagot agad ni Mayor diyan, ayon pa kay Di?Òo, sa isang panayam sa telebisyon.","So É??yun ang sagot ni Mayor, this is voluntary, kaya kung halimbawaÉ??t voluntary naman talaga, e palagay ko hindi naman siguro malabag, dahil kung halimbawat sabihin mo na Mayor É??wag kayong maglagay riyan, anyway naka-lockdown na kami, nakabantay na ano,É?? so yun naman yung sagot agad ni Mayor diyan, ayon pa kay Di?Òo, sa isang panayam sa telebisyon."
"Tubong Iloilo City si Rabiya, na patuloy na gumagawa ng ingay sa kaniyang magagandang photo shoot at at kasalukuyan nang nasa Amerika para sa pre-pageant activities ng Miss Universe.","Tubong Iloilo City si Rabiya, na patuloy na gumagawa ng ingay sa kaniyang magagandang photo shoot at kasalukuyan nang nasa Amerika para sa pre-pageant activities ng Miss Universe."
Aminado din si Lewis na may mga posibilidad ng mutation ng virus sa pagtuloy na paglilipat-lipat nito.,Aminado rin si Lewis na may mga posibilidad ng mutation ng virus sa pagtuloy na paglilipat-lipat nito.
Nagrekomenda ang mga nagsagawa ng pagaaral na lagyan ng mekanismo ang mga Wi-Fi chip para maging iba-iba ang response time ng mga ito at maging inaccurate ang mga device gaya ng Wi-Peep.--.,Nagrekomenda ang mga nagsagawa ng pag-aaral na lagyan ng mekanismo ang mga Wi-Fi chip para maging iba-iba ang response time ng mga ito at maging inaccurate ang mga device gaya ng Wi-Peep.--.
"Katulad 'yung mga wish ko na maging successful ang mga pamangkin ko, nakatapos sila ng pag-aaral at saka nagkaroon sila ng magandang buhay , ng Barangay Kagawad na si Teresita Figuracion.","Katulad 'yung mga wish ko na maging successful ang mga pamangkin ko, nakatapos sila ng pag-aaral at saka nagkaroon sila ng magandang buhay, ng Barangay Kagawad na si Teresita Figuracion."
At mabilis na napaamin ang dating opisyal ng gobyerno dahil nga kailangan na niyang ipagtanggol si Kris sa mga bashers lalo na sa netizen na tinawag pang É??narcissisticÉ?ù ang TV host actress at sinabihan pang i-delete na niya ang kanyang social media accounts para maging É??fairÉ?ù kay Sarmiento.,At mabilis na napaamin ang dating opisyal ng gobyerno dahil nga kailangan na niyang ipagtanggol si Kris sa mga bashers lalo na sa netizen na tinawag pang É??narcissisticÉ?ù ang TV host-actress at sinabihan pang i-delete na niya ang kanyang social media accounts para maging É??fairÉ?ù kay Sarmiento.
Mag-uunahan sa 2-1 lead ang magkaribal na Magnolia at Barangay Ginebra habang target ng guest team-ang unang championship ticket laban sa San Miguel.,Mag-uunahan sa 2-1 lead ang magkaribal na Magnolia at Barangay Ginebra habang target ng guest team ang unang championship ticket laban sa San Miguel.
"Dahil dito, kahit kailan ay ay hindi niya hinalungkat ang cellphone ng kaniyang mister.","Dahil dito, kahit kailan ay hindi niya hinalungkat ang cellphone ng kaniyang mister."
Hindi na nila-idinetalye kung aware ba si Aki sa kung ano ang namagitang relasyon sa kanilang dalawa.,Hindi na nila idinetalye kung aware ba si Aki sa kung ano ang namagitang relasyon sa kanilang dalawa.
Nahirapan lang ako humugot na hindi siya natural sa akin kasi kawawala pang nangyari sa akin na ganon.,Nahirapan lang ako humugot na hindi siya natural sa akin kasi wala pang nangyari sa akin na ganon.
Mahirap ang naging kalagayan ni Moira dela Torre dahil dahil sa pagkakaroon ng PCOS o polycystic ovary syndrome.,Mahirap ang naging kalagayan ni Moira dela Torre dahil sa pagkakaroon ng PCOS o polycystic ovary syndrome.
"Papayagan silang dumalo papunta sa kaniyang paghihimlayan, pero hanggang gate na lamang kung dumami ang tao at hindi na kayanin nang kapasidad ng sementeryo.","Papayagan silang dumalo papunta sa kaniyang paghihimlayan, pero hanggang gate na lamang kung dumami ang tao at hindi na kayanin ng kapasidad ng sementeryo."
Percent ang rating rating ng guesting ni Sanya.,Percent ang rating ng guesting ni Sanya.
"Matagal-nang usap-usapang tatakbo si Robredo sa pagkapangulo sa 2022, gayunpaman wala pang pinal na anunsyo ang ikalawang pangulo hinggil dito.","Matagal nang usap-usapang tatakbo si Robredo sa pagkapangulo sa 2022, gayunpaman wala pang pinal na anunsyo ang ikalawang pangulo hinggil dito."
"Dahil sa mga lapses sa pagpapatupad ng social distancing sa nasabing lugar, sinibak ng DENR ground commander ng Manila Bay Task Force na si Jacob Meimban.","Dahil sa mga lapses sa pagpapatupad ng social distancing sa nasabing lugar, sinibak ng DENR ang ground commander ng Manila Bay Task Force na si Jacob Meimban."
Kumbaga lahat-ng desisyon niyo sa buhay as one talaga kayo kikilos.,Kumbaga lahat ng desisyon niyo sa buhay as one talaga kayo kikilos.
"Gaya ng ipinapatupad naming reporma sa kapulisan through our Intensified Cleanliness Policy, handa at seryoso ang inyong PNP na tumulong upang sawatain ito sa lalong madaling panahon upang hindi na lumala pa dahil kung sa ganitong estado pa lamang ay talamak na ang dayaan, walang mangyayari sa ating bansa sa kamay nang mga hindi tapat na pag asa ng bayan, dagdag nito.","Gaya ng ipinapatupad naming reporma sa kapulisan through our Intensified Cleanliness Policy, handa at seryoso ang inyong PNP na tumulong upang sawatain ito sa lalong madaling panahon upang hindi na lumala pa dahil kung sa ganitong estado pa lamang ay talamak na ang dayaan, walang mangyayari sa ating bansa sa kamay nang mga hindi tapat na pag-asa ng bayan, dagdag nito."
"Ayon sa biktima, matapos ang dalawang oras na masahe, humihingi umano ng ""extra service"" ang suspek.","Ayon sa biktima, matapos ang dalawang oras na masahe, humingi umano ng ""extra service"" ang suspek."
Nai-combine din nila ang tradisyong italyano at pinoy.,Nai-combine rin nila ang tradisyong italyano at pinoy.
"Kasabay nito, pumalo na sa 208,164 ang aktibong kaso nang naturang sakit sa bansa kanina É?? ang pinakamarami sa kasaysayan ng Pilipinas.","Kasabay nito, pumalo na sa 208,164 ang aktibong kaso ng naturang sakit sa bansa kanina É?? ang pinakamarami sa kasaysayan ng Pilipinas."
Ang project na ito ay nakuhang grant o sponsorship ng ibinibigay kay direk Brillante ng Hongkong International Film Festival.,Ang project na ito ay nakuhang grant o sponsorship ng ibinigay kay direk Brillante ng Hongkong International Film Festival.
"Feeling ko lang kasi after every project talaga, kailangan ko mag iba ng itsura para maiwan ko na rin yung character ko, paliwanag ni Glaiza.","Feeling ko lang kasi after every project talaga, kailangan ko mag-iba ng itsura para maiwan ko na rin yung character ko, paliwanag ni Glaiza."
"Sinang-ayunan yun ng marami, kung pinalaki ni Marjorie sa tamang disiplina ang kanyang mga anak ay wala sanang ganitong isyu laban sa kanila, kung ipinaunawa ni ya sa mga anak niya ang kahalagahan ng pagbibigay-respeto ay hindi sana sila binabato ng paghusga ngayon.","Sinang-ayunan yun ng marami, kung pinalaki ni Marjorie sa tamang disiplina ang kanyang mga anak ay wala sanang ganitong isyu laban sa kanila, kung ipinaunawa niya sa mga anak niya ang kahalagahan ng pagbibigay-respeto ay hindi sana sila binabato ng paghusga ngayon."
"Tanging si Alex Winston lamang ang nagtala ng double figures para sa Green Archers bitbit ang 27 puntos kasama ang tatlong steals, dalawang boards dalawang assists.","Tanging si Alex Winston lamang ang nagtala ng double figures para sa Green Archers bitbit ang 27 puntos kasama ang tatlong steals, dalawang boards at dalawang assists."
"Ano bang sikat na sikat siya, sa pangapat na tanong, babu na siya sa ere!","Ano bang sikat na sikat siya, sa pang-apat na tanong, babu na siya sa ere!"
"Dahil dito, dito, wala silang sapat na pera para mabayaran ang kanilang utang.","Dahil dito, wala silang sapat na pera para mabayaran ang kanilang utang."
Daan daang swimmers sa pangunguna ni national junior record holder Jasmine Mojdeh ang magpapasiklab sa two-day Luzon leg ng Finis Philippines sa pakikipag-ugnayan sa Bases Conversion and Development Authority.,Daan-daang swimmers sa pangunguna ni national junior record holder Jasmine Mojdeh ang magpapasiklab sa two-day Luzon leg ng Finis Philippines sa pakikipag-ugnayan sa Bases Conversion and Development Authority.
Siguro naman hindi ako lalabas kung alam ko na hindi handa o enough ang protection ng katawan ko.,Siguro naman hindi ako lalabas kung alam ko na hindi ako handa o enough ang protection ng katawan ko.
"Sa panayam ng GMA News, sabi ni Grasya na nakaramdam siya ng takot na baka dalhin siya sa madilim na lugar ng rider.","Sa panayam ng GMA News, sinabi ni Grasya na nakaramdam siya ng takot na baka dalhin siya sa madilim na lugar ng rider."
"Handa na rin daw si Angel sa buhay mayasawa, at isa nga raw sa bahagi ng paghahanda ay nasa proseso raw siya ngayon ng pagpapa-freeze ng eggs niya para sa binubuong pamilya nila ni Neil.","Handa na rin daw si Angel sa buhay may-asawa, at isa nga raw sa bahagi ng paghahanda ay nasa proseso raw siya ngayon ng pagpapa-freeze ng eggs niya para sa binubuong pamilya nila ni Neil."
"Iniulat rin ng NTC na hanggang nitong Enero 5, 2023, mayroon nang 14.86.","Iniulat din ng NTC na hanggang nitong Enero 5, 2023, mayroon nang 14.86."
"Ka ya sa nagmamahalan, walang tama o mali.","Kaya sa nagmamahalan, walang tama o mali."
Ang naturang hakbang ay bunsod ng sunod sunod na reklamo ng mga namimili dahilan upang kanilang ipagbigay inalam sa pamunuan ng nasabing pamilihan ang pandaraya umano sa kilohan ng ilang mga vendors.,Ang naturang hakbang ay bunsod ng sunod sunod na reklamo ng mga namimili dahilan upang kanilang ipagbigay alam sa pamunuan ng nasabing pamilihan ang pandaraya umano sa kilohan ng ilang mga vendors.
"As time goes on, makakakita ko na merong problema kasi itong death penalty anti-poor yan, paliwanag niya pa.","As time goes on, nakikita ko na merong problema kasi itong death penalty anti-poor yan, paliwanag niya pa."
"Santiago CITY, Isabela, Philippines É?? Isang padre de pamilya ang nagtangka umanong patayin ang apat na nanganak sa pamamagitan ng paglason sa kanila bago nagpakamataay ang una sa Barangay Abra ng lungsod na ito, kamakalawa.","Santiago CITY, Isabela, Philippines É?? Isang padre de pamilya ang nagtangka umanong patayin ang apat na anak sa pamamagitan ng paglason sa kanila bago nagpakamataay ang una sa Barangay Abra ng lungsod na ito, kamakalawa."
"Sa kasaysayan ng buhay at karera ng Superstar ay si Mamay Belen na kapatid ng kanyang ina ang naging talent scout niya, ito ang nagdala sa kanya sa Tawag Ng Tanghalan, ito rin ang naging mentor niya pagkanta dahil mahusay kumanta at gumitara si Mamay Belen.","Sa kasaysayan ng buhay at karera ng Superstar ay si Mamay Belen na kapatid ng kanyang ina ang naging talent scout niya, ito ang nagdala sa kanya sa Tawag Ng Tanghalan, ito rin ang naging mentor niya sa pagkanta dahil mahusay kumanta at gumitara si Mamay Belen."
Nakalimot nila na kasama nila ang solusyon (Jesus) sa kanilang problema na mayroong kakayahang punuan ang anumang kakulangan bastat magtiwala lamang sa Kaniya.,Nakalimutan nila na kasama nila ang solusyon (Jesus) sa kanilang problema na mayroong kakayahang punuan ang anumang kakulangan bastat magtiwala lamang sa Kaniya.
Ayon naman sa isang malapit sa actress baka naman bet lang din ni Gretchen na magsocial media break para matutukan ang pag-aalaga sa kanyang Mommy Inday na hanggang ngayon daw ay naka-confine sa isang hospital sa Makati.,Ayon naman sa isang malapit sa actress baka naman bet lang din ni Gretchen na mag-social media break para matutukan ang pag-aalaga sa kanyang Mommy Inday na hanggang ngayon daw ay naka-confine sa isang hospital sa Makati.
Hindi ko talaga ginagawa itong pole dancing at chair pero for a change gawa ko.,Hindi ko talaga ginagawa itong pole dancing at chair pero for a change ginawa ko.
"Ever since yata ang laging nauuna na magbigay ng Christmas gift, September pa lang nagpapadala na ako.","Ever since ako yata ang laging nauuna na magbigay ng Christmas gift, September pa lang nagpapadala na ako."
"Ayon sa isa pang reliable source na napagtanungan namin, winala raw kinalaman si Alex Gonzaga sa statement na ginawa ni Allan Crisostomo.","Ayon sa isa pang reliable source na napagtanungan namin, wala raw kinalaman si Alex Gonzaga sa statement na ginawa ni Allan Crisostomo."
"Sa inagurasyon at turnover ceremony ng naturang ika-13th health center na in-upgrade sa pamamagitan ng naturang partnership, pinasalamatan din ni SMFI Executive Director for Medical Programs Connie Angeles ang mga local medical frontliners at binigyang-diin ang kahalagahan nang pagsusulong ng accessible, quality, at patient- at family centered care upang mabawasan ang hospital congestion at makamit ang mas mahusay na resulta ng pangangalaga sa kalusugan.","Sa inagurasyon at turnover ceremony ng naturang ika-13th health center na in-upgrade sa pamamagitan ng naturang partnership, pinasalamatan din ni SMFI Executive Director for Medical Programs Connie Angeles ang mga local medical frontliners at binigyang-diin ang kahalagahan nang pagsusulong ng accessible, quality, at patient- at family-centered care upang mabawasan ang hospital congestion at makamit ang mas mahusay na resulta ng pangangalaga sa kalusugan."
"Umabante rin ang Sista Super Sealers sa quarters sa Pool B mula sa 22-19 at 21-20 napanalunan sa Platinum Karaoke at San Miguel Beermen, ayon sa pagkakasunod, para sa kanilang 2-0 kartada.","Umabante rin ang Sista Super Sealers sa quarters sa Pool B mula sa 22-19 at 21-20 panalo sa Platinum Karaoke at San Miguel Beermen, ayon sa pagkakasunod, para sa kanilang 2-0 kartada."
Diumano ay naibenta nito ang kanyang property ng dalawang beses.,Diumano ay naibenta nito ang kanyang property nang dalawang beses.
"Dagdag pa niya, hindi totoo ang mga ipinaparatang sa kanya ng mga kinauukulan at gumawa lang daw ito para ""sirain"" ang kanyang pagkatao at idiskaril ang mga pagsusumikap na palakasin at linisin ang KWF.","Dagdag pa niya, hindi totoo ang mga ipinaparatang sa kanya ng mga kinauukulan at ginagawa lang daw ito para ""sirain"" ang kanyang pagkatao at idiskaril ang mga pagsusumikap na palakasin at linisin ang KWF."
Bukod naman sa pasabog na birthday number ni Kim ay ipinakilala din ang Fearless Diva na si Jona bilang bagong hurado sa Tawag ng Tanghalan.,Bukod naman sa pasabog na birthday number ni Kim ay ipinakilala rin ang Fearless Diva na si Jona bilang bagong hurado sa Tawag ng Tanghalan.
"Samantala, dahil sa kaniyang edad, ipinagkaloob kay Lola Leonora ang cash incentive na P100,000, na bukod sa pinansiyal na tulong na ibinigay ng national government sa mga centenarian.","Samantala, dahil sa kaniyang edad, ipinagkaloob kay Lola Leonora ang cash incentive na P100,000, na bukod sa pinansiyal na tulong na ibinibigay ng national government sa mga centenarian."
"Mula nang magsama uli kami, maraming naituwid-na tama sa buhay ko.","Mula nang magsama uli kami, maraming naituwid na tama sa buhay ko."
"Ayon kay Mayor Esterlina Aguinaldo, sa kabila ng mahigpit nilang pagpapatupad sa mga healt h protocols ay dumami pa rin ang mga nagpopositibo sa nasabing virus kung saan naitala na rin ng kanilang bayan ang unang death case.","Ayon kay Mayor Esterlina Aguinaldo, sa kabila ng mahigpit nilang pagpapatupad sa mga health protocols ay dumami pa rin ang mga nagpopositibo sa nasabing virus kung saan naitala na rin ng kanilang bayan ang unang death case."
Sumemplang ang motorsiklo ng patakas na gunman habang hina habol siya ng mga residente.,Sumemplang ang motorsiklo ng patakas na gunman habang hinahabol siya ng mga residente.
"Ang latest na nabalitaan-namin, nakabuo na raw ito.","Ang latest na nabalitaan namin, nakabuo na raw ito."
Nahuli-cam pa ang insidente nang malaglag mula sa umiikot na swing ang-biktima at tumama sa mga barikada.,Nahuli-cam pa ang insidente nang malaglag mula sa umiikot na swing ang biktima at tumama sa mga barikada.
Kaya parang deja vu raw talaga ang mga naganap kina Paolo at LJ dahil in a nutshell ganito rin ang mga sabi ni LJ kay tito Boy.,Kaya parang deja vu raw talaga ang mga naganap kina Paolo at LJ dahil in a nutshell ganito rin ang mga sinabi ni LJ kay tito Boy.
"Habang nagwo-workout si Melody at ang mga kapatid niya kasama ang iba pang yaya sa bahay ni PGA (President Glenn Acosta na ginagampanan ni Gabby Concepcion), nakita niya si PGA na nakatingin Lorraine.","Habang nagwo-workout si Melody at ang mga kapatid niya kasama ang iba pang yaya sa bahay ni PGA (President Glenn Acosta na ginagampanan ni Gabby Concepcion), nakita niya si PGA na nakatingin kay Lorraine."
"Marami ang nagsasabing dahil-nga sa pagkakasara ng mga sinehan nang mahigit isang taon na, at maaaring magtagal pa, tiyak na may problema na rin ang kanilang equipment.","Marami ang nagsasabing dahil nga sa pagkakasara ng mga sinehan nang mahigit isang taon na, at maaaring magtagal pa, tiyak na may problema na rin ang kanilang equipment."
"Sa ilalim ng kasalukuyang batas, ang kahalayan nilalabanan sa isang menor-de-edad na wala pang 12 taong gulang ay parurusahan ng reclusion temporal habang ang parehong gawa laban sa isang bata na higit sa 12 taong gulang ngunit wala pang 18 taong gulang ay parurusahan ng reclusion temporal sa katamtamang panahon nito sa reclusion perpetua.","Sa ilalim ng kasalukuyang batas, ang kahalayan laban sa isang menor-de-edad na wala pang 12 taong gulang ay parurusahan ng reclusion temporal habang ang parehong gawa laban sa isang bata na higit sa 12 taong gulang ngunit wala pang 18 taong gulang ay parurusahan ng reclusion temporal sa katamtamang panahon nito sa reclusion perpetua."
"Iyan ay sa kabila nang katotohanan na maraming mga doctor, nurse, professors at kung anu-ano pang ibang professional na Pinoys na nasa ibang bansa.","Iyan ay sa kabila ng katotohanan na maraming mga doctor, nurse, professors at kung anu-ano pang ibang professional na Pinoys na nasa ibang bansa."
Maraming mga eksena umano ang ang hinding-hindi makalilimutan ng tatlong bida ng pinag-uusapang serye.,Maraming mga eksena umano ang hinding-hindi makalilimutan ng tatlong bida ng pinag-uusapang serye.
"Sa naturang putukan, kapansin-pansin ang isang lumaki na nakasuot ng itim na damit na nakatayo at malapit sa driver side habang nangyayari ang barilan.","Sa naturang putukan, kapansin-pansin ang isang lalaki na nakasuot ng itim na damit na nakatayo at malapit sa driver side habang nangyayari ang barilan."
"Sa totoo lang may times na magkaaway kami pero kailangan as a loveteam sweet sweetan kami, natatawang sabi ni Kris.","Sa totoo lang may times na magkaaway kami pero kailangan as a loveteam sweet-sweetan kami, natatawang sabi ni Kris."
Dating taga-ABS-CBN rin si Atom gaya ni Zen bago lumipat sa GMA-7 taong 2017.,Dating taga-ABS-CBN din si Atom gaya ni Zen bago lumipat sa GMA-7 taong 2017.
Palagi-naming naririnig É?? sayang daw ang boto sa mas kuwalipikado dahil baka hindi lang manalo.,Palagi naming naririnig É?? sayang daw ang boto sa mas kuwalipikado dahil baka hindi lang manalo.
Kaagad na umuwi ang ina para iligtas ang mga anak pero mabilis umanong inilaki ang apoy at hindi na nasagip ang magkakapatid.,Kaagad na umuwi ang ina para iligtas ang mga anak pero mabilis umanong lumaki ang apoy at hindi na nasagip ang magkakapatid.
Ipinaalala rin niya na ang tagumpay-laban sa COVID-19 ay hindi lang nakasalalay sa pamahalaan ngunit sa lahat ng Pilipino na susunod sa mga panuntunan at didisiplinahin ang mga sarili.,Ipinaalala rin niya na ang tagumpay laban sa COVID-19 ay hindi lang nakasalalay sa pamahalaan ngunit sa lahat ng Pilipino na susunod sa mga panuntunan at didisiplinahin ang mga sarili.
"Oo, labas tayo sa decision lalu na kung economics ang paguusapan.","Oo, labas tayo sa decision lalu na kung economics ang pag-uusapan."
Kakailanganin aniya na higpitan pa ng gobyerno ang pagbantay laban sa smuggling.,Kinakailangan aniya na higpitan pa ng gobyerno ang pagbantay laban sa smuggling.
"Dati na rin siyang naging isa sa mga hosts ng palatuntunang ""The Buzz"" sa ABS-CBN noong 1999 hanggang kalilipat sa ""Startalk"" ng karibal na GMA mula 2008 hanggang 2015.","Dati na rin siyang naging isa sa mga hosts ng palatuntunang ""The Buzz"" sa ABS-CBN noong 1999 hanggang lumipat sa ""Startalk"" ng karibal na GMA mula 2008 hanggang 2015."
"Binigyan-pansin sa pagsusuri ng grupo ang pagsandal ng Japan sa mga migranteng manggagawa dahil sa bumababa-nitong populasyon,ayon sa ulat ng Reuters.","Binigyan-pansin sa pagsusuri ng grupo ang pagsandal ng Japan sa mga migranteng manggagawa dahil sa bumababa nitong populasyon,ayon sa ulat ng Reuters."
"Sa sumunod na buwan daw, mayroon nang sasailalim sa operasyon.","Sa susunod na buwan daw, mayroon nang sasailalim sa operasyon."
Aba eh kung hindi siya magbo-bold wa la na siyang pag-asa.,Aba eh kung hindi siya magbo-bold wala na siyang pag-asa.
"Samantala, matindi din ang ipapalit sa Maria Clara at Ibarra, itong Mga Lihim ni Urduja na magsisimula na sa Feb.","Samantala, matindi rin ang ipapalit sa Maria Clara at Ibarra, itong Mga Lihim ni Urduja na magsisimula na sa Feb."
Nagluluksa ngayon ang Simbahang Katoliko sa bansa makaraang pumanaw ang kura paroko nang San Agustin Church dahil sa COVID-19 habang nasawi rin ang madre na siyang É??utakÉ?ù ng pamosong ube jam sa Baguio City.,Nagluluksa ngayon ang Simbahang Katoliko sa bansa makaraang pumanaw ang kura paroko ng San Agustin Church dahil sa COVID-19 habang nasawi rin ang madre na siyang É??utakÉ?ù ng pamosong ube jam sa Baguio City.
É??importante na ma-empower ang mga kababaihan-at lahat ng tao sa financial literacy.,É??Importante na ma-empower ang mga kababaihan at lahat ng tao sa financial literacy.
"Umaabot sa 65 tiwaling mga pulis ang nasibak sa serbisyo sa Central Luzon sa loob nang dalawang taon, ayon sa ulat kahapon.","Umaabot sa 65 tiwaling mga pulis ang nasibak sa serbisyo sa Central Luzon sa loob ng dalawang taon, ayon sa ulat kahapon."
"Karangalan din ng Pangulo na-magkaroon ng Imperial Audience kasama ang kanilang mga Majesties, na sina Emperor Naruhito at Empress Masako.","Karangalan din ng Pangulo na magkaroon ng Imperial Audience kasama ang kanilang mga Majesties, na sina Emperor Naruhito at Empress Masako."
"Kahit na panay ang biro ni Ate Vi (Vilma Santos) na mahigit isang taon siyang hindi lumalabas ng bahay dahil sa COVID restrictions, nang makita naman siya ng publiko noong isang araw sa celebration ng Bagong Lipa, marami ang nagsasabing ang hitsura niya ay nawawala pang trenta.","Kahit na panay ang biro ni Ate Vi (Vilma Santos) na mahigit isang taon siyang hindi lumalabas ng bahay dahil sa COVID restrictions, nang makita naman siya ng publiko noong isang araw sa celebration ng Bagong Lipa, marami ang nagsasabing ang hitsura niya ay wala pang trenta."
Hindi pa naman inilalabas ang pangalan ng iba pang biktima hanggang hindi sila positibong kinilala ng kanilang mga kamag-anak.,Hindi pa naman inilalabas ang pangalan ng iba pang biktima hanggang hindi sila positibong kinikilala ng kanilang mga kamag-anak.
Isang virtual media conference gaganapin.,Isang virtual media conference ang gaganapin.
"Nakakahiya raw ang ginawa niya, basta na lang daw niya nilayasan ang unit ng putol na ang ilaw at tubig, napakarumi pa.","Nakakahiya raw ang ginawa niya, basta na lang daw niya nilayasan ang unit nang putol na ang ilaw at tubig, napakarumi pa."
Hulihin po natin ang mga lalabagin sa batas na ito.,Hulihin po natin ang mga lumalabag sa batas na ito.
Hinihinalang nagmula sa mag ina na amo nito ang virus makaraang una silang magpositibo.,Hinihinalang nagmula sa mag-ina na amo nito ang virus makaraang una silang magpositibo.
"Ito ay dahil hindi natutupad ang mga pangako nito at naging dagdag na pasanin pasanin lamang ito sa ating mga magulang at mga mag-aaral, wika ni Sen.","Ito ay dahil hindi natutupad ang mga pangako nito at naging dagdag na pasanin lamang ito sa ating mga magulang at mga mag-aaral, wika ni Sen."
"Nakadalawang cycle sila ng taping at awa ng Diyos, wala raw nagkasakit sa kani la.","Nakadalawang cycle sila ng taping at awa ng Diyos, wala raw nagkasakit sa kanila."
"Pagkatapos ang masayang kwentuhan ng King of Talk kay Angel Locsin noong Sabado, susunod namang kauupo sa virtual hot seat ang bagong Kapamilya at Marry Me, Marry You star na si Janine Gutierrez, na inaasahang magkukuwento tungkol sa inaabangang teleserye nila ni Paulo Avelino sa Sabado.","Pagkatapos ang masayang kwentuhan ng King of Talk kay Angel Locsin noong Sabado, susunod namang uupo sa virtual hot seat ang bagong Kapamilya at Marry Me, Marry You star na si Janine Gutierrez, na inaasahang magkukuwento tungkol sa inaabangang teleserye nila ni Paulo Avelino sa Sabado."
Medyo humihingal siya at lalo pang nasira ang ang tuhod niya dahil sa bigat niya.,Medyo humihingal siya at lalo pang nasira ang tuhod niya dahil sa bigat niya.
"Po natin ang kaligtasan ng bawat isa, mahalaga ang makarating kayo sa inyong destinasyon ng maayos at pabalik sa inyong inyong pamilya na ligtas, ayon kay LTFRB Chair Teofilo Guadiz.","Po natin ang kaligtasan ng bawat isa, mahalaga ang makarating kayo sa inyong destinasyon ng maayos at pabalik sa inyong pamilya na ligtas, ayon kay LTFRB Chair Teofilo Guadiz."
"Natutuwa siya sa magagandang projects na ibinigay sa kanya ng GMA 7, pero binibigyan din palaniyang taning ang kanyang trabaho, dahil gusto raw niya ay personal niyang maalagaan ang kanyang anak pag teenager na ito.","Natutuwa siya sa magagandang projects na ibinigay sa kanya ng GMA 7, pero binigyan din palaniyang taning ang kanyang trabaho, dahil gusto raw niya ay personal niyang maalagaan ang kanyang anak pag teenager na ito."
Matagal nagquarantine sa Ilocos ang buong cast ng Probinsyano matapos na may nag-positive sa ibang hotel na occupied ng cast and crew ng Probinsyano na kaka-celebrate lang ng 6th anniversary.,Matagal nag-quarantine sa Ilocos ang buong cast ng Probinsyano matapos na may nag-positive sa ibang hotel na occupied ng cast and crew ng Probinsyano na kaka-celebrate lang ng 6th anniversary.
Biglang may tanong sa akin 'Ma'am mag-a-artista po ba kayo?,Biglang may magtatanong sa akin 'Ma'am mag-a-artista po ba kayo?
"Isa ngayon sa itinutulak ni presidential candidate Ka Leody de Guzman ang pagre-repeal ng Oil Deregulation Law bilang tu gon sa nasabing hikes, na nagpapataas ng presyo ng bilihin.","Isa ngayon sa itinutulak ni presidential candidate Ka Leody de Guzman ang pagre-repeal ng Oil Deregulation Law bilang tugon sa nasabing hikes, na nagpapataas ng presyo ng bilihin."
Nakikita din ni Balicasan na senyales na ito na bumabalik na sa normal at high growth trajectory sa ekonomiya ng bansa.,Nakikita rin ni Balicasan na senyales na ito na bumabalik na sa normal at high growth trajectory sa ekonomiya ng bansa.
"Umabot umano sa P81,000 pera na naipasok ni Celia sa kooperatiba ngunit wala raw siyang napakinabangan dito.","Umabot umano sa P81,000 ang pera na naipasok ni Celia sa kooperatiba ngunit wala raw siyang napakinabangan dito."
"Iniyakan niya yun ng todo, pero kailangang mas mahalin niya ang sarili niya.","Iniyakan niya yun nang todo, pero kailangang mas mahalin niya ang sarili niya."
"Anyway, marami raw offer sa kasalukuyan para makuha ang TV rights ang Tagpuan pero ayon sa actor / politician ay wala pang napa finalize tungkol dito.","Anyway, marami raw offer sa kasalukuyan para makuha ang TV rights ang Tagpuan pero ayon sa actor / politician ay wala pang napa-finalize tungkol dito."
"Nitong Hunyo, sumulat si Duterte sa King of Saudi Arabia, upang hilingin na magpatupad ng mga reporma tungkol kapakanan ng mga OFW tulad ng pag alis ng sponsorship system.","Nitong Hunyo, sumulat si Duterte sa King of Saudi Arabia, upang hilingin na magpatupad ng mga reporma tungkol kapakanan ng mga OFW tulad ng pag-alis ng sponsorship system."
Magandang magandang nakikitang friends ang mga magka-ex na katulad nina Pops at Martin.,Magandang nakikitang friends ang mga magka-ex na katulad nina Pops at Martin.
Ito ay upang bigyan ng pagkakataon ang mga players na makapag recharge at makasama ang kanilang pamilya.,Ito ay upang bigyan ng pagkakataon ang mga players na makapag-recharge at makasama ang kanilang pamilya.
"Ayon sa SWS, tumaas ang mga kahihirap sa pagkain sa lahat ng lugar sa bansa maliban na lamang sa Balance Luzon.","Ayon sa SWS, tumaas ang mga naghihirap sa pagkain sa lahat ng lugar sa bansa maliban na lamang sa Balance Luzon."
"Unang iniulat ng BBC, na sumapi sa territorial defense force ang 33-anyos aktor sa unang araw pa lang ng pagsalakay ng Russia sa Ukraine,.","Unang iniulat ng BBC, na sumapi sa territorial defense force ang 33-anyos na aktor sa unang araw pa lang ng pagsalakay ng Russia sa Ukraine,."
Kasabay nito humihingi ng paumanhin si Lopez sa ibang Manilenyo na nagabang sa ibang lugar na hindi napuntahan ng caravan na batid nilang matiyagang naghintay sa arawan dahil nagkaroon ng maagang announcement sa isasagawang sortie.,Kasabay nito humihingi ng paumanhin si Lopez sa ibang Manilenyo na nag-abang sa ibang lugar na hindi napuntahan ng caravan na batid nilang matiyagang naghintay sa arawan dahil nagkaroon ng maagang announcement sa isasagawang sortie.
"Ang sabi ng DOH, batay batay sa standard ng WHO World Health Organization, pinapayagan ang 10% vaccine wastage.","Ang sabi ng DOH, batay sa standard ng WHO World Health Organization, pinapayagan ang 10% vaccine wastage."
Cash sa loob nang kanyang backpack.,Cash sa loob ng kanyang backpack.
At kasabay nito ay patatagin ka nang pananalig at katapatan mo sa Panginoong Diyos.,At kasabay nito ay patatagin ka ng pananalig at katapatan mo sa Panginoong Diyos.
Handa na ang lokal na pamahalaan ng Quezon City na mabakunahan ang mga kabataang may edad 5 hanggang 11- anyos kung bibigyan na ng go signal ng pamahalaan bilang bahagi ng pagpapalakas sa vaccination program sa lungsod.,Handa na ang lokal na pamahalaan ng Quezon City na mabakunahan ang mga kabataang may edad 5 hanggang 11- anyos kung bibigyan na ng go signal ng pamahalaan bilang bahagi nang pagpapalakas sa vaccination program sa lungsod.
"Patay ang dalawang babae habang malubha namang nasugatan ang dalawa nilang kasamahan, ng salpukin ng isang truck ang kanilang sinasakyang kotse sa Brgy.","Patay ang dalawang babae habang malubha namang nasugatan ang dalawa nilang kasamahan, nang salpukin ng isang truck ang kanilang sinasakyang kotse sa Brgy."
Kaya sinasabi ni Mikael na si Ruru raw ay dapat malaman kung-ano ang definition ng chill.,Kaya sinasabi ni Mikael na si Ruru raw ay dapat malaman kung ano ang definition ng chill.
Kaya inilagay siya ng Diyos sa dapat kalagyan ng mga taong kagaya niya na hindi marunong magbigay at tinulungan sa kanilang kapuwa kahit nakikita ng dalawang mata nila ang paghihirap at paghihikahos ng kanilang kapuwa.,Kaya inilagay siya ng Diyos sa dapat kalagyan ng mga taong kagaya niya na hindi marunong magbigay at tumulong sa kanilang kapuwa kahit nakikita ng dalawang mata nila ang paghihirap at paghihikahos ng kanilang kapuwa.
Pero nagbalik din sa Wow Mali ang title after one year kasi É??yun talaga ang nakasanayan ng tao.,Pero ibinalik din sa Wow Mali ang title after one year kasi É??yun talaga ang nakasanayan ng tao.
Sinabi din ni Escollante na sa kabila nang limitadong pondo at lugar para pagdausan ng kanilang mga local tournaments at grassroots programs ay hindi tumitigil ang CKDF para maipakilala ang sport at mahikayat ang mas maraming kabataan na subukan at pagyamanin ang talento sa paddling sports.,Sinabi rin ni Escollante na sa kabila nang limitadong pondo at lugar para pagdausan ng kanilang mga local tournaments at grassroots programs ay hindi tumitigil ang CKDF para maipakilala ang sport at mahikayat ang mas maraming kabataan na subukan at pagyamanin ang talento sa paddling sports.
Sinasabi rin ni Goma na gustong tumakbo ni Lucy sa ilalim ng Duterte administration ticket.,Sinabi rin ni Goma na gustong tumakbo ni Lucy sa ilalim ng Duterte administration ticket.
"Hindi na umabot nang buhay sa Ragay District Hospital ang biktimang si Anna Rose Burce, 27- anyos habang inilipat sa Bicol Medical Center sa Naga City dahil sa maselang lagay ang kasama nitong si Apple Jane Azuela, 30; pawang tinatrabaho sa Upper Ragay VideoK Bar at residente ng Brgy.","Hindi na umabot nang buhay sa Ragay District Hospital ang biktimang si Anna Rose Burce, 27- anyos habang inilipat sa Bicol Medical Center sa Naga City dahil sa maselang lagay ang kasama nitong si Apple Jane Azuela, 30; pawang nagtatrabaho sa Upper Ragay VideoK Bar at residente ng Brgy."
"Sabi ni Recto, masyadong aniyang É??absurdÉ?? ang pagpapaalala ng PNP sa publiko gitna ng pandemya.","Sabi ni Recto, masyadong aniyang É??absurdÉ?? ang pagpapaalala ng PNP sa publiko sa gitna ng pandemya."
"Noong 2021, may 310,000 Pilipino nars ang naitalang nagtrabaho sa ibang bansa, ayon sa Filipino Nurses United at Department of Health.","Noong 2021, may 310,000 Pilipino nars ang naitalang nagtatrabaho sa ibang bansa, ayon sa Filipino Nurses United at Department of Health."
Hindi mo naman talaga maaaring asahang ibangon ang kanyang career ng ginawa niyang indie na sa internet lang ipalalabas.,Hindi mo naman talaga maaaring asahang ibangon ang kanyang career nang ginawa niyang indie na sa internet lang ipalalabas.
"Dahil sa inakalang totoo ang mga dokumento, nagbigay ang biktima P500,000 bilang inisyal na bayad habang huhulugan ang nalalabing halaga mula Agosto hanggang Setyembre 2020.","Dahil sa inakalang totoo ang mga dokumento, nagbigay ang biktima ng P500,000 bilang inisyal na bayad habang huhulugan ang nalalabing halaga mula Agosto hanggang Setyembre 2020."
"Ang ang bahay ni Reymark na dating walang laman, ngayon ay puno ng grocery supplies, mga bigas, canned goods at school supplies.","Ang bahay ni Reymark na dating walang laman, ngayon ay puno ng grocery supplies, mga bigas, canned goods at school supplies."
"Nakuha din sa kampo ng mga rebelde ang karagdagang 3-M16A1 rifles, 2- M-14 rifles, 1- AK-47 rifle, 1-Garand rifle, 1- M60 barrel, 3-Cal.","Nakuha rin sa kampo ng mga rebelde ang karagdagang 3-M16A1 rifles, 2- M-14 rifles, 1- AK-47 rifle, 1-Garand rifle, 1- M60 barrel, 3-Cal."
25 na kung saan doon magopen ang walong pelikulang kalahok sa mga sinehan.,25 na kung saan doon mag-open ang walong pelikulang kalahok sa mga sinehan.
"Magugustuhan rin niyang makatrabaho si Marian Rivera, Jennylyn Mercado, Dennis Trillo, Derek Ramsay at marami pang iba.","Gusto rin niyang makatrabaho si Marian Rivera, Jennylyn Mercado, Dennis Trillo, Derek Ramsay at marami pang iba."
Magugunita na na si Jamiri at 13 nitong tauhan ay sumuko sa batas noong Marso 2018.,Magugunita na si Jamiri at 13 nitong tauhan ay sumuko sa batas noong Marso 2018.
Dito ay nagkaroon sila nang pagkakataon na maglabas ng sama ng loob nila sa isat isa.,Dito ay nagkaroon sila ng pagkakataon na maglabas ng sama ng loob nila sa isat isa.
"May multang P5,000 sa una at ikalawang paglabag habang sa iikatlo at sa mga sinusunod pang violations na bukod sa multang P5,000 ay may kulong pang di lalagpas sa isang taon.","May multang P5,000 sa una at ikalawang paglabag habang sa iikatlo at sa mga susunod pang violations na bukod sa multang P5,000 ay may kulong pang di lalagpas sa isang taon."
"Ang number one rule ko po noon na kapag may nakakita sa amin, kapag may magtatanong Anak niyo po É??yan?É??","Ang number one rule ko po noon na kapag may nakakita sa amin, kapag may nagtanong Anak niyo po É??yan?É??"
Kukuhain na naming lahat.,Kinuha na naming lahat.
Hindi din daw siya nagtago at hindi rin niya alam na may kaso laban sa kaniya.,Hindi rin daw siya nagtago at hindi rin niya alam na may kaso laban sa kaniya.
"Eh, hihindian pa po ako marunong umakting nun.","Eh, hindi pa po ako marunong umakting nun."
Nataganan ng truck ang mag-ina na dahilan-ng kanilang pagkasawi.,Nataganan ng truck ang mag-ina na dahilan ng kanilang pagkasawi.
"Pero sa buhay kasi, hindi mo alam ang mangyayari, humindi mo alam ang ending.","Pero sa buhay kasi, hindi mo alam ang mangyayari, hindi mo alam ang ending."
"Sa Bontoc, Mountain Province naman, bumagsak sa 12?¯C ang temperatura, dahilan para mabalot-ng makapal na hamog ang bayan.","Sa Bontoc, Mountain Province naman, bumagsak sa 12?¯C ang temperatura, dahilan para mabalot ng makapal na hamog ang bayan."
Niwala si Luis na kayang lagpasan ng bansa ang epekto ng inflation at makakabawi sa pamamagitan ng pag-angat ng ekonomiya sa mga darating na araw.,Naniniwala si Luis na kayang lagpasan ng bansa ang epekto ng inflation at makakabawi sa pamamagitan ng pag-angat ng ekonomiya sa mga darating na araw.
"Huwebes lang nang sabihin ni Health Secretary Francisco Duque III na maaaring maging kaduda-duda at kwestyonable ang resulta ng mga swab test kung hindi naman professionally trained ang nagsasagawa nito, gaya na lang ng gagawa ni Robin.","Huwebes lang nang sabihin ni Health Secretary Francisco Duque III na maaaring maging kaduda-duda at kwestyonable ang resulta ng mga swab test kung hindi naman professionally trained ang nagsasagawa nito, gaya na lang ng ginawa ni Robin."
Ipapakilala rin daw bilang albularyo ang suspek at isa sa mga nagamot nito ay ang mga magulang ng mga biktima.,Kilala rin daw bilang albularyo ang suspek at isa sa mga nagamot nito ay ang mga magulang ng mga biktima.
"Hanggang sa nung nagsalita siya sa YouTube ay alipusta rin ang aabutin niya, kahit nagkausap na raw sila ng Nanay niya.","Hanggang sa nung nagsalita siya sa YouTube ay alipusta rin ang inabot niya, kahit nagkausap na raw sila ng Nanay niya."
Nabitawan ko ang aking a po.,Nabitawan ko ang aking apo.
Kasama din ang MAPA sa top 10 global trending song searches noong nakaraang taon.,Kasama rin ang MAPA sa top 10 global trending song searches noong nakaraang taon.
Isa sa mga anggulong tiningnan ng pulisya ang paghihiganti dahil may mga tauhan umanong tinanggal ang biktima sa kaniyang negosyong buy and sell at online selling.Hinihinala.,Isa sa mga anggulong tinitingnan ng pulisya ang paghihiganti dahil may mga tauhan umanong tinanggal ang biktima sa kaniyang negosyong buy and sell at online selling.Hinihinala.
"Sa wakas, tinanggap na din ni Luis na close sila ni Alex, saad ng isang netizen.","Sa wakas, tinanggap na rin ni Luis na close sila ni Alex, saad ng isang netizen."
Hindi naman daw naging problema sa biyahe si Jude na sa mas mahabang oras nga ay tinutulugan lamang naman.,Hindi naman daw naging problema sa biyahe si Jude na sa mas mahabang oras nga ay natutulog lamang naman.
"Yayamanin daw ang wedding kasi ang mahal ng kilo ng sibuyas kaya nagulat sila na iyon ang gamit namin instead ng nakasanayang flowers, nagsasabi ni April.","Yayamanin daw ang wedding kasi ang mahal ng kilo ng sibuyas kaya nagulat sila na iyon ang gamit namin instead ng nakasanayang flowers, sabi ni April."
"Magpapadala ang Pilipinas nang 1,233 pambandang delegasyon sa 32nd Southeast Asian Games na idaraos sa Cambodia sa Mayo 5 hanggang 17.","Magpapadala ang Pilipinas ng 1,233 pambandang delegasyon sa 32nd Southeast Asian Games na idaraos sa Cambodia sa Mayo 5 hanggang 17."
"Mayroon namang piniling ma natili sa ABS-CBN kahit na sarado ang network, tutal naman napapanood iyon sa cable, sa internet at sa blocktime sa ibang istasyon.","Mayroon namang piniling manatili sa ABS-CBN kahit na sarado ang network, tutal naman napapanood iyon sa cable, sa internet at sa blocktime sa ibang istasyon."
Kaya naman excited na ang lahat na makabalik sa aktibong paglalaro kabilang na ang Blue Eagles na naglalayong masungkit ang É??four peatÉ?? at ika-12 korona sa kabuuan.,Kaya naman excited na ang lahat na makabalik sa aktibong paglalaro kabilang na ang Blue Eagles na naglalayong masungkit ang É??four-peatÉ?? at ika-12 korona sa kabuuan.
Kahihindi anya solusyon ang alisan ng pangkain ang tao.,Hindi anya solusyon ang alisan ng pangkain ang tao.
"Ang galing ng ginawang ito ni Congresswoman dahil hindi lang sarili niya ang binigyan niya ng proteksiyon, lahat nang gugustuhin sumali at makisali sa issues.","Ang galing ng ginawang ito ni Congresswoman dahil hindi lang sarili niya ang binigyan niya ng proteksiyon, lahat nang gusto sumali at makisali sa issues."
"Gayunman, sinabi ni Eleazar na magsasagawa pa rin ng sariling imbestigasyon ang PNP Internal Affairs Service (PNP-IAS) para matukoy kung nagkaroon ng operational lapses ang mga tauhan ng Valenzuela City Police na nagoperate noong Linggo.","Gayunman, sinabi ni Eleazar na magsasagawa pa rin ng sariling imbestigasyon ang PNP Internal Affairs Service (PNP-IAS) para matukoy kung nagkaroon ng operational lapses ang mga tauhan ng Valenzuela City Police na nag-operate noong Linggo."
"Nang magpalitan ng droga at pera ang dalawa, agad na inaresto ang suspek sa sakay nitong dump truck na may plakang NOF-271.","Nang magpalitan ng droga at pera ang dalawa, agad na inaresto ang suspek sa sinasakyan nitong dump truck na may plakang NOF-271."
"Samantala, akala naman ni Yeng ay isinusuko na si Ryan at naartehan sa kanya kaya tumigil na ito sa pagpaparamdam.","Samantala, akala naman ni Yeng ay sumuko na si Ryan at naartehan sa kanya kaya tumigil na ito sa pagpaparamdam."
Habang hindi pa nakakarating sa mga palengke at iba pang pamilihan ang imported onions ay mataas pa din ang presyo ng sibuyas sa mga palengke.,Habang hindi pa nakakarating sa mga palengke at iba pang pamilihan ang imported onions ay mataas pa rin ang presyo ng sibuyas sa mga palengke.
"Pagdating sa Build, Build, Build, sinabi ni Mangondato na kailangan munang sagutin ang problema problema kung nakatuon daw ito sa pagsisilbi at pagseserbisyo sa tao.","Pagdating sa Build, Build, Build, sinabi ni Mangondato na kailangan munang sagutin ang problema kung nakatuon daw ito sa pagsisilbi at pagseserbisyo sa tao."
"Kahihingi rin siya ng tawad sa kanyang mga kakoponan, coaches, PBA, sa media at fans.","Humingi rin siya ng tawad sa kanyang mga kakoponan, coaches, PBA, sa media at fans."
"Ayon sa ulat ng San Nicolas Police, tatlong construction worker ang nasa loob ng pabilog na rebar cage at tinatalian ang mga bakal nang mangyari ang insidente insidente.","Ayon sa ulat ng San Nicolas Police, tatlong construction worker ang nasa loob ng pabilog na rebar cage at tinatalian ang mga bakal nang mangyari ang insidente."
"Ikinalungkot ng lokal na pamahalaan tila nag bago ng isip ang organizer ng motorcade at tumangging makipag-coordinate sa lokal na pamahalaan, sa kabila ng pulong noong Lunes kung saan tiniyak ng lungsod ang pagpapakalat ng hindi bababa sa 1,000 pulis at tauhan ng DPOS, DRRMO, Task Force Disiplina at BFP.","Ikinalungkot ng lokal na pamahalaan na tila nag bago ng isip ang organizer ng motorcade at tumangging makipag-coordinate sa lokal na pamahalaan, sa kabila ng pulong noong Lunes kung saan tiniyak ng lungsod ang pagpapakalat ng hindi bababa sa 1,000 pulis at tauhan ng DPOS, DRRMO, Task Force Disiplina at BFP."
Hindi ko po kaaalam kung anong gagawin ko.,Hindi ko po alam kung anong gagawin ko.
Ito ang ika-16 gintong medalya ni De Los Santos sa taong ito at ika-52 sa kabuuan sa online tournament sapul nang sinasalihan ito noong nakaraang taon.,Ito ang ika-16 gintong medalya ni De Los Santos sa taong ito at ika-52 sa kabuuan sa online tournament sapul nang sumali ito noong nakaraang taon.
"""Mahirap yung situation na parang ako pa yung nag-aayos or ako payong gagawa ng way na mag-workout yung everything sa relationship, patuloy ni Faith.","""Mahirap yung situation na parang ako pa yung mag-aayos or ako payong gagawa ng way na mag-workout yung everything sa relationship, patuloy ni Faith."
"Ayon kay DA deputy spokesperson Rex Estoperez, dapat nang matigil ang cycle kung saan ang mga negosyante ay naghu-hoard nang mga agricultural products sa panahon ng anihan at itinatago ang mga ito sa kanilang cold storage facilities, at ilalabas lamang kung mataas na ang presyo ng mga ito.","Ayon kay DA deputy spokesperson Rex Estoperez, dapat nang matigil ang cycle kung saan ang mga negosyante ay naghu-hoard ng mga agricultural products sa panahon ng anihan at itinatago ang mga ito sa kanilang cold storage facilities, at ilalabas lamang kung mataas na ang presyo ng mga ito."
Ang maganda maganda lang dito ay napanatili ang magandang friendship at nagsama sila uli.,Ang maganda lang dito ay napanatili ang magandang friendship at nagsama sila uli.
"Ayon kay Boobay, kinausap nga raw niya si Tekla ng mag-taping sila ng The Boobay and Tekla Show nung nakaraang Miyerkules ng gabi.","Ayon kay Boobay, kinausap nga raw niya si Tekla nang mag-taping sila ng The Boobay and Tekla Show nung nakaraang Miyerkules ng gabi."
"Ang naibalik na pera, kagagamit sa pagpapagawa ng nasirang bubungan.","Ang naibalik na pera, ginamit sa pagpapagawa ng nasirang bubungan."
Parang mga anak na din ang turing ni Sylvia sa apat lalo na kina Andrea at Francine. May mga pagkakataong humihingi umano ng pagkain sa beteranang aktres ang dalawa.,Parang mga anak na rin ang turing ni Sylvia sa apat lalo na kina Andrea at Francine. May mga pagkakataong humihingi umano ng pagkain sa beteranang aktres ang dalawa.
Nagsasaka parang ang bait-bait ni Gardo at masaya rin siguro ang family life ni Gardo dahil parang very close at casual sila nang family niya base sa kanyang mga pino-post.,Saka parang ang bait-bait ni Gardo at masaya rin siguro ang family life ni Gardo dahil parang very close at casual sila nang family niya base sa kanyang mga pino-post.
"Yun parang na-influence na-influence ko, yung sa side lang nila ang napakinggan ko, hindi ko napakinggan yung kabilang side.","Yun parang na-influence ko, yung sa side lang nila ang napakinggan ko, hindi ko napakinggan yung kabilang side."
"Nitong mga nakaraang linggo ay ilan mga kilalang artists na aktibo sa social media ang nag share ng kanilang feedback tungkol sa bisa ng bagong Solmux Advance sa pagtanggal ng ubo, lalo na yung may plema.","Nitong mga nakaraang linggo ay ilan mga kilalang artists na aktibo sa social media ang nag-share ng kanilang feedback tungkol sa bisa ng bagong Solmux Advance sa pagtanggal ng ubo, lalo na yung may plema."
Kaya hindi rin nagpabaya ang fans ni Julie Anne at lumaban rin sila sa Twitter at sandaling nag-trending nga ang #RespectJulie.,Kaya hindi rin nagpabaya ang fans ni Julie Anne at lumaban din sila sa Twitter at sandaling nag-trending nga ang #RespectJulie.
"Pinag aaralan niya ang paggawa nito at nang matapos ang 3D clay art ng kaniyang aso, pinost niya ito sa TikTok.","Pinag-aaralan niya ang paggawa nito at nang matapos ang 3D clay art ng kaniyang aso, pinost niya ito sa TikTok."
Ang saya-saya ng mga fan nina Paulo Avelino at Janine Gutierrez dahil willing nga si Ogie Alcasid na ipakanta sa sa rumored sweethearts ang kanyang Pangako song.,Ang saya-saya ng mga fan nina Paulo Avelino at Janine Gutierrez dahil willing nga si Ogie Alcasid na ipakanta sa rumored sweethearts ang kanyang Pangako song.
"Kinilala ni P/Major Rommel Zagala, acting chief of police ng bayang ito, ang biktima na si Julio Pacada, mayasawa ng nasabing barangay na idineklarang dead-on-arrival sa Sto.","Kinilala ni P/Major Rommel Zagala, acting chief of police ng bayang ito, ang biktima na si Julio Pacada, may-asawa ng nasabing barangay na idineklarang dead-on-arrival sa Sto."
"Nahawaan na din ng nakamamatay na coronavirus disease ang kalihim ng Department of Labor and Employment, pagkukumpirma ng kagarawan sa isang pahayag ngayong araw.","Nahawaan na rin ng nakamamatay na coronavirus disease ang kalihim ng Department of Labor and Employment, pagkukumpirma ng kagarawan sa isang pahayag ngayong araw."
"This coming week ay may taas presyo naman ang gasolina, kaya medyo nag-iisip ka naman kung paano makakatipid sa paglabas.","This coming week ay may taas presyo na naman ang gasolina, kaya medyo nag-iisip ka naman kung paano makakatipid sa paglabas."
"Sa imbestigasyon, nag-overtake umano ang motorsiklo na minamaneho ng ama sa sinusundang truck pero nawalan ito ng kontrol dahil sa biglang may tawid umanong babae.","Sa imbestigasyon, nag-overtake umano ang motorsiklo na minamaneho ng ama sa sinusundang truck pero nawalan ito ng kontrol dahil sa biglang may tumawid umanong babae."
Meron rin nakapansin na palaging nega ang mga sinusulat nito tungkol kay Angel at pati na rin sa kaibigan nitong si Bea na recently nga ay lumipat sa Kapuso network.,Meron din nakapansin na palaging nega ang mga sinusulat nito tungkol kay Angel at pati na rin sa kaibigan nitong si Bea na recently nga ay lumipat sa Kapuso network.
"Ang isang sugatan ay dinala sa bangka nang mga armado at bumalik para dalhin sa kanilang detachment ang biktima habang ang ibang lokal ay binubugbog ng higit 300 demolition team at pinosasan pati sugatan, ani Maranansa isang pahayag, Huwebes.","Ang isang sugatan ay dinala sa bangka ng mga armado at bumalik para dalhin sa kanilang detachment ang biktima habang ang ibang lokal ay binubugbog ng higit 300 demolition team at pinosasan pati sugatan, ani Maranansa isang pahayag, Huwebes."
"Kaagad ipinaalam ng biktima ang pangyayari sa mga pulis, na mabilis mabilis na umaksiyon at nagkasa ng isang dragnet operation.","Kaagad ipinaalam ng biktima ang pangyayari sa mga pulis, na mabilis na umaksiyon at nagkasa ng isang dragnet operation."
Bakit aabutin ng ganitong katagal ang ayuda para sa mga guro?,Bakit inabot ng ganitong katagal ang ayuda para sa mga guro?
Matatandaang aabutin sa 15-year high ang unemployment rate para sa kabuuang taon ng 2020 matapos isara ang maraming establisyamento at pagbawalang lumabas ng bahay ang marami dahil sa COVID-19 at kalakip na lockdown measures ng gobyerno.,Matatandaang umabot sa 15-year high ang unemployment rate para sa kabuuang taon ng 2020 matapos isara ang maraming establisyamento at pagbawalang lumabas ng bahay ang marami dahil sa COVID-19 at kalakip na lockdown measures ng gobyerno.
"Nag-aalala ako kasi hindi ko kasasabi sa kanila na ganito ang sitwasyon ko, lahad ni Jennylyn.","Nag-aalala ako kasi hindi ko sinasabi sa kanila na ganito ang sitwasyon ko, lahad ni Jennylyn."
Babantayan din aniya ng Kabataan party-list ang pagpapatupad ng DepEd MATATAG Education Agenda na pangako ng pagbibigay ng mental health services sa bawat paaralan.,Babantayan din aniya ng Kabataan party-list ang pagpapatupad ng DepEd MATATAG Education Agenda na nangangako ng pagbibigay ng mental health services sa bawat paaralan.
Idinagdag pa ng senador na delikadong mas kumalat angvirus sa mga bata lalopa at malilikot ang mga ito at mahirap kontrolin kapag lalabasan ng bahay.,Idinagdag pa ng senador na delikadong mas kumalat angvirus sa mga bata lalopa at malilikot ang mga ito at mahirap kontrolin kapag lumabas ng bahay.
"Sa inisyal na pagsisiyasat, nabatid na wala naman umanong kaaway o kagalit ang magkapatid na Galvez at nawala ring natatanggap na pagbabanta sa kanilang buhay.","Sa inisyal na pagsisiyasat, nabatid na wala naman umanong kaaway o kagalit ang magkapatid na Galvez at wala ring natatanggap na pagbabanta sa kanilang buhay."
"Kung sa bansa ay big star status si Liza Soberano, ng mag-guest siya sa isang TV show sa Korea parang papa-umpisa pa lang siya sa kanyang career.","Kung sa bansa ay big star status si Liza Soberano, nang mag-guest siya sa isang TV show sa Korea parang papa-umpisa pa lang siya sa kanyang career."
"Kalulungkot din si Moreno na sa kabila ng panawagan na pigilan ang pagtaas pa ng presyo ng abono, ay hindi pa rin kumikilos ang ahensya ng pamahalaan na nakakasakop sa pagsasaka.","Nalulungkot din si Moreno na sa kabila ng panawagan na pigilan ang pagtaas pa ng presyo ng abono, ay hindi pa rin kumikilos ang ahensya ng pamahalaan na nakakasakop sa pagsasaka."
"Sa pagpasok ng mga bagong dagdag na players, aasahan si Jarencio na mas magiging maganda ang laban ng kanyang tropa sa PBA Season 46.","Sa pagpasok ng mga bagong dagdag na players, umaasa si Jarencio na mas magiging maganda ang laban ng kanyang tropa sa PBA Season 46."
Nanindigan din siya na higit na magkakaroon ng magandang motibasyon ang mga bata na mag-aral da hil alam nilang ang lahat ng kanilang ginagawang pagsusumikap ay minamarkahan ng maayos ng mga guro.,Nanindigan din siya na higit na magkakaroon ng magandang motibasyon ang mga bata na mag-aral dahil alam nilang ang lahat ng kanilang ginagawang pagsusumikap ay minamarkahan ng maayos ng mga guro.
"Ang paliwanag ni Ejay sa akin, mini-message raw niya muna ang lahat na mga gustong imbitahin at magsasaka siya nagpapadala ng formal invitation kapag nag-confirm dahil naka-base pa siya sa Pola, Oriental Mindoro at may hinaharap pa silang problema sa oil spill.","Ang paliwanag ni Ejay sa akin, mini-message raw niya muna ang lahat na mga gustong imbitahin at saka siya nagpapadala ng formal invitation kapag nag-confirm dahil naka-base pa siya sa Pola, Oriental Mindoro at may hinaharap pa silang problema sa oil spill."
"Binibilang tagapangulo ng Senate committee on health at vice-chair ng Senate committee on finance, suportado ni Go ang pagpopondo sa mga Super Health Center sa buong bansa, lalo sa malalayong komunidad.","Bilang tagapangulo ng Senate committee on health at vice-chair ng Senate committee on finance, suportado ni Go ang pagpopondo sa mga Super Health Center sa buong bansa, lalo sa malalayong komunidad."
Sure ako na meron pa siyang contract sa Avignon at hindi ito kaaalam ni Dra.,Sure ako na meron pa siyang contract sa Avignon at hindi ito alam ni Dra.
Sinabi ni Marcos na buo ang tiwala niya sa kakayahan at karanasan ni Enrile magbibilang lingkod-bayan.,Sinabi ni Marcos na buo ang tiwala niya sa kakayahan at karanasan ni Enrile bilang lingkod-bayan.
Kaya naman itinuturing pangalawang buhay ni Ate Gay ang kaniyang-paggaling.,Kaya naman itinuturing pangalawang buhay ni Ate Gay ang kaniyang paggaling.
"Eh sabi ko nga kung ako ay nasa Senado sana kasi ang aking gusto ay legislation sapagkat inaakala ko, kung nasa Senado ako mapapabilis ko siguro at siguro, mas marami ang energy ko roon pag nagsenador ako.","Eh sabi ko nga kung ako ay nasa Senado sana kasi ang aking gusto ay legislation sapagkat inaakala ko, kung nasa Senado ako mapapabilis ko siguro at siguro, mas marami ang energy ko roon pag nag-senador ako."
"Ganoon pa man ay mas marami ang bilang ng mga iginagaling na umabot sa 13,304 matapos maidagdag ang 167 panibagong recoveries.","Ganoon pa man ay mas marami ang bilang ng mga gumaling na umabot sa 13,304 matapos maidagdag ang 167 panibagong recoveries."
"Hepe ng CIDG-Manila, nakatanggap ng impormasyon ang kaanak ng isang nawawala na kinuha ang kanilang kaanak at isinakay puting van.","Hepe ng CIDG-Manila, nakatanggap ng impormasyon ang kaanak ng isang nawawala na kinuha ang kanilang kaanak at isinakay sa puting van."
Nasa bansa si Qin para sa 3 araw na-official visit.,Nasa bansa si Qin para sa 3 araw na official visit.
Unang sasalang ang UAAP champion National University kontra sa University of Perpetual Help System Dalta sa alas-10 ng umaga kasunod ang duwelo ng University of Santo Tomas Far Eastern University sa alas-12:30 ng hapon.,Unang sasalang ang UAAP champion National University kontra sa University of Perpetual Help System Dalta sa alas-10 ng umaga kasunod ang duwelo ng University of Santo Tomas at Far Eastern University sa alas-12:30 ng hapon.
"Pero magbabago-ang lahat sa pagdating ng bagong date ni Geoff, si Thea (Ava Mendez), isang free-spirited na art major.","Pero magbabago ang lahat sa pagdating ng bagong date ni Geoff, si Thea (Ava Mendez), isang free-spirited na art major."
"Sa susunod na taon, umabot sa 39 barangays mula sa Region 9 ang maisasali na sa listahan ng BDP o yung mabibigyan ng tig-P20 milyong halaga ng proyekto gaya ng farm-to-market roads, school buildings, health centers, water sanitation, livelihood at tulong pinansiyal para sa mga mahihirap.","Sa susunod na taon, aabot sa 39 barangays mula sa Region 9 ang maisasali na sa listahan ng BDP o yung mabibigyan ng tig-P20 milyong halaga ng proyekto gaya ng farm-to-market roads, school buildings, health centers, water sanitation, livelihood at tulong pinansiyal para sa mga mahihirap."
"Gayunman, nanindigan si Teves na hindi kanya ang mga armas at nagtaka rin umano siya kung paano nagkaroon nito sa kanyang compound.","Gayunman, nanindigan si Teves na hindi kanya ang mga armas at nagtataka rin umano siya kung paano nagkaroon nito sa kanyang compound."
Ang kantang ito na isinulat ni Arnie Mendaros ay tungkol sa isang lalaking babalikan ang malulungkot niyang alaala at nasawing pag-ibig.,Ang kantang ito na isinulat ni Arnie Mendaros ay tungkol sa isang lalaking binabalikan ang malulungkot niyang alaala at nasawing pag-ibig.
"Itong si Michael Yang, negosyante, ang karamihan nito papasukin sa bidding sa lahat ng negosyo rito sa Pilipinas.","Itong si Michael Yang, negosyante, ang karamihan nito pumasok sa bidding sa lahat ng negosyo rito sa Pilipinas."
"Ang Luzon ang may pinakamaraming curfew violators na umabot sa 716,527; sumusunod ng Mindanao na may 322,399; at pangatlo ang Visayas na nasa 208,263.","Ang Luzon ang may pinakamaraming curfew violators na umabot sa 716,527; sinundan ng Mindanao na may 322,399; at pangatlo ang Visayas na nasa 208,263."
"Samantala, binababa rin ang average na arawang kaso ng COVID-19 ng 27% sa NCR sa pagitan ng Mayo 10-16.","Samantala, bumaba rin ang average na arawang kaso ng COVID-19 ng 27% sa NCR sa pagitan ng Mayo 10-16."
"Lagi din daw pumunta ang pinsan ng driver sa ospital para alamin ang pangangailan ng kaniyang inaJoviland Rita/KBK, GMA News.","Lagi rin daw pumunta ang pinsan ng driver sa ospital para alamin ang pangangailan ng kaniyang inaJoviland Rita/KBK, GMA News."
Sinabi umano mga ina sa mga pulis na wala silang kasama sa bahay na mapag-iiwanan sa bahay kaya isinama nila ang mga anak sa pagboto.,Sinabi umano ng mga ina sa mga pulis na wala silang kasama sa bahay na mapag-iiwanan sa bahay kaya isinama nila ang mga anak sa pagboto.
Hindi naman ito available sa lahat lahat ng ospital.,Hindi naman ito available sa lahat ng ospital.
"Kasasabi ni Mayor Aguilar na ang pamahalaang lungsod, sa pamamagitan ng Public Employment Service Office (PESO), ay nagsagawa ng job fair kung saan mahigit 182 aplikante ang natanggap kaagad.","Sinabi ni Mayor Aguilar na ang pamahalaang lungsod, sa pamamagitan ng Public Employment Service Office (PESO), ay nagsagawa ng job fair kung saan mahigit 182 aplikante ang natanggap kaagad."
Matagal ng umiikot ang kuwento na isa sa pinakamahusay humawak ng pananalapi ang kilalang male personality na laman ng mga balita ngayon dahil sa bagong pangyayari sa kanyang personal na buhay.,Matagal nang umiikot ang kuwento na isa sa pinakamahusay humawak ng pananalapi ang kilalang male personality na laman ng mga balita ngayon dahil sa bagong pangyayari sa kanyang personal na buhay.
"Kasabay ni to, sinabi rin ni Epy na wala siyang planong pumasok sa mundo ng politika.","Kasabay nito, sinabi rin ni Epy na wala siyang planong pumasok sa mundo ng politika."
May bitbit silang mga kandila at imahen ni Immaculate Conception para matigil na ang pinaniniwalaan nilang sumpa sa daratnan sa kanilang lugar.,May bitbit silang mga kandila at imahen ni Immaculate Conception para matigil na ang pinaniniwalaan nilang sumpa sa dumating sa kanilang lugar.
"Tulad ni Yumi, hirap rin na makahanap si Cluey na magagamit bilang bra.","Tulad ni Yumi, hirap din na makahanap si Cluey na magagamit bilang bra."
"Sinabi ng POLO chief na asa siyang makakuha ang ating pamahalaan ng kasunduan sa Austria kasunod ng kanilang interes na kumuha ng humigit-kumulang 1,000 nurse, nursing assistant at iba pang manggagawa sa healthcare industry.","Sinabi ng POLO chief na umaasa siyang makakuha ang ating pamahalaan ng kasunduan sa Austria kasunod ng kanilang interes na kumuha ng humigit-kumulang 1,000 nurse, nursing assistant at iba pang manggagawa sa healthcare industry."
Ang isa pang maaaring maging agaran ay sinusuri ang mga isyu na nagreresulta ng kalituhan at sisikapin nilang gawing simple ito para sa kapakinabangan lalo na ng mga ordinaryong manggagawa at tumatawag pang vintage o antigo na ng kalihim.,Ang isa pang maaaring maging agaran ay sinusuri ang mga isyu na nagreresulta ng kalituhan at sisikapin nilang gawing simple ito para sa kapakinabangan lalo na ng mga ordinaryong manggagawa at tinawag pang vintage o antigo na ng kalihim.
"Ang 11 taong pagsisilbi ni Daisy kina Marie, sinuklian ng pamana na mga ari arian tulad ng apartment building at stocks na milyon-milyong piso ang halaga.","Ang 11 taong pagsisilbi ni Daisy kina Marie, sinuklian ng pamana na mga ari-arian tulad ng apartment building at stocks na milyon-milyong piso ang halaga."
Malaki ang paniwala nang 80 porsyento ng mga Pinoy na matatapos na ang COVID-19 pandemic sa bansa.,Malaki ang paniwala ng 80 porsyento ng mga Pinoy na matatapos na ang COVID-19 pandemic sa bansa.
"Pagkapasok ni male personality, nagulat siyang malapit lang sa mesa nila si magaling na aktor na may kadinner nung oras na yun.","Pagkapasok ni male personality, nagulat siyang malapit lang sa mesa nila si magaling na aktor na may ka-dinner nung oras na yun."
"So para sa akin malaking bagay din talaga siya, sabi ni Barbie.","So para sa akin malaking bagay rin talaga siya, sabi ni Barbie."
"Kilig at katatawanan ang handog nang pagbabalik-tambalan ng love team nina Joross Gamboa at Roxanne Guinoo-Yap sa kanilang iWantTFC original romantic-comedy series na Hoy, Love You!","Kilig at katatawanan ang handog ng pagbabalik-tambalan ng love team nina Joross Gamboa at Roxanne Guinoo-Yap sa kanilang iWantTFC original romantic-comedy series na Hoy, Love You!"
Nasa ilalim pa din ng Enhanced Community Quarantine ang buong Batanes hanggang October 4 dahil sa pagtaas ng COVID-19 cases.,Nasa ilalim pa rin ng Enhanced Community Quarantine ang buong Batanes hanggang October 4 dahil sa pagtaas ng COVID-19 cases.
"Eh, marami naman daw food sa set, pero dahil si aktor nga ang nine-namedrop ng kanyang handler, quiet na lang sila at pirma lang ng pirma ang production manager sa petty cash voucher na pambayad sa mga pinao-order ni handler.","Eh, marami naman daw food sa set, pero dahil si aktor nga ang nine-namedrop ng kanyang handler, quiet na lang sila at pirma lang nang pirma ang production manager sa petty cash voucher na pambayad sa mga pinao-order ni handler."
"Humarap si Sam sa ilang miyembro ng entertainment press nung nakaraang Sabado, ng inilunsad siyang brand ambassador ng bagong produkto ng Beaut??derm Health Boosters Effervescent Tablets, na nasa ilalim ng Reiko at Kenzen.","Humarap si Sam sa ilang miyembro ng entertainment press nung nakaraang Sabado, nang inilunsad siyang brand ambassador ng bagong produkto ng Beaut??derm Health Boosters Effervescent Tablets, na nasa ilalim ng Reiko at Kenzen."
Kabilang na rito ang mga intrigang hango rin sa tunay na buhay ngayong marami ang tutok social media.,Kabilang na rito ang mga intrigang hango rin sa tunay na buhay ngayong marami ang tutok sa social media.
É??nakangiti pero pinipigilan lang lang umiyak.,É??Nakangiti pero pinipigilan lang umiyak.
Hulyo 2021 pa lang ng ianunsyo ni De Lima na tatakbo siya uli sa pagkasenador sa 2022.,Hulyo 2021 pa lang nang ianunsyo ni De Lima na tatakbo siya uli sa pagkasenador sa 2022.
Trabaho lang walang walang personalan ika nga.,Trabaho lang walang personalan ika nga.
Ng magsara ang ABS-CBN ay hindi na siya ulit napanood sa TV pero hindi naman siya nawala sa radio dahil agad siyang nakalipat sa DZRH.,Nang magsara ang ABS-CBN ay hindi na siya ulit napanood sa TV pero hindi naman siya nawala sa radio dahil agad siyang nakalipat sa DZRH.
"Pero nang makumpleto ang apat na money transfer transactions na nagkakahalaga nang P95,000, sinabi ng suspek na wala siyang pera na pampalit sa ipinadalang pera ng biktima.","Pero nang makumpleto ang apat na money transfer transactions na nagkakahalaga ng P95,000, sinabi ng suspek na wala siyang pera na pampalit sa ipinadalang pera ng biktima."
"Inanunsyo ni Presidential Spokesperson Harry Roque na ang lahat ng biyahero mula sa bansang India o sa mga may travel history sa India sa loob ng huling 14 araw ay ibinabawal na kapapasok sa Pilipinas simula nga-yong araw, April 29hanggangMay 14.","Inanunsyo ni Presidential Spokesperson Harry Roque na ang lahat ng biyahero mula sa bansang India o sa mga may travel history sa India sa loob ng huling 14 araw ay ibinabawal na pumasok sa Pilipinas simula nga-yong araw, April 29hanggangMay 14."
(sayang nang MMK!).,(Sayang wala nang MMK!).
Inaasahan aniya na tataas pa ang porsiyento ng mababakunahan sa mga susunod na araw kaya dapat ay ikonsidera din ng gobyerno ang kapakanan ng mga negosyanteng matagal ng hinihintay na makabawi mula sa matinding pagkalugi simula noong Marso 2020.,Inaasahan aniya na tataas pa ang porsiyento ng mababakunahan sa mga susunod na araw kaya dapat ay ikonsidera din ng gobyerno ang kapakanan ng mga negosyanteng matagal ng naghihintay na makabawi mula sa matinding pagkalugi simula noong Marso 2020.
"Pupunta din KMJS team ang tinutukoy ni Karla na lugar sa bayan ng Tagoloan sa Misamis Oriental, pero wala sa voters list ang pangalan ng umanoy sumanib na kaluluwa.","Pinuntahan din KMJS team ang tinutukoy ni Karla na lugar sa bayan ng Tagoloan sa Misamis Oriental, pero wala sa voters list ang pangalan ng umanoy sumanib na kaluluwa."
Sinabi din ni Duterte na ang maliwanag ay mayroong kontrata at nagkaroon ng delivery base sa specification at quality ng mga produkto.,Sinabi rin ni Duterte na ang maliwanag ay mayroong kontrata at nagkaroon ng delivery base sa specification at quality ng mga produkto.
Walang nakikitang problema ang Commission on Elections (Comelec) sa inauguration 2022 candidates bagyo pa man mag-Hunyo É?? ito'y kahit sa ika-30 ng Hunyo pa dapat pormal na mauupo sa posisyon ang mananalong presidente't bise presidente sa ilalim ng 1987 Constitution.,Walang nakikitang problema ang Commission on Elections (Comelec) sa inauguration ng 2022 candidates bagyo pa man mag-Hunyo É?? ito'y kahit sa ika-30 ng Hunyo pa dapat pormal na mauupo sa posisyon ang mananalong presidente't bise presidente sa ilalim ng 1987 Constitution.
Pero pareho silang ilang dekada nang naglilingkod bilang mga tagapaghatid balita.,Pero pareho silang ilang dekada nang naglilingkod bilang mga tagapaghatid ng balita.
"Sey pa ng binata, hindi rin naging madali sa kanya ang paghahanda para sa role niya sa É??More Than BlueÉ?ù, Id always keep on asking, É??Direk, okay lang ba ba yung ginawa ko?É??","Sey pa ng binata, hindi rin naging madali sa kanya ang paghahanda para sa role niya sa É??More Than BlueÉ?ù, Id always keep on asking, É??Direk, okay lang ba yung ginawa ko?É??"
"Ang nasabing post ay umani ng libo-libong likes at retweets mula noong Sabado, kasama ang mga screenshot ng diumanoy palitan ng messenger ukol sa mga ginagawang pangaabuso ng mga guro at iba pang komento sa kanilang mga estudyante.","Ang nasabing post ay umani ng libo-libong likes at retweets mula noong Sabado, kasama ang mga screenshot ng diumanoy palitan ng messenger ukol sa mga ginagawang pang-aabuso ng mga guro at iba pang komento sa kanilang mga estudyante."
"Kinondena ng China, na tiningnan ang Taiwan bilang isang breakaway province, ang pagbisita na nagresulta sa pagsasagawa nito ng mga military drills sa paligid ng isla.","Kinondena ng China, na tinitingnan ang Taiwan bilang isang breakaway province, ang pagbisita na nagresulta sa pagsasagawa nito ng mga military drills sa paligid ng isla."
"Ayon sa Media Affairs Division (MAD) ng Manila Intenaional International Airport Authority (MIAA) patungo ang chartered flight flight sa Catarman, Samar nang lumagpas ito sa dulong bahagi ng aspalto ng runway habang naghahanda sa take-off bandang alas 10:05 ng umaga.","Ayon sa Media Affairs Division (MAD) ng Manila Intenaional International Airport Authority (MIAA) patungo ang chartered flight sa Catarman, Samar nang lumagpas ito sa dulong bahagi ng aspalto ng runway habang naghahanda sa take-off bandang alas 10:05 ng umaga."
Umaasa si Tanya na aaprubahan korte ang kanilang petisyon kahit walang piyansa ang kasong panghahalay na isinampa laban kay Vhong.,Umaasa si Tanya na aaprubahan ng korte ang kanilang petisyon kahit walang piyansa ang kasong panghahalay na isinampa laban kay Vhong.
"Nang mahuli ang buwaya, dinala ito sa Kabbun lodge dahil mahilig daw magalaga ng hayop ang may-ari.","Nang mahuli ang buwaya, dinala ito sa Kabbun lodge dahil mahilig daw mag-alaga ng hayop ang may-ari."
"Minsan naiiyak din kasi bakit sila pa 'yung nagsasabi ng gano'n, imbes na sila yung unang taong kaiintindi sa sitwasyon, sabi ni Mary Rose.","Minsan naiiyak din kasi bakit sila pa 'yung nagsasabi ng gano'n, imbes na sila yung unang taong umiintindi sa sitwasyon, sabi ni Mary Rose."
Mahigit isang taon ding isasama sina Donita at Tekla sa isang bahay.,Mahigit isang taon ding nagsama sina Donita at Tekla sa isang bahay.
"Yup, mangunguna siya sa paghahanap ng katotohanan sa likod ng bawat kuwento at susundan imbestigasyon hanggang maresolba ng mga hinaing at reklamo.","Yup, mangunguna siya sa paghahanap ng katotohanan sa likod ng bawat kuwento at susundan ang imbestigasyon hanggang maresolba ng mga hinaing at reklamo."
"Sa reklamo, nagpapanggap umanong miyembro ng clergy si Mendoza at nanghihi ngi ng pera sa mga aplikante sa pagkapulis kapalit ng mabilis na pagproseso sakanilang dokumento.","Sa reklamo, nagpapanggap umanong miyembro ng clergy si Mendoza at nanghihingi ng pera sa mga aplikante sa pagkapulis kapalit ng mabilis na pagproseso sakanilang dokumento."
Kasalukuyan pa raw mag-aayos ni incoming FDCP Chair Tirso ang buong team nito.,Kasalukuyan pa raw inaayos ni incoming FDCP Chair Tirso ang buong team nito.
"Nagmahal na rin ang iba pang mga bulaklak tulad ng sunflower na P800 na ang bungkos mula sa dating P500, ang 10 tangkay ng gerbera ay nasa P300 mula sa dumating P220, ang É??Babys BreathÉ?ù ay nasa P300 na mula sa dating P150.","Nagmahal na rin ang iba pang mga bulaklak tulad ng sunflower na P800 na ang bungkos mula sa dating P500, ang 10 tangkay ng gerbera ay nasa P300 mula sa dating P220, ang É??Babys BreathÉ?ù ay nasa P300 na mula sa dating P150."
Taliwas sa uri ng pagibig ng mga tao na mayroong itinatangi o pinipili.,Taliwas sa uri ng pag-ibig ng mga tao na mayroong itinatangi o pinipili.
"Simula nang sali ang Pilipinas sa Olympics noong 1924 sa Paris, France ay wala pang Pinoy na nagwawagi ng gold medal sa quadrennial event.","Simula nang sumali ang Pilipinas sa Olympics noong 1924 sa Paris, France ay wala pang Pinoy na nagwawagi ng gold medal sa quadrennial event."
Ang mag-asawa ay naisugod sa pinakamalapit na ospital subalit idineklarang patay si Melissa habang nilalapatan nang lunas.,Ang mag-asawa ay naisugod sa pinakamalapit na ospital subalit idineklarang patay si Melissa habang nilalapatan ng lunas.
"Dahil nagiisa lang ang mga ito, mabenta ang NFTs sa mga collector ng digital art o É??di kaya dahil sa ibaÉ??t ibang benepisyong kasama nito tulad ng live access sa shows, meet and greet, at marami pang iba.","Dahil nag-iisa lang ang mga ito, mabenta ang NFTs sa mga collector ng digital art o É??di kaya dahil sa ibaÉ??t ibang benepisyong kasama nito tulad ng live access sa shows, meet and greet, at marami pang iba."
Aminado si Roque na malabo pang pilitin ang mga mamamayan na magpabakuna dahil hindi pa sapat suplay.,Aminado si Roque na malabo pang pilitin ang mga mamamayan na magpabakuna dahil hindi pa sapat ang suplay.
Napapailing pag-alala ng aming source.,Napapailing na pag-alala ng aming source.
"Sa lakas umano ng impact nito, bumangga rin ang bus sa isa pang bus na nasa nasa harapan nito.","Sa lakas umano ng impact nito, bumangga rin ang bus sa isa pang bus na nasa harapan nito."
"Pinapabayaan ko lang sila, dagdag pa-niya.","Pinapabayaan ko lang sila, dagdag pa niya."
"At hin di lang daw materyal at pinansiyal na suporta ang dapat ipagkaloob ng ama sa kaniyang anak, kung hindi maging sa moral o emosyonal.","At hindi lang daw materyal at pinansiyal na suporta ang dapat ipagkaloob ng ama sa kaniyang anak, kung hindi maging sa moral o emosyonal."
Nakatulong rin siya sa ilan niyang kababayang nangangailangan.,Nakatulong din siya sa ilan niyang kababayang nangangailangan.
"Jhoel Raquedan, maaaring dumulog sa korte ang netizen sa pamamagitan ng Small Claims Courts (SCCs), na bukod sa mabilis ang gagawing pagdinig sa kaso ay hindi na din kailangan ang abogado.","Jhoel Raquedan, maaaring dumulog sa korte ang netizen sa pamamagitan ng Small Claims Courts (SCCs), na bukod sa mabilis ang gagawing pagdinig sa kaso ay hindi na rin kailangan ang abogado."
Ibabalik ang sesyon ng Senado ngayong Lunes at umaasa ang publiko na lalo pang patitindihin ni Tulfo ang mga pasabog at matatapang na tanong sa sesyon at committee hearing.,Magbabalik ang sesyon ng Senado ngayong Lunes at umaasa ang publiko na lalo pang patitindihin ni Tulfo ang mga pasabog at matatapang na tanong sa sesyon at committee hearing.
"Makikita mo talaga ang pagpapa halaga nila sa mga kasama nila sa bahay, hindi nila kinalimutan na bigyan sila ng mga bagay na pakikinabangan nila.","Makikita mo talaga ang pagpapa-halaga nila sa mga kasama nila sa bahay, hindi nila kinalimutan na bigyan sila ng mga bagay na pakikinabangan nila."
Pero agad pinawi ni acting Presidential Spokesman Karlo Nograles ang pagaalala ng publiko para sa pangulo dahil negatibo ang resulta ang COVID test nito.,Pero agad pinawi ni acting Presidential Spokesman Karlo Nograles ang pag-aalala ng publiko para sa pangulo dahil negatibo ang resulta ang COVID test nito.
"Kinilala ang biktima na tadtad ng saksak ang katawan na si Jayson Honorio, 22, at residente din ng naturang lugar.","Kinilala ang biktima na tadtad ng saksak ang katawan na si Jayson Honorio, 22, at residente rin ng naturang lugar."
May kanya kanya na silang pamilya at abala na rin sila sa kani-kanilang career.,May kanya-kanya na silang pamilya at abala na rin sila sa kani-kanilang career.
Nangyayari ang insidente sa Road 10 sa tapat ng Smokey Mountain.,Nangyari ang insidente sa Road 10 sa tapat ng Smokey Mountain.
"Hindi aniya mahirap na sagutin ang panawagan ng mga manggagawa ng pagtataas sa suweldo dahil base sa kanilang pag-aaral, dapat ay itaas ito sa P652 mula sa kasalukuyang P537 minimum wage. Ngunit hindi pa din umaaksyon dito ang Department of Labor and Employment.","Hindi aniya mahirap na sagutin ang panawagan ng mga manggagawa ng pagtataas sa suweldo dahil base sa kanilang pag-aaral, dapat ay itaas ito sa P652 mula sa kasalukuyang P537 minimum wage. Ngunit hindi pa rin umaaksyon dito ang Department of Labor and Employment."
"Si Isko Moreno, na unang nakilala bilang isang aktor, ay kasalukuyang nasa ikaapat na pwesto habang nagsusulat ang balitang ito.","Si Isko Moreno, na unang nakilala bilang isang aktor, ay kasalukuyang nasa ikaapat na pwesto habang sinusulat ang balitang ito."
"Sa ulat ng GMA Regional TV ""Balitang Amianan"" nitong Lunes, nakikipag-kilala ang biktima na si Mark Russel de Torres, 34-anyos.","Sa ulat ng GMA Regional TV ""Balitang Amianan"" nitong Lunes, kinilala ang biktima na si Mark Russel de Torres, 34-anyos."
Umaabot sa 33 pelikula ang natanggap na isinumite ng mga movie producer para sa kauna-unahang summer edition ng Metro Manila Film Festival (MMFF) na itinakda sa buwan sa Abril.,Umabot sa 33 pelikula ang natanggap na isinumite ng mga movie producer para sa kauna-unahang summer edition ng Metro Manila Film Festival (MMFF) na itinakda sa buwan sa Abril.
"Ang makakakita ko lang diyan, maganda yan, marketing wise, promo wise.","Ang nakikita ko lang diyan, maganda yan, marketing wise, promo wise."
Bukod dito ay labas din ng tiktok video si Andrea na may nakalagay na É??kagigising ko langÉ?? at ang background music ay awitin ni Selena Gomez na É??Love You to Love MeÉ?ù na sinasabayan pa ng dalaga.,Bukod dito ay naglabas din ng tiktok video si Andrea na may nakalagay na É??kagigising ko langÉ?? at ang background music ay awitin ni Selena Gomez na É??Love You to Love MeÉ?ù na sinasabayan pa ng dalaga.
"Bilyon, at ngayong 2022 ay aabot sa P84.69.","Bilyon, at ngayong 2022 ay umaabot sa P84.69."
Desisyon na din umano ng LGUs kung magpapatupad ng granular lockdown.,Desisyon na rin umano ng LGUs kung magpapatupad ng granular lockdown.
"Sa kasalukuyan, naglalaro pa rin sa P450, P500 hanggang P600 ang presyo ng sibuyas, na ayon kay Salceda ay asahan na ang pagbaba muli ng presyo sa P50 kada-kilo.","Sa kasalukuyan, naglalaro pa rin sa P450, P500 hanggang P600 ang presyo ng sibuyas, na ayon kay Salceda ay asahan na ang pagbaba muli ng presyo sa P50 kada kilo."
"Bilang ambassador, pangungunahan ni Scola ang pagpo-promote sa FIBA World Cup kabilang na ang draw ceremony na idaraos sa sinusundan na taon.","Bilang ambassador, pangungunahan ni Scola ang pagpo-promote sa FIBA World Cup kabilang na ang draw ceremony na idaraos sa susunod na taon."
"Sa kabila nito, nagsasabi ng FDA na maaaring mabigyan ng ""compassionate special permits""ang mga maliliit na grupo, kahit na wala pang inilalabas na emergency use authorization (EUA), pagdating sa mga bakuna.","Sa kabila nito, sinabi ng FDA na maaaring mabigyan ng ""compassionate special permits""ang mga maliliit na grupo, kahit na wala pang inilalabas na emergency use authorization (EUA), pagdating sa mga bakuna."
"Paglilinaw ni DOTr Undersecretary for Legal Affairs Reinier Paul Yebra, posibleng humarap sa P500-P5,000 na multa o kulong na mula limang araw hanggang anim na buwan ang mga kalalabag sa kahalintulad na ""no bakuna, no labas"" na ipinatutupad ng mga lokal na pamahalaan ngayon.","Paglilinaw ni DOTr Undersecretary for Legal Affairs Reinier Paul Yebra, posibleng humarap sa P500-P5,000 na multa o kulong na mula limang araw hanggang anim na buwan ang mga lalabag sa kahalintulad na ""no bakuna, no labas"" na ipinatutupad ng mga lokal na pamahalaan ngayon."
"Kaya ang rekomendasyon ng mga duktor, kinailangan ni Arby na magbawas ng timbang sa pamamagitan ng bawas sa pagkain at mag-ehersisyo.","Kaya ang rekomendasyon ng mga duktor, kailangan ni Arby na magbawas ng timbang sa pamamagitan ng bawas sa pagkain at mag-ehersisyo."
Aabutin ng ikalimang alarma ang sunog bago naideklarang fire under control dakong alas-11:09 ng umaga.,Umabot ng ikalimang alarma ang sunog bago naideklarang fire under control dakong alas-11:09 ng umaga.
Kahit nga kapag tungkol kay AJ Raval ay ngiti lang sagot niya.,Kahit nga kapag tungkol kay AJ Raval ay ngiti lang ang sagot niya.
"Pero ayon kay Jimuel, passion niya rin ang pagbo-boxing at gusto niyang gumawa ng pangalan pangalan para sa sarili.","Pero ayon kay Jimuel, passion niya rin ang pagbo-boxing at gusto niyang gumawa ng pangalan para sa sarili."
"Sobrang naglook forward ako kasi magaling yung team namin, yung production namin, and sobrang light lang ng script.","Sobrang nag-look forward ako kasi magaling yung team namin, yung production namin, and sobrang light lang ng script."
"Anyway, mas lalo akong na excite sa Maid in Malaca?Òang sa nakita kong itsura ni Cristine bilang si Imee.","Anyway, mas lalo akong na-excite sa Maid in Malaca?Òang sa nakita kong itsura ni Cristine bilang si Imee."
Posibleng nais ng mga organizers na maiwasang maulit ang laro ng University of Santo Tomas at Adamson University na umaabot ng madaling araw dahil umabot sa limang sets ang mga naunang laro.,Posibleng nais ng mga organizers na maiwasang maulit ang laro ng University of Santo Tomas at Adamson University na umabot ng madaling araw dahil umabot sa limang sets ang mga naunang laro.
Ang female personality ang naging dahilan kung bakit nauntog sa katotohanan ang gay businessman na bitiwan ang hunk actor.,Ang female personality ang naging dahilan kung bakit nauntog sa katotohanan ang gay businessman na bitiwan na ang hunk actor.
"Kaya hindi na tayo nag-atubili pa nang ma laman natin kung saan siya pupunta agad po natin itong sinundan, pahayag ni Police Colonel Reydante Ariza, Chief Regional Intelligence Division-PRO 8.","Kaya hindi na tayo nag-atubili pa nang malaman natin kung saan siya pupunta agad po natin itong sinundan, pahayag ni Police Colonel Reydante Ariza, Chief Regional Intelligence Division-PRO 8."
Simula sa susunod na linggo ay ipagpapatuloy na ng Manila Electric Company (Meralco) ang ang pagpapadala ng disconnection notice para sa mga kostumer nilang hindi nakakapagbayad ng kuryente o yaong may mga unpaid overdue bills.,Simula sa susunod na linggo ay ipagpapatuloy na ng Manila Electric Company (Meralco) ang pagpapadala ng disconnection notice para sa mga kostumer nilang hindi nakakapagbayad ng kuryente o yaong may mga unpaid overdue bills.
At may kahigpitan daw sa hospital sa Marikina na pinagdalhan niya na hindi rin siya in-allow na mag stay roon nang matagal.,At may kahigpitan daw sa hospital sa Marikina na pinagdalhan niya na hindi rin siya in-allow na mag-stay roon nang matagal.
Ito ay ang pag ibig Mo para sa amin.,Ito ay ang pag-ibig Mo para sa amin.
"Nitong nagdang araw ngLunes, nasa 100% nang naibalik ang face-to-face classes sa lahat ng ng kurso ng University of the Philippines sa buong bansa.Una.","Nitong nagdang araw ngLunes, nasa 100% nang naibalik ang face-to-face classes sa lahat ng kurso ng University of the Philippines sa buong bansa.Una."
"Binababa naman ang pasahero saGood FridaysaApril 15pero dadagsa ulit saEaster Sunday, April 17hanggang lunesApril 18dahil karamihan sa pasahero ay babalik na ng Metro Manila galing probinsiya o vice versa.","Bababa naman ang pasahero saGood FridaysaApril 15pero dadagsa ulit saEaster Sunday, April 17hanggang lunesApril 18dahil karamihan sa pasahero ay babalik na ng Metro Manila galing probinsiya o vice versa."
"Kaugnay nito, sinasabi ni Western Mindanao Command (Wesmincom) Commander Lt. Gen.","Kaugnay nito, sinabi ni Western Mindanao Command (Wesmincom) Commander Lt. Gen."
"Actually, pabalik-balik ng Pinas at Tate si P-chi dahil marami din siyang commitment doon at marami rin namang mga booking sa kanya ang Sparkle (dating GMA Artists Center) na namamahala sa kanyang career ngayon.","Actually, pabalik-balik ng Pinas at Tate si P-chi dahil marami rin siyang commitment doon at marami rin namang mga booking sa kanya ang Sparkle (dating GMA Artists Center) na namamahala sa kanyang career ngayon."
Nag-promise si Marian na ito ang naghahanda niya kay Bea Alonzo pag dumalaw sa bahay nila ni Dingdong Dantes.,Nag-promise si Marian na ito ang ihahanda niya kay Bea Alonzo pag dumalaw sa bahay nila ni Dingdong Dantes.
Inilunsad ang Olympic torch relay sa Fukushima noong nakaraang buwan kung saan ipinagbawal ang mga pinapanood na dumalo sa launch ceremony.,Inilunsad ang Olympic torch relay sa Fukushima noong nakaraang buwan kung saan ipinagbawal ang mga manonood na dumalo sa launch ceremony.
Magiging malaking tulong rin umano ito upang mapabilis ang biyahe ng mga kalakal papasok at palabas sa mga industrial complex sa loob ng bayan ng Guiguinto.,Magiging malaking tulong din umano ito upang mapabilis ang biyahe ng mga kalakal papasok at palabas sa mga industrial complex sa loob ng bayan ng Guiguinto.
"Marami nga ang naloka sa sinabi niyang, Tanggalin na din nila ako.","Marami nga ang naloka sa sinabi niyang, Tanggalin na rin nila ako."
Wala namang insidenteng naitala sa pagpapatuloy ng vaccination program kung saan ay aasahan na nasa 100 medical workers ang nakalinya na bibigyan ng first dose ng bakuna kahapon.,Wala namang insidenteng naitala sa pagpapatuloy ng vaccination program kung saan ay inaasahan na nasa 100 medical workers ang nakalinya na bibigyan ng first dose ng bakuna kahapon.
"Sa halip, gusto raw niyangsiya mismo ang humarap humarap sa media.","Sa halip, gusto raw niyangsiya mismo ang humarap sa media."
"Nag-alok ng P1-milyong pabuya si Senator Raffy Tulfo sa makapagtuturo sa isang lalaki na pumapatay sa 21-anyos na binata at gumahasa sa 17-anyos na nobya nito matapos pasukin ang kanilang tent habang nagka-camping sa isang beach sa Boac, Marinduque noong Biyernes.","Nag-alok ng P1-milyong pabuya si Senator Raffy Tulfo sa makapagtuturo sa isang lalaki na pumatay sa 21-anyos na binata at gumahasa sa 17-anyos na nobya nito matapos pasukin ang kanilang tent habang nagka-camping sa isang beach sa Boac, Marinduque noong Biyernes."
"So, hindi na din namin siya napapag-usapan.","So, hindi na rin namin siya napapag-usapan."
Nagbantay kasi ng gobyerno ang biglaang pagsipa ng mga kaso dahil sa kaliwat kanang salu-salo at pagtitipon sa nakaraang holiday season.,Binabantayan kasi ng gobyerno ang biglaang pagsipa ng mga kaso dahil sa kaliwat kanang salu-salo at pagtitipon sa nakaraang holiday season.
Sinabi ni Evangelista na ang dating farmgate-price ay nasa P460 kada kilo.,Sinabi ni Evangelista na ang dating farmgate price ay nasa P460 kada kilo.
Ganito din naman ang panawagan ni Remulla kay Bantag na sumuko na.,Ganito rin naman ang panawagan ni Remulla kay Bantag na sumuko na.
"Kinakantahan ko po ang nanay ko kasi wala po yung tatay ko, hindi nagsabi sa akin, sabi ni Carl.","Kinakantahan ko po ang nanay ko kasi wala po yung tatay ko, hindi sinasabi sa akin, sabi ni Carl."
"Ito ay batay sa tanong sa mga kalahok, Kung ang pinili niyo bilang presidente ng Pilipinas ay hindi na magpatuloy bilang kandidato sa pagka-presidente, sino naman ang inyong iboboto iboboto kung ang eleksisyon ay gagawin ngayon at nagpatuloy na kumandidato ang iba pang nasa listahang ito?","Ito ay batay sa tanong sa mga kalahok, Kung ang pinili niyo bilang presidente ng Pilipinas ay hindi na magpatuloy bilang kandidato sa pagka-presidente, sino naman ang inyong iboboto kung ang eleksisyon ay gagawin ngayon at nagpatuloy na kumandidato ang iba pang nasa listahang ito?"
"Kasi may iba naman silang organizers preferred candidate, which is sila naman ang nag host, sila naman ang gumastos, sila naman ang tumulong, dagdag pa ni Domagoso sa media.","Kasi may iba naman silang organizers preferred candidate, which is sila naman ang nag-host, sila naman ang gumastos, sila naman ang tumulong, dagdag pa ni Domagoso sa media."
Wala rin daw sasabihin ang production sa cast ng Ang Probinsyano kung tatapusin na nga ang kuwento nito after seven years.,Wala rin daw sinasabi ang production sa cast ng Ang Probinsyano kung tatapusin na nga ang kuwento nito after seven years.
Subalit bandang alas-5:45 ng Huwebes ng umaga ay sinabi umano ng security aide ni Aquino na hindi tumatawag ang dating pangulo.,Subalit bandang alas-5:45 ng Huwebes ng umaga ay sinabi umano ng security aide ni Aquino na hindi tumawag ang dating pangulo.
Nakasaad rin sa partial report na dating nang notoryus si Lao bago pa man masangkot ang kanyang pangalan sa Pharmally controversy.,Nakasaad din sa partial report na dating nang notoryus si Lao bago pa man masangkot ang kanyang pangalan sa Pharmally controversy.
Inasahan na makakakita ng malaking pagtaas ng arrivals sa bansa pagsapit ng ikatlong quarter ng taon.,Inaasahan na makakakita ng malaking pagtaas ng arrivals sa bansa pagsapit ng ikatlong quarter ng taon.
"Inisyal na imbestigasyon ng pulisya, napagalaman na nakatulog ang drayber ng gumewang na SUV kaya nangyari ang insidente.","Sa inisyal na imbestigasyon ng pulisya, napagalaman na nakatulog ang drayber ng gumewang na SUV kaya nangyari ang insidente."
"Aniya, gustong gawin ito nang MM mayors upang lalo pang mapalakas ang tiwala ng publiko sa COVID-19 vaccines.","Aniya, gustong gawin ito ng MM mayors upang lalo pang mapalakas ang tiwala ng publiko sa COVID-19 vaccines."
"Hindi mo maiiwasan na may susunod na mamamatay pero yung time-lapse,"" ayon kay magsasabi ni Saint Paul Cathedral Parish Priest Fr.","Hindi mo maiiwasan na may susunod na mamamatay pero yung time-lapse,"" ayon kay sabi ni Saint Paul Cathedral Parish Priest Fr."
"Sinisigaw siya nang napakalakas, É??Naiihi ako!","Sisigaw siya nang napakalakas, É??Naiihi ako!"
Tatama din umano ito sa paglago ng gross domestic product (GDP) ng bansa ang pagtataas ng Bangko Sentral ng Pilipinas ng interest rates.,Tatama rin umano ito sa paglago ng gross domestic product (GDP) ng bansa ang pagtataas ng Bangko Sentral ng Pilipinas ng interest rates.
Nakarating kasi sa kanyang kaalaman na matagal nang inirereklamo ang masamang paguugali ng ilang nurse at medical staff ng QMC na aniyay nakadaragdag pa ng stress sa mga pasyente.,Nakarating kasi sa kanyang kaalaman na matagal nang inirereklamo ang masamang pag-uugali ng ilang nurse at medical staff ng QMC na aniyay nakadaragdag pa ng stress sa mga pasyente.
"Sure na tulad ng Alden/Kathryn noon, tumanggap ito ng fans ni Alden nang buong puso dahil gusto rin nila na makita na hindi lang taga-GMA ang stars na nakakasama niya, kundi yung mga top star din ng ABS-CBN.","Sure na tulad ng Alden/Kathryn noon, tatanggapin ito ng fans ni Alden nang buong puso dahil gusto rin nila na makita na hindi lang taga-GMA ang stars na nakakasama niya, kundi yung mga top star din ng ABS-CBN."
Nagpatuloy ang imbestigasyon ng Sarrat Municipal Police upang matukoy angsalarin at ang motibo sa krimen.,Patuloy ang imbestigasyon ng Sarrat Municipal Police upang matukoy angsalarin at ang motibo sa krimen.
Bilyon ang inilaan ni Pacquiao para sa pagpapatayo ng Sarangani Sports Training Center É?? bagay na hindi pa din tapos.,Bilyon ang inilaan ni Pacquiao para sa pagpapatayo ng Sarangani Sports Training Center É?? bagay na hindi pa rin tapos.
"Magkasabay na tapos ang É??Libreng Sakay programÉ?? ng mga public utility vehicles (PUVs) at ng Metro Rail Transit Line 3 (MRT-3) sa Hunyo 30, 2022, na siya ring huling araw sa puwesto ng administrasyong Duterte.","Magkasabay na magtatapos ang É??Libreng Sakay programÉ?? ng mga public utility vehicles (PUVs) at ng Metro Rail Transit Line 3 (MRT-3) sa Hunyo 30, 2022, na siya ring huling araw sa puwesto ng administrasyong Duterte."
Milyong budget para sa hazard pay ng kanilang mga empleyado na nagreport sa kanilang trabaho sa panahon ng Enhanced Community Quarantine (ECQ) at Modified Enhanced Community Quarantine (MECQ) ngayong taon.,Milyong budget para sa hazard pay ng kanilang mga empleyado na nag-report sa kanilang trabaho sa panahon ng Enhanced Community Quarantine (ECQ) at Modified Enhanced Community Quarantine (MECQ) ngayong taon.
Hindi na nagaksaya ng panahon si Jerkins at kaagad niyang pinatalikod si Robert at isinagawa ang Heimlich maneuver.,Hindi na nag-aksaya ng panahon si Jerkins at kaagad niyang pinatalikod si Robert at isinagawa ang Heimlich maneuver.
"Pero dahil sa pagbabago ng concert date, umaasa siya na ok at makakasama pa rin niya ang mga nabanggit na na artist.","Pero dahil sa pagbabago ng concert date, umaasa siya na ok at makakasama pa rin niya ang mga nabanggit na artist."
"Kailangan talaga maging maingat tayo sa mga pino portray nating roles at kailangan panindigan natin ito nang maayos, nang mabuti,É?ù giit ng aktor.","Kailangan talaga maging maingat tayo sa mga pino-portray nating roles at kailangan panindigan natin ito nang maayos, nang mabuti,É?ù giit ng aktor."
"Sa pahayag ng biktima kay Pat Marco Romero Cupo, may hawak ng kaso, nitong Agosto 7, dakong ala-1 ng hapon ng tangayin ngdi nakilalang suspek ang kanyang motorsiklong Mio saBrgy.","Sa pahayag ng biktima kay Pat Marco Romero Cupo, may hawak ng kaso, nitong Agosto 7, dakong ala-1 ng hapon nang tangayin ngdi nakilalang suspek ang kanyang motorsiklong Mio saBrgy."
"Napag-usapan na rin po namin ito ng Viva. Gusto ko po talaga mag-action, gusto ko rin po na makuha yung dream ko ko na mag-action,É?ù giit ng aktres.","Napag-usapan na rin po namin ito ng Viva. Gusto ko po talaga mag-action, gusto ko rin po na makuha yung dream ko na mag-action,É?ù giit ng aktres."
"Alinsunod sa isang batas noong 1921, pinapayagan lang ang abortion sa mga ka so ng rape o kapag may panganib sa buhay ng buntis.","Alinsunod sa isang batas noong 1921, pinapayagan lang ang abortion sa mga kaso ng rape o kapag may panganib sa buhay ng buntis."
Sa naging pahayag ng aktres ay tatawagin niyang É??Ms.,Sa naging pahayag ng aktres ay tinawag niyang É??Ms.
"Magsisimula ang termino ng mga napanalunan sa Eleksyon 2022 sa Hulyo 1, 2022.--FRJ.","Magsisimula ang termino ng mga mananalo sa Eleksyon 2022 sa Hulyo 1, 2022.--FRJ."
Haharapin ni Biado sa-third round si Joven Bustamante ng Amerika kung saan ang mananalo ay uusad sa knockout stage ng torneo.,Haharapin ni Biado sa third round si Joven Bustamante ng Amerika kung saan ang mananalo ay uusad sa knockout stage ng torneo.
"Bukod dito, sobrang dumi din ng paligid ng tindahan, mula sa flooring hanggang sa freezer.","Bukod dito, sobrang dumi rin ng paligid ng tindahan, mula sa flooring hanggang sa freezer."
Hindi pa rin naman nadaragdagan ang isang pasyente na nasawi-makaraang makakuha ng UK variant ng virus.,Hindi pa rin naman nadaragdagan ang isang pasyente na nasawi makaraang makakuha ng UK variant ng virus.
Ang nakita sa pamamagitan ng Instagram ay maaaring gawin sa maraming paraan.,Ang kita sa pamamagitan ng Instagram ay maaaring gawin sa maraming paraan.
Sa kasalukuyan daw nasa hustong edad na ang nasabing babae upang panagutan ang kanyang pagkakasala at mapatawan nang kaukulang kaparusahan ng ayon sa batas.,Sa kasalukuyan daw nasa hustong edad na ang nasabing babae upang panagutan ang kanyang pagkakasala at mapatawan ng kaukulang kaparusahan ng ayon sa batas.
"Paliwanag ni Mapa, pinakamataas ang unemployment rate sa National Capital Region (NCR) kung saan 9 sa bawat 100 ang maghahanap ng trabaho at pinakamababa naman sa Cordillera Administrative Region na 3.8%.","Paliwanag ni Mapa, pinakamataas ang unemployment rate sa National Capital Region (NCR) kung saan 9 sa bawat 100 ang naghahanap ng trabaho at pinakamababa naman sa Cordillera Administrative Region na 3.8%."
"Tinukoy pa Abad na sanhi nito ang ipinaiiral na ban ng European Union laban sa oil importation mula sa Russia, ang posibleng pagtaas ng demand para sa fuel ngayong summer season sa Northern Hemisphere, at ang nagaganap na giyera sa pagitan ng Ukraine at Russia.","Tinukoy pa ni Abad na sanhi nito ang ipinaiiral na ban ng European Union laban sa oil importation mula sa Russia, ang posibleng pagtaas ng demand para sa fuel ngayong summer season sa Northern Hemisphere, at ang nagaganap na giyera sa pagitan ng Ukraine at Russia."
"Andaming nanghingi É??pag nagpo-post ako na nagluluto, IÉ??m sorry, Lutuan ko na lang kayo, sabihin nyo sa akin!","Andaming nanghihingi É??pag nagpo-post ako na nagluluto, IÉ??m sorry, Lutuan ko na lang kayo, sabihin nyo sa akin!"
"Diniskaril ng Bolts ang hangarin ng Magnolia Hotshots ng angkinin ang 102-98 panalo sa Game Five ng kanilang semifinals series sa 2021 PBA Philippine Cup kahapon sa Don Honorio Ventura State University Gym sa Bacolor, Pampanga.","Diniskaril ng Bolts ang hangarin ng Magnolia Hotshots nang angkinin ang 102-98 panalo sa Game Five ng kanilang semifinals series sa 2021 PBA Philippine Cup kahapon sa Don Honorio Ventura State University Gym sa Bacolor, Pampanga."
"Ikinalungkot din ni Tito ang É??pagreretiroÉ?ù Tuviera, ang presidente at CEO ng TAPE Inc.","Ikinalungkot din ni Tito ang É??pagreretiroÉ?ù ni Tuviera, ang presidente at CEO ng TAPE Inc."
"Imbes na magtaas ng buwis, sinabi ni Escudero na pagaralan ng gobyerno ang pagbebenta ng ilang ari-arian nito at mas palakasin pa ang public-private partnerships (PPP) para mapondohan ang paghataw sa pagtatayo ng mga imprastruktura.","Imbes na magtaas ng buwis, sinabi ni Escudero na pag-aralan ng gobyerno ang pagbebenta ng ilang ari-arian nito at mas palakasin pa ang public-private partnerships (PPP) para mapondohan ang paghataw sa pagtatayo ng mga imprastruktura."
May pagkakataon din umano na iniiba ang ayos nang tari o ang matalas na bagay na inilalagay sa manok para hindi tamaan ang kalaban na manok.,May pagkakataon din umano na iniiba ang ayos ng tari o ang matalas na bagay na inilalagay sa manok para hindi tamaan ang kalaban na manok.
"Sa pagkakaiba naman nila, si nabi ni Xian na ""very quiet person"" siya.","Sa pagkakaiba naman nila, sinabi ni Xian na ""very quiet person"" siya."
"Nilinaw pa ni Nograles, tanging ang mga Regional Office lamang ng CSC ang maaaring tumanggap at magproseso ng request para sa authenticated COE copies at hindi kasama ang kanilang Field Offices.","Nilinaw pa ni Nograles, tanging ang mga Regional Office lamang ng CSC ang maaaring tumanggap at mag-proseso ng request para sa authenticated COE copies at hindi kasama ang kanilang Field Offices."
"Ayon sa QC health department, mahalagang masigurong mabigyan ng naturang bakuna ang kanilang pinapanganak pagkapanganak upang maprotektahan sa sakit na TB.","Ayon sa QC health department, mahalagang masigurong mabigyan ng naturang bakuna ang kanilang anak pagkapanganak upang maprotektahan sa sakit na TB."
"Sa ulat, bumibisita ang 74-anyos na Hari sa bayan ng Luton sa north England nitong Nobyembre 9 ng batuhin siya ni Thelwell ng mga itlog.","Sa ulat, bumibisita ang 74-anyos na Hari sa bayan ng Luton sa north England nitong Nobyembre 9 nang batuhin siya ni Thelwell ng mga itlog."
"Sa ikalawang laro, mag-uunahan rin ang TNT at Meralco sa pagtatayo ng 1-0 bentahe sa kanilang semis showdown.","Sa ikalawang laro, mag-uunahan din ang TNT at Meralco sa pagtatayo ng 1-0 bentahe sa kanilang semis showdown."
"Nakalulungkot na mag-lilimang taon na simula nang nangyari yung Marawi siege e hindi pa din makabalik ang mga tao sa lupang kinalakihan nila, sabi ni Padilla.","Nakalulungkot na mag-lilimang taon na simula nang nangyari yung Marawi siege e hindi pa rin makabalik ang mga tao sa lupang kinalakihan nila, sabi ni Padilla."
"Pero paglilinaw niya, hindi siya nag-workout para-lang magpa-sexy o pumayat.","Pero paglilinaw niya, hindi siya nag-workout para lang magpa-sexy o pumayat."
Nasanay na ako na may nagti-text sa akin everyday kaya pag wala akong natanggap parang nagtaka ako.,Nasanay na ako na may nagti-text sa akin everyday kaya pag wala akong natanggap parang nagtataka ako.
The Buzz ang naalala ko ng ilabas ni Kris Aquino ang buwelta sa kanyang Instagram account tungkol sa patuloy pambabalahura diumano sa kanila particular na sa anak niyang sina Joshua at Bimby.,The Buzz ang naalala ko nang ilabas ni Kris Aquino ang buwelta sa kanyang Instagram account tungkol sa patuloy pambabalahura diumano sa kanila particular na sa anak niyang sina Joshua at Bimby.
Hindi naman-kinalimutan ng aktres na pasalamatan ang kaniyang mister na si Trevor Magallanes.,Hindi naman kinalimutan ng aktres na pasalamatan ang kaniyang mister na si Trevor Magallanes.
"Sa ulat ni Mark Salazar sa GMA News ""24 Oras"" nitong Lunes, ipinakita ang ini-upload ni Mary Vanessa Guzman-Tan, na larawan ng isda na bumibili sana ng kaniyang ama na mayroon candy wrappers, bottle caps, at plastic spoon.","Sa ulat ni Mark Salazar sa GMA News ""24 Oras"" nitong Lunes, ipinakita ang ini-upload ni Mary Vanessa Guzman-Tan, na larawan ng isda na bibilhin sana ng kaniyang ama na mayroon candy wrappers, bottle caps, at plastic spoon."
"Linggo lang nang sabihin ni Davao City Vice Mayor Sebastian ""Baste"" Dutete na pinapakita na raw ng mga ""sinyales"" ang kanyang amang si Digong na ineendorso niya si Bongbong.Kamakailan.","Linggo lang nang sabihin ni Davao City Vice Mayor Sebastian ""Baste"" Dutete na nagpapakita na raw ng mga ""sinyales"" ang kanyang amang si Digong na ineendorso niya si Bongbong.Kamakailan."
Gwapo si Pasha at mukhang bata pa kaya ang daming nagdarasal na matapos na ang nasabing bakbakan ng dalawang bansa na apektado na ang marami at pati mga bata ay mamamatay dahil dito.,Gwapo si Pasha at mukhang bata pa kaya ang daming nagdarasal na matapos na ang nasabing bakbakan ng dalawang bansa na apektado na ang marami at pati mga bata ay namamatay dahil dito.
"Laganap ang pagbaha dahil sa walang tigil na pagulan, may bulkang pumuputok, maraming kababayan natin ang nangangailangan ng tulong.","Laganap ang pagbaha dahil sa walang tigil na pag-ulan, may bulkang pumuputok, maraming kababayan natin ang nangangailangan ng tulong."
Ito ang pahayag ni Deputy Speaker at ngayoy Team Unity senatorial bet Loren Legarda sa gitna ng paghahanda sa unti-unting pagbabalik-normal ng buhay at ekonomiya bunsod ng bumababang bilang ng kaso ng COVID-19.,Ito ang pahayag ni Deputy Speaker at ngayoy Team Unity senatorial bet Loren Legarda sa gitna nang paghahanda sa unti-unting pagbabalik-normal ng buhay at ekonomiya bunsod ng bumababang bilang ng kaso ng COVID-19.
Ang biktima ay nakipaginuman umano sa kaniyang mga kaibigan ilang oras oras bago ang insidente.,Ang biktima ay nakipaginuman umano sa kaniyang mga kaibigan ilang oras bago ang insidente.
"Yung sobrang strict ko sa work, lahat yun dahil kay Kuya Coco, pagpapa tuloy ni Awra.","Yung sobrang strict ko sa work, lahat yun dahil kay Kuya Coco, pagpapatuloy ni Awra."
"Sa kalagitnaan ng imbestigasyon, biglang katatago sa si Dane.","Sa kalagitnaan ng imbestigasyon, biglang nagtago sa si Dane."
Ipagdiriwang ng Universal Reality Combat Championship (URCC) ang dalawang dekada ng kadakilaan sa pagdaraos ng Decades of Success (DOS) sa Disyembre 6 tampok ang m ga best mixed martial artists sa Okada Manila sa Para?Òaque City.,Ipagdiriwang ng Universal Reality Combat Championship (URCC) ang dalawang dekada ng kadakilaan sa pagdaraos ng Decades of Success (DOS) sa Disyembre 6 tampok ang mga best mixed martial artists sa Okada Manila sa Para?Òaque City.
"Base sa unang report sa media, umabot sa 47,000 katao ang dumalo sa Robredo-Pangilinan rally sa General Trias.","Base sa unang report sa media, aabot sa 47,000 katao ang dumalo sa Robredo-Pangilinan rally sa General Trias."
Makikita aniya nito kung paano nahirapan ang mga mamayan dahil sa biglaang pagpapakawala ng tubig sa dam kaya hindi dapat na maulit ang ganitong insidente.,Nakita aniya nito kung paano nahirapan ang mga mamayan dahil sa biglaang pagpapakawala ng tubig sa dam kaya hindi dapat na maulit ang ganitong insidente.
Sobrang kakagatin sa kunsensiya ang ipinahayag ni Kris na pati ang isang taong patay na ay nakaya pang gamitin ni Mel.,Sobrang kumakagat sa kunsensiya ang ipinahayag ni Kris na pati ang isang taong patay na ay nakaya pang gamitin ni Mel.
"Kahihindi na siya sumisisid ngayon sa pagbibisyo, nagbago na talaga siya, isinusumpa na niya ang bisyong sumira sa buhay niya!","Hindi na siya sumisisid ngayon sa pagbibisyo, nagbago na talaga siya, isinusumpa na niya ang bisyong sumira sa buhay niya!"
Philadelphia É?? Tuluyan nang isinara ng Miami Heat ang kanilang semifinals series ng 76ers matapos angkinin ang 99-90 panalo sa Game Six pumapasok sa Eastern Conference finals.,Philadelphia É?? Tuluyan nang isinara ng Miami Heat ang kanilang semifinals series ng 76ers matapos angkinin ang 99-90 panalo sa Game Six papasok sa Eastern Conference finals.
Tiniyak din ni Villar na hindi nila ito nagmamadali at bibigyan ng sapat na panahon at maglalabas ang Senado ng best version ng Maharlika Investment fund bill.,Tiniyak din ni Villar na hindi nila ito mamadaliin at bibigyan ng sapat na panahon at maglalabas ang Senado ng best version ng Maharlika Investment fund bill.
Umisip rin si Celvin ng mga paraan para hindi magsawa ang kaniyang mga customer.,Umisip din si Celvin ng mga paraan para hindi magsawa ang kaniyang mga customer.
Nakipag ugnayan na rin ang pamahalaan ng Pilipinas sa World Health Organization (WHO) para sa kailangan panuntunan sa international verification system sa COVID-19 vaccinations.,Nakipag-ugnayan na rin ang pamahalaan ng Pilipinas sa World Health Organization (WHO) para sa kailangan panuntunan sa international verification system sa COVID-19 vaccinations.
Yung nagulat ka rin na biglang pinapatay si Ricky Lo. Si Shalala.,Yung nagulat ka rin na biglang namatay si Ricky Lo. Si Shalala.
Matatandaang nagbitiw si Baldwin bilang program director nang SBP kung saan idinahilan nito na nais nitong ituon ang kanyang pansin sa paghahanda ng Ateneo Blue Eagles sa nalalapit na pagbubukas ng UAAP Season 84.,Matatandaang nagbitiw si Baldwin bilang program director ng SBP kung saan idinahilan nito na nais nitong ituon ang kanyang pansin sa paghahanda ng Ateneo Blue Eagles sa nalalapit na pagbubukas ng UAAP Season 84.
"Paglabas ng bahay, dun na nakorner ng mga mayari ang suspek na bumababa mula sa bintana.","Paglabas ng bahay, dun na nakorner ng mga may-ari ang suspek na bumababa mula sa bintana."
"Kasi ang-daming naghirap, ang daming nawalan ng work eh.","Kasi ang daming naghirap, ang daming nawalan ng work eh."
"Ayon kay Vergeire, ibinasura ang certificate of product registration ng Dengvaxia noong 2018 kasunod ng anunsiyo ng Sanofi Pasteur na maaaring magdulot ng É??more severeÉ?ù symptoms ang bakuna sa mga taong humihindi pa nagkaka-dengue kapag nabakunahan.","Ayon kay Vergeire, ibinasura ang certificate of product registration ng Dengvaxia noong 2018 kasunod ng anunsiyo ng Sanofi Pasteur na maaaring magdulot ng É??more severeÉ?ù symptoms ang bakuna sa mga taong hindi pa nagkaka-dengue kapag nabakunahan."
Grabe ang iyak ko nung nalaman ko hindi na ako makakasama sa show.,Grabe ang iyak ko nung nalaman ko na hindi na ako makakasama sa show.
"Ipinupunta naman ako sa ibang resto sa Morato, puwede naman, bakit sa Red Crab hindi puwede?","Nagpupunta naman ako sa ibang resto sa Morato, puwede naman, bakit sa Red Crab hindi puwede?"
"Yun ang time na sasabihin ko sa sarili ko na ayoko nang mag-artista, kasi dinatnan sa time na nabu-burnout ka na, kasi nga ang dami kong ginagawa eh during that time,"" anang ""Start-Up PH actress.","Yun ang time na sasabihin ko sa sarili ko na ayoko nang mag-artista, kasi dumating sa time na nabu-burnout ka na, kasi nga ang dami kong ginagawa eh during that time,"" anang ""Start-Up PH actress."
Napag-usapan na raw ng dalawa noong Enero na-magpakasal na sa Disyembre pero naisipan pa rin ni Lyka na sorpresahin ng wedding proposal ang nobyo sa kaarawan nito.,Napag-usapan na raw ng dalawa noong Enero na magpakasal na sa Disyembre pero naisipan pa rin ni Lyka na sorpresahin ng wedding proposal ang nobyo sa kaarawan nito.
Muntik pang mahulog ang inilalaki pero sumabit ang mga paa niya sa mga kawad.,Muntik pang mahulog ang lalaki pero sumabit ang mga paa niya sa mga kawad.
"Sa survey na ginanap noong Pebrero 18-23, 2022, nanatili sa u nang pwesto si Tulfo na nakakuha ng 66.9.","Sa survey na ginanap noong Pebrero 18-23, 2022, nanatili sa unang pwesto si Tulfo na nakakuha ng 66.9."
"Sa kanyang lingguhang É??Talk to the PeopleÉ??, sinabi ng Pangulo na pinag-iisipan niyang ilapit sa mahihirap ang mga bakuna para walang dahilan na hindi makapagpaturok ang mga may hindi maiwanan sa mga bahay gaya ng mga nanay na alaga ng mga anak.","Sa kanyang lingguhang É??Talk to the PeopleÉ??, sinabi ng Pangulo na pinag-iisipan niyang ilapit sa mahihirap ang mga bakuna para walang dahilan na hindi makapagpaturok ang mga may hindi maiwanan sa mga bahay gaya ng mga nanay na nag-aalaga ng mga anak."
Ngunit mawawalan ito ng ningning sa oras na i lapat nito ang É??knockout punchÉ?ù na magpapatulog sa Puerto Rican pug.,Ngunit mawawalan ito ng ningning sa oras na ilapat nito ang É??knockout punchÉ?ù na magpapatulog sa Puerto Rican pug.
Nangako din ang senador na mananatili siyang matatag sa pagtataguyod ng interes at kapakanan ng mga Pilipino.,Nangako rin ang senador na mananatili siyang matatag sa pagtataguyod ng interes at kapakanan ng mga Pilipino.
"Simula ngayon, Enero 27, ang mga commuter at turista ay makapagpapareserba na ng tiket ng maaga para bawas-abala sa pila sa araw ng biyahe. Maaaring bumili at mag-rebook ng mga tiket sa Para?Òaque Integrated Terminal Exchange (PITX) gamit ang beepÉ?õ card o sa pamamagitan ng kanilang advance booking hotline: Davao-PITX (0939-1351349) o PITX-Davao.","Simula ngayon, Enero 27, ang mga commuter at turista ay makapagpapareserba na ng tiket nang maaga para bawas-abala sa pila sa araw ng biyahe. Maaaring bumili at mag-rebook ng mga tiket sa Para?Òaque Integrated Terminal Exchange (PITX) gamit ang beepÉ?õ card o sa pamamagitan ng kanilang advance booking hotline: Davao-PITX (0939-1351349) o PITX-Davao."
"Samantala, dahil sa ipinamalas niyang kumpiyansa sa sarili at galing sa pagsagot ay napukaw ni ya ang loob ng Sexy Authoriteam na sina Ruffa Gutierrez, Chie Filomeno, at RK Bagatsing at nakakuha ng 94.7%.","Samantala, dahil sa ipinamalas niyang kumpiyansa sa sarili at galing sa pagsagot ay napukaw niya ang loob ng Sexy Authoriteam na sina Ruffa Gutierrez, Chie Filomeno, at RK Bagatsing at nakakuha ng 94.7%."
"Manalangin Tayo: Panginoon Hesus, humihingi po kami ng kapatawaran para sa lahat ng aming-mga kasalanan at pagkalulong sa masamang bisyo.","Manalangin Tayo: Panginoon Hesus, humihingi po kami ng kapatawaran para sa lahat ng aming mga kasalanan at pagkalulong sa masamang bisyo."
"Tingnan ninyo ang mga blogs nila, kasasalita pa lang girl na girl na.","Tingnan ninyo ang mga blogs nila, nagsasalita pa lang girl na girl na."
Bukod sa Rated Korina ay isa na din si Korina sa mga host ng TikTalks na mapapanood sa TV5.,Bukod sa Rated Korina ay isa na rin si Korina sa mga host ng TikTalks na mapapanood sa TV5.
Ngunit kinukunsidera ng COVAX na palitan ang mga bakuna na bibilhin ng pamahalaan maging ang binili ng mga pribadong sektor at ng mga lokal na pamahalaan.,Ngunit kinukunsidera ng COVAX na palitan ang mga bakuna na binili ng pamahalaan maging ang binili ng mga pribadong sektor at ng mga lokal na pamahalaan.
"Nakikiramay magtatayo sa kanyang pamilya, kaibigan at lahat ng mahal sa buhay, at sa lahat ng mga taga-NBBS Kaunlaran.","Nakikiramay tayo sa kanyang pamilya, kaibigan at lahat ng mahal sa buhay, at sa lahat ng mga taga-NBBS Kaunlaran."
"Eh, alam naman nilang may mga tao lang na gumagawa ng kuwento, nagiimbento para lang sirain sina Marian at Dingdong.","Eh, alam naman nilang may mga tao lang na gumagawa ng kuwento, nag-iimbento para lang sirain sina Marian at Dingdong."
"Dismayado din si Yap na wala ring smugglers ang nako-convict, kahit patuloy at harap-harapan na silang illegal na nagpapasok ng mga puslit na agricultural products sa bansa.","Dismayado rin si Yap na wala ring smugglers ang nako-convict, kahit patuloy at harap-harapan na silang illegal na nagpapasok ng mga puslit na agricultural products sa bansa."
"Ayoko nang pagusapan at baka ma-award pa ako!,É?ù","Ayoko nang pag-usapan at baka ma-award pa ako!,É?ù"
Bilang direktor ay ay importante para kay Bela na malaman ang opinyon nina Zanjoe at JC bago pa man gawin ang naturang pelikula noong isang taon.,Bilang direktor ay importante para kay Bela na malaman ang opinyon nina Zanjoe at JC bago pa man gawin ang naturang pelikula noong isang taon.
"Aniya, hindi hindi maaaring banggitin ang bilang at posisyon ng mga security personnel.","Aniya, hindi maaaring banggitin ang bilang at posisyon ng mga security personnel."
Tanong ng netizens kung kabibiro lang ba si Gregg Homan nang i-announce sa Instagram story ang É??Guys wag kayong magugulat ha!,Tanong ng netizens kung nagbibiro lang ba si Gregg Homan nang i-announce sa Instagram story ang É??Guys wag kayong magugulat ha!
Bababa ito ng sasakyan at kinomander ang isang motorsiklo na ginamit nito sa pagtakas sa direksyon ng Gen.,Bumaba ito ng sasakyan at kinomander ang isang motorsiklo na ginamit nito sa pagtakas sa direksyon ng Gen.
Bandang alas-12:30 ng madaling araw ng masakote sa Panganiban Balagtas St.,Bandang alas-12:30 ng madaling araw nang masakote sa Panganiban Balagtas St.
"Sabi uli ng aming source, Pero kapag ang girl ang lalabas na kasama ang mga barkada niya, e, nawawala namang problema sa guy, yes agad ang sinasabi sa kanya!","Sabi uli ng aming source, Pero kapag ang girl ang lalabas na kasama ang mga barkada niya, e, wala namang problema sa guy, yes agad ang sinasabi sa kanya!"
Ang 10-time PBA champion player ang pansamantalang sumalo sa trabaho ni head coach Chot Reyes sa TNT para sa preparasyon Gilas Pilipinas sa 32nd Southeast Asian Games sa Cambodia sa Mayo at sa 2023 FIBA World Cup sa Agosto.,Ang 10-time PBA champion player ang pansamantalang sumalo sa trabaho ni head coach Chot Reyes sa TNT para sa preparasyon ng Gilas Pilipinas sa 32nd Southeast Asian Games sa Cambodia sa Mayo at sa 2023 FIBA World Cup sa Agosto.
"Nakatakdang lumaban ang mga batang mangaawit sa Battle Rounds, na magsisimula Abril 15 at 16, matapos mapuno ng mga huling contender ang mga team nina Martin Nievera at KZ Tandingan sa The Voice Kids noong Linggo.","Nakatakdang lumaban ang mga batang mang-aawit sa Battle Rounds, na magsisimula Abril 15 at 16, matapos mapuno ng mga huling contender ang mga team nina Martin Nievera at KZ Tandingan sa The Voice Kids noong Linggo."
"Talagang iiyak na ako, sabi Joaquin.","Talagang iiyak na ako, sabi ni Joaquin."
"Pero sa gabay ng mga nagturo sa kaniya, unti unti na niyang nagustuhan ang paggawa ng portrait.","Pero sa gabay ng mga nagturo sa kaniya, unti-unti na niyang nagustuhan ang paggawa ng portrait."
Mayroong mensahe si Dennis sa mga kasintahan nang kanyang mga anak na babae.,Mayroong mensahe si Dennis sa mga kasintahan ng kanyang mga anak na babae.
"Kailangang lamang nang aplikante na magsumite ng mga requirements at pagbabayad ng Php 30,000 na accreditation fee upang ma-qualify sa accreditation ng LTFRB.","Kailangang lamang ng aplikante na magsumite ng mga requirements at pagbabayad ng Php 30,000 na accreditation fee upang ma-qualify sa accreditation ng LTFRB."
"So pag nagkikita kami usually ang pinag-uusapan namin mga tsismis sa family members, mga ganyan, mga tsismis sa paligid, so ganyan yong very-normal yong relationship namin ni PRRD hindi siya professional o business like.É?ù","So pag nagkikita kami usually ang pinag-uusapan namin mga tsismis sa family members, mga ganyan, mga tsismis sa paligid, so ganyan yong very normal yong relationship namin ni PRRD hindi siya professional o business like.É?ù"
Gayundin ang sinumang indibiduwal o establisimyento na mapapatunayang gagamitin ng pekeng COVID-19 vaccine card ay makakasuhan sa ilalim ng RA 3815 o Revised Penal Code.,Gayundin ang sinumang indibiduwal o establisimyento na mapapatunayang gumamit ng pekeng COVID-19 vaccine card ay makakasuhan sa ilalim ng RA 3815 o Revised Penal Code.
Narito nanggagaling ang 97 bagong kaso ng Delta variant na nai-report sa bansa.,Narito nanggaling ang 97 bagong kaso ng Delta variant na nai-report sa bansa.
"Sa kasalukuyan, hirap ang mga mahihirap at under-represented sectors-na makipagsabayan sa mga kumakandidatong mas maperat may makinarya pagdating sa mga distritong naglalaan ng posisyon sa Kamara.","Sa kasalukuyan, hirap ang mga mahihirap at under-represented sectors na makipagsabayan sa mga kumakandidatong mas maperat may makinarya pagdating sa mga distritong naglalaan ng posisyon sa Kamara."
Sana din ay magka-franchise na ang ABS-CBN para makapag-operate na ang mga provincial station nila at makatulong pa lalo pag may dumarating na mga kalamidad at sakuna.,Sana rin ay magka-franchise na ang ABS-CBN para makapag-operate na ang mga provincial station nila at makatulong pa lalo pag may dumarating na mga kalamidad at sakuna.
"Samantala, kamakailan ay ipinakilala na sa publiko nina Joem at kasintahang si Meryll Soriano ang kanilang manganganak na si Guido.","Samantala, kamakailan ay ipinakilala na sa publiko nina Joem at kasintahang si Meryll Soriano ang kanilang anak na si Guido."
"Ayon sa mga nasagip, galing sila sa Tagank at patungong Bongao nang makaranas sila ng pagkasira ng makina dahil na rin sa mabatong bahagi ng dagat na kanilang dinaanan patungo sa Sibuti Island.","Ayon sa mga nasagip, nanggaling sila sa Tagank at patungong Bongao nang makaranas sila ng pagkasira ng makina dahil na rin sa mabatong bahagi ng dagat na kanilang dinaanan patungo sa Sibuti Island."
"Tatagal umano ang delivery sa mga bodega ng dalawang linggo habang hinikayat ng Comelec ang mga ki natawan ng mga partidong politikal, ibang stakehoders at mga media sa pagsi-seal sa mga trak na magde-deliver sa mga kagamitan.","Tatagal umano ang delivery sa mga bodega ng dalawang linggo habang hinikayat ng Comelec ang mga kinatawan ng mga partidong politikal, ibang stakehoders at mga media sa pagsi-seal sa mga trak na magde-deliver sa mga kagamitan."
"Sa jackpot estimates-naman ng PCSO, inaasahang madaragdagan pa ang naturang premyo at aabot na sa mahigit P335 milyon sa susunod na lotto draw.","Sa jackpot estimates naman ng PCSO, inaasahang madaragdagan pa ang naturang premyo at aabot na sa mahigit P335 milyon sa susunod na lotto draw."
"Para kay Manabat, masaya na-umano siya na natulungan ang ibang Pinoy na nagsimula ng kanilang negosyo dahil sa natutuhan mula sa kanya.","Para kay Manabat, masaya na umano siya na natulungan ang ibang Pinoy na nagsimula ng kanilang negosyo dahil sa natutuhan mula sa kanya."
"At kung mabibigyan natin ng tamang training and education pati iyong mga coaches nila, walang duda na talagang may rating ang ating mga atleta, wika ni Rivera.","At kung mabibigyan natin ng tamang training and education pati iyong mga coaches nila, walang duda na talagang may mararating ang ating mga atleta, wika ni Rivera."
"Dahil dito, maaari na din aniyang magtungo ang mga ito sa mga simbahan upang pisikal nang dumalo sa mga banal na misa.","Dahil dito, maaari na rin aniyang magtungo ang mga ito sa mga simbahan upang pisikal nang dumalo sa mga banal na misa."
Sinabi ni Pangulong Duterte na matindi ang problema sa COVID-19 at ayaw niyang anihin nang mga tao ang peligro kaya wala munang selebrasyon dahil walang nakakaalam kung hanggang kailan matatapos ang pandemya.,Sinabi ni Pangulong Duterte na matindi ang problema sa COVID-19 at ayaw niyang anihin ng mga tao ang peligro kaya wala munang selebrasyon dahil walang nakakaalam kung hanggang kailan matatapos ang pandemya.
Kakailanganin pa rin aniya ng isa pang linggong paghihigpit makita ang full effect ng panibagong ECQ sa case count at health-care utilization rate ng bansa.,Kakailanganin pa rin aniya ng isa pang linggong paghihigpit upang makita ang full effect ng panibagong ECQ sa case count at health-care utilization rate ng bansa.
Hanggang sa Biyernes naman ang paghihigpit sa galawan nang mga tao sa siyudad ng Darwin dahil sa ipinatupad na 72 oras na lockdown.,Hanggang sa Biyernes naman ang paghihigpit sa galawan ng mga tao sa siyudad ng Darwin dahil sa ipinatupad na 72 oras na lockdown.
"Pero para kay Villanueva, mas pipili niyang maghintay sa DBM-DOH request na ito dahil mas mainam umano na maglalaan ng pondo para sa SRA at AHDP nang may pagtutulungan ang ehekutibo at lehislatura.","Pero para kay Villanueva, mas pipiliin niyang maghintay sa DBM-DOH request na ito dahil mas mainam umano na maglalaan ng pondo para sa SRA at AHDP nang may pagtutulungan ang ehekutibo at lehislatura."
Sayang nga lang at last two weeks na lang silang mapapanood sa sa pinagbibidahang serye nina Jodi Sta.,Sayang nga lang at last two weeks na lang silang mapapanood sa pinagbibidahang serye nina Jodi Sta.
Milyong halaga ng hinihinalang shabu sa isang buy bust operation na ikinasa sa Pasig City kahapon ng madaling araw.,Milyong halaga ng hinihinalang shabu sa isang buy-bust operation na ikinasa sa Pasig City kahapon ng madaling araw.
Hindi din nagpatalo ang team Jolly nina Sofia Pablo at Allen Ansay.,Hindi rin nagpatalo ang team Jolly nina Sofia Pablo at Allen Ansay.
"Ilang araw pa pa lang ang nakalilipas nang kumalat ang isang memorandum ng Philippine National Police-Calabarzon na nag-uutos sa kanilang galugarin ang probinsya para sa mga nawawalang contacts, na nooy apat pa.","Ilang araw pa lang ang nakalilipas nang kumalat ang isang memorandum ng Philippine National Police-Calabarzon na nag-uutos sa kanilang galugarin ang probinsya para sa mga nawawalang contacts, na nooy apat pa."
"Valenciana Jr, nasa hustong gulang, maneho ng L300 van, habang kritikal at kasalukuyang inoobserbahan sa pagamutan ang 3 pang kaibigan nito na nakilalang sina Beltran Tupagan Jr.","Valenciana Jr, nasa hustong gulang, nagmamaneho ng L300 van, habang kritikal at kasalukuyang inoobserbahan sa pagamutan ang 3 pang kaibigan nito na nakilalang sina Beltran Tupagan Jr."
"Ayon sa mga residente, nagulat sila ng makarinig sila ng sunod-sunod na putok ng baril.","Ayon sa mga residente, nagulat sila nang makarinig sila ng sunod-sunod na putok ng baril."
Magugunitang nagsabi noon ni Espinosa na binigyan niya ng hanggang P8 milyon si De Lima para sa kanyang pangangampanya noong May 2016 elections sa pagdinig ng Senado kaugnay sa pagkamatay ng kanyang ama na si Rolando Espinosa.,Magugunitang sinabi noon ni Espinosa na binigyan niya ng hanggang P8 milyon si De Lima para sa kanyang pangangampanya noong May 2016 elections sa pagdinig ng Senado kaugnay sa pagkamatay ng kanyang ama na si Rolando Espinosa.
"Sa kabila nito, ayon sa abiso ng ospital sa publiko ang mga dadalhing pasyente ng COVID-19 doon ay susuriin pa rin naman ng doctor,pero ito ay sa labas na ng ER.","Sa kabila nito, ayon sa abiso ng ospital sa publiko na ang mga dadalhing pasyente ng COVID-19 doon ay susuriin pa rin naman ng doctor,pero ito ay sa labas na ng ER."
"Noong panahon ng COVID-19 pandemic, hindi rin tumigil ang PSN sa paghahatid ng balita at makakakita pa rin sa mga lansangan at nanatiling É??standingÉ?ù.","Noong panahon ng COVID-19 pandemic, hindi rin tumigil ang PSN sa paghahatid ng balita at nakita pa rin sa mga lansangan at nanatiling É??standingÉ?ù."
Hinihindian kailangang maging issue dahil talaga namang puwedeng mangyari kahit kanino.,Hindi kailangang maging issue dahil talaga namang puwedeng mangyari kahit kanino.
"Kaya minsan dapat ipinagpapasalamat rin natin ang ating nakaraan para makita natin ang ating kasalukuyan, dagdag pa ng talent manager.","Kaya minsan dapat ipinagpapasalamat din natin ang ating nakaraan para makita natin ang ating kasalukuyan, dagdag pa ng talent manager."
Ipinaliwanag naman ni Yap na ang lumabas na video na nagsasayaw ang mga tao na walang face mask at hindi nasunod ang physical distance ay nataon sa oras na kinain na ang mga bisita nang magsimula ang cultural dance at ayain ang mga tao.--FRJ.,Ipinaliwanag naman ni Yap na ang lumabas na video na nagsasayaw ang mga tao na walang face mask at hindi nasunod ang physical distance ay nataon sa oras na kakain na ang mga bisita nang magsimula ang cultural dance at ayain ang mga tao.--FRJ.
Inaasahan si Tanya na aaprubahan ng korte ang kanilang petisyon kahit walang piyansa ang kasong panghahalay na isinampa laban kay Vhong.,Umaasa si Tanya na aaprubahan ng korte ang kanilang petisyon kahit walang piyansa ang kasong panghahalay na isinampa laban kay Vhong.
Excited si Bela para sa pelikula na nangangailangan niya ring i-revise ang script.,Excited si Bela para sa pelikula na kinailangan niya ring i-revise ang script.
"Nitong Oktubre 6, 2022 ng salakayin ng NBI na armado ng search warrant ang bahay ng suspek sa may Sadsad Street, San Roque, Dau Uno, Lubao, Pampanga.","Nitong Oktubre 6, 2022 nang salakayin ng NBI na armado ng search warrant ang bahay ng suspek sa may Sadsad Street, San Roque, Dau Uno, Lubao, Pampanga."
"Ayon sa ilang residente, sinabihan nila ang engineer ng Department of Education na gumawa ng riprap na may crack na ang isang parte nito subalit itinuloy pa din daw ang konstruksiyon.","Ayon sa ilang residente, sinabihan nila ang engineer ng Department of Education na gumawa ng riprap na may crack na ang isang parte nito subalit itinuloy pa rin daw ang konstruksiyon."
"Ayon kay Lilia, hindi niya alam kung gaano kalubha ang paginom ng alak ni Tutoy hanggang sa naging mag-asawa na sila.","Ayon kay Lilia, hindi niya alam kung gaano kalubha ang pag-inom ng alak ni Tutoy hanggang sa naging mag-asawa na sila."
"Ang pang-aabuso sa biktima ng suspek na nagsisilbing isang youth minister sa nasabing parokya ay naulit umano ng maraming beses sa hotel, sa loob ng sasakay at maging sa kumbento,hanggang nitong Oktubre 15, 2022.","Ang pang-aabuso sa biktima ng suspek na nagsisilbing isang youth minister sa nasabing parokya ay naulit umano ng maraming beses sa hotel, sa loob ng sasakyan at maging sa kumbento,hanggang nitong Oktubre 15, 2022."
"Eh, sa pictures and videos na shine-share nila sa bakasyon nila ngayon sa Tokyo, Japan ay sobrang sweet nila, kaya may ibang nagdududa tuloy na baka makabuo na nga sila roon nang baby #3, huh!","Eh, sa pictures and videos na shine-share nila sa bakasyon nila ngayon sa Tokyo, Japan ay sobrang sweet nila, kaya may ibang nagdududa tuloy na baka makabuo na nga sila roon ng baby #3, huh!"
"Kanina ko lang naisip, sabay tumatawa ulit niya na very Rufa Mae na ang ibig sabihin ay kung sinong kakandidatong presidente pagkatapos ng six years.","Kanina ko lang naisip, sabay tawa ulit niya na very Rufa Mae na ang ibig sabihin ay kung sinong kakandidatong presidente pagkatapos ng six years."
Naramdaman rin ang pag-uga ng lupa sa Istanbul at iba pang probinsya ng Turkey hanggang sa kapitolyo nito sa Ankara.,Naramdaman din ang pag-uga ng lupa sa Istanbul at iba pang probinsya ng Turkey hanggang sa kapitolyo nito sa Ankara.
Ikinalungkot ng mga tauhan ng BOC ang pagta tangka ng ilan na hilahin pababa ang ahensiya.,Ikinalungkot ng mga tauhan ng BOC ang pagtatangka ng ilan na hilahin pababa ang ahensiya.
"Nakikipag-ugnayan na rin ang DepEd sa Department of Health (DOH) para sa pagdaraos ng mobile COVID-19 vaccinations sa mga paaralan, para sa mga bata at mga gurong nais ng magpabakuna.","Nakikipag-ugnayan na rin ang DepEd sa Department of Health (DOH) para sa pagdaraos ng mobile COVID-19 vaccinations sa mga paaralan, para sa mga bata at mga gurong nais nang magpabakuna."
Kailangan umanong abangan ng mga manonood ang kanilang mainit na eksenang ginawa isang water falls.,Kailangan umanong abangan ng mga manonood ang kanilang mainit na eksenang ginawa sa isang water falls.
"Manalangin Tayo: Panginoon Hesus, turuan Mo po kaming magpakatotoo sa halip na mamuhay-kami sa pagkukunwari.","Manalangin Tayo: Panginoon Hesus, turuan Mo po kaming magpakatotoo sa halip na mamuhay kami sa pagkukunwari."
"Nakunan na raw-ang lahat na mga eksena ni Julia, kaya hindi na siya kailangang bumalik sa set.","Nakunan na raw ang lahat na mga eksena ni Julia, kaya hindi na siya kailangang bumalik sa set."
"Wika pa ng labor group, sinasamantala ng PNP at AFP ang pagkamatay nina Keith at Nolven pa ra ""itulak ang maruming gera kontra-magsasaka.""","Wika pa ng labor group, sinasamantala ng PNP at AFP ang pagkamatay nina Keith at Nolven para ""itulak ang maruming gera kontra-magsasaka."""
"Hindi lang niya ako hinahayaan, katutulong niya ako.","Hindi lang niya ako hinahayaan, tinutulungan niya ako."
"Ayon sa pulisya, bandang alas-6:50 ng gabi habang nasa loob ng tindahan ang lola at abala sa pag-asiste sa mga customer nang isang motorsiklo ang huminto sa kanilang harapan at binababa ang dalawang naka-helmet na lalaki na nagkunwari pang bibili lang ng sigarilyo.","Ayon sa pulisya, bandang alas-6:50 ng gabi habang nasa loob ng tindahan ang lola at abala sa pag-asiste sa mga customer nang isang motorsiklo ang huminto sa kanilang harapan at bumaba ang dalawang naka-helmet na lalaki na nagkunwari pang bibili lang ng sigarilyo."
"Bukod pa rito ang nakabinbing mga kaso gaya ng plunder sa Ombudsman, rek lamo sa AMLC at isa pa ring subpoena na inilabas ng Comelec para sagutin ni Lin ang 237 counts ng vote-buying na isinampa laban sa kanya.","Bukod pa rito ang nakabinbing mga kaso gaya ng plunder sa Ombudsman, reklamo sa AMLC at isa pa ring subpoena na inilabas ng Comelec para sagutin ni Lin ang 237 counts ng vote-buying na isinampa laban sa kanya."
"Bukod pa riyan, pwede itong isang tuloy-tuloy o malaking ka panansanan o incapacity, congenital anomaly/birth defect o medically important event/reaction.","Bukod pa riyan, pwede itong isang tuloy-tuloy o malaking kapanansanan o incapacity, congenital anomaly/birth defect o medically important event/reaction."
"Sinabi pa Councilor Belmonte, ang susunod pa niyang project ay road widening at drainage improvement sa kanyang nasasakupan distrito na naglalayong maiwasan ang pagkakaroon ng pagbaha kapag may malalakas na pagulan.","Sinabi pa Councilor Belmonte, ang susunod pa niyang project ay road widening at drainage improvement sa kanyang nasasakupan distrito na naglalayong maiwasan ang pagkakaroon ng pagbaha kapag may malalakas na pag-ulan."
Isang pampasaherong jeep na nakaparada sa lugar ang nasira ang unahan habang isinugod sa pagamutan ang apat na sumakay ng fire truck na nasa maayos ng kalagayan.,Isang pampasaherong jeep na nakaparada sa lugar ang nasira ang unahan habang isinugod sa pagamutan ang apat na sakay ng fire truck na nasa maayos ng kalagayan.
"Ang kumpanya ay kasalukuyang supplier ng higit sa 10,000 ibat ibang pyesa ng sinakyan kabilang ang power sliding door, automatic tailgate, navigation system at mga supistikadong gearboxes.","Ang kumpanya ay kasalukuyang supplier ng higit sa 10,000 ibat ibang pyesa ng sasakyan kabilang ang power sliding door, automatic tailgate, navigation system at mga supistikadong gearboxes."
Nasa likod rin ito ng matagumpay na kampanya ni Marcos na hindi nito iniwan sa gitna ng mga kontrobersya.,Nasa likod din ito ng matagumpay na kampanya ni Marcos na hindi nito iniwan sa gitna ng mga kontrobersya.
Dito rumesponde ang mga pulis at tiyempong aabutan ang insidente ng pagtalon umano ng isang lalaki sa katabing bahay.,Dito rumesponde ang mga pulis at tiyempong inabutan ang insidente ng pagtalon umano ng isang lalaki sa katabing bahay.
"Sa halip, ibibilad niya ang mantikang nakalagay sa plastic container container ng isang linggo.","Sa halip, ibibilad niya ang mantikang nakalagay sa plastic container ng isang linggo."
É??Akala ko kahihindi ko ito ma-eexperience.,É??Akala ko hindi ko ito ma-eexperience.
"Hindi na raw niya pinakinggan ang payo ng ilang taong malapit sa kanya, kahit ang manager niya.","Hindi na raw niya pinapakinggan ang payo ng ilang taong malapit sa kanya, kahit ang manager niya."
Katuwa nga na heto at kasali si Lorna sa mga hanggang ngayon nagpapadala pa rin gifts.,Katuwa nga na heto at kasali si Lorna sa mga hanggang ngayon nagpapadala pa rin ng gifts.
"Yung mga activities din ma-shock ka na lang talaga pero mari realize mo na, Ay!","Yung mga activities din ma-shock ka na lang talaga pero mari-realize mo na, Ay!"
"Kapag magaling sa lip synch ang singer, e, saka lang niya bibigyan ng close-up shot.","Kapag magaling sa lip synch ang singer, e, saka lang niya binibigyan ng close-up shot."
"Natawag ang aming pansin ng isang serye na gagawin din daw ng GMA, kung saan ginagamit sila ng animatronix para makalikha ng isang dambuhalang buwaya.","Natawag ang aming pansin ng isang serye na gagawin din daw ng GMA, kung saan gagamit sila ng animatronix para makalikha ng isang dambuhalang buwaya."
"Matagumpay na tinanggap ng first dose ng bakuna ang nasa 600 empleyado ng DepEd Central Office dahil na rin sa pakikipagtulungan at pagsuporta ng lokal na pamahalaan ng Pasig sa kampanya ng Kagawa-ran kontra COVID-19, anunsyo ng DepEd.","Matagumpay na tumanggap ng first dose ng bakuna ang nasa 600 empleyado ng DepEd Central Office dahil na rin sa pakikipagtulungan at pagsuporta ng lokal na pamahalaan ng Pasig sa kampanya ng Kagawa-ran kontra COVID-19, anunsyo ng DepEd."
Sinabi rin ni Galvez na tatanggapin ang Pilipinas ng nasa 1.4.,Sinabi rin ni Galvez na tatanggap ang Pilipinas ng nasa 1.4.
"Handa tayo na maging manufacturing country at ito ang aming hinihingi sa ating mga kaibigan na sila ay mag invest sa mga planta, mga capital intensive investment ika nga na sila ay magtatayo ng manufacturing operations dito sa Pilipinas, anang pangulo.","Handa tayo na maging manufacturing country at ito ang aming hinihingi sa ating mga kaibigan na sila ay mag-invest sa mga planta, mga capital intensive investment ika nga na sila ay magtatayo ng manufacturing operations dito sa Pilipinas, anang pangulo."
Ang lalawigan ng Catanduanes ang may pinakamataas na porsyento ng vaccination coverage na umaabot sa 255.74.,Ang lalawigan ng Catanduanes ang may pinakamataas na porsyento ng vaccination coverage na umabot sa 255.74.
"Para makapag move, encourage ng mga tao.","Para makapag-move, encourage ng mga tao."
Hindi na nakapalag ang biktima ng tutukan siya ng patalim at igapos ng mga suspek na dumaan sa isa sa mga bintana ng bahay.,Hindi na nakapalag ang biktima nang tutukan siya ng patalim at igapos ng mga suspek na dumaan sa isa sa mga bintana ng bahay.
"Tulad ng maraming political clan, nagpapalitan lang sa pwesto ang magasawang bida sa ating kwento.","Tulad ng maraming political clan, nagpapalitan lang sa pwesto ang mag-asawang bida sa ating kwento."
"Ang sinasabi nga ng iba, hindi bale ng pangit ang panlabas na anyo, basta busilak laman ang laman ng puso.","Ang sinasabi nga ng iba, hindi bale nang pangit ang panlabas na anyo, basta busilak laman ang laman ng puso."
"Una na rin namang kinumpirma ng DILG official na-pinahintulutan na ng pamahalaan na maitaas ng puwesto sa priority list ang mga alkalde na mula sa dating B3 o other essential workers, ay iniangat na sa A4 o kasabay na babakunahan ng mga uniformed personnel.","Una na rin namang kinumpirma ng DILG official na pinahintulutan na ng pamahalaan na maitaas ng puwesto sa priority list ang mga alkalde na mula sa dating B3 o other essential workers, ay iniangat na sa A4 o kasabay na babakunahan ng mga uniformed personnel."
"May bakante pa hindi natin alam baka 'yung ibang mga kandidato gusto ring magapply maging guest candidate, eh open tayo.","May bakante pa hindi natin alam baka 'yung ibang mga kandidato gusto ring mag-apply maging guest candidate, eh open tayo."
"Nang makumpirma ito, agad na sinimulan ng PCG ang assessment paglilinis para maitaguyod ang kaligtasan ng mga residente.","Nang makumpirma ito, agad na sinimulan ng PCG ang assessment at paglilinis para maitaguyod ang kaligtasan ng mga residente."
"Linggo ay binasbasan ng FIVB, ang world volleyball governing body, ang PNVFI bilang opisyal na volleyball federation sa bansa.","Noong Linggo ay binasbasan ng FIVB, ang world volleyball governing body, ang PNVFI bilang opisyal na volleyball federation sa bansa."
"Dapat sa yo ano game show,É?ù sabi pa ni Gretchen na halatang naiirita na sa pinapa nood niya.","Dapat sa yo ano game show,É?ù sabi pa ni Gretchen na halatang naiirita na sa pinapanood niya."
"Sa ulat ng GMA Regional TV Balitang Bisdak, na iniulat rin ng Saksi, sinabing sinalubong si Maxine ng naturang flash mob paglabas niya ng eskuwelahan sa Bohol.","Sa ulat ng GMA Regional TV Balitang Bisdak, na iniulat din ng Saksi, sinabing sinalubong si Maxine ng naturang flash mob paglabas niya ng eskuwelahan sa Bohol."
"Kasama ni Mark ang kaniyang kapatid na si Las Pinas Rep, Camilla Villar, Romblon Rep. Jesus Madrona, incoming Iloilo Rep Ferjenel Biron, at-incoming Ilocos Norte Rep.","Kasama ni Mark ang kaniyang kapatid na si Las Pinas Rep, Camilla Villar, Romblon Rep. Jesus Madrona, incoming Iloilo Rep Ferjenel Biron, at incoming Ilocos Norte Rep."
Ito ang sinabi ni Marcos sa kanyang pagdalaw sa Monumento Circle sa Caloocan city kung saan nag-alay siya nang bulaklak sa harap ng bantayog ni Bonifacio bilang paggunita sa kanyang ika-159 kaarawan.,Ito ang sinabi ni Marcos sa kanyang pagdalaw sa Monumento Circle sa Caloocan city kung saan nag-alay siya ng bulaklak sa harap ng bantayog ni Bonifacio bilang paggunita sa kanyang ika-159 kaarawan.
"Paliwanag ni San Clemente Mayor Elma Macadamia, sa tulong niTourism officer JM Modomo, hot air balloon ang tema nang kanilang Belen ngayong taon na simbolo ng pagbaba ng biyaya at kapayapaansa lahat na pinagupo ng COVID-19.","Paliwanag ni San Clemente Mayor Elma Macadamia, sa tulong niTourism officer JM Modomo, hot air balloon ang tema ng kanilang Belen ngayong taon na simbolo ng pagbaba ng biyaya at kapayapaansa lahat na pinagupo ng COVID-19."
"At least yong nalaman namin, ma-discuss namin para magkaroon sila nang process review roon sa security nila, aniya pa.","At least yong nalaman namin, ma-discuss namin para magkaroon sila ng process review roon sa security nila, aniya pa."
Sinabi rin ni Chito na-minsan na ring naging front act ang Parokya sa Eheads nang nagsisimula pa lamang sila.,Sinabi rin ni Chito na minsan na ring naging front act ang Parokya sa Eheads nang nagsisimula pa lamang sila.
"Malakas ang loob nang gay male star na lapitan ang mas batang male star, una dahil magkakilala na nga sila, at ikalawa dahil may tsismis din namang game rin ang mas batang male star.","Malakas ang loob ng gay male star na lapitan ang mas batang male star, una dahil magkakilala na nga sila, at ikalawa dahil may tsismis din namang game rin ang mas batang male star."
Sinasabi ni Tanya na maging ang kanilang dalawang kasambahay ay nagpositibo rin sa virus.,Sinabi ni Tanya na maging ang kanilang dalawang kasambahay ay nagpositibo rin sa virus.
"Kabilang sa mga naka-lockdown simula nitong Enero 13 hanggang 19, 2022 ang mga munisipyo ng Angat, San Rafael, Balagtas Bocaue.","Kabilang sa mga naka-lockdown simula nitong Enero 13 hanggang 19, 2022 ang mga munisipyo ng Angat, San Rafael, Balagtas at Bocaue."
Umalis si Steve sa Kapuso Network noong Pebrero 2018 para tuparin ang pangarap niya na-maging isang piloto.,Umalis si Steve sa Kapuso Network noong Pebrero 2018 para tuparin ang pangarap niya na maging isang piloto.
Natutuwang kinuwento sa amin ni Elijah na ang Mommy raw niya ang sobrang natuwa ng nalamang si Romnick ang makakasama niya.,Natutuwang kinuwento sa amin ni Elijah na ang Mommy raw niya ang sobrang natuwa nang nalamang si Romnick ang makakasama niya.
"Sa naturang survey ay 77 porsyento naman ang nagsabing iboboto nilang vice-mayor si Ding Del Rosario, habang 87 porsyento ang nagdeklarang iboboto nilang muli bilang kinatawan lungsod sa Kongreso si Congressman Tony Calixto.","Sa naturang survey ay 77 porsyento naman ang nagsabing iboboto nilang vice-mayor si Ding Del Rosario, habang 87 porsyento ang nagdeklarang iboboto nilang muli bilang kinatawan ng lungsod sa Kongreso si Congressman Tony Calixto."
"Si Ople, na kasalukuyang nasa Geneva, ay nagpasalamat sa European Commission (EC) sa pagkilala sa mga makabuluhang pagsisikap na ginagawa ng administrasyong Marcos na sumunod sa mga kinailangan sa ilalim ng International Convention on STCW para sa mga marino.","Si Ople, na kasalukuyang nasa Geneva, ay nagpasalamat sa European Commission (EC) sa pagkilala sa mga makabuluhang pagsisikap na ginagawa ng administrasyong Marcos na sumunod sa mga kinakailangan sa ilalim ng International Convention on STCW para sa mga marino."
Ang bait nila napabili pa ko tu loy ng iba!,Ang bait nila napabili pa ko tuloy ng iba!
Kasusuri muna ng mga duktor si Nancy kung kaya pa ng kaniyang katawan na magbuntis.,Sinuri muna ng mga duktor si Nancy kung kaya pa ng kaniyang katawan na magbuntis.
"Mga taga sa leeg at katawan ang ikinasawi ng biktimang nakilalang si Marlon Medina, nasa hustong gulang, residente ng Binangonan, Rizal habang inaalam pa ng mga otoridad ang pagkakakilanlan ng anim na lalaking dumukot at pumapatay sa kanya.","Mga taga sa leeg at katawan ang ikinasawi ng biktimang nakilalang si Marlon Medina, nasa hustong gulang, residente ng Binangonan, Rizal habang inaalam pa ng mga otoridad ang pagkakakilanlan ng anim na lalaking dumukot at pumatay sa kanya."
Umabot ng ikaapat na alarma bago tuluyang naapula dakong alas-12:02 ng madaling araw ng Biyernes.,Umabot ito ng ikaapat na alarma bago tuluyang naapula dakong alas-12:02 ng madaling araw ng Biyernes.
"Samantala, Ynares din ang magiging venue ng kauna-unahang PBA 3x3 tournament na katatakbo mula Nobyembre 20 hanggang 21.","Samantala, Ynares din ang magiging venue ng kauna-unahang PBA 3x3 tournament na tatakbo mula Nobyembre 20 hanggang 21."
"Ayon sa pagsusuri ng mga eksperto, may sakit sa kidney ang butanding kayat napaanak ito ng wala sa oras, na siyang dahilan ng pagkamatay nito.","Ayon sa pagsusuri ng mga eksperto, may sakit sa kidney ang butanding kayat napaanak ito nang wala sa oras, na siyang dahilan ng pagkamatay nito."
"Aarangkada ang libreng sumasakay para sa mga pasahero hanggang Abril 30, 2022.","Aarangkada ang libreng sakay para sa mga pasahero hanggang Abril 30, 2022."
"Sa lakas ng pagsabog, nabasag ang salamin ng mga bus at nag-iwan rin ng uka sa sahig.","Sa lakas ng pagsabog, nabasag ang salamin ng mga bus at nag-iwan din ng uka sa sahig."
"Milyon naman ang dami ng mga naghahanap ng trabaho na walang makakakita noong Disyembre, mas marami kaysa sa 2.18.","Milyon naman ang dami ng mga naghahanap ng trabaho na walang nakita noong Disyembre, mas marami kaysa sa 2.18."
"Ganundin ang Regal Entertainment na halos isang dekada na ang collaboration sa TV5 na ang m ga pelikulang critically acclaimed nila ay ipalalabas na rin sa One Screen Channel on Cignal TV starting March, 2021.","Ganundin ang Regal Entertainment na halos isang dekada na ang collaboration sa TV5 na ang mga pelikulang critically acclaimed nila ay ipalalabas na rin sa One Screen Channel on Cignal TV starting March, 2021."
Kasalukuyang naglalaro ang 22-anyos na si Animam bilang import nang Radnicki sa 2021-22 First Womens Basketball League sa Serbia.,Kasalukuyang naglalaro ang 22-anyos na si Animam bilang import ng Radnicki sa 2021-22 First Womens Basketball League sa Serbia.
Washington É?? Masayang tinanggap ni US President Joe Biden ang jersey mula sa Milwaukee Bucks sa unang pagbisita nang isang NBA Champion team sa White House matapos ang limang taon.,Washington É?? Masayang tinanggap ni US President Joe Biden ang jersey mula sa Milwaukee Bucks sa unang pagbisita ng isang NBA Champion team sa White House matapos ang limang taon.
"Siyempre ang una mong iisipin parang holdaper. Napansin ko siya biglang-napaupo tapos iyak nang iyak,"" sabi ni MJ sa ""KMJS.","Siyempre ang una mong iisipin parang holdaper. Napansin ko siya biglang napaupo tapos iyak nang iyak,"" sabi ni MJ sa ""KMJS."
Ang ang sakit po kasi parang siya na po ang pamil??ya ko.,Ang sakit po kasi parang siya na po ang pamil??ya ko.
Alam mo ba Salve na sad na sad ang pamangkin ko na si Apple na nakatira na sa Amerika pero babakasyunan ngayon dito sa Manila na hindi na ako mapapanood sa Take It.,Alam mo ba Salve na sad na sad ang pamangkin ko na si Apple na nakatira na sa Amerika pero nagbabakasyon ngayon dito sa Manila na hindi na ako mapapanood sa Take It.
"Iginiit ng PNPA na susunurin nito ang É??No To Hazing PolicyÉ?ù at pinahahalagahan ang buhay at karapatang pantao, na itinuturo sa mga kadete at personnel.","Iginiit ng PNPA na sinusunod nito ang É??No To Hazing PolicyÉ?ù at pinahahalagahan ang buhay at karapatang pantao, na itinuturo sa mga kadete at personnel."
"Sa nag-uulat ng GMA Regional TV One Mindanao, na inilabas Unang Balita nitong Huwebes, sinabing ang unang natagpuan ay ang bangkay ng 9-anyos malapit sa isang elementary school sa Barangay Apokon, Tagum noong April 21.","Sa ulat ng GMA Regional TV One Mindanao, na inilabas Unang Balita nitong Huwebes, sinabing ang unang natagpuan ay ang bangkay ng 9-anyos malapit sa isang elementary school sa Barangay Apokon, Tagum noong April 21."
"Kaugnay nito, hinikayat niMayor Belmonteang mga taga QC lalo na ang mga motorista na samantalahin ang libreng sakay sa ilalim ngQCity Bus Systempara makatulong na maibsan ang epekto sa nagpapatuloy na pagtaas ng halaga ng petrolyo.","Kaugnay nito, hinikayat niMayor Belmonteang mga taga QC lalo na ang mga motorista na samantalahin ang libreng sakay sa ilalim ngQCity Bus Systempara makatulong na maibsan ang epekto sa patuloy na pagtaas ng halaga ng petrolyo."
"Pero sa dulo, anuman ang magiging resulta, anuman ang magiging pasya ng ating ating mga kababayan sa eleksyong ito eh handang-handa naman tayong tanggapin.","Pero sa dulo, anuman ang magiging resulta, anuman ang magiging pasya ng ating mga kababayan sa eleksyong ito eh handang-handa naman tayong tanggapin."
"Pero hindi mo masasabing ang manonood sa TV5 ay lalaki pa, kung di mababawasan dahil may pinanood sa Zoe ng kapareho ring show.","Pero hindi mo masasabing ang manonood sa TV5 ay lalaki pa, kung di mababawasan dahil may nanonood sa Zoe ng kapareho ring show."
Kaya naman minamadali na ng PSC at POC para masimulan agad ang training ng mga atleta partikular na ang mga handa sa SEA Games at sa qualifying tournaments para sa Tokyo Olympics.,Kaya naman minamadali na ng PSC at POC para masimulan agad ang training ng mga atleta partikular na ang mga naghahanda sa SEA Games at sa qualifying tournaments para sa Tokyo Olympics.
Mu la noon ay nagtuluy-tuloy na ang mga proyektong ginagawa ni JC sa bakuran ng ABS-CBN.,Mula noon ay nagtuluy-tuloy na ang mga proyektong ginagawa ni JC sa bakuran ng ABS-CBN.
"Sa edad na 16 anyos, naging instant breadwinner nang pamilya si Krizzia.","Sa edad na 16 anyos, naging instant breadwinner ng pamilya si Krizzia."
Tuluyan kayang masira ang kanilang relasyon at isa lamang itong pagsubok para lalo pang tumatag ang kanilang pagiibigan?,Tuluyan kayang masira ang kanilang relasyon at isa lamang itong pagsubok para lalo pang tumatag ang kanilang pag-iibigan?
Pinaniniwalaan kasi ang suspek na ang mga aso ni Molina ang kumagat sa apat na alaga niyang kambing kaya namatay ang mga ito.,Naniniwala kasi ang suspek na ang mga aso ni Molina ang kumagat sa apat na alaga niyang kambing kaya namatay ang mga ito.
"Nagpaabot naman ng kanyang pasasalamat si Bongbong, na gumamit ng Martial Law-era song na ""Bagong Lipunan"" sa kang proc rally, kay Toni ngayong Huwebes sa kabila ng humarap na kontrobersiya ng huli.","Nagpaabot naman ng kanyang pasasalamat si Bongbong, na gumamit ng Martial Law-era song na ""Bagong Lipunan"" sa kang proc rally, kay Toni ngayong Huwebes sa kabila ng hinaharap na kontrobersiya ng huli."
Parang hindi ko ma-imagine na mismong si Papa Digong nag-accuse nito eh bakit hindi hulihin kung may evidence para ipakita na kahit sino hindi puwedeng gumamit ng bawal bawal na droga?,Parang hindi ko ma-imagine na mismong si Papa Digong nag-accuse nito eh bakit hindi hulihin kung may evidence para ipakita na kahit sino hindi puwedeng gumamit ng bawal na droga?
Kaya naman inasahan si Go na mauulit nito ang impresibong kampanya sa susunod taon.,Kaya naman umaasa si Go na mauulit nito ang impresibong kampanya sa susunod taon.
"Kinundena ng sari saring sektor ang nangyaring pagpapaputok ng baril sa kampo nina presidential candidate Ka Leody de Guzman, ilang katutubong, Manobo-Pulangiyon atbp.","Kinundena ng sari-saring sektor ang nangyaring pagpapaputok ng baril sa kampo nina presidential candidate Ka Leody de Guzman, ilang katutubong, Manobo-Pulangiyon atbp."
"Ng makita ni Ayra ang balita na nagdesisyon si Migo na umalis ng showbiz at bumalik sa Sydney, Australia para makasama ang kanyang pamilya, tinext niya si Migo.","Nang makita ni Ayra ang balita na nagdesisyon si Migo na umalis ng showbiz at bumalik sa Sydney, Australia para makasama ang kanyang pamilya, tinext niya si Migo."
"Tapos, parang hindi din namin alam kung nagi-get ba nila yung connection talaga when screen lang yung nakikita.","Tapos, parang hindi rin namin alam kung nagi-get ba nila yung connection talaga when screen lang yung nakikita."
Nabatid na nagtayo si Park at mga kasabwat ng internet website na ibinebenta ng mga babae para sa prostitusyon noong Hunyo 2014.,Nabatid na nagtayo si Park at mga kasabwat ng internet website na nagbebenta ng mga babae para sa prostitusyon noong Hunyo 2014.
"Mapipilitan daw ang PNP na i-disperse ang mga militante kung tatangkaing hindi sumunod sa napagkasunduan, bagay na hindi na raw sana mangyari ani Eleazar dahil taun-taon naman daw sunod ang mga nagproprotesta.","Mapipilitan daw ang PNP na i-disperse ang mga militante kung tatangkaing hindi sumunod sa napagkasunduan, bagay na hindi na raw sana mangyari ani Eleazar dahil taun-taon naman daw sumusunod ang mga nagproprotesta."
"Napuno raw ang buong venue, at talagang nagenjoy ang mga kababayan natin doon sa biritan na pati ang kakisigan ni Xian ay bentang-benta pa rin sa fans lalo na raw yung mga sumusubaybay sa kanya mula pa nung nasa ABS-CBN pa ang aktor.","Napuno raw ang buong venue, at talagang nag-enjoy ang mga kababayan natin doon sa biritan na pati ang kakisigan ni Xian ay bentang-benta pa rin sa fans lalo na raw yung mga sumusubaybay sa kanya mula pa nung nasa ABS-CBN pa ang aktor."
"Ide-deliver sana ng mga biktima ang mga construction materials na galing sa Calumpit, Bulacan subalit habang binabagtas nila ang kahabaan ng national highway dakong alas-8:00 ng umaga ay nawalan-ng preno ang sasakyan sanhi upang magpagewang-gewang at bumulusok pababa sa bangin na tinatayang may lalim na 50 metro.","Ide-deliver sana ng mga biktima ang mga construction materials na galing sa Calumpit, Bulacan subalit habang binabagtas nila ang kahabaan ng national highway dakong alas-8:00 ng umaga ay nawalan ng preno ang sasakyan sanhi upang magpagewang-gewang at bumulusok pababa sa bangin na tinatayang may lalim na 50 metro."
"Nobyembre 2021 pa nang ihain ni Kabataan Rep. Sarah Elago ang House Bill 10398 o ""Safe Schools Reopening Bill,"" kung saan inestimang hindi binaba sa P184 bilyong karagdagang pondo ang kailangan upang masiguro ang 100% implementation ng ligtas at inclusive na F2F classes.","Nobyembre 2021 pa nang ihain ni Kabataan Rep. Sarah Elago ang House Bill 10398 o ""Safe Schools Reopening Bill,"" kung saan inestimang hindi bababa sa P184 bilyong karagdagang pondo ang kailangan upang masiguro ang 100% implementation ng ligtas at inclusive na F2F classes."
"May tagline na On-air aksyon at solusyon, binubuo ang Basta Promdi Lodi ng iba ibang mga segment tulad ng Promdi Patrol para sa mga balita sa mga probinsya na ihahatid ng mga local correspondent.","May tagline na On-air aksyon at solusyon, binubuo ang Basta Promdi Lodi ng iba-ibang mga segment tulad ng Promdi Patrol para sa mga balita sa mga probinsya na ihahatid ng mga local correspondent."
Lumabas din ang totoo na hindi naman pala siya ang dapat kasasagot sa obligasyong ipinatatanggap sa kanya ng girl!,Lumabas din ang totoo na hindi naman pala siya ang dapat sumagot sa obligasyong ipinatatanggap sa kanya ng girl!
"Una ng isinama noon ni Pangulong Rodrigo Duterte si Salazar sa tinaguriang ""narco list,"" o yaong listahan ng mga pulitikong iniuugnay niya sa kalakalan ng iligal na droga.","Una nang isinama noon ni Pangulong Rodrigo Duterte si Salazar sa tinaguriang ""narco list,"" o yaong listahan ng mga pulitikong iniuugnay niya sa kalakalan ng iligal na droga."
"Ayon kay Mary Kris Aquino-dela Cruz, residente sa lugar, nakita ang buhay na sanggol pasado alas-5:30 ng umaga ng isa sa kanilang mga tauhan na si Ricky Dequina matapos na marinig ang pagiyak nito.","Ayon kay Mary Kris Aquino-dela Cruz, residente sa lugar, nakita ang buhay na sanggol pasado alas-5:30 ng umaga ng isa sa kanilang mga tauhan na si Ricky Dequina matapos na marinig ang pag-iyak nito."
Ikinatwiran ng Comelec na wala silang hurisdiksyon magpalabas ng desisyon sa diskuwalipikasyon ni Mamba dahil ang petisyon ay isinampa makaraan ang kaniyang proklamasyon.,Ikinatwiran ng Comelec na wala silang hurisdiksyon na magpalabas ng desisyon sa diskuwalipikasyon ni Mamba dahil ang petisyon ay isinampa makaraan ang kaniyang proklamasyon.
Nanindigan rin si Duterte na É??walang hokus-pokusÉ?ù sa pagbili ng mga bakuna kaya walang dahilan para pagdudahan si Galvez at wala rin dumaang anumang pera sa kamay ng vaccine czar.,Nanindigan din si Duterte na É??walang hokus-pokusÉ?ù sa pagbili ng mga bakuna kaya walang dahilan para pagdudahan si Galvez at wala rin dumaang anumang pera sa kamay ng vaccine czar.
"Nanawagan rin ang CHR sa gobyerno na tiyakin ang pinaigting pang proteksyon sa mga kababaihan at mga bata, lalo na ang mga lumilisan ng kanilang tirahan.","Nanawagan din ang CHR sa gobyerno na tiyakin ang pinaigting pang proteksyon sa mga kababaihan at mga bata, lalo na ang mga lumilisan ng kanilang tirahan."
"Alethea De Guzman, inaasahan na nila ito hindi pa ngayon mararamdaman ang epekto nang ipinatupad na enhanced community quarantine (ECQ) kundi makalipas pa ang dalawa o tatlong linggo.","Alethea De Guzman, inaasahan na nila ito dahil hindi pa ngayon mararamdaman ang epekto nang ipinatupad na enhanced community quarantine (ECQ) kundi makalipas pa ang dalawa o tatlong linggo."
Wala aniyang ipinag-iba ito sa Brazil variant na kinatakutan rin noon at sinasabing mas mabagsik kumpara sa ibang variant pero naagapan agad at hindi nakapaminsala ng mga tao.,Wala aniyang ipinag-iba ito sa Brazil variant na kinatakutan din noon at sinasabing mas mabagsik kumpara sa ibang variant pero naagapan agad at hindi nakapaminsala ng mga tao.
Ipapaliwanag rin ang kasalukuyang sitwasyon ng Pilipinas at ang kinahaharap ng bansa.,Ipapaliwanag din ang kasalukuyang sitwasyon ng Pilipinas at ang kinahaharap ng bansa.
"Layon daw ng pulisya ma-neutralize ang Odtuhan drug group, dagdag pa niya.","Layon daw ng pulisya na ma-neutralize ang Odtuhan drug group, dagdag pa niya."
"Sinabi ng pamangkin ng isa sa mga biktima, na pauwi na sila galing sa palengke ng mangyari ang insidente ng pamamaril.","Sinabi ng pamangkin ng isa sa mga biktima, na pauwi na sila galing sa palengke nang mangyari ang insidente ng pamamaril."
Nauna nang inaasahan ang pagdating ng bakuna na gawa ng Pfizer ngayong Pebrero pero naantala ito at wala pang katiyakan kung kailan petsa dahil sa isyu indemnification o katiyakan na hindi sila ang magbabayad sakaling magkaroon ng side effect ang bakuna.,Nauna nang inasahan ang pagdating ng bakuna na gawa ng Pfizer ngayong Pebrero pero naantala ito at wala pang katiyakan kung kailan petsa dahil sa isyu indemnification o katiyakan na hindi sila ang magbabayad sakaling magkaroon ng side effect ang bakuna.
Shield dahil epektibo itong proteksiyon laban sa Delta variant nang COVID-19.,Shield dahil epektibo itong proteksiyon laban sa Delta variant ng COVID-19.
Mapagmahal na pinapanganak iyan si Maya tsaka magalang.,Mapagmahal na anak iyan si Maya tsaka magalang.
Na tinayuan ay bumalik sa landas.,Na tayo ay bumalik sa landas.
Taos puso akong nagpapasalamat sa ng bumubuo ng PKM..,Taos puso akong nagpapasalamat sa lahat ng bumubuo ng PKM..
"Sabi nang PA ko, É??Madam, okay ka lang ba?É??","Sabi ng PA ko, É??Madam, okay ka lang ba?É??"
Habang sinulat namin ito ay wala pang official statement si Kabayan Noli.,Habang sinusulat namin ito ay wala pang official statement si Kabayan Noli.
Tinanong umano ng mga pulis ang katulong kung anong oras siya umuuwi nang hindi man lamang ibinibigay ang kanilang mga pangalan at contact numbers.,Tinanong umano ng mga pulis ang katulong kung anong oras siya umuuwi nang hindi man lamang ibinigay ang kanilang mga pangalan at contact numbers.
Hanggang ending na ang nangunguha at tama na raw ang isang season ng sikat na drama series na ito ng GMA 7.,Hanggang ending na ang kinunan at tama na raw ang isang season ng sikat na drama series na ito ng GMA 7.
Saka lamang nadiskubre ang nakatagong bangkay sa kanyang bahay ng linisin na ito makalipas ang isang taon.,Saka lamang nadiskubre ang nakatagong bangkay sa kanyang bahay nang linisin na ito makalipas ang isang taon.
"Sa palagay ko kailangan talaga natin (MGCQ) dahil ang tagal na natin sa GCQ ang establishments hirap na hirap dahil ang tagal nating naka-GCQ parang 3rd quarter pa nang nakaraang taon pinag-uusapan na, sabi ni Angara.","Sa palagay ko kailangan talaga natin (MGCQ) dahil ang tagal na natin sa GCQ ang establishments hirap na hirap dahil ang tagal nating naka-GCQ parang 3rd quarter pa ng nakaraang taon pinag-uusapan na, sabi ni Angara."
"He was just 3 years old when it became just the 2 of us because never kong tinago sa inyo that he is a special child, that hes in the autism spectrum, oftentimes na bully sya lalo na pag may pulitikang involved, BUT di hamak mas marami ang nagtanggol at nakaramdam ng pureness ng puso nya at ng kanyang genuine na generosity at ang hindi nya pagpili sa kakaibiganin at bibigyan ng respeto - for kuya kung mabait ka at pinakita ng kabutihan higit dun ang lambing at pagmamahal na isusukli nya.","He was just 3 years old when it became just the 2 of us because never kong tinago sa inyo that he is a special child, that hes in the autism spectrum, oftentimes na bully sya lalo na pag may pulitikang involved, BUT di hamak mas marami ang nagtanggol at nakaramdam ng pureness ng puso nya at ng kanyang genuine na generosity at ang hindi nya pagpili sa kakaibiganin at bibigyan ng respeto - for kuya kung mabait ka at nagpakita ng kabutihan higit dun ang lambing at pagmamahal na isusukli nya."
"Nakahanda siya sa bashing, alam niya na ginawa siyang sunog na inihaw nang dahil dun, pero itinuloy niya pa rin.","Nakahanda siya sa bashing, alam niya na gagawin siyang sunog na inihaw nang dahil dun, pero itinuloy niya pa rin."
"Hindi po siya naki tang sumakay ng kahit anong sasakyan po, sabi pa ni Bunan.","Hindi po siya nakitang sumakay ng kahit anong sasakyan po, sabi pa ni Bunan."
Sa Central Visayas umano ang may pinakamataas na kaso na aabot ng 13% ng mga tinamaan ng dengue ay mula sa nasabing rehiyon. Sinu7ndan ng Central Luzon (12%) at Zamboanga Peninsula.,Sa Central Visayas umano ang may pinakamataas na kaso na umabot ng 13% ng mga tinamaan ng dengue ay mula sa nasabing rehiyon. Sinu7ndan ng Central Luzon (12%) at Zamboanga Peninsula.
"Pero feeling ko naman with the quality time that I spend with my kids, gusto ko rin makita ni Pilar later on, É??pag makikita niya autobiography ko, lahat ng mga pinaggagawa ng nanay niya, na palagay ko ganito dapat, na hanggaÉ??t may mabibigay ka, ibigay mo,É?ù makahulugang paglalahad ni Korina.","Pero feeling ko naman with the quality time that I spend with my kids, gusto ko rin makita ni Pilar later on, É??pag nakita niya autobiography ko, lahat ng mga pinaggagawa ng nanay niya, na palagay ko ganito dapat, na hanggaÉ??t may mabibigay ka, ibigay mo,É?ù makahulugang paglalahad ni Korina."
"Lumapag ang eroplanong sasakay ni Duterte sa Ormoc City airport bago nagsagawa ng aerial inspection sa Baybay City, kung saan marami ang nasawi dahil sa mga landslide.","Lumapag ang eroplanong sinakyan ni Duterte sa Ormoc City airport bago nagsagawa ng aerial inspection sa Baybay City, kung saan marami ang nasawi dahil sa mga landslide."
Magallang ng biglang sumulpot ang riding-in-tandem gunmen lulan ng hindi naplakahang motorsiklo at pagtapat sa nakaangkas na biktima ay bumunot ang isa ng hindi malamang kalibre ng baril at sa hindi malamang motibo ay walang kaabog-abog na pinutukan ito sa ulo dahilan para patay na bumagsak sa kalsada.,Magallang nang biglang sumulpot ang riding-in-tandem gunmen lulan ng hindi naplakahang motorsiklo at pagtapat sa nakaangkas na biktima ay bumunot ang isa ng hindi malamang kalibre ng baril at sa hindi malamang motibo ay walang kaabog-abog na pinutukan ito sa ulo dahilan para patay na bumagsak sa kalsada.
"Kaya naman ngayon, una siya na tumulong, nagpahatid nang maliit na sign ng pagmamahal dahil nga nakikita niya ang hirap ngayong pandemic.","Kaya naman ngayon, una siya na tumulong, nagpahatid ng maliit na sign ng pagmamahal dahil nga nakikita niya ang hirap ngayong pandemic."
Kaya sinabi Niya na ang hindi pasan ng sarili niyang Krus at sumunod sa akin ay hindi maaaring maging Alagad ko.,Kaya sinabi Niya na ang hindi magpapasan ng sarili niyang Krus at sumunod sa akin ay hindi maaaring maging Alagad ko.
Binubuksan ng Gilas Womens squad ang laro sa 21-6 bago tuluyan nang umalagwa sa halftime bitbit ang 54-13 abante.,Binuksan ng Gilas Womens squad ang laro sa 21-6 bago tuluyan nang umalagwa sa halftime bitbit ang 54-13 abante.
Ipinamajagi-ang pagkain sa mga depot sa bawat barangay.,Ipinamajagi ang pagkain sa mga depot sa bawat barangay.
Sitti Gilda Mahinay-Sapie at sa kanyang mister na si Muhaimen Mohammad Sapie ay tinatawag nilang É??cold-blooded murderÉ?ù matapos na walang kalaban labang pinaslang sa harap ng kanilang bahay.,Sitti Gilda Mahinay-Sapie at sa kanyang mister na si Muhaimen Mohammad Sapie ay tinawag nilang É??cold-blooded murderÉ?ù matapos na walang kalaban labang pinaslang sa harap ng kanilang bahay.
"Kung sa bagay, iyan ay observations lang namin, pero kung ganyan nga nang ganyan, mauulit nang marami pang beses ang karanasan naming nanood ng isang pelikula na magisa lang sa loob ng sinehan.","Kung sa bagay, iyan ay observations lang namin, pero kung ganyan nga nang ganyan, mauulit nang marami pang beses ang karanasan naming nanood ng isang pelikula na mag-isa lang sa loob ng sinehan."
Hindi alam talaga.,Hindi ko alam talaga.
Bago maghatinggabi ng may magbigay ng impormasyon sa NBI-IOD na nakita ang sasakyan ng mga suspek sa nasabing parking area ng Entertainment City kaya binalikan ang mga ito at nauwi na sa madugong engkwentro ang pangyayari.,Bago maghatinggabi nang may magbigay ng impormasyon sa NBI-IOD na nakita ang sasakyan ng mga suspek sa nasabing parking area ng Entertainment City kaya binalikan ang mga ito at nauwi na sa madugong engkwentro ang pangyayari.
"Kahit na ang pinaka-talamak na magnanakaw, kriminal at tampalasan ay ibig pa rin ng ating Diyos.","Kahit na ang pinaka-talamak na magnanakaw, kriminal at tampalasan ay iniibig pa rin ng ating Diyos."
"Bukod dito, nais rin ng grupo na pahintulutan na ng gobyerno ang mas marami pang public utility vehicles (PUVs) na mag-operate kasunod na rin nang nakatakda nang pagbubukas muli ng klase sa susunod na buwan.","Bukod dito, nais din ng grupo na pahintulutan na ng gobyerno ang mas marami pang public utility vehicles (PUVs) na mag-operate kasunod na rin nang nakatakda nang pagbubukas muli ng klase sa susunod na buwan."
"Nakamit ng Bulldogs ang korona sa Asean University Games noong 2018 ng pataubin ang Thailand sa finals sa pamamagitan ng 27-25, 25-21, 22-25, 25-20 desisyon sa labang ginanap sa Naypyidaw, Myanmar.","Nakamit ng Bulldogs ang korona sa Asean University Games noong 2018 nang pataubin ang Thailand sa finals sa pamamagitan ng 27-25, 25-21, 22-25, 25-20 desisyon sa labang ginanap sa Naypyidaw, Myanmar."
E to lang yung isang talagang nakaka-proud.,Eto lang yung isang talagang nakaka-proud.
"Kaugnay nito, nasa kasagsagan na rin ng pamamahagi ayuda sa Guiguinto para sa may 85,789 na mga benepisyaryo gamit ang 85.7.","Kaugnay nito, nasa kasagsagan na rin ng pamamahagi ng ayuda sa Guiguinto para sa may 85,789 na mga benepisyaryo gamit ang 85.7."
"Minsan, e, nagbabantay siya ng isang utility habang kumakain ang buong production.","Minsan, e, binantayan siya ng isang utility habang kumakain ang buong production."
"Kuwento pa ng TV host, talagang nag-effort pa si ya na bisitahin sa lock-in taping nitong nagdaang Mayo ang tinutukoy niyang personalidad para personal na ibigay ang kanyang birthday gift.","Kuwento pa ng TV host, talagang nag-effort pa siya na bisitahin sa lock-in taping nitong nagdaang Mayo ang tinutukoy niyang personalidad para personal na ibigay ang kanyang birthday gift."
"Ang sumunod na order ay alas-4:56pm at nagkakahalaga na ng P323,247, ang pangatlo ay alas-5:11pm, P356,517, at ang kahuhuli ay noong 5:49pm at P300,851 ang halaga.","Ang sumunod na order ay alas-4:56pm at nagkakahalaga na ng P323,247, ang pangatlo ay alas-5:11pm, P356,517, at ang huli ay noong 5:49pm at P300,851 ang halaga."
Ang reproduction number naman sa rehiyon ay tumalon na din sa 1.47.,Ang reproduction number naman sa rehiyon ay tumalon na rin sa 1.47.
"Kung iisipin mo, ang ganung proyekto ay nagbigay ng inspirasyon sa marami para makatulong, at gumaya sa nangyaring iyon sa Quezon City, ngayon ay matatakot na dahil baka mapagbintangan din sila.","Kung iisipin mo, ang ganung proyekto ay nagbigay ng inspirasyon sa marami para makatulong, at gumaya sa nangyaring iyon sa Quezon City, ngayon ay natakot na dahil baka mapagbintangan din sila."
Hinihikayat rin ni Belmonte ang mga taga-QC na magrehistro na sa QC Vax Easy upang makatanggap ng schedule ng bakuna.,Hinihikayat din ni Belmonte ang mga taga-QC na magrehistro na sa QC Vax Easy upang makatanggap ng schedule ng bakuna.
"Napakamura so hindi malaman kung bakit mayroon ganyan Kung ganyan baka smuggled or whatever, ayon kay Agriculture Assistant Secretary Noel Reyes.","Napakamura so hindi natin malaman kung bakit mayroon ganyan Kung ganyan baka smuggled or whatever, ayon kay Agriculture Assistant Secretary Noel Reyes."
"Ayon kay DA Undersecretary Kristine Evangelista, tumaas na ng P20 ang presyo-ng liempo na nasa P360 per kilo ngayong Nobyembre mula sa P340 noong Oktubre.","Ayon kay DA Undersecretary Kristine Evangelista, tumaas na ng P20 ang presyo ng liempo na nasa P360 per kilo ngayong Nobyembre mula sa P340 noong Oktubre."
Pagsapit daw ng December 24 ay bubuksan nila ang kanilang tahanan sa publiko upang masilayan rin ang inihahanda pa nilang dekorasyon sa loob ng bahay.,Pagsapit daw ng December 24 ay bubuksan nila ang kanilang tahanan sa publiko upang masilayan din ang inihahanda pa nilang dekorasyon sa loob ng bahay.
Dapat talaga siguro makaisip mas magandang way na maayos ang lahat.,Dapat talaga siguro makaisip ng mas magandang way na maayos ang lahat.
Ang Pinay netter ang nagbigay sa Pilipinas ng kauna unahang Grand Slam girls singles championship.,Ang Pinay netter ang nagbigay sa Pilipinas ng kauna-unahang Grand Slam girls singles championship.
"Patuloy na inalam ng mga awtoridad ang kabuuang halaga ng droga na samsam sa operasyon, pati ang kanilang follow-up operation sa drug group na may front na online selling.--Jamil.","Patuloy na inaalam ng mga awtoridad ang kabuuang halaga ng droga na samsam sa operasyon, pati ang kanilang follow-up operation sa drug group na may front na online selling.--Jamil."
"Kinakabahan-ako, tapos tuliro na rin ako kasi nilibot ko na 'yung lugar eh, 'yung alam kong posible nilang puntahan.","Kinakabahan ako, tapos tuliro na rin ako kasi nilibot ko na 'yung lugar eh, 'yung alam kong posible nilang puntahan."
"Inaprubahan na ni Pangulong Rodrigo Duterte ang Executive Order 151 na tuluyang magpapatupad ng COVID-19 ""alert level systems"" sa buong bansa, bagay na paglayo sa-mga community quarantine system habang nagluluwag ng restrictions ang gobyerno.","Inaprubahan na ni Pangulong Rodrigo Duterte ang Executive Order 151 na tuluyang magpapatupad ng COVID-19 ""alert level systems"" sa buong bansa, bagay na paglayo sa mga community quarantine system habang nagluluwag ng restrictions ang gobyerno."
Nakita po namin 'yung uptake nang ating mgha healthcare workers sa iba't ibvang ospital kumpara sa mga previous days na may mga lumalabas na talagang mataas ang hesitancy.,Nakita po namin 'yung uptake ng ating mgha healthcare workers sa iba't ibvang ospital kumpara sa mga previous days na may mga lumalabas na talagang mataas ang hesitancy.
Nakipagkoordinas yon ang NBI sa apamunuan ng online selling platform para sa koordinasyon sa pagkakasa ng entrapment operation.,Nakipagkoordinas-yon ang NBI sa apamunuan ng online selling platform para sa koordinasyon sa pagkakasa ng entrapment operation.
Magkakaroon rin ang nasabing building ng isang coffee shop na tatawagin daw niyang BeauteBeanery.,Magkakaroon din ang nasabing building ng isang coffee shop na tatawagin daw niyang BeauteBeanery.
Pati raw hotwl kung saan nag-stay ang pamilya Pacquiao para ss kanilang quarantine ay hindi pinalagpas ng reporter at nagalit daw ito dahil sa mga pagkain na palaging pinopost ni Jinkee sa social media.,Pati raw hotwl kung saan nag-stay ang pamilya Pacquiao para ss kanilang quarantine ay hindi pinalagpas ng reporter at nagagalit daw ito dahil sa mga pagkain na palaging pinopost ni Jinkee sa social media.
"Hindi kaartehan iyan, dumating na kasi kay Ate Vi iyong status na dapat mamili siya kung ano ang gumawa niya para sa publiko, pero at the same time iniisip din naman niya kung magugustuhan ba iyon ng audience, dahil kailangan niyang bigyan ng proteksiyon hindi lamang ang status niya bilang isang aktres, kundi ganoon din ang record niya bilang box-office queen.","Hindi kaartehan iyan, dumating na kasi kay Ate Vi iyong status na dapat mamili siya kung ano ang gagawin niya para sa publiko, pero at the same time iniisip din naman niya kung magugustuhan ba iyon ng audience, dahil kailangan niyang bigyan ng proteksiyon hindi lamang ang status niya bilang isang aktres, kundi ganoon din ang record niya bilang box-office queen."
"Sa ulat ni James Paolo Yap sa GMA Regional TV News nitong Lunes, sinabing kuha ng isang netizen ang larawan noong nakaraang linggo habang kain ng apoy ang bahay sa Purok Uno sa Barangay Naga noong nakaraang linggo.","Sa ulat ni James Paolo Yap sa GMA Regional TV News nitong Lunes, sinabing kuha ng isang netizen ang larawan noong nakaraang linggo habang kinakain ng apoy ang bahay sa Purok Uno sa Barangay Naga noong nakaraang linggo."
"408, series of 1960 as amended at iba pang mga dayuhan na saklaw ng mga nauugnay na Foreign Service Circulars ay maaari nang payagang makapasok sa Pilipinas nang walang visa habang ang mga kakakailangan ng visa ay kailangang kumuha ng entry visa at Entry Exemption Document (EED) mula sa pinakamalapit na konsulado o embahada ng Pilipinas.","408, series of 1960 as amended at iba pang mga dayuhan na saklaw ng mga nauugnay na Foreign Service Circulars ay maaari nang payagang makapasok sa Pilipinas nang walang visa habang ang mga nangangailangan ng visa ay kailangang kumuha ng entry visa at Entry Exemption Document (EED) mula sa pinakamalapit na konsulado o embahada ng Pilipinas."
"Tinangka pang isugod ang biktima sa NICC Hospital sa Naga City, pero hindi na umabot ng buhay.","Tinangka pang isugod ang biktima sa NICC Hospital sa Naga City, pero hindi na umabot nang buhay."
"Sa ulat, pasado alas-6 ng umaga, nakatanggap ng ulat ang mga tauhan ng 31st Infantry Battalion ng 9th Infantry Division ng Philippine Army hinggil sa presensya ng mga armadong grupo sa barangay at nagre recruit umano ng mga kabataan sa lugar.","Sa ulat, pasado alas-6 ng umaga, nakatanggap ng ulat ang mga tauhan ng 31st Infantry Battalion ng 9th Infantry Division ng Philippine Army hinggil sa presensya ng mga armadong grupo sa barangay at nagre-recruit umano ng mga kabataan sa lugar."
Inamin ni Karylle sa harap mismo ng komedyante na nawalan na siya noon ng pag asa na makakabalik pa ito sa kanilang show matapos ngang makulong nang halos tatlong buwan dahil sa kasong rape.,Inamin ni Karylle sa harap mismo ng komedyante na nawalan na siya noon ng pag-asa na makakabalik pa ito sa kanilang show matapos ngang makulong nang halos tatlong buwan dahil sa kasong rape.
Kapag may nagtatrabaho kasi si Robin ay may magandang magagawa yun para sa kanya.,Kapag may trabaho kasi si Robin ay may magandang magagawa yun para sa kanya.
"Si Garcia naman ng Cebu Province ay nakakuha ng 77% mula sa kanyang m ga constituents na nagresulta upang manguna bilang gobernadora. Pumangalawa si Arthur Defensor ng Iloilo Province (72%), Francisco Emmanuel Ortega ng La Union Province (70%), Marc Douglas Cagas IV ng Davao del Sur Province (67%) at Dennis Pineda ng Pampanga Province.","Si Garcia naman ng Cebu Province ay nakakuha ng 77% mula sa kanyang mga constituents na nagresulta upang manguna bilang gobernadora. Pumangalawa si Arthur Defensor ng Iloilo Province (72%), Francisco Emmanuel Ortega ng La Union Province (70%), Marc Douglas Cagas IV ng Davao del Sur Province (67%) at Dennis Pineda ng Pampanga Province."
Binigyang diin ni Bondoc na ang nasabing batas ay naglalayon lamang mapagbuti ang É??road safetyÉ?? o kaligtasan sa kalsada pero nagagamit dito ang panunuhol dahil sa sobrang mahal nang gastusin para dito.,Binigyang diin ni Bondoc na ang nasabing batas ay naglalayon lamang mapagbuti ang É??road safetyÉ?? o kaligtasan sa kalsada pero nagagamit dito ang panunuhol dahil sa sobrang mahal ng gastusin para dito.
"Ngunit nang makita niya raw ang mga ito na magsipagtapos, tila mawawala ang kanyang pagod.","Ngunit nang makita niya raw ang mga ito na magsipagtapos, tila nawawala ang kanyang pagod."
"Ang mga demonyo at si Bruhilda (Rosemarie Gil), ang diwata bumuhay kay Lizardo at nagbigay sa kanya nang kapangyarihang kayang tapatan ang sandata ni Flavio.","Ang mga demonyo at si Bruhilda (Rosemarie Gil), ang diwata bumuhay kay Lizardo at nagbigay sa kanya ng kapangyarihang kayang tapatan ang sandata ni Flavio."
Pressured talaga kasi first-time namin talaga sumalang sa comedy.,Pressured talaga kasi first time namin talaga sumalang sa comedy.
"Virginia Delos Reyes, isang pulmonary physician na ginagamot sa mga tinamaan ng COVID-19, kinilala niya ang kasambahay na si Annalyn Montemayor Tiglao, na nagpakilalang mula sa Caloocan City.","Virginia Delos Reyes, isang pulmonary physician na gumagamot sa mga tinamaan ng COVID-19, kinilala niya ang kasambahay na si Annalyn Montemayor Tiglao, na nagpakilalang mula sa Caloocan City."
Inilahad rin ng Presidente ang matinding epekto ng iligal na droga sa mga Pilipino pati na kung paano wasakin ng droga ang isang pamilya.,Inilahad din ng Presidente ang matinding epekto ng iligal na droga sa mga Pilipino pati na kung paano wasakin ng droga ang isang pamilya.
"Para kay Awra, biggest achievement na niyang maituturing na napag-aral at napa-graduate niya ang kanyang tatay na si Oneal Brian Briguela mula sa mga naipon niyang talent fee sa pagaartista.","Para kay Awra, biggest achievement na niyang maituturing na napag-aral at napa-graduate niya ang kanyang tatay na si Oneal Brian Briguela mula sa mga naipon niyang talent fee sa pag-aartista."
"Bilang katuwang ng IFFR Pro, pumili ang FDCP ng mga magiging kalahok mula sa mga nagpasa ng aplikasyon noong Call of Applications na nagbukas noong Disyembre 2021 para sa mga nagsisimulang producer na may nagawa ng dalawa o higit pang pelikula at kasalukuyang may tinatapos na feature film na bukas sa co-production at networking sa labas ng bansa.","Bilang katuwang ng IFFR Pro, pumili ang FDCP ng mga magiging kalahok mula sa mga nagpasa ng aplikasyon noong Call of Applications na nagbukas noong Disyembre 2021 para sa mga nagsisimulang producer na may nagawa nang dalawa o higit pang pelikula at kasalukuyang may tinatapos na feature film na bukas sa co-production at networking sa labas ng bansa."
"Bitbit ang malaking halaga ng pera, tumakas-ang mag-asawa.","Bitbit ang malaking halaga ng pera, tumakas ang mag-asawa."
"Sasabihin ng Pangulo na nakalulungkot ang patuloy na pagtaas ng inflation, na ang mga hakbang na ipinatupad ng kanyang gobyerno ay hindi pa dumaan sa sistema.","Sinabi ng Pangulo na nakalulungkot ang patuloy na pagtaas ng inflation, na ang mga hakbang na ipinatupad ng kanyang gobyerno ay hindi pa dumaan sa sistema."
Siyempre nabigla ako pero napakatagal ko na ring naghihintay nang isang maganda at napakalaking project at maging lead sa isang drama na pang primetime.,Siyempre nabigla ako pero napakatagal ko na ring naghihintay ng isang maganda at napakalaking project at maging lead sa isang drama na pang primetime.
"Gagawa rin siya ng mga strategy sa pagpapalakas ng turismo, pagpapaunlad ng tourism highways at pagtutuloy pa ng Build, Build, Build program, tututok sa digital transformation, ang taimtim na pangako sa mga mangingisda na makakapangisda sa West Philippine Sea nang hindi nanganganib na walang humaharang at ang pagbibigay ng risk free capital sa mga magsasaka.","Gagawa rin siya ng mga strategy sa pagpapalakas ng turismo, pagpapaunlad ng tourism highways at pagtutuloy pa ng Build, Build, Build program, tututok sa digital transformation, ang taimtim na pangako sa mga mangingisda na makakapangisda sa West Philippine Sea nang hindi nanganganib na walang humaharang at ang pagbibigay ng risk-free capital sa mga magsasaka."
"Pero marami nang naganap, nagdatingan na ang mga bagong artistang umiibig ng publiko, meron man siyang ginagawang proyekto ngayon ay paminsan-minsan lang.","Pero marami nang naganap, nagdatingan na ang mga bagong artistang iibigin ng publiko, meron man siyang ginagawang proyekto ngayon ay paminsan-minsan lang."
"Ang mga drug rehabilitation center na ito ay mag-aalok din ng after-care, follow-up at social reintegration services para tulungan ang mga pasyente sa pag-adjust buhay komunidad pagkatapos ng kanilang paglaya.","Ang mga drug rehabilitation center na ito ay mag-aalok din ng after-care, follow-up at social reintegration services para tulungan ang mga pasyente sa pag-adjust sa buhay komunidad pagkatapos ng kanilang paglaya."
Ang muling pagkabuhay ni Hesus ay simbulo rin ng ba gong pag-asa.,Ang muling pagkabuhay ni Hesus ay simbulo rin ng bagong pag-asa.
"Ng kapanayamin ng media, todo-tanggi pa ang suspek at sinabing hindi niya ginawa ang krimen, kahit na may videong ebidensiya rito.","Nang kapanayamin ng media, todo-tanggi pa ang suspek at sinabing hindi niya ginawa ang krimen, kahit na may videong ebidensiya rito."
Modus ng mga suspek na putulin ang mga cable wire na konektado rin sa mga alarma ng mga bangko saka pinasok ang mga ito sa pamamagitan ng paghuhukay.,Modus ng mga suspek na putulin ang mga cable wire na konektado rin sa mga alarma ng mga bangko saka papasukin ang mga ito sa pamamagitan ng paghuhukay.
"Sa Facebook page ng Philippine Charity Sweepstakes Office, sinabing ang lalaking tumaya sa Pasay, ay isa lang sa dalawang napanalunan ng jackpot prize sa nasabing draw.","Sa Facebook page ng Philippine Charity Sweepstakes Office, sinabing ang lalaking tumaya sa Pasay, ay isa lang sa dalawang nanalo ng jackpot prize sa nasabing draw."
"Daanin ko na lang sa smile iyon apology nila Papa Digong at Paolo Contis, nag-umpisa ni Manay Lolit.","Daanin ko na lang sa smile iyon apology nila Papa Digong at Paolo Contis, umpisa ni Manay Lolit."
"Mga babae kasi ang dalawang ipinanganak nila, at dalagita na ang panganay kaya naisip nila na hindi puwede na pareho silang wala sa bahay.","Mga babae kasi ang dalawang anak nila, at dalagita na ang panganay kaya naisip nila na hindi puwede na pareho silang wala sa bahay."
"Handa umano ang kumpanya na sagutin ang burol, libing, at tulong pinansyal sa naulilang pamilya ng nasawi.","Handa umano ang kumpanya na sagutin ang burol, libing, at tulong-pinansyal sa naulilang pamilya ng nasawi."
"Nakikita ko doctor nag-iiyakan na, nagmamakaawa mga nurse.Never.","Nakikita ko mga doctor nag-iiyakan na, nagmamakaawa mga nurse.Never."
Madalas rin na aksidente lamang na nalalaman ng isang tao na meron na pala siyang gallstones dahil bihira itong nagpapakita ng sintomas.,Madalas din na aksidente lamang na nalalaman ng isang tao na meron na pala siyang gallstones dahil bihira itong nagpapakita ng sintomas.
"Sa kabila nito, ipinagmamalaki ng kagawaran na mas maliit pa din ito ng 22% kumpara sa five-year average sa parehong time period.","Sa kabila nito, ipinagmamalaki ng kagawaran na mas maliit pa rin ito ng 22% kumpara sa five-year average sa parehong time period."
Sisiraan po kasi siya ng aming mga gamit tapos po 'yung mga modules po na naka-pack namin para sa mga bata ginugulo niya po.,Naninira po kasi siya ng aming mga gamit tapos po 'yung mga modules po na naka-pack namin para sa mga bata ginugulo niya po.
Kapag may libreng oras siya ay kinukumusta niya ang mga ito bago magshow.,Kapag may libreng oras siya ay kinukumusta niya ang mga ito bago mag-show.
"Ayon sa pag-aaral na nalathala sa Nutrients journal, ang palm oil ay mabisa sa healthy diet kung saan hindi ito nagdaragdag ng cholesterol levels at kabibigay tulong para mapalusog ang puso ng tao.","Ayon sa pag-aaral na nalathala sa Nutrients journal, ang palm oil ay mabisa sa healthy diet kung saan hindi ito nagdaragdag ng cholesterol levels at nagbibigay tulong para mapalusog ang puso ng tao."
"Saopisyal at orihinal na PO, mayroon pong 12line itemspero9lang ang ipapakita nila.","Saopisyal at orihinal na PO, mayroon pong 12line itemspero9lang ang pinakita nila."
"Sa matinding galit, binaril ni Rulloda si Gavino sa tiyan sa harap ng mga kasamahang sundalo sa loob-ng kanilang bunker dakong alas-8:30 ng gabi.","Sa matinding galit, binaril ni Rulloda si Gavino sa tiyan sa harap ng mga kasamahang sundalo sa loob ng kanilang bunker dakong alas-8:30 ng gabi."
"Ayon sa PNP, kaila-ngan ng suporta ng AFP upang mabigyan ng proteksiyon ang mga pagaari ngPilipinas na nais na sakupin ng ibang bansa.","Ayon sa PNP, kaila-ngan ng suporta ng AFP upang mabigyan ng proteksiyon ang mga pag-aari ngPilipinas na nais na sakupin ng ibang bansa."
"Umabot na sa 3,649,239 recoveries habang nasa 60,641 ang naitalang nasawi.","Umabot na sa 3,649,239 ang recoveries habang nasa 60,641 ang naitalang nasawi."
"Sabi niya eh ate buksan mo yung pinto tumawag ako ng kasama tapos binubuksan namin, nung binuksan namin hindi kami makapasok dahil naka double lock sa loob so sabi ni tita puntahan niyo na sa bintana, pagbukas nga po namin nakita namin na nandoon naman siya pero may dugo sa may hita, dagdag pa niya.","Sabi niya eh ate buksan mo yung pinto tumawag ako ng kasama tapos binuksan namin, nung binuksan namin hindi kami makapasok dahil naka double lock sa loob so sabi ni tita puntahan niyo na sa bintana, pagbukas nga po namin nakita namin na nandoon naman siya pero may dugo sa may hita, dagdag pa niya."
"Eto ang message namin sa album na ito, na maging totoo kung sino ka, kwento ni Gigi sa halaga nang album para sa kanya at sa kanyang banda.","Eto ang message namin sa album na ito, na maging totoo kung sino ka, kwento ni Gigi sa halaga ng album para sa kanya at sa kanyang banda."
Dugtong pa nito habang kaiiyak naman ang kanyang mga talents.,Dugtong pa nito habang umiiyak naman ang kanyang mga talents.
To be fair sa taong nagpahiram naman.,To be fair doon sa taong nagpahiram naman.
Bukod dito ay naglabas rin ng tiktok video si Andrea na may nakalagay na É??kagigising ko langÉ?? at ang background music ay awitin ni Selena Gomez na É??Love You to Love MeÉ?ù na sinasabayan pa ng dalaga.,Bukod dito ay naglabas din ng tiktok video si Andrea na may nakalagay na É??kagigising ko langÉ?? at ang background music ay awitin ni Selena Gomez na É??Love You to Love MeÉ?ù na sinasabayan pa ng dalaga.
Bongga ang AllTV dahil talagang lahat nag aabang sa projects na gagawin nito.,Bongga ang AllTV dahil talagang lahat nag-aabang sa projects na gagawin nito.
Wala namang makitang dahilan si Pimentel para isama si ya ni Sara sa inilabas nitong pahayag.,Wala namang makitang dahilan si Pimentel para isama siya ni Sara sa inilabas nitong pahayag.
"Nagsasabi ni Uy na kung isasabay ang plebisito sa susunod na Barangay o national election, ang gastusin ay aabot lamang sa P231-M.","Sinabi ni Uy na kung isasabay ang plebisito sa susunod na Barangay o national election, ang gastusin ay aabot lamang sa P231-M."
Abangan rin sa susunod na mga linggo ang pagsambulat pa ng ilang sikreto ng magkakapatid tulad ng sex scandal ni Seb (Jake Ejercito) at ang posibleng pagtalon ni Drew sa bangin.,Abangan din sa susunod na mga linggo ang pagsambulat pa ng ilang sikreto ng magkakapatid tulad ng sex scandal ni Seb (Jake Ejercito) at ang posibleng pagtalon ni Drew sa bangin.
"Ang lakas nang dating ng trailer nito, at talagang may tama sa mga manonood.","Ang lakas ng dating ng trailer nito, at talagang may tama sa mga manonood."
Hanggang sa magdadala na raw nila ito sa Mt.,Hanggang sa dinala na raw nila ito sa Mt.
Si Dioquino ang itinuturong lider ng É??Dioquino Carnapping GroupÉ?? na nakabase sa Marikina City ngunit nag-ooperate mga lugar sa Rizal Province at Metro Manila.,Si Dioquino ang itinuturong lider ng É??Dioquino Carnapping GroupÉ?? na nakabase sa Marikina City ngunit nag-ooperate sa mga lugar sa Rizal Province at Metro Manila.
"Aniya, ito ang mga critically ill patients na hindi na tumanggap umano ng mga hospital na lilipatan.","Aniya, ito ang mga critically ill patients na hindi na tinatanggap umano ng mga hospital na lilipatan."
"Eh sa post ni Gabbi, yung tent na gumamit nila eh kapareho ring tent na ginamit niya noong bata pa lang sila.","Eh sa post ni Gabbi, yung tent na ginamit nila eh kapareho ring tent na ginamit niya noong bata pa lang sila."
"É??Ang hinirap sa trabaho natin kasi kapag natsismis ka na, na-link ka ng ganyan.","É??Ang hirap sa trabaho natin kasi kapag natsismis ka na, na-link ka ng ganyan."
Lalo pang tumindi ang tensyon nang pagbabarilin ang bahay nina Lolong nang mga tauhan ni Gobernador Banson.,Lalo pang tumindi ang tensyon nang pagbabarilin ang bahay nina Lolong ng mga tauhan ni Gobernador Banson.
"Galit na galit ang netizens, at laki na nga ito dahil kay Vice Ganda na hindi naman pumapatol sa kanila.","Galit na galit ang netizens, at lumaki na nga ito dahil kay Vice Ganda na hindi naman pumapatol sa kanila."
"Ibang-iba, talagang nag-mature siya dahil na rin sa bagong career na pasok niya.","Ibang-iba, talagang nag-mature siya dahil na rin sa bagong career na pinasok niya."
Bukod dito ay marami din umanong magulang ang walang panahon o limitado ang oras para maturuan ang mga bata.,Bukod dito ay marami rin umanong magulang ang walang panahon o limitado ang oras para maturuan ang mga bata.
"Sa ulat, ala-1:00 ng hapon ng magsagawa ng buy-bust operation ang mga otoridad sa mismong tinutuluyan ng suspek.","Sa ulat, ala-1:00 ng hapon nang magsagawa ng buy-bust operation ang mga otoridad sa mismong tinutuluyan ng suspek."
"Ang katuwiran niya, hindi na siya bumabata at alam niya na basta matanda na siya, wala nang magkaka interest sa kanya.","Ang katuwiran niya, hindi na siya bumabata at alam niya na basta matanda na siya, wala nang magkaka-interest sa kanya."
"Inuga ng malakas-lakas na lindol ang ilang bahagi ng Pilipinas, Miyerkules, bagay na aabot sa magnitude 7, ayon sa state seismologists.","Inuga ng malakas-lakas na lindol ang ilang bahagi ng Pilipinas, Miyerkules, bagay na umabot sa magnitude 7, ayon sa state seismologists."
Sa kanyang Instagram post ay humingi ng dasal at tulong pinansyal ang kanyang nanganak na si Stephanie Mercado-de Koenigswarter.,Sa kanyang Instagram post ay humingi ng dasal at tulong pinansyal ang kanyang anak na si Stephanie Mercado-de Koenigswarter.
"Let me see, sisiguraduhin ko mahohoyo sila yung mga drug pushers, gaya ng gagawin namin sa Maynila, alinsunod sa rule of law, dagdag pa ni Moreno.","Let me see, sisiguraduhin ko mahohoyo sila yung mga drug pushers, gaya ng ginagawa namin sa Maynila, alinsunod sa rule of law, dagdag pa ni Moreno."
"Opisyal ng kandidato sa pagkapangulo sa 2022 ang ""Pambansang Kamao"" kasabay ng unang araw ng filing ng certificate of candidacy.","Opisyal nang kandidato sa pagkapangulo sa 2022 ang ""Pambansang Kamao"" kasabay ng unang araw ng filing ng certificate of candidacy."
"Kung ikukumpara ang rating ng pa??ngulo sa ibang nagdaang administrasyon, sinasabi ni Roque na very good pa rin ang marka nito dahil batay sa standards, ang 75% ay mataas na marka para sa isang pangulong nasa huling taon na ng kanyang termino.","Kung ikukumpara ang rating ng pa??ngulo sa ibang nagdaang administrasyon, sinabi ni Roque na very good pa rin ang marka nito dahil batay sa standards, ang 75% ay mataas na marka para sa isang pangulong nasa huling taon na ng kanyang termino."
Nauna ng sinabi ni Roque na ginagamit ng ilang kritiko ng gobyerno ang isyu ng pandemya laban sa Duterte administration lalo nat nalalapit na ang 2022 election.,Nauna nang sinabi ni Roque na ginagamit ng ilang kritiko ng gobyerno ang isyu ng pandemya laban sa Duterte administration lalo nat nalalapit na ang 2022 election.
"Samantala, sa ilalim ng social welfare assistance program ng lungsod, nasa 3,000 indigent solo parents ang maaaring tatanggapin ng financial assistance na nagkakahalaga ng P500 kada buwan o P6,000 kada taon.","Samantala, sa ilalim ng social welfare assistance program ng lungsod, nasa 3,000 indigent solo parents ang maaaring tumanggap ng financial assistance na nagkakahalaga ng P500 kada buwan o P6,000 kada taon."
"Kuwento ni Faith, edad 14 lamang siya noon at naninirahan sa Laguna at kakailanganin niyang mag-commute halos araw-araw papunta sa Quezon City dahil wala silang kotse.","Kuwento ni Faith, edad 14 lamang siya noon at naninirahan sa Laguna at kinailangan niyang mag-commute halos araw-araw papunta sa Quezon City dahil wala silang kotse."
"Alam kong yon ang kasiyahan niya kaya sana soon magawa ko din yon,É?ù pagtatapos ng actor.","Alam kong yon ang kasiyahan niya kaya sana soon magawa ko rin yon,É?ù pagtatapos ng actor."
"Sobrang anghel ng magiging misis-ko, mabait 'yon.","Sobrang anghel ng magiging misis ko, mabait 'yon."
Tumanggap ng É??Excellence in Digital Public ServiceÉ?ù ng Gcash sa katatapos na Digital Excellence Awards ang Lungsod ng Maynila sa patuloy na pag-ani ng ng ibat ibang anyo ng pagkilala sa ilalim ng pangangasiwa ni Mayor Honey Lacuna.,Tumanggap ng É??Excellence in Digital Public ServiceÉ?ù ng Gcash sa katatapos na Digital Excellence Awards ang Lungsod ng Maynila sa patuloy na pag-ani ng ibat ibang anyo ng pagkilala sa ilalim ng pangangasiwa ni Mayor Honey Lacuna.
"Nakita naman umano ng anak ang insidente kayat tinangkang tulungan ang ina, ngunit maging siya ay pinagsasaksak ng suspek nagsasaka mabilis na tumakas.","Nakita naman umano ng anak ang insidente kayat tinangkang tulungan ang ina, ngunit maging siya ay pinagsasaksak ng suspek saka mabilis na tumakas."
Si Dingdong Dantes naman ay sumagot ang isang basher.,Si Dingdong Dantes naman ay sinagot ang isang basher.
Ewan ko kung ano ang kalalabasan nito dahil in-announce naman nang Cornerstone na under na sa management nila ang showbiz career ni Ana.,Ewan ko kung ano ang kalalabasan nito dahil in-announce naman ng Cornerstone na under na sa management nila ang showbiz career ni Ana.
"Sa Chika Minute report ni Lhar Santiago sa GMA News ""24 Oras"" nitong Martes, sinabing nakapila na si Sanya at ang kuya niyang si Jak Roberto nang pagkaguluhan sila nang mga tao.","Sa Chika Minute report ni Lhar Santiago sa GMA News ""24 Oras"" nitong Martes, sinabing nakapila na si Sanya at ang kuya niyang si Jak Roberto nang pagkaguluhan sila ng mga tao."
"Kailangang dumaan sila sa mababang kapulungan ng Kongreso na siyang gagawa ng panukalang batas, tapos dinadala naman iyon sa senado para sa confirmation, at saka lamang dadalhin sa Pangulo.","Kailangang dumaan sila sa mababang kapulungan ng Kongreso na siyang gagawa ng panukalang batas, tapos dadalhin naman iyon sa senado para sa confirmation, at saka lamang dadalhin sa Pangulo."
"Puwedeng si Julia na nga ang katapat ni Gerald, na pukulin man siya ng mga negatibong salita ay sumalo lang nila, pero ipupukol din nila sa hangin.","Puwedeng si Julia na nga ang katapat ni Gerald, na pukulin man siya ng mga negatibong salita ay sasaluhin lang nila, pero ipupukol din nila sa hangin."
Pahayag naman ni Allen: Happy po na yung Raya Sirena ay ginawang mini-series.,Pahayag naman ni Allen: Happy po kami na yung Raya Sirena ay ginawang mini-series.
"Bilib kami sa pagiging ma-PR ng misis ni John Prats dahil ng makita niya kami, lumapit siya para bumati.","Bilib kami sa pagiging ma-PR ng misis ni John Prats dahil nang makita niya kami, lumapit siya para bumati."
"Sa pamumuno ni Santiago bilang PPA general manager ay nakapagtala ang state port authority nang pinakamataas na kita at dibidendo sa 48-taong kasaysayan nito, na sumasaklaw sa mga kita at dibidendo na ipinadala sa National Treasury para sa lahat ng taon pagkatapos ng 1986.","Sa pamumuno ni Santiago bilang PPA general manager ay nakapagtala ang state port authority ng pinakamataas na kita at dibidendo sa 48-taong kasaysayan nito, na sumasaklaw sa mga kita at dibidendo na ipinadala sa National Treasury para sa lahat ng taon pagkatapos ng 1986."
Kahapon ay natanong din ang actor tungkol sa magiging tapatan nila ng Voltes V: Legacy ng GMA 7 inumpisahan sa May 8.,Kahapon ay natanong din ang actor tungkol sa magiging tapatan nila ng Voltes V: Legacy ng GMA 7 umpisa sa May 8.
"Pero sa pangalawang bakuna ko po roon ako nakaramdam ng pagkahilo pero ng naitulog ko po ito, kusang nawala, kuwento ni Siapno na tubong Lingayen.","Pero sa pangalawang bakuna ko po roon ako nakaramdam ng pagkahilo pero nang naitulog ko po ito, kusang nawala, kuwento ni Siapno na tubong Lingayen."
"Iyon ang dream ko, na sana ang naging kasama ko ay mabigyan ko rin ng share sa na ging kapalaran ko.","Iyon ang dream ko, na sana ang naging kasama ko ay mabigyan ko rin ng share sa naging kapalaran ko."
Dahil dito kung kayat nais ng grupo na maimbestigahan ang mag-asawang Almarinez at masampahan sila ng kasong kriminal upang maging babala na rin umano sa iba pang kandidato na lantarang nilabag sa batas.,Dahil dito kung kayat nais ng grupo na maimbestigahan ang mag-asawang Almarinez at masampahan sila ng kasong kriminal upang maging babala na rin umano sa iba pang kandidato na lantarang lumalabag sa batas.
"Artista man, kaya din nila.","Artista man, kaya rin nila."
"Sa ulat ni Mark Salazar sa GMA News É??24 OrasÉ?ù nitong Miyerkules, makikita sa CCTV si Romer Villas at isang kasama habang lalakarin sa kalsada sa Onyx Street sa Barangay 775 nitong Linggo ng madaling-araw.","Sa ulat ni Mark Salazar sa GMA News É??24 OrasÉ?ù nitong Miyerkules, makikita sa CCTV si Romer Villas at isang kasama habang naglalakad sa kalsada sa Onyx Street sa Barangay 775 nitong Linggo ng madaling-araw."
"Una nang sinabi ni Health Undersecretary Maria Rosario Vergeire na wa la pang pumapanaw sa mga fully vaccinated na laban sa COVID-19, matapos maiulat ang ilang pagkamatay sa Indonesia at Estados Unidos kahit naturukan na ng Sinovac at iba pang vaccines.","Una nang sinabi ni Health Undersecretary Maria Rosario Vergeire na wala pang pumapanaw sa mga fully vaccinated na laban sa COVID-19, matapos maiulat ang ilang pagkamatay sa Indonesia at Estados Unidos kahit naturukan na ng Sinovac at iba pang vaccines."
"Magkaiba din ang role na gagampanan niya sa dalawang malaking proyekto, kaya naman challenge ito para sa kanya bilang actor kahit nga isa na siyang award winning na artista.","Magkaiba rin ang role na gagampanan niya sa dalawang malaking proyekto, kaya naman challenge ito para sa kanya bilang actor kahit nga isa na siyang award winning na artista."
"Ang una raw nakakita sa mahiwagang babae ay si Lloyd Quilongquilong, isa sa mga animator sa animation studios-na nasa kanilang bahay.","Ang una raw nakakita sa mahiwagang babae ay si Lloyd Quilongquilong, isa sa mga animator sa animation studios na nasa kanilang bahay."
"Magtanim na kayo, palarin ako manalo, sigurado kikita kyo, mapanatag kayo kayo at maging feasible uli ang pagiging bahagi mo ng agricultural sector.","Magtanim na kayo, palarin ako manalo, sigurado kikita kyo, mapanatag kayo at maging feasible uli ang pagiging bahagi mo ng agricultural sector."
"Hindi ko naman nire-regret like mamahalin ko naman siya eh, pagbubulgar ng aktres.","Hindi ko naman nire-regret like minahal ko naman siya eh, pagbubulgar ng aktres."
"Bandang alas-5:30 ng umaga ng matagpuan umano ng isang Jessie Simbulan, kasamahang magsasaka ng biktima, ang duguan at wala nang buhay na biktima.Agad.","Bandang alas-5:30 ng umaga nang matagpuan umano ng isang Jessie Simbulan, kasamahang magsasaka ng biktima, ang duguan at wala nang buhay na biktima.Agad."
Bago ang Game Six ay nakaabante na-ang Boston sa 3-2 sa kanilang best-of-seven series.,Bago ang Game Six ay nakaabante na ang Boston sa 3-2 sa kanilang best-of-seven series.
"Kasi ok nang libre ang bakuna natin, ok na din yung facilities para sa COVID patients, pati quarantine, iyon lang testing ang dapat medyo babaan naman ang singil.","Kasi ok nang libre ang bakuna natin, ok na rin yung facilities para sa COVID patients, pati quarantine, iyon lang testing ang dapat medyo babaan naman ang singil."
"Bantag na andun si Percy Lapid sa Laguna medyo nagalit, ayon pa pa sa kalihim.","Bantag na andun si Percy Lapid sa Laguna medyo nagalit, ayon pa sa kalihim."
Inamin din niya na tanging ang kompanya lang nila ang tumutulong at iwawala pang nakikipag-ugnayan sa kanila sa mga ahensiya ng gobyerno sa Pilipinas para sa kanilang kalagayan.,Inamin din niya na tanging ang kompanya lang nila ang tumutulong at wala pang nakikipag-ugnayan sa kanila sa mga ahensiya ng gobyerno sa Pilipinas para sa kanilang kalagayan.
Sinabi ni Domingo na sinusulatan siya kay Health Secretary Francisco Duque upang sabihin at igiit na ang benepisyo ay higit sa panganib at dapat ipagpatuloy ang paggamit ng bakuna.,Sinabi ni Domingo na sumulat siya kay Health Secretary Francisco Duque upang sabihin at igiit na ang benepisyo ay higit sa panganib at dapat ipagpatuloy ang paggamit ng bakuna.
"Kung di ganoon din sa revenue malaking kita, at sa reach o naaabot ng kanilang mga programa.","Kung di ganoon din sa revenue o malaking kita, at sa reach o naaabot ng kanilang mga programa."
"Marami sa mga maliliit na negosyante ang nahihirapang tumaas ang grado papunta sa pagiging medium enterprises dahil sa kakulangan ng pondo; ang binibigay ng gobyernong tinutulungan sa kanila ay puro loan pero wala silang collateral na magagamit para makapag-loan sa mga bangko, saad ni Del Rosario.","Marami sa mga maliliit na negosyante ang nahihirapang tumaas ang grado papunta sa pagiging medium enterprises dahil sa kakulangan ng pondo; ang binibigay ng gobyernong tulong sa kanila ay puro loan pero wala silang collateral na magagamit para makapag-loan sa mga bangko, saad ni Del Rosario."
"Para sa akin, isang karangalan na nakatungtong ako rito sa Binibining Pilipinas bilang isang binibining hinindian inaasahan.","Para sa akin, isang karangalan na nakatungtong ako rito sa Binibining Pilipinas bilang isang binibining hindi inaasahan."
Pistola na may tatlong magazine na may mga live ammunitions; isang unit ng caliber 45 (airsoft);-isang itim at puting Yamaha Mio motorcycle na walang plaka at apat na ibat ibang uri ng cellular phones.,Pistola na may tatlong magazine na may mga live ammunitions; isang unit ng caliber 45 (airsoft); isang itim at puting Yamaha Mio motorcycle na walang plaka at apat na ibat ibang uri ng cellular phones.
May mga kasasabi ring sa kanyang pera rin naman nanggaling ang mga ipinambili sa pricey gifts.,May mga nagsasabi ring sa kanyang pera rin naman nanggaling ang mga ipinambili sa pricey gifts.
"Tatapusin tinitigan ko muna.""","Tapos tinitigan ko muna."""
Lumilitaw saimbestigasyon ng pulisya nabandang alas-11:30 ng umaga noong Huwebes ay nakakakita pa ang biktima na naglalakad sa nasabing lugar papunta sa tindahan nito suot ang shoulder bag na may lamang malaking halaga ng pera.,Lumilitaw saimbestigasyon ng pulisya nabandang alas-11:30 ng umaga noong Huwebes ay nakita pa ang biktima na naglalakad sa nasabing lugar papunta sa tindahan nito suot ang shoulder bag na may lamang malaking halaga ng pera.
"Hinimok rin ng alkalde ang lahat ng mga Pilipinong botante na piliin si Lacson na pinaka-kuwalipikadong maging pangulo at subok na ang kakayahan, upang hindi masayang ang pagkakataon na magkaroon tayo ng isang mahusay at mabuting lider.","Hinimok din ng alkalde ang lahat ng mga Pilipinong botante na piliin si Lacson na pinaka-kuwalipikadong maging pangulo at subok na ang kakayahan, upang hindi masayang ang pagkakataon na magkaroon tayo ng isang mahusay at mabuting lider."
"Matindi man ang na ging political rivalry ng Estrada-Moreno (Domagoso) sa Manila, pagdating naman sa trabaho nina Jolo at Joaquin, walang naging problema.","Matindi man ang naging political rivalry ng Estrada-Moreno (Domagoso) sa Manila, pagdating naman sa trabaho nina Jolo at Joaquin, walang naging problema."
Kahit ang kontra demanda nila laban sa ina ni Christine na si Sharon Dacera ay ibinasura na rin rin.,Kahit ang kontra demanda nila laban sa ina ni Christine na si Sharon Dacera ay ibinasura na rin.
"Sa imbestigasyon ng pulis, kumakain ang biktimang si Alexander de Guia sa isang kubo kasama ang kanyang kinakasama nang biglang kadadating ang dalawang armadong lalaki na may takip na tela ang mga mukha.","Sa imbestigasyon ng pulis, kumakain ang biktimang si Alexander de Guia sa isang kubo kasama ang kanyang kinakasama nang biglang dumating ang dalawang armadong lalaki na may takip na tela ang mga mukha."
"Matatagpuan ang mgavaccination sitesa Bulacan sa Hiyas Pavilion, Hiyas ng Bulacan Convention Center para sa mga bata hanggang ngayong Disyembre 1, habang sa Bulacan Capitol Gymnasium naman para sa mga matatanda na magtatapos kahapon.","Matatagpuan ang mgavaccination sitesa Bulacan sa Hiyas Pavilion, Hiyas ng Bulacan Convention Center para sa mga bata hanggang ngayong Disyembre 1, habang sa Bulacan Capitol Gymnasium naman para sa mga matatanda na nagtapos kahapon."
"Kung paiiralin lamang natin ang pagibig sa isat isa, wala sigurong nagkakagalit, wala sanang sigalot at wala sanang digmaan sa mundo.","Kung paiiralin lamang natin ang pag-ibig sa isat isa, wala sigurong nagkakagalit, wala sanang sigalot at wala sanang digmaan sa mundo."
Ang halaga ng production loss o pinsala Region 1.,Ang halaga ng production loss o pinsala sa Region 1.
"Sinabi pa ng alkalde na naniniwala siya na mas inuuna ng mga driver at operator ang kapakanan ng mga residente, estudyante at trabahador sa kabila ng dinaranas nilang hirap-dahil sa mahal na halaga ng krudo at spare parts para sa kanilang jeepney maintenance.","Sinabi pa ng alkalde na naniniwala siya na mas inuuna ng mga driver at operator ang kapakanan ng mga residente, estudyante at trabahador sa kabila ng dinaranas nilang hirap dahil sa mahal na halaga ng krudo at spare parts para sa kanilang jeepney maintenance."
"Samantala, payo din ng senador, dapat na bigyan pansin ng mga guro ang pagtuturo mula kinder hanggang Grade 3 kung saan dapat ay marunong nang magbasa ang estudyante.","Samantala, payo rin ng senador, dapat na bigyan pansin ng mga guro ang pagtuturo mula kinder hanggang Grade 3 kung saan dapat ay marunong nang magbasa ang estudyante."
At iyon ang nagpapaligaya at pinapaganda sa kanya.,At iyon ang nagpapaligaya at nagpapaganda sa kanya.
Sinabi din ni Sandoval na mayroon kautusan o memorandum ang BI sa kanilang mga tauhan na bawal na kunin o hawakan ang mobile phones o gadgets ng pasahero kung walang pahintulot para tingnan ang e-documents.,Sinabi rin ni Sandoval na mayroon kautusan o memorandum ang BI sa kanilang mga tauhan na bawal na kunin o hawakan ang mobile phones o gadgets ng pasahero kung walang pahintulot para tingnan ang e-documents.
Umasa si Direk Icko na mahikayat nilang manood ang viewers ng Senior Moment at mapagnilayan ng mga ito ang halaga ng pagsasama at magbigay-inspirasyon para mapagsumikapang mas patibayin ito.,Umaasa si Direk Icko na mahikayat nilang manood ang viewers ng Senior Moment at mapagnilayan ng mga ito ang halaga ng pagsasama at magbigay-inspirasyon para mapagsumikapang mas patibayin ito.
Labis nga ang paghanga ni Joy sa kabaitan at sakripisyong gagawa ng kanyang tita sa kanila.,Labis nga ang paghanga ni Joy sa kabaitan at sakripisyong ginawa ng kanyang tita sa kanila.
"Sa salaysay ng mga mag-aaral na mga miyembro ng UST Junior Team at may edad mula 12 hanggang 17-taong gulang, naglalakad sila sa isang kalsada sa Sampaloc dakong alas-9:30 ng gabi nitong Linggo, makaraang lumahok sa isang judo competition nang sitahin umano sila ng naturang pulis dahil sa umanoy pag iingay.","Sa salaysay ng mga mag-aaral na mga miyembro ng UST Junior Team at may edad mula 12 hanggang 17-taong gulang, naglalakad sila sa isang kalsada sa Sampaloc dakong alas-9:30 ng gabi nitong Linggo, makaraang lumahok sa isang judo competition nang sitahin umano sila ng naturang pulis dahil sa umanoy pag-iingay."
"Martes kasi ng banatan ni Digong ang pagkadismaya ni Pacman sa paghawak ng isyu ng soberanyang karapatan sa West Philippine Sea, lalo nat""joke"" lang ang 2016 campaign promise ng naunang mag-jet ski sa exclusive economic zone (EEZ) ng Maynila na kinokontrol ng Beijing.","Martes kasi nang banatan ni Digong ang pagkadismaya ni Pacman sa paghawak ng isyu ng soberanyang karapatan sa West Philippine Sea, lalo nat""joke"" lang ang 2016 campaign promise ng naunang mag-jet ski sa exclusive economic zone (EEZ) ng Maynila na kinokontrol ng Beijing."
Tiniyak rin ni Bometivo na magsasagawa sila ng imbestigasyon para alamin kung may foul play sa nangyari sa suspek.,Tiniyak din ni Bometivo na magsasagawa sila ng imbestigasyon para alamin kung may foul play sa nangyari sa suspek.
"Nami-miss ko na tuloy-ang traveling, pero sa panahon ngayon ang dami nang restrictions para kasing hassle ang magbiyahe.","Nami-miss ko na tuloy ang traveling, pero sa panahon ngayon ang dami nang restrictions para kasing hassle ang magbiyahe."
"Kabilang sa mga kinailangan para maging lungsod ang isang bayan ay ang pagkakaroon ng populasyon na hindi bababa sa 100,000 na sertipikado ng Philippine Statistics Authority.","Kabilang sa mga kinakailangan para maging lungsod ang isang bayan ay ang pagkakaroon ng populasyon na hindi bababa sa 100,000 na sertipikado ng Philippine Statistics Authority."
"Sinabi ni Judge Abraham Joseph Alcantara, ng Muntinlupa RTC Branch 204 na pinayagan lamang ang pagpiprisinta ng panibagong ebidensya ng mga prosecutor kahapon, Abril 28, habang magpapatuloy pa din ang promulgasyon ng kaso sa orihinal na iskedyul sa Mayo 12.","Sinabi ni Judge Abraham Joseph Alcantara, ng Muntinlupa RTC Branch 204 na pinayagan lamang ang pagpiprisinta ng panibagong ebidensya ng mga prosecutor kahapon, Abril 28, habang magpapatuloy pa rin ang promulgasyon ng kaso sa orihinal na iskedyul sa Mayo 12."
"Tatlong taon makalipas ang kanilang civil wedding, nagpakasal na din sa simbahan ang mag-asawang JC de Vera at Rikkah Cruz-de Vera.","Tatlong taon makalipas ang kanilang civil wedding, nagpakasal na rin sa simbahan ang mag-asawang JC de Vera at Rikkah Cruz-de Vera."
"Nang mag-negative siya, umuwi muna siya sa kanilang probinsiya baka raw tawagan na naman siya ng gay politician at pilitin na naman siyang makipag-date.","Nang mag-negative siya, umuwi muna siya sa kanilang probinsiya dahil baka raw tawagan na naman siya ng gay politician at pilitin na naman siyang makipag-date."
May markings na masusundan ang mga deboto na makikinig ng misa nang nakatayo para masunod pa din ang protocols.,May markings na masusundan ang mga deboto na makikinig ng misa nang nakatayo para masunod pa rin ang protocols.
"Gayunman matapos hindi magkamali sa address, pinasok nang raiding team ang loob ng bahay na ginagawang klinika at bumungad sa kanila ang ibat ibang klase ng alagang hayop at naabutan ang target na magdyowang suspek kasama ang kanilang dalawang customer.","Gayunman matapos hindi magkamali sa address, pinasok ng raiding team ang loob ng bahay na ginagawang klinika at bumungad sa kanila ang ibat ibang klase ng alagang hayop at naabutan ang target na magdyowang suspek kasama ang kanilang dalawang customer."
"Naka-relate sa kuwento ni Sanya si Tito Boy, na galing rin sa mahirap na buhay.","Naka-relate sa kuwento ni Sanya si Tito Boy, na galing din sa mahirap na buhay."
"Aniya, mag isa lang niyang ginawa ang krimen at humingi siya ng tawad sa kaniyang nagawa.","Aniya, mag-isa lang niyang ginawa ang krimen at humingi siya ng tawad sa kaniyang nagawa."
"Sa kasalukuyan, pinagbabawalan ang sinuman na makapasok sa loob nganim na kilometrong (6 km) radius Permanent Danger Zoneat sa paglipad ng anumang aircraft malapit sa tuktok ng bulkang Mayon dulot ng posiblengbiglaang pagputok ng steam o phreatic explosions,rockfall mula tuktok ng bulkanat pagdaloy ng lahar kung may matinding pag-ulandoon.","Sa kasalukuyan, pinagbabawalan ang sinuman na makapasok sa loob nganim na kilometrong (6 km) radius Permanent Danger Zoneat sa paglipad ng anumang aircraft malapit sa tuktok ng bulkang Mayon dulot ng posiblengbiglaang pagputok ng steam o phreatic explosions,rockfall mula sa tuktok ng bulkanat pagdaloy ng lahar kung may matinding pag-ulandoon."
"Sa post rin na ito, humingi siya ng paumanhin sa maling nagamit na flag emoji sa IG story.","Sa post din na ito, humingi siya ng paumanhin sa maling nagamit na flag emoji sa IG story."
"Isinalaysay ni Jewel Sevilla na parang guni-guni lang na may susundan sa kanya, pero kalaunan daw mas nakaramdam na siya ng takot dahil tila laging may nakatingin ito sa kanya.","Isinalaysay ni Jewel Sevilla na parang guni-guni lang na may sumusunod sa kanya, pero kalaunan daw mas nakaramdam na siya ng takot dahil tila laging may nakatingin ito sa kanya."
"Iyon napanood kong indie dahil wala naman kahit isang kilalang artista, nag enjoy ako.","Iyon napanood kong indie dahil wala naman kahit isang kilalang artista, nag-enjoy ako."
Rocky Balisong na maaaring makadalo na ang kaniyang kliyente na si Bantag sa sinusundan na PI sa Disyembre 5 ngunit sa pamamagitan lamang umano ng zoom kung papayagan ng mga panel of prosecutors.,Rocky Balisong na maaaring makadalo na ang kaniyang kliyente na si Bantag sa susunod na PI sa Disyembre 5 ngunit sa pamamagitan lamang umano ng zoom kung papayagan ng mga panel of prosecutors.
May mga netizen na bumati sa dalawa at mayroon din namang nam bash.,May mga netizen na bumati sa dalawa at mayroon din namang nam-bash.
"Sa isang É??blind itemÉ?? ng isang political website, binanggit nito na dalawang kandidato sa pagkapangulo ang aatras na sa kanilang kandidatura sa kasusunod na linggo.","Sa isang É??blind itemÉ?? ng isang political website, binanggit nito na dalawang kandidato sa pagkapangulo ang aatras na sa kanilang kandidatura sa susunod na linggo."
"Sabi ng senador, inililihis lang ni Zamora ang isyu sa pang iipit sa terminal leave bene??fits ng mga retiradong kawani ng pamahalaang panglungsod na umanoy tagasuporta ng Ejercito-Estrada clan.","Sabi ng senador, inililihis lang ni Zamora ang isyu sa pang-iipit sa terminal leave bene??fits ng mga retiradong kawani ng pamahalaang panglungsod na umanoy tagasuporta ng Ejercito-Estrada clan."
"Samantala, dakong alas-7 ng u maga kahapon ay bumoto na si Marcos Jr.","Samantala, dakong alas-7 ng umaga kahapon ay bumoto na si Marcos Jr."
Nagpakita muli ng bangis ang mga rebeldeng New Peoples Army (NPA) matapos nilang sunugin ang tinatayang P12 milyong halaga ngmga heavy equipmentsa isinagawang pagatake sa Brgy.,Nagpakita muli ng bangis ang mga rebeldeng New Peoples Army (NPA) matapos nilang sunugin ang tinatayang P12 milyong halaga ngmga heavy equipmentsa isinagawang pag-atake sa Brgy.
"Wala ng dapat alalahanin ang mga national athletes na sasabak sa 2021 Olympic Games sa Tokyo, Japan sa Hulyo.","Wala nang dapat alalahanin ang mga national athletes na sasabak sa 2021 Olympic Games sa Tokyo, Japan sa Hulyo."
Mas mababa ito kumpara sa 91 cases per day na naitala mula Disyembre 6 hang gang 12.,Mas mababa ito kumpara sa 91 cases per day na naitala mula Disyembre 6 hanggang 12.
Pero saan naman kaya dadalhin ni Ramil ang mga bumibili niyang dalupapa at may peligro bang mawala rin sa Romblom ang mga giant pusit gaya nang nangyari sa Masbate?,Pero saan naman kaya dadalhin ni Ramil ang mga binibili niyang dalupapa at may peligro bang mawala rin sa Romblom ang mga giant pusit gaya nang nangyari sa Masbate?
"Ngayong gabi habang kaaayos natin ang datos, tayo ay naghanda na ng 2,000 food packs, hygiene kits, bottled water at family food packs para matugunan ang kinakailangang pagkain at tubig ngayong gabi, sabi ni Jolo Miyerkules.","Ngayong gabi habang inaayos natin ang datos, tayo ay naghanda na ng 2,000 food packs, hygiene kits, bottled water at family food packs para matugunan ang kinakailangang pagkain at tubig ngayong gabi, sabi ni Jolo Miyerkules."
Na halaga bilang bayad ng-biktima para matulungan siya ng suspek na makapasok sa PNP o sa pagka-sundalo.,Na halaga bilang bayad ng biktima para matulungan siya ng suspek na makapasok sa PNP o sa pagka-sundalo.
Isang malaking karangalan umano para kay Herlene na makapareha ang aktor kauna-unahang pagkakataon.,Isang malaking karangalan umano para kay Herlene na makapareha ang aktor sa kauna-unahang pagkakataon.
"Sabi ni la, Sir, hindi kami makatulog dahil araw-araw nga nakikita mo yung sugat mo, ganyan, wala naman hustiya, ayon kay Catapang.","Sabi nila, Sir, hindi kami makatulog dahil araw-araw nga nakikita mo yung sugat mo, ganyan, wala naman hustiya, ayon kay Catapang."
Nanindigan rin si Malaya na napakaganda ng naganap na halalan at maituturing na isa sa mga pinakamatagumpay na eleksiyong idinaos sa bansa.,Nanindigan din si Malaya na napakaganda ng naganap na halalan at maituturing na isa sa mga pinakamatagumpay na eleksiyong idinaos sa bansa.
Dahil hinahanap-hanap na ang pag-arte sa harap ng kamera ay posibleng bumalik na rin si Anne sa paggawa ng teleserye sa sumunod na taon.,Dahil hinahanap-hanap na ang pag-arte sa harap ng kamera ay posibleng bumalik na rin si Anne sa paggawa ng teleserye sa susunod na taon.
"Ang isa pang biktima, manununtok naman ng kasama ni Caragdag.","Ang isa pang biktima, sinuntok naman ng kasama ni Caragdag."
"Batay sa imbestigasyon, tinatahak ng jeep ang paba bang kurbada ng highway sa Barangay Malatas nang mawalan ito ng preno.","Batay sa imbestigasyon, tinatahak ng jeep ang pababang kurbada ng highway sa Barangay Malatas nang mawalan ito ng preno."
"Sabi pa nila, meant to be raw talaga ang KathNiel, dahil si Daniel din ang nakakuha nang garter at siyang nagsuot nito kay Kathryn.","Sabi pa nila, meant to be raw talaga ang KathNiel, dahil si Daniel din ang nakakuha ng garter at siyang nagsuot nito kay Kathryn."
Kapapasok ang nurse sabi niya É??mind over matterÉ?ù kapag inisip ko raw na masakit lalong sasakit ang sugat ko.,Pumasok ang nurse sabi niya É??mind over matterÉ?ù kapag inisip ko raw na masakit lalong sasakit ang sugat ko.
Parehong may 1-0 rekord ang Cool Smashers at HD Spikers at nahulog sa 0-1 ang ang Gazz Angels at Crossovers na kailangang maipanalo ang susunod na laro para manatiling buhay ang pag-asa sa finals.,Parehong may 1-0 rekord ang Cool Smashers at HD Spikers at nahulog sa 0-1 ang Gazz Angels at Crossovers na kailangang maipanalo ang susunod na laro para manatiling buhay ang pag-asa sa finals.
"Nagiging pahirapan daw ang pag-ani ng patatas dahil sa pag-ulan, at humihindi nabibili kapag basa dahil madali nang masira.","Nagiging pahirapan daw ang pag-ani ng patatas dahil sa pag-ulan, at hindi nabibili kapag basa dahil madali nang masira."
"'pag pinanood nila nila 'yun video ng wedding marami silang makikitang emotions na ipinakita mo sa paglalakad mo na 'yun napakadami,"" anang aktor.","'Pag pinanood nila 'yun video ng wedding marami silang makikitang emotions na ipinakita mo sa paglalakad mo na 'yun napakadami,"" anang aktor."
"Hindi pabor ang Department of Health (DOH) na ilagay na sa Alert Level 1 ang buong Pilipinas ngayong nagpatuloy ang pagbaba ng lokal na arawang kaso ng COVID-19, habang idinidiing maaaring mawala ang mga napagtagumpayan na laban sa pandemya.","Hindi pabor ang Department of Health (DOH) na ilagay na sa Alert Level 1 ang buong Pilipinas ngayong patuloy ang pagbaba ng lokal na arawang kaso ng COVID-19, habang idinidiing maaaring mawala ang mga napagtagumpayan na laban sa pandemya."
"Bacolod CITY - Nasawi ang isang mag-asawa at kanilang anak na 2-buwan gulang nang sumalpok ang ka nilang sinasakyang motorsiklo sa tanker truck, kamakalawa sa Sitio Ulay, Brgy.","Bacolod CITY - Nasawi ang isang mag-asawa at kanilang anak na 2-buwan gulang nang sumalpok ang kanilang sinasakyang motorsiklo sa tanker truck, kamakalawa sa Sitio Ulay, Brgy."
"Kung mahalal sa Senado, nagsabi ni Roque na bubuhayin niya ang kanyang House Bill 5862 o ang Community Health Workers Act, na nagsusulong ng positibong saloobin sa kalusugan ng mga Pinay patungo sa maiiwasang morbidity at mortality.","Kung mahalal sa Senado, sinabi ni Roque na bubuhayin niya ang kanyang House Bill 5862 o ang Community Health Workers Act, na nagsusulong ng positibong saloobin sa kalusugan ng mga Pinay patungo sa maiiwasang morbidity at mortality."
"Nabatid kay DTI Undersecretary Ruth Castelo, na ang kanilang suggested retail price (SRP) mula September 2019 hanggang ngayong Marso 2021 ay hindi nagbabago at patuloy pa rin ang kanilang isinasagawang monitoring upang tiyakin na sinundan ang mga pamilihan sa itinakdang presyo.","Nabatid kay DTI Undersecretary Ruth Castelo, na ang kanilang suggested retail price (SRP) mula September 2019 hanggang ngayong Marso 2021 ay hindi nagbabago at patuloy pa rin ang kanilang isinasagawang monitoring upang tiyakin na sumusunod ang mga pamilihan sa itinakdang presyo."
"Kaya naman nakakatuwa dahil ito naman talaga ang wish ni Benjie, maging happy ang lahat, maging tahimik ang paguusap, maayos ang mga gusot, at mabuhay nang sama-sama at hindi nag-aaway.","Kaya naman nakakatuwa dahil ito naman talaga ang wish ni Benjie, maging happy ang lahat, maging tahimik ang pag-uusap, maayos ang mga gusot, at mabuhay nang sama-sama at hindi nag-aaway."
"Ang dalawang kapatid niya, sina Michael at Ralph na mas kilala bilang Mark Gil ang siyang nagaartista na noon.","Ang dalawang kapatid niya, sina Michael at Ralph na mas kilala bilang Mark Gil ang siyang nag-aartista na noon."
"Sa ilalim ng Alert Level 4, sapilitan na ang paglikas ng gobyerno ng Pilipinas sa-lahat ng Pinoy sa bansa.","Sa ilalim ng Alert Level 4, sapilitan na ang paglikas ng gobyerno ng Pilipinas sa lahat ng Pinoy sa bansa."
"Pinalalakas naman nina TS Domeng at STS Chaba ang Hanging Habagat, na siyang nagdala ng ""gusty conditions"" hanggang ""strong breeze"" at ""near gale strength"" na mga hangin sa Extreme Northern Luzon at hilagat kanlurang bahagi ng Luzon at kanlurang parte ng Visayas.","Pinalalakas naman nina TS Domeng at STS Chaba ang Hanging Habagat, na siyang magdadala ng ""gusty conditions"" hanggang ""strong breeze"" at ""near gale strength"" na mga hangin sa Extreme Northern Luzon at hilagat kanlurang bahagi ng Luzon at kanlurang parte ng Visayas."
Nihaniho walang sasabihin sa akin.,Nihaniho walang sinasabi sa akin.
Iginiit niya na 7 sa 10 Pilipino ang kapapatay nang hindi nakapunta sa mga ospital dahil kakulangan sa salapi.,Iginiit niya na 7 sa 10 Pilipino ang namamatay nang hindi nakapunta sa mga ospital dahil kakulangan sa salapi.
Limang individual events ang ang lalahukan ni Mojdeh.,Limang individual events ang lalahukan ni Mojdeh.
"Hindi nga sila nakikipag-agawan ng eksena bilang mga First Gentleman, basta nasa likod lang sila, umaalalay at nagbibigay nagbibigay inspirasyon dahil meron din silang sariling matagumpay na career.","Hindi nga sila nakikipag-agawan ng eksena bilang mga First Gentleman, basta nasa likod lang sila, umaalalay at nagbibigay inspirasyon dahil meron din silang sariling matagumpay na career."
"Pero ang isang sure talaga, ang flexible ng ka tawan ni Ellen at kayang-kaya siya ni Derek.","Pero ang isang sure talaga, ang flexible ng katawan ni Ellen at kayang-kaya siya ni Derek."
Sa isang pelikulang posibleng collaboration nang Rein at Viva.,Sa isang pelikulang posibleng collaboration ng Rein at Viva.
Masarap magalaga lalo na at mabait ito.,Masarap mag-alaga lalo na at mabait ito.
"Kahit tayo tayo lang sa wedding nyo, ang importante masaya kayo at prepared sa bagong yugto ng buhay nyo.","Kahit tayo-tayo lang sa wedding nyo, ang importante masaya kayo at prepared sa bagong yugto ng buhay nyo."
"Akala ng mga tao, malinis pero yung mga nag transact ng business sa kaniya, pati mga Chinese, masyadong corrupt daw, pasaring pa ni Duterte.","Akala ng mga tao, malinis pero yung mga nag-transact ng business sa kaniya, pati mga Chinese, masyadong corrupt daw, pasaring pa ni Duterte."
Tungkol sa pagibig o pagmamahalan ng parehong babae ang tema ng bagong serye na mayroong six episodes.,Tungkol sa pag-ibig o pagmamahalan ng parehong babae ang tema ng bagong serye na mayroong six episodes.
Ahh ang ganda din ng lugar na tinitirhan ngayon nila Kris Aquino.,Ahh ang ganda rin ng lugar na tinitirhan ngayon nila Kris Aquino.
"Ayon sa senatorial candidate, sa gitna nang ingay ng kampanyahan, dapat pumili ang mga mamamayan ng mga pinuno na isusulong ang mga interes ng bansa bago ang kanilang sarili, magtatraho nang may integridad, at paglilingkuran ang mga sektor na matagal nang napababayaan ng pamahalalan tulad ng mga magsasaka, mangingisda, at maliliit na negosyante.","Ayon sa senatorial candidate, sa gitna ng ingay ng kampanyahan, dapat pumili ang mga mamamayan ng mga pinuno na isusulong ang mga interes ng bansa bago ang kanilang sarili, magtatraho nang may integridad, at paglilingkuran ang mga sektor na matagal nang napababayaan ng pamahalalan tulad ng mga magsasaka, mangingisda, at maliliit na negosyante."
"Hahaha in all fairness kay Ella, ngayon lang talaga siya kauusap ng ganito ka-bongga.","Hahaha in all fairness kay Ella, ngayon lang talaga siya pinag-usapan ng ganito ka-bongga."
"Sorry po, pero sana maging realistic ang lahat dahil parang mas nahihirapan ang televiewers na intindihin ang mga nagsasabi ng ibang mga kandidato na hindi gaanong familiar sa kanila.","Sorry po, pero sana maging realistic ang lahat dahil parang mas nahihirapan ang televiewers na intindihin ang mga sinasabi ng ibang mga kandidato na hindi gaanong familiar sa kanila."
"Pero bukod sa underground cave, may isa pang nadiskubre ang pamilya sa loob nito--isang malaking kabibe na naniwala na may laman sa loob na giant perlas.","Pero bukod sa underground cave, may isa pang nadiskubre ang pamilya sa loob nito--isang malaking kabibe na pinaniniwalaan na may laman sa loob na giant perlas."
"Bago siya tuluyang makatawid at makapasok sa maliit na kalye, nakikita ang pagdating ng grupo ng mga biker pero wala namang naging problema.","Bago siya tuluyang makatawid at makapasok sa maliit na kalye, makikita ang pagdating ng grupo ng mga biker pero wala namang naging problema."
"Lumilitaw sa imbestigasyon na pustahan na umaabot sa P50,000 ang motibo sa pamamaril sa dalawang biktima.","Lumilitaw sa imbestigasyon na pustahan na aabot sa P50,000 ang motibo sa pamamaril sa dalawang biktima."
"Si At Vi ay masigasig rin tungkol sa pagpapanatili ng isang malusog na pamumuhay, na kita nyo naman at parang É??di tumatanda.","Si At Vi ay masigasig din tungkol sa pagpapanatili ng isang malusog na pamumuhay, na kita nyo naman at parang É??di tumatanda."
"Una nang lumabas sa datos ng DepEd na Education Undersecretary Epimaco Densing na isa sa mga ""major challenge"" sa kagawan-ang projected classroom shortage na 91,000 sa buong Pilipinas.","Una nang lumabas sa datos ng DepEd na Education Undersecretary Epimaco Densing na isa sa mga ""major challenge"" sa kagawan ang projected classroom shortage na 91,000 sa buong Pilipinas."
Niyang ipinaalam ito sa kanilang barangay at munisipyo sa pangambang tuluyan ng gumuho ang kanyang bahay.,Niyang ipinaalam ito sa kanilang barangay at munisipyo sa pangambang tuluyan nang gumuho ang kanyang bahay.
Nakasaad umano rito na humingi ng paglilinaw ang Pilipinas mula sa China kaugnay sa insidente na kinasasangkutan ng Philippine Navy (PN) at Chinese Coast Guard sa karagatan ng Pag-asa island kung saan sapilitan umanong kinuha ng mga Tsinoy ang isang É??unidentified floating objectÉ?ù (UFO) na hawak ng PN.,Nakasaad umano rito na humihingi ng paglilinaw ang Pilipinas mula sa China kaugnay sa insidente na kinasasangkutan ng Philippine Navy (PN) at Chinese Coast Guard sa karagatan ng Pag-asa island kung saan sapilitan umanong kinuha ng mga Tsinoy ang isang É??unidentified floating objectÉ?ù (UFO) na hawak ng PN.
"Sinabi lang niya marami siyang nakikita, sinasabi pa ng DOH official.","Sinabi lang niya marami siyang nakikita, sabi pa ng DOH official."
"Ilang saglit pa, isang lalaking taga-kabilang barangay ang napasugod matapos siyang manakawan umano umano ng e-bike nito lang linggo.","Ilang saglit pa, isang lalaking taga-kabilang barangay ang napasugod matapos siyang manakawan umano ng e-bike nito lang linggo."
Ibinahagi din niya na isa ang pagbabasa at pagsasagot ng mga sample ang question ang humasa sa kanyang memorya sa kasagsagan ng pagrereview.,Ibinahagi rin niya na isa ang pagbabasa at pagsasagot ng mga sample ang question ang humasa sa kanyang memorya sa kasagsagan ng pagrereview.
Hihindi talaga makatarungan to!,Hindi talaga makatarungan to!
Habang hinikayat din ng IATF ang Local government units (LGUs) na nasa ilalim pa ng general community quarantine (GCQ) na sumusunod sa nasabing panuntunan.,Habang hinikayat din ng IATF ang Local government units (LGUs) na nasa ilalim pa ng general community quarantine (GCQ) na sumunod sa nasabing panuntunan.
Pikon rin si Matet sa Noranians na kung makapagsalita sa kanila ay ganun na lang kahit wala naman daw silang ginagawa.,Pikon din si Matet sa Noranians na kung makapagsalita sa kanila ay ganun na lang kahit wala naman daw silang ginagawa.
Noong una ay kinabahan daw ang baguhang aktres ng mabalitaan ang tungkol sa pelikulang Mary Cherry Chua.,Noong una ay kinabahan daw ang baguhang aktres nang mabalitaan ang tungkol sa pelikulang Mary Cherry Chua.
"Sa ulat kay P/Major Darwin Dura, hepe ng Compostela Police, pasado alas-7:00 ng gabi ng salpukin umano ang itim na Toyota Fortuner ng mga pulis ang motorsiklo ng magpinsang Mabinse.","Sa ulat kay P/Major Darwin Dura, hepe ng Compostela Police, pasado alas-7:00 ng gabi nang salpukin umano ang itim na Toyota Fortuner ng mga pulis ang motorsiklo ng magpinsang Mabinse."
"Kung napapansin ninyo, lahat kayo ang dami ninyong tinatanong sa akin palagi, É??What are your chances for the next game?É??","Kung mapapansin ninyo, lahat kayo ang dami ninyong tinatanong sa akin palagi, É??What are your chances for the next game?É??"
"Wala raw silang magpapalit transmission, wala raw error silang nakita test drive ko raw ulit ayos na raw, pahayag ng moto??rista.","Wala raw silang papalitan transmission, wala raw error silang nakita test drive ko raw ulit ayos na raw, pahayag ng moto??rista."
"Ayon kay Jude, sadyang kailangan niyang maihatid ang lahat ng dapat niyang maihatid ng araw na iyon para makuha niya ang ""performance incentive"" na P15 sa bawat produkto.","Ayon kay Jude, sadyang kailangan niyang maihatid ang lahat ng dapat niyang maihatid nang araw na iyon para makuha niya ang ""performance incentive"" na P15 sa bawat produkto."
"Sa panayam sa Super Radyo dzBB, sinabi ni Navotas Mayor Toby Tiangco, na 59 katao ang dadalhin sa Navotas City Hospital, habang 17 iba pa ang dinala sa Tondo General Hospital sa Manila.","Sa panayam sa Super Radyo dzBB, sinabi ni Navotas Mayor Toby Tiangco, na 59 katao ang dinala sa Navotas City Hospital, habang 17 iba pa ang dinala sa Tondo General Hospital sa Manila."
Dumanas muli ng dagok ang Bangsamoro Islamic Freedom Fighters (BIFF) matapos sumuko ang 16 pa nitong nitong miyembro sa tropa ng gobyerno sa Brgy.,Dumanas muli ng dagok ang Bangsamoro Islamic Freedom Fighters (BIFF) matapos sumuko ang 16 pa nitong miyembro sa tropa ng gobyerno sa Brgy.
"Tapos pagdating ko ng Pilipinas magswab uli ako at kailangan talaga yung 14-day quarantine, pakli ni Glaiza nang nakausap ko siya through Viber noong nakaraang Lunes ng gabi.","Tapos pagdating ko ng Pilipinas mag-swab uli ako at kailangan talaga yung 14-day quarantine, pakli ni Glaiza nang nakausap ko siya through Viber noong nakaraang Lunes ng gabi."
Iniulat din ni Bautista na nakakolekta din sila ng demographic information ng may mahigit sa 35 million na ang 12 million ay mayroon ng biometrics captured.,Iniulat din ni Bautista na nakakolekta rin sila ng demographic information ng may mahigit sa 35 million na ang 12 million ay mayroon ng biometrics captured.
"Saka tandaan mo, Bong, na isa ka sa magaalaga sa akin, kaya ako dapat mauna sa iyo noh, wala kang karapatang mauna sa akin.","Saka tandaan mo, Bong, na isa ka sa mag-aalaga sa akin, kaya ako dapat mauna sa iyo noh, wala kang karapatang mauna sa akin."
Dapat ipagpasalamat ni Richard na nabigyan siya ng pagkakataong makabalik uli sa pagarte dahil kinuha siya ng GMA 7.,Dapat ipagpasalamat ni Richard na nabigyan siya ng pagkakataong makabalik uli sa pag-arte dahil kinuha siya ng GMA 7.
"Ngayon wala na ring action stars na sumisikat ng husto, kasi nga alam na ng mga tao na ang mga mahihirap na eksenang aksiyon ay hindi na ginagawa ng mga artista kung computer graphics na lang.","Ngayon wala na ring action stars na sumisikat nang husto, kasi nga alam na ng mga tao na ang mga mahihirap na eksenang aksiyon ay hindi na ginagawa ng mga artista kung computer graphics na lang."
"Ayon sa paunang imbestigasyon ng mga pulis, nag ugat ang away sa parking space.","Ayon sa paunang imbestigasyon ng mga pulis, nag-ugat ang away sa parking space."
Nanawagan na ang mga sasakahin na i-recall o kanselahin ang nasabing permit.,Nanawagan na ang mga magsasaka na i-recall o kanselahin ang nasabing permit.
At ang ikaapat na nakikitaan ko naman ng rason 50% plano na raw nilang magasawa pagkatapos ng miscarriage niya na magkaroon ng anak sa taon na ito.,At ang ikaapat na nakikitaan ko naman ng rason 50% plano na raw nilang mag-asawa pagkatapos ng miscarriage niya na magkaroon ng anak sa taon na ito.
"Aba, may ibang mga kakilala ko na magpupunta pa sa Rodeo Drive nang mag-post si Jinkee ng pictures na kuha sa lugar na yon kung saan kasama niya ang mga kapatid, mga anak at iba pa.","Aba, may ibang mga kakilala ko na nagpunta pa sa Rodeo Drive nang mag-post si Jinkee ng pictures na kuha sa lugar na yon kung saan kasama niya ang mga kapatid, mga anak at iba pa."
"Samantala, inimbitahan naman ng progresibong Kabataan party-list si Cruz para sa isang ""friendly chat or dialogue"" hinggil sa kanyang pagunawa sa Kasaysayan.","Samantala, inimbitahan naman ng progresibong Kabataan party-list si Cruz para sa isang ""friendly chat or dialogue"" hinggil sa kanyang pag-unawa sa Kasaysayan."
"Dahil sa kaniyang ginagawa, sinabi ni Belleza na malaki ang natitipid nila dahil hindi na nila bumibili ang mga produktong napapakinabangan pa.","Dahil sa kaniyang ginagawa, sinabi ni Belleza na malaki ang natitipid nila dahil hindi na nila binibili ang mga produktong napapakinabangan pa."
"Sa panayam ng ""Fast Talk With Boy Abunda,"" sinabi ni Nora na hindi niya inakala na sasama pala ang loob ni Matet nang magtayo din siya ng tuyo business gaya ng sa kaniyang anak.","Sa panayam ng ""Fast Talk With Boy Abunda,"" sinabi ni Nora na hindi niya inakala na sasama pala ang loob ni Matet nang magtayo rin siya ng tuyo business gaya ng sa kaniyang anak."
Sinabi ni Romualdez na sa ipinasang ipinasang bersyon ngayon ng panukalang SIM Card Registration Act ay inalis nila ang probisyon ukol sa pagpaparehistro ng social media accounts na siyang dahilan ng pag-veto noon dito ni dating Pangulong Rodrigo Duterte.,Sinabi ni Romualdez na sa ipinasang bersyon ngayon ng panukalang SIM Card Registration Act ay inalis nila ang probisyon ukol sa pagpaparehistro ng social media accounts na siyang dahilan ng pag-veto noon dito ni dating Pangulong Rodrigo Duterte.
"Sa-huling Pulse Asia survey nitong Pebrero, lumalabas na nasa ikalawang pwesto si Robredo (15%) pagdating sa mga presidentiables habang nasa malayong fifth place si Lacson Si dating Sen. Ferdinand ""Bongbong"" Marcos Jr.","Sa huling Pulse Asia survey nitong Pebrero, lumalabas na nasa ikalawang pwesto si Robredo (15%) pagdating sa mga presidentiables habang nasa malayong fifth place si Lacson Si dating Sen. Ferdinand ""Bongbong"" Marcos Jr."
Kung noon namin ito gagawin medyo mahirap.,Kung noon namin ito ginawa medyo mahirap.
Bagamat kinukumpirma nila na may kaso nang COVID-19 sa pasilidad aywala naman silang asymtomatic visitor na sinasabing nagdala ng virus sa ampunan.,Bagamat kinukumpirma nila na may kaso ng COVID-19 sa pasilidad aywala naman silang asymtomatic visitor na sinasabing nagdala ng virus sa ampunan.
"Hindi aniya sapat ang P4,000 pero ang É??natureÉ?ù ng ayuda ay tulong para sa mga panahon na hinihindian makakapagtrabaho ang mga mamamayan.","Hindi aniya sapat ang P4,000 pero ang É??natureÉ?ù ng ayuda ay tulong para sa mga panahon na hindi makakapagtrabaho ang mga mamamayan."
Ipinaliwanag naman ni Rudy na isa siyang visionary at makakakita niya ang mangyayari sa hinahanap sa pamamagitan ng physical touch o paghawak sa kamay.,Ipinaliwanag naman ni Rudy na isa siyang visionary at nakikita niya ang mangyayari sa hinahanap sa pamamagitan ng physical touch o paghawak sa kamay.
"Bukod dito, babawasan na din nila ang quarantine time sa mga darating na dayuhan, at magbubukas na rin sila ng kanilang mga paaralan.","Bukod dito, babawasan na rin nila ang quarantine time sa mga darating na dayuhan, at magbubukas na rin sila ng kanilang mga paaralan."
"Sa huling siyam na buwan, nakatugon ang free-legal helpdesk sa mahigit 19,000 katanungang legal na ipinadala ng ating mga kababayan.","Sa huling siyam na buwan, nakatugon ang free legal helpdesk sa mahigit 19,000 katanungang legal na ipinadala ng ating mga kababayan."
"Dati nang sinabi ni noo'y chief presidential legal counsel Salvador Panelo na humihindi sila makikipag-cooperate sa ICC lalo na't nilisan na raw ng Pilipinas ang Rome Statute noong 2018, dahilan para ""mawalan"" na raw ito ng jurisdiction sa bansa.","Dati nang sinabi ni noo'y chief presidential legal counsel Salvador Panelo na hindi sila makikipag-cooperate sa ICC lalo na't nilisan na raw ng Pilipinas ang Rome Statute noong 2018, dahilan para ""mawalan"" na raw ito ng jurisdiction sa bansa."
"Batay sa astronomical diary ng Pagasa, masasaksihan ang Lyrids meteor shower pagsapit ng alas-9:17 ng gabi hanggang alas-5:14 ng madaling araw mula Abril 16 hanggang 25 kung saan makikita ang pinaka-peak o pinakamaraming pagbagsak nito sa Abril 22.","Batay sa astronomical diary ng Pagasa, masasaksihan ang Lyrids meteor shower pagsapit ng alas-9:17 ng gabi hanggang alas-5:14 ng madaling-araw mula Abril 16 hanggang 25 kung saan makikita ang pinaka-peak o pinakamaraming pagbagsak nito sa Abril 22."
Magtala ng Serbia ng 16 puntos na kalamangan sa ikatlong kanto subalit bumulusok ng husto ang bagitong Gilas squad na tinampukan ng basket ni Mike Nieto para maitabla-sa 67-all ang laro.,Magtala ng Serbia ng 16 puntos na kalamangan sa ikatlong kanto subalit bumulusok ng husto ang bagitong Gilas squad na tinampukan ng basket ni Mike Nieto para maitabla sa 67-all ang laro.
"Sugatan din at ginagamot sa ospital ang isang tao, kinilalang asawa ng jeepney driver.","Sugatan din at ginagamot sa ospital ang isang tao, na kinilalang asawa ng jeepney driver."
Unang blind item ang tungkol sa isang komedyana na na-hold ng airport security ng minsang mag-abroad matapos makitaang nagnenok ng life vest sa sinakyang eroplano.,Unang blind item ang tungkol sa isang komedyana na na-hold ng airport security nang minsang mag-abroad matapos makitaang nagnenok ng life vest sa sinakyang eroplano.
Lingid sa kaalaman ng marami na si Nico ay nag aral ng abogasya sa sa San Beda College at San Sebastian College at nakapagtapos ng AB European Studies sa Ateneo De Manila University.,Lingid sa kaalaman ng marami na si Nico ay nag aral ng abogasya sa San Beda College at San Sebastian College at nakapagtapos ng AB European Studies sa Ateneo De Manila University.
"Ayon sa sexy star, ipinanganak siya sa Surigao del Sur pero nagaral at lumaki sa Cebu.","Ayon sa sexy star, ipinanganak siya sa Surigao del Sur pero nag-aral at lumaki sa Cebu."
"Lumalabas ngayon sa isang pag aaral ng mga eksperto sa Ca-nada, Estados Unidos at United Kingdom na airborne ang pagkalat ng coronavirus sa pamamagitan ng É??aerosolsÉ?ù.","Lumalabas ngayon sa isang pag-aaral ng mga eksperto sa Ca-nada, Estados Unidos at United Kingdom na airborne ang pagkalat ng coronavirus sa pamamagitan ng É??aerosolsÉ?ù."
"Maria Carmen Zamora, nagsabi nitong nagpasabi na umano ang pangalawang pangulo na ipaubaya na niya ang desisyon ukol dito sa kamara.","Maria Carmen Zamora, sinabi nitong nagpasabi na umano ang pangalawang pangulo na ipaubaya na niya ang desisyon ukol dito sa kamara."
Ngunit inasahan ang pamunuan ng Letran na mapagbibigyan ang kahilingan nila na maalis ang suspensiyon ni Yu at makapaglaro sa Game Three.,Ngunit umaasa ang pamunuan ng Letran na mapagbibigyan ang kahilingan nila na maalis ang suspensiyon ni Yu at makapaglaro sa Game Three.
"May 247 mga bagong nasawi sa virus infection kaya aakyatin sa 28,673 ang kabuuang bilang ng mga namatay sa COVID-19.","May 247 mga bagong nasawi sa virus infection kaya umakyat sa 28,673 ang kabuuang bilang ng mga namatay sa COVID-19."
"Sa latest Instagram post ni Jennylyn, ibinahagi ng aktres ang naganap na virtual story conference na dinaluhan ng ilang miyembro ng production and creative teams ng GMA Entertainment Group pati na din ng kanilang co-stars.","Sa latest Instagram post ni Jennylyn, ibinahagi ng aktres ang naganap na virtual story conference na dinaluhan ng ilang miyembro ng production and creative teams ng GMA Entertainment Group pati na rin ng kanilang co-stars."
Nagkaroon siya ng mahigit 150 medalya sa high school at tapos na with the highest honors sa Hilongos National Vocational School sa Leyte.,Nagkaroon siya ng mahigit 150 medalya sa high school at nagtapos na with the highest honors sa Hilongos National Vocational School sa Leyte.
"Si Father Tito ay isang spiritual adviser at chaplain ng ABS-CBN na pinangungunahan ang Kapamilya Daily Mass at Kapamilya Sunday Mass, pati na ang linggu hang usapan na Kapamilya Journeys of Hope.","Si Father Tito ay isang spiritual adviser at chaplain ng ABS-CBN na pinangungunahan ang Kapamilya Daily Mass at Kapamilya Sunday Mass, pati na ang lingguhang usapan na Kapamilya Journeys of Hope."
