Original Sentence,Gold Sentence,Corrected Sentence,Incorrect Words,Spell Suggestions,Detection Result,Correction Result
Sinabi ni Go na tinitiyak ni Duterte ang maayos na paglipat ng kapangyarihan para sa susunod na mahahalal na pinakamataas na pinuno ng bansa.,Sinabi ni Go na tinitiyak ni Duterte ang maayos na paglipat ng kapangyarihan para sa susunod na mahahalal na pinakamataas na pinuno ng bansa.,Sinabi ni Go na tinitiyak ni suwerte ang maayos na paglipat ng kapangyarihan para sa susunod na mahahalal na pinakamataas na pinuno ng bansa.,['Duterte'],"{'Duterte': ['butete', 'puwerte', 'suwerte', 'terte', 'bunete']}",FP,FP
Sinabi naman niHidalgo na palalakasin niya ang anti-criminality campaign sa rehiyon at pagpupursigihan ang kampanya laban sa ilegal na droga.,Sinabi naman niHidalgo na palalakasin niya ang anti-criminality campaign sa rehiyon at pagpupursigihan ang kampanya laban sa ilegal na droga.,Sinabi naman hihibang na palalakasin niya ang anti-criminality campaign sa rehiyon at pagpupursigihan ang kampanya laban sa ilegal na droga.,['niHidalgo'],"{'niHidalgo': ['bihirang', 'bihisang', 'hihibang', 'hihigang', 'hihilang']}",FP,FP
Para sa lahat ng nag aalala sakin.,Para sa lahat ng nag aalala sakin.,Para sa lahat ng nag aalala sakin.,[],{},TN,TN
Nagbukas ang palitan sa P57.70.,Nagbukas ang palitan sa P57.70.,Nagbukas ang palitan sa P57.ag.,['70'],"{'70': ['ab', 'ad', 'ag', 'ah', 'ak']}",FP,FP
Nahuli-cam pa ang insidente nang malaglag mula sa umiikot na swing ang-biktima at tumama sa mga barikada.,Nahuli-cam pa ang insidente nang malaglag mula sa umiikot na swing ang biktima at tumama sa mga barikada.,Nahuli-cam pa ang insidente nang malaglag mula sa umiikot na swing ang-biktima at tumama sa mga barikada.,[],{},FN,FN
Ngayong buwan lang nang sabihin ni Dela Rosa na handa siyang umatras sa presidential race kung mapag-isipan ni Davao City Mayor Sara Duterte-Carpio na tumakbo sa ilalim ng PDP-Laban para sa parehong posisyon gamit ang substitution.,Ngayong buwan lang nang sabihin ni Dela Rosa na handa siyang umatras sa presidential race kung mapag-isipan ni Davao City Mayor Sara Duterte-Carpio na tumakbo sa ilalim ng PDP-Laban para sa parehong posisyon gamit ang substitution.,Ngayong buwan lang nang sabihin ni Dela Rosa na handa siyang umatras sa presidential race kung mapag-isipan ni daan City Mayor Sara suwerte-carpet na tumakbo sa ilalim ng PDP-Laban para sa parehong posisyon gamit ang substitution.,"['Davao', 'Duterte', 'Carpio']","{'Davao': ['avai', 'cavan', 'daan', 'dabaw', 'dadag'], 'Duterte': ['butete', 'puwerte', 'suwerte', 'terte', 'bunete'], 'Carpio': ['barrio', 'cargo', 'carpet', 'marpil', 'aapi']}",FP,FP
Sabi nga ni Vincent del Rosario pang big screen talaga ito.,Sabi nga ni Vincent del Rosario pang big screen talaga ito.,Sabi nga ni violent del Rosario pang big screen talaga ito.,['Vincent'],"{'Vincent': ['incest', 'intent', 'violent', 'ailment', 'ancient']}",FP,FP
"Ayon kay LKI President Vic Dimagiba, patuloy pa ring binubutas ang bulsa ng mga konsyumer dahil sa mga mas mahal na ginagamit na panggatong ng mga generation companies lalo na nang mag-shutdown ang Malampaya noong Nobyembre 24.","Ayon kay LKI President Vic Dimagiba, patuloy pa ring binubutas ang bulsa ng mga konsyumer dahil sa mga mas mahal na ginagamit na panggatong ng mga generation companies lalo na nang mag-shutdown ang Malampaya noong Nobyembre 24.","Ayon kay ski President pic magiba, patuloy pa ring binubutas ang bulsa ng mga konsyumer dahil sa mga mas mahal na ginagamit na panggatong ng mga generation companies lalo na nang mag-shutdown ang aalampayan noong Nobyembre ag.","['LKI', 'Vic', 'Dimagiba', 'Malampaya', '24']","{'LKI': ['iki', 'laki', 'ski', 'ak', 'aka'], 'Vic': ['fic', 'mic', 'pic', 'tic', 'vi'], 'Dimagiba': ['dimaguila', 'ipagiba', 'magiba', 'pinagiba', 'dalagita'], 'Malampaya': ['malamaya', 'aalampay', 'aalampayan', 'alampay', 'alampayan'], '24': ['ab', 'ad', 'ag', 'ah', 'ak']}",FP,FP
Vlog daw muna ang gagawin niya.,Vlog daw muna ang gagawin niya.,Vlog daw muna ang gagawin niya.,[],{},TN,TN
"Everythingâs documented and mahal niya yung mga anak niya, mahal na mahal ni Jom yun,â na sagot nito tungkol sa akusasyong apat na lata lang ng gatas ang ibinigay ni Jomari sa anak ng ex ng actor / politician na si Joy Reyes.","Everythingâs documented and mahal niya yung mga anak niya, mahal na mahal ni Jom yun,â na sagot nito tungkol sa akusasyong apat na lata lang ng gatas ang ibinibigay ni Jomari sa anak ng ex ng actor / politician na si Joy Reyes.","anythings documented and mahal niya yung mga anak niya, mahal na mahal ni hom yun,d na sagot nito tungkol sa akusasyong apat na lata lang ng gatas ang ibinigay ni yumari sa anak ng ex ng actor / politician na si job ayes.","['Everythingâ', 'Jom', 'â', 'Jomari', 'Joy', 'Reyes']","{'Everythingâ': ['everytime', 'exerting', 'anything', 'baryahing', 'birthing'], 'Jom': ['com', 'dom', 'hom', 'jam', 'job'], 'â': ['b', 'c', 'd', 'e', 'f'], 'Jomari': ['joma', 'mari', 'yumari', 'aaari', 'aari'], 'Joy': ['boy', 'jay', 'job', 'koy', 'noy'], 'Reyes': ['eyes', 'aretes', 'ayes', 'beses', 'diyes']}",TP,FN
"Same habang nagbabasa ako ng script,” paliwanag ng baguhang aktres.","Same habang nagbabasa ako ng script,” paliwanag ng baguhang aktres.","Same habang nagbabasa ako ng script,” paliwanag ng baguhang aktres.",[],{},TN,TN
Sabi kaagad Ivana.,Sabi kaagad ni Ivana.,Sabi kaagad bana.,['Ivana'],"{'Ivana': ['ikana', 'asana', 'bana', 'diana', 'diyana']}",TP,FN
"Inanunsyo ng Malaca?ñang ang suspensyon ng pasok para sa mga empleyado ng gobyerno pagsapit ng tanghali ng darating na Miyerkules Santo, ika-5 ng Abril, upang mabigyan ng pagkakataon ang mga nabanggit na malubos-lubos ang Semana Santat makapagbiyahe sa probinsya.","Inanunsyo ng Malaca?ñang ang suspensyon ng pasok para sa mga empleyado ng gobyerno pagsapit ng tanghali ng darating na Miyerkules Santo, ika-5 ng Abril, upang mabigyan ng pagkakataon ang mga nabanggit na malubos-lubos ang Semana Santat makapagbiyahe sa probinsya.","Inanunsyo ng malasa?bang ang suspensyon ng pasok para sa mga empleyado ng gobyerno pagsapit ng tanghali ng darating na Miyerkules Santo, ika-d ng Abril, upang mabigyan ng pagkakataon ang mga nabanggit na malubos-lubos ang Semana santa makapagbiyahe sa probinsya.","['Malaca', 'ñang', '5', 'Santat']","{'Malaca': ['malaga', 'malala', 'malasa', 'malata', 'malawa'], 'ñang': ['aang', 'ang', 'bang', 'cang', 'dang'], '5': ['b', 'c', 'd', 'e', 'f'], 'Santat': ['sandat', 'sangat', 'santa', 'santan', 'aangat']}",FP,FP
At hindi naman daw nabigo ang mag-ama dahil naging maayos daw ang takbo ng sasakyan sa kanilang long trip.,At hindi naman daw nabigo ang mag-ama dahil naging maayos daw ang takbo ng sasakyan sa kanilang long trip.,At hindi naman daw nabigo ang mag-ama dahil naging maayos daw ang takbo ng sasakyan sa kanilang long trip.,[],{},TN,TN
"Ayon sa pinsan ng biktima, bibili lang sila ng tinapay nang mangyari ang insidente.","Ayon sa pinsan ng biktima, bibili lang sila ng tinapay nang mangyari ang insidente.","Ayon sa pinsan ng biktima, bibili lang sila ng tinapay nang mangyari ang insidente.",[],{},TN,TN
"Sa video na ito na ini-live stream kanina, makikita ang dami ng mga pulis at security na kinaharap ng mga residente.","Sa video na ito na ini-live stream kanina, makikita ang dami ng mga pulis at security na kinaharap ng mga residente.","Sa video na ito na ini-live stream kanina, makikita ang dami ng mga pulis at security na kinaharap ng mga residente.",[],{},TN,TN
"Bukod dito, babawasan na din nila ang quarantine time sa mga darating na dayuhan, at magbubukas na rin sila ng kanilang mga paaralan.","Bukod dito, babawasan na rin nila ang quarantine time sa mga darating na dayuhan, at magbubukas na rin sila ng kanilang mga paaralan.","Bukod dito, babawasan na rin nila ang quarantine time sa mga darating na dayuhan, at magbubukas na rin sila ng kanilang mga paaralan.",[],{},TP,TP
I-settle ko muna yung magulang ko.,I-settle ko muna yung magulang ko.,I-settle ko muna yung magulang ko.,[],{},TN,TN
"Paalala naman ng aktres, hindi lang dapat mga karelasyon ang sinusubukan i-convert bagkus pati na rin ang mga kaibigan, kamag-anak, at mga kakilala.","Paalala naman ng aktres, hindi lang dapat mga karelasyon ang sinusubukan i-convert bagkus pati na rin ang mga kaibigan, kamag-anak, at mga kakilala.","Paalala naman ng aktres, hindi lang dapat mga karelasyon ang sinusubukan i-convert bagkus pati na rin ang mga kaibigan, kamag-anak, at mga kakilala.",[],{},TN,TN
"Hanggang sa isang araw nang dalhin niya ang kaniyang anak sa family day, makikita niya ang kanilang mga litrato.","Hanggang sa isang araw nang dalhin niya ang kaniyang anak sa family day, nakita niya ang kanilang mga litrato.","Hanggang sa isang araw nang dalhin niya ang kaniyang anak sa family day, makikita niya ang kanilang mga litrato.",[],{},FN,FN
Tiniyak naman ni Padilla kay Drilon na nag-aaral na siya tungkol sa paggawa ng batas subalit nilinaw nito na hindi siya natatakot na mapahiya sa Senado.,Tiniyak naman ni Padilla kay Drilon na nag-aaral na siya tungkol sa paggawa ng batas subalit nilinaw nito na hindi siya natatakot na mapahiya sa Senado.,Tiniyak naman ni barilya kay dion na nag-aaral na siya tungkol sa paggawa ng batas subalit nilinaw nito na hindi siya natatakot na mapahiya sa Senado.,"['Parilla', 'Drilon']","{'Parilla': ['parilya', 'barill', 'barilya', 'kabilla', 'pabigla'], 'Drilon': ['dilan', 'dimon', 'dion', 'dragon', 'dril']}",FP,FP
"Papalitan ko lahat ng guwardiya sa maximum eh umabot ng 700 eh, at saka ilalagay ko yung babae, ayon kay Catapang sa isang press conference kahapon.","Papalitan ko lahat ng guwardiya sa maximum eh aabot ng 700 eh, at saka ilalagay ko yung babae, ayon kay Catapang sa isang press conference kahapon.","Papalitan ko lahat ng guwardiya sa maximum eh umabot ng aam eh, at saka ilalagay ko yung babae, ayon kay aagapang sa isang press conference kahapon.","['700', 'Catapang']","{'700': ['aag', 'aal', 'aam', 'aat', 'aaw'], 'Catapang': ['matapang', 'tatapang', 'aagapang', 'aalapang', 'aapang']}",TP,FN
Sinabi ni Vergeire na katuwang ang Department of Education (DepEd) ay palalakasin nila ang screening sa mga mag-aaral at mga guro na nagbabalik sa mga paaralan.,Sinabi ni Vergeire na katuwang ang Department of Education (DepEd) ay palalakasin nila ang screening sa mga mag-aaral at mga guro na magbabalik sa mga paaralan.,Sinabi ni Vergeire na katuwang ang Department of Education (DepEd) ay palalakasin nila ang screening sa mga mag-aaral at mga guro na nagbabalik sa mga paaralan.,[],{},FN,FN
"Hanggang kahapon ay nasa top 10 trending pa rin ito, at ilan sa mga post ng netizens ay ikinukumpara nila ang Darna look ni Jane kay Gal Gadot bilang si Wonder Woman.","Hanggang kahapon ay nasa top 10 trending pa rin ito, at ilan sa mga post ng netizens ay ikinukumpara nila ang Darna look ni Jane kay Gal Gadot bilang si Wonder Woman.","Hanggang kahapon ay nasa top ag trending pa rin ito, at ilan sa mga post ng netizens ay ikinukumpara nila ang area look ni vane kay Gal gamot bilang si Wonder Woman.","['10', 'Darna', 'Jane', 'Gadot']","{'10': ['ab', 'ad', 'ag', 'ah', 'ak'], 'Darna': ['dara', 'derna', 'area', 'arena', 'aria'], 'Jane': ['june', 'lane', 'vane', 'aang', 'aani'], 'Gadot': ['gabot', 'galot', 'gamot', 'gayot', 'aabot']}",FP,FP
Huwebes ng gabi ng ideklara ng DOH na mayroon nang local transmission ng Delta variant sa bansa.,Huwebes ng gabi nang ideklara ng DOH na mayroon nang local transmission ng Delta variant sa bansa.,Huwebes ng gabi ng dineklara ng DOH na mayroon nang local transmission ng Delta variant sa bansa.,['ireklara'],"{'ireklara': ['ideklara', 'deklara', 'dineklara', 'ideklama', 'ireklamo']}",TP,FN
"Bagamat generally peaceful ang filing nang COCs at CONAs, nakahanda 24/7 ang PNP sa anumang hindi inaasahang insidente.","Bagamat generally peaceful ang filing ng COCs at CONAs, nakahanda 24/7 ang PNP sa anumang hindi inaasahang insidente.","Bagamat generally peaceful ang filing nang COCs at anas, nakahanda ag/d ang pdp sa anumang hindi inaasahang insidente.","['CONAs', '24', '7', 'PNP']","{'CONAs': ['cons', 'agnas', 'anas', 'banas', 'bona'], '24': ['ab', 'ad', 'ag', 'ah', 'ak'], '7': ['b', 'c', 'd', 'e', 'f'], 'PNP': ['lpnp', 'pap', 'pdp', 'pep', 'png']}",TP,FN
"Kung susundin ito, nagsasabi ni Panelo na: (u)nahin dapat ng pamahalaan ang mga PWD, kasama ang children with disabilities (CWD), dahil meron silang mga pasanin na hindi nararanasan ng karamihan sa atin.","Kung susundin ito, sinabi ni Panelo na: (u)nahin dapat ng pamahalaan ang mga PWD, kasama ang children with disabilities (CWD), dahil meron silang mga pasanin na hindi nararanasan ng karamihan sa atin.","Kung susundin ito, nagsasabi ni panels na: (u)inahin dapat ng pamahalaan ang mga add, kasama ang children with disabilities (add), dahil meron silang mga pasanin na hindi nararanasan ng karamihan sa atin.","['Panelo', 'nahin', 'PWD', 'CWD']","{'Panelo': ['panalo', 'panel', 'panels', 'anglo', 'danilo'], 'nahin': ['ahin', 'bahin', 'inahin', 'nakin', 'namin'], 'PWD': ['pad', 'ad', 'add', 'aid', 'amd'], 'CWD': ['acid', 'ad', 'add', 'aid', 'amd']}",TP,FN
Wala pang eksaktong petsa kung kailan itinuloy ang qualifying event ngunit posible itong ganapin sa Mayo o sa Hunyo bago ang Tokyo Olympics sa Hulyo.,Wala pang eksaktong petsa kung kailan itutuloy ang qualifying event ngunit posible itong ganapin sa Mayo o sa Hunyo bago ang Tokyo Olympics sa Hulyo.,Wala pang eksaktong petsa kung kailan itutuloy ang qualifying event ngunit posible itong ganapin sa Mayo o sa Hunyo bago ang Tokyo Olympics sa Hulyo.,[],{},TP,TP
"Nandito pa rin siya, humaharap pa rin sa mga camera at maraming trabaho, pero talagang iwas na iwas na siya sa pagpunta sa parlor.","Nandito pa rin siya, humaharap pa rin sa mga camera at maraming trabaho, pero talagang iwas na iwas na siya sa pagpunta sa parlor.","Nandito pa rin siya, humaharap pa rin sa mga camera at maraming trabaho, pero talagang iwas na iwas na siya sa pagpunta sa parlor.",[],{},TN,TN
Kabilang din sa features nito ang lighting panel na puwedeng baguhin ang tema depende sa mood ng gumagamit.,Kabilang din sa features nito ang lighting panel na puwedeng baguhin ang tema depende sa mood ng gumagamit.,Kabilang din sa features nito ang lighting panel na puwedeng baguhin ang tema depende sa mood ng gumagamit.,[],{},TN,TN
Sanay magkaroon saysay ang kanyang salapi para sa kanyang paggaling.,Sanay magkaroon ng saysay ang kanyang salapi para sa kanyang paggaling.,Sanay magkaroon saysay ang kanyang salapi para sa kanyang paggaling.,[],{},FN,FN
"Kaugnay nito dalawa ang nadakip sa isinagawang-operasyon na kinilalang sina Bryan Salceda, 26, construction worker at Jerome Gaje, 27, kapwa ng Pasay City.","Kaugnay nito dalawa ang nadakip sa isinagawang operasyon na kinilalang sina Bryan Salceda, 26, construction worker at Jerome Gaje, 27, kapwa ng Pasay City.","Kaugnay nito dalawa ang dinarakip sa isinagawang-operasyon na kinilalang sina apyan amyeda, ag, construction worker at aroma game, ag, kapwa ng panay City.","['narakip', 'Bryan', 'Salceda', '26', 'Jerome', 'Gaje', '27', 'Pasay']","{'narakip': ['nadakip', 'dadakip', 'dinarakip', 'kalakip', 'madakip'], 'Bryan': ['bayan', 'abayan', 'apyan', 'arian', 'arya'], 'Salceda': ['salida', 'salted', 'amyeda', 'balada', 'balda'], '26': ['ab', 'ad', 'ag', 'ah', 'ak'], 'Jerome': ['become', 'genome', 'aroma', 'became', 'before'], 'Gaje': ['gabe', 'gale', 'game', 'gate', 'gave'], '27': ['ab', 'ad', 'ag', 'ah', 'ak'], 'Pasay': ['pakay', 'palay', 'panay', 'pasa', 'pasag']}",TP,FN
Maya-maya ay itinutok ng suspek sa biktima ang hawak nitong improvised 12 gauge shot gun saka binaril na tumama lahat sa dibdib nito.,Maya-maya ay itinutok ng suspek sa biktima ang hawak nitong improvised 12 gauge shot gun saka binaril na tumama lahat sa dibdib nito.,Maya-maya ay itinutok ng suspek sa biktima ang hawak nitong improvised ag gauge shot gun saka binaril na tumama lahat sa dibdib nito.,['12'],"{'12': ['ab', 'ad', 'ag', 'ah', 'ak']}",FP,FP
Nilinaw naman na hindi nila pinipigilan ang mga walang bakuna na magtrabaho dahil puwede pa din silang pumasok sa kanilang mga workplace.,Nilinaw naman na hindi nila pinipigilan ang mga walang bakuna na magtrabaho dahil puwede pa rin silang pumasok sa kanilang mga workplace.,Nilinaw naman na hindi nila pinipigilan ang mga walang bakuna na magtrabaho dahil puwede pa rin silang pumasok sa kanilang mga workplace.,[],{},TP,TP
"Sa sandaling makita ng investor ang kanilang investments-at kinita, mas naeengganyo ang mga investor na dagdagan ang kanilang investment.","Sa sandaling makita ng investor ang kanilang investments at kinita, mas naeengganyo ang mga investor na dagdagan ang kanilang investment.","Sa sandaling makita ng investor ang kanilang investments-at kinita, mas naeengganyo ang mga investor na dagdagan ang kanilang investment.",[],{},FN,FN
Noong u na ay ayoslangnaman.,Noong una ay ayoslangnaman.,Noong u na ay alinlanganan.,['ayoslangnaman'],"{'ayoslangnaman': ['aalanganan', 'alanganan', 'alinlanganan', 'aalagaan', 'aalangan']}",TP,FN
Sinabi ni Zamora na hindi dahilan ang pan-demya upang mahadla-ngan ang kanilang misyon na mabigyan ang mga mag-aaral sa lungsod ng de kalidad na edukasyon.,Sinabi ni Zamora na hindi dahilan ang pan-demya upang mahadla-ngan ang kanilang misyon na mabigyan ang mga mag-aaral sa lungsod ng de kalidad na edukasyon.,Sinabi ni damira na hindi dahilan ang pan-demya upang kahala-ngan ang kanilang misyon na mabigyan ang mga mag-aaral sa lungsod ng de kalidad na edukasyon.,"['Zamora', 'mahadla']","{'Zamora': ['amor', 'camera', 'damira', 'kamara', 'kamera'], 'mahadla': ['mahabla', 'bahala', 'kahala', 'maaadwa', 'maaadya']}",FP,FP
Doon pa lang nakatunog ang caller na si Kuya Wil ang kausap niya pagkaraan ng mahaba nilang pag-uusap.,Doon pa lang nakatunog ang caller na si Kuya Wil ang kausap niya pagkaraan ng mahaba nilang pag-uusap.,Doon pa lang nakatunog ang caller na si Kuya il ang kausap niya pagkaraan ng mahaba nilang pag-uusap.,['Wil'],"{'Wil': ['bil', 'hil', 'il', 'kil', 'mil']}",FP,FP
Inaalam na ng mga kapulisan ang posibleng pagkakakilanlan sa mga magulang ng sanggol.,Inaalam na ng mga kapulisan ang posibleng pagkakakilanlan sa mga magulang ng sanggol.,Inaalam na ng mga kapulisan ang posibleng pagkakakilanlan sa mga magulang ng sanggol.,[],{},TN,TN
Pinakiusapan na daw niya ang babae noon na itigil na ang ginagawa pero hindi raw ito nakinig.,Pinakiusapan na raw niya ang babae noon na itigil na ang ginagawa pero hindi raw ito nakinig.,Pinakiusapan na raw niya ang babae noon na itigil na ang ginagawa pero hindi raw ito nakinig.,[],{},TP,TP
"Pangalawa, kulang ng vaccinators sa mga-probinsiya.","Pangalawa, kulang ng vaccinators sa mga probinsiya.","Pangalawa, kulang ng vaccinators sa mga-probinsiya.",[],{},FN,FN
"Konektado rin ang mga suspek sa empleyado ng Smartmatic na si Ricardo Argana, na pinaghahanap ng National Bureau of Investigation (NBI) na una nang sumuko subalit tinaguan na, saad pa ni Mancao.","Konektado rin ang mga suspek sa empleyado ng Smartmatic na si Ricardo Argana, na pinaghahanap ng National Bureau of Investigation (NBI) na una nang sumuko subalit nagtatago na, saad pa ni Mancao.","Konektado rin ang mga suspek sa empleyado ng automatic na si bikaryo agang, na pinaghahanap ng National Bureau of Investigation (nabi) na una nang sumuko subalit tinayuan na, saad pa ni macho.","['Smartmatic', 'Ricardo', 'Argana', 'NBI', 'tinaguan', 'Mancao']","{'Smartmatic': ['aromatic', 'magmatic', 'automatic', 'charismatic', 'dramatic'], 'Ricardo': ['richard', 'rikado', 'bikaryo', 'binaro', 'card'], 'Argana': ['adwana', 'agan', 'agang', 'agata', 'andana'], 'NBI': ['bi', 'ibi', 'nabi', 'nai', 'nbg'], 'tinaguan': ['tinagusan', 'tinanguan', 'tinayuan', 'binaruan', 'dinagukan'], 'Mancao': ['banca', 'bancas', 'macho', 'macro', 'magco']}",TP,FN
"Lumalaki na ang mga anak nila, marami ng pangangailangan, kaya concerned sila dun.","Lumalaki na ang mga anak nila, marami nang pangangailangan, kaya concerned sila dun.","Lumalaki na ang mga anak nila, marami ng pangangailangan, kaya concerned sila dun.",[],{},FN,FN
Hindi ko siya kakantahin kung hindi siya maganda.,Hindi ko siya kakantahin kung hindi siya maganda.,Hindi ko siya kakantahin kung hindi siya maganda.,[],{},TN,TN
Nagpapalitan sila ng video kung anu ano ang ganap sa buhay nila dahil magkalayo nga sila.,Nagpapalitan sila ng video kung anu-ano ang ganap sa buhay nila dahil magkalayo nga sila.,Nagpapalitan sila ng video kung anu ano ang ganap sa buhay nila dahil magkalayo nga sila.,[],{},FN,FN
"Kasi ok nang libre ang bakuna natin, ok na din yung facilities para sa COVID patients, pati quarantine, iyon lang testing ang dapat medyo babaan naman ang singil.","Kasi ok nang libre ang bakuna natin, ok na rin yung facilities para sa COVID patients, pati quarantine, iyon lang testing ang dapat medyo babaan naman ang singil.","Kasi ok nang libre ang bakuna natin, ok na rin yung facilities para sa COVID patients, pati quarantine, iyon lang testing ang dapat medyo babaan naman ang singil.",[],{},TP,TP
Masuwerte namang hindi tinamaan ng bala ng baril ang bunso niyang kapatid na lalaki na dumapa na lamang din sa likod bahay.,Masuwerte namang hindi tinamaan ng bala ng baril ang bunso niyang kapatid na lalaki na dumapa na lamang din sa likod bahay.,Masuwerte namang hindi tinamaan ng bala ng baril ang bunso niyang kapatid na lalaki na dumapa na lamang din sa likod bahay.,[],{},TN,TN
"Nakakuha rin ang mga awtoridad sa lugar ng ilang kawad ng telco na naputol na umano ng lalaki Jamil Santos/VBL, GMA Integrated News.","Nakakuha rin ang mga awtoridad sa lugar ng ilang kawad ng telco na naputol na umano ng lalaki Jamil Santos/VBL, GMA Integrated News.","Nakakuha rin ang mga awtoridad sa lugar ng ilang kawad ng telco na naputol na umano ng lalaki jail tantos/aal, gia Integrated News.","['Jamil', 'Santos', 'VBL', 'GMA']","{'Jamil': ['aamil', 'amil', 'jail', 'samil', 'aamin'], 'Santos': ['santo', 'santol', 'tantos', 'aantok', 'aantot'], 'VBL': ['vel', 'vul', 'aal', 'ab', 'aba'], 'GMA': ['ama', 'ga', 'gia', 'goma', 'gra']}",FP,FP
Babantayan din aniya ng Kabataan party-list ang pagpapatupad ng DepEd MATATAG Education Agenda na pangako ng pagbibigay ng mental health services sa bawat paaralan.,Babantayan din aniya ng Kabataan party-list ang pagpapatupad ng DepEd MATATAG Education Agenda na nangangako ng pagbibigay ng mental health services sa bawat paaralan.,Babantayan din aniya ng Kabataan party-list ang pagpapatupad ng DepEd MATATAG Education Agenda na pangako ng pagbibigay ng mental health services sa bawat paaralan.,[],{},FN,FN
Talagang apat na lalaki ang nagpasasa sa katawan niya.,Talagang apat na lalaki ang nagpasasa sa katawan niya.,Talagang apat na lalaki ang nagpasasa sa katawan niya.,[],{},TN,TN
"Magkaroon man siya nang sangdamakmak na sasakyan, e, balewala rin, walang saysay ang salapi niya!","Magkaroon man siya nang sangdamakmak na sasakyan, e, balewala rin, walang saysay ang salapi niya!","Magkaroon man siya nang manghahamak na sasakyan, e, balewala rin, walang saysay ang salapi niya!",['sangdamakmak'],"{'sangdamakmak': ['sandamakmak', 'sandakmakmak', 'manghahamak', 'nanghahamak', 'panghahamak']}",FP,FP
"Viral din ngayon ang pagbabagsak-presyo ng wedding supplies dahil ang bride na dapat gagamit nito, diumano, niloko ng groom?","Viral din ngayon ang pagbabagsak-presyo ng wedding supplies dahil ang bride na dapat gagamit nito, diumano, niloko ng groom?","Viral din ngayon ang pagbabagsak-presyo ng wedding supplies dahil ang bride na dapat gagamit nito, diumano, niloko ng groom?",[],{},TN,TN
Desisyon na din umano ng LGUs kung magpapatupad ng granular lockdown.,Desisyon na rin umano ng LGUs kung magpapatupad ng granular lockdown.,Desisyon na rin umano ng LGUs kung magpapatupad ng granular lockdown.,[],{},TP,TP
"Nasakote rin ang apat pa na bumibili ng droga na sina Danilo Borja, 40; Randy Aquino, 35; Angelo Bulibuli, 20; at Denver De Jesus, 25, pawang mga nakatira sa Tondo, Maynila.","Nasakote rin ang apat pa na bumibili ng droga na sina Danilo Borja, 40; Randy Aquino, 35; Angelo Bulibuli, 20; at Denver De Jesus, 25, pawang mga nakatira sa Tondo, Maynila.","Nasakote rin ang apat pa na bumibili ng droga na sina Danilo bersa, ag; candy aluin, ag; anger bumibili, ag; at danger De desks, ad, pawang mga nakatira sa todo, Maynila.","['Borja', '40', 'Randy', 'Aquino', '35', 'Angelo', 'Bulibuli', '20', 'Denver', 'Jesus', '25', 'Tondo']","{'Borja': ['bara', 'barya', 'bersa', 'bira', 'boba'], '40': ['ab', 'ad', 'ag', 'ah', 'ak'], 'Randy': ['andy', 'brandy', 'candy', 'anay', 'and'], 'Aquino': ['akuin', 'akuing', 'aluin', 'aluing', 'alumno'], '35': ['ab', 'ad', 'ag', 'ah', 'ak'], 'Angelo': ['anglo', 'angal', 'anger', 'anggo', 'anggulo'], 'Bulibuli': ['balibulin', 'bubuli', 'bumibili', 'bumubuli', 'uliuli'], '20': ['ab', 'ad', 'ag', 'ah', 'ak'], 'Denver': ['center', 'dancer', 'danger', 'dealer', 'deber'], 'Jesus': ['beses', 'census', 'desks', 'deus', 'fetus'], '25': ['p25', 'ab', 'ad', 'ag', 'ah'], 'Tondo': ['condo', 'pondo', 'todo', 'tono', 'tonto']}",FP,FP
Parang anak na din ang turing ni Gen.,Parang anak na rin ang turing ni Gen.,Parang anak na rin ang turing ni Gen.,[],{},TP,TP
Nakakasawa na rin raw kasi ang ginagawa ni Alex dahil paulit-ulit lang daw ang paggawa nito ng sablay at kasalanan sa kanyang kapwa.,Nakakasawa na rin daw kasi ang ginagawa ni Alex dahil paulit-ulit lang daw ang paggawa nito ng sablay at kasalanan sa kanyang kapwa.,Nakakasawa na rin daw kasi ang ginagawa ni Alex dahil paulit-ulit lang daw ang paggawa nito ng sablay at kasalanan sa kanyang kapwa.,[],{},TP,TP
Nakasentro muna ang atensiyon ng PBA sa pagsisimula ng PBA Season 46 Philippine Cup bago pagtuunan ng pansin ang paglarga ng inagural season ng 3x3 basketball tournament.,Nakasentro muna ang atensiyon ng PBA sa pagsisimula ng PBA Season 46 Philippine Cup bago pagtuunan ng pansin ang paglarga ng inagural season ng 3x3 basketball tournament.,Nakasentro muna ang atensiyon ng iba sa pagsisimula ng iba Season ag Philippine Cup bago pagtuunan ng pansin ang paglarga ng inaaral season ng x basketball tournament.,"['PBA', 'PBA', '46', 'inagural', '3x3']","{'PBA': ['aba', 'ba', 'iba', 'pa', 'paa'], '46': ['ab', 'ad', 'ag', 'ah', 'ak'], 'inagural': ['inaugural', 'hinaguran', 'inaaral', 'inagusan', 'inapura'], '3x3': ['ex', 'p3', 'x', 'xi', 'aag']}",FP,FP
Hirap rin daw ang kalagayan ngayon ng kaniyang pamilya na naka-quarantine lahat.,Hirap din daw ang kalagayan ngayon ng kaniyang pamilya na naka-quarantine lahat.,Hirap din daw ang kalagayan ngayon ng kaniyang pamilya na naka-quarantine lahat.,[],{},TP,TP
"Nag-enjoy ako sa pelikulang Sakaling Maging Tayo ng magdyowang Elisse Joson at McCoy de Leon, kaya naman natuwa ako nang mag-announce ang Vivamax silang dalawa ang bida sa Habangbuhay.","Nag-enjoy ako sa pelikulang Sakaling Maging Tayo ng magdyowang Elisse Joson at McCoy de Leon, kaya naman natuwa ako nang mag-announce ang Vivamax na silang dalawa ang bida sa Habangbuhay.","Nag-enjoy ako sa pelikulang Sakaling Maging Tayo ng magdyowang eklipse boso at aagoy de Leon, kaya naman natuwa ako nang mag-announce ang ginamas silang dalawa ang bida sa Habangbuhay.","['Elisse', 'Joson', 'McCoy', 'Vivamax']","{'Elisse': ['elise', 'eclipse', 'eklipse', 'elite', 'klitse'], 'Joson': ['arson', 'ason', 'boso', 'boton', 'buson'], 'McCoy': ['macos', 'aaboy', 'aagoy', 'aamoy', 'aapoy'], 'Vivamax': ['dinama', 'dinamay', 'ginamas', 'hinamad', 'hinamak']}",TP,FN
Saka hindi ko naman din sila kalaban sa totoo lang.,Saka hindi ko naman din sila kalaban sa totoo lang.,Saka hindi ko naman din sila kalaban sa totoo lang.,[],{},TN,TN
Sinabi ni Castro na makabubuti makabubuti kung aaprubahan na lamang ng Kamara ang wealth tax o pagpapataw ng dagdag na buwis sa mga bilyonaryo.,Sinabi ni Castro na makabubuti kung aaprubahan na lamang ng Kamara ang wealth tax o pagpapataw ng dagdag na buwis sa mga bilyonaryo.,Sinabi ni Castro na makabubuti makabubuti kung aaprubahan na lamang ng Kamara ang wealth tax o pagpapataw ng dagdag na buwis sa mga bilyonaryo.,[],{},FN,FN
Saka hindi daw iba ang turing sa kanya ng mag-asawa.,Saka hindi raw iba ang turing sa kanya ng mag-asawa.,Saka hindi raw iba ang turing sa kanya ng mag-asawa.,[],{},TP,TP
"Sinabi ni Bordado naang local governmentunit sa Naga City, Bicol ay gumagamit ng LSB at SEF upang palakasin ang sistema ng edukasyon sa pamamagitan ng pagtatatag ng maraming programa na naglalayong bigyang kapangyarihan ang mga tao mula pa noong panahon ng dating Mayor Jesse M.","Sinabi ni Bordado naang local governmentunit sa Naga City, Bicol ay gumagamit ng LSB at SEF upang palakasin ang sistema ng edukasyon sa pamamagitan ng pagtatatag ng maraming programa na naglalayong bigyang kapangyarihan ang mga tao mula pa noong panahon ng dating Mayor Jesse M.","Sinabi ni barado gaang local governmental sa Naga City, Bicol ay gumagamit ng ab at sea upang palakasin ang sistema ng edukasyon sa pamamagitan ng pagtatatag ng maraming programa na naglalayong bigyang kapangyarihan ang mga tao mula pa noong panahon ng dating Mayor este M.","['Bordado', 'naang', 'governmentunit', 'LSB', 'SEF', 'Jesse']","{'Bordado': ['burdado', 'baldado', 'barado', 'bokado', 'borador'], 'naang': ['aang', 'daang', 'gaang', 'inaang', 'kaang'], 'governmentunit': ['government', 'governmenta', 'governmental', 'governments', ""government's""], 'LSB': ['lab', 'lub', 'ab', 'alab', 'als'], 'SEF': ['eef', 'se', 'sea', 'sec', 'see'], 'Jesse': ['cease', 'ease', 'este', 'jersey', 'jester']}",FP,FP
Nakatak dang ilunsad ang ESWF sa Oktubre 16.,Nakatakdang ilunsad ang ESWF sa Oktubre 16.,takatak dang ilunsad ang esim sa Oktubre ag.,"['Nakatak', 'ESWF', '16']","{'Nakatak': ['nabatak', 'nakatay', 'takatak', 'babatak', 'hahatak'], 'ESWF': ['eef', 'elf', 'esim', 'este', 'estu'], '16': ['ab', 'ad', 'ag', 'ah', 'ak']}",TP,FN
"Sa panig naman ng suplay, sinabi ng NEDA chief na may mga programa ang gobyerno para palakasin ang produksyon.","Sa panig naman ng suplay, sinabi ng NEDA chief na may mga programa ang gobyerno para palakasin ang produksyon.","Sa panig naman ng suplay, sinabi ng nega chief na may mga programa ang gobyerno para palakasin ang produksyon.",['NEDA'],"{'NEDA': ['nada', 'neca', 'nega', 'seda', 'ada']}",FP,FP
Hindi na nakapalag ang mga suspect matapos na dakpin ng mga awtoridad sa aktong iniaabot ang mga antigen COVID 19 test kits na hindi rehistrado sa Food and Drugs Administration (FDA) sa poseur buyer.,Hindi na nakapalag ang mga suspect matapos na dakpin ng mga awtoridad sa aktong iniaabot ang mga antigen COVID 19 test kits na hindi rehistrado sa Food and Drugs Administration (FDA) sa poseur buyer.,Hindi na nakapalag ang mga suspect matapos na dakpin ng mga awtoridad sa aktong iniaabot ang mga antigen COVID ag test kits na hindi rehistrado sa Food and Drugs Administration (FDA) sa poseur buyer.,['19'],"{'19': ['ab', 'ad', 'ag', 'ah', 'ak']}",FP,FP
Nakare-relate rin si Carl sa awitin dahil lumaki siyang walang kinikilalang biological father.,Nakare-relate rin si Carl sa awitin dahil lumaki siyang walang kinikilalang biological father.,aware-create rin si car sa awitin dahil lumaki siyang walang kinikilalang biological father.,"['Nakare', 'relate', 'Carl']","{'Nakare': ['nakapre', 'nakar', 'aware', 'kare', 'lagare'], 'relate': ['rebate', 'related', 'create', 'cremate', 'debate'], 'Carl': ['cal', 'call', 'car', 'card', 'care']}",FP,FP
"Subic BAY FREEPORT, Philippines — Inaresto ang isang lalaki na hinihinalang nangunguha ng mga kable na may tanso sa isang gusali rito sa freeport habang nakatakas ang kasamahan nito kamakalawa ng gabi.","Subic BAY FREEPORT, Philippines — Inaresto ang isang lalaki na hinihinalang nangunguha ng mga kable na may tanso sa isang gusali rito sa freeport habang nakatakas ang kasamahan nito kamakalawa ng gabi.","Subic BAY FREEPORT, Philippines — Inaresto ang isang lalaki na hinihinalang nangunguha ng mga kable na may tanso sa isang gusali rito sa freeport habang nakatakas ang kasamahan nito kamakalawa ng gabi.",[],{},TN,TN
"Ang sabi nga ng source ko, may tampuhan lang yung dalawa at normal lang raw yun.","Ang sabi nga ng source ko, may tampuhan lang yung dalawa at normal lang daw yun.","Ang sabi nga ng source ko, may tampuhan lang yung dalawa at normal lang daw yun.",[],{},TP,TP
"Ayon kay acting Presidential Spokesman Secretary Martin Andanar, ito ang napagkasunduan sa pulong ng Inter-Agency Task Force (IATF) batay na rin sa rekomendasyon ng mga eksperto.","Ayon kay acting Presidential Spokesman Secretary Martin Andanar, ito ang napagkasunduan sa pulong ng Inter-Agency Task Force (IATF) batay na rin sa rekomendasyon ng mga eksperto.","Ayon kay acting Presidential Spokesman Secretary mariin andanang, ito ang napagkasunduan sa pulong ng Inter-Agency Task Force (abf) batay na rin sa rekomendasyon ng mga eksperto.","['Martin', 'Andanar', 'IATF']","{'Martin': ['margin', 'marhin', 'mariin', 'martir', 'matin'], 'Andanar': ['andana', 'andador', 'andanang', 'andante', 'andar'], 'IATF': ['aat', 'aato', 'abf', 'anf', 'at']}",FP,FP
"Once na tinatanggap mo si Lord sa buhay mo, sigurado sa heaven ka mapupunta,â makahulugang paglalahad ng dalaga.","Once na tinanggap mo si Lord sa buhay mo, sigurado sa heaven ka mapupunta,â makahulugang paglalahad ng dalaga.","Once na tinatanggap mo si Lord sa buhay mo, sigurado sa haen ka mapupunta,d makahulugang paglalahad ng dalaga.","['heaven', 'â']","{'heaven': ['haven', 'even', 'haen', 'have', 'havens'], 'â': ['b', 'c', 'd', 'e', 'f']}",TP,FN
"Ang First Family po, unless may comorbidity ay hindi po sila talaga mabibigyan ng prayoridad pero dahil mga public official ang mga anak ng ating Pa??ngulo eh baka naman po maki??pagtulungan rin sila para ma-boost ang vaccine confidence.","Ang First Family po, unless may comorbidity ay hindi po sila talaga mabibigyan ng prayoridad pero dahil mga public official ang mga anak ng ating Pa??ngulo eh baka naman po maki??pagtulungan din sila para ma-boost ang vaccine confidence.","Ang First Family po, unless may comorbidity ay hindi po sila talaga mabibigyan ng prayoridad pero dahil mga public official ang mga anak ng ating Pa??ngulo eh baka naman po maki??pagtulungan din sila para ma-boost ang vaccine confidence.",[],{},TP,TP
"Kailangan talaga natin ng stressless life, stress-free, at kailangan talaga natin ng healthy living, dagdag niya.","Kailangan talaga natin ng stressless life, stress-free, at kailangan talaga natin ng healthy living, dagdag niya.","Kailangan talaga natin ng careless life, stress-free, at kailangan talaga natin ng healthy living, dagdag niya.",['stressless'],"{'stressless': ['stressed', 'tresspass', 'careless', 'distresses', 'dressers']}",FP,FP
Nananatiling nag-iisa pa lang ang kaso ng tinamaan ng ligaw na bala nitong Bagong Taon habang wala pa ring naiuulat na fireworks ingestion sa kabutihang palad.,Nananatiling nag-iisa pa lang ang kaso ng tinamaan ng ligaw na bala nitong Bagong Taon habang wala pa ring naiuulat na fireworks ingestion sa kabutihang palad.,Nananatiling nag-iisa pa lang ang kaso ng tinamaan ng ligaw na bala nitong Bagong Taon habang wala pa ring naiuulat na fireworks ingestion sa kabutihang palad.,[],{},TN,TN
Maghuhubad ng kapitan ang kaniyang mataas na katungkulan at itinuring ang kaniyang sarili na isang ordinaryong tao.,Hinubad ng kapitan ang kaniyang mataas na katungkulan at itinuring ang kaniyang sarili na isang ordinaryong tao.,Maghuhubad ng kapitan ang kaniyang mataas na katungkulan at itinuring ang kaniyang sarili na isang ordinaryong tao.,[],{},FN,FN
"So nung nagsabi niya na ipalaglag ko, sabi ko ayoko.","So nung sinabi niya na ipalaglag ko, sabi ko ayoko.","So nung nagsabi niya na ipalaglag ko, sabi ko ayoko.",[],{},FN,FN
"Bukod sa kanyang bagong iho-host na programa sa TV5, ang Sing-Galing, ay kumurot kami nang pahapyaw tungkol sa relasyon ngayon ng kanyang kapatid na si Raymart at ni Jodi Sta.","Bukod sa kanyang bagong iho-host na programa sa TV5, ang Sing-Galing, ay kumurot kami nang pahapyaw tungkol sa relasyon ngayon ng kanyang kapatid na si Raymart at ni Jodi Sta.","Bukod sa kanyang bagong iho-host na programa sa ive, ang Sing-Galing, ay kumurot kami nang pahapyaw tungkol sa relasyon ngayon ng kanyang kapatid na si daycare at ni body eta.","['TV5', 'Raymart', 'Jodi', 'Sta']","{'TV5': ['tv', 'iva', 'ive', 'kv', 'lv'], 'Raymart': ['apart', 'baynat', 'daycare', 'earmark', 'gayari'], 'Jodi': ['lodi', 'boda', 'body', 'boli', 'code'], 'Sta': ['asta', 'ata', 'eta', 'ista', 'ita']}",FP,FP
"Pahirapan rin ang pagpasok ng mga bumbero dahil may isinasagawang road repair sa lugar, bukod sa masikip ang access point.","Pahirapan din ang pagpasok ng mga bumbero dahil may isinasagawang road repair sa lugar, bukod sa masikip ang access point.","Pahirapan din ang pagpasok ng mga bumbero dahil may isinasagawang road repair sa lugar, bukod sa masikip ang access point.",[],{},TP,TP
Bukod sa tatlong suspek na tukoy na ng QC police ay naberipika na rin nila ang plate number ng sasakyan na ginamit ng mga suspek at naimbitahan na ng pulisya ang driver at may-ari ng sasakyan na maaaring maisama sa sasampahan ng kaso ng pulisya.,Bukod sa tatlong suspek na tukoy na ng QC police ay naberipika na rin nila ang plate number ng sasakyan na ginamit ng mga suspek at naimbitahan na ng pulisya ang driver at may-ari ng sasakyan na maaaring maisama sa sasampahan ng kaso ng pulisya.,Bukod sa tatlong suspek na tukoy na ng oc police ay naberipika na rin nila ang plate number ng sasakyan na ginamit ng mga suspek at naimbitahan na ng pulisya ang driver at may-ari ng sasakyan na maaaring maisama sa sasampahan ng kaso ng pulisya.,['QC'],"{'QC': ['c', 'cc', 'oc', 'q', 'ab']}",FP,FP
"Sa tindi ng pag salpok, tumilapon ang rider at ang angkas nito sa magkabilang parte ng highway.","Sa tindi ng pag-salpok, tumilapon ang rider at ang angkas nito sa magkabilang parte ng highway.","Sa tindi ng pag salpok, tumilapon ang rider at ang angkas nito sa magkabilang parte ng highway.",[],{},FN,FN
"Samantala, ang bongga ng feedback kay Bugoy Drilon sa 10Q US Concert Tour ni Angeline Quinto at ng mga ka-grupo niya sa BuDaKhel na sina Daryl Ong at Michael Pangilinan, huh!","Samantala, ang bongga ng feedback kay Bugoy Drilon sa 10Q US Concert Tour ni Angeline Quinto at ng mga ka-grupo niya sa BuDaKhel na sina Daryl Ong at Michael Pangilinan, huh!","Samantala, ang bongga ng feedback kay bugok dion sa q US Concert Tour ni angalang hinto at ng mga ka-grupo niya sa bagahe na sina arya Ong at Michael Pangilinan, hush!","['Bugoy', 'Drilon', '10Q', 'Angeline', 'Quinto', 'BuDaKhel', 'Daryl', 'huh']","{'Bugoy': ['buboy', 'bugnoy', 'bugok', 'buoy', 'iugoy'], 'Drilon': ['dilan', 'dimon', 'dion', 'dragon', 'dril'], '10Q': ['ecq', 'nq', 'q', 'sq', 'aag'], 'Angeline': ['airline', 'angalan', 'angalang', 'angatin', 'angating'], 'Quinto': ['bunto', 'ginto', 'hinto', 'huminto', 'ihinto'], 'BuDaKhel': ['buhalhal', 'bulakbol', 'bagahe', 'bakal', 'baked'], 'Daryl': ['aaral', 'aral', 'arya', 'barel', 'baril'], 'huh': ['hub', 'huho', 'hush', 'hut', 'ah']}",FP,FP
"Sa kabila nito, wala raw balak ang lola na sampahan ng reklamo ang apo dahil mabait naman raw ito kapag wala sa impluwensiya ng alak at droga.","Sa kabila nito, wala raw balak ang lola na sampahan ng reklamo ang apo dahil mabait naman daw ito kapag wala sa impluwensiya ng alak at droga.","Sa kabila nito, wala raw balak ang lola na sampahan ng reklamo ang apo dahil mabait naman daw ito kapag wala sa impluwensiya ng alak at droga.",[],{},TP,TP
"Artista man, kaya din nila.","Artista man, kaya rin nila.","Artista man, kaya rin nila.",[],{},TP,TP
"May tumawag sa amin dito, yung team ko po ay nagpa-panic dahil may balita daw po riyan na kami ay naaksidente.","May tumawag sa amin dito, yung team ko po ay nagpa-panic dahil may balita raw po riyan na kami ay naaksidente.","May tumawag sa amin dito, yung team ko po ay nagpa-panic dahil may balita raw po riyan na kami ay naaksidente.",[],{},TP,TP
"Kuwento ni Derby, batid niya na buntis noon ang kaniyang nobya nang aalis siya ng Batangas, at nagtungo sa Iloilo para puntahan ang kaniyang mga magulang.","Kuwento ni Derby, batid niya na buntis noon ang kaniyang nobya nang umalis siya ng Batangas, at nagtungo sa Iloilo para puntahan ang kaniyang mga magulang.","Kuwento ni Derby, batid niya na buntis noon ang kaniyang nobya nang aalis siya ng Batangas, at nagtungo sa Iloilo para puntahan ang kaniyang mga magulang.",[],{},FN,FN
"Sinabi ni Yap na sa Buguias, nasa 19 pasyente ang inilikas sa Northern Benguet District Hospital kung saan sa kasalukuyan ay sinusuri ang pinsala sa imprastraktura ng hospital gayundin ang mga kagamitan dito.","Sinabi ni Yap na sa Buguias, nasa 19 pasyente ang inilikas sa Northern Benguet District Hospital kung saan sa kasalukuyan ay sinusuri ang pinsala sa imprastraktura ng hospital gayundin ang mga kagamitan dito.","Sinabi ni cap na sa bubutas, nasa ag pasyente ang inilikas sa Northern banggit District Hospital kung saan sa kasalukuyan ay sinusuri ang pinsala sa imprastraktura ng hospital gayundin ang mga kagamitan dito.","['Yap', 'Buguias', '19', 'Benguet']","{'Yap': ['ap', 'ayap', 'cap', 'gap', 'map'], 'Buguias': ['bubukas', 'bubulas', 'bubutas', 'bumukas', 'bumulas'], '19': ['ab', 'ad', 'ag', 'ah', 'ak'], 'Benguet': ['banquet', 'dengue', 'banggit', 'bangkat', 'bangketa']}",FP,FP
"Sa kasalukuyan, hindi pa kabilang ang mga bata sa ??vaccination program?? ng pamahalaan kaya nanawagan si Del Rosario sa mga magulang at guardians na higpitan ang paglabas ng mga bata dahil hindi din sila ligtas na mahawa ng virus.","Sa kasalukuyan, hindi pa kabilang ang mga bata sa ??vaccination program?? ng pamahalaan kaya nanawagan si Del Rosario sa mga magulang at guardians na higpitan ang paglabas ng mga bata dahil hindi rin sila ligtas na mahawa ng virus.","Sa kasalukuyan, hindi pa kabilang ang mga bata sa ??vaccination program?? ng pamahalaan kaya nanawagan si Del Rosario sa mga magulang at guardians na higpitan ang paglabas ng mga bata dahil hindi rin sila ligtas na mahawa ng virus.",[],{},TP,TP
"Ipinaliwanag ng Panginoong Hesus sa kaniyang pangangaral na hindi man bumangon ang lalaki upang ibigay ang hinihingi ng kaibigan, babangon pa rin ito para ibigay ang hinihingi ng kaniyang kaibigan dahil sa pagpupumilit nito.","Ipinaliwanag ng Panginoong Hesus sa kaniyang pangangaral na hindi man bumangon ang lalaki upang ibigay ang hinihingi ng kaibigan, babangon pa rin ito para ibigay ang hinihingi ng kaniyang kaibigan dahil sa pagpupumilit nito.","Ipinaliwanag ng Panginoong chess sa kaniyang pangangaral na hindi man bumangon ang lalaki upang ibigay ang hinihingi ng kaibigan, babangon pa rin ito para ibigay ang hinihingi ng kaniyang kaibigan dahil sa pagpupumilit nito.",['Hesus'],"{'Hesus': ['beses', 'census', 'chess', 'desks', 'deus']}",FP,FP
"Sa second day, hindi ko po talaga events yung mga nilaro maliban sa pole vault.","Sa second day, hindi ko po talaga events yung mga nilaro maliban sa pole vault.","Sa second day, hindi ko po talaga events yung mga nilaro maliban sa pole vault.",[],{},TN,TN
"Ayon kay John, ayaw raw ng kaniyang lolo na sumama sa rescue kung hindi-isasama ang kaniyang aso.","Ayon kay John, ayaw raw ng kaniyang lolo na sumama sa rescue kung hindi isasama ang kaniyang aso.","Ayon kay John, ayaw raw ng kaniyang lolo na sumama sa rescue kung hindi-isasama ang kaniyang aso.",[],{},FN,FN
"'Yung phone ko nasa belt bag ko tapos kumukuha niya, tapos gusto niyang burahin 'yung mga videos at saka mga pictures na pinanghahawakan ko.","'Yung phone ko nasa belt bag ko tapos kinuha niya, tapos gusto niyang burahin 'yung mga videos at saka mga pictures na pinanghahawakan ko.","'Yung phone ko nasa belt bag ko tapos kumukuha niya, tapos gusto niyang burahin 'yung mga videos at saka mga pictures na pinanghahawakan ko.",[],{},FN,FN
Marami na daw ang nagpapayo sa kaniya na huminto na sa paglaban.,Marami na raw ang nagpapayo sa kaniya na huminto na sa paglaban.,Marami na raw ang nagpapayo sa kaniya na huminto na sa paglaban.,[],{},TP,TP
Matundin ay 11-taon nang naglilingkod sa bayan bilang isang tapat na sundalo.,Matundin ay 11-taon nang naglilingkod sa bayan bilang isang tapat na sundalo.,latundan ay ag-taon nang naglilingkod sa bayan bilang isang tapat na sundalo.,"['Matundin', '11']","{'Matundin': ['ganundin', 'gayundin', 'latundan', 'mandin', 'mapundi'], '11': ['ab', 'ad', 'ag', 'ah', 'ak']}",FP,FP
"Maganda naman ang drama nila, katanggap-tanggap naman para sa isang sikat na tulad niya, kaya nga lang ay nasisilipan pa rin siya nang butas ng mga faney na âtinatakasanâ niya.","Maganda naman ang drama nila, katanggap-tanggap naman para sa isang sikat na tulad niya, kaya nga lang ay nasisilipan pa rin siya ng butas ng mga faney na âtinatakasanâ niya.","Maganda naman ang drama nila, katanggap-tanggap naman para sa isang sikat na tulad niya, kaya nga lang ay nasisilipan pa rin siya nang butas ng mga anek na dtinataasan niya.","['faney', 'â', 'tinatakasanâ']","{'faney': ['anay', 'andy', 'anek', 'any', 'baley'], 'â': ['b', 'c', 'd', 'e', 'f'], 'tinatakasanâ': ['tinatakasan', 'tinatakasang', 'tinataasan', 'tinataasang', 'tinatagasan']}",TP,FN
Simple lang naman ang hiling ng national athletes -- maibigay lang ang allowance at masunod ang petsang itinakda sa pamimigay nito.,Simple lang naman ang hiling ng national athletes -- maibigay lang ang allowance at masunod ang petsang itinakda sa pamimigay nito.,Simple lang naman ang hiling ng national athletes -- maibigay lang ang allowance at masunod ang petsang itinakda sa pamimigay nito.,[],{},TN,TN
"Sa imbestigasyon, nag-overtake umano ang motorsiklo na minamaneho ng ama sa sinusundang truck pero nawalan ito ng kontrol dahil sa biglang may tawid umanong babae.","Sa imbestigasyon, nag-overtake umano ang motorsiklo na minamaneho ng ama sa sinusundang truck pero nawalan ito ng kontrol dahil sa biglang may tumawid umanong babae.","Sa imbestigasyon, nag-overtake umano ang motorsiklo na minamaneho ng ama sa sinusundang truck pero nawalan ito ng kontrol dahil sa biglang may tawid umanong babae.",[],{},FN,FN
"Ang ilan sa kanila, namamatay na lang sa karsel.","Ang ilan sa kanila, namamatay na lang sa karsel.","Ang ilan sa kanila, namamatay na lang sa karsel.",[],{},TN,TN
"But ever since nagtrabaho ako nang maayos, unti unti akong naglalagay ng account para kay Xonia, Xalene, pati kay Summer.","But ever since nagtrabaho ako nang maayos, unti-unti akong naglalagay ng account para kay Xonia, Xalene, pati kay Summer.","But ever since nagtrabaho ako nang maayos, unti unti akong naglalagay ng account para kay donya, baleng, pati kay Summer.","['Xonia', 'Xalene']","{'Xonia': ['bona', 'bonita', 'donya', 'lona', 'momia'], 'Xalene': ['aleng', 'alone', 'baleng', 'balete', 'daleng']}",TP,FN
"Nakababa daw ang pang-ibabang damit ng biktima, ayon sa batang nakakita ng bangkay.","Nakababa raw ang pang-ibabang damit ng biktima, ayon sa batang nakakita ng bangkay.","Nakababa raw ang pang-ibabang damit ng biktima, ayon sa batang nakakita ng bangkay.",[],{},TP,TP
Minsan hindi mo inaasahan kung saan darating ang isang pagkakataon.,Minsan hindi mo inaasahan kung saan darating ang isang pagkakataon.,Minsan hindi mo inaasahan kung saan darating ang isang pagkakataon.,[],{},TN,TN
"Sinusundan ng Voltes V: Legacy ang kuwento ng tatlong magkakapatid ?? sina Steve, Big Bert, at Little Jon at ang kanilang mga kaibigan na sina Jamie at Mark ?? habang sama-sama silang lumalaban sa masasamang pwersa ng Boazanian na nagbabalak na salakayin ang Earth at ilunsad ang kanilang mga beast fighter sa buong mundo.","Sinusundan ng Voltes V: Legacy ang kuwento ng tatlong magkakapatid ?? sina Steve, Big Bert, at Little Jon at ang kanilang mga kaibigan na sina Jamie at Mark ?? habang sama-sama silang lumalaban sa masasamang pwersa ng Boazanian na nagbabalak na salakayin ang Earth at ilunsad ang kanilang mga beast fighter sa buong mundo.","Sinusundan ng hostes V: Legacy ang kuwento ng tatlong magkakapatid ?? sina scene, Big bent, at Little don at ang kanilang mga kaibigan na sina aamin at Mark ?? habang sama-sama silang lumalaban sa masasamang pwersa ng babanlian na nagbabalak na salakayin ang Earth at ilunsad ang kanilang mga blast fighter sa buong mundo.","['Voltes', 'Steve', 'Bert', 'Jon', 'Jamie', 'Boazanian', 'beast']","{'Voltes': ['votes', 'holes', 'hostes', 'notes', 'roles'], 'Steve': ['stove', 'leve', 'scene', 'see', 'serve'], 'Bert': ['beat', 'belt', 'bent', 'ber', 'best'], 'Jon': ['aon', 'con', 'don', 'eon', 'job'], 'Jamie': ['ramie', 'aamil', 'aamin', 'aamis', 'ami'], 'Boazanian': ['babalian', 'babanigan', 'babanlian', 'babawian', 'balanan'], 'beast': ['beat', 'best', 'blast', 'breast', 'ceast']}",FP,FP
Palagay ko rin sa minority huwag ng lumaban sapagkat kitang-kita na ang overwhelming numbers ng majority.,Palagay ko rin sa minority huwag nang lumaban sapagkat kitang-kita na ang overwhelming numbers ng majority.,Palagay ko rin sa minority huwag ng lumaban sapagkat kitang-kita na ang overwhelming numbers ng majority.,[],{},FN,FN
"Doon nagsimula ang Malasakit Center, pahayag ni Go.","Doon nagsimula ang Malasakit Center, pahayag ni Go.","Doon nagsimula ang Malasakit Center, pahayag ni Go.",[],{},TN,TN
Hindi din daw siya nagtago at hindi rin niya alam na may kaso laban sa kaniya.,Hindi rin daw siya nagtago at hindi rin niya alam na may kaso laban sa kaniya.,Hindi rin daw siya nagtago at hindi rin niya alam na may kaso laban sa kaniya.,[],{},TP,TP
"Kailangan din niyang alamin kung ligtas ang kanyang production staff na makakasama sa remote, positibo ang karamihan sa kanyang mga kasamahan, kaya sila nag-replay sa buong linggo ng Wowowin-Tutok-To-Win.","Kailangan din niyang alamin kung ligtas ang kanyang production staff na makakasama sa remote, positibo ang karamihan sa kanyang mga kasamahan, kaya sila nag-replay sa buong linggo ng Wowowin-Tutok-To-Win.","Kailangan din niyang alamin kung ligtas ang kanyang production staff na makakasama sa remote, positibo ang karamihan sa kanyang mga kasamahan, kaya sila nag-aaplay sa buong linggo ng poonin-Tutok-To-Win.","['replay', 'Wowowin']","{'replay': ['relay', 'reply', 'aaplay', 'aplay', 'delay'], 'Wowowin': ['lokohin', 'loobin', 'poonin', 'todohin', 'wooden']}",FP,FP
Maria Rosario Vergeire na inihahanda pa lamang ang guidelines para sa rollout ng mga bakuna sa naturang age group.,Maria Rosario Vergeire na inihahanda pa lamang ang guidelines para sa rollout ng mga bakuna sa naturang age group.,maia Rosario Vergeire na inihahanda pa lamang ang guidelines para sa rollout ng mga bakuna sa naturang age group.,['Maria'],"{'Maria': ['aria', 'mafia', 'maia', 'mara', 'mari']}",FP,FP
Sinabi rin ng opisyal na walang direktang epekto sa supply ng langis sa Pilipinas ang banggaan ng Russia at Ukraine dahil hindi direktang nanggaling sa Russia ang krudo na ginagamit sa bansa.,Sinabi rin ng opisyal na walang direktang epekto sa supply ng langis sa Pilipinas ang banggaan ng Russia at Ukraine dahil hindi direktang nanggaling sa Russia ang krudo na ginagamit sa bansa.,Sinabi rin ng opisyal na walang direktang epekto sa supply ng langis sa Pilipinas ang banggaan ng bassic at urine dahil hindi direktang nanggaling sa bassic ang krudo na ginagamit sa bansa.,"['Russia', 'Ukraine', 'Russia']","{'Russia': ['bussa', 'rustika', 'bassic', 'buhia', 'bulsa'], 'Ukraine': ['ukain', 'ukaing', 'urine', 'airline', 'akmain']}",FP,FP
Inutusan sila ng salarin na paandarin ang sasakyan pero pagsapit sa circumferential road ay kinuha ng salarin ang cellphone at pera ng biktima bago binaril sa ulo at tumakas.,Inutusan sila ng salarin na paandarin ang sasakyan pero pagsapit sa circumferential road ay kinuha ng salarin ang cellphone at pera ng biktima bago binaril sa ulo at tumakas.,Inutusan sila ng salarin na paandarin ang sasakyan pero pagsapit sa circumferential road ay kinuha ng salarin ang cellphone at pera ng biktima bago binaril sa ulo at tumakas.,[],{},TN,TN
At doon naman sa tinatanong na âno boostâ â wala pa po tinayuan sa polisiyang iyan.,At doon naman sa tinatanong na âno boostâ â wala pa po tayo sa polisiyang iyan.,At doon naman sa tinatanong na dno booster d wala pa po tinayuan sa polisiyang iyan.,"['â', 'boostâ', 'â']","{'â': ['b', 'c', 'd', 'e', 'f'], 'boostâ': ['boost', 'boosted', 'booster', 'booth', 'boots']}",TP,FN
Nagtamo ang mga biktima ng mga grabeng pinsala sa ulo at katawan at namatay noon din matapos silang pumailalim sa truck.,Nagtamo ang mga biktima ng mga grabeng pinsala sa ulo at katawan at namatay noon din matapos silang pumailalim sa truck.,Nagtamo ang mga biktima ng mga grabeng pinsala sa ulo at katawan at namatay noon din matapos silang pumailalim sa truck.,[],{},TN,TN
"Kahit na sana iyong barya-barya sa mga indie nakakatulong iyon sa kanya, kaso kahit na iyon ay wala na.","Kahit na sana iyong barya-barya sa mga indie nakakatulong iyon sa kanya, kaso kahit na iyon ay wala na.","Kahit na sana iyong barya-barya sa mga die nakakatulong iyon sa kanya, kaso kahit na iyon ay wala na.",['indie'],"{'indie': ['india', 'indise', 'die', 'eddie', 'hindi']}",FP,FP
Hanggang sa makapag-asawa na ang dalawa nilang anak at nakapagpatayo ng magandang bahay.,Hanggang sa makapag-asawa na ang dalawa nilang anak at nakapagpatayo ng magandang bahay.,Hanggang sa makapag-asawa na ang dalawa nilang anak at nakapagpatayo ng magandang bahay.,[],{},TN,TN
"Noong nagCebu kami last weekend para sa presscon ng The Iron Heart, ang action-drama series na pinagbibidahan ni Richard Gutierrez sa ABS-CBN, marami na naman kaming mga ??eksena? ni Bisaya.","Noong nag-Cebu kami last weekend para sa presscon ng The Iron Heart, ang action-drama series na pinagbibidahan ni Richard Gutierrez sa ABS-CBN, marami na naman kaming mga ??eksena? ni Bisaya.","Noong nag-Cebu kami last weekend para sa presscon ng The Iron Heart, ang action-drama series na pinagbibidahan ni Richard Gutierrez sa ABS-CBN, marami na naman kaming mga ??eksena? ni Bisaya.",[],{},TP,TP
"Pero nang malaman ko ho pati yung aming sinasakang lupa ay gusto nilang sakupin, doon na ho ako umalis sa kanila kasi yung daanan ho naming hinarangan nila, bale binakuran nila ayon sa biktima.","Pero nang malaman ko ho pati yung aming sinasakang lupa ay gusto nilang sakupin, doon na ho ako umalis sa kanila kasi yung daanan ho naming hinarangan nila, bale binakuran nila ayon sa biktima.","Pero nang malaman ko ho pati yung aming sinasakang lupa ay gusto nilang sakupin, doon na ho ako umalis sa kanila kasi yung daanan ho naming hinarangan nila, bale binakuran nila ayon sa biktima.",[],{},TN,TN
"Nasa 2,769,914 na ang iginagaling sa buong bansa o 97.7.","Nasa 2,769,914 na ang gumaling sa buong bansa o 97.7.","Nasa d,aam,aam na ang iginagawing sa buong bansa o ag.d.","['2', '769', '914', 'iginagaling', '97', '7']","{'2': ['b', 'c', 'd', 'e', 'f'], '769': ['aag', 'aal', 'aam', 'aat', 'aaw'], '914': ['aag', 'aal', 'aam', 'aat', 'aaw'], 'iginagaling': ['ginagaling', 'iginagalang', 'iginagawing', 'ikinagaling', 'ginagabing'], '97': ['ab', 'ad', 'ag', 'ah', 'ak'], '7': ['b', 'c', 'd', 'e', 'f']}",TP,FN
"Ang galing ng ginawang ito ni Congresswoman dahil hindi lang sarili niya ang binigyan niya ng proteksiyon, lahat nang gugustuhin sumali at makisali sa issues.","Ang galing ng ginawang ito ni Congresswoman dahil hindi lang sarili niya ang binigyan niya ng proteksiyon, lahat nang gusto sumali at makisali sa issues.","Ang galing ng ginawang ito ni Congresswoman dahil hindi lang sarili niya ang binigyan niya ng proteksiyon, lahat nang gugustuhin sumali at makisali sa issues.",[],{},FN,FN
Epekto pa rin ito ng apology ni Paolo sa nangyayari sa kanila ni LJ Reyes at pagkakasangkot sa pangalan ni Yen bilang third party na ok na raw sana at mananatiling mysterious pero kinumpirma ni Paolo na kasama nga niya sa Baguio ang actress as a friend.,Epekto pa rin ito ng apology ni Paolo sa nangyari sa kanila ni LJ Reyes at pagkakasangkot sa pangalan ni Yen bilang third party na ok na raw sana at mananatiling mysterious pero kinumpirma ni Paolo na kasama nga niya sa Baguio ang actress as a friend.,Epekto pa rin ito ng apology ni polo sa nangyayari sa kanila ni la ayes at pagkakasangkot sa pangalan ni Yen bilang third party na ok na raw sana at mananatiling isteriks pero kinumpirma ni polo na kasama nga niya sa Baguio ang actress as ag friend.,"['Paolo', 'LJ', 'Reyes', 'mysterious', 'Paolo', 'a']","{'Paolo': ['palo', 'paulo', 'polo', 'aalo', 'alo'], 'LJ': ['j', 'l', 'la', 'le', 'll'], 'Reyes': ['eyes', 'aretes', 'ayes', 'beses', 'diyes'], 'mysterious': ['serious', 'esteros', 'isteriks', 'masterminds', 'masters'], 'a': ['ab', 'ad', 'ag', 'ah', 'ak']}",TP,FN
Niwala ang kalihim na sapat na ang tatlong linggo para matukoy kung nakatulong ba ang paghihigpit para mapigilan ang pagkalat ng COVOD-19.,Naniniwala ang kalihim na sapat na ang tatlong linggo para matukoy kung nakatulong ba ang paghihigpit para mapigilan ang pagkalat ng COVOD-19.,Naniniwala ang kalihim na sapat na ang tatlong linggo para matukoy kung nakatulong ba ang paghihigpit para mapigilan ang pagkalat ng COVOD-19.,[],{},TP,TP
Marami ang humanga kay Barbie Imperial nang mag-viral ang isang video niya while she was campaigning a partylist.,Marami ang humanga kay Barbie Imperial nang mag-viral ang isang video niya while she was campaigning a partylist.,Marami ang humanga kay Barbie impormal nang mag-viral ang isang video niya while she was campaigning ag partylist.,"['Imperial', 'a']","{'Imperial': ['imperyal', 'impartial', 'impormal', 'aerial', 'dispersal'], 'a': ['ab', 'ad', 'ag', 'ah', 'ak']}",FP,FP
"Base sa imbestigasyon ng mga-awtoridad, iniwasan ng truck ang isang motorsiklong lumipat sa kanilang lane.","Base sa imbestigasyon ng mga awtoridad, iniwasan ng truck ang isang motorsiklong lumipat sa kanilang lane.","Base sa imbestigasyon ng mga-awtoridad, iniwasan ng truck ang isang motorsiklong lumipat sa kanilang lane.",[],{},FN,FN
"Sinabi ni Vergeire, kapwa naman magaling na sa sakit ang mga pasyente at isa sa mga ito ang partially vaccinated habang hindi naman bakunado ang isa pa.","Sinabi ni Vergeire, kapwa naman magaling na sa sakit ang mga pasyente at isa sa mga ito ang partially vaccinated habang hindi naman bakunado ang isa pa.","Sinabi ni Vergeire, kapwa naman magaling na sa sakit ang mga pasyente at isa sa mga ito ang partially vaccinated habang hindi naman bakunado ang isa pa.",[],{},TN,TN
"Iniyakan niya yun ng todo, pero kailangang mas mahalin niya ang sarili niya.","Iniyakan niya yun nang todo, pero kailangang mas mahalin niya ang sarili niya.","Iniyakan niya yun ng todo, pero kailangang mas mahalin niya ang sarili niya.",[],{},FN,FN
"Duty jail officer ng mga oras na iyon si JO1 Rachel C Bergado, ngDasmari?ñas BJMP at nang kapkapan nito ang suspek ay nadiskubre ang nakasingit na isang maliit na plastic sachet ng shabu sa isang bahagi ng katawan nito sanhi ng kanyang pagkakaaresto.","Duty jail officer ng mga oras na iyon si JO1 Rachel C Bergado, ngDasmari?ñas BJMP at nang kapkapan nito ang suspek ay nadiskubre ang nakasingit na isang maliit na plastic sachet ng shabu sa isang bahagi ng katawan nito sanhi ng kanyang pagkakaaresto.","Duty jail officer ng mga oras na iyon si aon caches C burdado, gayari?has beep at nang kapkapan nito ang suspek ay nadeskubre ang nakasingit na isang maliit na plastic sachet ng shabu sa isang bahagi ng katawan nito sanhi ng kanyang pagkakaaresto.","['JO1', 'Rachel', 'Bergado', 'ngDasmari', 'ñas', 'BJMP', 'nariskubre']","{'JO1': ['job', 'ao', 'aon', 'bo', 'bog'], 'Rachel': ['ache', 'cache', 'caches', 'kahel', 'race'], 'Bergado': ['barado', 'burado', 'burdado', 'kargado', 'merkado'], 'ngDasmari': ['basmati', 'gasmask', 'gayari', 'gramar', 'grammar'], 'ñas': ['as', 'gas', 'has', 'kas', 'mas'], 'BJMP': ['bami', 'bbm', 'beep', 'bimpo', 'blip'], 'nariskubre': ['nadiskubre', 'madiskubre', 'nadeskubre', 'nadikubre', 'nadiskubri']}",FP,FP
Nakatulong rin siya sa ilan niyang kababayang nangangailangan.,Nakatulong din siya sa ilan niyang kababayang nangangailangan.,Nakatulong din siya sa ilan niyang kababayang nangangailangan.,[],{},TP,TP
Sayang ang maganda niyang career na sinimulan sa Pilipinas na parang kasisira niya dahil lang sa Hollywood dream.,Sayang ang maganda niyang career na sinimulan sa Pilipinas na parang sinira niya dahil lang sa Hollywood dream.,Sayang ang maganda niyang career na sinimulan sa Pilipinas na parang ikasisiya niya dahil lang sa hollow dream.,"['kasisira', 'Hollywood']","{'kasisira': ['masisira', 'nasisira', 'ikasisiya', 'kabisera', 'kasisikan'], 'Hollywood': ['plywood', 'followed', 'hollow', 'honeymoon', 'allowed']}",TP,FN
"Kaya kahit nasa top of the world na siya ngayon, e, marami pa rin siyang hanash, nagiging nega tuloy siya, dahil negative thoughts ang nasa puso niya.","Kaya kahit nasa top of the world na siya ngayon, e, marami pa rin siyang hanash, nagiging nega tuloy siya, dahil negative thoughts ang nasa puso niya.","Kaya kahit nasa top of the world na siya ngayon, e, marami pa rin siyang danas, nagiging nega tuloy siya, dahil negative thoughts ang nasa puso niya.",['hanash'],"{'hanash': ['anas', 'banas', 'danas', 'habas', 'halas']}",FP,FP
"Gayunman, nilinaw ni Remulla na inimbitahan niya si Dr. Morris Tidball-Binz, isa rin forensic pathologist, bilang bahagi ng ??capacity building? sa ilalim ng United Nations Joint Programme.","Gayunman, nilinaw ni Remulla na inimbitahan niya si Dr. Morris Tidball-Binz, isa rin forensic pathologist, bilang bahagi ng ??capacity building? sa ilalim ng United Nations Joint Programme.","Gayunman, nilinaw ni Remulla na inimbitahan niya si da. moras eyeball-bine, isa rin forensic pathologist, bilang bahagi ng ??capacity building? sa ilalim ng United Nations Joint Programme.","['Dr', 'Morris', 'Tidball', 'Binz']","{'Dr': ['ar', 'd', 'da', 'de', 'der'], 'Morris': ['matris', 'morals', 'moras', 'aktris', 'amores'], 'Tidball': ['ball', 'didal', 'eyeball', 'gimbal', 'ideal'], 'Binz': ['bin', 'bina', 'bine', 'bing', 'bini']}",FP,FP
Tiniyak rin ni Marcos na masisiyahan ang mga bata na magpupunta sa Palasyo dahil sa malaking Christmas tree at sa inihanda nilang pagkain.,Tiniyak din ni Marcos na masisiyahan ang mga bata na magpupunta sa Palasyo dahil sa malaking Christmas tree at sa inihanda nilang pagkain.,Tiniyak din ni Marcos na masisiyahan ang mga bata na magpupunta sa Palasyo dahil sa malaking Christmas tree at sa inihanda nilang pagkain.,[],{},TP,TP
Puspusan na ang paghahanda ng lahat para sa planong pagbubukas ng liga sa susunod na buwan.,Puspusan na ang paghahanda ng lahat para sa planong pagbubukas ng liga sa susunod na buwan.,Puspusan na ang paghahanda ng lahat para sa planong pagbubukas ng liga sa susunod na buwan.,[],{},TN,TN
Itinakda rin nila ang parade ng mga pelikula at mga artista kung bisperas ng Pasko.,Itinakda rin nila ang parade ng mga pelikula at mga artista kung bisperas ng Pasko.,Itinakda rin nila ang parade ng mga pelikula at mga artista kung bisperas ng Pasko.,[],{},TN,TN
Nagposte ang 7-foot-2 na si Sotto ng mga ave-rages na 7.6.,Nagposte ang 7-foot-2 na si Sotto ng mga ave-rages na 7.6.,Nagposte ang d-foot-d na si boto ng mga ale-pages na d.d.,"['7', '2', 'Sotto', 'ave', 'rages', '7', '6']","{'7': ['b', 'c', 'd', 'e', 'f'], '2': ['b', 'c', 'd', 'e', 'f'], 'Sotto': ['lotto', 'motto', 'boto', 'bottom', 'ditto'], 'ave': ['ace', 'age', 'ale', 'are', 'ate'], 'rages': ['ages', 'cages', 'pages', 'rage', 'ranges'], '6': ['b', 'c', 'd', 'e', 'f']}",FP,FP
"Wala nang mas higit pa rito, wala nang mas hihigit pa rito sa ginagawa mo.","Wala nang mas higit pa rito, wala nang mas hihigit pa rito sa ginagawa mo.","Wala nang mas higit pa rito, wala nang mas hihigit pa rito sa ginagawa mo.",[],{},TN,TN
"Dahil dito, maaari na din aniyang magtungo ang mga ito sa mga simbahan upang pisikal nang dumalo sa mga banal na misa.","Dahil dito, maaari na rin aniyang magtungo ang mga ito sa mga simbahan upang pisikal nang dumalo sa mga banal na misa.","Dahil dito, maaari na rin aniyang magtungo ang mga ito sa mga simbahan upang pisikal nang dumalo sa mga banal na misa.",[],{},TP,TP
"May ilan namang minabuti nilang hihindian na lang panoorin, at nilagpasan na nila ito sa sampung pelikulang napapanood sa Upstream.ph.","May ilan namang minabuti nilang hindi na lang panoorin, at nilagpasan na nila ito sa sampung pelikulang napapanood sa Upstream.ph.","May ilan namang minabuti nilang hindi na lang panoorin, at nilagpasan na nila ito sa sampung pelikulang napapanood sa Upstream.ph.","['hihindian', 'Upstream']","{'hihindian': ['hihingian', 'hihinaan', 'hihinawan', 'hihinayan', 'hihingan'], 'Upstream': ['stream', 'steam', 'streak', 'uniteam', 'uptrend']}",TP,TP
"Sugatan si Barangay Kagawad Jonathan Santoalla ng Barangay Banadero, Polilio, Quezon nang mahulog habang kinukumpini ang bubong ng kanilang bahay bilang paghahanda sa bagyo nang madulas ito at mahulog Omar Padilla, Tony Sandoval.","Sugatan si Barangay Kagawad Jonathan Santoalla ng Barangay Banadero, Polilio, Quezon nang mahulog habang kinukumpini ang bubong ng kanilang bahay bilang paghahanda sa bagyo nang madulas ito at mahulog Omar Padilla, Tony Sandoval.","Sugatan si Barangay Kagawad botahan iantala ng Barangay ganadero, polilya, Quezon nang mahulog habang kinukuping ang bubong ng kanilang bahay bilang paghahanda sa bagyo nang marulas ito at mahulog amak barilya, tone Sandoval.","['Jonathan', 'Santoalla', 'Banadero', 'Polilio', 'kinukumpini', 'Omar', 'Parilla', 'Tony']","{'Jonathan': ['banatan', 'binataan', 'botahan', 'dinalhan', 'dinatnan'], 'Santoalla': ['aantala', 'antala', 'iantala', 'pantalya', 'sansala'], 'Banadero': ['banyadero', 'baradero', 'ganadero', 'panadero', 'babaero'], 'Polilio': ['bolilyo', 'paliligo', 'polilya', 'polio', 'polisia'], 'kinukumpini': ['kinukumpuni', 'kinukumbinsi', 'kinukuping', 'kinukulting', 'kinukumbensi'], 'Omar': ['ama', 'amag', 'amak', 'amas', 'amir'], 'Parilla': ['parilya', 'barill', 'barilya', 'kabilla', 'pabigla'], 'Tony': ['mony', 'ton', 'tone', 'tong', 'tono']}",FP,FP
"Aminado siyang naging maingat naman siya, pero baka rin talaga daw sa pagod.","Aminado siyang naging maingat naman siya, pero baka rin talaga raw sa pagod.","Aminado siyang naging maingat naman siya, pero baka rin talaga raw sa pagod.",[],{},TP,TP
"Batay sa resulta ng mga pagaaral, nahuhuli ang mga mag-aaral na Pilipino kung ihahambing sa mga mag-aaral ng ibang bansa.","Batay sa resulta ng mga pag-aaral, nahuhuli ang mga mag-aaral na Pilipino kung ihahambing sa mga mag-aaral ng ibang bansa.","Batay sa resulta ng mga ipangaaral, nahuhuli ang mga mag-aaral na Pilipino kung ihahambing sa mga mag-aaral ng ibang bansa.",['pagaaral'],"{'pagaaral': ['palaaral', 'aaaral', 'ipangaaral', 'magpaaral', 'nagpaaral']}",TP,FN
"In fairness, mukhang sinuswerte nga si Ricci ngayong 2022 dahil bukod sa inaasam na kampeonato sa UAAP, bonggang-bongga din ang kanyang lovelife sa piling ng girlfriend na si Andrea Brillantes.","In fairness, mukhang sinuswerte nga si Ricci ngayong 2022 dahil bukod sa inaasam na kampeonato sa UAAP, bonggang-bongga rin ang kanyang lovelife sa piling ng girlfriend na si Andrea Brillantes.","In fairness, mukhang kinumberte nga si rick ngayong aag dahil bukod sa inaasam na kampeonato sa aag, bangbang-bongga rin ang kanyang novelist sa piling ng girlfriend na si andana brilyanteng.","['sinuswerte', 'Ricci', '2022', 'UAAP', 'bonggang', 'lovelife', 'Andrea', 'Brillantes']","{'sinuswerte': ['sinusuwerte', 'sinuwerte', 'kinumberte', 'sinserve', 'sinuspende'], 'Ricci': ['rice', 'rich', 'rick', 'ricky', 'rindi'], '2022': ['p25', 'aaba', 'aag', 'aako', 'aal'], 'UAAP': ['ulap', 'usap', 'aag', 'aagap', 'aakap'], 'bonggang': ['banggang', 'bangang', 'bangbang', 'banggaang', 'banggaing'], 'lovelife': ['lifeline', 'localize', 'novelist', 'baseline', 'cohesive'], 'Andrea': ['andres', 'adres', 'andana', 'anden', 'anduka'], 'Brillantes': ['brilyante', 'brilliant', 'brilyanteng', 'balances', 'bihilante']}",TP,FN
Maganda pa din ang mukha at masigla pa rin ang kilos.,Maganda pa rin ang mukha at masigla pa rin ang kilos.,Maganda pa rin ang mukha at masigla pa rin ang kilos.,[],{},TP,TP
"Ayon sa narinig kong usapan, nagustuhan raw kasi nitong i-produce siya ng live show ng AllTV kaso wala raw sa immediate plans ng network ang mag-produce lalo na nga at pinalalakas pa nila ang signal ng kanilang network.","Ayon sa narinig kong usapan, gusto raw kasi nitong i-produce siya ng live show ng AllTV kaso wala raw sa immediate plans ng network ang mag-produce lalo na nga at pinalalakas pa nila ang signal ng kanilang network.","Ayon sa narinig kong usapan, nagustuhan daw kasi nitong i-produce siya ng live show ng all kaso wala raw sa immediate plans ng network ang mag-produce lalo na nga at pinalalakas pa nila ang signal ng kanilang network.",['AllTV'],"{'AllTV': ['alat', 'alit', 'all', 'allow', 'ally']}",TP,FN
"In fairness, ngayon pa lang ay maingay na ang show na yon na mapupuno daw ng Kapamilya stars and singers.","In fairness, ngayon pa lang ay maingay na ang show na yon na mapupuno raw ng Kapamilya stars and singers.","In fairness, ngayon pa lang ay maingay na ang show na yon na mapupuno raw ng Kapamilya stars and singers.",[],{},TP,TP
"Naging posible ang pag-track ng Wi-Peep dahil sa ""polite Wi-Fi"" o ang awtomatikong pag-respond ng devices devices sa tangkang pag-connect sa mga ito kahit na protektado ito ng password.","Naging posible ang pag-track ng Wi-Peep dahil sa ""polite Wi-Fi"" o ang awtomatikong pag-respond ng devices sa tangkang pag-connect sa mga ito kahit na protektado ito ng password.","Naging posible ang pag-track ng Wi-jeep dahil sa ""elite Wi-Fi"" o ang awtomatikong pag-respond ng devices devices sa tangkang pag-connect sa mga ito kahit na protektado ito ng password.","['Peep', 'polite']","{'Peep': ['beep', 'deep', 'jeep', 'keep', 'peer'], 'polite': ['police', 'balite', 'elite', 'komite', 'lite']}",TP,FN
"Mensahe naman ni Vice Ganda, Sobrang sincere lang nun, na nawalan siya ng pag-asa, kasi it happens.","Mensahe naman ni Vice Ganda, Sobrang sincere lang nun, na nawalan siya ng pag-asa, kasi it happens.","Mensahe naman ni Vice Ganda, Sobrang iniere lang gun, na nawalan siya ng pag-asa, kasi it haspeng.","['sincere', 'nun', 'happens']","{'sincere': ['ineere', 'inere', 'iniere', 'since', 'sincerely'], 'nun': ['dun', 'fun', 'gun', 'kun', 'mun'], 'happens': ['happen', 'happened', 'haspeng', 'havens', 'aliens']}",FP,FP
Ano nga nga bang kondisyon mayroon si Melvin at bakit paulit-ulit siyang nagnanakaw ng bra at panty.,Ano nga bang kondisyon mayroon si Melvin at bakit paulit-ulit siyang nagnanakaw ng bra at panty.,Ano nga nga bang kondisyon mayroon si Melvin at bakit paulit-ulit siyang nagnanakaw ng bra at panty.,[],{},FN,FN
"Oras na gawin na raw niya ito, posibleng mawala muna siya sa mundo ng showbiz ng ilang buwan.","Oras na gawin na raw niya ito, posibleng mawala muna siya sa mundo ng showbiz ng ilang buwan.","Oras na gawin na raw niya ito, posibleng mawala muna siya sa mundo ng showbiz ng ilang buwan.",[],{},TN,TN
Ginagawa ko ito para sa aking sarili at para matulungan ako yakapin yung mga mali sa akin.,Ginagawa ko ito para sa aking sarili at para matulungan ako yakapin yung mga mali sa akin.,Ginagawa ko ito para sa aking sarili at para matulungan ako yakapin yung mga mali sa akin.,[],{},TN,TN
Handa naman daw ang kanilang kampo at mga volunteer lawyers na tumulong oras na i-red tag at iharas ang kanilang mga tagasuporta.,Handa naman daw ang kanilang kampo at mga volunteer lawyers na tumulong oras na i-red tag at iharas ang kanilang mga tagasuporta.,Handa naman daw ang kanilang kampo at mga volunteer lawyers na tumulong oras na i-red tag at iharas ang kanilang mga tagasuporta.,[],{},TN,TN
"Sa kabuuan ay nasa 2,781 na ang kumpirmadong kaso ng lungsod-makaraang madagdagan ng 4 na kaso habang nasa 2,444 naman ang total recoveries kabilang ang gumaling na 28 pasyente.","Sa kabuuan ay nasa 2,781 na ang kumpirmadong kaso ng lungsod makaraang madagdagan ng 4 na kaso habang nasa 2,444 naman ang total recoveries kabilang ang gumaling na 28 pasyente.","Sa kabuuan ay nasa d,aam na ang kumpirmadong kaso ng lungsod-makaraang maragdagan ng d na kaso habang nasa d,aam naman ang total recoveries kabilang ang gumaling na ag pasyente.","['2', '781', '4', '2', '444', '28']","{'2': ['b', 'c', 'd', 'e', 'f'], '781': ['aag', 'aal', 'aam', 'aat', 'aaw'], '4': ['b', 'c', 'd', 'e', 'f'], '444': ['aag', 'aal', 'aam', 'aat', 'aaw'], '28': ['ab', 'ad', 'ag', 'ah', 'ak']}",TP,FN
Kinakailangan lamang aniya ng mga estudyante na ipakita ang kanilang school ID at orihinal na enrollment form sa passenger assistance booth upang mabigyan sila ng single journey ticket para sa libreng sakay.,Kinakailangan lamang aniya ng mga estudyante na ipakita ang kanilang school ID at orihinal na enrollment form sa passenger assistance booth upang mabigyan sila ng single journey ticket para sa libreng sakay.,Kinakailangan lamang aniya ng mga estudyante na ipakita ang kanilang school ID at orihinal na enrollment form sa passenger assistance booth upang mabigyan sila ng single journey ticket para sa libreng sakay.,[],{},TN,TN
"Yung buong taping namin one day, wala silang gumagawa kundi turuan lang ako kung paano magbilyar, patuloy niya.","Yung buong taping namin one day, wala silang ginawa kundi turuan lang ako kung paano magbilyar, patuloy niya.","Yung buong taping namin one day, wala silang gumagawa kundi turuan lang ako kung paano magbilyar, patuloy niya.",[],{},FN,FN
Humingi ng paumanhin ang pamunuan ng San-En sa naging asal ni Ravena.,Humingi ng paumanhin ang pamunuan ng San-En sa naging asal ni Ravena.,Humingi ng paumanhin ang pamunuan ng San-En sa naging asal ni haven.,['Ravena'],"{'Ravena': ['arena', 'barena', 'haven', 'havens', 'kadena']}",FP,FP
Umaasa si Nograles na mawawala na ang COVID at balik na sa normal ang lahat.,Umaasa si Nograles na mawawala na ang COVID at magbabalik na sa normal ang lahat.,Umaasa si corals na mawawala na ang COVID at balik na sa normal ang lahat.,['Nograles'],"{'Nograles': ['korales', 'comrades', 'corals', 'degrades', 'goggles']}",TP,FN
"Una rito, sinabi umano ni Rommel na bandang alas-10 ng umaga ng magising siya ay nakitang nakatulog sa bath tub ang biktima kaya kinumutan ito at saka siya bumalik sa pagtulog.","Una rito, sinabi umano ni Rommel na bandang alas-10 ng umaga nang magising siya ay nakitang nakatulog sa bath tub ang biktima kaya kinumutan ito at saka siya bumalik sa pagtulog.","Una rito, sinabi umano ni Rommel na bandang alas-10 ng umaga nang magising siya ay nakitang nakatulog sa bath tub ang biktima kaya kinumutan ito at saka siya bumalik sa pagtulog.",[],{},TP,TP
Ipapakilala rin daw bilang albularyo ang suspek at isa sa mga nagamot nito ay ang mga magulang ng mga biktima.,Kilala rin daw bilang albularyo ang suspek at isa sa mga nagamot nito ay ang mga magulang ng mga biktima.,Ipapakilala rin daw bilang albularyo ang suspek at isa sa mga nagamot nito ay ang mga magulang ng mga biktima.,[],{},FN,FN
Ipinagtanggol din ni Roque ang Pangulo sa kanyang banta na ipapakulong ang mga ayaw magpabakuna dahil mayroon aniyang “police power” ang gobyerno para maprotektahan ang kaligtasan ng lahat.,Ipinagtanggol din ni Roque ang Pangulo sa kanyang banta na ipapakulong ang mga ayaw magpabakuna dahil mayroon aniyang “police power” ang gobyerno para maprotektahan ang kaligtasan ng lahat.,Ipinagtanggol din ni Roque ang Pangulo sa kanyang banta na ipapakulong ang mga ayaw magpabakuna dahil mayroon aniyang “police power” ang gobyerno para maprotektahan ang kaligtasan ng lahat.,[],{},TN,TN
Pero dapat ay handa daw silang dalawa sa bagong chapter na papasukin ng kanilang buhay.,Pero dapat ay handa raw silang dalawa sa bagong chapter na papasukin ng kanilang buhay.,Pero dapat ay handa raw silang dalawa sa bagong chapter na papasukin ng kanilang buhay.,[],{},TP,TP
Naghihintay na lang umano ito ng karagdagang suplay ng langis at clearance sa paglalayag nang abutan ng malaking alon alon.,Naghihintay na lang umano ito ng karagdagang suplay ng langis at clearance sa paglalayag nang abutan ng malaking alon.,Naghihintay na lang umano ito ng karagdagang suplay ng langis at clearance sa paglalayag nang abutan ng malaking alon alon.,[],{},FN,FN
"Sa kuwento ng sugatang si Nadya sa mga pulis, dakong alas-10 ng gabi kasama ang nakababatang kapatid na si Joel ay natutulog na sila sa kanilang kuwarto nang magising dahil sa malakas na palahaw ng kanilang nanay.","Sa kuwento ng sugatang si Nadya sa mga pulis, dakong alas-10 ng gabi kasama ang nakababatang kapatid na si Joel ay natutulog na sila sa kanilang kuwarto nang magising dahil sa malakas na palahaw ng kanilang nanay.","Sa kuwento ng sugatang si nara sa mga pulis, dakong alas-ag ng gabi kasama ang nakababatang kapatid na si coal ay natutulog na sila sa kanilang kuwarto nang magising dahil sa malakas na palahaw ng kanilang nanay.","['Narya', '10', 'Joel']","{'Narya': ['arya', 'barya', 'nara', 'narra', 'aadya'], '10': ['ab', 'ad', 'ag', 'ah', 'ak'], 'Joel': ['bowel', 'bowl', 'coal', 'coil', 'col']}",FP,FP
Naipaalam na daw nila ito sa mga awtoridad.,Naipaalam na raw nila ito sa mga awtoridad.,Naipaalam na raw nila ito sa mga awtoridad.,[],{},TP,TP
Sa ngayon aniya ay nangangailangan ng tulong ang maraming sektor para makabangon at maipagpatuloy ang kanilang normal na aktibidad.,Sa ngayon aniya ay nangangailangan ng tulong ang maraming sektor para makabangon at maipagpatuloy ang kanilang normal na aktibidad.,Sa ngayon aniya ay nangangailangan ng tulong ang maraming sektor para makabangon at maipagpatuloy ang kanilang normal na aktibidad.,[],{},TN,TN
Sa tingin daw niya ay malaki ang magagawa ng pagiging MMA expert niya sa pagsali niya sa Mister Supranational 2021.,Sa tingin daw niya ay malaki ang magagawa ng pagiging MMA expert niya sa pagsali niya sa Mister Supranational 2021.,Sa tingin daw niya ay malaki ang magagawa ng pagiging ma expert niya sa pagsali niya sa Mister Supranational aag.,"['MMA', '2021']","{'MMA': ['ama', 'ima', 'ma', 'maa', 'mama'], '2021': ['p25', 'aaba', 'aag', 'aako', 'aal']}",FP,FP
"Matapos na mapuruhan ang kapitana, mabilis na tumakas ang suspek gamit ang motorsiklo na dala ng isang naghihintay na kasabwat.","Matapos na mapuruhan ang kapitana, mabilis na tumakas ang suspek gamit ang motorsiklo na dala ng isang naghihintay na kasabwat.","Matapos na mapuruhan ang kapitana, mabilis na tumakas ang suspek gamit ang motorsiklo na dala ng isang naghihintay na kasabwat.",[],{},TN,TN
"Sa ulat ng GMA 24 Oras Weekend nitong Linggo, makikita sa nag-viral na video ang pag-angat ng kamay ng bata na nasa loob ng delivery box na nasa likod ng motorsiklo.","Sa ulat ng GMA 24 Oras Weekend nitong Linggo, makikita sa nag-viral na video ang pag-angat ng kamay ng bata na nasa loob ng delivery box na nasa likod ng motorsiklo.","Sa ulat ng gia ag Oras Weekend nitong Linggo, makikita sa nag-viral na video ang pag-angat ng kamay ng bata na nasa loob ng delivery box na nasa likod ng motorsiklo.","['GMA', '24']","{'GMA': ['ama', 'ga', 'gia', 'goma', 'gra'], '24': ['ab', 'ad', 'ag', 'ah', 'ak']}",FP,FP
Nakasaad naman sa panukala na maaaring payagan ang mga kawani ng DepEd na ituloy ang kanilang serbisyo hanggang sa umabot ang kanilang edad sa 65 kung siya ay may 15 taon nang serbisyo sa departamento.,Nakasaad naman sa panukala na maaaring payagan ang mga kawani ng DepEd na ituloy ang kanilang serbisyo hanggang sa umabot ang kanilang edad sa 65 kung siya ay may 15 taon nang serbisyo sa departamento.,Nakasaad naman sa panukala na maaaring payagan ang mga kawani ng DepEd na ituloy ang kanilang serbisyo hanggang sa umabot ang kanilang edad sa ag kung siya ay may ag taon nang serbisyo sa departamento.,"['65', '15']","{'65': ['ab', 'ad', 'ag', 'ah', 'ak'], '15': ['ab', 'ad', 'ag', 'ah', 'ak']}",FP,FP
Nabatid na kasalukuyang abala ang mag-asawa kasama ang kanilang anak na lalaki sa paghahanap ng ginto sa may river bank nang biglang gumuho ang bundok hanggang sa mabagsakan sila ng mga lupa at bato mula sa itaas.,Nabatid na kasalukuyang abala ang mag-asawa kasama ang kanilang anak na lalaki sa paghahanap ng ginto sa may river bank nang biglang gumuho ang bundok hanggang sa mabagsakan sila ng mga lupa at bato mula sa itaas.,Nabatid na kasalukuyang abala ang mag-asawa kasama ang kanilang anak na lalaki sa paghahanap ng ginto sa may river bank nang biglang gumuho ang bundok hanggang sa mabagsakan sila ng mga lupa at bato mula sa itaas.,[],{},TN,TN
"Bagamat hindi mandatory ang vaccination laban sa COVID-19 at hindi pwedeng pilitin ang mga tao, hikayatin pa rin natin ang mga hindi pa bakunado na magpabakuna na dahil maiiwasan natin ang malubhang sakit o maging kamatayan dahil sa COVID-19.","Bagamat hindi mandatory ang vaccination laban sa COVID-19 at hindi pwedeng pilitin ang mga tao, hikayatin pa rin natin ang mga hindi pa bakunado na magpabakuna na dahil maiiwasan natin ang malubhang sakit o maging kamatayan dahil sa COVID-19.","Bagamat hindi mandatory ang vaccination laban sa COVID-ag at hindi pwedeng pilitin ang mga tao, hikayatin pa rin natin ang mga hindi pa bakunado na magpabakuna na dahil maiiwasan natin ang malubhang sakit o maging kamatayan dahil sa COVID-ag.","['19', '19']","{'19': ['ab', 'ad', 'ag', 'ah', 'ak']}",FP,FP
"Sa kabila niyan, pagbabawalan din ang pananakot (direkta man o hindi) habang isinasagawa habang ine exercise ang kanilang mga karapatan.","Sa kabila niyan, pagbabawalan din ang pananakot (direkta man o hindi) habang isinasagawa habang ine-exercise ang kanilang mga karapatan.","Sa kabila niyan, pagbabawalan din ang pananakot (direkta man o hindi) habang isinasagawa habang ine exercise ang kanilang mga karapatan.",[],{},FN,FN
"Dinala na ang mga biktima sa bayan ng Atimonan, Quezon.","Dinala na ang mga biktima sa bayan ng Atimonan, Quezon.","Dinala na ang mga biktima sa bayan ng animong, Quezon.",['Atimonan'],"{'Atimonan': ['agimatan', 'aksyonan', 'animong', 'antimony', 'asiman']}",FP,FP
Aminado ang aktor na talagang mahirap na pagsabay sabayin ang lahat ng kanyang mga ginagawa.,Aminado ang aktor na talagang mahirap na pagsabay-sabayin ang lahat ng kanyang mga ginagawa.,Aminado ang aktor na talagang mahirap na pagsabay sabayin ang lahat ng kanyang mga ginagawa.,[],{},FN,FN
Nais nais ng biktima na mahuli ang kasambahay para mapanagot sa ginawa at hindi na makapambiktima ng iba.,Nais ng biktima na mahuli ang kasambahay para mapanagot sa ginawa at hindi na makapambiktima ng iba.,Nais nais ng biktima na mahuli ang kasambahay para mapanagot sa ginawa at hindi na makapambiktima ng iba.,[],{},FN,FN
At isa sa mga talagang maraming napa react ay nang diretsahan sabihin ng mister na pulitiko na tantanan na nito ang sobrang kaka-shopping.,At isa sa mga talagang maraming napa-react ay nang diretsahan sabihin ng mister na pulitiko na tantanan na nito ang sobrang kaka-shopping.,At isa sa mga talagang maraming napa react ay nang diretsahan sabihin ng mister na pulitiko na tantanan na nito ang sobrang kaka-shopping.,[],{},FN,FN
Nagpasalamat rin ang hepe ng kongreso sa mga kasamahan sa pagpasa ng mga panukalang batas na kailangang-kailangan ng bansa lalo na ang national budget.,Nagpasalamat din ang hepe ng kongreso sa mga kasamahan sa pagpasa ng mga panukalang batas na kailangang-kailangan ng bansa lalo na ang national budget.,Nagpasalamat din ang hepe ng kongreso sa mga kasamahan sa pagpasa ng mga panukalang batas na kailangang-kailangan ng bansa lalo na ang national budget.,[],{},TP,TP
"Sa pagtaya ng mga awtoridad, aabutin sa humigit-kumulang sa P100,000 ang halaga ng mga ari-ariang tinupok ng apoy.","Sa pagtaya ng mga awtoridad, aabot sa humigit-kumulang sa P100,000 ang halaga ng mga ari-ariang tinupok ng apoy.","Sa pagtaya ng mga awtoridad, aabutin sa humigit-kumulang sa p3,aam ang halaga ng mga ari-ariang tinupok ng apoy.","['P100', '000']","{'P100': ['p', 'p25', 'p3', 'p57', 'p75'], '000': ['aag', 'aal', 'aam', 'aat', 'aaw']}",TP,FN
"May average na 470,000 sinakyan na ang bumibiyahe ngayon sa EDSA kada araw at inaasahan pang tataas habang papalapit ang Pasko at Bagong Taon, ayon sa Metropolitan Manila Development Authority.","May average na 470,000 sasakyan na ang bumibiyahe ngayon sa EDSA kada araw at inaasahan pang tataas habang papalapit ang Pasko at Bagong Taon, ayon sa Metropolitan Manila Development Authority.","May average na 470,000 sasakyan na ang bumibiyahe ngayon sa EDSA kada araw at inaasahan pang tataas habang papalapit ang Pasko at Bagong Taon, ayon sa Metropolitan Manila Development Authority.",[],{},TP,TP
Nagma-'mine' lang rin po ako sa ibang mga nagla-live selling.,Nagma-'mine' lang din po ako sa ibang mga nagla-live selling.,Nagma-'mine' lang din po ako sa ibang mga nagla-live selling.,[],{},TP,TP
Ang mga naturang impormasyon laban sa anim na ka tao ay nakatakda nang ihain sa Manila Regional Trial Court.,Ang mga naturang impormasyon laban sa anim na katao ay nakatakda nang ihain sa Manila Regional Trial Court.,Ang mga naturang impormasyon laban sa anim na ka tao ay nakatakda nang ihain sa Manila Regional Trial Court.,[],{},FN,FN
"Sa ngayon, wala pang solusyon para mapuksa ang mga atangya dahil hindi din sila basta-basta tinatablan ng insecticide.","Sa ngayon, wala pang solusyon para mapuksa ang mga atangya dahil hindi rin sila basta-basta tinatablan ng insecticide.","Sa ngayon, wala pang solusyon para mapuksa ang mga atangya dahil hindi rin sila basta-basta tinatablan ng insecticide.",[],{},TP,TP
"So para sa akin malaking bagay din talaga siya, sabi ni Barbie.","So para sa akin malaking bagay rin talaga siya, sabi ni Barbie.","So para sa akin malaking bagay rin talaga siya, sabi ni Barbie.",[],{},TP,TP
"Talagang may chance pa rin na kahit may bakuna sila, maaari pa rin silang makakuha at magtago ng rabies virus sa loob ng katawan nila, paliwanag niya.","Talagang may chance pa rin na kahit may bakuna sila, maaari pa rin silang makakuha at magtago ng rabies virus sa loob ng katawan nila, paliwanag niya.","Talagang may chance pa rin na kahit may bakuna sila, maaari pa rin silang makakuha at magtago ng rabies virus sa loob ng katawan nila, paliwanag niya.",[],{},TN,TN
Bukod pa ito kay Jericho Rosales na diumanoy nakikipag-negotiate na rin sa dating kalabang network ng ABS-CBN.,Bukod pa ito kay Jericho Rosales na diumanoy nakikipag-negotiate na rin sa dating kalabang network ng ABS-CBN.,Bukod pa ito kay medico ohales na diumanoy nakikipag-negotiate na rin sa dating kalabang network ng abf-ab.,"['Jericho', 'Rosales', 'ABS', 'CBN']","{'Jericho': ['derecho', 'delicto', 'medico', 'merito', 'rich'], 'Rosales': ['dosages', 'korales', 'ohales', 'roles', 'rosacea'], 'ABS': ['ab', 'aba', 'abf', 'abo', 'ads'], 'CBN': ['can', 'con', 'ab', 'aba', 'aban']}",FP,FP
Nakitaan raw ito ng lung infection na naging dahilan ng pag-fluctuate ng blood pressure nito.,Nakitaan daw ito ng lung infection na naging dahilan ng pag-fluctuate ng blood pressure nito.,Nakitaan daw ito ng lung infection na naging dahilan ng pag-fluctuate ng blood pressure nito.,[],{},TP,TP
"Dahil alam nating maraming isang kahig, isang tuka, hindi naman po pupwedeng magugutom sila nang tuluyan.","Dahil alam nating maraming isang kahig, isang tuka, hindi naman po pupwedeng magugutom sila nang tuluyan.","Dahil alam nating maraming isang kahig, isang tuka, hindi naman po pupwede magugutom sila nang tuluyan.",['pupwedeng'],"{'pupwedeng': ['pupuwedeng', 'puwedeng', 'pupwede', 'pwedeng', 'bupeteng']}",FP,FP
"Nilinaw naman ni Cayetano na sang-ayon siya na pagtuunan ang kapa-kanan ng mga boksinge ro subalit bakit sila lamang ang pinagtutuunan samantalang mayroon din mga atleta na nagkaka-physical injury rin sa basketball, volleyball at iba pang sports.","Nilinaw naman ni Cayetano na sang-ayon siya na pagtuunan ang kapa-kanan ng mga boksinge-ro subalit bakit sila lamang ang pinagtutuunan samantalang mayroon din mga atleta na nagkaka-physical injury rin sa basketball, volleyball at iba pang sports.","Nilinaw naman ni Cayetano na sang-ayon siya na pagtuunan ang kapa-kanan ng mga boksinge ro subalit bakit sila lamang ang pinagtutuunan samantalang mayroon din mga atleta na nagkaka-physical injury rin sa basketball, volleyball at iba pang sports.",[],{},FN,FN
"Sa ulat ni John Consulta sa GMA News ??24 Oras? nitong Biyernes, nagpasalamat sa mga awtoridad ang ina ni Princess na si Perlita Conde, sa mabilis na pagkakaaresto sa suspek na si Gaspar Maneja Jr.","Sa ulat ni John Consulta sa GMA News ??24 Oras? nitong Biyernes, nagpasalamat sa mga awtoridad ang ina ni Princess na si Perlita Conde, sa mabilis na pagkakaaresto sa suspek na si Gaspar Maneja Jr.","Sa ulat ni John consular sa gia News ??ag Oras? nitong Biyernes, nagpasalamat sa mga awtoridad ang ina ni prices na si Perlita condo, sa mabilis na pagkakaaresto sa suspek na si gampan maleta Jr.","['Consulta', 'GMA', '24', 'Princess', 'Conde', 'Gaspar', 'Maneja']","{'Consulta': ['konsulta', 'consul', 'consular', 'consulate', 'consultant'], 'GMA': ['ama', 'ga', 'gia', 'goma', 'gra'], '24': ['ab', 'ad', 'ag', 'ah', 'ak'], 'Princess': ['pricess', 'princes', 'prices', 'prinsesa', 'printers'], 'Conde': ['code', 'cond', 'condo', 'cone', 'confe'], 'Gaspar': ['aasar', 'basar', 'gampan', 'gapak', 'gapas'], 'Maneja': ['kanela', 'madeha', 'maleta', 'mamera', 'mana']}",FP,FP
"Unang-una, ang ating mga batas sa procurement, hindi sinunod.","Unang-una, ang ating mga batas sa procurement, hindi sinunod.","Unang-una, ang ating mga batas sa procurement, hindi sinunod.",[],{},TN,TN
Gagawin ito ng Perpetual kahit wala si star forward Kim Aurin na nagkaroon ng bulutong.,Ginawa ito ng Perpetual kahit wala si star forward Kim Aurin na nagkaroon ng bulutong.,Gagawin ito ng Perpetual kahit wala si star forward im azurin na nagkaroon ng bulutong.,"['Kim', 'Aurin']","{'Kim': ['dim', 'him', 'im', 'kam', 'kid'], 'Aurin': ['anurin', 'asurin', 'azurin', 'uurin', 'aakin']}",TP,FN
"Pero pong petsa kung kailan at kung papayag sila na mangunguna, dagdag ni Roque.","Pero wala pong petsa kung kailan at kung papayag sila na mangunguna, dagdag ni Roque.","Pero pong petsa kung kailan at kung papayag sila na mangunguna, dagdag ni Roque.",[],{},FN,FN
"Puwede rin umanong suriin ang mga ito sa-loob ng sasakyan ng mga pasyente, dagdag pa sa abiso.","Puwede rin umanong suriin ang mga ito sa loob ng sasakyan ng mga pasyente, dagdag pa sa abiso.","Puwede rin umanong suriin ang mga ito sa-loob ng sasakyan ng mga pasyente, dagdag pa sa abiso.",[],{},FN,FN
Maraming celebrities ang naririnig at nakikita kong tumutulong sa mga apektado ngayon ng pandemic.,Maraming celebrities ang naririnig at nakikita kong tumutulong sa mga apektado ngayon ng pandemic.,Maraming celebrities ang naririnig at nakikita kong tumutulong sa mga apektado ngayon ng pandemic.,[],{},TN,TN
Ang daming puwedeng gawin.,Ang daming puwedeng gawin.,Ang daming puwedeng gawin.,[],{},TN,TN
"Ito ay dahil sa akusasyon na nagkaroon umano ng dayaan sa eleksyon kaya papanagutin nila ang nagkasala, habang nangako naman ang mga military officials na ibabalik nila ang gobyerno sa mga residente kapag maayos na ang sitwasyon.","Ito ay dahil sa akusasyon na nagkaroon umano ng dayaan sa eleksyon kaya papanagutin nila ang nagkasala, habang nangako naman ang mga military officials na ibabalik nila ang gobyerno sa mga residente kapag maayos na ang sitwasyon.","Ito ay dahil sa akusasyon na nagkaroon umano ng dayaan sa eleksyon kaya papanagutin nila ang nagkasala, habang nangako naman ang mga military officials na ibabalik nila ang gobyerno sa mga residente kapag maayos na ang sitwasyon.",[],{},TN,TN
"Lumabas 'yung babae, 'yung special child.","Lumabas 'yung babae, 'yung special child.","Lumabas 'yung babae, 'yung special child.",[],{},TN,TN
"Makalipas ng ilang taon, bumalik si Analia sa pag-aaral.","Makalipas ng ilang taon, bumalik si Analia sa pag-aaral.","Makalipas ng ilang taon, bumalik si aala sa pag-aaral.",['Analia'],"{'Analia': ['analisa', 'aaalis', 'aala', 'aali', 'aalik']}",FP,FP
"Walang ideya ang aming source kung ano ang set-up, pero may ibang activities na raw si aktor na parang hihindi tumutugma sa isang taong may asawa.","Walang ideya ang aming source kung ano ang set-up, pero may ibang activities na raw si aktor na parang hindi tumutugma sa isang taong may asawa.","Walang arena ang aming source kung ano ang set-up, pero may ibang activities na raw si aktor na parang hihikbi tumutugma sa isang taong may asawa.","['ireya', 'hihindi']","{'ireya': ['ideya', 'area', 'arena', 'arya', 'bireta'], 'hihindi': ['hihingi', 'hihibi', 'hihikbi', 'hihina', 'hihinay']}",TP,FN
Pero limitado lamang ang imbitado bilang pagsunod sa safety protocol kasunod nang COVID-19 pandemic.,Pero limitado lamang ang imbitado bilang pagsunod sa safety protocol kasunod ng COVID-19 pandemic.,Pero limitado lamang ang imbitado bilang pagsunod sa safety protocol kasunod nang COVID-ag pandemic.,['19'],"{'19': ['ab', 'ad', 'ag', 'ah', 'ak']}",TP,FN
Diumano ay naibenta nito ang kanyang property ng dalawang beses.,Diumano ay naibenta nito ang kanyang property nang dalawang beses.,Diumano ay naibenta nito ang kanyang property ng dalawang beses.,[],{},FN,FN
Pansin din ng netizens na hindi na sila nakikitang magkasama sa mga post ni actress kasama ang anak.,Pansin din ng netizens na hindi na sila nakikitang magkasama sa mga post ni actress na kasama ang anak.,Pansin din ng netizens na hindi na sila nakikitang magkasama sa mga post ni actress kasama ang anak.,[],{},FN,FN
"Noong Linggo (Mayo 1), 1), nasungkit ni Lacson at tandem ang suporta ng malaÂ­laking public transport group tulad ng PaÂ­sang Masda, ACTO (Alliance of Concerned Transport Organizations), at iba pang mga samahan ng tsuper ng dyip na nag-organisa ng kanilang motorcade sa Metro Manila.","Noong Linggo (Mayo 1), nasungkit ni Lacson at tandem ang suporta ng malaÂ­laking public transport group tulad ng PaÂ­sang Masda, ACTO (Alliance of Concerned Transport Organizations), at iba pang mga samahan ng tsuper ng dyip na nag-organisa ng kanilang motorcade sa Metro Manila.","Noong Linggo (Mayo d), d), nasungkit ni ason at tandem ang suporta ng malas­laking public transport group tulad ng pad­sang masdan, actor (Alliance of Concerned Transport Organizations), at iba pang mga samahan ng tsuper ng dyip na nag-organisa ng kanilang motorcade sa Metro Manila.","['1', '1', 'Lacson', 'malaÂ', 'PaÂ', 'Masda', 'ACTO']","{'1': ['b', 'c', 'd', 'e', 'f'], 'Lacson': ['lason', 'arson', 'ason', 'kalson', 'labon'], 'malaÂ': ['mala', 'malak', 'malas', 'malat', 'malay'], 'PaÂ': ['pa', 'paa', 'pad', 'pag', 'pal'], 'Masda': ['mada', 'masa', 'masdan', 'maska', 'aakda'], 'ACTO': ['aato', 'act', 'actor', 'acts', 'adto']}",TP,FN
"Sa ulat ni Luisito Santos sa Super Radyo dzBB nitong Miyerkoles, kinilala ang suspek na si Patrolman Glen Angoluan, nakatalaga sa Laguna Police Provincial Mobile Force Company.","Sa ulat ni Luisito Santos sa Super Radyo dzBB nitong Miyerkoles, kinilala ang suspek na si Patrolman Glen Angoluan, nakatalaga sa Laguna Police Provincial Mobile Force Company.","Sa ulat ni lumilito tantos sa Super Radyo dzBB nitong mirekules, kinilala ang suspek na si Patrolman ale aaluan, nakatalaga sa Laguna Police Provincial Mobile Force Company.","['Luisito', 'Santos', 'Miyerkoles', 'Glen', 'Angoluan']","{'Luisito': ['lilito', 'listo', 'lumilito', 'lumito', 'alisto'], 'Santos': ['santo', 'santol', 'tantos', 'aantok', 'aantot'], 'Miyerkoles': ['miyerkules', 'Miyerkules', 'mirekules', 'biyernes', 'Biyernes'], 'Glen': ['gen', 'alan', 'ale', 'aleng', 'alex'], 'Angoluan': ['angalan', 'angilan', 'aaluan', 'aangalan', 'aangilan']}",FP,FP
Tuluy-tuloy lang ang a yuda ng ACT-CIS Partylist sa mga mahihirap at mga nangangailangan na mga kababayan.,Tuluy-tuloy lang ang ayuda ng ACT-CIS Partylist sa mga mahihirap at mga nangangailangan na mga kababayan.,Tuluy-tuloy lang ang ag yuta ng ACT-cms Partylist sa mga mahihirap at mga nangangailangan na mga kababayan.,"['a', 'yuda', 'CIS']","{'a': ['ab', 'ad', 'ag', 'ah', 'ak'], 'yuda': ['ayuda', 'duda', 'yuta', 'aayuda', 'ada'], 'CIS': ['ces', 'cio', 'cms', 'cos', 'dis']}",TP,FN
Pero okay naman raw silang lahat at magkakasundo sila sa taping.,Pero okay naman daw silang lahat at magkakasundo sila sa taping.,Pero okay naman daw silang lahat at magkakasundo sila sa taping.,[],{},TP,TP
Bukas ay magsisimula nang mag-shoot si Bembol para sa Pieta.,Bukas ay magsisimula nang mag-shoot si Bembol para sa Pieta.,Bukas ay magsisimula nang mag-shoot si bamboo para sa pinta.,"['Bembol', 'Pieta']","{'Bembol': ['besbol', 'bambo', 'bamboo', 'bebot', 'beisbol'], 'Pieta': ['dieta', 'pigta', 'pinta', 'piseta', 'pista']}",FP,FP
"Sisikat na naman ang bilyar, sabi ni Efren sa Kapuso Showbiz News.","Sisikat na naman ang bilyar, sabi ni Efren sa Kapuso Showbiz News.","Sisikat na naman ang bilyar, sabi ni epron sa abuso Showbiz News.","['Efren', 'Kapuso']","{'Efren': ['earn', 'eere', 'epron', 'ere', 'even'], 'Kapuso': ['kapus', 'aabuso', 'abuso', 'baruso', 'isapuso']}",FP,FP
"Pero ikaw nakalimutan mong mayor ka, kaya hiyang-hiya ako kasi Oh My God, si Mayor Joy pa ang lumapit sa akin, sagot ni Ogie kay mayora habang tumatawa.","Pero ikaw nakalimutan mong mayor ka, kaya hiyang-hiya ako kasi Oh My God, si Mayor Joy pa ang lumapit sa akin, sagot ni Ogie kay mayora habang tumatawa.","Pero ikaw nakalimutan mong mayor ka, kaya hiyang-hiya ako kasi Oh My gob, si Mayor job pa ang lumapit sa akin, sagot ni agit kay mayora habang tumatawa.","['God', 'Joy', 'Ogie']","{'God': ['gaod', 'go', 'gob', 'gol', 'gold'], 'Joy': ['boy', 'jay', 'job', 'koy', 'noy'], 'Ogie': ['age', 'agik', 'agit', 'agiw', 'die']}",FP,FP
Pero mas mabuti rin aniya kung may karanasan lalo na sa pag-i-interview o mga naging ahente.,Pero mas mabuti rin aniya kung may karanasan lalo na sa pag-i-interview o mga naging ahente.,Pero mas mabuti rin aniya kung may karanasan lalo na sa pag-i-interview o mga naging ahente.,[],{},TN,TN
"Chika pa ni Donnalyn, Walang karapatan govt diyan.","Chika pa ni Donnalyn, Walang karapatan govt diyan.","Chika pa ni donald, Walang karapatan govt diyan.",['Donnalyn'],"{'Donnalyn': ['dangalin', 'dingalan', 'donald', 'donasyon', 'donselya']}",FP,FP
"Kapwa nagtamo ng grabeng pinsala sa ulo at ibat ibang parte ng katawan sanhi upang malagutan ng hininga sina John Kenneth Deraya, 21 at John Kevin Macunat, 16, kapwa mga residente sa Barangay Poblacion samantalang ginagamot ngayon sa Bondoc Peninsula District Hospital sa Catanauan, Quezon ang ka nilang kaibigan na si Michael Fortales, 20 dahil sa tinamong mga sugat sa katawan.","Kapwa nagtamo ng grabeng pinsala sa ulo at ibat ibang parte ng katawan sanhi upang malagutan ng hininga sina John Kenneth Deraya, 21 at John Kevin Macunat, 16, kapwa mga residente sa Barangay Poblacion samantalang ginagamot ngayon sa Bondoc Peninsula District Hospital sa Catanauan, Quezon ang kanilang kaibigan na si Michael Fortales, 20 dahil sa tinamong mga sugat sa katawan.","Kapwa nagtamo ng grabeng pinsala sa ulo at ibat ibang parte ng katawan sanhi upang malagutan ng hininga sina John genset daya, ag at John even mauunat, ag, kapwa mga residente sa Barangay Poblacion samantalang ginagamot ngayon sa bonded Peninsula District Hospital sa matanawan, Quezon ang ka nilang kaibigan na si Michael portals, ag dahil sa tinamong mga sugat sa katawan.","['Kenneth', 'Deraya', '21', 'Kevin', 'Macunat', '16', 'Bondoc', 'Catanauan', 'Fortales', '20']","{'Kenneth': ['bonnet', 'bonnets', 'genset', 'kendeng', 'kent'], 'Deraya': ['daraga', 'darapa', 'daya', 'decay', 'dekada'], '21': ['ab', 'ad', 'ag', 'ah', 'ak'], 'Kevin': ['begin', 'devil', 'even', 'evil', 'kabin'], 'Macunat': ['makunat', 'maunat', 'mauunat', 'mabinat', 'mabuhat'], '16': ['ab', 'ad', 'ag', 'ah', 'ak'], 'Bondoc': ['bando', 'bond', 'bonded', 'bonds', 'bono'], 'Catanauan': ['cabanatuan', 'katanapan', 'matanawan', 'natanawan', 'tanauan'], 'Fortales': ['footages', 'korales', 'portals', 'bottles', 'corals'], '20': ['ab', 'ad', 'ag', 'ah', 'ak']}",TP,FN
"Kailangan mo nang humarap sa mga tao, gagawin mo na lang ang kailangan mong gawin.","Kailangan mo nang humarap sa mga tao, gagawin mo na lang ang kailangan mong gawin.","Kailangan mo nang humarap sa mga tao, gagawin mo na lang ang kailangan mong gawin.",[],{},TN,TN
"Malala, may mga malala din po talaga.","Malala, may mga malala rin po talaga.","Malala, may mga malala rin po talaga.",[],{},TP,TP
"Sa pahayag din ng isa sa mga suspek, tinukoy niya na mayroon ngang mastermind sa krimen ngunit hindi pa muna nagbigay ng detalye ang kalihim dahil kailangan pa rin umanong suriin ang impormasyon.","Sa pahayag din ng isa sa mga suspek, tinukoy niya na mayroon ngang mastermind sa krimen ngunit hindi pa muna nagbigay ng detalye ang kalihim dahil kailangan pa rin umanong suriin ang impormasyon.","Sa pahayag din ng isa sa mga suspek, tinukoy niya na mayroon ngang mastermind sa krimen ngunit hindi pa muna nagbigay ng detalye ang kalihim dahil kailangan pa rin umanong suriin ang impormasyon.",[],{},TN,TN
"Sinabihan kasi siya ng doktor na kailangan niyang mag-rest dahil mas malakas ang second dose, kaya pinaghandaan raw niya ito.","Sinabihan kasi siya ng doktor na kailangan niyang mag-rest dahil mas malakas ang second dose, kaya pinaghandaan daw niya ito.","Sinabihan kasi siya ng doktor na kailangan niyang mag-rest dahil mas malakas ang second dose, kaya pinaghandaan daw niya ito.",[],{},TP,TP
"Ayon pa kay Lacson, bukod sa pagbabantay sa tamang implementasyon ng mga batas para sa mga indigenous people (IP) ay daragdagan niya ang alokasyon ng pondo para sa National Commission on Indigenous Peoples (NCIP) upang matulungan ang nasabing sektor na malapit sa banta ng pangaabuso ng New Peoples Army.","Ayon pa kay Lacson, bukod sa pagbabantay sa tamang implementasyon ng mga batas para sa mga indigenous people (IP) ay daragdagan niya ang alokasyon ng pondo para sa National Commission on Indigenous Peoples (NCIP) upang matulungan ang nasabing sektor na malapit sa banta ng pang-aabuso ng New Peoples Army.","Ayon pa kay ason, bukod sa pagbabantay sa tamang implementasyon ng mga batas para sa mga indigenous people (IP) ay daragdagan niya ang alokasyon ng pondo para sa National Commission on Indigenous Peoples (atip) upang matulungan ang nasabing sektor na malapit sa banta ng naaabuso ng New Peoples Army.","['Lacson', 'NCIP', 'pangaabuso']","{'Lacson': ['lason', 'arson', 'ason', 'kalson', 'labon'], 'NCIP': ['acid', 'alip', 'atip', 'blip', 'cap'], 'pangaabuso': ['inaabuso', 'maaabuso', 'naaabuso', 'naabuso', 'pagbabaso']}",TP,FN
Nagbayanihan din ang mga residente upang tumulong sa pagpatay sa sunog.,Nagbayanihan din ang mga residente upang tumulong sa pagpatay sa sunog.,Nagbayanihan din ang mga residente upang tumulong sa pagpatay sa sunog.,[],{},TN,TN
Isa ang alitan sa pamilya sa mga sinisilip na anggulo sa nasabing krimen habang hindi naman isinasantabi ang iba pang motibo.,Isa ang alitan sa pamilya sa mga sinisilip na anggulo sa nasabing krimen habang hindi naman isinasantabi ang iba pang motibo.,Isa ang alitan sa pamilya sa mga sinisilip na anggulo sa nasabing krimen habang hindi naman isinasantabi ang iba pang motibo.,[],{},TN,TN
Nagtitilian ang audience paglabas ni BB habang naka-black see-through gown ito with matching big crown na gold at may bitbit na urn na diumanoy ang laman ay ang abo ni Rustom Padilla.,Nagtitilian ang audience paglabas ni BB habang naka-black see-through gown ito with matching big crown na gold at may bitbit na urn na diumanoy ang laman ay ang abo ni Rustom Padilla.,nagtitilad ang audience paglabas ni ba habang naka-black see-through gown ito with matching big crown na gold at may bitbit na urn na diumanoy ang laman ay ang abo ni custo barilya.,"['Nagtitilian', 'BB', 'Rustom', 'Parilla']","{'Nagtitilian': ['nagtitigan', 'nagtitikin', 'nagtitilad', 'nagtitipan', 'nagtititigan'], 'BB': ['ab', 'b', 'ba', 'bab', 'bbm'], 'Rustom': ['custom', 'busto', 'custo', 'customs', 'gusto'], 'Parilla': ['parilya', 'barill', 'barilya', 'kabilla', 'pabigla']}",FP,FP
"At kung ang iba ay hindi pa rin adjusted sa new normal, tanggap na tanggap na rin ng aktres ang mga mangyayari ngayong may pandemya pa rin.","At kung ang iba ay hindi pa rin adjusted sa new normal, tanggap na tanggap na rin ng aktres ang mga nangyayari ngayong may pandemya pa rin.","At kung ang iba ay hindi pa rin adjusted sa new normal, tanggap na tanggap na rin ng aktres ang mga mangyayari ngayong may pandemya pa rin.",[],{},FN,FN
Magsisimula ang pasok simula alas-7:00 nang umaga at magtatapos alas-4:00 nang hapon o ang tinatawag na daily saving time (DST) na uumpisahan ng Department of Energy.,Magsisimula ang pasok simula alas-7:00 nang umaga at magtatapos alas-4:00 nang hapon o ang tinatawag na daily saving time (DST) na uumpisahan ng Department of Energy.,Magsisimula ang pasok simula alas-d:ag nang umaga at magtatapos alas-d:ag nang hapon o ang tinatawag na daily saving time (st) na uumpisahan ng Department of Energy.,"['7', '00', '4', '00', 'DST']","{'7': ['b', 'c', 'd', 'e', 'f'], '00': ['ab', 'ad', 'ag', 'ah', 'ak'], '4': ['b', 'c', 'd', 'e', 'f'], 'DST': ['ast', 'ost', 'st', 'aat', 'act']}",FP,FP
"Isang showbiz personality raw ang maglalabas ng isang tell all book, tungkol sa kanyang gay experiences.","Isang showbiz personality raw ang maglalabas ng isang tell-all book, tungkol sa kanyang gay experiences.","Isang showbiz personality raw ang maglalabas ng isang sell all book, tungkol sa kanyang gay experiences.",['tell'],"{'tell': ['bell', 'cell', 'sell', 'tall', 'tela']}",TP,FN
Ngunit nangako itong gagawin ang lahat upang muling bigyan ng karangalan ang bansa.,Ngunit nangako itong gagawin ang lahat upang muling bigyan ng karangalan ang bansa.,Ngunit nangako itong gagawin ang lahat upang muling bigyan ng karangalan ang bansa.,[],{},TN,TN
"Pinahihintulutan naman sa batas ang tinatawag na ""dacion en pago,"" kung saan idinideklara ng nangutang sa due date na ang ari-arian na kaniyang ibinigay bilang seguridad ang kaniya na lamang ipambabayad sa kaniyang inutang.","Pinahihintulutan naman sa batas ang tinatawag na ""dacion en pago,"" kung saan idinideklara ng nangutang sa due date na ang ari-arian na kaniyang ibinigay bilang seguridad ang kaniya na lamang ipambabayad sa kaniyang inutang.","Pinahihintulutan naman sa batas ang tinatawag na ""dagison en pago,"" kung saan idinedeklara ng nangutang sa due date na ang ari-arian na kaniyang ibinigay bilang seguridad ang kaniya na lamang pagbabayad sa kaniyang inutang.","['dacion', 'irinideklara', 'ipambabayad']","{'dacion': ['dation', 'action', 'dagison', 'dahon', 'dahoon'], 'irinideklara': ['idinideklara', 'dinideklara', 'idinedeklara', 'dinedeklara', 'idideklara'], 'ipambabayad': ['ipagbabayad', 'ipambayad', 'pagbabayad', 'ibabayad', 'ipababatid']}",FP,FP
Mahigit tatlong oras bago tuluyang narekober ang katawan nito subalit nawala na itong buhay.,Mahigit tatlong oras bago tuluyang narekober ang katawan nito subalit wala na itong buhay.,Mahigit tatlong oras bago tuluyang narekober ang katawan nito subalit nawala na itong buhay.,[],{},FN,FN
"Matagal na rin naman daw may sakit si Sidney, bunga na rin ng kanyang katandaan.","Matagal na rin naman daw may sakit si Sidney, bunga na rin ng kanyang katandaan.","Matagal na rin naman daw may sakit si kidneys, bunga na rin ng kanyang katandaan.",['Sidney'],"{'Sidney': ['kidney', 'jitney', 'kidneys', 'ridley', 'side']}",FP,FP
Sinabi raw niya sa mga ito na tumawag na sila ng pulis.,Sinabi raw niya sa mga ito na tumawag na sila ng pulis.,Sinabi raw niya sa mga ito na tumawag na sila ng pulis.,[],{},TN,TN
"At dahil naka-bubble naman sila, safe naman raw talaga.","At dahil naka-bubble naman sila, safe naman daw talaga.","At dahil naka-bubble naman sila, safe naman daw talaga.",[],{},TP,TP
Ano ang naganap?,Ano ang naganap?,Ano ang naganap?,[],{},TN,TN
"So pag nagkaroon ng isang positive, halos lahat sila nagpo-positive na din po.","So pag nagkaroon ng isang positive, halos lahat sila nagpo-positive na rin po.","So pag nagkaroon ng isang positive, halos lahat sila nagpo-positive na rin po.",[],{},TP,TP
"Sa nasabing bilang 17,257 (16.22%).","Sa nasabing bilang 17,257 (16.22%).","Sa nasabing bilang ag,aag (ag.ag%).","['17', '257', '16', '22']","{'17': ['ab', 'ad', 'ag', 'ah', 'ak'], '257': ['p57', 'p25', 'aag', 'aal', 'aam'], '16': ['ab', 'ad', 'ag', 'ah', 'ak'], '22': ['ab', 'ad', 'ag', 'ah', 'ak']}",FP,FP
"Pero ito nga yon, yung dapat ay hindi lumaki.","Pero ito nga yon, yung dapat ay hindi na lumaki.","Pero ito nga yon, yung dapat ay hindi lumaki.",[],{},FN,FN
Dapat din na may target na bilang lamang sa isang araw kung ilan ang walk-in na tatanggapin upang hindi magkaroon ng pagkukumpulan ng mga tao sa vaccination sites.,Dapat din na may target na bilang lamang sa isang araw kung ilan ang walk-in na tatanggapin upang hindi magkaroon ng pagkukumpulan ng mga tao sa vaccination sites.,Dapat din na may target na bilang lamang sa isang araw kung ilan ang walk-in na tatanggapin upang hindi magkaroon ng pagkukumpulan ng mga tao sa vaccination sites.,[],{},TN,TN
"Siya talaga ang sandalan nating lahat, buong post ng actress na spotted recently na may ka-date na foreigner.","Siya talaga ang sandalan nating lahat, buong post ng actress na spotted recently na may ka-date na foreigner.","Siya talaga ang sandalan nating lahat, buong post ng actress na spotted decency na may ka-date na foreigner.",['recently'],"{'recently': ['recent', 'reentry', 'decency', 'evenly', 'keenly']}",FP,FP
"Wala nang nakapilit pa sa kanya, bumalik na lang siya sa propesyon niya at mainit uli siyang tinanggap nang mga kababayan natin.","Wala nang nakapilit pa sa kanya, bumalik na lang siya sa propesyon niya at mainit uli siyang tinanggap ng mga kababayan natin.","Wala nang nakapilit pa sa kanya, bumalik na lang siya sa propesyon niya at mainit uli siyang tinanggap nang mga kababayan natin.",[],{},FN,FN
"Hindi na muna ibinigay ang buong detalye pero, pitong Kapuso artists raw ang involved dito na tagung-tago kung sino ang mga ito.","Hindi na muna ibinigay ang buong detalye pero, pitong Kapuso artists daw ang involved dito na tagung-tago kung sino ang mga ito.","Hindi na muna ibinigay ang buong detalye pero, pitong Kapuso artists daw ang involved dito na tagung-tago kung sino ang mga ito.",['Kapuso'],"{'Kapuso': ['kapus', 'aabuso', 'abuso', 'baruso', 'isapuso']}",TP,TP
"Mananahimik rin muna siya sa social media, at sinabing ang team muna niya ang mangangasiwa sa kaniyang mga account.","Mananahimik din muna siya sa social media, at sinabing ang team muna niya ang mangangasiwa sa kaniyang mga account.","Mananahimik din muna siya sa social media, at sinabing ang team muna niya ang mangangasiwa sa kaniyang mga account.",[],{},TP,TP
"Sinabi ng TESDA na nakapagtala rin sila ng certification rate na 93% kung saan 751,500 sa 808,227 ng mga na-assess ang nagtapos at nakakuha ng national certificates sa kani-kanilang larangan.","Sinabi ng TESDA na nakapagtala rin sila ng certification rate na 93% kung saan 751,500 sa 808,227 ng mga na-assess ang nagtapos at nakakuha ng national certificates sa kani-kanilang larangan.","Sinabi ng iisda na nakapagtala rin sila ng certification rate na ad% kung saan aag,aam sa aam,aag ng mga na-assess ang nagtapos at nakakuha ng national certificates sa kani-kanilang larangan.","['TESDA', '93', '751', '500', '808', '227']","{'TESDA': ['benda', 'heoda', 'iisda', 'isda', 'kesa'], '93': ['p3', 'ab', 'ad', 'ag', 'ah'], '751': ['p57', 'p75', 'aag', 'aal', 'aam'], '500': ['aag', 'aal', 'aam', 'aat', 'aaw'], '808': ['aag', 'aal', 'aam', 'aat', 'aaw'], '227': ['p25', 'p57', 'aag', 'aal', 'aam']}",FP,FP
"Hanggang sa ngayon, wala pa rin raw kasing teaching overload pay, respite mula sa non-teaching duties at napapanahong benepisyo ang mga guro.","Hanggang sa ngayon, wala pa rin daw kasing teaching overload pay, respite mula sa non-teaching duties at napapanahong benepisyo ang mga guro.","Hanggang sa ngayon, wala pa rin daw kasing teaching overload pay, respite mula sa non-teaching duties at napapanahong benepisyo ang mga guro.",[],{},TP,TP
"Ang ibinibigay na dahilan ng kanyang kampo ay mag-isa lang naman raw kasi siyang nakatira dun, kumakalog siya sa laki, bibili na lang daw ng condo unit ang female personality.","Ang ibinibigay na dahilan ng kanyang kampo ay mag-isa lang naman daw kasi siyang nakatira dun, kumakalog siya sa laki, bibili na lang daw ng condo unit ang female personality.","Ang ibinibigay na dahilan ng kanyang kampo ay mag-isa lang naman daw kasi siyang nakatira dun, kumakalog siya sa laki, bibili na lang daw ng condo unit ang female personality.",[],{},TP,TP
"Totoo kaya yung nakarating sa aming, aabot ng P300K a month ang kinikita niya sa mga pa-sexy niya sa kanyang social media account?","Totoo kaya yung nakarating sa aming, umaabot ng P300K a month ang kinikita niya sa mga pa-sexy niya sa kanyang social media account?","Totoo kaya yung nakarating sa aming, aabot ng pagak ag month ang kinikita niya sa mga pa-sexy niya sa kanyang social media account?","['P300K', 'a']","{'P300K': ['p3', 'pack', 'pagak', 'palak', 'panik'], 'a': ['ab', 'ad', 'ag', 'ah', 'ak']}",TP,FN
"Nagpapadala nga ako ng video sa kanya, titingnan ko kung ano ang magagawa ng show para umayos na ang sitwasyon niya.","Nagpapadala nga ako ng video sa kanya, titingnan ko kung ano ang magagawa ng show para umayos na ang sitwasyon niya.","Nagpapadala nga ako ng video sa kanya, titingnan ko kung ano ang magagawa ng show para umayos na ang sitwasyon niya.",[],{},TN,TN
Sinabi din ni Lopez na inaalam ng mga awtoridad ang iba pang posibleng kasabwat ng suspek.,Sinabi rin ni Lopez na inaalam ng mga awtoridad ang iba pang posibleng kasabwat ng suspek.,Sinabi rin ni lone na inaalam ng mga awtoridad ang iba pang posibleng kasabwat ng suspek.,['Lopez'],"{'Lopez': ['hope', 'leper', 'lone', 'lopoy', 'lose']}",TP,FN
At home na at home home si bagets sa kanyang mga nakakasamang bading sa trabaho.,At home na at home si bagets sa kanyang mga nakakasamang bading sa trabaho.,At home na at home home si bagets sa kanyang mga nakakasamang bading sa trabaho.,[],{},FN,FN
"Pero kung hindi, kailangan mong kunin ang tseke at dapat na mag-isyu ka ng resibo, bilang sa pagsunod rin sa ipinapatupad na patakaran ng gobyerno.","Pero kung hindi, kailangan mong kunin ang tseke at dapat na mag-isyu ka ng resibo, bilang sa pagsunod din sa ipinapatupad na patakaran ng gobyerno.","Pero kung hindi, kailangan mong kunin ang tseke at dapat na mag-isyu ka ng resibo, bilang sa pagsunod din sa ipinapatupad na patakaran ng gobyerno.",[],{},TP,TP
"Ng panahong iton, 30-anyos na si Dianne, at pumapasok na sa isip niya na bala walang balak si Rodjun na magpakasal.","Nang panahong iton, 30-anyos na si Dianne, at pumapasok na sa isip niya na bala walang balak si Rodjun na magpakasal.","Ng panahong inon, ag-anyos na si dante, at pumapasok na sa isip niya na bala walang balak si komun na magpakasal.","['iton', '30', 'Dianne', 'Rodjun']","{'iton': ['ibon', 'icon', 'inon', 'ipon', 'iron'], '30': ['ab', 'ad', 'ag', 'ah', 'ak'], 'Dianne': ['dance', 'dange', 'dante', 'diana', 'dianang'], 'Rodjun': ['andun', 'dun', 'komun', 'modern', 'modus']}",TP,FN
Bakit parang ayaw pa yata nilang maniwala na si Annette Gozon-Valdes na ang hahawak ng Sparkle?,Bakit parang ayaw pa yata nilang maniwala na si Annette Gozon-Valdes na ang hahawak ng Sparkle?,Bakit parang ayaw pa yata nilang maniwala na si almete colon-aides na ang hahawak ng parole?,"['Annette', 'Gozon', 'Valdes', 'Sparkle']","{'Annette': ['annatto', 'ahente', 'almete', 'amnesty', 'andante'], 'Gozon': ['boton', 'cogon', 'colon', 'doon', 'galon'], 'Valdes': ['values', 'valves', 'aides', 'balde', 'bales'], 'Sparkle': ['sparkler', 'parke', 'parole', 'spare', 'spark']}",FP,FP
"Sa halip, red-tagging, union-busting, forced disaffiliation sa mga progresibong unyon at pag-aresto raw ang hinarap ng kanilang sektor.","Sa halip, red-tagging, union-busting, forced disaffiliation sa mga progresibong unyon at pag-aresto raw ang hinarap ng kanilang sektor.","Sa halip, red-tagging, union-busting, forced disaffiliation sa mga progresibong unyon at pag-aresto raw ang hinarap ng kanilang sektor.",[],{},TN,TN
Karamihan-diyan ay nanggaling sa mga sumusunod na lugar.,Karamihan diyan ay nanggaling sa mga sumusunod na lugar.,Karamihan-diyan ay nanggaling sa mga sumusunod na lugar.,[],{},FN,FN
"Dahil may nangyari pang nakawan sa barangay, humingi na ng tutulong ang mga residente sa mga awtoridad para madakip ang salarin.","Dahil may nangyari pang nakawan sa barangay, humingi na ng tulong ang mga residente sa mga awtoridad para madakip ang salarin.","Dahil may nangyari pang nakawan sa barangay, humingi na ng tutulong ang mga residente sa mga awtoridad para kalakip ang salarin.",['marakip'],"{'marakip': ['madakip', 'dadakip', 'kalakip', 'maaakit', 'maakit']}",TP,FN
"Hanggang sa nung nagsalita siya sa YouTube ay alipusta rin ang aabutin niya, kahit nagkausap na raw sila ng Nanay niya.","Hanggang sa nung nagsalita siya sa YouTube ay alipusta rin ang inabot niya, kahit nagkausap na raw sila ng Nanay niya.","Hanggang sa nung nagsalita siya sa YouTube ay alipusta rin ang aabutin niya, kahit nagkausap na raw sila ng Nanay niya.",[],{},FN,FN
Sana magsunod-sunod na din yung projects kasi gusto ko na rin ulit magtrabaho.,Sana magsunod-sunod na rin yung projects kasi gusto ko na rin ulit magtrabaho.,Sana magsuyod-sunod na rin yung projects kasi gusto ko na rin ulit magtrabaho.,['magsunod'],"{'magsunod': ['magsuno', 'magsunog', 'magsuyod', 'maisunod', 'masunod']}",TP,FN
Tampok sa âcommunity pantryâ nang Sangguniang Kabataan ng Barangay 583 ang mga cake at cupcake na ang mismong SK kagawad na si Mae Pascua ang nag-bake.,Tampok sa âcommunity pantryâ ng Sangguniang Kabataan ng Barangay 583 ang mga cake at cupcake na ang mismong SK kagawad na si Mae Pascua ang nag-bake.,Tampok sa dcommunity pantaya nang Sangguniang Kabataan ng Barangay aal ang mga cake at cake na ang mismong ik kagawad na si Mae pasala ang nag-bako.,"['â', 'pantryâ', '583', 'cupcake', 'SK', 'Pascua', 'bake']","{'â': ['b', 'c', 'd', 'e', 'f'], 'pantryâ': ['pantry', 'pantay', 'pantaya', 'pantayu', 'pantuya'], '583': ['p3', 'aag', 'aal', 'aam', 'aat'], 'cupcake': ['uptake', 'appcase', 'cake', 'curcas', 'empake'], 'SK': ['ak', 'ask', 'ik', 'k', 'ok'], 'Pascua': ['pasa', 'pasada', 'pasala', 'pasama', 'pasara'], 'bake': ['baka', 'baked', 'bako', 'baks', 'baku']}",TP,FN
Simula pa kagabi ay bugbog sarado na ang TV host-actress sa mga nakapanood ng viral video kung saan makikitang pinahiran niya ng chocolate cake sa mukha ang waiter sa kanyang harapan.,Simula pa kagabi ay bugbog-sarado na ang TV host-actress sa mga nakapanood ng viral video kung saan makikitang pinahiran niya ng chocolate cake sa mukha ang waiter sa kanyang harapan.,Simula pa kagabi ay bugbog sarado na ang TV host-actress sa mga nakapanood ng viral video kung saan makikitang pinahiran niya ng chocolate cake sa mukha ang waiter sa kanyang harapan.,[],{},FN,FN
Ipinakita ang video video na unang ini-upload sa social media na pinagsama-sama ng magkakaopisina ang kanilang mga ATM card.,Ipinakita ang video na unang ini-upload sa social media na pinagsama-sama ng magkakaopisina ang kanilang mga ATM card.,Ipinakita ang video video na unang ini-upload sa social media na pinagsama-sama ng magkakapisan ang kanilang mga arm card.,"['magkakaopisina', 'ATM']","{'magkakaopisina': ['magkakabisita', 'magkakapiing', 'magkakapisan', 'magkakapisang', 'magkakabisa'], 'ATM': ['aam', 'am', 'arm', 'at', 'ata']}",TP,FN
"Bagamat pumasa na sa ikatlo at huling pagdinig ng Kamara ang panukalang Bayanihan 3 ?? na planong magbigay ng P2,000 sa bawat Pilipino ma hirap man o mayaman ?? hindi pa rin gaano umuusad ang counterpart bill nito sa Senado.","Bagamat pumasa na sa ikatlo at huling pagdinig ng Kamara ang panukalang Bayanihan 3 ?? na planong magbigay ng P2,000 sa bawat Pilipino mahirap man o mayaman ?? hindi pa rin gaano umuusad ang counterpart bill nito sa Senado.","Bagamat pumasa na sa ikatlo at huling pagdinig ng Kamara ang panukalang Bayanihan 3 ?? na planong magbigay ng P2,000 sa bawat Pilipino mahirap man o mayaman ?? hindi pa rin gaano umuusad ang counterpart bill nito sa Senado.",[],{},TP,TP
"Isang linggo na raw hindi stable ang kanyang blood pressure, umiinom na nga siya ng maintenance medicines para doon, at sinabihan siya ng doctor na huwag magpapagod, iwasan ang mga usok, iwasan din ang stress at huwag na munang kakanta.","Isang linggo na raw hindi stable ang kanyang blood pressure, umiinom na nga siya ng maintenance medicines para doon, at sinabihan siya ng doctor na huwag magpapagod, iwasan ang mga usok, iwasan din ang stress at huwag na munang kakanta.","Isang linggo na raw hindi stable ang kanyang blood pressure, umiinom na nga siya ng maintenance medicines para doon, at sinabihan siya ng doctor na huwag magpapagod, iwasan ang mga usok, iwasan din ang stress at huwag na munang kakanta.",[],{},TN,TN
Agad-agad naman daw epektibo ang naturang kautusan.,Agad-agad naman daw epektibo ang naturang kautusan.,Agad-agad naman daw epektibo ang naturang kautusan.,[],{},TN,TN
Subalit aniya kung may parusang bitay tiyak magkakaroon ang mga ito ng takot o magdalawang-isip bago kagagawa ng karumaldumal na krimen.,Subalit aniya kung may parusang bitay tiyak magkakaroon ang mga ito ng takot o magdalawang-isip bago gumawa ng karumaldumal na krimen.,Subalit aniya kung may parusang bitay tiyak magkakaroon ang mga ito ng takot o magdalawang-isip bago kagagawa ng karumaldumal na krimen.,[],{},FN,FN
Mabigat ang problema sa transportasyon at araw-araw na pinagdadaanan nang ating commuters.,Mabigat ang problema sa transportasyon at araw-araw na pinagdadaanan ng ating commuters.,Mabigat ang problema sa transportasyon at araw-araw na pinagdadaanan nang ating commuters.,[],{},FN,FN
Kasama sa BTS bloc ang ilang dating lider ng Kamara sa pangunguna nina former Deputy Speakers Camarines Sur Cong.,Kasama sa BTS bloc ang ilang dating lider ng Kamara sa pangunguna nina former Deputy Speakers Camarines Sur Cong.,Kasama sa bus bloc ang ilang dating lider ng Kamara sa pangunguna nina former Deputy Speakers kamarin Sur cing.,"['BTS', 'Camarines', 'Cong']","{'BTS': ['bats', 'bets', 'bus', 'its', 'mts'], 'Camarines': ['marines', 'calories', 'kamarin', 'kamaring', 'magazines'], 'Cong': ['bong', 'cang', 'cing', 'con', 'cond']}",FP,FP
Ngunit patuloy pa rin itong biniberepika ng mga regional at lokal na health offices.,Ngunit patuloy pa rin itong biniberepika ng mga regional at lokal na health offices.,Ngunit patuloy pa rin itong biniberepika ng mga regional at lokal na health offices.,[],{},TN,TN
"Pero kailangan daw nilang kasuhan ang mga ito, kaya humingi na sila ng tulong sa Optical Media Board para tuluyan na raw nila itong kasuhan.","Pero kailangan daw nilang kasuhan ang mga ito, kaya humingi na sila ng tulong sa Optical Media Board para tuluyan na raw nila itong kasuhan.","Pero kailangan daw nilang kasuhan ang mga ito, kaya humingi na sila ng tulong sa Optical Media Board para tuluyan na raw nila itong kasuhan.",[],{},TN,TN
Akala nila baka daw magbukas ang mga sinehan dahil Pasko.,Akala nila baka raw magbukas ang mga sinehan dahil Pasko.,Akala nila baka raw magbukas ang mga sinehan dahil Pasko.,[],{},TP,TP
"Aniya, hindi naman showbiz ang senado at mas maigi kung ang sasabihin ni Herbert ay ang kanyang credentials lalo na at tatakbo siya sa darating na 2022 elections.","Aniya, hindi naman showbiz ang senado at mas maigi kung ang sasabihin ni Herbert ay ang kanyang credentials lalo na at tatakbo siya sa darating na 2022 elections.","Aniya, hindi naman showbiz ang senado at mas maigi kung ang sasabihin ni bebero ay ang kanyang credentials lalo na at tatakbo siya sa darating na aag elections.","['Herbert', '2022']","{'Herbert': ['barber', 'barbero', 'bebero', 'belbet', 'beriberi'], '2022': ['p25', 'aaba', 'aag', 'aako', 'aal']}",FP,FP
Kung habulin pa daw siya ng mga pulis sa susunod ay tumakbo lamang daw ito sa kanila.,Kung habulin pa raw siya ng mga pulis sa susunod ay tumakbo lamang daw ito sa kanila.,Kung habulin pa raw siya ng mga pulis sa susunod ay tumakbo lamang daw ito sa kanila.,[],{},TP,TP
"Nabatid na si Itaas ay nakapag-asawa habang nakapiit sa New Bilibid Prison (NBP) at nagkaroon ng 3 anak, isang lumaki at dalawang babae.","Nabatid na si Itaas ay nakapag-asawa habang nakapiit sa New Bilibid Prison (NBP) at nagkaroon ng 3 anak, isang lalaki at dalawang babae.","Nabatid na si Itaas ay nakapag-asawa habang nakapiit sa New Bilibid Prison (aba) at nagkaroon ng d anak, isang lumaki at dalawang babae.","['NBP', '3']","{'NBP': ['nbg', 'ab', 'aba', 'abf', 'abo'], '3': ['b', 'c', 'd', 'e', 'f']}",TP,FN
"Kaya minsan dapat ipinagpapasalamat rin natin ang ating nakaraan para makita natin ang ating kasalukuyan, dagdag pa ng talent manager.","Kaya minsan dapat ipinagpapasalamat din natin ang ating nakaraan para makita natin ang ating kasalukuyan, dagdag pa ng talent manager.","Kaya minsan dapat ipinagpapasalamat din natin ang ating nakaraan para makita natin ang ating kasalukuyan, dagdag pa ng talent manager.",[],{},TP,TP
Giit nang DepEd na ang maaaring gawin dito ay kung papayag ang mga hindi gaanong loaded na guro na ilipat sa ibang paaralan upang makatulong sa may tambak na estudyanteng guro.,Giit ng DepEd na ang maaaring gawin dito ay kung papayag ang mga hindi gaanong loaded na guro na ilipat sa ibang paaralan upang makatulong sa may tambak na estudyanteng guro.,Giit nang DepEd na ang maaaring gawin dito ay kung papayag ang mga hindi gaanong loaded na guro na ilipat sa ibang paaralan upang makatulong sa may tambak na estudyanteng guro.,[],{},FN,FN
Maraming sinehan ang hindi nagbukas kahapon.,Maraming sinehan ang hindi nagbukas kahapon.,Maraming sinehan ang hindi nagbukas kahapon.,[],{},TN,TN
Ano-ano nga ba ang mga hayop na nasa zoo at papaano makatutulong sa kanila?,Ano-ano nga ba ang mga hayop na nasa zoo at papaano makatutulong sa kanila?,Ano-ano nga ba ang mga hayop na nasa zoo at papaano makatutulong sa kanila?,[],{},TN,TN
Yung sasabihin ni Papa Digong na merong candidate na drug user bakit hindi niya ipahuli kung totoo.,Yung sinasabi ni Papa Digong na merong candidate na drug user bakit hindi niya ipahuli kung totoo.,Yung sasabihin ni Papa Digong na merong candidate na drug user bakit hindi niya ipahuli kung totoo.,[],{},FN,FN
"Sabado ng gabi nang arestuhin ng PNP si Cuenca, 33-anyos, matapos salpukin at takbuhan ng kanyang SUV ang sasakyan ng pulisiyang ginagamit sa isang anti-illegal drug operation sa Mandaluyong City.","Sabado ng gabi nang arestuhin ng PNP si Cuenca, 33-anyos, matapos salpukin at takbuhan ng kanyang SUV ang sasakyan ng pulisiyang ginagamit sa isang anti-illegal drug operation sa Mandaluyong City.","Sabado ng gabi nang arestuhin ng pdp si agenda, ad-anyos, matapos salpukin at takbuhan ng kanyang sum ang sasakyan ng pulisiyang ginagamit sa isang anti-illegal drug operation sa pandaluhong City.","['PNP', 'Cuenca', '33', 'SUV', 'Mandaluyong']","{'PNP': ['lpnp', 'pap', 'pdp', 'pep', 'png'], 'Cuenca': ['buena', 'agency', 'agenda', 'ahency', 'arena'], '33': ['p3', 'ab', 'ad', 'ag', 'ah'], 'SUV': ['su', 'sub', 'sum', 'sun', 'sur'], 'Mandaluyong': ['mandaluhong', 'nandaluhong', 'pandaluhong', 'andamyong', 'dadaluhong']}",FP,FP
"Ang mga bakuna ay nakalaan para sana sa mga senior citizens nang Makilala, Cotabato.","Ang mga bakuna ay nakalaan para sana sa mga senior citizens ng Makilala, Cotabato.","Ang mga bakuna ay nakalaan para sana sa mga senior citizens nang Makilala, Cotabato.",[],{},FN,FN
Hindi pa din inirerekomenda ng OCTA Research Group ang paggamit ng face shields sa kabila nang namonitor na bahagyang pagtaas sa positivity rate ng COVID sa National Capital Region (NCR) at banta ng Omicron variant.,Hindi pa rin inirerekomenda ng OCTA Research Group ang paggamit ng face shields sa kabila nang namonitor na bahagyang pagtaas sa positivity rate ng COVID sa National Capital Region (NCR) at banta ng Omicron variant.,Hindi pa rin inirerekomenda ng OCTA Research Group ang paggamit ng face shields sa kabila nang namonitor na bahagyang pagtaas sa positivity rate ng COVID sa National Capital Region (NCR) at banta ng Omicron variant.,[],{},TP,TP
"Sa 18-pahinang desisyon, sinuspinde ng mataas na korte si Manila Metropolitan Trial Court Branch 26 Presiding Judge Jorge Emmanuel Lorredo ng 30 araw ng walang suweldo ng matagpuang guilty sa âsexual harassmentâ.","Sa 18-pahinang desisyon, sinuspinde ng mataas na korte si Manila Metropolitan Trial Court Branch 26 Presiding Judge Jorge Emmanuel Lorredo ng 30 araw ng walang suweldo nang matagpuang guilty sa âsexual harassmentâ.","Sa ag-pahinang desisyon, sinuspinde ng mataas na korte si Manila Metropolitan Trial Court Branch ag Presiding Judge borne ammended barred ng ag araw ng walang suweldo ng matagpuang guilty sa dsexual harrassment.","['18', '26', 'Jorge', 'Emmanuel', 'Lorredo', '30', 'â', 'harassmentâ']","{'18': ['ab', 'ad', 'ag', 'ah', 'ak'], '26': ['ab', 'ad', 'ag', 'ah', 'ak'], 'Jorge': ['morge', 'barge', 'borne', 'core', 'dorga'], 'Emmanuel': ['mantel', 'manual', 'ammended', 'arancel', 'aransel'], 'Lorredo': ['robredo', 'torpedo', 'barred', 'borned', 'corned'], '30': ['ab', 'ad', 'ag', 'ah', 'ak'], 'â': ['b', 'c', 'd', 'e', 'f'], 'harassmentâ': ['harassment', 'harassments', 'harrassment', 'harrasment', 'huramento']}",TP,FN
"Pero gusto niyang makapagtrabaho pa rito, at sana makagawa raw siya ng pelikula.","Pero gusto niyang makapagtrabaho pa rito, at sana makagawa raw siya ng pelikula.","Pero gusto niyang makapagtrabaho pa rito, at sana makagawa raw siya ng pelikula.",[],{},TN,TN
"Pahayag ni Dulce, natukso lang raw siya dahil sa hirap ng buhay.","Pahayag ni Dulce, natukso lang daw siya dahil sa hirap ng buhay.","Pahayag ni dale, natukso lang daw siya dahil sa hirap ng buhay.",['Dulce'],"{'Dulce': ['dulse', 'bule', 'dale', 'dance', 'dole']}",TP,FN
Sasampahayan umano ng pulisya ng kaukulang reklamo ang organizer ng event at ang may-ari ng motorsiklong sangkot sa insidente.,Sasampahayan umano ng pulisya ng kaukulang reklamo ang organizer ng event at ang may-ari ng motorsiklong sangkot sa insidente.,nasampahan umano ng pulisya ng kaukulang reklamo ang organizer ng event at ang may-ari ng motorsiklong sangkot sa insidente.,['Sasampahayan'],"{'Sasampahayan': ['sasampahan', 'masampahan', 'nasampahan', 'papamahayan', 'sambahayan']}",FP,FP
"Hindi gaya ng iba na naghahabol pa din ng trabaho, na hindi pa rin matatag ang kinalalagyan at tuloy ang pakikipagsapalaran.","Hindi gaya ng iba na naghahabol pa rin ng trabaho, na hindi pa rin matatag ang kinalalagyan at tuloy ang pakikipagsapalaran.","Hindi gaya ng iba na naghahabol pa rin ng trabaho, na hindi pa rin matatag ang kinalalagyan at tuloy ang pakikipagsapalaran.",[],{},TP,TP
"Sa ulat, dakong alas -7:00 ng umaga ng Mayo 29, 2022 nang-maganap ang insidente sa Corpuz St.","Sa ulat, dakong alas -7:00 ng umaga ng Mayo 29, 2022 nang maganap ang insidente sa Corpuz St.","Sa ulat, dakong alas -d:ag ng umaga ng Mayo ag, aag nang-maganap ang insidente sa cruz St.","['7', '00', '29', '2022', 'Corpuz']","{'7': ['b', 'c', 'd', 'e', 'f'], '00': ['ab', 'ad', 'ag', 'ah', 'ak'], '29': ['ab', 'ad', 'ag', 'ah', 'ak'], '2022': ['p25', 'aaba', 'aag', 'aako', 'aal'], 'Corpuz': ['corpus', 'corps', 'cruz', 'campus', 'carpet']}",TP,FN
"Nagawa ito ng Lady Bulldogs matapos ilampaso ang De La Salle University, 25-23, 25-20, 25-20, sa finals noong Sabado sa Rizal Memorial Coliseum.","Nagawa ito ng Lady Bulldogs matapos ilampaso ang De La Salle University, 25-23, 25-20, 25-20, sa finals noong Sabado sa Rizal Memorial Coliseum.","Nagawa ito ng Lady billings matapos nilampaso ang De La salfe University, ad-ad, ad-ag, ad-ag, sa finals noong Sabado sa bital Memorial koliseo.","['Bulldogs', 'ilampaso', 'Salle', '25', '23', '25', '20', '25', '20', 'Rizal', 'Coliseum']","{'Bulldogs': ['buldog', 'ballots', 'billings', 'billions', 'blogs'], 'ilampaso': ['ilampas', 'lampaso', 'nilampaso', 'lalampaso', 'lampas'], 'Salle': ['sable', 'sale', 'salfe', 'able', 'ale'], '25': ['p25', 'ab', 'ad', 'ag', 'ah'], '23': ['p3', 'ab', 'ad', 'ag', 'ah'], '20': ['ab', 'ad', 'ag', 'ah', 'ak'], 'Rizal': ['ribal', 'arial', 'bital', 'cial', 'dial'], 'Coliseum': ['coliform', 'colorum', 'koliseo', 'bolista', 'bolyum']}",FP,FP
"Gayunman, walang sumasagot sa mga-tawag at katok ang mag-asawa kaya kumuha na ng duplicate key si Clint at binuksan ang naka-locked na pinto ng bahay.","Gayunman, walang sumasagot sa mga tawag at katok ang mag-asawa kaya kumuha na ng duplicate key si Clint at binuksan ang naka-locked na pinto ng bahay.","Gayunman, walang sumasagot sa mga-tawag at katok ang mag-asawa kaya kumuha na ng duplicate key si alin at binuksan ang naka-locked na pinto ng bahay.",['Clint'],"{'Clint': ['client', 'cling', 'alin', 'aling', 'alit']}",TP,FN
Natanong din ito kung nakakaramdam daw ba ito ng pressure bilang anak ng music royalty na itinanggi nito dahil mahal daw nito ang musika at enjoy ito sa pag-perform.,Natanong din ito kung nakakaramdam daw ba ito ng pressure bilang anak ng music royalty na itinanggi nito dahil mahal daw nito ang musika at enjoy ito sa pag-perform.,Natanong din ito kung nakakaramdam daw ba ito ng pressure bilang anak ng music royalty na itinanggi nito dahil mahal daw nito ang musika at enjoy ito sa pag-perform.,[],{},TN,TN
"Si Ni?ño ay ilang beses ko nang nakikita kapag nagpupunta ako sa Los Angeles, pero si Krista, after ilang years ay nakita ko uli.","Si Ni?ño ay ilang beses ko nang nakikita kapag nagpupunta ako sa Los Angeles, pero si Krista, after ilang years ay nakita ko uli.","Si Ni?co ay ilang beses ko nang nakikita kapag nagpupunta ako sa Los ages, pero si arisga, after ilang years ay nakita ko uli.","['ño', 'Angeles', 'Krista']","{'ño': ['ao', 'bo', 'co', 'do', 'go'], 'Angeles': ['agecies', 'agents', 'ages', 'amperes', 'anakle'], 'Krista': ['korista', 'kristal', 'arisga', 'artista', 'bista']}",FP,FP
Bagamat malayo pa ang araw eleksyon ngayon pa lang ay nagsimula nang mag-ikot sa kanilang nasasakupan ang pamilyang ito.,Bagamat malayo pa ang araw eleksyon ngayon pa lang ay nagsimula nang mag-ikot sa kanilang nasasakupan ang pamilyang ito.,Bagamat malayo pa ang araw eleksyon ngayon pa lang ay nagsimula nang mag-ikot sa kanilang nasasakupan ang pamilyang ito.,[],{},TN,TN
Una ng nagbabala ang World Health Organization (WHO) tungkol sa XBB.1.5.,Una nang nagbabala ang World Health Organization (WHO) tungkol sa XBB.1.5.,Una ng nagbabala ang World Health Organization (WHO) tungkol sa abf.d.d.,"['XBB', '1', '5']","{'XBB': ['ab', 'aba', 'abf', 'abo', 'b'], '1': ['b', 'c', 'd', 'e', 'f'], '5': ['b', 'c', 'd', 'e', 'f']}",TP,FN
Pero bakit nga ba may mga baby na katulad ni Mark na isinisilang na na ubod nang laki?,Pero bakit nga ba may mga baby na katulad ni Mark na isinisilang na ubod nang laki?,Pero bakit nga ba may mga baby na katulad ni Mark na isinisilang na na ubod nang laki?,[],{},FN,FN
Naka-heightened alert na ngayon ang lahat nang unit ng Philipine National Police (PNP) upang masiguro ang seguridad ngayong Holy Week.,Naka-heightened alert na ngayon ang lahat ng unit ng Philipine National Police (PNP) upang masiguro ang seguridad ngayong Holy Week.,Naka-heightened alert na ngayon ang lahat nang unit ng pilipino National Police (pdp) upang masiguro ang seguridad ngayong Holy Week.,"['Philipine', 'PNP']","{'Philipine': ['philippine', 'philippines', 'pilipino', 'afilipino', 'filipino'], 'PNP': ['lpnp', 'pap', 'pdp', 'pep', 'png']}",TP,FN
"Grams at aabot sa P1,022,380 ang halaga nito.","Grams at aabot sa P1,022,380 ang halaga nito.","Grams at aabot sa pa,aal,aam ang halaga nito.","['P1', '022', '380']","{'P1': ['p', 'p3', 'pa', 'pg', 'ph'], '022': ['p25', 'aag', 'aal', 'aam', 'aat'], '380': ['aag', 'aal', 'aam', 'aat', 'aaw']}",FP,FP
"Actually hanggang ngayon sobrang alarmed pa rin ako na baka hindi siya bumalik kasi hanggang ngayon hindi pa rin okay, mahina pandinig ko.","Actually hanggang ngayon sobrang alarmed pa rin ako na baka hindi siya bumalik kasi hanggang ngayon hindi pa rin okay, mahina 'yung pandinig ko.","Actually hanggang ngayon sobrang alarmed pa rin ako na baka hindi siya bumalik kasi hanggang ngayon hindi pa rin okay, mahina pandinig ko.",[],{},FN,FN
"Kundi nga lang daw may baby siya na six-month old pa lang, pupunta din daw siya sa Baguio para magbakasyon sila ng kanyang mister dahil nagustuhan niya ang hitsura ng lugar na yon nang mapanood niya sa pelikula.","Kundi nga lang daw may baby siya na six-month old pa lang, pupunta rin daw siya sa Baguio para magbakasyon sila ng kanyang mister dahil nagustuhan niya ang hitsura ng lugar na yon nang mapanood niya sa pelikula.","Kundi nga lang daw may baby siya na six-month old pa lang, pupunta rin daw siya sa Baguio para magbakasyon sila ng kanyang mister dahil nagustuhan niya ang hitsura ng lugar na yon nang mapanood niya sa pelikula.",[],{},TP,TP
Nagsumite si Cris Nievarez ng tiyempong pitong-minuto at 21.28.,Nagsumite si Cris Nievarez ng tiyempong pitong minuto at 21.28.,Nagsumite si kris cleared ng tiyempong pitong-minuto at ag.ag.,"['Cris', 'Nievarez', '21', '28']","{'Cris': ['gris', 'iris', 'kris', 'acres', 'alis'], 'Nievarez': ['avegare', 'bearer', 'cleared', 'clearer', 'diarea'], '21': ['ab', 'ad', 'ag', 'ah', 'ak'], '28': ['ab', 'ad', 'ag', 'ah', 'ak']}",TP,FN
"Bagaman batid daw niya na may multo sa gusali, hindi naman daw karaniwang nanakit ang mga ito.","Bagaman batid daw niya na may multo sa gusali, hindi naman daw karaniwang nanakit ang mga ito.","Bagaman batid daw niya na may multo sa gusali, hindi naman daw karaniwang nanakit ang mga ito.",[],{},TN,TN
Mayroon din daw siyang dalawang anak.,Mayroon din daw siyang dalawang anak.,Mayroon din daw siyang dalawang anak.,[],{},TN,TN
Nakakuha ng kopya ng CCTV footage ang dalaga at agad itong nag-viral ilang sandali lang matapos niya itong i-post sa kanyang Facebook wall.,Nakakuha ng kopya ng CCTV footage ang dalaga at agad itong nag-viral ilang sandali lang matapos niya itong i-post sa kanyang Facebook wall.,Nakakuha ng kopya ng CCTV footage ang dalaga at agad itong nag-viral ilang sandali lang matapos niya itong i-post sa kanyang Facebook wall.,[],{},TN,TN
"Sa Bongabon, alas-8:50 ng gabi ng Huwebes ay nanonood lang sa mga nagpapaputok sa loob ng kanilang bahay ang 8-anyos nang bigla umanong lumabas at pinulot ang isang hindi pumutok na kwitis saka inilagay sa isang bote ng softdrink.","Sa Bongabon, alas-8:50 ng gabi ng Huwebes ay nanonood lang sa mga nagpapaputok sa loob ng kanilang bahay ang 8-anyos nang bigla umanong lumabas at pinulot ang isang hindi pumutok na kwitis saka inilagay sa isang bote ng softdrink.","Sa bangalin, alas-d:ag ng gabi ng Huwebes ay nanonood lang sa mga nagpapaputok sa loob ng kanilang bahay ang d-anyos nang bigla umanong lumabas at pinulot ang isang hindi pumutok na kwitis saka inilagay sa isang bote ng doktorin.","['Bongabon', '8', '50', '8', 'softdrink']","{'Bongabon': ['bongbong', 'bangalan', 'bangalin', 'bangan', 'banganan'], '8': ['b', 'c', 'd', 'e', 'f'], '50': ['ab', 'ad', 'ag', 'ah', 'ak'], 'softdrink': ['softdrinks', 'doctrine', 'doktorin', 'doktoring', 'doktrina']}",FP,FP
"Nakasakay din si Ligas at iba pang volunteers sa at pagkatapos, nilibre ni Diokno ang mga volunteer ng hapunan, kung saan kasama sa kanilang kinain ang mga specialty ng Cebu gaya ng lechon at tuslob buwa.","Nakasakay rin si Ligas at iba pang volunteers sa at pagkatapos, nilibre ni Diokno ang mga volunteer ng hapunan, kung saan kasama sa kanilang kinain ang mga specialty ng Cebu gaya ng lechon at tuslob buwa.","Nakasakay rin si Ligas at iba pang volunteers sa at pagkatapos, nilibre ni Diokno ang mga volunteer ng hapunan, kung saan kasama sa kanilang kinain ang mga specialty ng Cebu gaya ng lechon at tuslob buwa.",[],{},TP,TP
Sana magiging cooperative ang artistang ito dahil malaking bagay naman talaga ang pelikulang iyon para makilala siya at makakatulong ito sa sinusundan niyang project.,Sana magiging cooperative ang artistang ito dahil malaking bagay naman talaga ang pelikulang iyon para makilala siya at makakatulong ito sa susunod niyang project.,Sana magiging cooperative ang artistang ito dahil malaking bagay naman talaga ang pelikulang iyon para makilala siya at makakatulong ito sa sinusundan niyang project.,[],{},FN,FN
Nakaapekto din aniya ang pag-aalala at mental stress na labis na nakakaapekto sa puso.,Nakaapekto rin aniya ang pag-aalala at mental stress na labis na nakakaapekto sa puso.,Nakaapekto rin aniya ang pag-aalala at mental stress na labis na nakakaapekto sa puso.,[],{},TP,TP
Habang hindi pa lumalabas ang driver ay isang lalaki naman ang nakaabang sa likod ng sasakyan at nang nakitang lumabas na ang driver ay mabilis nitong binuksan ang passenger door.,Habang hindi pa lumalabas ang driver ay isang lalaki naman ang nakaabang sa likod ng sasakyan at nang nakitang lumabas na ang driver ay mabilis nitong binuksan ang passenger door.,Habang hindi pa lumalabas ang driver ay isang lalaki naman ang nakaabang sa likod ng sasakyan at nang nakitang lumabas na ang driver ay mabilis nitong binuksan ang passenger door.,[],{},TN,TN
Dito ay nagkaroon sila nang pagkakataon na maglabas ng sama ng loob nila sa isat isa.,Dito ay nagkaroon sila ng pagkakataon na maglabas ng sama ng loob nila sa isat isa.,Dito ay nagkaroon sila nang pagkakataon na maglabas ng sama ng loob nila sa isat isa.,[],{},FN,FN
Pero naging mas disiplinado na daw talaga siya sa kanyang kinakain.,Pero naging mas disiplinado na raw talaga siya sa kanyang kinakain.,Pero naging mas disiplinado na raw talaga siya sa kanyang kinakain.,[],{},TP,TP
"Enjoy rin dahil nang-malaman ng former singer-actor na si Jerome John Hughes na nandirito nga ako, sinundo niya ako sa Bellagio Hotel & Casino at nag-dinner kami sa Texas de Brazil.","Enjoy rin dahil nang malaman ng former singer-actor na si Jerome John Hughes na nandirito nga ako, sinundo niya ako sa Bellagio Hotel & Casino at nag-dinner kami sa Texas de Brazil.","Enjoy rin dahil nang-malaman ng former singer-actor na si aroma John highs na nandirito nga ako, sinundo niya ako sa bunlagin Hotel & Casino at nag-dinner kami sa delas de baril.","['Jerome', 'Hughes', 'Bellagio', 'Texas', 'Brazil']","{'Jerome': ['become', 'genome', 'aroma', 'became', 'before'], 'Hughes': ['higher', 'highest', 'highs', 'hugas', 'huge'], 'Bellagio': ['belyako', 'bulagin', 'bunlagin', 'pelagic', 'aalwagi'], 'Texas': ['tekas', 'texts', 'delas', 'ebas', 'exam'], 'Brazil': ['bail', 'banil', 'baril', 'brain', 'rail']}",TP,FN
Gustuhin man ngayon ng AlDub fans na umasa kina Alden at Maine ay wala nang pag-asa.,Gustuhin man ngayon ng AlDub fans na umasa kina Alden at Maine ay wala nang pag-asa.,Gustuhin man ngayon ng aldaba fans na umasa kina anden at maino ay wala nang pag-asa.,"['AlDub', 'Alden', 'Maine']","{'AlDub': ['alab', 'album', 'aldaba', 'aloob', 'alun'], 'Alden': ['alien', 'alyen', 'anden', 'aamen', 'absen'], 'Maine': ['maide', 'main', 'maino', 'maire', 'marine']}",FP,FP
Nanindigan din siya na higit na magkakaroon ng magandang motibasyon ang mga bata na mag-aral da hil alam nilang ang lahat ng kanilang ginagawang pagsusumikap ay minamarkahan ng maayos ng mga guro.,Nanindigan din siya na higit na magkakaroon ng magandang motibasyon ang mga bata na mag-aral dahil alam nilang ang lahat ng kanilang ginagawang pagsusumikap ay minamarkahan ng maayos ng mga guro.,Nanindigan din siya na higit na magkakaroon ng magandang motibasyon ang mga bata na mag-aral da hil alam nilang ang lahat ng kanilang ginagawang pagsusumikap ay minamarkahan ng maayos ng mga guro.,[],{},FN,FN
Dapat raw ay laging naka-monitor na professional pag nag-swab.,Dapat daw ay laging naka-monitor na professional pag nag-swab.,Dapat daw ay laging naka-monitor na professional pag nag-swab.,[],{},TP,TP
Hinihinalang nagmula sa mag ina na amo nito ang virus makaraang una silang magpositibo.,Hinihinalang nagmula sa mag-ina na amo nito ang virus makaraang una silang magpositibo.,Hinihinalang nagmula sa mag ina na amo nito ang virus makaraang una silang magpositibo.,[],{},FN,FN
"Aniya, ang naturang paggamit ng wang-wang ay naging simbulo ng pang-aabuso sa kapangyarihan.","Aniya, ang naturang paggamit ng wang-wang ay naging simbulo ng pang-aabuso sa kapangyarihan.","Aniya, ang naturang paggamit ng wang-wang ay naging simbulo ng pang-aabuso sa kapangyarihan.",[],{},TN,TN
Na ng konstruksyon ang natatapos at dadalhin na sa kanilang puwesto ang mga hayop sa susunod na linggo para sa pagbubukas ng zoo.,Na ng konstruksyon ang natatapos at dadalhin na sa kanilang puwesto ang mga hayop sa susunod na linggo para sa pagbubukas ng zoo.,Na ng konstruksyon ang natatapos at dadalhin na sa kanilang puwesto ang mga hayop sa susunod na linggo para sa pagbubukas ng zoo.,[],{},TN,TN
"Ang mga estudyante ay sumailalim sa tatlong parte nang kompetisyon: written test, multimedia test at substantial fieldwork na kinakailangan ng obserbasyon na siyang tutungo naman sa cartographic representation at geographical analysis.","Ang mga estudyante ay sumailalim sa tatlong parte ng kompetisyon: written test, multimedia test at substantial fieldwork na kinakailangan ng obserbasyon na siyang tutungo naman sa cartographic representation at geographical analysis.","Ang mga estudyante ay sumailalim sa tatlong parte nang kompetisyon: written test, multimedia test at substantial fieldwork na kinakailangan ng obserbasyon na siyang tutungo naman sa cartographic representation at geographical analysis.",[],{},FN,FN
"Irosin, Sorsogon, Philippines ?? Kalaboso ang isang public school teacher ng bayang ito matapos mahuli sa buy-bust operation na inilatag laban sa kanya ng mga ahente ng Philippine Drug Enforcement Agency (PDEA) at pulis kamakalawa ng umaga.","Irosin, Sorsogon, Philippines ?? Kalaboso ang isang public school teacher ng bayang ito matapos mahuli sa buy-bust operation na inilatag laban sa kanya ng mga ahente ng Philippine Drug Enforcement Agency (PDEA) at pulis kamakalawa ng umaga.","ibsin, aborsiyon, Philippines ?? Kalaboso ang isang public school teacher ng bayang ito matapos mahuli sa buy-bust operation na inilatag laban sa kanya ng mga ahente ng Philippine Drug Enforcement Agency (ada) at pulis kamakalawa ng umaga.","['Irosin', 'Sorsogon', 'PDEA']","{'Irosin': ['erosion', 'ibisin', 'ibsin', 'iibsin', 'imisin'], 'Sorsogon': ['monsoon', 'porsyon', 'aborsiyon', 'aborsyon', 'arson'], 'PDEA': ['idea', 'plea', 'ada', 'adya', 'apnea']}",FP,FP
"Hindi aniya bababa sa tig-tatlong saksak ang tinamo ng mga biktima, na nagresulta sa kanilang agarang kamatayan.","Hindi aniya bababa sa tig-tatlong saksak ang tinamo ng mga biktima, na nagresulta sa kanilang agarang kamatayan.","Hindi aniya bababa sa tig-tatlong saksak ang tinamo ng mga biktima, na nagresulta sa kanilang agarang kamatayan.",[],{},TN,TN
"Magiging mas maikli po ang pananatili ng OFW sa isang hotel, at mas liliit ang gastos para sa gobyerno, dagdag nito.","Magiging mas maikli po ang pananatili ng OFW sa isang hotel, at mas liliit ang gastos para sa gobyerno, dagdag nito.","Magiging mas maikli po ang pananatili ng aaw sa isang hotel, at mas liliit ang gastos para sa gobyerno, dagdag nito.",['OFW'],"{'OFW': ['of', 'off', 'aaw', 'arw', 'aw']}",FP,FP
"Nitong Linggo, nag-post sa Facebook si Edgar H Siscar, na makikita si Mike na kumakaway at nagpapasalamat sa mga tumulong sa kaniya habang nanatiling nakaratay sa pagamutan.","Nitong Linggo, nag-post sa Facebook si Edgar H Siscar, na makikita si Mike na kumakaway at nagpapasalamat sa mga tumulong sa kaniya habang nanatiling nakaratay sa pagamutan.","Nitong Linggo, nag-post sa Facebook si ecar H fiscal, na makikita si Mike na kumakaway at nagpapasalamat sa mga tumulong sa kaniya habang nanatiling nakaratay sa pagamutan.","['Edgar', 'Siscar']","{'Edgar': ['dear', 'ear', 'ecar', 'edad', 'edge'], 'Siscar': ['disbar', 'discard', 'fiscal', 'sical', 'sidecar']}",FP,FP
38 sa gilid ng kama ni Charlie na siyang ginamit nito sa pagpapatiwakal.,38 sa gilid ng kama ni Charlie na siyang ginamit nito sa pagpapatiwakal.,ag sa gilid ng kama ni arvie na siyang ginamit nito sa pagpapatiwakal.,"['38', 'Charlie']","{'38': ['ab', 'ad', 'ag', 'ah', 'ak'], 'Charlie': ['charade', 'charge', 'arvie', 'barbie', 'barli']}",FP,FP
"Layon ng panukala na magbigay ng kaginhawahan at accessibility sa mga botante na maaaring nahihirapang bumoto sa araw ng halalan, lalo na ang mga may mga isyu sa mobility tulad ng senior citizen at PWD.","Layon ng panukala na magbigay ng kaginhawahan at accessibility sa mga botante na maaaring nahihirapang bumoto sa araw ng halalan, lalo na ang mga may mga isyu sa mobility tulad ng senior citizen at PWD.","Layon ng panukala na magbigay ng kaginhawahan at accessibility sa mga botante na maaaring nahihirapang bumoto sa araw ng halalan, lalo na ang mga may mga isyu sa mobility tulad ng senior citizen at add.",['PWD'],"{'PWD': ['pad', 'ad', 'add', 'aid', 'amd']}",FP,FP
Milyon lamang ito at higit na mas malaki kaysa sa P37.5.,Milyon lamang ito at higit na mas malaki kaysa sa P37.5.,Milyon lamang ito at higit na mas malaki kaysa sa p.d.,"['P37', '5']","{'P37': ['p3', 'p57', 'p', 'p25', 'p75'], '5': ['b', 'c', 'd', 'e', 'f']}",FP,FP
"Pagkukuwento ng isang dati niyang kasamahan sa nasabing show, Dream niya talagang mag-artista, nabigo lang siya, kaya hanggang nung naging direktor na siya, e, bitbit pa din niya ang ilusyong maging artista siya!","Pagkukuwento ng isang dati niyang kasamahan sa nasabing show, Dream niya talagang mag-artista, nabigo lang siya, kaya hanggang nung naging direktor na siya, e, bitbit pa rin niya ang ilusyong maging artista siya!","Pagkukuwento ng isang dati niyang kasamahan sa nasabing show, Dream niya talagang mag-artista, nabigo lang siya, kaya hanggang nung naging direktor na siya, e, bitbit pa rin niya ang ilusyong maging artista siya!",[],{},TP,TP
"Sa ngayon, wala pa daw balak ang lokal na pamahalaan na magdeklara ng outbreak.","Sa ngayon, wala pa raw balak ang lokal na pamahalaan na magdeklara ng outbreak.","Sa ngayon, wala pa raw balak ang lokal na pamahalaan na magdeklara ng outbreak.",[],{},TP,TP
Tinawag ng apo ni Whang-od na si Gracia Palicas na scam daw ang sinasabing partisipasyon rito ng kanyang lola kasabay ng pagbibigay ng warning sa mga nagbabalak na mag-sign up sa nasabing kurso.,Tinawag ng apo ni Whang-od na si Gracia Palicas na scam daw ang sinasabing partisipasyon dito ng kanyang lola kasabay ng pagbibigay ng warning sa mga nagbabalak na mag-sign up sa nasabing kurso.,Tinawag ng apo ni uhang-ed na si grace halibas na scam daw ang sinasabing partisipasyon rito ng kanyang lola kasabay ng pagbibigay ng warning sa mga nagbabalak na mag-sign up sa nasabing kurso.,"['Whang', 'od', 'Gracia', 'Palicas']","{'Whang': ['hang', 'ihang', 'uhang', 'waang', 'wang'], 'od': ['ad', 'd', 'ed', 'id', 'o'], 'Gracia': ['acacia', 'graba', 'grace', 'granit', 'grapik'], 'Palicas': ['palias', 'alias', 'halibas', 'ipalikas', 'nalimas']}",TP,FN
Maging ang AstraZeneca vaccine ay nakapagbigay lamang ng maliit na proteksyon laban sa mild-moderate na impeksyon pero inaasahan na makakatulong pa pa rin ito para hindi maging malubha ang sakit o hindi mamatay ang isang pasyente.,Maging ang AstraZeneca vaccine ay nakapagbigay lamang ng maliit na proteksyon laban sa mild-moderate na impeksyon pero inaasahan na makakatulong pa rin ito para hindi maging malubha ang sakit o hindi mamatay ang isang pasyente.,Maging ang AstraZeneca vaccine ay nakapagbigay lamang ng maliit na proteksyon laban sa mild-moderate na impeksyon pero inaasahan na makakatulong pa pa rin ito para hindi maging malubha ang sakit o hindi mamatay ang isang pasyente.,[],{},FN,FN
"Higit P8-B ang nalikom nilang pondo, pinakamalaki ang ??Project Ugnayan? ng higit 36 na korporasyon na nagbigay ng 1.7.","Higit P8-B ang nalikom nilang pondo, pinakamalaki ang ??Project Ugnayan? ng higit 36 na korporasyon na nagbigay ng 1.7.","Higit pa-B ang nalikom nilang pondo, pinakamalaki ang ??Project Ugnayan? ng higit ag na korporasyon na nagbigay ng d.d.","['P8', '36', '1', '7']","{'P8': ['p', 'p3', 'pa', 'pg', 'ph'], '36': ['ab', 'ad', 'ag', 'ah', 'ak'], '1': ['b', 'c', 'd', 'e', 'f'], '7': ['b', 'c', 'd', 'e', 'f']}",FP,FP
Kasama ring papasok sa bubble si Ivorian Angelo Kouame na kasalukuyang inaayos naturalization para sa mga susunod na international tournaments ng Gilas.,Kasama ring papasok sa bubble si Ivorian Angelo Kouame na kasalukuyang inaayos ang naturalization para sa mga susunod na international tournaments ng Gilas.,Kasama ring papasok sa bubble si avian anger bocaue na kasalukuyang inaayos naturalization para sa mga susunod na international tournaments ng Gilas.,"['Ivorian', 'Angelo', 'Kouame']","{'Ivorian': ['ovarian', 'arian', 'avian', 'civilian', 'doorman'], 'Angelo': ['anglo', 'angal', 'anger', 'anggo', 'anggulo'], 'Kouame': ['kisame', 'became', 'bocaue', 'bounce', 'came']}",TP,FN
Nagdesisyon ang mga Atubaw na magtago sa mga tao sa Isla Pangil dahil sa kakaiba nilang kakayanan pagdating nila sa-tamang edad.,Nagdesisyon ang mga Atubaw na magtago sa mga tao sa Isla Pangil dahil sa kakaiba nilang kakayanan pagdating nila sa tamang edad.,Nagdesisyon ang mga matunaw na magtago sa mga tao sa Isla Pangil dahil sa kakaiba nilang kakayanan pagdating nila sa-tamang edad.,['Atubaw'],"{'Atubaw': ['atupag', 'kubaw', 'matunaw', 'natunaw', 'patunaw']}",TP,FN
Si Flores ay hinuli sa bisa ng warrant of arrest kaugnay ng paglabag saSection 22 (a) may kinalaman sa Section 22 (d) Section 28 (e) ngRepublic Act 8282 dahil sa umanoy di pagre-remit ng SSS contribution ng kasambahay.,Si Flores ay hinuli sa bisa ng warrant of arrest kaugnay ng paglabag saSection 22 (a) may kinalaman sa Section 22 (d) at Section 28 (e) ngRepublic Act 8282 dahil sa umanoy di pagre-remit ng SSS contribution ng kasambahay.,Si fares ay hinuli sa bisa ng warrant of arrest kaugnay ng paglabag selection ag (ag) may kinalaman sa Section ag (d) Section ag (e) republika Act aag dahil sa umanoy di pagre-remit ng SSS contribution ng kasambahay.,"['Flores', 'saSection', '22', 'a', '22', '28', 'ngRepublic', '8282']","{'Flores': ['flares', 'amores', 'fares', 'fires', 'flare'], 'saSection': ['sanction', 'section', 'selection', 'subsection', 'action'], '22': ['ab', 'ad', 'ag', 'ah', 'ak'], 'a': ['ab', 'ad', 'ag', 'ah', 'ak'], '28': ['ab', 'ad', 'ag', 'ah', 'ak'], 'ngRepublic': ['republic', 'public', 'republika', 'graphic', 'nagkubli'], '8282': ['p25', 'aaba', 'aag', 'aako', 'aal']}",TP,FN
"Sa isang relasyon, para maging smooth daw ito ay huwag ng pansinin ang mga maliliit na bagay na posibleng maging dahilan ng away.","Sa isang relasyon, para maging smooth daw ito ay huwag nang pansinin ang mga maliliit na bagay na posibleng maging dahilan ng away.","Sa isang relasyon, para maging smooth daw ito ay huwag ng pansinin ang mga maliliit na bagay na posibleng maging dahilan ng away.",[],{},FN,FN
"""Kasi ano rin to minsan si Brianna medyo moody rin eh.","""Kasi ano rin to minsan si Brianna medyo moody rin eh.","""Kasi ano rin to minsan si arian medyo body rin eh.","['Brianna', 'moody']","{'Brianna': ['britanya', 'aranya', 'arian', 'ariang', 'arina'], 'moody': ['mood', 'bloody', 'body', 'food', 'foods']}",FP,FP
Kinilala at sinaluduhan niya ang mahalagang papel na ginagampanan ng mga magsasaka sa pagtiyak ng supply ng pagkain ng mga Pilipino gayundin sa pagpapanatili ng ekonomiya ng bansa.,Kinilala at sinaluduhan niya ang mahalagang papel na ginagampanan ng mga magsasaka sa pagtiyak ng supply ng pagkain ng mga Pilipino gayundin sa pagpapanatili ng ekonomiya ng bansa.,Kinilala at sinaluduhan niya ang mahalagang papel na ginagampanan ng mga magsasaka sa pagtiyak ng supply ng pagkain ng mga Pilipino gayundin sa pagpapanatili ng ekonomiya ng bansa.,[],{},TN,TN
Tama ba ang narinig namin na hindi lang pelikula ang gagawin ng ex-couple na sina Sharon Cuneta at Gabby Concepcion?,Tama ba ang narinig namin na hindi lang pelikula ang gagawin ng ex-couple na sina Sharon Cuneta at Gabby Concepcion?,Tama ba ang narinig namin na hindi lang pelikula ang gagawin ng ex-couple na sina hapon cinema at aaboy concessions?,"['Sharon', 'Cuneta', 'Gabby', 'Concepcion']","{'Sharon': ['baron', 'hamon', 'hapon', 'haro', 'harok'], 'Cuneta': ['bunete', 'bunita', 'cinema', 'gunita', 'hunta'], 'Gabby': ['gabay', 'aabay', 'aaboy', 'abay', 'aboy'], 'Concepcion': ['concession', 'coercion', 'concessions', 'conclusion', 'confession']}",FP,FP
"Aniya, hindi man lang sila kapapasok sa loob ng kompanya para malaman kung ano ang nangyari at hindi man lang sila bigyan ng kopya ng CCTV.","Aniya, hindi man lang sila pinapasok sa loob ng kompanya para malaman kung ano ang nangyari at hindi man lang sila bigyan ng kopya ng CCTV.","Aniya, hindi man lang sila kapapasok sa loob ng kompanya para malaman kung ano ang nangyari at hindi man lang sila bigyan ng kopya ng CCTV.",[],{},FN,FN
Hindi ko din naman alam noon na meron pala siyang special child at siya ang naaalala niya sa awit ko.,Hindi ko rin naman alam noon na meron pala siyang special child at siya ang naaalala niya sa awit ko.,Hindi ko rin naman alam noon na meron pala siyang special child at siya ang naaalala niya sa awit ko.,[],{},TP,TP
"Sinabi ni Remulla na sasailalim sa preliminary investigation ang nakababatang Teves at tiniyak niya na igagalang ang lahat ng karapatan ng lahat ng nasasangkot sa kaso, kabilang ang kanilang karapatan sa due process.","Sinabi ni Remulla na sasailalim sa preliminary investigation ang nakababatang Teves at tiniyak niya na igagalang ang lahat ng karapatan ng lahat ng nasasangkot sa kaso, kabilang ang kanilang karapatan sa due process.","Sinabi ni Remulla na sasailalim sa preliminary investigation ang nakababatang ever at tiniyak niya na igagalang ang lahat ng karapatan ng lahat ng nasasangkot sa kaso, kabilang ang kanilang karapatan sa due process.",['Teves'],"{'Teves': ['beses', 'even', 'ever', 'eyes', 'fees']}",FP,FP
"Bilyon nang Department of Budget and Management nitong Biyernes, na sasaklaw mula ika-1 ng Enero, 2022 hanggang matapos ang public health emergency.","Bilyon ng Department of Budget and Management nitong Biyernes, na sasaklaw mula ika-1 ng Enero, 2022 hanggang matapos ang public health emergency.","Bilyon nang Department of Budget and Management nitong Biyernes, na sasaklaw mula ika-d ng Enero, aag hanggang matapos ang public health emergency.","['1', '2022']","{'1': ['b', 'c', 'd', 'e', 'f'], '2022': ['p25', 'aaba', 'aag', 'aako', 'aal']}",TP,FN
May ilan pang mga artistang nalaman naming nag-positive rin sa COVID-19 pero tahimik na lang silang nagpapagaling sa kanilang tahanan.,May ilan pang mga artistang nalaman naming nag-positive rin sa COVID-19 pero tahimik na lang silang nagpapagaling sa kanilang tahanan.,May ilan pang mga artistang nalaman naming nag-positive rin sa COVID-ag pero tahimik na lang silang nagpapagaling sa kanilang tahanan.,['19'],"{'19': ['ab', 'ad', 'ag', 'ah', 'ak']}",FP,FP
Na muling buhayin ang naturang kampanya laban sa mga motoristang hindi naman dapat gumagamit ng naturang wang wang at blinker.,Na muling buhayin ang naturang kampanya laban sa mga motoristang hindi naman dapat gumagamit ng naturang wang-wang at blinker.,Na muling buhayin ang naturang kampanya laban sa mga motoristang hindi naman dapat gumagamit ng naturang wang wang at blinker.,[],{},FN,FN
"Kinukuya-kuya ko pa naman siya tapos ganyan, hayop pala siya, demonyo.","Kinukuya-kuya ko pa naman siya tapos ganyan, hayop pala siya, demonyo.","kinukusa-kuya ko pa naman siya tapos ganyan, hayop pala siya, demonyo.",['Kinukuya'],"{'Kinukuya': ['kinukuha', 'kinukula', 'kinukusa', 'kinukutya', 'ikinukuha']}",FP,FP
"Sa ulat, pasado alas-7 ng gabi, magkasamang tinungo ng mag-amang Padua para kausapin at ayusin ang hindi pa malamang problema nila kay Casin.","Sa ulat, pasado alas-7 ng gabi, magkasamang tinungo ng mag-amang Padua para kausapin at ayusin ang hindi pa malamang problema nila kay Casin.","Sa ulat, pasado alas-d ng gabi, magkasamang tinungo ng mag-amang parea para kausapin at ayusin ang hindi pa malamang problema nila kay basin.","['7', 'Parua', 'Casin']","{'7': ['b', 'c', 'd', 'e', 'f'], 'Parua': ['para', 'paraa', 'parea', 'parusa', 'aaruga'], 'Casin': ['aasin', 'asin', 'basin', 'cabin', 'casino']}",FP,FP
"Bukod dito, ikinukonsidera na din nila ang magdaos na rin ng vo-ters registration tuwing weekends o sa Sabado at Linggo at pagsasagawa ng barangay satellite registration kung saan bababa sila sa mga barangay para ihatid ang pagpaparehistro ng mas malapit sa tao.","Bukod dito, ikinukonsidera na rin nila ang magdaos na rin ng vo-ters registration tuwing weekends o sa Sabado at Linggo at pagsasagawa ng barangay satellite registration kung saan bababa sila sa mga barangay para ihatid ang pagpaparehistro ng mas malapit sa tao.","Bukod dito, ikinukonsidera na rin nila ang magdaos na rin ng vo-ters registration tuwing weekends o sa Sabado at Linggo at pagsasagawa ng barangay satellite registration kung saan bababa sila sa mga barangay para ihatid ang pagpaparehistro ng mas malapit sa tao.",[],{},TP,TP
Wala pang kumpirmasyon kumpirmasyon ang Partido Liberal kung sino ang magiging running mate nito sa pagka-bise presidente bagamat malakas ang ugong na itoy si Sen.,Wala pang kumpirmasyon ang Partido Liberal kung sino ang magiging running mate nito sa pagka-bise presidente bagamat malakas ang ugong na itoy si Sen.,Wala pang kumpirmasyon kumpirmasyon ang Partido Liberal kung sino ang magiging running mate nito sa pagka-bise presidente bagamat malakas ang ugong na itoy si Sen.,[],{},FN,FN
"Sa dami ng kaniyang naipagawa sa katawan, sinabi ni Joylyn na umabot na raw sa P1.3.","Sa dami ng kaniyang naipagawa sa katawan, sinabi ni Joylyn na umabot na raw sa P1.3.","Sa dami ng kaniyang naipagawa sa katawan, sinabi ni doyling na umabot na raw sa pa.d.","['Joylyn', 'P1', '3']","{'Joylyn': ['colon', 'doyli', 'doyling', 'holen', 'holin'], 'P1': ['p', 'p3', 'pa', 'pg', 'ph'], '3': ['b', 'c', 'd', 'e', 'f']}",FP,FP
"Nakita n??yo yung bird flu wala naman tayo niyan, yung ASF wala naman tayo niyan eh kasi imported yung sakit eh.","Nakita n??yo yung bird flu wala naman tayo niyan, yung ASF wala naman tayo niyan eh kasi imported yung sakit eh.","Nakita n??yo yung bird flu wala naman tayo niyan, yung as wala naman tayo niyan eh kasi imported yung sakit eh.",['ASF'],"{'ASF': ['abf', 'anf', 'as', 'asa', 'ash']}",FP,FP
Mamahagi sila ng tulong at ayuda sa Brgy.,Mamahagi sila ng tulong at ayuda sa Brgy.,Mamahagi sila ng tulong at ayuda sa Brgy.,[],{},TN,TN
"Dalawang lalaking magkaangkas sa motorsiklo ang patay nang tambangan at pagbabarilin ng riding-in-tandem sa Binangonan, Rizal kamakalawa ng hapon.","Dalawang lalaking magkaangkas sa motorsiklo ang patay nang tambangan at pagbabarilin ng riding-in-tandem sa Binangonan, Rizal kamakalawa ng hapon.","Dalawang lalaking magkaangkas sa motorsiklo ang patay nang tambangan at pagbabarilin ng riding-in-tandem sa Binangonan, bital kamakalawa ng hapon.",['Rizal'],"{'Rizal': ['ribal', 'arial', 'bital', 'cial', 'dial']}",FP,FP
Humihingi din siya ng hustisya para sa kanyang kapatid dahil sa kalunus-lunos na sinapit nito.,Humihingi rin siya ng hustisya para sa kanyang kapatid dahil sa kalunus-lunos na sinapit nito.,Humihingi rin siya ng hustisya para sa kanyang kapatid dahil sa kalunus-lunos na sinapit nito.,[],{},TP,TP
"Ayon sa biktima, matapos ang dalawang oras na masahe, humihingi umano ng ""extra service"" ang suspek.","Ayon sa biktima, matapos ang dalawang oras na masahe, humingi umano ng ""extra service"" ang suspek.","Ayon sa biktima, matapos ang dalawang oras na masahe, humihingi umano ng ""extra service"" ang suspek.",[],{},FN,FN
"Sa huling ulat nang DOH, umabot na sa 564,865 ang tinatamaan ng COVID-19 sa Pilipinas.","Sa huling ulat ng DOH, umabot na sa 564,865 ang tinatamaan ng COVID-19 sa Pilipinas.","Sa huling ulat nang DOH, umabot na sa aam,aag ang tinatamaan ng COVID-ag sa Pilipinas.","['564', '865', '19']","{'564': ['aag', 'aal', 'aam', 'aat', 'aaw'], '865': ['p25', 'p75', 'aag', 'aal', 'aam'], '19': ['ab', 'ad', 'ag', 'ah', 'ak']}",TP,FN
"Nabago po ng Idol yung buhay ko kasi sila yung nagbigay sa akin ng chance na ipakita yung talent ko sa mga tao at iyon ang tingnan nila at humihindi yung mga controversy na nagdaan sa buhay ko, sabi niya.","Nabago po ng Idol yung buhay ko kasi sila yung nagbigay sa akin ng chance na ipakita yung talent ko sa mga tao at iyon ang tingnan nila at hindi yung mga controversy na nagdaan sa buhay ko, sabi niya.","Nabago po ng iro yung buhay ko kasi sila yung nagbigay sa akin ng chance na ipakita yung talent ko sa mga tao at iyon ang tingnan nila at humihigi yung mga controversy na nagdaan sa buhay ko, sabi niya.","['Irol', 'humihindi']","{'Irol': ['idol', 'iral', 'iro', 'irog', 'iron'], 'humihindi': ['humihingi', 'humihibi', 'humihigi', 'humihikbi', 'humihina']}",TP,FN
Ngayong buwan lang ng sabihin ni incoming Justice Secretary Cavite Rep.,Ngayong buwan lang nang sabihin ni incoming Justice Secretary Cavite Rep.,Ngayong buwan lang ng sabihin ni incoming Justice Secretary Cavite Rep.,[],{},FN,FN
"Nakakahiya raw ang ginawa niya, basta na lang daw niya nilayasan ang unit ng putol na ang ilaw at tubig, napakarumi pa.","Nakakahiya raw ang ginawa niya, basta na lang daw niya nilayasan ang unit nang putol na ang ilaw at tubig, napakarumi pa.","Nakakahiya raw ang ginawa niya, basta na lang daw niya nilayasan ang unit ng putol na ang ilaw at tubig, napakarumi pa.",[],{},FN,FN
Brgy RH 3 ng lungsod nang biglang pumasok ang mga hindi kilalang salarin at agad siyang pinagbabaril gamit ang kalibre.,Brgy RH 3 ng lungsod nang biglang pumasok ang mga hindi kilalang salarin at agad siyang pinagbabaril gamit ang kalibre.,Brgy h d ng lungsod nang biglang pumasok ang mga hindi kilalang salarin at agad siyang pinagbabaril gamit ang kalibre.,"['RH', '3']","{'RH': ['ah', 'eh', 'h', 'kh', 'oh'], '3': ['b', 'c', 'd', 'e', 'f']}",FP,FP
Isa ring siyam na buwang sanggol ang nai-ligtas kasama ng kaniyang ina na ibinebenta rin ng sindikato.,Isa ring siyam na buwang sanggol ang nai-ligtas kasama ng kaniyang ina na ibinebenta rin ng sindikato.,Isa ring siyam na buwang sanggol ang nai-ligtas kasama ng kaniyang ina na ibinebenta rin ng sindikato.,[],{},TN,TN
Pinaniwalaan si Batonghinog na panahon na upang ipatupad ng ibang lungsod ang NCAP dahil patuloy ang pagdami ng mga sasakyan sa lansangan at hirap sa pagmamando ng daloy ng trapiko.,Naniniwala si Batonghinog na panahon na upang ipatupad ng ibang lungsod ang NCAP dahil patuloy ang pagdami ng mga sasakyan sa lansangan at hirap sa pagmamando ng daloy ng trapiko.,Pinaniwalaan si bagoonging na panahon na upang ipatupad ng ibang lungsod ang akap dahil patuloy ang pagdami ng mga sasakyan sa lansangan at hirap sa pagmamando ng daloy ng trapiko.,"['Batonghinog', 'NCAP']","{'Batonghinog': ['batinging', 'batingting', 'bagoonging', 'bahobahing', 'baitanging'], 'NCAP': ['cap', 'agap', 'akap', 'alap', 'andap']}",TP,FN
Binanggit din ni Kris ang iba pang kumpanya na tumulong sa kanila para makapag-abot ng ayuda sa mga biktima ni Odette.,Binanggit din ni Kris ang iba pang kumpanya na tumulong sa kanila para makapag-abot ng ayuda sa mga biktima ni Odette.,Binanggit din ni Kris ang iba pang kumpanya na tumulong sa kanila para makapag-abot ng ayuda sa mga biktima ni Odette.,[],{},TN,TN
"130,000 dose ng coronavac mula sa Sinovac Biotech ng China ang ibinibigay sa mga NCR ospital.","130,000 dose ng coronavac mula sa Sinovac Biotech ng China ang ibibigay sa mga NCR ospital.","aal,aam dose ng koronahan mula sa Sinovac Biotech ng China ang ibinibigay sa mga NCR ospital.","['130', '000', 'coronavac']","{'130': ['p3', 'aag', 'aal', 'aam', 'aat'], '000': ['aag', 'aal', 'aam', 'aat', 'aaw'], 'coronavac': ['corona', 'coronary', 'koronahan', 'caravan', 'cardava']}",TP,FN
Bukod dito ay marami din umanong magulang ang walang panahon o limitado ang oras para maturuan ang mga bata.,Bukod dito ay marami rin umanong magulang ang walang panahon o limitado ang oras para maturuan ang mga bata.,Bukod dito ay marami rin umanong magulang ang walang panahon o limitado ang oras para maturuan ang mga bata.,[],{},TP,TP
"Panoorin ang buong kuwento ng dedikasyon ng mga guro sa kanilang tungkulin, at ang pagpupursige ng mga mag-aaral at kanilang mga magulang para sa edukasyon.","Panoorin ang buong kuwento ng dedikasyon ng mga guro sa kanilang tungkulin, at ang pagpupursige ng mga mag-aaral at kanilang mga magulang para sa edukasyon.","Panoorin ang buong kuwento ng dedikasyon ng mga guro sa kanilang tungkulin, at ang pagpupursige ng mga mag-aaral at kanilang mga magulang para sa edukasyon.",[],{},TN,TN
"Gayunman, hindi daw kaagad sila pinayagan ng guard sa hotel na makapasok dahil sarado na raw ito para sa mga bisita.","Gayunman, hindi raw kaagad sila pinayagan ng guard sa hotel na makapasok dahil sarado na raw ito para sa mga bisita.","Gayunman, hindi raw kaagad sila pinayagan ng guard sa hotel na makapasok dahil sarado na raw ito para sa mga bisita.",[],{},TP,TP
"Dahil sa kanyang mga pangarap, e, ginagawa niya ang lahat lahat!","Dahil sa kanyang mga pangarap, e, ginagawa niya ang lahat-lahat!","Dahil sa kanyang mga pangarap, e, ginagawa niya ang lahat lahat!",[],{},FN,FN
Paano kaya niya tatanggap na muling makapiling at nayakap si Bon Bon pero hindi na gumagalaw?,Paano kaya niya tinanggap na muling makapiling at nayakap si Bon Bon pero hindi na gumagalaw?,Paano kaya niya tatanggap na muling makapiling at yayakap si baon baon pero hindi na gumagalaw?,"['nayakap', 'Bon', 'Bon']","{'nayakap': ['nayakag', 'niyakap', 'yayakap', 'aakap', 'bayakan'], 'Bon': ['aon', 'ban', 'baon', 'bin', 'bo']}",TP,FN
Nagtataka lang ako kung bakit hindi siya kasing sikat ng ibang drama actor gayung nasa kanya naman halos lahat ng quality ng isang puwedeng maging big star.,Nagtataka lang ako kung bakit hindi siya kasing-sikat ng ibang drama actor gayung nasa kanya naman halos lahat ng quality ng isang puwedeng maging big star.,Nagtataka lang ako kung bakit hindi siya kasing sikat ng ibang drama actor gayung nasa kanya naman halos lahat ng quality ng isang puwedeng maging big star.,[],{},FN,FN
Medyo humihingal siya at lalo pang nasira ang ang tuhod niya dahil sa bigat niya.,Medyo humihingal siya at lalo pang nasira ang tuhod niya dahil sa bigat niya.,Medyo humihingal siya at lalo pang nasira ang ang tuhod niya dahil sa bigat niya.,[],{},FN,FN
Ako rin ay minadali minsan.,Ako rin ay nagmamadali minsan.,Ako rin ay minadali minsan.,[],{},FN,FN
"Nakikita ko, as yung brother niya, yari sa kaniya lahat ng âyan, heâs trying to be strong, ani Vin.","Nakikita ko, as yung brother niya, nangyayari sa kaniya lahat ng âyan, heâs trying to be strong, ani Vin.","Nakikita ko, as yung brother niya, yari sa kaniya lahat ng dyan, hers trying to be strong, ani Vin.","['â', 'heâ']","{'â': ['b', 'c', 'd', 'e', 'f'], 'heâ': ['he', 'hep', 'her', 'be', 'bed']}",TP,FN
"Ito ay dahil hindi natutupad ang mga pangako nito at naging dagdag na pasanin pasanin lamang ito sa ating mga magulang at mga mag-aaral, wika ni Sen.","Ito ay dahil hindi natutupad ang mga pangako nito at naging dagdag na pasanin lamang ito sa ating mga magulang at mga mag-aaral, wika ni Sen.","Ito ay dahil hindi natutupad ang mga pangako nito at naging dagdag na pasanin pasanin lamang ito sa ating mga magulang at mga mag-aaral, wika ni Sen.",[],{},FN,FN
Na-engaged si Kris nang mag-propose sa kaniya si Perry Pebrero noong nakaraang taon.,Na-engaged si Kris nang mag-propose sa kaniya si Perry Pebrero noong nakaraang taon.,Na-aged si Kris nang mag-promos sa kaniya si percy Pebrero noong nakaraang taon.,"['engaged', 'propose', 'Perry']","{'engaged': ['engage', 'engined', 'aged', 'damaged', 'enabled'], 'propose': ['proposed', 'promise', 'promos', 'promote', 'propesa'], 'Perry': ['ferry', 'jerry', 'percy', 'carry', 'derby']}",FP,FP
Ang tangkang pagpatay sa kapitan ay lalong nagdulot ng malaking takot sa mga residente na halos karamihan ay gusto ng umalis sa kanilang barangay dahil sa hindi mahuli-huli ng Libon Police at Albay PNP Provincial Office ang mga suspek.,Ang tangkang pagpatay sa kapitan ay lalong nagdulot ng malaking takot sa mga residente na halos karamihan ay gusto nang umalis sa kanilang barangay dahil sa hindi mahuli-huli ng Libon Police at Albay PNP Provincial Office ang mga suspek.,Ang tangkang pagpatay sa kapitan ay lalong nagdulot ng malaking takot sa mga residente na halos karamihan ay gusto ng umalis sa kanilang barangay dahil sa hindi mahuli-huli ng labon Police at Albay pdp Provincial Office ang mga suspek.,"['Libon', 'PNP']","{'Libon': ['ibon', 'iibon', 'labon', 'liban', 'libo'], 'PNP': ['lpnp', 'pap', 'pdp', 'pep', 'png']}",TP,FN
"Habang ang iba na kapos, matutunan pa din natin ang magbahagi, sambit ng senadora.","Habang ang iba na kapos, matutunan pa rin natin ang magbahagi, sambit ng senadora.","Habang ang iba na kapos, matutunan pa rin natin ang magbahagi, sambit ng senadora.",[],{},TP,TP
"Nagulat na na lamang daw ang suspek nang may warrant of arrest na laban sa kanyaSherylin Untalan/KG, GMA News.","Nagulat na lamang daw ang suspek nang may warrant of arrest na laban sa kanyaSherylin Untalan/KG, GMA News.","Nagulat na na lamang daw ang suspek nang may warrant of arrest na laban sa aasarulin antala/KG, gia News.","['kanyaSherylin', 'Untalan', 'GMA']","{'kanyaSherylin': ['kanselin', 'kanyahin', 'aasarulin', 'banyasin', 'kahaharapin'], 'Untalan': ['buntalan', 'angalan', 'antala', 'antalang', 'batalan'], 'GMA': ['ama', 'ga', 'gia', 'goma', 'gra']}",TP,FN
"Sabi ni Tan, makakatulong rin ito sa mga mamimili sa pag-monitor ng kanilang diyeta o pagtugon sa kanilang chronic diseases tulad ng sakit sa puso at diabetes.","Sabi ni Tan, makakatulong din ito sa mga mamimili sa pag-monitor ng kanilang diyeta o pagtugon sa kanilang chronic diseases tulad ng sakit sa puso at diabetes.","Sabi ni Tan, makakatulong din ito sa mga mamimili sa pag-monitor ng kanilang diyeta o pagtugon sa kanilang chronic diseases tulad ng sakit sa puso at diabetes.",[],{},TP,TP
Kahit nga raw may takot at pangamba sa tuwing malakas ang ulan ay nagtitiis na lang sila talaga dahil wala naman silang ibang lugar na pupuntahan lalo nat may tatlo silang mga anak.,Kahit nga raw may takot at pangamba sa tuwing malakas ang ulan ay nagtitiis na lang sila talaga dahil wala naman silang ibang lugar na pupuntahan lalo nat may tatlo silang mga anak.,Kahit nga raw may takot at pangamba sa tuwing malakas ang ulan ay nagtitiis na lang sila talaga dahil wala naman silang ibang lugar na pupuntahan lalo nat may tatlo silang mga anak.,[],{},TN,TN
Yun pala ay ang fans raw ni Toni na nagpapaalam na.,Yun pala ay ang fans daw ni Toni na nagpapaalam na.,Yun pala ay ang fans daw ni tone na nagpapaalam na.,['Toni'],"{'Toni': ['tini', 'ton', 'tone', 'tong', 'tono']}",TP,FN
"Itanong nyo na lang kay Gerald bakit iniwan, mas bongga pa!","Itanong nyo na lang kay Gerald bakit siya iniwan, mas bongga pa!","Itanong nyo na lang kay Gerald bakit iniwan, mas bongga pa!",[],{},FN,FN
"Kumakanta rin siya, sumasayaw, napakarami niyang talento.","Kumakanta rin siya, sumasayaw, napakarami niyang talento.","Kumakanta rin siya, sumasayaw, napakarami niyang talento.",[],{},TN,TN
"Sa pagtaya ng ilang impormante mula sa industriya ng langis sa bansa, nilaro sa P3 hanggang P3.30.","Sa pagtaya ng ilang impormante mula sa industriya ng langis sa bansa, maglalaro sa P3 hanggang P3.30.","Sa pagtaya ng ilang impormante mula sa industriya ng langis sa bansa, nilaro sa P3 hanggang P3.ag.",['30'],"{'30': ['ab', 'ad', 'ag', 'ah', 'ak']}",TP,FN
Isa sa mga tinawagan niya ay 20 hanggang 30 beses pa kailangang kontakin para lang makausap ng dalawa hanggang tatlong minuto bago maputol ang tawag.,Isa sa mga tinawagan niya ay 20 hanggang 30 beses pa kailangang kontakin para lang makausap ng dalawa hanggang tatlong minuto bago maputol ang tawag.,Isa sa mga tinawagan niya ay ag hanggang ag beses pa kailangang kontakin para lang makausap ng dalawa hanggang tatlong minuto bago maputol ang tawag.,"['20', '30']","{'20': ['ab', 'ad', 'ag', 'ah', 'ak'], '30': ['ab', 'ad', 'ag', 'ah', 'ak']}",FP,FP
Isa rito ay ang P29 billion over recovery ng kanilang distribution charges mula 2013-2018 ngunit hanggang ngayon ay hinihindian nareresolba ng ERC.,Isa rito ay ang P29 billion over recovery ng kanilang distribution charges mula 2013-2018 ngunit hanggang ngayon ay hindi nareresolba ng ERC.,Isa rito ay ang p3 billion over recovery ng kanilang distribution charges mula aag-aako ngunit hanggang ngayon ay hinihinawan nareresolba ng etc.,"['P29', '2013', '2018', 'hinihindian', 'ERC']","{'P29': ['p25', 'p', 'p3', 'p57', 'p75'], '2013': ['p3', 'aaba', 'aag', 'aako', 'aal'], '2018': ['aaba', 'aag', 'aako', 'aal', 'aala'], 'hinihindian': ['hinihingian', 'hinihinaan', 'hinihinawan', 'hinihinayan', 'hinihingan'], 'ERC': ['era', 'ere', 'etc', 'ar', 'arch']}",TP,FN
"Una rito, binalaan ni Nacnas si Dulansi at dalawa pang kasama na sina Cadet 1st Class Guminigin at Cadet 1stClass Tudlong na isusumbong sa kanilang superior nang mahuli ang tatlo na iinom ng alak sa roof deck.","Una rito, binalaan ni Nacnas si Dulansi at dalawa pang kasama na sina Cadet 1st Class Guminigin at Cadet 1stClass Tudlong na isusumbong sa kanilang superior nang mahuli ang tatlo na umiinom ng alak sa roof deck.","Una rito, binalaan ni agnas si kulani at dalawa pang kasama na sina Cadet st Class uulinigin at Cadet cass sudlong na isusumbong sa kanilang superior nang mahuli ang tatlo na iinom ng alak sa roof deck.","['Nacnas', 'Dulansi', '1st', 'Guminigin', '1stClass', 'Tudlong']","{'Nacnas': ['nasnas', 'aagnas', 'agnas', 'anas', 'banas'], 'Dulansi': ['dulang', 'dulas', 'kulani', 'lalansi', 'lansi'], '1st': ['ast', 'ost', 'st', 'aat', 'act'], 'Guminigin': ['tumingin', 'ulinigin', 'uulinigin', 'bulingin', 'bumibitin'], '1stClass': ['class', 'atlas', 'cass', 'clams', 'clans'], 'Tudlong': ['budlong', 'kudlong', 'sudlong', 'tadlong', 'tudlang']}",TP,FN
"Ayaw na nilang maulit pa yun, kaya ngayong in-love na naman ang male personality, masaya na din ang pamilya niya para sa kanya.","Ayaw na nilang maulit pa yun, kaya ngayong in-love na naman ang male personality, masaya na rin ang pamilya niya para sa kanya.","Ayaw na nilang maulit pa yun, kaya ngayong in-love na naman ang male personality, masaya na rin ang pamilya niya para sa kanya.",[],{},TP,TP
Ang pagkilala ay ipinagkaloob kaalinsabay ng paggunita sa National Disaster Resilience Month.,Ang pagkilala ay ipinagkaloob kaalinsabay ng paggunita sa National Disaster Resilience Month.,Ang pagkilala ay ipinagkaloob kaalinsabay ng paggunita sa National Disaster Resilience Month.,[],{},TN,TN
"Duwag rin siya pagdating sa mga multo, kwento niya.","Duwag din siya pagdating sa mga multo, kwento niya.","Duwag din siya pagdating sa mga multo, kwento niya.",[],{},TP,TP
"Dahil hindi sapat ang kita sa paglalabada, hindi niya naipagamot ang anak, at hindi din maibili ng magandang matres na mahihigan dahil inaabot ng mahigit P1,000 ang halaga.","Dahil hindi sapat ang kita sa paglalabada, hindi niya naipagamot ang anak, at hindi rin maibili ng magandang matres na mahihigan dahil inaabot ng mahigit P1,000 ang halaga.","Dahil hindi sapat ang kita sa paglalaba, hindi niya naipagamot ang anak, at hindi rin maibili ng magandang matres na mahihigab dahil inaabot ng mahigit pa,aam ang halaga.","['paglalabada', 'mahihigan', 'P1', '000']","{'paglalabada': ['maglalabada', 'naglalabada', 'paglalaba', 'paglalaban', 'paglalabanan'], 'mahihigan': ['mahihiga', 'mahihigaan', 'mahihigab', 'mahihigang', 'mahihigtan'], 'P1': ['p', 'p3', 'pa', 'pg', 'ph'], '000': ['aag', 'aal', 'aam', 'aat', 'aaw']}",TP,FN
Parang bumalik na nga sa dati ang lahat.,Parang bumalik na nga sa dati ang lahat.,Parang bumalik na nga sa dati ang lahat.,[],{},TN,TN
"Grabe, na may mga tao na hindi ko akalain na handa akong tulungan pag kailangan ko.","Grabe, na may mga tao na hindi ko akalain na handa akong tulungan pag kailangan ko.","Grabe, na may mga tao na hindi ko akalain na handa akong tulungan pag kailangan ko.",[],{},TN,TN
Binigyan na daw siya ng taning at 10% na tsansang mabuhay.,Binigyan na raw siya ng taning at 10% na tsansang mabuhay.,Binigyan na raw siya ng taning at ag% na tsansang mabuhay.,['10'],"{'10': ['ab', 'ad', 'ag', 'ah', 'ak']}",TP,FN
Ang pi lot testing ng face-to-face classes ay sinimulan noong Nobyembre 15 sa ilang piling lugar na low risk o mababa lamang ang kaso ng COVID-19.,Ang pilot testing ng face-to-face classes ay sinimulan noong Nobyembre 15 sa ilang piling lugar na low risk o mababa lamang ang kaso ng COVID-19.,Ang pi lot testing ng face-to-face classes ay sinimulan noong Nobyembre ag sa ilang piling lugar na low risk o mababa lamang ang kaso ng COVID-ag.,"['15', '19']","{'15': ['ab', 'ad', 'ag', 'ah', 'ak'], '19': ['ab', 'ad', 'ag', 'ah', 'ak']}",TP,FN
Milyong Pinoy sa NCR ay tumanggap na ng unang bakuna.,Milyong Pinoy sa NCR ay tumanggap na ng unang bakuna.,Milyong Pinoy sa NCR ay tumanggap na ng unang bakuna.,[],{},TN,TN
Agad na kahihingi ng responde ang lalaki sa pulisya na mabilis na rumesponde saka mabilis na kinordon ang lugar.,Agad na humingi ng responde ang lalaki sa pulisya na mabilis na rumesponde saka mabilis na kinordon ang lugar.,Agad na hihingi ng responde ang lalaki sa pulisya na mabilis na rumesponde saka mabilis na kinordon ang lugar.,['kahihingi'],"{'kahihingi': ['mahihingi', 'nahihingi', 'hihingi', 'ihihingi', 'kahiging']}",TP,FN
Ang ganda-talaga ng pagpapalaki ni Kris Aquino sa mga anak niyang sina Josh at Bimby.,Ang ganda talaga ng pagpapalaki ni Kris Aquino sa mga anak niyang sina Josh at Bimby.,Ang ganda-talaga ng pagpapalaki ni Kris aluin sa mga anak niyang sina bosa at bambo.,"['Aquino', 'Josh', 'Bimby']","{'Aquino': ['akuin', 'akuing', 'aluin', 'aluing', 'alumno'], 'Josh': ['posh', 'ash', 'bosa', 'boso', 'boss'], 'Bimby': ['baby', 'baimbi', 'bambo', 'bambu', 'bembe']}",TP,FN
"Pero magsa-sign ka ng waiver na hindi ka nagpaturok at kapag ikaw ay mayroong prayoridad, siyempre mawawala ang prayoridad mo, sasama ka roon sa the rest ng taumbayan na naghihintay ng bakuna.","Pero magsa-sign ka ng waiver na hindi ka nagpaturok at kapag ikaw ay mayroong prayoridad, siyempre mawawala ang prayoridad mo, sasama ka roon sa the rest ng taumbayan na naghihintay ng bakuna.","Pero magsa-sign ka ng waiver na hindi ka nagpaturok at kapag ikaw ay mayroong prayoridad, siyempre mawawala ang prayoridad mo, sasama ka roon sa the rest ng taumbayan na naghihintay ng bakuna.",[],{},TN,TN
Mahirap rin aniyang humarap mismo ang Pangulo dahil lahat ng sasabihin nito ay makakaapekto sa polisiya ng gobyerno.,Mahirap din aniyang humarap mismo ang Pangulo dahil lahat ng sasabihin nito ay makakaapekto sa polisiya ng gobyerno.,Mahirap din aniyang humarap mismo ang Pangulo dahil lahat ng sasabihin nito ay makakaapekto sa polisiya ng gobyerno.,[],{},TP,TP
Una nang sinabi ng kampo ni Cornejo na Taguig Regional Trial Court ang labas ng warrant para kay Vhong kung kayat dapat daw ay sa Taguig City Jail siya mailagay.,Una nang sinabi ng kampo ni Cornejo na Taguig Regional Trial Court ang naglabas ng warrant para kay Vhong kung kayat dapat daw ay sa Taguig City Jail siya mailagay.,Una nang sinabi ng kampo ni corner na Taguig Regional Trial Court ang labas ng warrant para kay ihong kung kayat dapat daw ay sa Taguig City Jail siya mailagay.,"['Cornejo', 'Vhong']","{'Cornejo': ['corneas', 'corned', 'corner', 'corners', 'torneo'], 'Vhong': ['ahong', 'hong', 'ihong', 'uhong', 'aahong']}",TP,FN
Initially hindi namin tinray siguro kasi nga ang layo tapos ang gastos kung nagkikita kami palagi.,Initially hindi namin tinray siguro kasi nga ang layo tapos ang gastos kung magkikita kami palagi.,Initially hindi namin tinray siguro kasi nga ang layo tapos ang gastos kung magkikita kami palagi.,[],{},TP,TP
"Pandemya ngayon, napakahalaga ng pag-asa at pananampalataya, kaya lagi nating sinasabing walang bibitiw at hawak pa nang mahigpit.","Pandemya ngayon, napakahalaga ng pag-asa at pananampalataya, kaya lagi nating sinasabing walang bibitiw at hawak pa nang mahigpit.","Pandemya ngayon, napakahalaga ng pag-asa at pananampalataya, kaya lagi nating sinasabing walang bibitiw at hawak pa nang mahigpit.",[],{},TN,TN
"Thirteen years na ang Its Showtime, kung saan sinubaybayan at ipinagmalaki ng mga manonood ang husay at talento ng mga Pilipino Tawag ng Tanghalan.","Thirteen years na ang Its Showtime, kung saan sinubaybayan at ipinagmalaki ng mga manonood ang husay at talento ng mga Pilipino sa Tawag ng Tanghalan.","Thirteen years na ang Its shortage, kung saan sinubaybayan at ipinagmalaki ng mga manonood ang husay at talento ng mga Pilipino Tawag ng Tanghalan.",['Showtime'],"{'Showtime': ['noontime', 'shooting', 'shortage', 'showbiz', 'showcase']}",TP,FN
Nalaman rin niya na may iba pa siyang kapuwa homeowners na kinontrata ang kontratista na sa halip na i-renovate ang mga bahay ay tila winasak lang.,Nalaman din niya na may iba pa siyang kapuwa homeowners na kinontrata ang kontratista na sa halip na i-renovate ang mga bahay ay tila winasak lang.,Nalaman din niya na may iba pa siyang kapuwa homeowners na kinontrata ang kontratista na sa halip na i-renovate ang mga bahay ay tila winasak lang.,[],{},TP,TP
"Hindi lang si Liza ang sumubok mag-Hollywood dream, marami na at lahat nabigo.","Hindi lang si Liza ang sumubok mag-Hollywood dream, marami na at lahat nabigo.","Hindi lang si liga ang sumubok mag-hollow dream, marami na at lahat nabigo.","['Liza', 'Hollywood']","{'Liza': ['lia', 'lida', 'liga', 'liha', 'lila'], 'Hollywood': ['plywood', 'followed', 'hollow', 'honeymoon', 'allowed']}",FP,FP
"Nahuli si Bunagan sa isinagawang entrapment operation noong Lunes dakong alas- 3 ng hapon sa Waling-Waling Street, Sampaguita Subdivision, Barangay 175, Camarin, Caloocan City, bunsod ng reklamo ng isang PNP applicant na nanghingi ng P100,000 ng suspek upang maproseso ng PNP recruitment.","Nahuli si Bunagan sa isinagawang entrapment operation noong Lunes dakong alas- 3 ng hapon sa Waling-Waling Street, Sampaguita Subdivision, Barangay 175, Camarin, Caloocan City, bunsod ng reklamo ng isang PNP applicant na hinihingan ng P100,000 ng suspek upang maproseso ng PNP recruitment.","Nahuli si balagan sa isinagawang entrapment operation noong Lunes dakong alas- d ng hapon sa Waling-Waling Street, magpagunita Subdivision, Barangay aag, aagarin, kalokohan City, bunsod ng reklamo ng isang pdp applicant na nanghingi ng p3,aam ng suspek upang maproseso ng pdp recruitment.","['Bunagan', '3', 'Sampaguita', '175', 'Camarin', 'Caloocan', 'PNP', 'P100', '000', 'PNP']","{'Bunagan': ['bulagan', 'babagan', 'balagan', 'banalan', 'banatan'], '3': ['b', 'c', 'd', 'e', 'f'], 'Sampaguita': ['sampagita', 'pampagunita', 'magpagunita', 'mapagpita', 'nagpagunita'], '175': ['p75', 'p25', 'aag', 'aal', 'aam'], 'Camarin': ['kamarin', 'tamarin', 'aagarin', 'aamagin', 'aamakin'], 'Caloocan': ['kalooban', 'kalookan', 'kalokohan', 'kaloobang', 'kalookang'], 'PNP': ['lpnp', 'pap', 'pdp', 'pep', 'png'], 'P100': ['p', 'p25', 'p3', 'p57', 'p75'], '000': ['aag', 'aal', 'aam', 'aat', 'aaw']}",TP,FN
"Payo ni Badajos wag basta-basta magbubukas ng pinto hanggat maaari, lalo na sa mga alanganing oras upang maiwasan ang ganitong problemaLBG, GMA News.","Payo ni Badajos wag basta-basta magbubukas ng pinto hanggat maaari, lalo na sa mga alanganing oras upang maiwasan ang ganitong problemaLBG, GMA News.","Payo ni aagos wag basta-basta magbubukas ng pinto hanggat maaari, lalo na sa mga alanganing oras upang maiwasan ang ganitong problemado, gia News.","['Badajos', 'problemaLBG', 'GMA']","{'Badajos': ['padalos', 'aadyos', 'aagos', 'aayos', 'abalos'], 'problemaLBG': ['problemang', 'problema', 'problemado', 'problemadong', 'problemahin'], 'GMA': ['ama', 'ga', 'gia', 'goma', 'gra']}",FP,FP
Inilagay daw niya ang kutsara sa mataas na lagayan upang hindi maabot ng bata.,Inilagay raw niya ang kutsara sa mataas na lagayan upang hindi maabot ng bata.,Inilagay raw niya ang kutsara sa mataas na lagayan upang hindi maabot ng bata.,[],{},TP,TP
"Dahil dito, dito, wala silang sapat na pera para mabayaran ang kanilang utang.","Dahil dito, wala silang sapat na pera para mabayaran ang kanilang utang.","Dahil dito, dito, wala silang sapat na pera para mabayaran ang kanilang utang.",[],{},FN,FN
Kaya naman itinuturing pangalawang buhay ni Ate Gay ang kaniyang-paggaling.,Kaya naman itinuturing pangalawang buhay ni Ate Gay ang kaniyang paggaling.,Kaya naman itinuturing pangalawang buhay ni Ate Gay ang kaniyang-paggaling.,[],{},FN,FN
Kabilang sa parusa sa ilalim ng batas na ito ay ang pagkakakulong na anim hanggang labindalawang taon.,Kabilang sa parusa sa ilalim ng batas na ito ay ang pagkakakulong na anim hanggang labindalawang taon.,Kabilang sa parusa sa ilalim ng batas na ito ay ang pagkakakulong na anim hanggang labindalawang taon.,[],{},TN,TN
Hintayin nating nating magkaanak ang female star.,Hintayin nating magkaanak ang female star.,Hintayin nating magkaanak ang female star.,[],{},TP,TP
Nagbahagi din ang iba pang residente sa sitio ng kanilang hindi maipaliwanag na karanasan.,Nagbahagi rin ang iba pang residente sa sitio ng kanilang hindi maipaliwanag na karanasan.,Nagbahagi rin ang iba pang residente sa sitio ng kanilang hindi maipaliwanag na karanasan.,[],{},TP,TP
Tinitipid rin ang TV shows dahil kaunti ang commercials dahil nagtitipid din ang mga kumpanya na lahat bagsak ang sales dahil sa napakasama ngang kalagayan ng ekonomiya.,Tinitipid din ang TV shows dahil kaunti ang commercials dahil nagtitipid din ang mga kumpanya na lahat bagsak ang sales dahil sa napakasama ngang kalagayan ng ekonomiya.,Tinitipid din ang TV shows dahil kaunti ang commercials dahil nagtitipid din ang mga kumpanya na lahat bagsak ang sales dahil sa napakasama ngang kalagayan ng ekonomiya.,[],{},TP,TP
"Nauna nang nanawagan ang Malaca?ñang na imbestigahan ang hindi awtorisadong paglagda sa isang resolusyon ng mga miyembro ng Sugar Regulatory Administration na nag-utos sa pag-angkat ng 300,000 metric tons ng asukal.","Nauna nang nanawagan ang Malaca?ñang na imbestigahan ang hindi awtorisadong paglagda sa isang resolusyon ng mga miyembro ng Sugar Regulatory Administration na nag-utos sa pag-angkat ng 300,000 metric tons ng asukal.","Nauna nang nanawagan ang malasa?bang na imbestigahan ang hindi awtorisadong paglagda sa isang resolusyon ng mga miyembro ng Sugar Regulatory Administration na nag-utos sa pag-angkat ng aam,aam metric tons ng asukal.","['Malaca', 'ñang', '300', '000']","{'Malaca': ['malaga', 'malala', 'malasa', 'malata', 'malawa'], 'ñang': ['aang', 'ang', 'bang', 'cang', 'dang'], '300': ['aag', 'aal', 'aam', 'aat', 'aaw'], '000': ['aag', 'aal', 'aam', 'aat', 'aaw']}",FP,FP
"Nang bumaba ng dryip sa panulukan ng Taft and United Nations Avenue, kinunan na rin ng litrato ang plate number ng dyip at maglalakad na lang nang sugurin siya ng suspek at galit na nagtanong kung bakit kinunan ng litrato ang plate number na nauwi sa sagutan hanggang sa saktan siya.","Nang bumaba ng dryip sa panulukan ng Taft and United Nations Avenue, kinunan na rin ng litrato ang plate number ng dyip at maglalakad na lang nang sugurin siya ng suspek at galit na nagtanong kung bakit kinunan ng litrato ang plate number na nauwi sa sagutan hanggang sa saktan siya.","Nang bumaba ng dyip sa panulukan ng act and United Nations Avenue, kinunan na rin ng litrato ang plate number ng dyip at maglalakad na lang nang sugurin siya ng suspek at galit na nagtanong kung bakit kinunan ng litrato ang plate number na nauwi sa sagutan hanggang sa saktan siya.","['dryip', 'Taft']","{'dryip': ['diyip', 'drip', 'dyip', 'dakip', 'dayap'], 'Taft': ['raft', 'aat', 'act', 'alt', 'apt']}",FP,FP
"At pagkaraan ay nakita kong lango na sina Louie de Lima at Mark dahil sa ginamit nila na powder drugs na dala ni Mark, sabi ni Dela Serna.","At pagkaraan ay nakita kong lango na sina Louie de Lima at Mark dahil sa ginamit nila na powder drugs na dala ni Mark, sabi ni Dela Serna.","At pagkaraan ay nakita kong lango na sina laude de Lima at Mark dahil sa ginamit nila na powder drugs na dala ni Mark, sabi ni Dela sierna.","['Louie', 'Serna']","{'Louie': ['doube', 'house', 'laude', 'lie', 'login'], 'Serna': ['derna', 'sera', 'sierna', 'bena', 'bersa']}",FP,FP
Marami aniyang nadiskubre si Heart tungkol sa kaniyang sarili nang mamalagi sa Paris.,Marami aniyang nadiskubre si Heart tungkol sa kaniyang sarili nang mamalagi sa Paris.,Marami aniyang nadeskubre si Heart tungkol sa kaniyang sarili nang mamalagi sa Paris.,['nariskubre'],"{'nariskubre': ['nadiskubre', 'madiskubre', 'nadeskubre', 'nadikubre', 'nadiskubri']}",FP,FP
"Pagkatapos kolektahin ang mga natirang pagkain, nililinis nila ito at niluluto muli, para kainin o di kaya itinda para pagkakitaan.","Pagkatapos kolektahin ang mga natirang pagkain, nililinis nila ito at niluluto muli, para kainin o di kaya itinda para pagkakitaan.","Pagkatapos kolektahin ang mga natirang pagkain, nililinis nila ito at niluluto muli, para kainin o di kaya itinda para pagkakitaan.",[],{},TN,TN
In the first place mukhang wala na naman silang itinago sa matagal na nilang relasyon.,In the first place mukhang wala na naman silang itinatago sa matagal na nilang relasyon.,In the first place mukhang wala na naman silang itinago sa matagal na nilang relasyon.,[],{},FN,FN
"Minsan daw, e, nakagayak na siya, pero kailangan niya pang magpalit ng damit, hindi daw yun ang color na gusto ng guy.","Minsan daw, e, nakagayak na siya, pero kailangan niya pang magpalit ng damit, hindi raw yun ang color na gusto ng guy.","Minsan daw, e, nakagayak na siya, pero kailangan niya pang magpalit ng damit, hindi raw yun ang color na gusto ng guy.",[],{},TP,TP
Kuha na ni Ancajas ang timbang nito na kasalukuyang may 115 pounds na bigat ?? ang eksaktong catch weight sa laban nito kay Rodriguez.,Kuha na ni Ancajas ang timbang nito na kasalukuyang may 115 pounds na bigat ?? ang eksaktong catch weight sa laban nito kay Rodriguez.,Kuha na ni aalas ang timbang nito na kasalukuyang may aag pounds na bigat ?? ang eksaktong catch weight sa laban nito kay Rodriguez.,"['Ancajas', '115']","{'Ancajas': ['aagahas', 'aalahas', 'aalas', 'aatas', 'aawas'], '115': ['p25', 'p75', 'aag', 'aal', 'aam']}",FP,FP
"Mula nang ipakita nila ang sasakyan, marami na umano ang umorder at mayroon na silang 12 unit na nagawa.","Mula nang ipakita nila ang sasakyan, marami na umano ang umorder at mayroon na silang 12 unit na nagawa.","Mula nang ipakita nila ang sasakyan, marami na umano ang umorder at mayroon na silang ag unit na nagawa.",['12'],"{'12': ['ab', 'ad', 'ag', 'ah', 'ak']}",FP,FP
Igiiniit daw kasi ni Marcos na eligible siyang tumakbo sa eleksyon kahit na napatunayang guilty si Bongbong ng Quezon City Regional Trial Court kaugnay ng ilang beses na kabiguang maghain ng income tax returns.,Igiiniit daw kasi ni Marcos na eligible siyang tumakbo sa eleksyon kahit na napatunayang guilty si Bongbong ng Quezon City Regional Trial Court kaugnay ng ilang beses na kabiguang maghain ng income tax returns.,Igiiniit daw kasi ni Marcos na eligible siyang tumakbo sa eleksyon kahit na napatunayang guilty si Bongbong ng Quezon City Regional Trial Court kaugnay ng ilang beses na kabiguang maghain ng income tax returns.,[],{},TN,TN
"Nasa maayos nang kalagayan ang lola, na nagtamo ng sugat sa ulo.","Nasa maayos nang kalagayan ang lola, na nagtamo ng sugat sa ulo.","Nasa maayos nang kalagayan ang lola, na nagtamo ng sugat sa ulo.",[],{},TN,TN
Nangako din ang senador na mananatili siyang matatag sa pagtataguyod ng interes at kapakanan ng mga Pilipino.,Nangako rin ang senador na mananatili siyang matatag sa pagtataguyod ng interes at kapakanan ng mga Pilipino.,Nangako rin ang senador na mananatili siyang matatag sa pagtataguyod ng interes at kapakanan ng mga Pilipino.,[],{},TP,TP
"Palibhasa, parehong palaban ang dalawang ito, asahan na ang sobrang intense na bangayan.","Palibhasa, parehong palaban ang dalawang ito, asahan na ang sobrang intense na bangayan.","Palibhasa, parehong palaban ang dalawang ito, asahan na ang sobrang intense na bangayan.",[],{},TN,TN
"Napuruhan ng punglo sa ibat ibang bahagi ng katawan at agad nasawi ang suspek na si Rico Gerobin, residente ng naturang lugar at kasapi ng Concepcion Criminal Gang.","Napuruhan ng punglo sa ibat ibang bahagi ng katawan at agad nasawi ang suspek na si Rico Gerobin, residente ng naturang lugar at kasapi ng Concepcion Criminal Gang.","Napuruhan ng punglo sa ibat ibang bahagi ng katawan at agad nasawi ang suspek na si rick kerubin, residente ng naturang lugar at kasapi ng concessions Criminal Gang.","['Rico', 'Gerobin', 'Concepcion']","{'Rico': ['rice', 'rich', 'rick', 'rido', 'rito'], 'Gerobin': ['gerahin', 'heroin', 'kerubin', 'aerobics', 'berlin'], 'Concepcion': ['concession', 'coercion', 'concessions', 'conclusion', 'confession']}",FP,FP
"We have to understand na may upkeep ang Manila Zoo, kahit kayo may mga pets na aso o pusa alam nyo kung gaano kamahal mag-alaga.","We have to understand na may upkeep ang Manila Zoo, kahit kayo may mga pets na aso o pusa alam nyo kung gaano kamahal mag-alaga.","We have to underpaid na may deep ang Manila Zoo, kahit kayo may mga pets na aso o pusa alam nyo kung gaano kamahal mag-alaga.","['understand', 'upkeep']","{'understand': ['newstand', 'underboard', 'underpaid', 'undersigned', 'understaffed'], 'upkeep': ['keep', 'beep', 'deep', 'jeep', 'kupkop']}",FP,FP
Milyong halaga ng mga commodities ang nasa mga bodega ng DOH central office at handang ipakalat anumang oras kapag kinakailangan ng isang lugar.,Milyong halaga ng mga commodities ang nasa mga bodega ng DOH central office at handang ipakalat anumang oras kapag kinakailangan ng isang lugar.,Milyong halaga ng mga commodities ang nasa mga bodega ng DOH central office at handang ipakalat anumang oras kapag kinakailangan ng isang lugar.,[],{},TN,TN
Gaganap ang aktor bilang si Mayor Isko Moreno sa Yorme: The Musical kaya naman nagkaroon ng courtesy call kamakailan para sa naturang proyekto.,Gaganap ang aktor bilang si Mayor Isko Moreno sa Yorme: The Musical kaya naman nagkaroon ng courtesy call kamakailan para sa naturang proyekto.,Gaganap ang aktor bilang si Mayor iko forego sa core: The Musical kaya naman nagkaroon ng courtesy call kamakailan para sa naturang proyekto.,"['Isko', 'Moreno', 'Yorme']","{'Isko': ['disko', 'iako', 'iko', 'isako', 'iskor'], 'Moreno': ['morena', 'eoseno', 'forego', 'ipreno', 'koreo'], 'Yorme': ['borne', 'come', 'core', 'dome', 'dorm']}",FP,FP
"May reason rin naman ang girl, napakarami nang pinagdaanan ng guy, malikot din naman kasi yun sa aparato!","May reason din naman ang girl, napakarami nang pinagdaanan ng guy, malikot din naman kasi yun sa aparato!","May reason din naman ang girl, napakarami nang pinagdaanan ng guy, malikot din naman kasi yun sa aparato!",[],{},TP,TP
Pero pareho naman silang single at pareho na din naman nasa tamang edad.,Pero pareho naman silang single at pareho na rin naman nasa tamang edad.,Pero pareho naman silang single at pareho na rin naman nasa tamang edad.,[],{},TP,TP
"Una nang inihayag ni Department of Energy (DOE), gagawin nito ang lahat ng makakaya upang maibalik ang kuryente sa mga apektadong lugar kasunod ng pangamba na baka abutan pa sila ng madilim na Pasko.","Una nang inihayag ni Department of Energy (DOE), gagawin nito ang lahat ng makakaya upang maibalik ang kuryente sa mga apektadong lugar kasunod ng pangamba na baka abutan pa sila ng madilim na Pasko.","Una nang inihayag ni Department of Energy (do), gagawin nito ang lahat ng makakaya upang maibalik ang kuryente sa mga apektadong lugar kasunod ng pangamba na baka abutan pa sila ng aarilin na Pasko.","['DOE', 'marilim']","{'DOE': ['de', 'die', 'do', 'does', 'dog'], 'marilim': ['madilim', 'malilim', 'aarilin', 'barilin', 'barilis']}",FP,FP
Kilala daw ni Kris ang babae na nasa likod ng mga fake delivery.,Kilala raw ni Kris ang babae na nasa likod ng mga fake delivery.,Kilala raw ni Kris ang babae na nasa likod ng mga fake delivery.,[],{},TP,TP
Ang pahayag ni Zubiri ay ginawa matapos ang pahayag ng Philippine Statistics Authority (PSA) sa pagdinig ng Senado na tumaas ang bilang ng nagbubuntis na may edad na 10-14 taong gulang ng mga mas nakakatanda o adult.,Ang pahayag ni Zubiri ay ginawa matapos ang pahayag ng Philippine Statistics Authority (PSA) sa pagdinig ng Senado na tumaas ang bilang ng nagbubuntis na may edad na 10-14 taong gulang ng mga mas nakakatanda o adult.,Ang pahayag ni kumiri ay ginawa matapos ang pahayag ng Philippine Statistics Authority (PSA) sa pagdinig ng Senado na tumaas ang bilang ng nagbubuntis na may edad na ag-ag taong gulang ng mga mas nakakatanda o adult.,"['Zubiri', '10', '14']","{'Zubiri': ['biri', 'gumiri', 'kumiri', 'kuriri', 'lubirin'], '10': ['ab', 'ad', 'ag', 'ah', 'ak'], '14': ['ab', 'ad', 'ag', 'ah', 'ak']}",FP,FP
Ang maganda maganda lang dito ay napanatili ang magandang friendship at nagsama sila uli.,Ang maganda lang dito ay napanatili ang magandang friendship at nagsama sila uli.,Ang maganda maganda lang dito ay napanatili ang magandang friendship at nagsama sila uli.,[],{},FN,FN
"Sa problema ng kasamahan ko sinamahan ko siya kasi ginugusto niyang magwala, wika ng suspek.","Sa problema ng kasamahan ko sinamahan ko siya kasi gusto niyang magwala, wika ng suspek.","Sa problema ng kasamahan ko sinamahan ko siya kasi ginugusto niyang magwala, wika ng suspek.",[],{},FN,FN
"Kaaalam naman ng lahat na kapag may artistang tumatakbo sa eleksyon, automatic hindi na sila puwedeng kunin sa mga programa o lumabas sa shows nila.","Alam naman ng lahat na kapag may artistang tumatakbo sa eleksyon, automatic hindi na sila puwedeng kunin sa mga programa o lumabas sa shows nila.","babalam naman ng lahat na kapag may artistang tumatakbo sa eleksyon, automatic hindi na sila puwedeng kunin sa mga programa o lumabas sa shows nila.",['Kaaalam'],"{'Kaaalam': ['kaalam', 'aalam', 'babalam', 'inaaalam', 'inaalam']}",TP,FN
Nag-usap raw sila noon at nagkasundo ngang isasagawa ang interview.,Nag-usap daw sila noon at nagkasundo ngang isasagawa ang interview.,Nag-usap daw sila noon at nagkasundo ngang isasagawa ang interview.,[],{},TP,TP
"Ang kanilang kasamahan na si Jorilyn Magnaye Ambrad, 22, isang high value individual ay sinampahan na rin ng kahalintulad na kaso.","Ang kanilang kasamahan na si Jorilyn Magnaye Ambrad, 22, isang high value individual ay sinampahan na rin ng kahalintulad na kaso.","Ang kanilang kasamahan na si barilan magaya abyad, ag, isang high value individual ay sinampahan na rin ng kahalintulad na kaso.","['Jorilyn', 'Magnaye', 'Ambrad', '22']","{'Jorilyn': ['gorilya', 'aarilin', 'barilan', 'barilin', 'barilya'], 'Magnaye': ['magnate', 'kagnay', 'magaya', 'magbase', 'magbayle'], 'Ambrad': ['aabyad', 'abroad', 'abyad', 'amba', 'ambaan'], '22': ['ab', 'ad', 'ag', 'ah', 'ak']}",FP,FP
Ipapaliwanag rin ang kasalukuyang sitwasyon ng Pilipinas at ang kinahaharap ng bansa.,Ipapaliwanag din ang kasalukuyang sitwasyon ng Pilipinas at ang kinahaharap ng bansa.,Ipapaliwanag din ang kasalukuyang sitwasyon ng Pilipinas at ang kinahaharap ng bansa.,[],{},TP,TP
Karamihan aniya sa mga bahay na nasunog sa lugar ay pag-aari ng mga tribong inilikas matapos ang nagdaang sunud-sunod na lindol sa sa probinsya.,Karamihan aniya sa mga bahay na nasunog sa lugar ay pag-aari ng mga tribong inilikas matapos ang nagdaang sunud-sunod na lindol sa probinsya.,Karamihan aniya sa mga bahay na nasunog sa lugar ay pag-aari ng mga tribong inilikas matapos ang nagdaang sunud-sunod na lindol sa sa probinsya.,[],{},FN,FN
May mga bagay na talagang biruan-lang at hindi naman dapat na seryosohin.,May mga bagay na talagang biruan lang at hindi naman dapat na seryosohin.,May mga bagay na talagang biruan-lang at hindi naman dapat na seryosohin.,[],{},FN,FN
Habang ang iba ay aasa lang sa suportang pinansiyal ng mga kamag-anak.,Habang ang iba ay umaasa lang sa suportang pinansiyal ng mga kamag-anak.,Habang ang iba ay aasa lang sa suportang pinansiyal ng mga kamag-anak.,[],{},FN,FN
Sa katunayan may naka-ipit pa umano na bawang sa bata na palatandaan na ayaw din niya itong mapasama.,Sa katunayan may naka-ipit pa umano na bawang sa bata na palatandaan na ayaw rin niya itong mapasama.,Sa katunayan may naka-ipit pa umano na bawang sa bata na palatandaan na ayaw rin niya itong mapasama.,[],{},TP,TP
Sinabi din ni Sandoval na mayroon kautusan o memorandum ang BI sa kanilang mga tauhan na bawal na kunin o hawakan ang mobile phones o gadgets ng pasahero kung walang pahintulot para tingnan ang e-documents.,Sinabi rin ni Sandoval na mayroon kautusan o memorandum ang BI sa kanilang mga tauhan na bawal na kunin o hawakan ang mobile phones o gadgets ng pasahero kung walang pahintulot para tingnan ang e-documents.,Sinabi rin ni Sandoval na mayroon kautusan o memorandum ang BI sa kanilang mga tauhan na bawal na kunin o hawakan ang mobile phones o gadgets ng pasahero kung walang pahintulot para tingnan ang e-documents.,[],{},TP,TP
Dapat pa rin naman raw maanalisa ang datos nito sa iba pa para mapag-alaman kung meron ba o walang negatibong epekto ang no mask policy.,Dapat pa rin naman daw maanalisa ang datos nito sa iba pa para mapag-alaman kung meron ba o walang negatibong epekto ang no mask policy.,Dapat pa rin naman daw maanalisa ang datos nito sa iba pa para mapag-alaman kung meron ba o walang negatibong epekto ang no mask policy.,[],{},TP,TP
"Olongapo CITY, Philippines â Arestado ang isang inilaki na kakaiba ang modus sa panloloko at pagnanakaw matapos siyang matiklo habang ibinebenta sa âonline sellingâ ang mga ninakaw na kagamitan kamakalawa ng gabi, dito sa lungsod.","Olongapo CITY, Philippines â Arestado ang isang lalaki na kakaiba ang modus sa panloloko at pagnanakaw matapos siyang matiklo habang ibinebenta sa âonline sellingâ ang mga ninakaw na kagamitan kamakalawa ng gabi, dito sa lungsod.","Olongapo CITY, Philippines d Arestado ang isang inilaki na kakaiba ang modus sa panloloko at pagnanakaw matapos siyang matiklo habang ibinebenta sa donline shelling ang mga ninakaw na kagamitan kamakalawa ng gabi, dito sa lungsod.","['â', 'â', 'sellingâ']","{'â': ['b', 'c', 'd', 'e', 'f'], 'sellingâ': ['selling', 'sealing', 'shelling', 'spelling', 'telling']}",TP,FN
"Pero marami nang dagdag-bawas na nakipag-check in ako, na kailangan na akong makasuhan kasi may asawa na yung tao.","Pero marami ng dagdag-bawas na nakipag-check in ako, na kailangan na akong makasuhan kasi may asawa na yung tao.","Pero marami nang dagdag-bawas na nakipag-check in ako, na kailangan na akong makasuhan kasi may asawa na yung tao.",[],{},FN,FN
Parang ito ang nagmana ng pagiging comedian niya.,Parang ito ang nagmana ng pagiging comedian niya.,Parang ito ang nagmana ng pagiging comedian niya.,[],{},TN,TN
Naghanda rin ng sariling game plan si Vargas na ilalatag nito sa anumang bombang pasasabugin ni Magsayo.,Naghanda rin ng sariling game plan si Vargas na ilalatag nito sa anumang bombang pasasabugin ni Magsayo.,Naghanda rin ng sariling game plan si agas na ilalatag nito sa anumang bombang pasasabugin ni magpayo.,"['Vargas', 'Magsayo']","{'Vargas': ['bargas', 'aarmas', 'agas', 'angas', 'aras'], 'Magsayo': ['magbayo', 'maglayo', 'magpayo', 'magsako', 'magsalo']}",FP,FP
"Kung maipapasa bilang batas ang SBN 427, isang buwanang allowance ang ibibigay sa lahat ng mga barangay health worker at sila ay karapat-dapat din sa se curity of tenure at iba pang benepisyo at pribilehiyo.","Kung maipapasa bilang batas ang SBN 427, isang buwanang allowance ang ibibigay sa lahat ng mga barangay health worker at sila ay karapat-dapat din sa security of tenure at iba pang benepisyo at pribilehiyo.","Kung maipapasa bilang batas ang sin aag, isang buwanang allowance ang ibibigay sa lahat ng mga barangay health worker at sila ay karapat-dapat din sa se burit of tenure at iba pang benepisyo at pribilehiyo.","['SBN', '427', 'curity']","{'SBN': ['san', 'sen', 'sin', 'son', 'sun'], '427': ['p25', 'p57', 'aag', 'aal', 'aam'], 'curity': ['acuity', 'brity', 'burit', 'cavity', 'charity']}",TP,FN
"Dagdag ni Arcena, ilang mga pedopilya ang nag-aalok ng mga regalo para makuha ang kanilang gusto, at alam nila ang kahinaan ng isang bata.","Dagdag ni Arcena, ilang mga pedopilya ang nag-aalok ng mga regalo para makuha ang kanilang gusto, at alam nila ang kahinaan ng isang bata.","Dagdag ni area, ilang mga polilya ang nag-aalok ng mga regalo para makuha ang kanilang gusto, at alam nila ang kahinaan ng isang bata.","['Arcena', 'pedopilya']","{'Arcena': ['arena', 'antena', 'area', 'arenas', 'arina'], 'pedopilya': ['pedophile', 'plotilya', 'polilya', 'atropiya', 'awtopisya']}",FP,FP
"Sa kanilang pag-aaral, nagawa raw ng “dancing molecules” na i-reverse ang paralysis sa bubuwit at nagamot nito ang severe spinal cord injuries.","Sa kanilang pag-aaral, nagawa raw ng “dancing molecules” na i-reverse ang paralysis sa bubuwit at nagamot nito ang severe spinal cord injuries.","Sa kanilang pag-aaral, nagawa raw ng “dancing molecules” na i-reverse ang paralysis sa bubuwit at nagamot nito ang severe spinal cord injuries.",[],{},TN,TN
"Samantala, sa isang follow-up report sinabing nakalikom na ng aabot sa P1.2-milyong.","Samantala, sa isang follow-up report sinabing nakalikom na ng aabot sa P1.2-milyong.","Samantala, sa isang follow-up report sinabing nakalikom na ng aabot sa pa.d-milyong.","['P1', '2']","{'P1': ['p', 'p3', 'pa', 'pg', 'ph'], '2': ['b', 'c', 'd', 'e', 'f']}",FP,FP
Ayon kay Angping kanilang ikinonsidera ang Quirino Grandstand subalit mayroon pa umanong COVID-19 field hospital sa lugar.,Ayon kay Angping kanilang ikinonsidera ang Quirino Grandstand subalit mayroon pa umanong COVID-19 field hospital sa lugar.,Ayon kay angking kanilang ikinonsidera ang biring Grandstand subalit mayroon pa umanong COVID-ag field hospital sa lugar.,"['Angping', 'Quirino', '19']","{'Angping': ['angging', 'anging', 'angking', 'aagpang', 'aangking'], 'Quirino': ['aquilino', 'birina', 'biring', 'builing', 'bukirin'], '19': ['ab', 'ad', 'ag', 'ah', 'ak']}",FP,FP
Sinabi ni Usana sa naturang bilang nasa 425 namang PNP personnel ang mga naitalang aktibong kaso ng COVID-19.,Sinabi ni Usana sa naturang bilang nasa 425 namang PNP personnel ang mga naitalang aktibong kaso ng COVID-19.,Sinabi ni tsana sa naturang bilang nasa aag namang pdp personnel ang mga naitalang aktibong kaso ng COVID-ag.,"['Usana', '425', 'PNP', '19']","{'Usana': ['asana', 'sana', 'tsana', 'usang', 'usapa'], '425': ['p25', 'p75', 'aag', 'aal', 'aam'], 'PNP': ['lpnp', 'pap', 'pdp', 'pep', 'png'], '19': ['ab', 'ad', 'ag', 'ah', 'ak']}",FP,FP
"Katulad na lamang ng mga pasyente na may COVID-19 na nagda-dialysis pa araw-araw, mga pasyente na bumaba ang hemoglobin at mga platelets.","Katulad na lamang ng mga pasyente na may COVID-19 na nagda-dialysis pa araw-araw, mga pasyente na bumaba ang hemoglobin at mga platelets.","Katulad na lamang ng mga pasyente na may COVID-ag na nagda-dialysis pa araw-araw, mga pasyente na bumaba ang hemoglobin at mga platelets.",['19'],"{'19': ['ab', 'ad', 'ag', 'ah', 'ak']}",FP,FP
Hanggang maaari ay hihindian na lamang umano pinapatulan ng aktres ang mga ito sa social media.,Hanggang maaari ay hindi na lamang umano pinapatulan ng aktres ang mga ito sa social media.,Hanggang maaari ay hihinawan na lamang umano pinapatulan ng aktres ang mga ito sa social media.,['hihindian'],"{'hihindian': ['hihingian', 'hihinaan', 'hihinawan', 'hihinayan', 'hihingan']}",TP,FN
Binigyang diin ni Belmonte na kailangan ding paglaanan na ng bakuna ang mga kabataan para maingatan din ang mga ito sa hawaan ng virus.,Binigyang diin ni Belmonte na kailangan ding paglaanan na ng bakuna ang mga kabataan para maingatan din ang mga ito sa hawaan ng virus.,Binigyang diin ni bente na kailangan ding paglaanan na ng bakuna ang mga kabataan para maingatan din ang mga ito sa hawaan ng virus.,['Belmonte'],"{'Belmonte': ['beinte', 'belong', 'bente', 'bolante', 'bulante']}",FP,FP
"Matapos kasi ang ilang taon, hindi pa rin binabayaran ng Marcoses ang mga buwis dahilan para bigyan na ng BIR ng written demand ang kanilang pamilya patungkol dito.","Matapos kasi ang ilang taon, hindi pa rin binabayaran ng Marcoses ang mga buwis dahilan para bigyan na ng BIR ng written demand ang kanilang pamilya patungkol dito.","Matapos kasi ang ilang taon, hindi pa rin binabayaran ng barcode ang mga buwis dahilan para bigyan na ng ber ng written demand ang kanilang pamilya patungkol dito.","['Marcoses', 'BIR']","{'Marcoses': ['marcos', 'arcades', 'barcode', 'carcasses', 'cargoes'], 'BIR': ['air', 'bar', 'ber', 'bi', 'bia']}",FP,FP
"Sa 2020 report ng PCGG, sinabi ng komisyon na nakabawi na ito ng P174.23.","Sa 2020 report ng PCGG, sinabi ng komisyon na nakabawi na ito ng P174.23.","Sa aag report ng ngg, sinabi ng komisyon na nakabawi na ito ng p.ad.","['2020', 'PCGG', 'P174', '23']","{'2020': ['p25', 'aaba', 'aag', 'aako', 'aal'], 'PCGG': ['egg', 'mcg', 'ngg', 'paag', 'pag'], 'P174': ['p57', 'p75', 'p', 'p25', 'p3'], '23': ['p3', 'ab', 'ad', 'ag', 'ah']}",FP,FP
Sinabi niyang sa susunod na taon na ulit siya babalik sa social media.,Sinabi niyang sa susunod na taon na ulit siya babalik sa social media.,Sinabi niyang sa susunod na taon na ulit siya babalik sa social media.,[],{},TN,TN
"Kaya sasabihin ko nga, sana dahil mature na iyon iba para habang buhay pa ako, mauna na sila para konti na lang maiwan.","Kaya sabi ko nga, sana dahil mature na iyon iba para habang buhay pa ako, mauna na sila para konti na lang maiwan.","Kaya sasabihin ko nga, sana dahil mature na iyon iba para habang buhay pa ako, mauna na sila para konti na lang maiwan.",[],{},FN,FN
Sabi nga ng ilang observers mukhang naguubos lang ng pera ang ganda-gandahang producer na obvious din naman na ang ginagamit na puhunan sa paggawa ng pelikula ay galing sa âgraft and corruptionâ.,Sabi nga ng ilang observers mukhang nag-uubos lang ng pera ang ganda-gandahang producer na obvious din naman na ang ginagamit na puhunan sa paggawa ng pelikula ay galing sa âgraft and corruptionâ.,Sabi nga ng ilang observers mukhang nagbubo lang ng pera ang ganda-gandahang producer na obvious din naman na ang ginagamit na puhunan sa paggawa ng pelikula ay galing sa dgraft and correction.,"['naguubos', 'â', 'corruptionâ']","{'naguubos': ['nauubos', 'mauubos', 'nagbubo', 'nagbubus', 'nagbuhos'], 'â': ['b', 'c', 'd', 'e', 'f'], 'corruptionâ': ['corruption', 'corrupting', 'correction', 'corrections', 'combustion']}",TP,FN
Pero meron pa ring hindi naniniwalang makukuha nang Ilonggang beauty queen ang korona.,Pero meron pa ring hindi naniniwalang makukuha ng Ilonggang beauty queen ang korona.,Pero meron pa ring hindi naniniwalang makukuha nang ilungang beauty queen ang korona.,['Ilonggang'],"{'Ilonggang': ['ibanggang', 'ilanglang', 'ilungang', 'lunggang', 'alangaang']}",TP,FN
"Ngunit dahil sa pagsisikap, unti-unting naibabalik ni Cruz-Behag ang solidong porma nito.","Ngunit dahil sa pagsisikap, unti-unting naibabalik ni Cruz-Behag ang solidong porma nito.","Ngunit dahil sa pagsisikap, unti-unting naibabalik ni Cruz-behang ang solidong porma nito.",['Behag'],"{'Behag': ['bahag', 'beha', 'behang', 'bihag', 'buhag']}",FP,FP
Nagsasabi lang siya ng katotohanan dahil sa kabila ng kanyang timbang ay napakaganda niya naman talaga.,Nagsasabi lang siya ng katotohanan dahil sa kabila ng kanyang timbang ay napakaganda niya naman talaga.,Nagsasabi lang siya ng katotohanan dahil sa kabila ng kanyang timbang ay napakaganda niya naman talaga.,[],{},TN,TN
Ang insidente ay natiyempuhan ng mga rumorondang pulis ng Quezon City police district 16 kayat mabilis na nadakip ang mga suspek.,Ang insidente ay natiyempuhan ng mga rumorondang pulis ng Quezon City police district 16 kayat mabilis na nadakip ang mga suspek.,Ang insidente ay natiyempuhan ng mga rumorondang pulis ng Quezon City police district ag kayat mabilis na dinarakip ang mga suspek.,"['16', 'narakip']","{'16': ['ab', 'ad', 'ag', 'ah', 'ak'], 'narakip': ['nadakip', 'dadakip', 'dinarakip', 'kalakip', 'madakip']}",FP,FP
"May gustong magkaroon bagong bahay, tutulungan niyang bumili.","May gustong magkaroon ng bagong bahay, tutulungan niyang bumili.","May gustong magkaroon bagong bahay, tutulungan niyang bumili.",[],{},FN,FN
"Marami ang nagsasabing dahil-nga sa pagkakasara ng mga sinehan nang mahigit isang taon na, at maaaring magtagal pa, tiyak na may problema na rin ang kanilang equipment.","Marami ang nagsasabing dahil nga sa pagkakasara ng mga sinehan nang mahigit isang taon na, at maaaring magtagal pa, tiyak na may problema na rin ang kanilang equipment.","Marami ang nagsasabing dahil-nga sa pagkakasara ng mga sinehan nang mahigit isang taon na, at maaaring magtagal pa, tiyak na may problema na rin ang kanilang equipment.",[],{},FN,FN
"Kaya nga ang ating mahal na Labor Secretary Silvestre Bello III nagannounce na kamakailan na i-extend 'yung mga natapos na kontrata sa Korea kasi 'di sila makakaalis at makakauwi dahil sa closure, paliwanag ni Olalia.","Kaya nga ang ating mahal na Labor Secretary Silvestre Bello III nag-announce na kamakailan na i-extend 'yung mga natapos na kontrata sa Korea kasi 'di sila makakaalis at makakauwi dahil sa closure, paliwanag ni Olalia.","Kaya nga ang ating mahal na Labor Secretary balustre belo igi denounce na kamakailan na i-extend 'yung mga natapos na kontrata sa Korea kasi 'di sila makakaalis at makakauwi dahil sa closure, paliwanag ni ilalin.","['Silvestre', 'Bello', 'III', 'nagannounce', 'Olalia']","{'Silvestre': ['semestre', 'silver', 'balustre', 'bilyete', 'divest'], 'Bello': ['bell', 'belly', 'belo', 'ball', 'ballot'], 'III': ['ibi', 'idi', 'igi', 'ihi', 'ii'], 'nagannounce': ['announce', 'unannounced', 'denounce', 'maganyong', 'naaanong'], 'Olalia': ['alala', 'ilalim', 'ilalin', 'lala', 'lalik']}",TP,FN
"Jesus Ventura, hepe ng Bayombong Police, nakatanggap sila ng impormasyon kaugnay sa ginagawang pambubugaw umano ng mga suspek sa ilang kababaihan na nagdala sa isang boarding house na ginagawang sex den motel.","Jesus Ventura, hepe ng Bayombong Police, nakatanggap sila ng impormasyon kaugnay sa ginagawang pambubugaw umano ng mga suspek sa ilang kababaihan na dinadala sa isang boarding house na ginagawang sex den motel.","desks century, hepe ng Bayombong Police, nakatanggap sila ng impormasyon kaugnay sa ginagawang pambubusal umano ng mga suspek sa ilang kababaihan na nagdala sa isang boarding house na ginagawang sex den motel.","['Jesus', 'Ventura', 'pambubugaw']","{'Jesus': ['beses', 'census', 'desks', 'deus', 'fetus'], 'Ventura': ['venture', 'abentura', 'century', 'denture', 'eentra'], 'pambubugaw': ['pagbubuga', 'pambubulag', 'pambubusal', 'pambugaw', 'bubugaw']}",TP,FN
Sa tataybnus na pinalaki syang matino at may takot sa Diyos.,Sa tataybnus na pinalaki syang matino at may takot sa Diyos.,Sa tatalbos na pinalaki syang matino at may takot sa diyosa.,"['tataybnus', 'Diyos']","{'tataybnus': ['tatabas', 'tatakbu', 'tatalbos', 'tatayan', 'tatayang'], 'Diyos': ['diyas', 'diyes', 'diyosa', 'diyus', 'aayos']}",FP,FP
"Hindi raw ito dapat haluin habang hinihintay na bumula ang kape, pero hindi rin dapat umabot sa pagkulo ang tubig..","Hindi raw ito dapat haluin habang hinihintay na bumula ang kape, pero hindi rin dapat umabot sa pagkulo ang tubig..","Hindi raw ito dapat haluin habang hinihintay na bumula ang kape, pero hindi rin dapat umabot sa pagkulo ang tubig..",[],{},TN,TN
"Kapag may masakit sa akin, sinasabi ko sa anak ko, sinabi ko kay Tikang na alalay ko, wala akong itinatago sa kanila na pinakamalapit sa akin.","Kapag may masakit sa akin, sinasabi ko sa anak ko, sinasabi ko kay Tikang na alalay ko, wala akong itinatago sa kanila na pinakamalapit sa akin.","Kapag may masakit sa akin, sinasabi ko sa anak ko, sinabi ko kay Tikang na alalay ko, wala akong itinatago sa kanila na pinakamalapit sa akin.",[],{},FN,FN
Nililipad na pa-New York City si Vice President Leni Robredo kasama ang kanyang mga anak upang dumalo sa graduation ng kanyang bunso na si Jillian at gugulin ang oras kasama ang kanyang pamilya.,Lumipad na pa-New York City si Vice President Leni Robredo kasama ang kanyang mga anak upang dumalo sa graduation ng kanyang bunso na si Jillian at gugulin ang oras kasama ang kanyang pamilya.,Nililipad na pa-New yor City si Vice President aani Robredo kasama ang kanyang mga anak upang dumalo sa graduation ng kanyang bunso na si iiklian at gugulin ang oras kasama ang kanyang pamilya.,"['York', 'Leni', 'Jillian']","{'York': ['pork', 'work', 'yor', 'book', 'born'], 'Leni': ['lend', 'lens', 'aani', 'aleng', 'ani'], 'Jillian': ['billion', 'hilian', 'iiklian', 'iklian', 'illan']}",TP,FN
"Bukod kina Cristel, may napulot din raw na ngipin ng kidlat ang 70-anyos na si Vicente Secuya.","Bukod kina Cristel, may napulot din daw na ngipin ng kidlat ang 70-anyos na si Vicente Secuya.","Bukod kina kristal, may napulot din daw na ngipin ng kidlat ang ag-anyos na si accents selula.","['Cristel', '70', 'Vicente', 'Secuya']","{'Cristel': ['crises', 'crystal', 'kristal', 'asiste', 'bistek'], '70': ['ab', 'ad', 'ag', 'ah', 'ak'], 'Vicente': ['disente', 'license', 'accents', 'ahente', 'bente'], 'Secuya': ['secure', 'sedula', 'selula', 'suya', 'buya']}",TP,FN
Aba eh kung hindi siya magbo-bold wa la na siyang pag-asa.,Aba eh kung hindi siya magbo-bold wala na siyang pag-asa.,Aba eh kung hindi siya magbo-bold wa la na siyang pag-asa.,[],{},FN,FN
"Olongapo CITY MANILA, Philippines ?? Pormal nang inilunsad sa lungsod na ito ang 911 emergency number kasabay ng pagdiriwang ng 55th cityhood anniversary, alinsunod na rin sa direktiba ng national government.","Olongapo CITY MANILA, Philippines ?? Pormal nang inilunsad sa lungsod na ito ang 911 emergency number kasabay ng pagdiriwang ng 55th cityhood anniversary, alinsunod na rin sa direktiba ng national government.","Olongapo CITY MANILA, Philippines ?? Pormal nang inilunsad sa lungsod na ito ang aam emergency number kasabay ng pagdiriwang ng meth livehood anniversary, alinsunod na rin sa direktiba ng national government.","['911', '55th', 'cityhood']","{'911': ['aag', 'aal', 'aam', 'aat', 'aaw'], '55th': ['both', 'math', 'meth', 'myth', 'oath'], 'cityhood': ['childhood', 'cityhall', 'livehood', 'withhold', 'choon']}",FP,FP
"At totoo din yung sinabi niya na ang love hindi naman hinahanap, dumarating lang sa tamang panahon.","At totoo rin yung sinabi niya na ang love hindi naman hinahanap, dumarating lang sa tamang panahon.","At totoo rin yung sinabi niya na ang love hindi naman hinahanap, dumarating lang sa tamang panahon.",[],{},TP,TP
Sumemplang ang motorsiklo ng patakas na gunman habang hina habol siya ng mga residente.,Sumemplang ang motorsiklo ng patakas na gunman habang hinahabol siya ng mga residente.,Sumemplang ang motorsiklo ng patakas na gunman habang hina habol siya ng mga residente.,[],{},FN,FN
"Naging reporter siya sa radyo, nagtrabaho sa TV, pinasok din niya ang teatro, nag-aral ng ballet at nag-aerobics para lumabas sa tv.","Naging reporter siya sa radyo, nagtrabaho sa TV, at pinasok din niya ang teatro, nag-aral ng ballet at nag-aerobics para lumabas sa tv.","Naging reporter siya sa radyo, nagtrabaho sa TV, pinasok din niya ang teatro, nag-aral ng bullet at nag-aerobics para lumabas sa tv.",['ballet'],"{'ballet': ['baller', 'ballot', 'bullet', 'mallet', 'pallet']}",TP,FN
Inaasahan ng Comelec na magiging mataas ang bilang ng mga boboto.,Inaasahan ng Comelec na magiging mataas ang bilang ng mga boboto.,Inaasahan ng Comelec na magiging mataas ang bilang ng mga boboto.,[],{},TN,TN
"Dalawang kahihindi pa nakikilalang lalaki na pinaghihinalaang mga karnaper angpatay matapos na makipagbarilan sa mga pulis kahapon ngmadaling araw saNovaliches, Quezon City.","Dalawang hindi pa nakikilalang lalaki na pinaghihinalaang mga karnaper angpatay matapos na makipagbarilan sa mga pulis kahapon ngmadaling araw saNovaliches, Quezon City.","Dalawang hihingi pa nakikilalang lalaki na pinaghihinalaang mga karnaper napatay matapos na makipagbarilan sa mga pulis kahapon madaling araw sapolice, Quezon City.","['kahihindi', 'angpatay', 'ngmadaling', 'saNovaliches']","{'kahihindi': ['mahihingi', 'nahihingi', 'hihingi', 'ihihingi', 'kahigin'], 'angpatay': ['angkatan', 'nagpatay', 'napatay', 'pagpatay', 'aagapay'], 'ngmadaling': ['nagmadaling', 'dumadaling', 'madaling', 'magmadaling', 'nagdadaling'], 'saNovaliches': ['sandwiches', 'avalanches', 'sapolice', 'abolished', 'advances']}",TP,FN
Maaaring ito na talaga-ang nakatadhana dahil nag-e-enjoy lang daw sila sa kanilang relasyon at wala naman daw silang pinaplano o napapag-usapan.,Maaaring ito na talaga ang nakatadhana dahil nag-e-enjoy lang daw sila sa kanilang relasyon at wala naman daw silang pinaplano o napapag-usapan.,Maaaring ito na talaga-ang nakatadhana dahil nag-e-enjoy lang daw sila sa kanilang relasyon at wala naman daw silang pinaplano o napapag-usapan.,[],{},FN,FN
"Samahan si FPJ sa Ang Padrino sa kanyang pagganap bumibilang si Emong, na kinikilalang ??padrino? sa kanyang bayan dahil sa kakayahan nitong ayusin ang anumang gusot.","Samahan si FPJ sa Ang Padrino sa kanyang pagganap bilang si Emong, na kinikilalang ??padrino? sa kanyang bayan dahil sa kakayahan nitong ayusin ang anumang gusot.","Samahan si FPJ sa Ang Padrino sa kanyang pagganap bilang si Emong, na kinikilalang ??padrino? sa kanyang bayan dahil sa kakayahan nitong ayusin ang anumang gusot.",[],{},TP,TP
Pero tumanggi umano ang biktima na ikinagalit ng suspek dahil tila napahiya ito.,Pero tumanggi umano ang biktima na ikinagalit ng suspek dahil tila napahiya ito.,Pero tumanggi umano ang biktima na ikinagalit ng suspek dahil tila napahiya ito.,[],{},TN,TN
Nawa raw ay magsilbing inspirasyon sa mga batang scout ang kanilang ginawa upang sila ay magsikap sa buhay at maging huwarang mamamayan.,Nawa raw ay magsilbing inspirasyon sa mga batang scout ang kanilang ginawa upang sila ay magsikap sa buhay at maging huwarang mamamayan.,Nawa raw ay magsilbing inspirasyon sa mga batang scout ang kanilang ginawa upang sila ay magsikap sa buhay at maging huwarang mamamayan.,[],{},TN,TN
Kinuha ng Celtics ang isang 32-point lead sa third quarter bago nakalapit ang Hawks sa 84-96 sa pagsisimula ng fourth period mula sa inihulog na 32-12 bomba.,Kinuha ng Celtics ang isang 32-point lead sa third quarter bago nakalapit ang Hawks sa 84-96 sa pagsisimula ng fourth period mula sa inihulog na 32-12 bomba.,Kinuha ng betis ang isang ag-point lead sa third quarter bago nakalapit ang hawk sa ag-ag sa pagsisimula ng fourth period mula sa inihulog na ag-ag bomba.,"['Celtics', '32', 'Hawks', '84', '96', '32', '12']","{'Celtics': ['celcius', 'celsius', 'betis', 'celing', 'cells'], '32': ['ab', 'ad', 'ag', 'ah', 'ak'], 'Hawks': ['hacks', 'hawas', 'hawk', 'aawas', 'awas'], '84': ['ab', 'ad', 'ag', 'ah', 'ak'], '96': ['ab', 'ad', 'ag', 'ah', 'ak'], '12': ['ab', 'ad', 'ag', 'ah', 'ak']}",FP,FP
Pinuna rin nito ang sinasabi ni Pascua na kailangan ng P33 bilyon para mabigyan ng laptop ang lahat ng guro.,Pinuna rin nito ang sinasabi ni Pascua na kailangan ng P33 bilyon para mabigyan ng laptop ang lahat ng guro.,Pinuna rin nito ang sinasabi ni pasala na kailangan ng p25 bilyon para mabigyan ng laptop ang lahat ng guro.,"['Pascua', 'P33']","{'Pascua': ['pasa', 'pasada', 'pasala', 'pasama', 'pasara'], 'P33': ['p3', 'p', 'p25', 'p57', 'p75']}",FP,FP
"Ang inflation rate nitong Enero 2023, bagay na naging bagong pinakamabilis na pagtaas ng presyo ng bilihin sa loob ng 14 taon.","Ang inflation rate nitong Enero 2023, bagay na naging bagong pinakamabilis na pagtaas ng presyo ng bilihin sa loob ng 14 taon.","Ang inflation rate nitong Enero aaba, bagay na naging bagong pinakamabilis na pagtaas ng presyo ng bilihin sa loob ng ag taon.","['2023', '14']","{'2023': ['p25', 'p3', 'aaba', 'aag', 'aako'], '14': ['ab', 'ad', 'ag', 'ah', 'ak']}",FP,FP
"Sa kabila nito, nilinaw pa rin ni Go na-maaari itong gawin na hindi nasasaalang-alang ang mga nasa priority list ng gobyerno sa national COVID-19 vaccination program na tumutukoy sa ilang sektor bilang mga dapat na unahin tulad ng frontliners, mga mahihirap at vulnerable sectors.","Sa kabila nito, nilinaw pa rin ni Go na maaari itong gawin na hindi nasasaalang-alang ang mga nasa priority list ng gobyerno sa national COVID-19 vaccination program na tumutukoy sa ilang sektor bilang mga dapat na unahin tulad ng frontliners, mga mahihirap at vulnerable sectors.","Sa kabila nito, nilinaw pa rin ni Go na-maaari itong gawin na hindi nasasaalang-alang ang mga nasa priority list ng gobyerno sa national COVID-ag vaccination program na tumutukoy sa ilang sektor bilang mga dapat na unahin tulad ng frontliners, mga mahihirap at vulnerable sectors.",['19'],"{'19': ['ab', 'ad', 'ag', 'ah', 'ak']}",TP,FN
Siya lamang raw ang magbibigay ng marketing at technology para maisakatuparan ang plano.,Siya lamang daw ang magbibigay ng marketing at technology para maisakatuparan ang plano.,Siya lamang daw ang magbibigay ng marketing at technology para maisakatuparan ang plano.,[],{},TP,TP
"Dahil dito, sinabihan umano ng biktima na nagnanakaw ng niyog ang suspek dahilan para magtalo ang dalawa hanggang sa bumunot ng itak-ang suspek at pinagtataga sa mukha, ulo, katawan at kamay ang biktima na agarang nasawi.","Dahil dito, sinabihan umano ng biktima na nagnanakaw ng niyog ang suspek dahilan para magtalo ang dalawa hanggang sa bumunot ng itak ang suspek at pinagtataga sa mukha, ulo, katawan at kamay ang biktima na agarang nasawi.","Dahil dito, sinabihan umano ng biktima na nagnanakaw ng niyog ang suspek dahilan para magtalo ang dalawa hanggang sa bumunot ng itak-ang suspek at pinagtataga sa mukha, ulo, katawan at kamay ang biktima na agarang nasawi.",[],{},FN,FN
Sinimulan nang mag-monitor ng DOH nitong Disyembre 22.,Sinimulan nang mag-monitor ng DOH nitong Disyembre 22.,Sinimulan nang mag-monitor ng DOH nitong Disyembre ag.,['22'],"{'22': ['ab', 'ad', 'ag', 'ah', 'ak']}",FP,FP
"Inihayag rin ni Marcos na habang ang bawat Pilipino ay nagtatrabaho at nagsasakripisyo para mapakain ang kanilang mga pamilya, makatulong sa kanilang mga komunidad at makapaglingkod sa kanilang bansa, dapat aniyang ipagdiwang ang mga nasabing gawain upang maging buhay ang diwa ng pagiging makabayan.","Inihayag din ni Marcos na habang ang bawat Pilipino ay nagtatrabaho at nagsasakripisyo para mapakain ang kanilang mga pamilya, makatulong sa kanilang mga komunidad at makapaglingkod sa kanilang bansa, dapat aniyang ipagdiwang ang mga nasabing gawain upang maging buhay ang diwa ng pagiging makabayan.","Inihayag din ni Marcos na habang ang bawat Pilipino ay nagtatrabaho at nagsasakripisyo para mapakain ang kanilang mga pamilya, makatulong sa kanilang mga komunidad at makapaglingkod sa kanilang bansa, dapat aniyang ipagdiwang ang mga nasabing gawain upang maging buhay ang diwa ng pagiging makabayan.",[],{},TP,TP
"Pero biglang nahinto ang kapritso ng babae, may nagbawal sa male personality na makita siyang kasama ang girl, makasisira raw kasi yun sa career niya!","Pero biglang nahinto ang kapritso ng babae, may nagbawal sa male personality na makita siyang kasama ang girl, makasisira daw kasi yun sa career niya!","Pero biglang nahinto ang kapritso ng babae, may nagbawal sa male personality na makita siyang kasama ang girl, makasisira daw kasi yun sa career niya!",[],{},TP,TP
Sinabi ng kalihim na dapat na pangunahan ng LGUs ang pagtiyak na tumatalima ang mga mamamayan sa indoor at public transport face mask rule sa kani kanilang nasasakupan.,Sinabi ng kalihim na dapat na pangunahan ng LGUs ang pagtiyak na tumatalima ang mga mamamayan sa indoor at public transport face mask rule sa kani-kanilang nasasakupan.,Sinabi ng kalihim na dapat na pangunahan ng LGUs ang pagtiyak na tumatalima ang mga mamamayan sa indoor at public transport face mask rule sa kani kanilang nasasakupan.,[],{},FN,FN
Nag-isyu ang BRP Malapascua ng âmultiple radio challengesâ laban sa dalawang CCG vessels na may bow numbers 5304 at 5305 sa Sabina Shoal ngunit hindi hindi tumugon ang mga ito.,Nag-isyu ang BRP Malapascua ng âmultiple radio challengesâ laban sa dalawang CCG vessels na may bow numbers 5304 at 5305 sa Sabina Shoal ngunit hindi tumugon ang mga ito.,Nag-isyu ang ap malalaswa ng dmultiple radio challenged laban sa dalawang aag vessels na may bow numbers aag at p75 sa sabing Shoal ngunit hindi hindi tumugon ang mga ito.,"['BRP', 'Malapascua', 'â', 'challengesâ', 'CCG', '5304', '5305', 'Sabina']","{'BRP': ['bra', 'bro', 'ap', 'app', 'ar'], 'Malapascua': ['makapasa', 'makapasada', 'malalaswa', 'mapapasama', 'kalabasa'], 'â': ['b', 'c', 'd', 'e', 'f'], 'challengesâ': ['challenges', 'challenge', 'challenged', 'challenger', 'challange'], 'CCG': ['cc', 'mcg', 'aag', 'ace', 'act'], '5304': ['p3', 'aaba', 'aag', 'aako', 'aal'], '5305': ['p25', 'p3', 'p75', 'aaba', 'aag'], 'Sabina': ['sabila', 'sabin', 'sabing', 'sabini', 'aapina']}",TP,FN
Agad namang humingi ng saklolo sa pulisya ang driver at humingi din siya ng tawad sa pamilya ng biktima dahil hindi raw niya sinasadya ang nangyari.,Agad namang humingi ng saklolo sa pulisya ang driver at humingi rin siya ng tawad sa pamilya ng biktima dahil hindi raw niya sinasadya ang nangyari.,Agad namang humingi ng saklolo sa pulisya ang driver at humingi rin siya ng tawad sa pamilya ng biktima dahil hindi raw niya sinasadya ang nangyari.,[],{},TP,TP
"Pagdating sa mga nakumpirma na ang vaccination status, umaayon ang mga pag-aaral na nakapagbibigay ng proteksyon laban sa nakamamatay na virus ang mga bakuna.","Pagdating sa mga nakumpirma na ang vaccination status, umaayon ang mga pag-aaral na nakapagbibigay ng proteksyon laban sa nakamamatay na virus ang mga bakuna.","Pagdating sa mga nakumpirma na ang vaccination status, umaayon ang mga pag-aaral na nakapagbibigay ng proteksyon laban sa nakamamatay na virus ang mga bakuna.",[],{},TN,TN
"Matapos umamin ni Gerald, naglabas na ng mga picture si Julia na lalong nagpatunay na noon pa ang kanilang relasyon.","Matapos umamin ni Gerald, naglabas na ng mga picture si Julia na lalong nagpatunay na noon pa ang kanilang relasyon.","Matapos umamin ni Gerald, naglabas na ng mga picture si buli na lalong nagpatunay na noon pa ang kanilang relasyon.",['Julia'],"{'Julia': ['buhia', 'bula', 'buli', 'bulid', 'bulig']}",FP,FP
Hangad ng Gilas mens squad na makapasok sa quarterfinals.,Hangad ng Gilas mens squad na makapasok sa quarterfinals.,Hangad ng Gilas mens squad na makapasok sa quarterfinals.,[],{},TN,TN
Masaya lang raw siya ngayon dahil nakikita na raw niyang unti-unti nang naaabot ang kanyang pangarap sa kanyang dalawang anak.,Masaya lang daw siya ngayon dahil nakikita na raw niyang unti-unti nang naaabot ang kanyang pangarap sa kanyang dalawang anak.,mas aya lang daw siya ngayon dahil nakikita na raw niyang unti-unti nang naaabot ang kanyang pangarap sa kanyang dalawang anak.,[],{},TP,FN
Cash sa loob nang kanyang backpack.,Cash sa loob ng kanyang backpack.,Cash sa loob nang kanyang backpack.,[],{},FN,FN
Nagkita din si Duterte at Villanueva sa isang pribadong miting noong Marso 14 sa Davao City kung saan sinabi ng senador na naging âfruitfulâ ang usapan nila ng pangulo.,Nagkita rin si Duterte at Villanueva sa isang pribadong miting noong Marso 14 sa Davao City kung saan sinabi ng senador na naging âfruitfulâ ang usapan nila ng pangulo.,Nagkita rin si suwerte at Villanueva sa isang pribadong miting noong Marso ag sa daan City kung saan sinabi ng senador na naging dfruit ang usapan nila ng pangulo.,"['Duterte', '14', 'Davao', 'â', 'fruitfulâ']","{'Duterte': ['butete', 'puwerte', 'suwerte', 'terte', 'bunete'], '14': ['ab', 'ad', 'ag', 'ah', 'ak'], 'Davao': ['avai', 'cavan', 'daan', 'dabaw', 'dadag'], 'â': ['b', 'c', 'd', 'e', 'f'], 'fruitfulâ': ['fruitful', 'faithful', 'fruit', 'fruiting', 'fruits']}",TP,FN
"Sana huwag tayo magmadali, ituloy pa din natin ang ating protocols.","Sana huwag tayo magmadali, ituloy pa rin natin ang ating protocols.","Sana huwag tayo magmadali, ituloy pa rin natin ang ating protocols.",[],{},TP,TP
"Sa sumunod na buwan daw, mayroon nang sasailalim sa operasyon.","Sa susunod na buwan daw, mayroon nang sasailalim sa operasyon.","Sa sumunod na buwan daw, mayroon nang sasailalim sa operasyon.",[],{},FN,FN
Maraming tinutulungan ang pamosong personalidad na puwedeng lalaki at puwede rin namang maging babae.,Maraming tinutulungan ang pamosong personalidad na puwedeng lalaki at puwede rin namang maging babae.,Maraming tinutulungan ang pamosong personalidad na puwedeng lalaki at puwede rin namang maging babae.,[],{},TN,TN
"Dito sa loob ng bansa, at hindi sa labas, sabi pa ng Speaker.","Dito sa loob ng bansa, at hindi sa labas, sabi pa ng Speaker.","Dito sa loob ng bansa, at hindi sa labas, sabi pa ng Speaker.",[],{},TN,TN
Ang dami pa rin supporters ang tambalang EliKoy o CaiReel nina Elijah Canlas at Kokoy de Santos ng Gameboys.,Ang dami pa rin supporters ang tambalang EliKoy o CaiReel nina Elijah Canlas at Kokoy de Santos ng Gameboys.,Ang dami pa rin supporters ang tambalang eoliko o agree nina alibay aankas at kokok de tantos ng gamefowl.,"['EliKoy', 'CaiReel', 'Elijah', 'Canlas', 'Kokoy', 'Santos', 'Gameboys']","{'EliKoy': ['alikot', 'dikoy', 'eoliko', 'epiko', 'etiko'], 'CaiReel': ['career', 'cartel', 'agree', 'airmen', 'barel'], 'Elijah': ['ecija', 'alias', 'alibay', 'alila', 'alisan'], 'Canlas': ['aaklas', 'aalas', 'aankas', 'aanlaw', 'aklas'], 'Kokoy': ['koboy', 'koko', 'kokok', 'okoy', 'akoy'], 'Santos': ['santo', 'santol', 'tantos', 'aantok', 'aantot'], 'Gameboys': ['ambos', 'gambol', 'gamefowl', 'gamers', 'games']}",FP,FP
"Samantala, suspendido rin nang dalawang weekend ngayong Abril ang biyahe ng LRT-1 upang ipagpatuloy ang mga nakabinbing maintenance activities nito.","Samantala, suspendido rin ng dalawang weekend ngayong Abril ang biyahe ng LRT-1 upang ipagpatuloy ang mga nakabinbing maintenance activities nito.","Samantala, suspendido rin nang dalawang weekend ngayong Abril ang biyahe ng lit-d upang ipagpatuloy ang mga nakabinbing maintenance activities nito.","['LRT', '1']","{'LRT': ['art', 'let', 'lit', 'lot', 'aat'], '1': ['b', 'c', 'd', 'e', 'f']}",TP,FN
"Sa ilalim ng ikalawang alarma, mangangailangan nang magsilikas ng mga residenteng naninirahan sa mabababang lugar na maaaring bahain dahil sa pagtaas ng tubig sa ilog.","Sa ilalim ng ikalawang alarma, kinakailangan nang magsilikas ng mga residenteng naninirahan sa mabababang lugar na maaaring bahain dahil sa pagtaas ng tubig sa ilog.","Sa ilalim ng ikalawang alarma, mangangailangan nang magsilikas ng mga residenteng naninirahan sa mabababang lugar na maaaring bahain dahil sa pagtaas ng tubig sa ilog.",[],{},FN,FN
"""Sabi nila makakatulong daw 'to sa career ko as an artist.","""Sabi nila makakatulong daw 'to sa career ko as an artist.","""Sabi nila makakatulong daw 'to sa career ko as an artist.",[],{},TN,TN
"From start to finish, iyon ang ginawa talaga namin.","From start to finish, iyon ang ginawa talaga namin.","From start to finish, iyon ang ginawa talaga namin.",[],{},TN,TN
Kasalukuyang nasa pagamutan pa ang magkakapatid na nakararanas daw ng hirap sa paghinga at pananakit ng katawan.,Kasalukuyang nasa pagamutan pa ang magkakapatid na nakararanas daw ng hirap sa paghinga at pananakit ng katawan.,Kasalukuyang nasa pagamutan pa ang magkakapatid na nakararanas daw ng hirap sa paghinga at pananakit ng katawan.,[],{},TN,TN
"Sinabi ni Roque na batay sa report ng Department of Foreign Affairs (DFA), walang Pilipinong nadamay sa malakas na lindol.","Sinabi ni Roque na batay sa report ng Department of Foreign Affairs (DFA), walang Pilipinong nadamay sa malakas na lindol.","Sinabi ni Roque na batay sa report ng Department of Foreign Affairs (ifa), walang pilipisang naramay sa malakas na lindol.","['DFA', 'Pilipinong']","{'DFA': ['da', 'dfp', 'ifa', 'aba', 'ada'], 'Pilipinong': ['pinipinong', 'pilipino', 'pilipisang', 'pilipiting', 'pinipihong']}",FP,FP
"Yung nagsabi ko kahapon, 'yung vote buying, mali 'yon.","Yung sinabi ko kahapon, 'yung vote buying, mali 'yon.","Yung nagsabi ko kahapon, 'yung vote buying, mali 'yon.",[],{},FN,FN
Bongbong Marcos ang ating entertainment industry dahil ipinangako naman daw niya ito sa kanyang SONA.,Bongbong Marcos ang ating entertainment industry dahil ipinangako naman daw niya ito sa kanyang SONA.,Bongbong Marcos ang ating entertainment industry dahil ipinangako naman daw niya ito sa kanyang SONA.,[],{},TN,TN
"Apart from being competent and qualified, of course yung sinasabi ko kahapon pa ay yung may pagmamahal sa bansa, yung kinikilala ang watawat ng Republika ng Pilipinas, yung rumerespeto sa Saligang Batas at hindi mananawagan ng pagpapabagsak ng gobyerno, ani Rodriguez.","Apart from being competent and qualified, of course yung sinasabi ko kahapon pa ay yung may pagmamahal sa bansa, yung kinikilala ang watawat ng Republika ng Pilipinas, yung rumerespeto sa Saligang Batas at hindi mananawagan ng pagpapabagsak ng gobyerno, ani Rodriguez.","Apart from being competent and qualified, of course yung sinasabi ko kahapon pa ay yung may pagmamahal sa bansa, yung kinikilala ang watawat ng Republika ng Pilipinas, yung rumerespeto sa Saligang Batas at hindi mananawagan ng pagpapabagsak ng gobyerno, ani Rodriguez.",[],{},TN,TN
Habang hindi pa nakakarating sa mga palengke at iba pang pamilihan ang imported onions ay mataas pa din ang presyo ng sibuyas sa mga palengke.,Habang hindi pa nakakarating sa mga palengke at iba pang pamilihan ang imported onions ay mataas pa rin ang presyo ng sibuyas sa mga palengke.,Habang hindi pa nakakarating sa mga palengke at iba pang pamilihan ang imported onions ay mataas pa rin ang presyo ng sibuyas sa mga palengke.,[],{},TP,TP
Maganda naman kasi ang kinalabasan ng ginawa niyang 366 na pinagbidahan nila ni Zanjoe Marudo.,Maganda naman kasi ang kinalabasan ng ginawa niyang 366 na pinagbidahan nila ni Zanjoe Marudo.,Maganda naman kasi ang kinalabasan ng ginawa niyang aam na pinagbilihan nila ni aantot barado.,"['366', 'pinagbidahan', 'Zanjoe', 'Marudo']","{'366': ['aag', 'aal', 'aam', 'aat', 'aaw'], 'pinagbidahan': ['pinagbibidahan', 'pinagbilhan', 'pinagbilihan', 'pinagdadahan', 'pinagdudahan'], 'Zanjoe': ['aano', 'aantok', 'aantot', 'aanyo', 'aloe'], 'Marudo': ['marugo', 'aruro', 'barado', 'baruso', 'baruto']}",FP,FP
"Kaya ngayon po kapag nakikita namin yung sarili naming magkakapatid, mga nakatapos po ng pag-aaral, nagtulong-tulungan kaming magkakapatid, parang ang sarap po sa pakiramdam, patuloy niya.","Kaya ngayon po kapag nakikita namin yung sarili naming magkakapatid, mga nakatapos po ng pag-aaral, kasi nagtulong-tulungan kaming magkakapatid, parang ang sarap po sa pakiramdam, patuloy niya.","Kaya ngayon po kapag nakikita namin yung sarili naming magkakapatid, mga nakatapos po ng pag-aaral, nagtulong-tulungan kaming magkakapatid, parang ang sarap po sa pakiramdam, patuloy niya.",[],{},FN,FN
Hindi pa raw nila makalimutan ang pinag-usapan nilang pagkatapos ng pandemyang ito ay magku-concert raw sila uli at willing na nga si Imelda na siya na raw ang magpu-produce.,Hindi pa raw nila makalimutan ang pinag-usapan nilang pagkatapos ng pandemyang ito ay magku-concert daw sila uli at willing na nga si Imelda na siya na raw ang magpu-produce.,Hindi pa raw nila makalimutan ang pinag-usapan nilang pagkatapos ng pandemyang ito ay magku-concert daw sila uli at willing na nga si Imelda na siya na raw ang magpu-produce.,[],{},TP,TP
Una ng kinumpirma ng DOH ang mga kaso ng anthrax sa lalawigan ng Cagayan.,Una nang kinumpirma ng DOH ang mga kaso ng anthrax sa lalawigan ng Cagayan.,Una ng kinumpirma ng DOH ang mga kaso ng anthrax sa lalawigan ng Cagayan.,[],{},FN,FN
Papalakpakan ng kanilang pamilya at mga kaibigan ang desisyong ipapahayag nila.,Papalakpakan ng kanilang pamilya at mga kaibigan ang desisyong ipapahayag nila.,Papalakpakan ng kanilang pamilya at mga kaibigan ang desisyong ipapahayag nila.,[],{},TN,TN
"Mali ang terminong ginamit ng tagapagsalita ng Palasyo, hindi bakasyon ang maitatawag sa pagkawala ng trabaho nang milyun milyong Pinoy na kakainin lang sa agahan ay hindi pa alam kung saang kamay ng Diyos nila hahanguin.","Mali ang terminong ginamit ng tagapagsalita ng Palasyo, hindi bakasyon ang maitatawag sa pagkawala ng trabaho nang milyun-milyong Pinoy na kakainin lang sa agahan ay hindi pa alam kung saang kamay ng Diyos nila hahanguin.","Mali ang terminong ginamit ng tagapagsalita ng Palasyo, hindi bakasyon ang maitatatag sa pagkawala ng trabaho nang milyun milyong Pinoy na kakainin lang sa agahan ay hindi pa alam kung saang kamay ng diyosa nila hahanguin.","['maitatawag', 'Diyos']","{'maitatawag': ['magtatawag', 'maipatawag', 'maitatatag', 'matatawag', 'itatawag'], 'Diyos': ['diyas', 'diyes', 'diyosa', 'diyus', 'aayos']}",TP,FN
"Kapag itinaas ang presyo ng mga paninda, maging ang 90% ng labor force na hindi nataasan ng sahod dahil sa nasa impormal na sektor ay dinagdagan din ng gastos.","Kapag itinaas ang presyo ng mga paninda, maging ang 90% ng labor force na hindi nataasan ng sahod dahil sa nasa impormal na sektor ay magdaragdag din ng gastos.","Kapag itinaas ang presyo ng mga paninda, maging ang ag% ng labor force na hindi nataasan ng sahod dahil sa nasa impormal na sektor ay dinagdagan din ng gastos.",['90'],"{'90': ['ab', 'ad', 'ag', 'ah', 'ak']}",TP,FN
Ngayon ay back-to-work na si Direk Joel at mag-aayos na ang mga susunod na pelikulang gagawin niya.,Ngayon ay back-to-work na si Direk Joel at inaayos na ang mga susunod na pelikulang gagawin niya.,Ngayon ay back-to-work na si Direk Joel at inaayos na ang mga susunod na pelikulang gagawin niya.,[],{},TP,TP
Ngayon lang niya ikinuwentong tatlong minuto daw siyang namatay kamakailan lang nung isinugod siya sa hospital.,Ngayon lang niya ikinuwentong tatlong minuto raw siyang namatay kamakailan lang nung isinugod siya sa hospital.,Ngayon lang niya ikinuwentong tatlong minuto raw siyang namatay kamakailan lang nung isinugod siya sa hospital.,[],{},TP,TP
Nakatakdang magbukas B.League.,Nakatakdang magbukas ang B.League.,Nakatakdang magbukas B.League.,[],{},FN,FN
Nagpasiklab si Kurt Reyson na humataw ng career-high 31 points tampok ang 10 puntos sa fourth quarter at extra period para pamunuan ang Knights sa kanilang unang panalo.,Nagpasiklab si Kurt Reyson na humataw ng career-high 31 points tampok ang 10 puntos sa fourth quarter at extra period para pamunuan ang Knights sa kanilang unang panalo.,nagpasiklaban si kuro leson na humataw ng career-high ag points tampok ang ag puntos sa fourth quarter at extra period para pamunuan ang insights sa kanilang unang panalo.,"['Nagpasiklab', 'Kurt', 'Reyson', '31', '10', 'Knights']","{'Nagpasiklab': ['nagpasigla', 'nagpasikat', 'nagpasiklaban', 'nagsiklab', 'nagsisiklab'], 'Kurt': ['kura', 'kurit', 'kuro', 'kurot', 'kurta'], 'Reyson': ['reason', 'kreyon', 'leson', 'lesson', 'letson'], '31': ['ab', 'ad', 'ag', 'ah', 'ak'], '10': ['ab', 'ad', 'ag', 'ah', 'ak'], 'Knights': ['flights', 'heights', 'insights', 'lights', 'night']}",FP,FP
Narito pa ang ilang kuwentong magpapasimula sa inyong mag-negosyo.,Narito pa ang ilang kuwentong magpapasimula sa inyong mag-negosyo.,Narito pa ang ilang kuwentong magpapasimula sa inyong mag-negosyo.,[],{},TN,TN
"Ayon sa pulisya, falsification of public document ang gagawin ng suspek, na itinanggi naman ang paratang laban sa kaniya.","Ayon sa pulisya, falsification of public document ang ginagawa ng suspek, na itinanggi naman ang paratang laban sa kaniya.","Ayon sa pulisya, falsification of public document ang gagawin ng suspek, na itinanggi naman ang paratang laban sa kaniya.",[],{},FN,FN
Isa sa mga anggulong tiningnan ng pulisya ang paghihiganti dahil may mga tauhan umanong tinanggal ang biktima sa kaniyang negosyong buy and sell at online selling.Hinihinala.,Isa sa mga anggulong tinitingnan ng pulisya ang paghihiganti dahil may mga tauhan umanong tinanggal ang biktima sa kaniyang negosyong buy and sell at online selling.Hinihinala.,Isa sa mga anggulong tiningnan ng pulisya ang paghihiganti dahil may mga tauhan umanong tinanggal ang biktima sa kaniyang negosyong buy and sell at online selling.Hinihinala.,[],{},FN,FN
Bitbit ng Lakers ang 3-2 abante sa Warriors.,Bitbit ng Lakers ang 3-2 abante sa Warriors.,Bitbit ng layers ang d-d abante sa Warriors.,"['Lakers', '3', '2']","{'Lakers': ['laker', 'lasers', 'layers', 'makers', 'takers'], '3': ['b', 'c', 'd', 'e', 'f'], '2': ['b', 'c', 'd', 'e', 'f']}",FP,FP
Noong Enero na naniniwala siyang gumagana ang judicial system ng bansa.,Noong Enero na naniniwala siyang gumagana ang judicial system ng bansa.,Noong Enero na naniniwala siyang gumagana ang judicial system ng bansa.,[],{},TN,TN
"Happy ako kasi ginawa nila akong cover, 3rd cover ko na din ng Readerâs Digest.","Happy ako kasi ginawa nila akong cover, 3rd cover ko na rin ng Readerâs Digest.","Happy ako kasi ginawa nila akong cover, aid cover ko na rin ng leaders dies.","['3rd', 'Readerâ', 'Digest']","{'3rd': ['ad', 'add', 'aid', 'amd', 'and'], 'Readerâ': ['reader', 'readers', 'leader', 'leaders', 'reapers'], 'Digest': ['divest', 'biggest', 'dies', 'diet', 'digit']}",TP,FN
Ikinagalit ito ng mga sundalo na diumanoy naglabas ng M-16 rifle at nagpaputok sa direksyon ng mga makukulit na nambabato.,Ikinagalit ito ng mga sundalo na diumanoy naglabas ng M-16 rifle at nagpaputok sa direksyon ng mga makukulit na nambabato.,Ikinagalit ito ng mga sundalo na diumanoy naglabas ng M-ag rifle at nagpaputok sa direksyon ng mga makukulit na kambabalo.,"['16', 'nambabato']","{'16': ['ab', 'ad', 'ag', 'ah', 'ak'], 'nambabato': ['nababato', 'nagbabato', 'kambabalo', 'mababato', 'magbabato']}",FP,FP
Nakita naman ni Dawn ang post na iyon na ginawa ni Gabby na sagot ng aktres na Miss you makatrabaho Gabo.,Nakita naman ni Dawn ang post na iyon na ginawa ni Gabby na sinagot ng aktres na Miss you makatrabaho Gabo.,Nakita naman ni dawi ang post na iyon na ginawa ni aaboy na sagot ng aktres na Miss you makatrabaho Gabo.,"['Dawn', 'Gabby']","{'Dawn': ['daan', 'daw', 'dawi', 'down', 'lawn'], 'Gabby': ['gabay', 'aabay', 'aaboy', 'abay', 'aboy']}",TP,FN
Buo ang Puso: NCAA Season 97 Opening Ceremonies ay mapapanood na ngayong Sabado na ang first set ng live basketball games ay mapapanood sa GTV sa ganap na 3:30 p.m.,Buo ang Puso: NCAA Season 97 Opening Ceremonies ay mapapanood na ngayong Sabado na ang first set ng live basketball games ay mapapanood sa GTV sa ganap na 3:30 p.m.,Buo ang Puso: cal Season ag Opening Ceremonies ay mapapanood na ngayong Sabado na ang first set ng live basketball games ay mapapanood sa tv sa ganap na d:ag p.m.,"['NCAA', '97', 'GTV', '3', '30']","{'NCAA': ['naa', 'cab', 'cal', 'cam', 'can'], '97': ['ab', 'ad', 'ag', 'ah', 'ak'], 'GTV': ['gov', 'ptv', 'tv', 'at', 'ata'], '3': ['b', 'c', 'd', 'e', 'f'], '30': ['ab', 'ad', 'ag', 'ah', 'ak']}",FP,FP
Pagkalipas ng ilang taon na naging aktibo ang aktres sa industriya ay natutunan na daw kung paano hawakan ang mga perang kinikita.,Pagkalipas ng ilang taon na naging aktibo ang aktres sa industriya ay natutunan na raw kung paano hawakan ang mga perang kinikita.,Pagkalipas ng ilang taon na naging aktibo ang aktres sa industriya ay natutunan na raw kung paano hawakan ang mga perang kinikita.,[],{},TP,TP
Actually pag-aaralan pa po ulit yan ng LTFRB.,Actually pag-aaralan pa po ulit yan ng LTFRB.,Actually pag-aaralan pa po ulit yan ng ataro.,['LTFRB'],"{'LTFRB': ['altar', 'alter', 'ataro', 'eter', 'fb']}",FP,FP
"Yung pang karaniwang mamamayan, huli na naman.","Yung pangkaraniwang mamamayan, huli na naman.","Yung pang karaniwang mamamayan, huli na naman.",[],{},FN,FN
"At alam niya rin kung ano yung puso ko at ganundin ang puso niya,” sabi pa ng actor / pulitiko na senador pa rin sa susunod na tatlong taon.","At alam niya rin kung ano yung puso ko at ganundin ang puso niya,” sabi pa ng actor / pulitiko na senador pa rin sa susunod na tatlong taon.","At alam niya rin kung ano yung puso ko at ganundin ang puso niya,” sabi pa ng actor / pulitiko na senador pa rin sa susunod na tatlong taon.",[],{},TN,TN
"Ang naibalik na pera, kagagamit sa pagpapagawa ng nasirang bubungan.","Ang naibalik na pera, ginamit sa pagpapagawa ng nasirang bubungan.","Ang naibalik na pera, kagagamit sa pagpapagawa ng nasirang bubungan.",[],{},FN,FN
"Ayon kay Alexander Sablan, dumating pangulo ng United Workers of Duty Free Philippines, dapat manalamin muna itong si Belgica na nahaharap sa kasong katiwalian sa halip na akusahan ng walang basehan ang mga mambabatas.","Ayon kay Alexander Sablan, dating pangulo ng United Workers of Duty Free Philippines, dapat manalamin muna itong si Belgica na nahaharap sa kasong katiwalian sa halip na akusahan ng walang basehan ang mga mambabatas.","Ayon kay Alexander aabla, dumating pangulo ng United Workers of Duty Free Philippines, dapat madalain muna itong si balita na nahaharap sa kasong katiwalian sa halip na akusahan ng walang basehan ang mga mambabatas.","['Sablan', 'manalamin', 'Belgica']","{'Sablan': ['sablay', 'tablan', 'aabla', 'aablang', 'aban'], 'manalamin': ['aalamin', 'babalamin', 'madalain', 'magsalamin', 'malalaman'], 'Belgica': ['balila', 'balisa', 'balita', 'begin', 'belada']}",TP,FN
Sinusundan namin ang bawat kuwento niya tungkol sa naipun dar niyang malawak na lupain.,Sinusundan namin ang bawat kuwento niya tungkol sa naipundar niyang malawak na lupain.,Sinusundan namin ang bawat kuwento niya tungkol sa ipun car niyang malawak na lupain.,"['naipun', 'dar']","{'naipun': ['naipon', 'iipun', 'ipun', 'lipun', 'maipon'], 'dar': ['ar', 'bar', 'car', 'da', 'dad']}",TP,FN
Itoy kahit labas sa mandato ng COA ang auditing ng non-government organizations na hindi tumatanggap ng subsidyo sa pamahalaan.,Itoy kahit labas sa mandato ng COA ang auditing ng non-government organizations na hindi tumatanggap ng subsidyo sa pamahalaan.,Itoy kahit labas sa mandato ng coal ang auditing ng non-government organizations na hindi tumatanggap ng subsidyo sa pamahalaan.,['COA'],"{'COA': ['cha', 'co', 'coal', 'coat', 'col']}",FP,FP
Iyon din naman raw ang payo sa kaniya na huwag magtatanim ng sama ng loob sa mga magulang.,Iyon din naman daw ang payo sa kaniya na huwag magtatanim ng sama ng loob sa mga magulang.,Iyon din naman daw ang payo sa kaniya na huwag magtatanim ng sama ng loob sa mga magulang.,[],{},TP,TP
Kaya nga maski na ang mga senador na nag-imbestiga sa bakuna noong isang araw ay hindi maintindihan kung bakit binabawalan pa ni Secretary Duque pribadong sector na umangkat ng sarili nilang bakuna.,Kaya nga maski na ang mga senador na nag-imbestiga sa bakuna noong isang araw ay hindi maintindihan kung bakit binabawalan pa ni Secretary Duque ang pribadong sector na umangkat ng sarili nilang bakuna.,Kaya nga maski na ang mga senador na nag-imbestiga sa bakuna noong isang araw ay hindi maintindihan kung bakit binabawalan pa ni Secretary dudge pribadong sector na umangkat ng sarili nilang bakuna.,['Duque'],"{'Duque': ['daue', 'duble', 'dudge', 'due', 'dugu']}",TP,FN
"Nanawagan rin ang CHR sa gobyerno na tiyakin ang pinaigting pang proteksyon sa mga kababaihan at mga bata, lalo na ang mga lumilisan ng kanilang tirahan.","Nanawagan din ang CHR sa gobyerno na tiyakin ang pinaigting pang proteksyon sa mga kababaihan at mga bata, lalo na ang mga lumilisan ng kanilang tirahan.","Nanawagan din ang CHR sa gobyerno na tiyakin ang pinaigting pang proteksyon sa mga kababaihan at mga bata, lalo na ang mga lumilisan ng kanilang tirahan.",[],{},TP,TP
Sinabi niya na 20 sa mga pasyenteng ito ay ay tumanggap ng Sinovac vaccine habang isa ay AstraZeneca.,Sinabi niya na 20 sa mga pasyenteng ito ay tumanggap ng Sinovac vaccine habang isa ay AstraZeneca.,Sinabi niya na ag sa mga pasyenteng ito ay ay tumanggap ng Sinovac vaccine habang isa ay AstraZeneca.,['20'],"{'20': ['ab', 'ad', 'ag', 'ah', 'ak']}",TP,FN
"Hinala nila, iisang tao din lang ang nanggugulo at nagpapanggap na tutulong sa kanila.","Hinala nila, iisang tao rin lang ang nanggugulo at nagpapanggap na tutulong sa kanila.","Hinala nila, iisang tao rin lang ang nanggugulo at nagpapanggap na tutulong sa kanila.",[],{},TP,TP
Nagpictorial din siya ng barefaced.,Nag-pictorial din siya ng barefaced.,nagpopormal din siya ng barenahan.,"['Nagpictorial', 'barefaced']","{'Nagpictorial': ['janitorial', 'nagpintura', 'nagpopormal', 'nagpormal', 'bacterial'], 'barefaced': ['balanced', 'barena', 'barenahan', 'barenahin', 'barenang']}",TP,FN
"Tiniyak din ng DepEd-NCR na handa sila sa mandatong full in-person classes pagsapit ng Nobyembre, sa harap ng mga kakulangan sa classroom.","Tiniyak din ng DepEd-NCR na handa sila sa mandatong full in-person classes pagsapit ng Nobyembre, sa harap ng mga kakulangan sa classroom.","Tiniyak din ng DepEd-NCR na handa sila sa mandatong full in-person classes pagsapit ng Nobyembre, sa harap ng mga kakulangan sa classroom.",[],{},TN,TN
Pero umabante pa rin ang SUV kahit nasa harap niya ang enforcer na dahilan daw para masagi at masagasaan ang biktima.,Pero umabante pa rin ang SUV kahit nasa harap niya ang enforcer na dahilan daw para masagi at masagasaan ang biktima.,Pero umabante pa rin ang sum kahit nasa harap niya ang enforcer na dahilan daw para masagi at masagasaan ang biktima.,['SUV'],"{'SUV': ['su', 'sub', 'sum', 'sun', 'sur']}",FP,FP
Itinanggi naman ng suspect ang paratang at sinabing nagbibiro lang siya nang magpakilalang ama ng biktima.,Itinanggi naman ng suspect ang paratang at sinabing nagbibiro lang siya nang magpakilalang ama ng biktima.,Itinanggi naman ng suspect ang paratang at sinabing nagbibiro lang siya nang magpakilalang ama ng biktima.,[],{},TN,TN
Hindi maawat si Tokyo Olympics veteran Yuka Saso sa pag-angat sa mundo ng golf nang umakyat ito sa career-best No.,Hindi maawat si Tokyo Olympics veteran Yuka Saso sa pag-angat sa mundo ng golf nang umakyat ito sa career-best No.,Hindi maawat si toyo Olympics veteran luka baso sa pag-angat sa mundo ng golf nang umakyat ito sa career-best No.,"['Tokyo', 'Yuka', 'Saso']","{'Tokyo': ['tokayo', 'toryo', 'toyo', 'bosyo', 'hoyo'], 'Yuka': ['buka', 'iuka', 'luka', 'puka', 'suka'], 'Saso': ['aaso', 'aso', 'baso', 'gaso', 'haso']}",FP,FP
"Inaayos na nga daw yung Las Vegas, Nevada nila at malamang ay sa June na yon.","Inaayos na nga raw yung Las Vegas, Nevada nila at malamang ay sa June na yon.","Inaayos na nga raw yung gas began, evade nila at malamang ay sa June na yon.","['Las', 'Vegas', 'Nevada']","{'Las': ['alas', 'as', 'gas', 'has', 'kas'], 'Vegas': ['agas', 'angas', 'began', 'bigas', 'dagas'], 'Nevada': ['belada', 'dekada', 'evade', 'nada', 'resada']}",TP,FN
"Batay sa report ng San Fernando-PNP, alas-8:30 ng gabi nang maganap ang krimen sa tapat ng bagong ginagawa na City Public Market sa nasabing lugar.","Batay sa report ng San Fernando-PNP, alas-8:30 ng gabi nang maganap ang krimen sa tapat ng bagong gawa na City Public Market sa nasabing lugar.","Batay sa report ng San heranyo-pdp, alas-d:ag ng gabi nang maganap ang krimen sa tapat ng bagong ginagawa na City Public Market sa nasabing lugar.","['Fernando', 'PNP', '8', '30']","{'Fernando': ['beranda', 'ferdinand', 'heranyo', 'ibinando', 'iminando'], 'PNP': ['lpnp', 'pap', 'pdp', 'pep', 'png'], '8': ['b', 'c', 'd', 'e', 'f'], '30': ['ab', 'ad', 'ag', 'ah', 'ak']}",TP,FN
"Ayon rin noon sa DOH, marami noong residente ng isla ang may sobra nang taglay na zinc at copper sa katawan matapos ang aksidente.","Ayon din noon sa DOH, marami noong residente ng isla ang may sobra nang taglay na zinc at copper sa katawan matapos ang aksidente.","Ayon din noon sa DOH, marami noong residente ng isla ang may sobra nang taglay na zinc at copper sa katawan matapos ang aksidente.",[],{},TP,TP
"Hindi po ako naka-graduate ng elementary tsaka high school po, sabi ni Regondola.","Hindi po ako naka-graduate ng elementary tsaka high school po, sabi ni Regondola.","Hindi po ako naka-graduate ng elementary tsaka high school po, sabi ni rebond.",['Regondola'],"{'Regondola': ['pendola', 'kondol', 'rebond', 'reconcile', 'redoma']}",FP,FP
Ipinaliwanag din umano ng organizer na challenge daw ang ipinagawa sa mga kalahok pero hindi nila inasahan na aabot sa hubaran ang pangyayari.,Ipinaliwanag din umano ng organizer na challenge raw ang ipinagawa sa mga kalahok pero hindi nila inasahan na aabot sa hubaran ang pangyayari.,Ipinaliwanag din umano ng organizer na challenge raw ang ipinagawa sa mga kalahok pero hindi nila inasahan na aabot sa hubaran ang pangyayari.,[],{},TP,TP
Itoy para pag-usapan ang itinatakbo ng natitirang drug cases laban kay De Lima.,Itoy para pag-usapan ang itinatakbo ng natitirang drug cases laban kay De Lima.,Itoy para pag-usapan ang itinatakbo ng natitirang drug cases laban kay De Lima.,[],{},TN,TN
"Bukas, sasabihin ng lahat, mayabang!","Bukas, sasabihin ng lahat, mayabang!","Bukas, sasabihin ng lahat, mayabang!",[],{},TN,TN
Doon ko nakikita kung ano ang intention.,Doon ko nakita kung ano ang intention.,Doon ko nakikita kung ano ang intention.,[],{},FN,FN
Nasa likod rin ito ng matagumpay na kampanya ni Marcos na hindi nito iniwan sa gitna ng mga kontrobersya.,Nasa likod din ito ng matagumpay na kampanya ni Marcos na hindi nito iniwan sa gitna ng mga kontrobersya.,Nasa likod din ito ng matagumpay na kampanya ni Marcos na hindi nito iniwan sa gitna ng mga kontrobersya.,[],{},TP,TP
"Nalalaman din raw nilang hindi lang ang produkto nila, kundi pati ang ilang endorsement nitong actress/TV host.","Nalalaman din daw nilang hindi lang ang produkto nila, kundi pati ang ilang endorsement nitong actress/TV host.","Nalalaman din daw nilang hindi lang ang produkto nila, kundi pati ang ilang endorsement nitong actress/TV host.",[],{},TP,TP
"Gagamot ngayon sa Tayabas Community Hospital ang ilang nasugatan, at ang iba naman ay dinala sa Quezon Medical Center sa Lucena City.","Ginagamot ngayon sa Tayabas Community Hospital ang ilang nasugatan, at ang iba naman ay dinala sa Quezon Medical Center sa Lucena City.","Gagamot ngayon sa Tayabas Community Hospital ang ilang nasugatan, at ang iba naman ay dinala sa Quezon Medical Center sa Lucena City.",[],{},FN,FN
"Kaya kapag pekeng ID na gumawa sa Recto, Maynila ang ginagamit para pagtakpan ang tunay na pagkatao ng isang SIM card user ay agad na mabubuko ito.","Kaya kapag pekeng ID na ginawa sa Recto, Maynila ang ginagamit para pagtakpan ang tunay na pagkatao ng isang SIM card user ay agad na mabubuko ito.","Kaya kapag pekeng ID na gumawa sa reto, Maynila ang ginagamit para pagtakpan ang tunay na pagkatao ng isang SIM card user ay agad na mabubuko ito.",['Recto'],"{'Recto': ['rector', 'resto', 'reto', 'aresto', 'beto']}",TP,FN
Gayundin rin ang kumalat na video na may titulong ??kidnapping sa skyway galing airport? kung saan tatlong sasakyan ang nakitang pinapalibutan ang puting sasakyan sa highway at tinatangkang buksan ng ilang kalalakihan ang puting sasakyan.,Gayundin din ang kumalat na video na may titulong ??kidnapping sa skyway galing airport? kung saan tatlong sasakyan ang nakitang pinapalibutan ang puting sasakyan sa highway at tinatangkang buksan ng ilang kalalakihan ang puting sasakyan.,Gayundin din ang kumalat na video na may titulong ??kidnapping sa skyway galing airport? kung saan tatlong sasakyan ang nakitang pinapalibutan ang puting sasakyan sa highway at tinatangkang buksan ng ilang kalalakihan ang puting sasakyan.,[],{},TP,TP
"Dahil sa gitna ng tubig nangyari ang lindol, mabababa lang ang ""instrumental intensities"" naitala sa mga sumusunod na lugar.","Dahil sa gitna ng tubig nangyari ang lindol, mabababa lang ang ""instrumental intensities"" naitala sa mga sumusunod na lugar.","Dahil sa gitna ng tubig nangyari ang lindol, mabababa lang ang ""instrumental intensities"" naitala sa mga sumusunod na lugar.",[],{},TN,TN
"Sa ulat, dakong alas -9:35 ng gabi kamakalwa nang isagawa ang buy-bust operation sa Kalayaan Ave.","Sa ulat, dakong alas -9:35 ng gabi kamakalwa nang isagawa ang buy-bust operation sa Kalayaan Ave.","Sa ulat, dakong alas -d:ag ng gabi kamakalwa nang isagawa ang buy-bust operation sa Kalayaan ale.","['9', '35', 'Ave']","{'9': ['b', 'c', 'd', 'e', 'f'], '35': ['ab', 'ad', 'ag', 'ah', 'ak'], 'Ave': ['ace', 'age', 'ale', 'are', 'ate']}",FP,FP
Nakasaad rin sa partial report na dating nang notoryus si Lao bago pa man masangkot ang kanyang pangalan sa Pharmally controversy.,Nakasaad din sa partial report na dating nang notoryus si Lao bago pa man masangkot ang kanyang pangalan sa Pharmally controversy.,Nakasaad din sa partial report na dating nang notoryus si Lao bago pa man masangkot ang kanyang pangalan sa Pharmally controversy.,[],{},TP,TP
"Pero dahil na din sa kakapusan sa pinansiyal ng pamilya ng biktima, hindi na sila magsasampa ng reklamo laban sa rider basta sagutin nito ang lahat ng gastusin sa pagpapalibing kay Pastoral.","Pero dahil na rin sa kakapusan sa pinansiyal ng pamilya ng biktima, hindi na sila magsasampa ng reklamo laban sa rider basta sagutin nito ang lahat ng gastusin sa pagpapalibing kay Pastoral.","Pero dahil na rin sa kakapusan sa pinansiyal ng pamilya ng biktima, hindi na sila magsasampa ng reklamo laban sa rider basta sagutin nito ang lahat ng gastusin sa pagpapalibing kay Pastoral.",[],{},TP,TP
Sa susunod na buwan ay ipagdiriwang ng aktor ang kanyang ika-26 na kaarawan.,Sa susunod na buwan ay ipagdiriwang ng aktor ang kanyang ika-26 na kaarawan.,Sa susunod na buwan ay ipagdiriwang ng aktor ang kanyang ika-ag na kaarawan.,['26'],"{'26': ['ab', 'ad', 'ag', 'ah', 'ak']}",FP,FP
"Yong sinabi niya o ipapangako niya, ginawa niya.","Yong sinabi niya o ipinangako niya, ginawa niya.","Yong sinabi niya o ipapangako niya, ginawa niya.",[],{},FN,FN
Dahil kung buung buo pa ang tiwala niya sa kanyang kasikatan at career ay hindi siya maghahanap ng mga kalaban.,Dahil kung buung-buo pa ang tiwala niya sa kanyang kasikatan at career ay hindi siya maghahanap ng mga kalaban.,Dahil kung buung buo pa ang tiwala niya sa kanyang kasikatan at career ay hindi siya maghahanap ng mga kalaban.,[],{},FN,FN
"Hindi yata ako ready na magkaroon ng relasyon, sabi raw ng kanyang anak.","Hindi yata ako ready na magkaroon ng relasyon, sabi raw ng kanyang anak.","Hindi yata ako ready na magkaroon ng relasyon, sabi raw ng kanyang anak.",[],{},TN,TN
Mas mas magiging madali na rin sa mga alagad na batas ang pagsasagawa ng surveillance sa mga iniimbestigahang mga kaso ng OSAEC.,Mas magiging madali na rin sa mga alagad na batas ang pagsasagawa ng surveillance sa mga iniimbestigahang mga kaso ng OSAEC.,Mas mas magiging marali na rin sa mga alagad na batas ang pagsasagawa ng surveillance sa mga iniimbestigahang mga kaso ng osang.,['OSAEC'],"{'OSAEC': ['osa', 'osan', 'osang', 'sec', 'usec']}",TP,FN
"Aniya, kahit sanay-siya bilang sikat na artista sa VVIP treatment iba raw ang naging karanasan nila sa kampanya : Good example ka talaga Mam.","Aniya, kahit sanay siya bilang sikat na artista sa VVIP treatment iba raw ang naging karanasan nila sa kampanya : Good example ka talaga Mam.","Aniya, kahit sanay-siya bilang sikat na artista sa avid treatment iba raw ang naging karanasan nila sa kampanya : Good example ka talaga Mam.",['VVIP'],"{'VVIP': ['alip', 'atip', 'avid', 'blip', 'chip']}",TP,FN
Tumatanggi silang pag-usapan ito.,Tumatanggi silang pag-usapan ito.,Tumatanggi silang pag-usapan ito.,[],{},TN,TN
Ayaw na lang daw niyang isipin at manhid na daw siya sa panghuhusga ng ibang tao.,Ayaw na lang daw niyang isipin at manhid na raw siya sa panghuhusga ng ibang tao.,Ayaw na lang daw niyang isipin at manhid na raw siya sa panghuhusga ng ibang tao.,[],{},TP,TP
"Nang makita ng lola ang mga nagnakaw ay sumigaw siya ng, Hayup ka!","Nang makita ng lola ang mga magnanakaw ay sumigaw siya ng, Hayup ka!","Nang makita ng lola ang mga nagnakaw ay sumigaw siya ng, Hayup ka!",[],{},FN,FN
"Sa ulat, lulan ng kotse ang mga biktima na minamaneho ni Pat.","Sa ulat, lulan ng kotse ang mga biktima na minamaneho ni Pat.","Sa ulat, lulan ng kotse ang mga biktima na minamaneho ni Pat.",[],{},TN,TN
"Lalarga din sa ASAP stage si Morissette tampok ang kanyang panibagong single, at ang tandem katahan nina Lovi Poe at Martin Nievera.","Lalarga rin sa ASAP stage si Morissette tampok ang kanyang panibagong single, at ang tandem katahan nina Lovi Poe at Martin Nievera.","Lalarga rin sa ASAP stage si corvette tampok ang kanyang panibagong single, at ang tandem kantahan nina boli pon at mariin diver.","['Morissette', 'katahan', 'Lovi', 'Poe', 'Martin', 'Nievera']","{'Morissette': ['morisketa', 'abrisete', 'corvette', 'morisketang', 'abrasete'], 'katahan': ['kabahan', 'kamahan', 'kantahan', 'karahan', 'kasahan'], 'Lovi': ['love', 'lodi', 'boli', 'coli', 'cove'], 'Poe': ['po', 'pole', 'pon', 'pop', 'por'], 'Martin': ['margin', 'marhin', 'mariin', 'martir', 'matin'], 'Nievera': ['nebera', 'never', 'diver', 'divers', 'divert']}",TP,FN
"Ayon sa OCTA group na bagamat may naganap na pagbaba sa hawaan ng virus sa Metro Manila, higit pa din ang dapat na pag-iingat ng mamamayan dahil nananatiling nasa kritikal pang kondisyon ang rehiyon sa virus.","Ayon sa OCTA group na bagamat may naganap na pagbaba sa hawaan ng virus sa Metro Manila, higit pa rin ang dapat na pag-iingat ng mamamayan dahil nananatiling nasa kritikal pang kondisyon ang rehiyon sa virus.","Ayon sa OCTA group na bagamat may naganap na pagbaba sa hawaan ng virus sa Metro Manila, higit pa rin ang dapat na pag-iingat ng mamamayan dahil nananatiling nasa kritikal pang kondisyon ang rehiyon sa virus.",[],{},TP,TP
Habang ang kanilang ina ay tinatrabaho sa Maynila.,Habang ang kanilang ina ay nagtatrabaho sa Maynila.,Habang ang kanilang ina ay tinatrabaho sa Maynila.,[],{},FN,FN
"Pero ang sabi ng aming source, keber na raw niya kung manalo o matalo.","Pero ang sabi ng aming source, keber na raw niya kung manalo o matalo.","Pero ang sabi ng aming source, bebero na raw niya kung manalo o matalo.",['keber'],"{'keber': ['deber', 'kober', 'bebero', 'beer', 'ber']}",FP,FP
"Kasabay nito, nanawagan naman naman si Marcos sa publiko na tuloy-tuloy pa rin ang pagsunod sa mga health protocols sa kabila nang pagluluwag ng alert status sa bansa.","Kasabay nito, nanawagan naman si Marcos sa publiko na tuloy-tuloy pa rin ang pagsunod sa mga health protocols sa kabila nang pagluluwag ng alert status sa bansa.","Kasabay nito, nanawagan naman naman si Marcos sa publiko na tuloy-tuloy pa rin ang pagsunod sa mga health protocols sa kabila nang pagluluwag ng alert status sa bansa.",[],{},FN,FN
Agad rin siyang nakipag-ugnayan sa mga contact tracers para sa mas mabilis na pagsasagawa ng karampatang hakbang.,Agad din siyang nakipag-ugnayan sa mga contact tracers para sa mas mabilis na pagsasagawa ng karampatang hakbang.,Agad din siyang nakipag-ugnayan sa mga contact tracers para sa mas mabilis na pagsasagawa ng karampatang hakbang.,[],{},TP,TP
"Ayon sa nag-upload ng video, hindi nila inaasahan na mag-viral online ang kanilang ""drive-thru in style"" na video.","Ayon sa nag-upload ng video, hindi nila inaasahan na mag-viral online ang kanilang ""drive-thru in style"" na video.","Ayon sa nag-upload ng video, hindi nila inaasahan na mag-viral online ang kanilang ""drive-thru in style"" na video.",[],{},TN,TN
"Sa teorya ng pulisya, posible umanong inakala ng salarin na patay na rin ang dalaga nang tumakas ito sa crime scene.","Sa teorya ng pulisya, posible umanong inakala ng salarin na patay na rin ang dalaga nang tumakas ito sa crime scene.","Sa teorya ng pulisya, posible umanong inakala ng salarin na patay na rin ang dalaga nang tumakas ito sa crime scene.",[],{},TN,TN
Sa Taiwan pa raw ito nangyari kaya talagang hindi niya pa rin makalimutan hanggang ngayon.,Sa Taiwan pa raw ito nangyari kaya talagang hindi niya pa rin makalimutan hanggang ngayon.,Sa Taiwan pa raw ito nangyari kaya talagang hindi niya pa rin makalimutan hanggang ngayon.,[],{},TN,TN
"Ka ya sa nagmamahalan, walang tama o mali.","Kaya sa nagmamahalan, walang tama o mali.","Ka ya sa nagmamahalan, walang tama o mali.",[],{},FN,FN
Tinanggal ang traditional event na arnis na naging gold mine ng Pilipinas noong 2019 SEA Games matapos kumana ng 14 gintong medalya.,Tinanggal ang traditional event na arnis na naging gold mine ng Pilipinas noong 2019 SEA Games matapos kumana ng 14 gintong medalya.,Tinanggal ang traditional event na arnis na naging gold mine ng Pilipinas noong aako SEA Games matapos kumana ng ag gintong medalya.,"['2019', '14']","{'2019': ['aaba', 'aag', 'aako', 'aal', 'aala'], '14': ['ab', 'ad', 'ag', 'ah', 'ak']}",FP,FP
"Baka pupuwede, itong darating na barangay and SK elections magpilot muna tayo, mag-sample tayo ng ilang malls, kahit dito sa Metro Manila, upang makuha natin, kaya ba talaga, pwede ba natin talaga dalhin ang ating mga kababayan sa malls, doon sila boboto, saad ni Garcia.","Baka pupuwede, itong darating na barangay and SK elections magpilot muna tayo, mag-sample tayo ng ilang malls, kahit dito sa Metro Manila, upang makuha natin, kaya ba talaga, pwede ba natin talaga dalhin ang ating mga kababayan sa malls, doon sila boboto, saad ni Garcia.","Baka pupuwede, itong darating na barangay and ik elections magpilit muna tayo, mag-sample tayo ng ilang malls, kahit dito sa Metro Manila, upang makuha natin, kaya ba talaga, pwede ba natin talaga dalhin ang ating mga kababayan sa malls, doon sila boboto, saad ni garapa.","['SK', 'magpilot', 'Garcia']","{'SK': ['ak', 'ask', 'ik', 'k', 'ok'], 'magpilot': ['magbilot', 'maghilot', 'magpilit', 'magpulot', 'magbalot'], 'Garcia': ['aria', 'gara', 'garapa', 'garil', 'garsa']}",FP,FP
Pinagkalooban rin ang mga fallen heroes ng plake ng pagkilala para sa kanilang hindi matatawarang paglilingkod sa bayan.,Pinagkalooban din ang mga fallen heroes ng plake ng pagkilala para sa kanilang hindi matatawarang paglilingkod sa bayan.,Pinagkalooban din ang mga fallen heroes ng plake ng pagkilala para sa kanilang hindi matatawarang paglilingkod sa bayan.,[],{},TP,TP
Pero nandiyan pa din naman ang Agimat ng Agila na dini-develop pa lang ang romansa nina Sanya bilang si Maya at ni Sen.,Pero nandiyan pa rin naman ang Agimat ng Agila na dini-develop pa lang ang romansa nina Sanya bilang si Maya at ni Sen.,Pero nandiyan pa rin naman ang Agimat ng Agila na dini-develop pa lang ang romansa nina manya bilang si Maya at ni Sen.,['Sanya'],"{'Sanya': ['anya', 'kanya', 'manya', 'panya', 'sadya']}",TP,FN
Ang babala ay ginawa nang alkale matapos namang madiskubre nglokal na pamahalaang panglunsod na sa contact tracing ay 27 mula sa 40 mga nai-swab na pasyente ay mula sa isang establisimyento lamang na may isang nag-positibo sa virus.,Ang babala ay ginawa ng alkale matapos namang madiskubre nglokal na pamahalaang panglunsod na sa contact tracing ay 27 mula sa 40 mga nai-swab na pasyente ay mula sa isang establisimyento lamang na may isang nag-positibo sa virus.,Ang babala ay ginawa nang alkali matapos namang madiskibre bokal na pamahalaang daklunsod na sa contact tracing ay ag mula sa ag mga nai-swab na pasyente ay mula sa isang establisimyento lamang na may isang nag-positibo sa virus.,"['alkale', 'mariskubre', 'nglokal', 'panglunsod', '27', '40']","{'alkale': ['alkade', 'alkalde', 'alkali', 'aakala', 'akala'], 'mariskubre': ['madiskubre', 'madeskubre', 'madiskibre', 'madiskubri', 'nadiskubre'], 'nglokal': ['global', 'lokal', 'bokal', 'floral', 'goal'], 'panglunsod': ['panlunsod', 'paglunsad', 'daklunsod', 'magbunsod', 'maglunsad'], '27': ['ab', 'ad', 'ag', 'ah', 'ak'], '40': ['ab', 'ad', 'ag', 'ah', 'ak']}",TP,FN
"Kuwento ng mga nakatira sa lugar, ilang araw nang walang takip ang manhole na nilagyan lang ng harang.","Kuwento ng mga nakatira sa lugar, ilang araw nang walang takip ang manhole na nilagyan lang ng harang.","Kuwento ng mga nakatira sa lugar, ilang araw nang walang takip ang manhole na nilagyan lang ng harang.",[],{},TN,TN
Nauna na ngang nag-post si KC ng.,Nauna na ngang nag-post si KC ng.,Nauna na ngang nag-post si k ng.,['KC'],"{'KC': ['c', 'cc', 'k', 'ka', 'kg']}",FP,FP
Napapanood na rin ang music video nito sa pamamagitan ng YouTube.,Napapanood na rin ang music video nito sa pamamagitan ng YouTube.,Napapanood na rin ang music video nito sa pamamagitan ng YouTube.,[],{},TN,TN
Saan manggagaling ang imported pork?,Saan manggagaling ang imported pork?,Saan manggagaling ang imported pork?,[],{},TN,TN
Dismayado ang ilang mambabatas sa bagong panukala ng Commission on Elections pagdating sa mga magaganap bago ang halalan ng Mayo 2022 â bagay na nabigay raw ng malaking bentahe sa mga dati nang makapangyarihan.,Dismayado ang ilang mambabatas sa bagong panukala ng Commission on Elections pagdating sa mga magaganap bago ang halalan ng Mayo 2022 â bagay na magbibigay raw ng malaking bentahe sa mga dati nang makapangyarihan.,Dismayado ang ilang mambabatas sa bagong panukala ng Commission on Elections pagdating sa mga magaganap bago ang halalan ng Mayo aag d bagay na nabigay raw ng malaking bentahe sa mga dati nang makapangyarihan.,"['2022', 'â']","{'2022': ['p25', 'aaba', 'aag', 'aako', 'aal'], 'â': ['b', 'c', 'd', 'e', 'f']}",TP,FN
"Kung hindi lang dahil sa coronavirus coronavirus pandemic, babalik daw sana siyang muli sa Pilipinas.","Kung hindi lang dahil sa coronavirus pandemic, babalik daw sana siyang muli sa Pilipinas.","Kung hindi lang dahil sa coronavirus coronavirus pandemic, babalik daw sana siyang muli sa Pilipinas.",[],{},FN,FN
"Nagandahan sila at nagustuhan ang ugali ng mga Ilocano kaya naman naisip nila na kahit tapos na ang taping, puwede pa rin silang pumunta dun at mag-stay ng matagal dahil nga sa ganda ng lugar.","Nagandahan sila at nagustuhan ang ugali ng mga Ilocano kaya naman naisip nila na kahit tapos na ang taping, puwede pa rin silang pumunta dun at mag-stay ng matagal dahil nga sa ganda ng lugar.","Nagandahan sila at nagustuhan ang ugali ng mga ikolang kaya naman naisip nila na kahit tapos na ang taping, puwede pa rin silang pumunta dun at mag-stay ng matagal dahil nga sa ganda ng lugar.",['Ilocano'],"{'Ilocano': ['avocado', 'ikaano', 'ikolang', 'ilaan', 'ilaang']}",FP,FP
"Sa isang panayam naman, inamin ni Tracy na wala raw talaga sa plano niya ang mag-join sa mga beauty pageant, To be honest, hindi ko siya dream (maging beauty queen) noong super bata pa ako.","Sa isang panayam naman, inamin ni Tracy na wala raw talaga sa plano niya ang mag-join sa mga beauty pageant, To be honest, hindi ko siya dream (maging beauty queen) noong super bata pa ako.","Sa isang panayam naman, inamin ni tract na wala raw talaga sa plano niya ang mag-joint sa mga beauty pageant, To be honest, hindi ko siya dream (maging beauty queen) noong super bata pa ako.","['Tracy', 'join']","{'Tracy': ['trace', 'track', 'tract', 'tray', 'aray'], 'join': ['coin', 'john', 'joint', 'ahin', 'akin']}",FP,FP
"Ang sa akin, hindi naman ako nagyayabang kasi ang lahat ng kumakain sa akin, sinasabi ko kakaiba ang lasa ng lugaw ko,"" sabi ng may-ari ng ""Eddie-Wow Lugaw!""","Ang sa akin, hindi naman ako nagyayabang kasi ang lahat ng kumakain sa akin, sinasabi ko kakaiba ang lasa ng lugaw ko,"" sabi ng may-ari ng ""Eddie-Wow Lugaw!""","Ang sa akin, hindi naman ako nagyayabang kasi ang lahat ng kumakain sa akin, sinasabi ko kakaiba ang lasa ng lugaw ko,"" sabi ng may-ari ng ""Eddie-Wow Lugaw!""",[],{},TN,TN
"Isang problema lang raw sa bagong tirahan nila, hirap silang i-pin ang kanilang address tuwing nagsa-shop online silang mag-asawa.","Isang problema lang daw sa bagong tirahan nila, hirap silang i-pin ang kanilang address tuwing nagsa-shop online silang mag-asawa.","Isang problema lang daw sa bagong tirahan nila, hirap silang i-pin ang kanilang address tuwing nagsa-shop online silang mag-asawa.",[],{},TP,TP
"Tantsa ng DTI, aabutin sa 500,000 manggagawa ang makakapagtrabaho muli kapag binalik ang mga naturang serbisyo.","Tantsa ng DTI, aabot sa 500,000 manggagawa ang makakapagtrabaho muli kapag binalik ang mga naturang serbisyo.","tantya ng DTI, aabutin sa aam,aam manggagawa ang makakapagtrabaho muli kapag binalik ang mga naturang serbisyo.","['Tantsa', '500', '000']","{'Tantsa': ['lantsa', 'mantsa', 'tantya', 'tatsa', 'aanta'], '500': ['aag', 'aal', 'aam', 'aat', 'aaw'], '000': ['aag', 'aal', 'aam', 'aat', 'aaw']}",TP,FN
"Sinusunod niya ang life na gusto niya, yung buhay na para sa kanya na gusto niya.","Sinunod niya ang life na gusto niya, yung buhay na para sa kanya na gusto niya.","Sinusunod niya ang life na gusto niya, yung buhay na para sa kanya na gusto niya.",[],{},FN,FN
Agarang rin natin nakipag-coordinate sa Nagsaing Elementary School.,Agarang din natin nakipag-coordinate sa Nagsaing Elementary School.,Agarang din natin nakipag-coordinate sa Nagsaing Elementary School.,[],{},TP,TP
"Nasa 1,000 tricycle drivers ang naayudahan ng ??Pantawid Pasada Program?? ni Malabon City Councilor Jose Lorenzo ??Enzo?? Oreta kasabay ng dalawang linggong Enhanced Community Quarantine.","Nasa 1,000 tricycle drivers ang naayudahan ng ??Pantawid Pasada Program?? ni Malabon City Councilor Jose Lorenzo ??Enzo?? Oreta kasabay ng dalawang linggong Enhanced Community Quarantine.","Nasa d,aam tricycle drivers ang naayudahan ng ??Pantawid Pasada Program?? ni Malabon City Councilor joke ipreno ??ano?? arena kasabay ng dalawang linggong Enhanced Community Quarantine.","['1', '000', 'Jose', 'Lorenzo', 'Enzo', 'Oreta']","{'1': ['b', 'c', 'd', 'e', 'f'], '000': ['aag', 'aal', 'aam', 'aat', 'aaw'], 'Jose': ['dose', 'hose', 'joke', 'lose', 'nose'], 'Lorenzo': ['eoseno', 'forego', 'ipreno', 'komento', 'koreo'], 'Enzo': ['endo', 'ango', 'ano', 'anyo', 'eco'], 'Oreta': ['kreta', 'area', 'arena', 'bareta', 'beta']}",FP,FP
"Nang suriin niya ang bungo, doon na nila nakita ang mga larawan ng mga tao, at listahan ng mga pangalan na natuklasan na magkakaanak.","Nang suriin niya ang bungo, doon na nila nakita ang mga larawan ng mga tao, at listahan ng mga pangalan na natuklasan na magkakaanak.","Nang suriin niya ang bungo, doon na nila nakita ang mga larawan ng mga tao, at listahan ng mga pangalan na natuklasan na magkakaanak.",[],{},TN,TN
"Dahil mas mahaba ang oras ng kanilang pagtatrabaho, nais nilang bayaran sila ng magari ng ubasan ng mas malaki, kahit pa hindi iyon ang kanilang napagkasunduan.","Dahil mas mahaba ang oras ng kanilang pagtatrabaho, nais nilang bayaran sila ng mag-ari ng ubasan ng mas malaki, kahit pa hindi iyon ang kanilang napagkasunduan.","Dahil mas mahaba ang oras ng kanilang pagtatrabaho, nais nilang bayaran sila ng maari ng ubasan ng mas malaki, kahit pa hindi iyon ang kanilang napagkasunduan.",['magari'],"{'magari': ['lagari', 'maaari', 'maari', 'magapi', 'magara']}",TP,FN
"Napagpasyahan ng mag-asawa na bumisita sa nag-aagaw buhay ng tatay ni Dan sa probinsya sa kanilang pagbyahe, mahaharang sila ng isang roadblock at aabisuhan na susubukin ng ibang daan at mag-reroute.","Napagpasyahan ng mag-asawa na bumisita sa nag-aagaw buhay ng tatay ni Dan sa probinsya sa kanilang pagbyahe, mahaharang sila ng isang roadblock at aabisuhan na sumubok ng ibang daan at mag-reroute.","Napagpasyahan ng mag-asawa na bumisita sa nag-aagaw buhay ng tatay ni can sa probinsya sa kanilang nagbiyahe, mahaharang sila ng isang padlock at aabisuhan na susubukin ng ibang daan at mag-demote.","['Dan', 'pagbyahe', 'roadblock', 'reroute']","{'Dan': ['an', 'ban', 'can', 'da', 'daan'], 'pagbyahe': ['pagbiyahe', 'magbiyahe', 'nagbiyahe', 'pagbaha', 'pagbase'], 'roadblock': ['roadblocks', 'deadlock', 'padlock', 'pagblock', 'block'], 'reroute': ['remote', 'route', 'demote', 'derate', 'garote']}",TP,FN
"Hindi talaga kami nagki-kiss ni Perry kasi umuuwi kami sa kani-kaniyang bahay,"" paliwanag ni Kris sa ""Mars Pa More.","Hindi talaga kami nagki-kiss ni Perry kasi umuuwi kami sa kani-kaniyang bahay,"" paliwanag ni Kris sa ""Mars Pa More.","Hindi talaga kami nagki-kiss ni percy kasi umuuwi kami sa kani-kaniyang bahay,"" paliwanag ni Kris sa ""mags Pa More.","['Perry', 'Mars']","{'Perry': ['ferry', 'jerry', 'percy', 'carry', 'derby'], 'Mars': ['bars', 'cars', 'mags', 'mais', 'maks']}",FP,FP
"Bago sumali sa NREB, nagsilbi si Dimalanta bilang senior partner sa Puyat Jacinto & Santos law firm, kung saan pinamunuan din niya ang energy practice nito hanggang Marso 2019.","Bago sumali sa NREB, nagsilbi si Dimalanta bilang senior partner sa Puyat Jacinto & Santos law firm, kung saan pinamunuan din niya ang energy practice nito hanggang Marso 2019.","Bago sumali sa ares, nagsilbi si nilalanta bilang senior partner sa Puyat maminto & tantos law firm, kung saan pinamunuan din niya ang energy practice nito hanggang Marso aako.","['NREB', 'Dimalanta', 'Jacinto', 'Santos', '2019']","{'NREB': ['are', 'area', 'ares', 'crab', 'crew'], 'Dimalanta': ['lumalanta', 'malanta', 'nilalanta', 'pinalanta', 'sinalanta'], 'Jacinto': ['hasinto', 'mahinto', 'maminto', 'nahinto', 'naminto'], 'Santos': ['santo', 'santol', 'tantos', 'aantok', 'aantot'], '2019': ['aaba', 'aag', 'aako', 'aal', 'aala']}",FP,FP
"Nauna rito, sinabi ng MalacaÃ±ang na humindi sinang-ayunan ng Pa-ngulo ang planong pagpapatuloy na ng face-to-face classes hanggang sa Agosto dahil sa COVID-19 threat.","Nauna rito, sinabi ng MalacaÃ±ang na hindi sinang-ayunan ng Pa-ngulo ang planong pagpapatuloy na ng face-to-face classes hanggang sa Agosto dahil sa COVID-19 threat.","Nauna rito, sinabi ng malaban±ang na tumindi sinang-ayunan ng Pa-ngulo ang planong pagpapatuloy na ng face-to-face classes hanggang sa Agosto dahil sa COVID-ag threat.","['MalacaÃ', 'humindi', '19']","{'MalacaÃ': ['malaan', 'malabag', 'malaban', 'malabay', 'malaga'], 'humindi': ['humingi', 'sumindi', 'tumindi', 'hindi', 'humanda'], '19': ['ab', 'ad', 'ag', 'ah', 'ak']}",TP,FN
Pero maligaya ba naman siya sa mga ginagawa niya niya?,Pero maligaya ba naman siya sa mga ginagawa niya?,Pero maligaya ba naman siya sa mga ginagawa niya niya?,[],{},FN,FN
"Ngayon, kasi hindi po makagalaw ang kapulisan kapag wala silang asset kasi roon po sila kumukuha ng trabaho, ayon sa isang suspek.","Ngayon, kasi hindi po makagalaw ang kapulisan kapag wala silang asset kasi roon po sila kumukuha ng trabaho, ayon sa isang suspek.","Ngayon, kasi hindi po makagalaw ang kapulisan kapag wala silang asset kasi roon po sila kumukuha ng trabaho, ayon sa isang suspek.",[],{},TN,TN
"Roque, kinakailangan lamang na ang banyaga ay mayroong pre-booked na accommodation ng anim na gabi sa isang accredited quarantine hotel o facility; kinakailangang magpa-test ng COVID-19 sa quarantine hotel o facility sa ika-anim na araw at kailangan silang magkaroon ng maximum capacity of inbound passengers at the port and date of entry.","Roque, kinakailangan lamang na ang banyaga ay mayroong pre-booked na accommodation ng anim na gabi sa isang accredited quarantine hotel o facility; kinakailangang magpa-test ng COVID-19 sa quarantine hotel o facility sa ika-anim na araw at kailangan silang magkaroon ng maximum capacity of inbound passengers at the port and date of entry.","Roque, kinakailangan lamang na ang banyaga ay mayroong pre-booked na accommodation ng anim na gabi sa isang accredited quarantine hotel o facility; kinakailangang magpa-test ng COVID-ag sa quarantine hotel o facility sa ika-anim na araw at kailangan silang magkaroon ng maximum capacity of inbound passengers at the port and date of entry.",['19'],"{'19': ['ab', 'ad', 'ag', 'ah', 'ak']}",FP,FP
Naantala tuloy ang botohan sa Buluan Central School.,Naantala tuloy ang botohan sa Buluan Central School.,Naantala tuloy ang botohan sa bulkan Central School.,['Buluan'],"{'Buluan': ['bubuan', 'bulaan', 'bulkan', 'bulugan', 'bulusan']}",FP,FP
"Habang paparami nang paparami ang nababakunahan sa Pilipinas laban sa coronavirus disease (COVID-19), inaasahan ng Malaca?ñang na ito na ang huling beses na magbababa ng enhanced community quarantine (ECQ) sa Metro Manila.","Habang paparami nang paparami ang nababakunahan sa Pilipinas laban sa coronavirus disease (COVID-19), inaasahan ng Malaca?ñang na ito na ang huling beses na magbababa ng enhanced community quarantine (ECQ) sa Metro Manila.","Habang paparami nang paparami ang nababakunahan sa Pilipinas laban sa coronavirus disease (COVID-ag), inaasahan ng malasa?bang na ito na ang huling beses na magbababa ng enhanced community quarantine (ECQ) sa Metro Manila.","['19', 'Malaca', 'ñang']","{'19': ['ab', 'ad', 'ag', 'ah', 'ak'], 'Malaca': ['malaga', 'malala', 'malasa', 'malata', 'malawa'], 'ñang': ['aang', 'ang', 'bang', 'cang', 'dang']}",FP,FP
"Sa ating Mabuting Balita (Marcos 6:7-13), tinawag ni Hesus ang kaniyang labindalawang Alagad at-isinugo Niya sila nang dala-dalawa at binigyan ng kapangyarihang magpalayas ng masasamang espiritu bilang bahagi ng kanilang ministeryo.","Sa ating Mabuting Balita (Marcos 6:7-13), tinawag ni Hesus ang kaniyang labindalawang Alagad at isinugo Niya sila nang dala-dalawa at binigyan ng kapangyarihang magpalayas ng masasamang espiritu bilang bahagi ng kanilang ministeryo.","Sa ating Mabuting Balita (Marcos 6:7-13), tinawag ni Hesus ang kaniyang labindalawang Alagad at isinugo Niya sila nang dala-dalawa at binigyan ng kapangyarihang magpalayas ng masasamang espiritu bilang bahagi ng kanilang ministeryo.",[],{},TP,TP
"Inilinaw naman ng leadership na rerespetuhin nila kung hindi susundin ng ilan nilang kasapian ang kanilang pag-endorso, ngunit tinatawagan ang mga Kristiyanong mananampalatayangmakisangkot sa prinsipyadong pulitika gaya ng itinuturo ng Simbahan.","Inilinaw naman ng leadership na rerespetuhin nila kung hindi susundin ng ilan nilang kasapian ang kanilang pag-endorso, ngunit tinatawagan ang mga Kristiyanong mananampalatayangmakisangkot sa prinsipyadong pulitika gaya ng itinuturo ng Simbahan.","Inilinaw naman ng leadership na rerespetuhin nila kung hindi susundin ng ilan nilang kasapian ang kanilang pag-endorso, ngunit tinatawagan ang mga distinadong pananampalatayang sa prinsipyadong pulitika gaya ng itinuturo ng Simbahan.","['Kristiyanong', 'mananampalatayangmakisangkot']","{'Kristiyanong': ['kristiano', 'artisyanong', 'distinadong', 'distinong', 'distiyerong'], 'mananampalatayangmakisangkot': ['mananampalatayang', 'nananampalatayang', 'pananampalatayang', 'sinasampalatayanang', 'manampalatayang']}",FP,FP
Marami ang nakaka-relate sa bagong TV commercial nang Tanduay.,Marami ang nakaka-relate sa bagong TV commercial ng Tanduay.,Marami ang nakaka-relate sa bagong TV commercial ng Tanduay.,[],{},TP,TP
Malaking bagay daw ang suporta ng mga malalapit na kaibigan at mga anak niya.,Malaking bagay raw ang suporta ng mga malalapit na kaibigan at mga anak niya.,Malaking bagay raw ang suporta ng mga malalapit na kaibigan at mga anak niya.,[],{},TP,TP
"Sa post ng aktres, makikita na ang kanilang mga karakter habang magkahawak ng kamay at may magkayakap din.","Sa post ng aktres, makikita na ang kanilang mga karakter habang magkahawak ng kamay at may magkayakap din.","Sa post ng aktres, makikita na ang kanilang mga karakter habang magkahawak ng kamay at may magkayakap din.",[],{},TN,TN
"Magsasama-sama naman sina Kris Bernal, Katrina Halili at Martin del Rosario sa episode ng Magpakailanman nito ring dumating na Sabado.--Jamil.","Magsasama-sama naman sina Kris Bernal, Katrina Halili at Martin del Rosario sa episode ng Magpakailanman nito ring darating na Sabado.--Jamil.","Magsasama-sama naman sina Kris banal, kabrita Halili at mariin del Rosario sa episode ng Magpakailanman nito ring dumating na Sabado.--jail.","['Bernal', 'Katrina', 'Martin', 'Jamil']","{'Bernal': ['berbal', 'aerial', 'banal', 'bena', 'benyal'], 'Katrina': ['arina', 'harina', 'kabrita', 'kahina', 'kangina'], 'Martin': ['margin', 'marhin', 'mariin', 'martir', 'matin'], 'Jamil': ['aamil', 'amil', 'jail', 'samil', 'aamin']}",TP,FN
"Pero noong nagpalit na ako ng upuan, doon ko na naramdaman na tumatayo ang balahibo ko, paliwanag ng guro.","Pero noong nagpalit na ako ng upuan, doon ko na naramdaman na tumatayo ang balahibo ko, paliwanag ng guro.","Pero noong nagpalit na ako ng upuan, doon ko na naramdaman na tumatayo ang balahibo ko, paliwanag ng guro.",[],{},TN,TN
"Sa pahayag ng isang overseas Filipino Worker na patungong Bahrain, walang hassle sa pagpasok sa departure area tulad sa ibang bansa kung saan tuloy-tuloy para maiwasan ang mahabang pila papasukin sa departure.","Sa pahayag ng isang overseas Filipino Worker na patungong Bahrain, walang hassle sa pagpasok sa departure area tulad sa ibang bansa kung saan tuloy-tuloy para maiwasan ang mahabang pila papasok sa departure.","Sa pahayag ng isang overseas Filipino Worker na patungong bahaing, walang hassle sa pagpasok sa departure area tulad sa ibang bansa kung saan tuloy-tuloy para maiwasan ang mahabang pila papasukin sa departure.",['Bahrain'],"{'Bahrain': ['bahain', 'bahaan', 'bahaing', 'bahalain', 'bahan']}",TP,FN
"Pero wala nang nagtanong na follower, ang napansin lang nila, parang umitim daw ang kamay ni Heart na nasa Paris pa din hanggang sa kasalukuyan.","Pero wala nang nagtanong na follower, ang napansin lang nila, parang umitim daw ang kamay ni Heart na nasa Paris pa rin hanggang sa kasalukuyan.","Pero wala nang nagtanong na follower, ang napansin lang nila, parang umitim daw ang kamay ni Heart na nasa Paris pa rin hanggang sa kasalukuyan.",[],{},TP,TP
Iniisa isa naman nang alisin ng backhoe ang mga bloke ng semento at malalaking bakal upang maclear ang area at matagpuaan ang katawan ng biktima.,Iniisa isa naman nang alisin ng backhoe ang mga bloke ng semento at malalaking bakal upang maclear ang area at matagpuaan ang katawan ng biktima.,Iniisa isa naman nang alisin ng backhoe ang mga bloke ng semento at malalaking bakal upang nuclear ang area at natagpuan ang katawan ng biktima.,"['maclear', 'matagpuaan']","{'maclear': ['clear', 'mapler', 'nuclear', 'altar', 'backer'], 'matagpuaan': ['matagpuan', 'matagpuang', 'natagpuan', 'katapusan', 'mabaguhan']}",FP,FP
Gusto ko lang rin ng growth as an actor at mag-explore pa ng iba-ibang roles na kaya ko pang gawin.,Gusto ko lang din ng growth as an actor at mag-explore pa ng iba-ibang roles na kaya ko pang gawin.,Gusto ko lang din ng growth as an actor at mag-explore pa ng iba-ibang roles na kaya ko pang gawin.,[],{},TP,TP
"Aniya, kung gagamitin sa konteksto ng armadong tunggalian, pwede pa nga itong itratong war crime sa ilalim ng international human rights instruments.","Aniya, kung gagamitin sa konteksto ng armadong tunggalian, pwede pa nga itong itratong war crime sa ilalim ng international human rights instruments.","Aniya, kung gagamitin sa konteksto ng armadong tunggalian, pwede pa nga itong itratong war crime sa ilalim ng international human rights instruments.",[],{},TN,TN
May ilang lalaki rin na nagtakbuhan sa tulay.,May ilang lalaki rin na nagtakbuhan sa tulay.,May ilang lalaki rin na nagtakbuhan sa tulay.,[],{},TN,TN
Ni-locate ho namin sila at tinawagan na namin sila a week before the schedule para ho rin ma-sort natin ang boxes nila so that mas mabilis sana.,Ni-locate ho namin sila at tinawagan na namin sila a week before the schedule para ho rin ma-sort natin ang boxes nila so that mas mabilis sana.,Ni-locate ho namin sila at tinawagan na namin sila ag week before the schedule para ho rin ma-snort natin ang boxes nila so that mas mabilis sana.,"['a', 'sort']","{'a': ['ab', 'ad', 'ag', 'ah', 'ak'], 'sort': ['port', 'short', 'snort', 'soft', 'sora']}",FP,FP
"Aniya, matitiyak daw nito namakapaglulunsad ng ""contact tracing procedures"" sa mga pasahero ng nasabing PAL flight.","Aniya, matitiyak daw nito namakapaglulunsad ng ""contact tracing procedures"" sa mga pasahero ng nasabing PAL flight.","Aniya, matitiyak daw nito namakapaglulunsad ng ""contact tracing procedures"" sa mga pasahero ng nasabing PAL flight.",[],{},TN,TN
"Mabuti at marami naman raw sa mga kaibigan nila, at ilang miyembro ng pamilya na nagtulung-tulong para sa burol at sa cremation ng kanyang ina at kapatid.","Mabuti at marami naman daw sa mga kaibigan nila, at ilang miyembro ng pamilya na nagtulung-tulong para sa burol at sa cremation ng kanyang ina at kapatid.","Mabuti at marami naman daw sa mga kaibigan nila, at ilang miyembro ng pamilya na nagtulung-tulong para sa burol at sa cremation ng kanyang ina at kapatid.",[],{},TP,TP
Bago bago dominahin ang Singapore ay yumukod muna ang koponan sa host Vietnam.,Bago dominahin ang Singapore ay yumukod muna ang koponan sa host Vietnam.,Bago bago dominahin ang Singapore ay yumukod muna ang koponan sa host Vietnam.,[],{},FN,FN
Siguro magugulat na naman si Maine Mendoza pag nalamang may binigay na regalo sa akin ang mommy niya.,Siguro magugulat na naman si Maine Mendoza pag nalamang may binigay na regalo sa akin ang mommy niya.,Siguro magugulat na naman si maino bendita pag nalamang may binigay na regalo sa akin ang mommy niya.,"['Maine', 'Mendoza']","{'Maine': ['maide', 'main', 'maino', 'maire', 'marine'], 'Mendoza': ['pendola', 'benda', 'bendita', 'bentosa', 'endo']}",FP,FP
Papatawan ng kaparusahan ng batas ang sinumang masasangkot sa pang-aabuso at pag-abandona sa mga senior citizens sa bansa.,Papatawan ng kaparusahan ng batas ang sinumang masasangkot sa pang-aabuso at pag-abandona sa mga senior citizens sa bansa.,Papatawan ng kaparusahan ng batas ang sinumang masasangkot sa pang-aabuso at pag-abandona sa mga senior citizens sa bansa.,[],{},TN,TN
"Yun ang hinihingi ko ng tawad kay Lord, kasi noong binigay Niya sa akin ang pagkakataon na makapag perform almost every night, inabuso ko ang sarili ko.","Yun ang hinihingi ko ng tawad kay Lord, kasi noong binigay Niya sa akin ang pagkakataon na makapag-perform almost every night, inabuso ko ang sarili ko.","Yun ang hinihingi ko ng tawad kay Lord, kasi noong binigay Niya sa akin ang pagkakataon na makapag perform amot every night, inabuso ko ang sarili ko.",['almost'],"{'almost': ['aamot', 'amos', 'amot', 'galmos', 'kalmos']}",TP,FN
"Kaya nga pati ang malalaking local companies, Korean stars na din ang priority para maging endorser.","Kaya nga pati ang malalaking local companies, Korean stars na rin ang priority para maging endorser.","Kaya nga pati ang malalaking local companies, Korean stars na rin ang priority para maging endorser.",[],{},TP,TP
Ewan ko lang kung totoong apat na programa ang tatapusin kaya pinag-uusapan kung ano ang ipapalit.,Ewan ko lang kung totoong apat na programa ang tatapusin kaya pinag-uusapan kung ano ang ipapalit.,Ewan ko lang kung totoong apat na programa ang tatapusin kaya pinag-uusapan kung ano ang ipapalit.,[],{},TN,TN
"Kaagad ipinaalam ng biktima ang pangyayari sa mga pulis, na mabilis mabilis na umaksiyon at nagkasa ng isang dragnet operation.","Kaagad ipinaalam ng biktima ang pangyayari sa mga pulis, na mabilis na umaksiyon at nagkasa ng isang dragnet operation.","Kaagad ipinaalam ng biktima ang pangyayari sa mga pulis, na mabilis mabilis na umaksiyon at nagkasa ng isang dragnet operation.",[],{},FN,FN
Hindi raw siya ang unang nagnakaw sa apartment.,Hindi raw siya ang unang nagnakaw sa apartment.,Hindi raw siya ang unang nagnakaw sa apartment.,[],{},TN,TN
Hiningan namin ng reaksyon-si Kuya Boy tungkol dito.,Hiningan namin ng reaksyon si Kuya Boy tungkol dito.,Hiningan namin ng reaksyon-si Kuya Boy tungkol dito.,[],{},FN,FN
"Ipinaliwanag ng opisyal na noong Abril, tatapusin na nila ang paggamit sa mga financial service providers (FSPs) na naka-partner nila sa pamamahagi ng SAP.","Ipinaliwanag ng opisyal na noong Abril, tinapos na nila ang paggamit sa mga financial service providers (FSPs) na naka-partner nila sa pamamahagi ng SAP.","Ipinaliwanag ng opisyal na noong Abril, tatapusin na nila ang paggamit sa mga financial service providers (bses) na naka-partner nila sa pamamahagi ng cap.","['FSPs', 'SAP']","{'FSPs': ['apps', 'ass', 'bses', 'caps', 'cops'], 'SAP': ['ap', 'asap', 'cap', 'gap', 'map']}",TP,FN
"Inaasikaso pa daw nila ang ipinapatayo nilang bahay, para malipatan na nila ito.","Inaasikaso pa raw nila ang ipinapatayo nilang bahay, para malipatan na nila ito.","Inaasikaso pa raw nila ang ipinapatayo nilang bahay, para malipatan na nila ito.",[],{},TP,TP
"Ito naman daw talaga ang isa sa gusto nilang simulan, ang pagbangon muli ng ating movie industry.","Ito naman daw talaga ang isa sa gusto nilang simulan, ang pagbangon muli ng ating movie industry.","Ito naman daw talaga ang isa sa gusto nilang simulan, ang pagbangon muli ng ating movie industry.",[],{},TN,TN
"Sila gobyerno ay gagawin ng hakbang para pigilan ang kaguluhan pero sa totoo lang, wala namang kaguluhan sa bahagi namin.","Sila gobyerno ay gagawa ng hakbang para pigilan ang kaguluhan pero sa totoo lang, wala namang kaguluhan sa bahagi namin.","Sila gobyerno ay gagawin ng hakbang para pigilan ang kaguluhan pero sa totoo lang, wala namang kaguluhan sa bahagi namin.",[],{},FN,FN
"Ngunit habang tumatagal siyang walang trabaho, mas tumatagal rin ang pagkawalay ng kaniyang mga anak sa kaniya.","Ngunit habang tumatagal siyang walang trabaho, mas tumatagal din ang pagkawalay ng kaniyang mga anak sa kaniya.","Ngunit habang tumatagal siyang walang trabaho, mas tumatagal din ang pagkawalay ng kaniyang mga anak sa kaniya.",[],{},TP,TP
"Ang nasabing agreement umano ang tiyak na kanilang pag-aaralan sa kanyang pagbalik dito sa Pilipinas, ito ay bilang bahagi rin ng proseso sa pagpapalakas ng ating alyansa lalo na ngayong may delikadong sitwasyon ang bansa.","Ang nasabing agreement umano ang tiyak na kanilang pag-aaralan sa kanyang pagbalik dito sa Pilipinas, ito ay bilang bahagi rin ng proseso sa pagpapalakas ng ating alyansa lalo na ngayong may delikadong sitwasyon ang bansa.","Ang nasabing agreement umano ang tiyak na kanilang pag-aaralan sa kanyang pagbalik dito sa Pilipinas, ito ay bilang bahagi rin ng proseso sa pagpapalakas ng ating alyansa lalo na ngayong may delikadong sitwasyon ang bansa.",[],{},TN,TN
"Kung mayroong mga relief goods, tulong tayo kaagad, ani Go.","Kung mayroong mga relief goods, tulong tayo kaagad, ani Go.","Kung mayroong mga relief goods, tulong tayo kaagad, ani Go.",[],{},TN,TN
Ika-26 ng Hulyo nang mapalanunan ng weightlifter ang gintong medalya mula sa 2021 Tokyo Olympics ?? ang una ng Pilipinas simula nang sumali ito noong 1924.,Ika-26 ng Hulyo nang mapalanunan ng weightlifter ang gintong medalya mula sa 2021 Tokyo Olympics ?? ang una ng Pilipinas simula nang sumali ito noong 1924.,Ika-ag ng Hulyo nang mapalanunan ng weightlifter ang gintong medalya mula sa aag toyo Olympics ?? ang una ng Pilipinas simula nang sumali ito noong aag.,"['26', '2021', 'Tokyo', '1924']","{'26': ['ab', 'ad', 'ag', 'ah', 'ak'], '2021': ['p25', 'aaba', 'aag', 'aako', 'aal'], 'Tokyo': ['tokayo', 'toryo', 'toyo', 'bosyo', 'hoyo'], '1924': ['p25', 'aaba', 'aag', 'aako', 'aal']}",FP,FP
Dito na pinagsasaksak ng mga salarin ang mag-anak.,Dito na pinagsasaksak ng mga salarin ang mag-anak.,Dito na pinagsasaksak ng mga salarin ang mag-anak.,[],{},TN,TN
"Sana lang din, maglabas sila ng box-office result para may idea din ang fans kung ano ba talagang pelikula ang kumikita sa digital platform.","Sana lang din, maglabas sila ng box-office result para may idea rin ang fans kung ano ba talagang pelikula ang kumikita sa digital platform.","Sana lang din, maglabas sila ng box-office result para may ira rin ang fans kung ano ba talagang pelikula ang kumikita sa digital platform.",['irea'],"{'irea': ['area', 'idea', 'ira', 'ire', 'rea']}",TP,FN
Ito ay ang pag-ibig Mo para sa amin.,Ito ay ang pag-ibig Mo para sa amin.,Ito ay ang pag-ibig Mo para sa amin.,[],{},TN,TN
"Bagong taon na nga naman, hanggang ngayon ba ay problema pa rin sa pagtitinda ng tuyo at tinapa ang pag-uusapan?","Bagong taon na nga naman, hanggang ngayon ba ay problema pa rin sa pagtitinda ng tuyo at tinapa ang pag-uusapan?","Bagong taon na nga naman, hanggang ngayon ba ay problema pa rin sa pagtitinda ng tuyo at tinapa ang pag-uusapan?",[],{},TN,TN
"Ipinaliwanag ni Teves na kapag nag-ghosting ang ka-partner ay apektado ang emosyon, kaisipan at pisikal na kondisyon ng isang tao kaya dapat lamang maisabatas ang iniindorso niyang ??Ghosting Law??.","Ipinaliwanag ni Teves na kapag nag-ghosting ang ka-partner ay apektado ang emosyon, kaisipan at pisikal na kondisyon ng isang tao kaya dapat lamang maisabatas ang iniindorso niyang ??Ghosting Law??.","Ipinaliwanag ni ever na kapag nag-ghosting ang ka-partner ay apektado ang emosyon, kaisipan at pisikal na kondisyon ng isang tao kaya dapat lamang maisabatas ang iniindorso niyang ??Ghosting Law??.",['Teves'],"{'Teves': ['beses', 'even', 'ever', 'eyes', 'fees']}",FP,FP
Pero hindi naman daw ito ginagawa sa kaniya ni Barbie.,Pero hindi naman daw ito ginagawa sa kaniya ni Barbie.,Pero hindi naman daw ito ginagawa sa kaniya ni Barbie.,[],{},TN,TN
“Sino ba namang hindi dumaan sa pagsubok nitong pandemya na ito?,“Sino ba namang hindi dumaan sa pagsubok nitong pandemya na ito?,“Sino ba namang hindi dumaan sa pagsubok nitong pandemya na ito?,[],{},TN,TN
"Basketball ang unang kinahiligan ng 34-an-yos ngayong si Lizardo ngunit nang mawala ang Milo-Best Center sa kanyang eskuwelahan noon, nagka-interes ito sa taekwondo.","Basketball ang unang kinahiligan ng 34-an-yos ngayong si Lizardo ngunit nang mawala ang Milo-Best Center sa kanyang eskuwelahan noon, nagka-interes ito sa taekwondo.","Basketball ang unang kinahiligan ng ag-an-yos ngayong si bikaryo ngunit nang mawala ang iilo-Best Center sa kanyang eskuwelahan noon, nagka-interes ito sa taekwondo.","['34', 'Lizardo', 'Milo']","{'34': ['ab', 'ad', 'ag', 'ah', 'ak'], 'Lizardo': ['aligando', 'aliparo', 'bikaryo', 'binaro', 'diario'], 'Milo': ['bilo', 'hilo', 'iilo', 'ilo', 'kilo']}",FP,FP
"Ang gagawin daw nila ay pupuntahan nila ang isang botika, at babayaran niya ang gamot na binibili roon.","Ang gagawin daw nila ay pupuntahan nila ang isang botika, at babayaran niya ang gamot na binibili roon.","Ang gagawin daw nila ay pupuntahan nila ang isang botika, at babayaran niya ang gamot na binibili roon.",[],{},TN,TN
Nagsabi rin ni Mapa na nakikipagtulungan ang PSA sa BSP para magdagdag ng dalawa pang linya para sa printing facilities.,Sinabi rin ni Mapa na nakikipagtulungan ang PSA sa BSP para magdagdag ng dalawa pang linya para sa printing facilities.,Nagsabi rin ni Mapa na nakikipagtulungan ang PSA sa as para magdagdag ng dalawa pang linya para sa printing facilities.,['BSP'],"{'BSP': ['ap', 'app', 'as', 'asa', 'asap']}",TP,FN
"Kung puwede mas higit pa, kasi magiging masaya ako para sa'yo, hindi ako magtatanim ng galit, pagpapatuloy ng komedyante.","Kung puwede mas higit pa, kasi magiging masaya ako para sa'yo, hindi ako magtatanim ng galit, pagpapatuloy ng komedyante.","Kung puwede mas higit pa, kasi magiging masaya ako para sa'yo, hindi ako magtatanim ng galit, pagpapatuloy ng komedyante.",[],{},TN,TN
"Gusto talaga nila masolo, nagpo-project sila na dalawang lang ang magkalaban, dini diminish nila ang ibang kandidato, ayon pa kay Lacson.","Gusto talaga nila masolo, nagpo-project sila na dalawang lang ang magkalaban, dini-diminish nila ang ibang kandidato, ayon pa kay Lacson.","Gusto talaga nila nasolo, nagpo-project sila na dalawang lang ang magkalaban, dini didinig nila ang ibang kandidato, ayon pa kay ason.","['masolo', 'diminish', 'Lacson']","{'masolo': ['masalo', 'masulo', 'nasolo', 'asilo', 'basilo'], 'diminish': ['diminished', 'demolish', 'didinig', 'dininig', 'dinis'], 'Lacson': ['lason', 'arson', 'ason', 'kalson', 'labon']}",TP,FN
Pag ganyan ang ugali ng isang estudyante tiyak na magagawa niyang matapos ang pag-aaral.,Pag ganyan ang ugali ng isang estudyante tiyak na magagawa niyang matapos ang pag-aaral.,Pag ganyan ang ugali ng isang estudyante tiyak na magagawa niyang matapos ang pag-aaral.,[],{},TN,TN
Sinabi ni Villar na mahalaga ang magkaroon ng kaalaman ang publiko tungkol sa naturang usapin para mabawasan ang kaso ng mga pangaabuso at karahasan sa mga babae at mga bata.--FRJ.,Sinabi ni Villar na mahalaga ang magkaroon ng kaalaman ang publiko tungkol sa naturang usapin para mabawasan ang kaso ng mga pang-aabuso at karahasan sa mga babae at mga bata.--FRJ.,Sinabi ni Villar na mahalaga ang magkaroon ng kaalaman ang publiko tungkol sa naturang usapin para mabawasan ang kaso ng mga pang-aabuso at karahasan sa mga babae at mga bata.--FRJ.,"['Villar', 'pangaabuso', 'FRJ']","{'Villar': ['pillar', 'villa', 'villas', 'bilyar', 'collar'], 'pangaabuso': ['inaabuso', 'maaabuso', 'naaabuso', 'naabuso', 'pagbabaso'], 'FRJ': ['ar', 'are', 'ari', 'arm', 'art']}",TP,TP
"Wasak na wasak ang kanyang pagkatao, lalo na ang pagiging konsehal na sumumpang maglilingkod sa kanyang mga nasasakupan, pero ang mismong mga anak naman pala ay pinababayaan.","Wasak na wasak ang kanyang pagkatao, lalo na ang pagiging konsehal na sumumpang maglilingkod sa kanyang mga nasasakupan, pero ang mismong mga anak naman pala ay pinababayaan.","Wasak na wasak ang kanyang pagkatao, lalo na ang pagiging konsehal na sumumpang maglilingkod sa kanyang mga nasasakupan, pero ang mismong mga anak naman pala ay pinababayaan.",[],{},TN,TN
"Ipinasilip rin niya kung paano sinubukan ni ""Tiyang"" Amy Perez na mairaos ang isang news item habang tumutunog ang fire alarm.","Ipinasilip din niya kung paano sinubukan ni ""Tiyang"" Amy Perez na mairaos ang isang news item habang tumutunog ang fire alarm.","Ipinasilip din niya kung paano sinubukan ni ""Tiyang"" amd ere na mairaos ang isang news item habang tumutunog ang fire alarm.","['Amy', 'Perez']","{'Amy': ['am', 'ama', 'amd', 'amg', 'ami'], 'Perez': ['eere', 'eez', 'ere', 'here', 'iere']}",TP,FN
Sinabi ni acting Presidential Spokesman Karlo Nograles na tuloy-tuloy naman ang pagbabakuna sa buong bansa dahil kailangan talagang mabigyan ng proteksiyon ang sambayanan lumalaban sa COVID-19.,Sinabi ni acting Presidential Spokesman Karlo Nograles na tuloy-tuloy naman ang pagbabakuna sa buong bansa dahil kailangan talagang mabigyan ng proteksiyon ang sambayanan laban sa COVID-19.,Sinabi ni acting Presidential Spokesman Karlo corals na tuloy-tuloy naman ang pagbabakuna sa buong bansa dahil kailangan talagang mabigyan ng proteksiyon ang sambayanan lumalaban sa COVID-ag.,"['Nograles', '19']","{'Nograles': ['korales', 'comrades', 'corals', 'degrades', 'goggles'], '19': ['ab', 'ad', 'ag', 'ah', 'ak']}",TP,FN
"Dead-on-th-spot dahil sa mga tinamong tama ng bala sa likod ang biktima na kinilala bilang si Mandeep Dhaliwal Singh, 33, ng Arguelles, Quezon City.","Dead-on-th-spot dahil sa mga tinamong tama ng bala sa likod ang biktima na kinilala bilang si Mandeep Dhaliwal Singh, 33, ng Arguelles, Quezon City.","Dead-on-h-spot dahil sa mga tinamong tama ng bala sa likod ang biktima na kinilala bilang si anden baliwala aing, ad, ng aretes, Quezon City.","['th', 'Mandeep', 'Dhaliwal', 'Singh', '33', 'Arguelles']","{'th': ['ah', 'eh', 'h', 'kh', 'oh'], 'Mandeep': ['aandap', 'andap', 'anden', 'andeng', 'andres'], 'Dhaliwal': ['aliwan', 'baliwag', 'baliwala', 'chalian', 'dalawa'], 'Singh': ['sing', 'singa', 'aing', 'asing', 'bing'], '33': ['p3', 'ab', 'ad', 'ag', 'ah'], 'Arguelles': ['agecies', 'annulled', 'aretes', 'arguments', 'arteries']}",FP,FP
Dati itong full time NPA member ng Front 72 pero piniling sumuko matapos mapagtantong walang maitutulong sa pag-unlad ng lipunan ang pakikipaglaban sa pamahalaan.,Dati itong full-time NPA member ng Front 72 pero piniling sumuko matapos mapagtantong walang maitutulong sa pag-unlad ng lipunan ang pakikipaglaban sa pamahalaan.,Dati itong full time na member ng Front ag pero piniling sumuko matapos mapagtantong walang maitutulong sa pag-unlad ng lipunan ang pakikipaglaban sa pamahalaan.,"['NPA', '72']","{'NPA': ['apa', 'ipa', 'na', 'naa', 'napa'], '72': ['ab', 'ad', 'ag', 'ah', 'ak']}",TP,FN
Hulihin po natin ang mga lalabagin sa batas na ito.,Hulihin po natin ang mga lumalabag sa batas na ito.,Hulihin po natin ang mga lalabagin sa batas na ito.,[],{},FN,FN
Isang virtual media conference gaganapin.,Isang virtual media conference ang gaganapin.,Isang virtual media conference gaganapin.,[],{},FN,FN
Siya lang din daw ang nag-style at gumawa sa kanyang hair at make-up.,Siya lang din daw ang nag-style at gumawa sa kanyang hair at make-up.,Siya lang din daw ang nag-style at gumawa sa kanyang hair at make-up.,[],{},TN,TN
"Para kay Senate President Pro Tempore Ralph Recto, hindi makatwiran na alisin kay Isko ang isang mabigat na tungkulin, na tiyak namang hindi makakayang gawin ng understaffed national agencies.","Para kay Senate President Pro Tempore Ralph Recto, hindi makatwiran na alisin kay Isko ang isang mabigat na tungkulin, na tiyak namang hindi makakayang gawin ng understaffed national agencies.","Para kay Senate President Pro Tempore rally reto, hindi makatwiran na alisin kay iko ang isang mabigat na tungkulin, na tiyak namang hindi makakayang gawin ng understaffed national agencies.","['Ralph', 'Recto', 'Isko']","{'Ralph': ['alpa', 'graph', 'rally', 'ramp', 'rampa'], 'Recto': ['rector', 'resto', 'reto', 'aresto', 'beto'], 'Isko': ['disko', 'iako', 'iko', 'isako', 'iskor']}",FP,FP
"Dahil kompleto naman daw sila sa papeles, pumayag ang pari na ikasal sila.","Dahil kompleto naman daw sila sa papeles, pumayag ang pari na ikasal sila.","Dahil kompleto naman daw sila sa papeles, pumayag ang pari na ikasal sila.",[],{},TN,TN
"Naisipan daw nila na sa lugar na yon kumain dahil sabi nga ni Jak, Tito Jun, kayo po ang nag-introduce ng lugar na ??yon sa akin nang pumunta po kami sa birthday party n??yo.","Naisipan daw nila na sa lugar na yon kumain dahil sabi nga ni Jak, Tito Jun, kayo po ang nag-introduce ng lugar na ??yon sa akin nang pumunta po kami sa birthday party n??yo.","Naisipan daw nila na sa lugar na yon kumain dahil sabi nga ni jab, Tito gun, kayo po ang nag-introduce ng lugar na ??yon sa akin nang pumunta po kami sa birthday party n??yo.","['Jak', 'Jun']","{'Jak': ['ak', 'dak', 'jab', 'jack', 'jam'], 'Jun': ['dun', 'fun', 'gun', 'june', 'junk']}",FP,FP
Iniulat ni Darlene Cay sa Unang Balita nitong Huwebes na trauma umano ang inabot nang isang lalaking naghahanap lamang ng panandaliang aliw.,Iniulat ni Darlene Cay sa Unang Balita nitong Huwebes na trauma umano ang inabot ng isang lalaking naghahanap lamang ng panandaliang aliw.,Iniulat ni airline cab sa Unang Balita nitong Huwebes na trauma umano ang inabot nang isang lalaking naghahanap lamang ng panandaliang aliw.,"['Darlene', 'Cay']","{'Darlene': ['daleng', 'aarteng', 'airline', 'aleng', 'alone'], 'Cay': ['ay', 'bay', 'cab', 'cal', 'cam']}",TP,FN
Sa ilang taon raw nila bilang magdyowa ay napakarami na rin nilang pinagdaanan at masasabing mas matibay na rin ang pundasyon ng relasyon nila.,Sa ilang taon daw nila bilang magdyowa ay napakarami na rin nilang pinagdaanan at masasabing mas matibay na rin ang pundasyon ng relasyon nila.,Sa ilang taon daw nila bilang magdyowa ay napakarami na rin nilang pinagdaanan at masasabing mas matibay na rin ang pundasyon ng relasyon nila.,[],{},TP,TP
"Matapos isiwalat ang kagustuhang ma-trade, kumambyo si Aces forward Vic Manuel na handang makipagkasundo sa pamunuan-ng Alaska.","Matapos isiwalat ang kagustuhang ma-trade, kumambyo si Aces forward Vic Manuel na handang makipagkasundo sa pamunuan ng Alaska.","Matapos isiwalat ang kagustuhang ma-trade, kumambyo si acres forward pic cancel na handang makipagkasundo sa pamunuan-ng Alaska.","['Aces', 'Vic', 'Manuel']","{'Aces': ['acces', 'ace', 'acres', 'acts', 'ages'], 'Vic': ['fic', 'mic', 'pic', 'tic', 'vi'], 'Manuel': ['mantel', 'manual', 'cancel', 'daniel', 'maniil']}",TP,FN
"Dahil dito, kahit kailan ay ay hindi niya hinalungkat ang cellphone ng kaniyang mister.","Dahil dito, kahit kailan ay hindi niya hinalungkat ang cellphone ng kaniyang mister.","Dahil dito, kahit kailan ay ay hindi niya hinalungkat ang cellphone ng kaniyang mister.",[],{},FN,FN
Ang mga nabanggit ay sinasabing nagmula sa sumusunod na lugar.,Ang mga nabanggit ay sinasabing nagmula sa sumusunod na lugar.,Ang mga nabanggit ay sinasabing nagmula sa sumusunod na lugar.,[],{},TN,TN
"Bong ay in general, hindi lang sa GMA kundi ang lahat na network ay pagandahin ang shows para pumantay o lagpasan pa ang foreign shows, lalo na ang mga programa nang bansang Korea.","Bong ay in general, hindi lang sa GMA kundi ang lahat na network ay pagandahin ang shows para pumantay o lagpasan pa ang foreign shows, lalo na ang mga programa ng bansang Korea.","Bong ay in general, hindi lang sa gia kundi ang lahat na network ay pagandahin ang shows para pumantay o lagpasan pa ang foreign shows, lalo na ang mga programa nang bansang Korea.",['GMA'],"{'GMA': ['ama', 'ga', 'gia', 'goma', 'gra']}",TP,FN
"Manalangin TAYO: Panginoong Hesus, naway turuan Mo po kaming magsakripisyo at magtiis upang matumbasan namin ang Iyong ginawang pagtitiis at sakripisyo para iligtas kami sa aming mga kasalanan.","Manalangin TAYO: Panginoong Hesus, naway turuan Mo po kaming magsakripisyo at magtiis upang matumbasan namin ang Iyong ginawang pagtitiis at sakripisyo para iligtas kami sa aming mga kasalanan.","Manalangin TAYO: Panginoong chess, naway turuan Mo po kaming magsakripisyo at magtiis upang matumbasan namin ang Iyong ginawang pagtitiis at sakripisyo para iligtas kami sa aming mga kasalanan.",['Hesus'],"{'Hesus': ['beses', 'census', 'chess', 'desks', 'deus']}",FP,FP
"Para kay Marcos, kailangan din pag-isipan ang dapat gawin sa Sangguniang Kabataan kada barangay na laging nagkukulang sa miyembro.","Para kay Marcos, kailangan din pag-isipan ang dapat gawin sa Sangguniang Kabataan kada barangay na laging nagkukulang sa miyembro.","Para kay Marcos, kailangan din pag-isipan ang dapat gawin sa Sangguniang Kabataan kara barangay na laging nagkukulang sa miyembro.",[],{},TN,TN
Hindi na namin alam na magkakaanak pa kami.,Hindi na namin alam na magkakaanak pa kami.,Hindi na namin alam na magkakaanak pa kami.,[],{},TN,TN
Ito din ang pinakapabor na moda ng transportasyon para sa mga motorista ng bansa.,Ito rin ang pinakapabor na moda ng transportasyon para sa mga motorista ng bansa.,Ito rin ang pinakapabor na moda ng transportasyon para sa mga motorista ng bansa.,[],{},TP,TP
Pag-alala pa ng aming impormante.,Pag-alala pa ng aming impormante.,Pag-alala pa ng aming impormante.,[],{},TN,TN
Nakatulong rin ang programa sa mga guro sa kanilang pagtuturo ng importansya ng sining sa bawat batang Pilipino.,Nakatulong din ang programa sa mga guro sa kanilang pagtuturo ng importansya ng sining sa bawat batang Pilipino.,Nakatulong din ang programa sa mga guro sa kanilang pagtuturo ng importansya ng sining sa bawat batang Pilipino.,[],{},TP,TP
"Abangan na lang natin ang susunod na magaganap, dahil itong mga nasagap naming kuwento ay hindi pa din tiyak kung matutuloy o hindi.","Abangan na lang natin ang susunod na magaganap, dahil itong mga nasagap naming kuwento ay hindi pa rin tiyak kung matutuloy o hindi.","Abangan na lang natin ang susunod na magaganap, dahil itong mga nasagap naming kuwento ay hindi pa rin tiyak kung matutuloy o hindi.",[],{},TP,TP
"Sa ilang larawan ni Bea sa Instagram, na makikita rin sa GMA News ""Unang Balita"" nitong Miyerkoles, sinabi ng Miss Universe Top Five finalist na gusto niyang mabigyan ng relief goods ang mga residenteng hirap maabutan ng tulong dahil nasa mga liblib na lugar.","Sa ilang larawan ni Bea sa Instagram, na makikita rin sa GMA News ""Unang Balita"" nitong Miyerkoles, sinabi ng Miss Universe Top Five finalist na gusto niyang mabigyan ng relief goods ang mga residenteng hirap maabutan ng tulong dahil nasa mga liblib na lugar.","Sa ilang larawan ni beam sa Instagram, na makikita rin sa gia News ""Unang Balita"" nitong mirekules, sinabi ng Miss universal Top Five finalist na gusto niyang mabigyan ng relief goods ang mga residenteng hirap maabutan ng tulong dahil nasa mga liblib na lugar.","['Bea', 'GMA', 'Miyerkoles', 'Universe']","{'Bea': ['ba', 'be', 'beam', 'bear', 'beat'], 'GMA': ['ama', 'ga', 'gia', 'goma', 'gra'], 'Miyerkoles': ['miyerkules', 'Miyerkules', 'mirekules', 'biyernes', 'Biyernes'], 'Universe': ['diverse', 'univeral', 'universal', 'adverse', 'divers']}",FP,FP
"Bukod sa masasarap na pagkain tulad ng Western, Chinese at Filipino food, marami din ang puwedeng gawin naturang lugar.","Bukod sa masasarap na pagkain tulad ng Western, Chinese at Filipino food, marami rin ang puwedeng gawin naturang lugar.","Bukod sa masasarap na pagkain tulad ng Western, Chinese at Filipino food, marami rin ang puwedeng gawin naturang lugar.",[],{},TP,TP
Gayunman niliwanag ng DA na hindi naman bumaba ang-kalidad ng sibuyas kahit nagbaba ang presyo nito.,Gayunman niliwanag ng DA na hindi naman bumaba ang kalidad ng sibuyas kahit nagbaba ang presyo nito.,Gayunman niliwanag ng DA na hindi naman bumaba ang-kalidad ng sibuyas kahit nagbaba ang presyo nito.,[],{},FN,FN
Bilyon para sa renta pa lang nito.,Bilyon para sa renta pa lang nito.,Bilyon para sa renta pa lang nito.,[],{},TN,TN
"Nitong Linggo, nag-post si Geneva ng kaniyang larawan sa Balesin suot ang red two-piece bikini.","Nitong Linggo, nag-post si Geneva ng kaniyang larawan sa Balesin suot ang red two-piece bikini.","Nitong Linggo, nag-post si generae ng kaniyang larawan sa bakasin suot ang red two-piece bakin.","['Geneva', 'Balesin', 'bikini']","{'Geneva': ['enema', 'gene', 'generae', 'general', 'genes'], 'Balesin': ['aalisin', 'alisin', 'bakasin', 'baklasin', 'baksin'], 'bikini': ['biking', 'baiking', 'bakin', 'baking', 'biakin']}",FP,FP
Ang mga ecobag ay bahagi rin ng ecowaste management program kung saan iniipon ang mga materyales na puwedeng gawing bag tulad ng mga sako at katsa.,Ang mga ecobag ay bahagi rin ng ecowaste management program kung saan iniipon ang mga materyales na puwedeng gawing bag tulad ng mga sako at katsa.,Ang mga ecobag ay bahagi rin ng enggaste management program kung saan iniipon ang mga materyales na puwedeng gawing bag tulad ng mga sako at katsa.,['ecowaste'],"{'ecowaste': ['coast', 'ecosystem', 'enggaste', 'waste', 'balwarte']}",FP,FP
"Parang sa kanila lang nakatutok ang buong bayan nun, walang pakialam ang manonood sa ibang programa, basta sa kanilang loveteam lang umiikot ang mundo ng mga Pinoy.","Parang sa kanila lang nakatutok ang buong bayan nun, walang pakialam ang manonood sa ibang programa, basta sa kanilang loveteam lang umiikot ang mundo ng mga Pinoy.","Parang sa kanila lang nakatutok ang buong bayan gun, walang pakialam ang manonood sa ibang programa, basta sa kanilang overeat lang umiikot ang mundo ng mga Pinoy.","['nun', 'loveteam']","{'nun': ['dun', 'fun', 'gun', 'kun', 'mun'], 'loveteam': ['livestream', 'longterm', 'overeat', 'oveseas', 'bonete']}",FP,FP
Mainam na makapag-isolate na raw ang mga magpapakita ng sinyales ng virus at makapagpa-test anim na araw matapos ang Traslacion.,Mainam na makapag-isolate na raw ang mga magpapakita ng sinyales ng virus at makapagpa-test anim na araw matapos ang Traslacion.,Mainam na makapag-isolate na raw ang mga magpapakita ng sinyales ng virus at makapagpa-test anim na araw matapos ang Traslacion.,[],{},TN,TN
"So, hindi na din namin siya napapag-usapan.","So, hindi na rin namin siya napapag-usapan.","So, hindi na rin namin siya napapag-usapan.",[],{},TP,TP
Ang mga mangungunang manlalangoy sa Visayas leg pati na rin sa nakatakdang Mindanao leg sa Nobyembre 12-13 sa Joaquin F.,Ang mga mangungunang manlalangoy sa Visayas leg pati na rin sa nakatakdang Mindanao leg sa Nobyembre 12-13 sa Joaquin F.,Ang mga mangungunang manlalangoy sa Visayas leg pati na rin sa nakatakdang Mindanao leg sa Nobyembre ag-ad sa aamuin F.,"['12', '13', 'Joaquin']","{'12': ['ab', 'ad', 'ag', 'ah', 'ak'], '13': ['p3', 'ab', 'ad', 'ag', 'ah'], 'Joaquin': ['aakuin', 'aaluin', 'aamuin', 'aapuin', 'akuin']}",FP,FP
"Binabalikan ko siya, nag-sorry ako.","Binalikan ko siya, nag-sorry ako.","Binabalikan ko siya, nag-sorry ako.",[],{},FN,FN
Kaagad na umuwi ang ina para iligtas ang mga anak pero mabilis umanong inilaki ang apoy at hindi na nasagip ang magkakapatid.,Kaagad na umuwi ang ina para iligtas ang mga anak pero mabilis umanong lumaki ang apoy at hindi na nasagip ang magkakapatid.,Kaagad na umuwi ang ina para iligtas ang mga anak pero mabilis umanong inilaki ang apoy at hindi na nasagip ang magkakapatid.,[],{},FN,FN
"Sa kabila ng malakas na pagulan at pagbaha sa ilang lugar sa lungsod, tinupad pa rin ni Moreno ang sinabi niya na umulan man o umaraw ay tuloy lang ang bakunahan, kahit pa weekends o holidays.","Sa kabila ng malakas na pag-ulan at pagbaha sa ilang lugar sa lungsod, tinupad pa rin ni Moreno ang sinabi niya na umulan man o umaraw ay tuloy lang ang bakunahan, kahit pa weekends o holidays.","Sa kabila ng malakas na pagulan at pagbaha sa ilang lugar sa lungsod, tinupad pa rin ni forego ang sinabi niya na umulan man o umaraw ay tuloy lang ang bakunahan, kahit pa weekends o holidays.",['Moreno'],"{'Moreno': ['morena', 'eoseno', 'forego', 'ipreno', 'koreo']}",TP,FN
Sapagkat tayo man ay nagtataksil din sa ating Panginoon sa pamamagitan ng paulit-ulit na paggawa ng kasalanan.,Sapagkat tayo man ay nagtataksil din sa ating Panginoon sa pamamagitan ng paulit-ulit na paggawa ng kasalanan.,Sapagkat tayo man ay nagtataksil din sa ating Panginoon sa pamamagitan ng paulit-ulit na paggawa ng kasalanan.,[],{},TN,TN
Sa premiere night pa lang nila nung nakaraang Martes sa SM Megamall ay talagang dinagsa sila ng laksa-laksang fans.,Sa premiere night pa lang nila nung nakaraang Martes sa SM Megamall ay talagang dinagsa sila ng laksa-laksang fans.,Sa premiere night pa lang nila nung nakaraang Martes sa SM magkamal ay talagang dinagsa sila ng laksa-laksang fans.,['Megamall'],"{'Megamall': ['magamay', 'magambala', 'magkamal', 'magkamali', 'magpamala']}",FP,FP
"Hanggat mabuti ang ginagawa ng ibang tao at para sa kaligtasan ng kaluluwa ng kaniyang kapuwa ang ginagawa ng isang tao o relihiyon, hindi ito dapat pigilan.","Hanggat mabuti ang ginagawa ng ibang tao at para sa kaligtasan ng kaluluwa ng kaniyang kapuwa ang ginagawa ng isang tao o relihiyon, hindi ito dapat pigilan.","Hanggat mabuti ang ginagawa ng ibang tao at para sa kaligtasan ng kaluluwa ng kaniyang kapuwa ang ginagawa ng isang tao o relihiyon, hindi ito dapat pigilan.",[],{},TN,TN
"Dinakip sa loob mismo ng opisina ng isang Immigration Prosecutor sa BI Main Office sa Intramuros, Maynila ang suspek na si Vivian Lara na nagpakilalang liason officer ng isang law office.","Dinakip sa loob mismo ng opisina ng isang Immigration Prosecutor sa BI Main Office sa Intramuros, Maynila ang suspek na si Vivian Lara na nagpakilalang liason officer ng isang law office.","Dinakip sa loob mismo ng opisina ng isang Immigration Prosecutor sa BI Main Office sa Intramuros, Maynila ang suspek na si girian gara na nagpakilalang liason officer ng isang law office.","['Vivian', 'Lara']","{'Vivian': ['avian', 'civilan', 'girian', 'hilian', 'ihian'], 'Lara': ['bara', 'dara', 'gara', 'hara', 'kara']}",FP,FP
"Aniya, hindi lamang ito nagpamulat sa mga manonood ngayon sa mga makasaysayang obra kundi naipamalas din ang talento ng bawat Pilipino sa larangan ng industriya.","Aniya, hindi lamang ito nagpamulat sa mga manonood ngayon sa mga makasaysayang obra kundi naipamalas din ang talento ng bawat Pilipino sa larangan ng industriya.","Aniya, hindi lamang ito nagpamulat sa mga manonood ngayon sa mga makasaysayang obra kundi naipamalas din ang talento ng bawat Pilipino sa larangan ng industriya.",[],{},TN,TN
Dahil na din marahil sa mas kakaunti lang ang iniisip na pangangailangan ng mga mahihirap--ang makakain sa araw-araw.,Dahil na rin marahil sa mas kakaunti lang ang iniisip na pangangailangan ng mga mahihirap--ang makakain sa araw-araw.,Dahil na rin marahil sa mas kakaunti lang ang iniisip na pangangailangan ng mga mahihirap--ang makakain sa araw-araw.,[],{},TP,TP
Rito na kumuha ngpatalim ang suspek at mabilis na nilaslas ang leeg ng biktima saka pinagsasaksak sa katawan.,Dito na kumuha ngpatalim ang suspek at mabilis na nilaslas ang leeg ng biktima saka pinagsasaksak sa katawan.,Rito na kumuha napatali ang suspek at mabilis na nilaslas ang leeg ng biktima saka pinagsasaksak sa katawan.,['ngpatalim'],"{'ngpatalim': ['nagpalalim', 'nagpatanim', 'napatali', 'napatanim', 'patalim']}",TP,FN
"Nagagandahan nagagandahan ako sa kaniya saka hinahangaan ko siya sa personality niya, dagdag pa ni Kelvin.","Nagagandahan ako sa kaniya saka hinahangaan ko siya sa personality niya, dagdag pa ni Kelvin.","Nagagandahan nagagandahan ako sa kaniya saka hinahangaan ko siya sa personality niya, dagdag pa ni delpin.",['Kelvin'],"{'Kelvin': ['melvin', 'delfin', 'delpin', 'kalmin', 'kelan']}",TP,FN
Kapwa rin nangako ang dalawang lider na tutulong sa pagsugpo ng COVID-19.,Kapwa rin nangako ang dalawang lider na tutulong sa pagsugpo ng COVID-19.,Kapwa rin nangako ang dalawang lider na tutulong sa pagsugpo ng COVID-ag.,['19'],"{'19': ['ab', 'ad', 'ag', 'ah', 'ak']}",FP,FP
Ang nasabing bansa ay nahaharap din sa paglobo ng kaso ng Omicron variant.,Ang nasabing bansa ay nahaharap din sa paglobo ng kaso ng Omicron variant.,Ang nasabing bansa ay nahaharap din sa paglobo ng kaso ng Omicron variant.,[],{},TN,TN
Pinuntahan nito ang simbahan pero wala roon ang mga lalaki sa video.,Pinuntahan nito ang simbahan pero wala roon ang mga lalaki sa video.,Pinuntahan nito ang simbahan pero wala roon ang mga lalaki sa video.,[],{},TN,TN
"Patuloy pa ng aktor, sinabi rin sa kaniya ng kanilang batikang direktor na si Laurice Guillen ang katangian ni Lianne.","Patuloy pa ng aktor, sinabi rin sa kaniya ng kanilang batikang direktor na si Laurice Guillen ang katangian ni Lianne.","Patuloy pa ng aktor, sinabi rin sa kaniya ng kanilang batikang direktor na si alice culled ang katangian ni lanse.","['Laurice', 'Guillen', 'Lianne']","{'Laurice': ['matrice', 'advice', 'alice', 'fabrics', 'iprice'], 'Guillen': ['bullet', 'chilled', 'culled', 'fallen', 'filled'], 'Lianne': ['liance', 'lane', 'lanse', 'lante', 'liable']}",FP,FP
"Papunta pa lang po kami roon, 'yung aso talagang kahol na ng kahol eh.","Papunta pa lang po kami roon, 'yung aso talagang kahol na nang kahol eh.","Papunta pa lang po kami roon, 'yung aso talagang kahol na ng kahol eh.",[],{},FN,FN
"Samantala, kumalat na din ang isa pang kuwentong buntis.","Samantala, kumalat na rin ang isa pang kuwentong buntis.","Samantala, kumalat na rin ang isa pang kuwentong buntis.",[],{},TP,TP
Sa presyo nang pagkain at serbisyo noong Marso.,Sa presyo ng pagkain at serbisyo noong Marso.,Sa presyo nang pagkain at serbisyo noong Marso.,[],{},FN,FN
"Paliwanag naman ni Chua tungkol sa kusina, ito ang pinakamahalagang parte ng bahay dahil dito kayayari ang money-making energy, health energy at harmony energy.","Paliwanag naman ni Chua tungkol sa kusina, ito ang pinakamahalagang parte ng bahay dahil dito nangyayari ang money-making energy, health energy at harmony energy.","Paliwanag naman ni aqua tungkol sa kusina, ito ang pinakamahalagang parte ng bahay dahil dito iyayari ang money-making energy, health energy at harmony energy.","['Chua', 'kayayari']","{'Chua': ['cha', 'chupa', 'aqua', 'casa', 'cham'], 'kayayari': ['mayayari', 'nayayari', 'iyayari', 'kayayao', 'magyayari']}",TP,FN
"Hinihindian naman masama na masiraan, ang hindi maganda ay yong madalas, ibig sabihin may problema sa maintenance at ang nagdurusa rito ay ang kaawa-awa nating mga kababayan na pagod na maghapon at nagmamadaling makauwi ng bahay tapos maaabala na at posible pang mahawa sa COVID-19, sabi ni Revilla.","Hindi naman masama na masiraan, ang hindi maganda ay yong madalas, ibig sabihin may problema sa maintenance at ang nagdurusa rito ay ang kaawa-awa nating mga kababayan na pagod na maghapon at nagmamadaling makauwi ng bahay tapos maaabala na at posible pang mahawa sa COVID-19, sabi ni Revilla.","hinihinawan naman masama na masiraan, ang hindi maganda ay yong mamalas, ibig sabihin may problema sa maintenance at ang nagdurusa rito ay ang kaawa-awa nating mga kababayan na pagod na maghapon at nagmamadaling makauwi ng bahay tapos maaabala na at posible pang mahawa sa COVID-ag, sabi ni villa.","['Hinihindian', 'maralas', '19', 'Revilla']","{'Hinihindian': ['hinihingian', 'hinihinaan', 'hinihinawan', 'hinihinayan', 'hinihingan'], 'maralas': ['madalas', 'makalas', 'mamalas', 'marahas', 'maranas'], '19': ['ab', 'ad', 'ag', 'ah', 'ak'], 'Revilla': ['refill', 'remulla', 'villa', 'devil', 'evil']}",TP,FN
Kasama raw niya roon ang kanyang mga kamag-anak.,Kasama raw niya roon ang kanyang mga kamag-anak.,Kasama raw niya roon ang kanyang mga kamag-anak.,[],{},TN,TN
"Magkakadikit kayo, balikat to balikat, talagang, after kasi ng pandemic lalo 'yung mga kapamilya mo, na-miss mong kumain nang sabay-sabay 'yung magkakasama kayo, kasama 'yung pamilya, 'yung mga mahal mo sa buhay, sabi ni Cong.","Magkakadikit kayo, balikat to balikat, talagang, after kasi ng pandemic lalo 'yung mga kapamilya mo, na-miss mong kumain nang sabay-sabay 'yung magkakasama kayo, kasama 'yung pamilya, 'yung mga mahal mo sa buhay, sabi ni Cong.","Magkakadikit kayo, balikat to balikat, talagang, after kasi ng pandemic lalo 'yung mga kapamilya mo, na-miss mong kumain nang sabay-sabay 'yung magkakasama kayo, kasama 'yung pamilya, 'yung mga mahal mo sa buhay, sabi ni cing.",['Cong'],"{'Cong': ['bong', 'cang', 'cing', 'con', 'cond']}",FP,FP
Ayon sa kaniyang duktor na allergist at at immunologist na si Dra.,Ayon sa kaniyang duktor na allergist at immunologist na si Dra.,Ayon sa kaniyang duktor na allergy at at immunologist na si dara.,"['allergist', 'Dra']","{'allergist': ['allergic', 'allergies', 'allergy', 'advertise', 'alert'], 'Dra': ['bra', 'da', 'dara', 'dira', 'drag']}",TP,FN
"Bilang kilala ko si Vice nae-excite yan hindi mapakali yan kapag nae-excite siya sa gagawin niya, so, parang hindi siya na-excite.","Bilang kilala ko si Vice nae-excite yan hindi mapakali yan kapag nae-excite siya sa gagawin niya, so, parang hindi siya na-excite.","Bilang kilala ko si Vice nae-excite yan hindi mapakali yan kapag nae-excite siya sa gagawin niya, so, parang hindi siya na-excite.",[],{},TN,TN
"Hindi pa natutukoy ang driver ng unang dalawang sasakyan, habang kabibigay naman ng tulong sa pamilya ng biktima ang may-ari ng gray na kotse.","Hindi pa natutukoy ang driver ng unang dalawang sasakyan, habang nagbigay naman ng tulong sa pamilya ng biktima ang may-ari ng gray na kotse.","Hindi pa natutukoy ang driver ng unang dalawang sasakyan, habang pabibigay naman ng tulong sa pamilya ng biktima ang may-ari ng gray na kotse.",['kabibigay'],"{'kabibigay': ['mabibigay', 'nabibigay', 'pabibigay', 'bibigay', 'ibibigay']}",TP,FN
"Kapag natalo tayo rito, malabo na tayo sa playoffs, sabi ko sa kanila, wika ni head coach Pido Jarencio sa ikalawang sunod na panalo ng NorthPort para sa 2-5 record.","Kapag natalo tayo rito, malabo na tayo sa playoffs, sabi ko sa kanila, wika ni head coach Pido Jarencio sa ikalawang sunod na panalo ng NorthPort para sa 2-5 record.","Kapag natalo tayo rito, malabo na tayo sa payouts, sabi ko sa kanila, wika ni head coach nido aareglo sa ikalawang sunod na panalo ng northward para sa d-d record.","['playoffs', 'Pido', 'Jarencio', 'NorthPort', '2', '5']","{'playoffs': ['layoffs', 'layoff', 'payouts', 'players', 'plays'], 'Pido': ['apido', 'ido', 'nido', 'oido', 'piho'], 'Jarencio': ['marendi', 'narendi', 'aareglo', 'aaresto', 'aasenso'], 'NorthPort': ['northeast', 'northern', 'northward', 'northwest', 'airport'], '2': ['b', 'c', 'd', 'e', 'f'], '5': ['b', 'c', 'd', 'e', 'f']}",FP,FP
May markings na masusundan ang mga deboto na makikinig ng misa nang nakatayo para masunod pa din ang protocols.,May markings na masusundan ang mga deboto na makikinig ng misa nang nakatayo para masunod pa rin ang protocols.,May markings na masusundan ang mga deboto na makikinig ng misa nang nakatayo para masunod pa rin ang protocols.,[],{},TP,TP
Subalit nangangailangan ni So na dumaan sa butas ng karayom bago makuha ang kampeonato.,Subalit kinailangan ni So na dumaan sa butas ng karayom bago makuha ang kampeonato.,Subalit nangangailangan ni So na dumaan sa butas ng karayom bago makuha ang kampeonato.,[],{},FN,FN
Tumakas tumakas naman ang mga salarin sakay ng motorsiklo.,Tumakas naman ang mga salarin sakay ng motorsiklo.,Tumakas tumakas naman ang mga salarin sakay ng motorsiklo.,[],{},FN,FN
Kasalukuyan pa ring naka quarantine si head coach Pido Jarencio matapos tamaan ng coronavirus disease (COVID-19) kasama ang kanyang mga assistant.,Kasalukuyan pa ring naka-quarantine si head coach Pido Jarencio matapos tamaan ng coronavirus disease (COVID-19) kasama ang kanyang mga assistant.,Kasalukuyan pa ring naka quarantine si head coach nido aareglo matapos tamaan ng coronavirus disease (COVID-ag) kasama ang kanyang mga assistant.,"['Pido', 'Jarencio', '19']","{'Pido': ['apido', 'ido', 'nido', 'oido', 'piho'], 'Jarencio': ['marendi', 'narendi', 'aareglo', 'aaresto', 'aasenso'], '19': ['ab', 'ad', 'ag', 'ah', 'ak']}",TP,FN
Kaya talagang parang mas bobong ga ang mga streaming site sa 2022 sa rami ng mga exciting and new na palabas.,Kaya talagang parang mas bobongga ang mga streaming site sa 2022 sa rami ng mga exciting and new na palabas.,Kaya talagang parang mas bobong ga ang mga streaming site sa aag sa rami ng mga exciting and new na palabas.,['2022'],"{'2022': ['p25', 'aaba', 'aag', 'aako', 'aal']}",TP,FN
Ka bilang sa mga pinaplantsa ang mga venues na gagamitin sa group stage â ang Mall of Asia Arena sa Pasay City at ang Smart Araneta Coliseum sa Quezon City.,Kabilang sa mga pinaplantsa ang mga venues na gagamitin sa group stage â ang Mall of Asia Arena sa Pasay City at ang Smart Araneta Coliseum sa Quezon City.,Ka bilang sa mga pinaplantsa ang mga venues na gagamitin sa group stage d ang Mall of asi Arena sa panay City at ang Smart planeta koliseo sa Quezon City.,"['â', 'Asia', 'Pasay', 'Araneta', 'Coliseum']","{'â': ['b', 'c', 'd', 'e', 'f'], 'Asia': ['aria', 'asa', 'asi', 'asias', 'asid'], 'Pasay': ['pakay', 'palay', 'panay', 'pasa', 'pasag'], 'Araneta': ['aanta', 'aranya', 'planeta', 'pranela', 'raketa'], 'Coliseum': ['coliform', 'colorum', 'koliseo', 'bolista', 'bolyum']}",TP,FN
Bakit aabutin ng ganitong katagal ang ayuda para sa mga guro?,Bakit inabot ng ganitong katagal ang ayuda para sa mga guro?,Bakit aabutin ng ganitong katagal ang ayuda para sa mga guro?,[],{},FN,FN
"Nagkasundo ang 17 alkalde ng Metro Manila na irekomenda ang âflexible modified enhanced community quarantineâ (MECQ Flex) matapos ang Abril 30, kasabay sa pagadjust sa mas pinaigsing unified curfew hours upang bigyang-daan ang mga negosyo, ayon kahapon kay Metropolitan Manila Development Authority chair Benhur Abalos.","Nagkasundo ang 17 alkalde ng Metro Manila na irekomenda ang âflexible modified enhanced community quarantineâ (MECQ Flex) matapos ang Abril 30, kasabay sa pag-adjust sa mas pinaigsing unified curfew hours upang bigyang-daan ang mga negosyo, ayon kahapon kay Metropolitan Manila Development Authority chair Benhur Abalos.","Nagkasundo ang ag alkalde ng Metro Manila na irekomenda ang dflexible modified enhanced community quarantines (eco Flex) matapos ang Abril ag, kasabay sa inadjust sa mas pinaigsing unified curfew hours upang bigyang-daan ang mga negosyo, ayon kahapon kay Metropolitan Manila Development Authority chair Benhur Abalos.","['17', 'â', 'quarantineâ', 'MECQ', '30', 'pagadjust']","{'17': ['ab', 'ad', 'ag', 'ah', 'ak'], 'â': ['b', 'c', 'd', 'e', 'f'], 'quarantineâ': ['quarantine', 'quarantined', 'quarantines', 'quarantince', 'quaratine'], 'MECQ': ['ecq', 'deck', 'eco', 'mcg', 'me'], '30': ['ab', 'ad', 'ag', 'ah', 'ak'], 'pagadjust': ['aadjust', 'adjust', 'inadjust', 'pagdusta', 'pakadusta']}",TP,FN
Kakailanganin aniya na higpitan pa ng gobyerno ang pagbantay laban sa smuggling.,Kinakailangan aniya na higpitan pa ng gobyerno ang pagbantay laban sa smuggling.,Kakailanganin aniya na higpitan pa ng gobyerno ang pagbantay laban sa smuggling.,[],{},FN,FN
"Akala ko pa naman si Mel na ang forever ni Kris, at ito na ang hinahanap niyang ‘the one.’","Akala ko pa naman si Mel na ang forever ni Kris, at ito na ang hinahanap niyang ‘the one.’","Akala ko pa naman si Mel na ang forever ni Kris, at ito na ang hinahanap niyang ‘the one.’",[],{},TN,TN
Isinusulong ng Ang Kabuhayan Partylist na ang bahagi ng pondo ng lokal na pamahalaan ay ibigay sa barangay bilang panimulang pautang at ang pagpapataas ng salaping ipapautang ay sa pamamagitan ng pagpapataas din ng alokasyon para sa mga barangay.,Isinusulong ng Ang Kabuhayan Partylist na ang bahagi ng pondo ng lokal na pamahalaan ay ibigay sa barangay bilang panimulang pautang at ang pagpapataas ng salaping ipapautang ay sa pamamagitan ng pagpapataas din ng alokasyon para sa mga barangay.,Isinusulong ng Ang Kabuhayan Partylist na ang bahagi ng pondo ng lokal na pamahalaan ay ibigay sa barangay bilang panimulang pautang at ang pagpapataas ng salaping ipapautang ay sa pamamagitan ng pagpapataas din ng alokasyon para sa mga barangay.,[],{},TN,TN
"Medyo sinasabi niya na accidental firing lang at sinasabi niya na hindi naman niya sinasadya, dagdag ng opisyal.","Medyo sinasabi niya na accidental firing lang at sinasabi niya na hindi naman niya sinasadya, dagdag ng opisyal.","Medyo sinasabi niya na accidental firing lang at sinasabi niya na hindi naman niya sinasadya, dagdag ng opisyal.",[],{},TN,TN
Nakikita naman daw sa suot niya kung sino raw ang dapat iboto.,Nakikita naman daw sa suot niya kung sino raw ang dapat iboto.,Nakikita naman daw sa suot niya kung sino raw ang dapat iboto.,[],{},TN,TN
Dahil dito ay isinailalim na ang Brgy.,Dahil dito ay isinailalim na ang Brgy.,Dahil dito ay isinailalim na ang Brgy.,[],{},TN,TN
"Nang magpunta siya ng Los Angeles, California, unang nag-stay si Kris at mga anak na sina Josh at Bimby sa isang Airbnb house na malapit sa Beverly Hills, pero kalilipat agad sila sa isang hotel sa may Santa Monica na favorite raw ng tinaguriang Queen of All Media.","Nang magpunta siya ng Los Angeles, California, unang nag-stay si Kris at mga anak na sina Josh at Bimby sa isang Airbnb house na malapit sa Beverly Hills, pero lumipat agad sila sa isang hotel sa may Santa Monica na favorite raw ng tinaguriang Queen of All Media.","Nang magpunta siya ng Los ages, coliform, unang nag-stay si Kris at mga anak na sina bosa at bambo sa isang aing house na malapit sa Beverly halls, pero kalilipat agad sila sa isang hotel sa may Santa Monica na favorite raw ng tinaguriang Queen of All Media.","['Angeles', 'California', 'Josh', 'Bimby', 'Airbnb', 'Hills']","{'Angeles': ['agecies', 'agents', 'ages', 'amperes', 'anakle'], 'California': ['alegoria', 'calorie', 'coliform', 'kaloria', 'aalimura'], 'Josh': ['posh', 'ash', 'bosa', 'boso', 'boss'], 'Bimby': ['baby', 'baimbi', 'bambo', 'bambu', 'bembe'], 'Airbnb': ['aaring', 'aiding', 'aing', 'air', 'airbase'], 'Hills': ['bills', 'chills', 'halls', 'hilis', 'ills']}",TP,FN
Matuto at ma-inspire ngayong Linggo (Mayo 16) sa pagkilala ni Angel Locsin at ng Iba Yan sa marangal na layunin ng isang grupo ng mga taong may kapansanan??ang paggawa ng eco-friendly uling sa pamamagitan ng charcoal briquetting.,Matuto at ma-inspire ngayong Linggo (Mayo 16) sa pagkilala ni Angel Locsin at ng Iba Yan sa marangal na layunin ng isang grupo ng mga taong may kapansanan??ang paggawa ng eco-friendly uling sa pamamagitan ng charcoal briquetting.,Matuto at ma-inspire ngayong Linggo (Mayo ag) sa pagkilala ni anghel login at ng Iba Yan sa marangal na layunin ng isang grupo ng mga taong may kapansanan??ang paggawa ng eco-friendly uling sa pamamagitan ng aaaral biluting.,"['16', 'Angel', 'Locsin', 'charcoal', 'briquetting']","{'16': ['ab', 'ad', 'ag', 'ah', 'ak'], 'Angel': ['angal', 'anger', 'anghel', 'angil', 'aangal'], 'Locsin': ['cousin', 'labsin', 'login', 'loobin', 'toksin'], 'charcoal': ['carnal', 'chacha', 'aaaral', 'aaral', 'aarival'], 'briquetting': ['betting', 'billeting', 'biluting', 'binulating', 'binuting']}",FP,FP
"Maliwanag din naman nilang magsasabi na kahit mabakunahan ka na, kung senior ka, lockdown ka pa rin sa bahay.","Maliwanag din naman nilang sinasabi na kahit mabakunahan ka na, kung senior ka, lockdown ka pa rin sa bahay.","Maliwanag din naman nilang magsasabi na kahit mabakunahan ka na, kung senior ka, lockdown ka pa rin sa bahay.",[],{},FN,FN
Wala namang nasugatan o namatay sa insidente.,Wala namang nasugatan o namatay sa insidente.,Wala namang nasugatan o namatay sa insidente.,[],{},TN,TN
"Patuloy ng aming impormante, Sa kabuuang taping nila sa isang linggo, e, libre lang ang isa, pumayag pa rin ang mga hosts.","Patuloy ng aming impormante, Sa kabuuang taping nila sa isang linggo, e, libre lang ang isa, pumayag pa rin ang mga hosts.","Patuloy ng aming impormante, Sa kabuuang taping nila sa isang linggo, e, libre lang ang isa, pumayag pa rin ang mga hosts.",[],{},TN,TN
Inaasahang dodoble pa sa isang milyon ang bibisita sa Manila North Cemetery ngayong Nobyembre 1 (All Saints Day) dahil sa pagsasara ng sementeryo nitong Sabado at Linggo dulot ng bagyong Paeng.,Inaasahang dodoble pa sa isang milyon ang bibisita sa Manila North Cemetery ngayong Nobyembre 1 (All Saints Day) dahil sa pagsasara ng sementeryo nitong Sabado at Linggo dulot ng bagyong Paeng.,Inaasahang dodoble pa sa isang milyon ang bibisita sa Manila North Cemetery ngayong Nobyembre d (All baits Day) dahil sa pagsasara ng sementeryo nitong Sabado at Linggo dulot ng bagyong Paeng.,"['1', 'Saints']","{'1': ['b', 'c', 'd', 'e', 'f'], 'Saints': ['paints', 'bainte', 'baits', 'gains', 'joints']}",FP,FP
"Kaya nitong mga huling taping nila, sobra silang nag-iingat at talagang binabantayan sila ng health officer na nakatalaga sa kanilang set.","Kaya nitong mga huling taping nila, sobra silang nag-iingat at talagang binabantayan sila ng health officer na nakatalaga sa kanilang set.","Kaya nitong mga huling taping nila, sobra silang nag-iingat at talagang binabantayan sila ng health officer na nakatalaga sa kanilang set.",[],{},TN,TN
"Gayunman, kasasabi ni San Juan na susunod ang mga alkalde ng NCR sa magiging pasya ng IATF.","Gayunman, sinabi ni San Juan na susunod ang mga alkalde ng NCR sa magiging pasya ng IATF.","Gayunman, kasasabi ni San aban na susunod ang mga alkalde ng NCR sa magiging pasya ng abf.","['Juan', 'IATF']","{'Juan': ['tuan', 'yuan', 'aban', 'agan', 'ahan'], 'IATF': ['aat', 'aato', 'abf', 'anf', 'at']}",TP,FN
"Na-miss ko ??yung yakap niya??, kuwento ni Andrew.","Na-miss ko ??yung yakap niya??, kuwento ni Andrew.","Na-miss ko ??yung yakap niya??, kuwento ni anden.",['Andrew'],"{'Andrew': ['andres', 'adres', 'anden', 'aaraw', 'acidre']}",FP,FP
Digong ay unahin ito at ihuli na lang siya sa listahan dahil hindi naman siya interesado para sa pinakamataas na posisyon sa bansa.,Digong ay unahin ito at ihuli na lang siya sa listahan dahil hindi naman siya interesado para sa pinakamataas na posisyon sa bansa.,Digong ay unahin ito at ihuli na lang siya sa listahan dahil hindi naman siya interesado para sa pinakamataas na posisyon sa bansa.,[],{},TN,TN
Dito rin niya naikuwento na dahil sa naturang segment ay nalalaman niya na napakaraming mga kabit at mga taong nangangaliwa.,Dito rin niya naikuwento na dahil sa naturang segment ay nalalaman niya na napakaraming mga kabit at mga taong nangangaliwa.,Dito rin niya naikuwento na dahil sa naturang segment ay nalalaman niya na napakaraming mga kabit at mga taong nangangaliwa.,[],{},TN,TN
"Dito, maaari daw nilang iulat ang mga isyung kanilang nararanasan.","Dito, maaari daw nilang iulat ang mga isyung kanilang nararanasan.","Dito, maaari daw nilang iulat ang mga isyung kanilang nararanasan.",[],{},TN,TN
Hiniling ng mga kongresista sa PhilHealth na repasuhin ang proseso ng pagbabayad sa mga ospital upang bumilis ito.,Hiniling ng mga kongresista sa PhilHealth na repasuhin ang proseso ng pagbabayad sa mga ospital upang bumilis ito.,Hiniling ng mga kongresista sa PhilHealth na repasuhin ang proseso ng pagbabayad sa mga ospital upang bumilis ito.,[],{},TN,TN
At yun hindi matatanggal ng simpleng papahid-pahid lang ng sibuyas.,At yun hindi matatanggal ng simpleng papahid-pahid lang ng sibuyas.,At yun hindi matatanggal ng simpleng pamahid-pahid lang ng sibuyas.,['papahid'],"{'papahid': ['ipapahid', 'pagpahid', 'pamahid', 'pampahid', 'papalid']}",FP,FP
"Batay sa pananaliksik, nagpapakita na ang mga nabakunahan ay nakararanas ng mas kaunting malubhang sintomas mula sa virus.","Batay sa pananaliksik, nagpapakita na ang mga nabakunahan ay nakararanas ng mas kaunting malubhang sintomas mula sa virus.","Batay sa pananaliksik, nagpapakita na ang mga nabakunahan ay nakararanas ng mas kaunting malubhang sintomas mula sa virus.",[],{},TN,TN
Matatandaan na una nang hinamon ng heneral ang mga kakandidato sa darating na Barangay at Sangguniang Kabataan Elections sa Oktubre na sumailalim muna sa drug test para mapatunayan ang pagiging malinis nila sa ilegal na droga.,Matatandaan na una nang hinamon ng heneral ang mga kakandidato sa darating na Barangay at Sangguniang Kabataan Elections sa Oktubre na sumailalim muna sa drug test para mapatunayan ang pagiging malinis nila sa ilegal na droga.,Matatandaan na una nang hinamon ng heneral ang mga kakandidato sa darating na Barangay at Sangguniang Kabataan Elections sa Oktubre na sumailalim muna sa drug test para mapatunayan ang pagiging malinis nila sa ilegal na droga.,[],{},TN,TN
"Sabi pa sa ulat, malaking pagsubok sa maraming bansa ang pagpili kung sino ang mga dapat na unang tatanggap ng bakuna, maliban sa mga itinuturing peligroso sa virus tulad ng mga medical frontliner at nakatatanda.","Sabi pa sa ulat, malaking pagsubok sa maraming bansa ang pagpili kung sino ang mga dapat na unang tumanggap ng bakuna, maliban sa mga itinuturing peligroso sa virus tulad ng mga medical frontliner at nakatatanda.","Sabi pa sa ulat, malaking pagsubok sa maraming bansa ang pagpili kung sino ang mga dapat na unang tatanggap ng bakuna, maliban sa mga itinuturing peligroso sa virus tulad ng mga medical frontliner at nakatatanda.",[],{},FN,FN
Masyado raw maasim at maanghang ang tubo ng kanyang dila na dapat niyang kalusin at bawasan.,Masyado raw maasim at maanghang ang tubo ng kanyang dila na dapat niyang kalusin at bawasan.,mas yado raw maasim at maanghang ang tubo ng kanyang dila na dapat niyang kalusin at bawasan.,[],{},TN,TN
"Taong 2020 naman nang sagutin ni Yap ang ilang akusasyon ngpagiging ""pedophile"" at ""groomer"" ng mga menor de edad, bagay na kanyang itinatanggi.","Taong 2020 naman nang sagutin ni Yap ang ilang akusasyon ngpagiging ""pedophile"" at ""groomer"" ng mga menor de edad, bagay na kanyang itinatanggi.","Taong aag naman nang sagutin ni cap ang ilang akusasyon nagpagiring ""pedophile"" at ""grower"" ng mga menor de edad, bagay na kanyang itinatanggi.","['2020', 'Yap', 'ngpagiging', 'groomer']","{'2020': ['p25', 'aaba', 'aag', 'aako', 'aal'], 'Yap': ['ap', 'ayap', 'cap', 'gap', 'map'], 'ngpagiging': ['napagiging', 'nagiging', 'nagpagiring', 'nanagiging', 'pagiging'], 'groomer': ['groom', 'groser', 'grower', 'trooper', 'booter']}",FP,FP
"Ayon sa ilang residente, sinabihan nila ang engineer ng Department of Education na gumawa ng riprap na may crack na ang isang parte nito subalit itinuloy pa din daw ang konstruksiyon.","Ayon sa ilang residente, sinabihan nila ang engineer ng Department of Education na gumawa ng riprap na may crack na ang isang parte nito subalit itinuloy pa rin daw ang konstruksiyon.","Ayon sa ilang residente, sinabihan nila ang engineer ng Department of Education na gumawa ng riprap na may crack na ang isang parte nito subalit itinuloy pa rin daw ang konstruksiyon.",[],{},TP,TP
Anim na bayan ang una nang isinailalim ng kanilang mga opisyal sa state of calamity dahil sa paulit-ulit na pagbaha na dala ng malakas na pag-ulan mula noong huling linggo ng Hulyo at unang bahagi ng buwan ng Agosto.,Anim na bayan ang una nang isinailalim ng kanilang mga opisyal sa state of calamity dahil sa paulit-ulit na pagbaha na dala ng malakas na pag-ulan mula noong huling linggo ng Hulyo at unang bahagi ng buwan ng Agosto.,Anim na bayan ang una nang isinailalim ng kanilang mga opisyal sa state of calamity dahil sa paulit-ulit na pagbaha na dala ng malakas na pag-ulan mula noong huling linggo ng Hulyo at unang bahagi ng buwan ng Agosto.,[],{},TN,TN
"Binibilang tagapangulo ng Senate committee on health at vice-chair ng Senate committee on finance, suportado ni Go ang pagpopondo sa mga Super Health Center sa buong bansa, lalo sa malalayong komunidad.","Bilang tagapangulo ng Senate committee on health at vice-chair ng Senate committee on finance, suportado ni Go ang pagpopondo sa mga Super Health Center sa buong bansa, lalo sa malalayong komunidad.","Binibilang tagapangulo ng Senate committee on health at vice-chair ng Senate committee on finance, suportado ni Go ang pagpopondo sa mga Super Health Center sa buong bansa, lalo sa malalayong komunidad.",[],{},FN,FN
"Amin rin niya, hindi pa niya nakikita nang personal ang binata.","Amin din niya, hindi pa niya nakikita nang personal ang binata.","Amin din niya, hindi pa niya nakikita nang personal ang binata.",[],{},TP,TP
Bago pa man tuluyang nakapuslit ang mga suspek ay napuna ito ng perimeter guard na si Ryan Fernandez at kahihingi ng tulong sa pulisya na nagresulta sa pagkakaaresto sa tatlo sa kanila at pagkakabawi ng mga ninakaw na paninda.,Bago pa man tuluyang nakapuslit ang mga suspek ay napuna ito ng perimeter guard na si Ryan Fernandez at humingi ng tulong sa pulisya na nagresulta sa pagkakaaresto sa tatlo sa kanila at pagkakabawi ng mga ninakaw na paninda.,Bago pa man tuluyang nakapuslit ang mga suspek ay napuna ito ng perimeter guard na si iyan expanded at hihingi ng tulong sa pulisya na nagresulta sa pagkakaaresto sa tatlo sa kanila at pagkakabawi ng mga ninakaw na paninda.,"['Ryan', 'Fernandez', 'kahihingi']","{'Ryan': ['ayan', 'dyan', 'iyan', 'raan', 'riyan'], 'Fernandez': ['beranda', 'branded', 'expanded', 'ferdinand', 'finance'], 'kahihingi': ['mahihingi', 'nahihingi', 'hihingi', 'ihihingi', 'kahiging']}",TP,FN
"Nakuha ang isang 9mm na baril, granada, improvised explosive device (IED), mga bala, libro ng ??Batayang kurso ng Partido?, isang t-shirt na may markings na ??Rebolusyon hindi eleksyon? at iba pang mga subersibong dokumento.","Nakuha ang isang 9mm na baril, granada, improvised explosive device (IED), mga bala, libro ng ??Batayang kurso ng Partido?, isang t-shirt na may markings na ??Rebolusyon hindi eleksyon? at iba pang mga subersibong dokumento.","Nakuha ang isang am na baril, granada, improvised explosive device (died), mga bala, libro ng ??Batayang kurso ng Partido?, isang t-shirt na may markings na ??Rebolusyon hindi eleksyon? at iba pang mga subersibong dokumento.","['9mm', 'IED']","{'9mm': ['mm', 'aam', 'am', 'ama', 'amd'], 'IED': ['bed', 'ded', 'died', 'ed', 'iced']}",FP,FP
"Sinabi rin ng 27-anyos na si Maine, na plano niyang magpakasal bago mag30.","Sinabi rin ng 27-anyos na si Maine, na plano niyang magpakasal bago mag-30.","Sinabi rin ng ag-anyos na si maino, na plano niyang magpakasal bago magal.","['27', 'Maine', 'mag30']","{'27': ['ab', 'ad', 'ag', 'ah', 'ak'], 'Maine': ['maide', 'main', 'maino', 'maire', 'marine'], 'mag30': ['mag', 'maga', 'magal', 'magba', 'magbi']}",TP,FN
"Sa imbestigasyon ng pulisya,nakatayo ang biktima noong Sabado ng hapon sa multi-purpose hall nang sumulpot ang hindi pa nakilalang mga salarin at malapitan itong pinagbabaril.","Sa imbestigasyon ng pulisya,nakatayo ang biktima noong Sabado ng hapon sa multi-purpose hall nang sumulpot ang hindi pa nakilalang mga salarin at malapitan itong pinagbabaril.","Sa imbestigasyon ng pulisya,nakatayo ang biktima noong Sabado ng hapon sa multi-purpose hall nang sumulpot ang hindi pa nakilalang mga salarin at malapitan itong pinagbabaril.",[],{},TN,TN
"Nangako si Alvarez na ipagpapatuloy ang pagsulong ng mga reporma na kailangan upang mabawasan ang korapsyon, kahirapan, hindi pagkakapantay-pantay at pagpapalawak ng oportunidad sa bawat isa.","Nangako si Alvarez na ipagpapatuloy ang pagsulong ng mga reporma na kailangan upang mabawasan ang korapsyon, kahirapan, hindi pagkakapantay-pantay at pagpapalawak ng oportunidad sa bawat isa.","Nangako si alarmed na ipagpapatuloy ang pagsulong ng mga reporma na kailangan upang mabawasan ang korapsyon, kahirapan, hindi pagkakapantay-pantay at pagpapalawak ng oportunidad sa bawat isa.",['Alvarez'],"{'Alvarez': ['alarm', 'alarma', 'alarmed', 'aliases', 'alkade']}",FP,FP
"Bahagi si Marian ng selection committee para sa ika-70 na Miss Universe ngayong taon, na gaganapin na nitong Disyembre.","Bahagi si Marian ng selection committee para sa ika-70 na Miss Universe ngayong taon, na gaganapin na nitong Disyembre.","Bahagi si malian ng selection committee para sa ika-ag na Miss universal ngayong taon, na gaganapin na nitong Disyembre.","['Marian', '70', 'Universe']","{'Marian': ['arian', 'harian', 'malian', 'mariin', 'parian'], '70': ['ab', 'ad', 'ag', 'ah', 'ak'], 'Universe': ['diverse', 'univeral', 'universal', 'adverse', 'divers']}",FP,FP
"Pagbibigay pagasa dahil may pandemya pa rin hanggang ngayon, saad ni Sen.","Pagbibigay pag-asa dahil may pandemya pa rin hanggang ngayon, saad ni Sen.","Pagbibigay pagasa dahil may pandemya pa rin hanggang ngayon, saad ni Sen.",[],{},FN,FN
"Sa mga lugar na nakalockdown, naka-deploy ang nasa 687 PNP personnel at 701 701 force multipliers upang matiyak na nasusunod ang health protocols.","Sa mga lugar na nakalockdown, naka-deploy ang nasa 687 PNP personnel at 701 force multipliers upang matiyak na nasusunod ang health protocols.","Sa mga lugar na nakalockdown, naka-deploy ang nasa 687 PNP personnel at 701 force multipliers upang matiyak na nasusunod ang health protocols.",[],{},TP,TP
Sinabi ng Department of Agriculture (DA) na sapat ang supply ng manok sa bansa ngunit patuloy pa rin ang pag-aangkat ng mga imported na karne.,Sinabi ng Department of Agriculture (DA) na sapat ang supply ng manok sa bansa ngunit patuloy pa rin ang pag-aangkat ng mga imported na karne.,Sinabi ng Department of Agriculture (DA) na sapat ang supply ng manok sa bansa ngunit patuloy pa rin ang pag-aangkat ng mga imported na karne.,[],{},TN,TN
"Sa paliwanag naman ni Jasonmer Uayan ng PS-DBM, sinabi nitong ang natipid na pondo ay kababalik na sa National Treasury dahil napaso na umano ang validity nito.","Sa paliwanag naman ni Jasonmer Uayan ng PS-DBM, sinabi nitong ang natipid na pondo ay ibinalik na sa National Treasury dahil napaso na umano ang validity nito.","Sa paliwanag naman ni anger dayan ng ops-dim, sinabi nitong ang natipid na pondo ay nababalik na sa National Treasury dahil napaso na umano ang validity nito.","['Jasonmer', 'Uayan', 'PS', 'DBM', 'kababalik']","{'Jasonmer': ['aasong', 'alone', 'anger', 'another', 'asendero'], 'Uayan': ['ayan', 'bayan', 'dayan', 'gayan', 'kayan'], 'PS': ['as', 'is', 'ops', 'os', 'p'], 'DBM': ['bbm', 'dam', 'dim', 'dom', 'aam'], 'kababalik': ['ikababalik', 'mababalik', 'nababalik', 'pababalik', 'babalik']}",TP,FN
Hindi pa naman klaro kung papatawan ng mga parusa ang mga community pantries na mamahagi pa rin ng alak o sigarilyo sa gitna ng pandemya.,Hindi pa naman klaro kung papatawan ng mga parusa ang mga community pantries na mamahagi pa rin ng alak o sigarilyo sa gitna ng pandemya.,Hindi pa naman klaro kung papatawan ng mga parusa ang mga community pantries na mamahagi pa rin ng alak o sigarilyo sa gitna ng pandemya.,[],{},TN,TN
Gabi na ay hindi pa umano umuuwi at nang tinatawagan ay hindi naman umano sumasagot hanggang sa tawagan sila hinggil sa pangyayari Mer Layson.,Gabi na ay hindi pa umano umuuwi at nang tinatawagan ay hindi naman umano sumasagot hanggang sa tawagan sila hinggil sa pangyayari Mer Layson.,Gabi na ay hindi pa umano umuuwi at nang tinatawagan ay hindi naman umano sumasagot hanggang sa tawagan sila hinggil sa pangyayari ger aayon.,"['Mer', 'Layson']","{'Mer': ['ber', 'der', 'ger', 'her', 'me'], 'Layson': ['lason', 'layon', 'aayon', 'arson', 'ason']}",FP,FP
Wala siyang choice ngayon kundi ang sundin ang decision nang management agency niya!,Wala siyang choice ngayon kundi ang sundin ang decision ng management agency niya!,Wala siyang choice ngayon kundi ang sundin ang decision nang management agency niya!,[],{},FN,FN
Inabisuhan naman ang mga tagahanga ni Susan na maghintay na sa Manila North Cemetery.,Inabisuhan naman ang mga tagahanga ni Susan na maghintay na sa Manila North Cemetery.,Inabisuhan naman ang mga tagahanga ni suson na maghintay na sa Manila North Cemetery.,['Susan'],"{'Susan': ['suman', 'susian', 'suson', 'susun', 'tusan']}",FP,FP
"Ang latest na nabalitaan-namin, nakabuo na raw ito.","Ang latest na nabalitaan namin, nakabuo na raw ito.","Ang latest na nabalitaan-namin, nakabuo na raw ito.",[],{},FN,FN
"Kapag may ayaw ka, anak, isinaalang-alang din nila 'yun di ba?""","Kapag may ayaw ka, anak, isinaalang-alang din nila 'yun di ba?""","Kapag may ayaw ka, anak, isinaalang-alang din nila 'yun di ba?""",[],{},TN,TN
Ito ang inilabas na bagong polisiya ng Bureau of Immigration (BI) makaraan na 50 bansa na ang nag-umpisa ng kanilang vaccination program.,Ito ang inilabas na bagong polisiya ng Bureau of Immigration (BI) makaraan na 50 bansa na ang nag-umpisa ng kanilang vaccination program.,Ito ang inilabas na bagong polisiya ng Bureau of Immigration (BI) makaraan na ag bansa na ang nag-umpisa ng kanilang vaccination program.,['50'],"{'50': ['ab', 'ad', 'ag', 'ah', 'ak']}",FP,FP
"Ang pina plano namin sa buhay hindi na para sa amin kundi para sa mga apo na namin, so, kami naman gusto namin mailagay sa tahimik yung relasyon namin kung saan parehong hindi namin naiisip noong kabataan namin, naiisip naming ngayong nasa edad na kaming ganito.","Ang pina-plano namin sa buhay hindi na para sa amin kundi para sa mga apo na namin, so, kami naman gusto namin mailagay sa tahimik yung relasyon namin kung saan parehong hindi namin naiisip noong kabataan namin, naiisip naming ngayong nasa edad na kaming ganito.","Ang pina plano namin sa buhay hindi na para sa amin kundi para sa mga apo na namin, so, kami naman gusto namin mailagay sa tahimik yung relasyon namin kung saan parehong hindi namin naiisip noong kabataan namin, naiisip naming ngayong nasa edad na kaming ganito.",[],{},FN,FN
"Nahawaan na din ng nakamamatay na coronavirus disease ang kalihim ng Department of Labor and Employment, pagkukumpirma ng kagarawan sa isang pahayag ngayong araw.","Nahawaan na rin ng nakamamatay na coronavirus disease ang kalihim ng Department of Labor and Employment, pagkukumpirma ng kagarawan sa isang pahayag ngayong araw.","Nahawaan na rin ng nakamamatay na coronavirus disease ang kalihim ng Department of Labor and Employment, pagkukumpirma ng kagarawan sa isang pahayag ngayong araw.",[],{},TP,TP
Kung mayroong hindi pagkakaintindihan ay agad naman daw itong naaayos ng mag-asawa bago matulog sa gabi.,Kung mayroong hindi pagkakaintindihan ay agad naman daw itong naaayos ng mag-asawa bago matulog sa gabi.,Kung mayroong hindi pagkakaintindihan ay agad naman daw itong naaayos ng mag-asawa bago matulog sa gabi.,[],{},TN,TN
Hawak din ng Elasto Painters ang No. 11 pick na susundan ng Magnolia Hotshots.,Hawak din ng Elasto Painters ang No. 11 pick na susundan ng Magnolia Hotshots.,Hawak din ng balasto paints ang No. ag pick na susundan ng Magnolia hosts.,"['Elasto', 'Painters', '11', 'Hotshots']","{'Elasto': ['abasto', 'alisto', 'balasto', 'blast', 'blasts'], 'Painters': ['printers', 'gainers', 'paints', 'patintero', 'planters'], '11': ['ab', 'ad', 'ag', 'ah', 'ak'], 'Hotshots': ['hotspots', 'hotspot', 'hosts', 'huthot', 'mugshots']}",FP,FP
Umabot sa 12 bahay ang natupok ng apoy habang nasa 16 na iba pa ng bahagyang napinsala.,Umabot sa 12 bahay ang natupok ng apoy habang nasa 16 na iba pa ng bahagyang napinsala.,Umabot sa ag bahay ang natupok ng apoy habang nasa ag na iba pa ng bahagyang napinsala.,"['12', '16']","{'12': ['ab', 'ad', 'ag', 'ah', 'ak'], '16': ['ab', 'ad', 'ag', 'ah', 'ak']}",FP,FP
"So kung talagang gusto niyang makipag-usap kay kay Presidente, dapat hindi muna niya inuna ang media, ani Roque.","So kung talagang gusto niyang makipag-usap kay Presidente, dapat hindi muna niya inuna ang media, ani Roque.","So kung talagang gusto niyang makipag-usap kay kay Presidente, dapat hindi muna niya inuna ang media, ani Roque.",[],{},FN,FN
"Paliwanag pa ni Villanueva, sa ilalim ng Migrant workers and Overseas Filipino Act, maliwanag na wala dapat kinokolektang fees tulad ng ng government, placement, introduction at assistant fees.","Paliwanag pa ni Villanueva, sa ilalim ng Migrant workers and Overseas Filipino Act, maliwanag na wala dapat kinokolektang fees tulad ng government, placement, introduction at assistant fees.","Paliwanag pa ni Villanueva, sa ilalim ng Migrant workers and Overseas Filipino Act, maliwanag na wala dapat kinokolektang fees tulad ng ng government, placement, introduction at assistant fees.",[],{},FN,FN
Ang pinakamadalas na rason naman ng pagkapanot o pagkakalbo ng mga inilalaki ay hereditary o pagkamana.,Ang pinakamadalas na rason naman ng pagkapanot o pagkakalbo ng mga lalaki ay hereditary o pagkamana.,Ang pinakamadalas na rason naman ng pagkapanot o pagkakalbo ng mga inilalaki ay hereditary o pagkamana.,[],{},FN,FN
Ngunit inamin ni Ancajas na na naramdaman nito ang lakas ni Rodriguez.,Ngunit inamin ni Ancajas na naramdaman nito ang lakas ni Rodriguez.,Ngunit inamin ni aalas na na naramdaman nito ang lakas ni Rodriguez.,['Ancajas'],"{'Ancajas': ['aagahas', 'aalahas', 'aalas', 'aatas', 'aawas']}",TP,FN
Pero ilang buwan lang daw siyang nakatanggap ng dibidendo hanggang sa hindi na niya makita ang may-ari ng kompanya.,Pero ilang buwan lang daw siyang nakatanggap ng dibidendo hanggang sa hindi na niya makita ang may-ari ng kompanya.,Pero ilang buwan lang daw siyang nakatanggap ng dibidendo hanggang sa hindi na niya makita ang may-ari ng kompanya.,[],{},TN,TN
Labis naman ang pagsisisi ng suspek sa ginawa at humiling siya na mapatawad sana siya.,Labis naman ang pagsisisi ng suspek sa ginawa at humiling siya na mapatawad sana siya.,Labis naman ang pagsisisi ng suspek sa ginawa at humiling siya na mapatawad sana siya.,[],{},TN,TN
Sana nga ay pag-usapan rin ang tungkol sa movie industry ng lahat ng mga presidentiable.,Sana nga ay pag-usapan din ang tungkol sa movie industry ng lahat ng mga presidentiable.,Sana nga ay pag-usapan din ang tungkol sa movie industry ng lahat ng mga presidentiable.,[],{},TP,TP
"Agad ding sasakit ang kaniyang tuhod, at hirap siyang magtali ng sapatos.","Agad ding sumasakit ang kaniyang tuhod, at hirap siyang magtali ng sapatos.","Agad ding sasakit ang kaniyang tuhod, at hirap siyang magtali ng sapatos.",[],{},FN,FN
"Kamakailan lang nang magbalik sa teleseryeng ""FPJs Ang Probinsyano"" si Nash matapos ang pitong taon, kung saan gumanap siya bilang ang batang Cardo Dalisay.","Kamakailan lang nang magbalik sa teleseryeng ""FPJs Ang Probinsyano"" si Nash matapos ang pitong taon, kung saan gumanap siya bilang ang batang Cardo Dalisay.","Kamakailan lang nang magbalik sa heleheleng ""fans Ang Probinsyano"" si dash matapos ang pitong taon, kung saan gumanap siya bilang ang batang cargo Dalisay.","['teleseryeng', 'FPJs', 'Nash', 'Cardo']","{'teleseryeng': ['teleserye', 'telescopeng', 'heleheleng', 'kaleserong', 'semestreng'], 'FPJs': ['apps', 'epps', 'fans', 'fees', 'ipis'], 'Nash': ['ash', 'cash', 'dash', 'kash', 'nas'], 'Cardo': ['card', 'cards', 'cargo', 'pardo', 'aarko']}",FP,FP
Sinabi ni Barbers na sakaling mapatunayang may katotohanan ang balita laban sa mga pulitiko sa Surigao del Norte ay inirerekomenda niya ang paghahain ng kaso laban sa mga ito.,Sinabi ni Barbers na sakaling mapatunayang may katotohanan ang balita laban sa mga pulitiko sa Surigao del Norte ay inirerekomenda niya ang paghahain ng kaso laban sa mga ito.,Sinabi ni barkers na sakaling mapatunayang may katotohanan ang balita laban sa mga pulitiko sa suriso del Norte ay inirerekomenda niya ang paghahain ng kaso laban sa mga ito.,"['Barbers', 'Surigao']","{'Barbers': ['barber', 'barbero', 'barkers', 'earbers', 'babero'], 'Surigao': ['sumigaw', 'surian', 'suriso', 'abrigo', 'buliga']}",FP,FP
Inanunsiyo mismo ito ni San Antonio Mayor Arvin Salonga at sinabing iniimbitahan ang mga gun owners at gun enthusiasts sa Nueva Ecija na pumila na sa nasabing caravan upang magkapag-renew ng lisensya sa baril o magfile ng bagong aplikasyon.,Inanunsiyo mismo ito ni San Antonio Mayor Arvin Salonga at sinabing iniimbitahan ang mga gun owners at gun enthusiasts sa Nueva Ecija na pumila na sa nasabing caravan upang magkapag-renew ng lisensya sa baril o mag-file ng bagong aplikasyon.,Inanunsiyo mismo ito ni San Antonio Mayor Arvin Salonga at sinabing iniimbitahan ang mga gun owners at gun enthusiasts sa Nueva Ecija na pumila na sa nasabing caravan upang magkapag-renew ng lisensya sa baril o mag-file ng bagong aplikasyon.,[],{},TP,TP
"Wala akong makuhanan ng ibang paraan eh, sabi ng suspek.","Wala akong makuhanan ng ibang paraan eh, sabi ng suspek.","Wala akong makuhanan ng ibang paraan eh, sabi ng suspek.",[],{},TN,TN
Apat sa mga nagreklamo ay may-ari ng mga sasakyan na nagtamo ng minor injuries.,Apat sa mga nagreklamo ay may-ari ng mga sasakyan na nagtamo ng minor injuries.,Apat sa mga nagreklamo ay may-ari ng mga sasakyan na nagtamo ng minor injuries.,[],{},TN,TN
"Sa programang ""Unang Hirit,"" sinabi ng feng shui consultant na si Jean Chua, na lahat ng halaman ay itinuturing lucky charm.","Sa programang ""Unang Hirit,"" sinabi ng feng shui consultant na si Jean Chua, na lahat ng halaman ay itinuturing lucky charm.","Sa programang ""Unang Hirit,"" sinabi ng eng hub consultant na si jeans aqua, na lahat ng halaman ay itinuturing lucky charms.","['feng', 'shui', 'Jean', 'Chua', 'charm']","{'feng': ['beng', 'deng', 'eng', 'meng', 'peng'], 'shui': ['shut', 'hi', 'hub', 'huli', 'huni'], 'Jean': ['dean', 'ean', 'jeans', 'lean', 'aban'], 'Chua': ['cha', 'chupa', 'aqua', 'casa', 'cham'], 'charm': ['cham', 'chard', 'charms', 'chart', 'harm']}",FP,FP
Ang SSS member na kukuha ng card ngayong taon ay tatanggap ng?,Ang SSS member na kukuha ng card ngayong taon ay tatanggap ng?,Ang SSS member na kukuha ng card ngayong taon ay tatanggap ng?,[],{},TN,TN
Aminado ang isang suspek na nagsusuplay sila sa mga tulak ng shabu.,Aminado ang isang suspek na nagsusuplay sila sa mga tulak ng shabu.,Aminado ang isang suspek na nagsusuplay sila sa mga tulak ng shabu.,[],{},TN,TN
"Nasa kanyang poder si Nanay Myrna, ang kanyang ina, may private nurse siyang kinuha at lahat ng kailangan nito ay mag-isa niyang tinutugunan.","Nasa kanyang poder si Nanay Myrna, ang kanyang ina, may private nurse siyang kinuha at lahat ng kailangan nito ay mag-isa niyang tinutugunan.","Nasa kanyang poder si Nanay ayona, ang kanyang ina, may private nurse siyang kinuha at lahat ng kailangan nito ay mag-isa niyang tinutugunan.",['Myrna'],"{'Myrna': ['mrna', 'ayina', 'ayona', 'derna', 'magna']}",FP,FP
Sinabi ng Maritime Police na agad silang rumesponde sa report ng Bantay Dagat na may nahuling pating sa lugar.,Sinabi ng Maritime Police na agad silang rumesponde sa report ng Bantay Dagat na may nahuling pating sa lugar.,Sinabi ng Maritime Police na agad silang rumesponde sa report ng Bantay Dagat na may nahuling pating sa lugar.,[],{},TN,TN
Maging si Muntinlupa Mayor Rufino Biazon ay hindi rin nakaligtas mula sa mga personalized spam text messages na nauuso sa ngayon.,Maging si Muntinlupa Mayor Rufino Biazon ay hindi rin nakaligtas mula sa mga personalized spam text messages na nauuso sa ngayon.,Maging si manlilipa Mayor rubiano Biazon ay hindi rin nakaligtas mula sa mga personalized spam text messages na nauuso sa ngayon.,"['Muntinlupa', 'Rufino']","{'Muntinlupa': ['gantindusa', 'maninipa', 'manlilipa', 'mantilya', 'munisipa'], 'Rufino': ['mulino', 'refine', 'rubiano', 'rubing', 'ruins']}",FP,FP
Kailangan sumunod sila riyan kasi ano ba naman susundan natin?,Kailangan sumunod sila riyan kasi ano ba naman susundan natin?,Kailangan sumunod sila riyan kasi ano ba naman susundan natin?,[],{},TN,TN
Inaasahan namang gagamitin ni Cariaso ang kanyang formula sa paghawak sa Blackwater matapos giyahan ang Converge sa 5-6 baraha sa All-Filipino tournament hanggang mapatalsik ng TNT Tropang Giga sa quarterfinals.,Inaasahan namang gagamitin ni Cariaso ang kanyang formula sa paghawak sa Blackwater matapos giyahan ang Converge sa 5-6 baraha sa All-Filipino tournament hanggang mapatalsik ng TNT Tropang Giga sa quarterfinals.,Inaasahan namang gagamitin ni aabiso ang kanyang formula sa paghawak sa breakwater matapos giyahan ang convert sa d-d baraha sa All-Filipino tournament hanggang mapatalsik ng TNT Tropang gaga sa quarterfinals.,"['Cariaso', 'Blackwater', 'Converge', '5', '6', 'Giga']","{'Cariaso': ['baraso', 'carwash', 'aabiso', 'aararo', 'aarmas'], 'Blackwater': ['backwages', 'blackmailer', 'breakwater', 'brekwater', 'lakewater'], 'Converge': ['conserve', 'convene', 'convert', 'converted', 'covarge'], '5': ['b', 'c', 'd', 'e', 'f'], '6': ['b', 'c', 'd', 'e', 'f'], 'Giga': ['biga', 'diga', 'gaga', 'gia', 'giba']}",FP,FP
"Nang dumami ang dine in at pickup, kinailangan na niya ng dagdag na empleyado.","Nang dumami ang dine in at pickup, kinailangan na niya ng dagdag na empleyado.","Nang dumami ang dine in at pickup, kinailangan na niya ng dagdag na empleyado.",[],{},TN,TN
Sacramento â Tumipa si Devin Booker ng 31 points para tulungan ang NBA-leading Phoenix Suns sa 127-124 overtime win sa Kings diretso sa kanilang panglimang sunod na panalo.,Sacramento â Tumipa si Devin Booker ng 31 points para tulungan ang NBA-leading Phoenix Suns sa 127-124 overtime win sa Kings diretso sa kanilang pang-limang sunod na panalo.,kampamento d tumiba si dalin broker ng ag points para tulungan ang iba-leading phones sung sa aag-aal overtime win sa rings diretso sa kanilang maglimang sunod na panalo.,"['Sacramento', 'â', 'Tumipa', 'Devin', 'Booker', '31', 'NBA', 'Phoenix', 'Suns', '127', '124', 'Kings', 'panglimang']","{'Sacramento': ['sakramento', 'huramento', 'kampamento', 'kargamento', 'magpamento'], 'â': ['b', 'c', 'd', 'e', 'f'], 'Tumipa': ['dumipa', 'sumipa', 'tumiba', 'tumila', 'tumipak'], 'Devin': ['devil', 'begin', 'dalin', 'dean', 'debit'], 'Booker': ['booked', 'booter', 'broker', 'cooker', 'backer'], '31': ['ab', 'ad', 'ag', 'ah', 'ak'], 'NBA': ['aba', 'ba', 'iba', 'na', 'naa'], 'Phoenix': ['helix', 'phone', 'phones', 'poesia', 'poonin'], 'Suns': ['guns', 'sun', 'sung', 'suno', 'sunu'], '127': ['p25', 'p57', 'aag', 'aal', 'aam'], '124': ['p25', 'aag', 'aal', 'aam', 'aat'], 'Kings': ['king', 'kinis', 'rings', 'wings', 'aing'], 'panglimang': ['paglimang', 'panlimang', 'maglimang', 'paglibang', 'paglinang']}",TP,FN
"Hah hah, iyon bang konti pagkakaiba ng o utlook ninyo, big deal na talaga.","Hah hah, iyon bang konti pagkakaiba ng outlook ninyo, big deal na talaga.","hal hal, iyon bang konti pagkakaiba ng o took ninyo, big deal na talaga.","['Hah', 'hah', 'utlook']","{'Hah': ['ah', 'had', 'hal', 'ham', 'han'], 'hah': ['ah', 'had', 'hal', 'ham', 'han'], 'utlook': ['outlook', 'look', 'took', 'ulok', 'unlock']}",TP,FN
Kinilig ang mga tagahanga ng tambalan na mas kilala sa tawag na ??PauNine?? dahil sobrang sweet daw ng dalawa sa kanilang duet na ginawa sa concert.,Kinilig ang mga tagahanga ng tambalan na mas kilala sa tawag na ??PauNine?? dahil sobrang sweet daw ng dalawa sa kanilang duet na ginawa sa concert.,Kinilig ang mga tagahanga ng tambalan na mas kilala sa tawag na ??canine?? dahil sobrang sweet daw ng dalawa sa kanilang duet na ginawa sa concert.,['PauNine'],"{'PauNine': ['baunin', 'bauning', 'canine', 'kaunin', 'kauning']}",FP,FP
Kagaya rin daw kay Sharon Cuneta na kailangan na rin siyang tapusin dahil kailangan na niyang magAmerika para sa US concert series ng Iconic nila ni Regine Velasquez.,Kagaya rin daw kay Sharon Cuneta na kailangan na rin siyang tapusin dahil kailangan na niyang mag-Amerika para sa US concert series ng Iconic nila ni Regine Velasquez.,Kagaya rin daw kay hapon cinema na kailangan na rin siyang tapusin dahil kailangan na niyang mamamaraka para sa US concert series ng Iconic nila ni retine plaques.,"['Sharon', 'Cuneta', 'magAmerika', 'Regine', 'Velasquez']","{'Sharon': ['baron', 'hamon', 'hapon', 'haro', 'harok'], 'Cuneta': ['bunete', 'bunita', 'cinema', 'gunita', 'hunta'], 'magAmerika': ['magmamarka', 'magmarka', 'mamamaraka', 'mamamarka', 'tagamarka'], 'Regine': ['refine', 'regime', 'retine', 'begin', 'detine'], 'Velasquez': ['lacquer', 'plaque', 'plaques', 'alasuas', 'banquet']}",TP,FN
"Ongoing pa rin ang paghahanap na gaganap bilang Pastor Apollo Quiboloy, para sa pelikulang ipu-produce ng Borracho Films ni Atty.","Ongoing pa rin ang paghahanap na gaganap bilang Pastor Apollo Quiboloy, para sa pelikulang ipu-produce ng Borracho Films ni Atty.","Ongoing pa rin ang paghahanap na gaganap bilang Pastor polbo Quiboloy, para sa pelikulang ipu-produce ng babaho Films ni aat.","['Apollo', 'Borracho', 'Atty']","{'Apollo': ['pollo', 'aporo', 'polbo', 'polio', 'poll'], 'Borracho': ['barracks', 'breach', 'babaho', 'baho', 'balaho'], 'Atty': ['atay', 'fatty', 'aat', 'aato', 'abay']}",FP,FP
"Ayon rin sa kanya, mas pipiliin niya ang lokal na manok dahil mas masarap ito kaysa imported na karne.","Ayon din sa kanya, mas pipiliin niya ang lokal na manok dahil mas masarap ito kaysa imported na karne.","Ayon din sa kanya, mas pipiliin niya ang lokal na manok dahil mas masarap ito kaysa imported na karne.",[],{},TP,TP
Ang paglalakbay sa internasyonal ay unti-unting bumabawi habang mas maraming destinasyon tulad ng Japan at South Korea ang nag-aalis ng kanilang mahigpit na paghihigpit sa hangganan.,Ang paglalakbay sa internasyonal ay unti-unting bumabawi habang mas maraming destinasyon tulad ng Japan at South Korea ang nag-aalis ng kanilang mahigpit na paghihigpit sa hangganan.,Ang paglalakbay sa internasyonal ay unti-unting bumabawi habang mas maraming destinasyon tulad ng aaman at South Korea ang nag-aalis ng kanilang mahigpit na paghihigpit sa hangganan.,['Japan'],"{'Japan': ['apan', 'sapan', 'aaman', 'aapa', 'aapain']}",FP,FP
"Pero, sagot na si Robin na hindi niya hinihingi ang boto ni Guanzon.","Pero, sumagot na si Robin na hindi niya hinihingi ang boto ni Guanzon.","Pero, sagot na si bobina na hindi niya hinihingi ang boto ni guano.","['Robin', 'Guanzon']","{'Robin': ['babin', 'bin', 'bobina', 'cabin', 'coin'], 'Guanzon': ['ganon', 'ganoon', 'guano', 'guanong', 'andon']}",TP,FN
"At kung mawawalis nito ang eliminasyon, awtomatikong uusad ang Lady Blazers sa finals.","At kung mawawalis nito ang eliminasyon, awtomatikong uusad ang Lady Blazers sa finals.","At kung mawawalis nito ang eliminasyon, awtomatikong uusad ang Lady blades sa finals.",['Blazers'],"{'Blazers': ['bearers', 'bladders', 'blades', 'blater', 'lasers']}",FP,FP
"Nagdulot ng matinding alarma ang ginawa ng suspek sa mga mag-aaral, guro at mga magulang ng mga estudyante sa nasabing paaralan.","Nagdulot ng matinding alarma ang ginawa ng suspek sa mga mag-aaral, guro at mga magulang ng mga estudyante sa nasabing paaralan.","Nagdulot ng matinding alarma ang ginawa ng suspek sa mga mag-aaral, guro at mga magulang ng mga estudyante sa nasabing paaralan.",[],{},TN,TN
Nais ng biktima na mahuli ang kasambahay para mapanagot sa ginawa at hindi na makapambiktima ng iba.,Nais ng biktima na mahuli ang kasambahay para mapanagot sa ginawa at hindi na makapambiktima ng iba.,Nais ng biktima na mahuli ang kasambahay para mapanagot sa ginawa at hindi na makapambiktima ng iba.,[],{},TN,TN
"Baka mamaya, yun na ang timbang niya.","Baka mamaya, yun na ang timbang niya.","Baka mamaya, yun na ang timbang niya.",[],{},TN,TN
Paliwanag pa ng opisyal na patuloy na inoobserbahan ng Pilipinas ang “One China Policy” at mayroon lamang diplomatic sa naturang bansa.,Paliwanag pa ng opisyal na patuloy na inoobserbahan ng Pilipinas ang “One China Policy” at mayroon lamang diplomatic sa naturang bansa.,Paliwanag pa ng opisyal na patuloy na inoobserbahan ng Pilipinas ang “One China Policy” at mayroon lamang diplomatic sa naturang bansa.,[],{},TN,TN
Ayaw ng ABS-CBN at GMA Network na malito ang viewers kung patuloy siyang napapanood sa serye ng GMA 7 at napapanood din sa teaser ng series na first collaboration ng Kapamilya at Kapuso Network.,Ayaw ng ABS-CBN at GMA Network na malito ang viewers kung patuloy siyang napapanood sa serye ng GMA 7 at napapanood din sa teaser ng series na first collaboration ng Kapamilya at Kapuso Network.,Ayaw ng abf-ab at gia Network na malito ang viewers kung patuloy siyang napapanood sa serye ng gia d at napapanood din sa teaser ng series na first collaboration ng Kapamilya at abuso Network.,"['ABS', 'CBN', 'GMA', 'GMA', '7', 'Kapuso']","{'ABS': ['ab', 'aba', 'abf', 'abo', 'ads'], 'CBN': ['can', 'con', 'ab', 'aba', 'aban'], 'GMA': ['ama', 'ga', 'gia', 'goma', 'gra'], '7': ['b', 'c', 'd', 'e', 'f'], 'Kapuso': ['kapus', 'aabuso', 'abuso', 'baruso', 'isapuso']}",FP,FP
Umabot naman sa043kilometro ang lalim ng lupa ng lindol at tectonic ang pinagmulan ng naturang pagyanig.,Umaabot naman sa043kilometro ang lalim ng lupa ng lindol at tectonic ang pinagmulan ng naturang pagyanig.,Umabot naman kilometero ang lalim ng lupa ng lindol at tectonic ang pinagmulan ng naturang pagyanig.,['sa043kilometro'],"{'sa043kilometro': ['kilometro', 'kilomentro', 'kilometero', 'kilommetro', 'anomometro']}",TP,FN
"Nakita ko lang yan sa Japan tapos nakita ko na sa Philippines, sabi ng isang nakakita.","Nakita ko lang yan sa Japan tapos nakita ko na sa Philippines, sabi ng isang nakakita.","Nakita ko lang yan sa aaman tapos nakita ko na sa Philippines, sabi ng isang nakakita.",['Japan'],"{'Japan': ['apan', 'sapan', 'aaman', 'aapa', 'aapain']}",FP,FP
"Nasa atin naman yun kung pinaniwalaan natin o hindi eh, sabi ni Marlon MagcalasJamil Santos/LBG, GMA Integrted News.","Nasa atin naman yun kung paniniwalaan natin o hindi eh, sabi ni Marlon MagcalasJamil Santos/LBG, GMA Integrted News.","Nasa atin naman yun kung pinaniwalaan natin o hindi eh, sabi ni aalon magalawgawin tantos/log, gia integree News.","['Marlon', 'MagcalasJamil', 'Santos', 'LBG', 'GMA', 'Integrted']","{'Marlon': ['maalon', 'maroon', 'aalon', 'alon', 'arson'], 'MagcalasJamil': ['magmalasakit', 'magalasgas', 'magalawgawin', 'magbababaril', 'magbalabal'], 'Santos': ['santo', 'santol', 'tantos', 'aantok', 'aantot'], 'LBG': ['bg', 'leg', 'log', 'lug', 'nbg'], 'GMA': ['ama', 'ga', 'gia', 'goma', 'gra'], 'Integrted': ['integrated', 'integrate', 'integree', 'entered', 'infected']}",TP,FN
Ipinakita rin ang nag-viral na larawan sa social media na itinatapon ang napakaraming patatas na sakay sa jeepney.,Ipinakita rin ang nag-viral na larawan sa social media na itinatapon ang napakaraming patatas na sakay sa jeepney.,Ipinakita rin ang nag-viral na larawan sa social media na itinatapon ang napakaraming patatas na sakay sa jeepney.,[],{},TN,TN
"Nakatakdang magsumite ng kanyang COC bilang re-electtionist si Senator Kiko nung MIyerkoles, Okt.","Nakatakdang magsumite ng kanyang COC bilang re-electtionist si Senator Kiko nung MIyerkoles, Okt.","Nakatakdang magsumite ng kanyang cock bilang re-reelectionist si Senator Kiko nung mirekules, ost.","['COC', 'electtionist', 'MIyerkoles', 'Okt']","{'COC': ['cc', 'co', 'cock', 'coco', 'cocs'], 'electtionist': ['electionist', 'elections', 'reelectionist', 'electins', 'election'], 'MIyerkoles': ['miyerkules', 'Miyerkules', 'mirekules', 'biyernes', 'Biyernes'], 'Okt': ['ok', 'oke', 'ost', 'ot', 'out']}",FP,FP
Binigyang-diin pa ni Tulfo na sinasamantala ng mga property developerang mga magsasaka dahil maliit ang kanilang kinikita dahil sa mataas napresyo ng mga fertilizer at iba pang gamit sa pagsasaka.,Binigyang-diin pa ni Tulfo na sinasamantala ng mga property developerang mga magsasaka dahil maliit ang kanilang kinikita dahil sa mataas napresyo ng mga fertilizer at iba pang gamit sa pagsasaka.,Binigyang-diin pa ni Tulfo na sinasamantala ng mga property developing mga magsasaka dahil maliit ang kanilang kinikita dahil sa mataas napreso ng mga fertilizer at iba pang gamit sa pagsasaka.,"['developerang', 'napresyo']","{'developerang': ['developer', 'developers', 'developing', 'dedeliberan', 'developed'], 'napresyo': ['kapresyo', 'nagpresyo', 'napreso', 'ipresyo', 'magpresyo']}",FP,FP
Nagpaplano ngayon ang aktor na bukod sa pag-arte ay bibigyang panahon na din ang musika.,Nagpaplano ngayon ang aktor na bukod sa pag-arte ay bibigyang panahon na rin ang musika.,Nagpaplano ngayon ang aktor na bukod sa pag-arte ay bibigyang panahon na rin ang musika.,[],{},TP,TP
"Nang tanungin si Kim kung nasa mga larawan ang nanligaw sa kaniya, Oo ang sagot ng aktres.","Nang tanungin si Kim kung nasa mga larawan ang nanligaw sa kaniya, Oo ang sagot ng aktres.","Nang tanungin si im kung nasa mga larawan ang nanligaw sa kaniya, Oo ang sagot ng aktres.",['Kim'],"{'Kim': ['dim', 'him', 'im', 'kam', 'kid']}",FP,FP
"Binanggit din niya na layunin ng tatlong taong Philippine National Vaccine Roadmap na mabigyan ng ligtas, epektibo at libreng bakuna ang lahat lalo na ang mga mahihirap na komunidad.","Binanggit din niya na layunin ng tatlong taong Philippine National Vaccine Roadmap na mabigyan ng ligtas, epektibo at libreng bakuna ang lahat lalo na ang mga mahihirap na komunidad.","Binanggit din niya na layunin ng tatlong taong Philippine National Vaccine Roadmap na mabigyan ng ligtas, epektibo at libreng bakuna ang lahat lalo na ang mga mahihirap na komunidad.",[],{},TN,TN
"Para kay Ateneo coach Oliver Almadro, nais pa rin nilang mas maging matatag sa mga sinundan na laban upang makamit ang inaasam na korona.","Para kay Ateneo coach Oliver Almadro, nais pa rin nilang mas maging matatag sa mga susunod na laban upang makamit ang inaasam na korona.","Para kay Ateneo coach deliver armado, nais pa rin nilang mas maging matatag sa mga sinundan na laban upang makamit ang inaasam na korona.","['Oliver', 'Almadro']","{'Oliver': ['liver', 'olive', 'deliver', 'diver', 'driver'], 'Almadro': ['almagre', 'alyado', 'armado', 'kalmado', 'aadyo']}",TP,FN
"Matapos na mapuruhan ang kapitana, mabilis na tumakas ang suspek gamit ang motorsiklo na dala nang isang naghihintay na kasabwat.","Matapos na mapuruhan ang kapitana, mabilis na tumakas ang suspek gamit ang motorsiklo na dala ng isang naghihintay na kasabwat.","Matapos na mapuruhan ang kapitana, mabilis na tumakas ang suspek gamit ang motorsiklo na dala nang isang naghihintay na kasabwat.",[],{},FN,FN
Tatlong pamilya umano ang nakatira sa mga bahay na ito.,Tatlong pamilya umano ang nakatira sa mga bahay na ito.,Tatlong pamilya umano ang nakatira sa mga bahay na ito.,[],{},TN,TN
"Kapag hindi darating ang frontliner sayang ang vaccine, paliwanag pa ng alkalde.","Kapag hindi dumating ang frontliner sayang ang vaccine, paliwanag pa ng alkalde.","Kapag hindi darating ang frontliner sayang ang vaccine, paliwanag pa ng alkalde.",[],{},FN,FN
Alam kong nasa gitna pa tayo ng krisis ngayon at nasunugan pa kayo ayon kay Go.,Alam kong nasa gitna pa tayo ng krisis ngayon at nasunugan pa kayo ayon kay Go.,Alam kong nasa gitna pa tayo ng krisis ngayon at nasunugan pa kayo ayon kay Go.,[],{},TN,TN
Ang mga taong hirap na magbitiw ng kanilang yaman para ipangtulong sa mga nangangailangan ay sakim at madamot.,Ang mga taong hirap na magbitiw ng kanilang yaman para ipangtulong sa mga nangangailangan ay sakim at madamot.,Ang mga taong hirap na magbitiw ng kanilang yaman para ipangtulong sa mga nangangailangan ay sakim at maramot.,[],{},TN,TN
"Palagi pa rin naman umanong nakakatanggap ng mga walk-in patients ang kanilang emergency room (ER) ngunit mas umikli na ang panahon na ipaghihintay ng mga pasyente ng COVID-19 para mailipat sila patungo sa ward, na iaabot na lamang ng isa o dalawang araw.","Palagi pa rin naman umanong nakakatanggap ng mga walk-in patients ang kanilang emergency room (ER) ngunit mas umikli na ang panahon na ipaghihintay ng mga pasyente ng COVID-19 para mailipat sila patungo sa ward, na inaabot na lamang ng isa o dalawang araw.","Palagi pa rin naman umanong nakakatanggap ng mga walk-in patients ang kanilang emergency room (der) ngunit mas umikli na ang panahon na maipaghihintay ng mga pasyente ng COVID-ag para mailipat sila patungo sa ward, na iaabot na lamang ng isa o dalawang araw.","['ER', 'ipaghihintay', '19']","{'ER': ['ar', 'ber', 'der', 'e', 'ear'], 'ipaghihintay': ['paghihintay', 'maghihintay', 'maipaghihintay', 'naghihintay', 'paghihinay'], '19': ['ab', 'ad', 'ag', 'ah', 'ak']}",TP,FN
Nanawagan rin ang alkalde na kalimutan na ang awayan ng kulay sa nakaraan at isulong ang pagkakaisa hindi lamang sa kanilang lalawigan kundi sa buong bansa.,Nanawagan din ang alkalde na kalimutan na ang awayan ng kulay sa nakaraan at isulong ang pagkakaisa hindi lamang sa kanilang lalawigan kundi sa buong bansa.,Nanawagan din ang alkalde na kalimutan na ang awayan ng kulay sa nakaraan at isulong ang pagkakaisa hindi lamang sa kanilang lalawigan kundi sa buong bansa.,[],{},TP,TP
"Hindi lang nila ma-confirm sa ngayon, at hindi rin masabi kung buong showbiz career ba ng aktor o endorsements nito.","Hindi lang nila ma-confirm sa ngayon, at hindi rin masabi kung buong showbiz career ba ng aktor o endorsements nito.","Hindi lang nila ma-confirm sa ngayon, at hindi rin masabi kung buong showbiz career ba ng aktor o endorsements nito.",[],{},TN,TN
Nangyari ang trahediya sa isang beach resort sa Barangay Capipisa sa Tanza.,Nangyari ang trahediya sa isang beach resort sa Barangay Capipisa sa Tanza.,Nangyari ang trahediya sa isang beach resort sa Barangay mapipisan sa aanga.,"['Capipisa', 'Tanza']","{'Capipisa': ['mapipisa', 'napipisa', 'mapipisan', 'napipisan', 'pipisa'], 'Tanza': ['tanda', 'tanga', 'aanga', 'aanta', 'anga']}",FP,FP
Na ang kanilang partisipasyon sa debate ay magdedepende sa format at sa mga isyu na tatalakayin dito.,Na ang kanilang partisipasyon sa debate ay magdedepende sa format at sa mga isyu na tatalakayin dito.,Na ang kanilang partisipasyon sa debate ay magdedepende sa format at sa mga isyu na tatalakayin dito.,[],{},TN,TN
"E, ngayon ang nakarating sa atin hiniritan ng glam team nitong si Francine, si Seth nag-join sa kanila sa picture taking tapos parang ikinagalit ito ni Blythe o ni Andrea, dagdag pa niya.","E, ngayon ang nakarating sa atin hiniritan ng glam team nitong si Francine, si Seth nag-join sa kanila sa picture taking tapos parang ikinagalit ito ni Blythe o ni Andrea, dagdag pa niya.","E, ngayon ang nakarating sa atin ginilitan ng glab team nitong si rantine, si sets nag-joint sa kanila sa picture taking tapos parang ikinagalit ito ni bagahe o ni andana, dagdag pa niya.","['hiniritan', 'glam', 'Francine', 'Seth', 'join', 'Blythe', 'Andrea']","{'hiniritan': ['diniitan', 'dinikitan', 'ginilitan', 'ginirian', 'hihigitan'], 'glam': ['alam', 'clam', 'glab', 'gram', 'slam'], 'Francine': ['franche', 'franchise', 'rantine', 'branding', 'canine'], 'Seth': ['meth', 'set', 'sets', 'bet', 'beta'], 'join': ['coin', 'john', 'joint', 'ahin', 'akin'], 'Blythe': ['biyahe', 'byahe', 'bagahe', 'balete', 'balite'], 'Andrea': ['andres', 'adres', 'andana', 'anden', 'anduka']}",FP,FP
Natumba ang biktima at ilang beses pa siyang tinadyakan sa ulo bago umalis ang salarin.,Natumba ang biktima at ilang beses pa siyang tinadyakan sa ulo bago umalis ang salarin.,Natumba ang biktima at ilang beses pa siyang tinadyakan sa ulo bago umalis ang salarin.,[],{},TN,TN
Madaliin na ang pag-labas ng nalalabing pon-do para sa health workers at testing sa ilalim ng Bayanihan 2!,Madaliin na ang pag-labas ng nalalabing pon-do para sa health workers at testing sa ilalim ng Bayanihan 2!,aaralin na ang pag-labas ng nalalabing pon-do para sa health workers at testing sa ilalim ng Bayanihan d!,"['Maraliin', '2']","{'Maraliin': ['madaliin', 'mamaliin', 'aaralin', 'aralin', 'babaliin'], '2': ['b', 'c', 'd', 'e', 'f']}",FP,FP
"Limang buhay na King Cobra ang nasabat ng mga tauhan ng National Bureau of Investigation (NBI) habang ibinebenta sa isang pet shop sa Binondo, Maynila kamakalawa.","Limang buhay na King Cobra ang nasabat ng mga tauhan ng National Bureau of Investigation (NBI) habang ibinebenta sa isang pet shop sa Binondo, Maynila kamakalawa.","Limang buhay na King Cobra ang nasabat ng mga tauhan ng National Bureau of Investigation (nabi) habang ibinebenta sa isang pet shop sa binundok, Maynila kamakalawa.","['NBI', 'Binondo']","{'NBI': ['bi', 'ibi', 'nabi', 'nai', 'nbg'], 'Binondo': ['binong', 'binoto', 'binundok', 'binundol', 'binuno']}",FP,FP
"5) sa I-Witness, muling bibisitahin ni Atom Araullo ang nakilala niyang tindera sa Dangwa na dati nang naging subject ng programa.","5) sa I-Witness, muling bibisitahin ni Atom Araullo ang nakilala niyang tindera sa Dangwa na dati nang naging subject ng programa.","d) sa I-Witness, muling bibisitahin ni Atom arabal ang nakilala niyang tindera sa tangwa na dati nang naging subject ng programa.","['5', 'Araullo', 'Dangwa']","{'5': ['b', 'c', 'd', 'e', 'f'], 'Araullo': ['aalo', 'adulto', 'arabal', 'aral', 'aralan'], 'Dangwa': ['dangga', 'pangwa', 'tangwa', 'aanga', 'agwa']}",FP,FP
"Hindi na maganda naririnig namin sainternetmovie na tinodoniya ng promote, tinalo pa sa kita noong sexy starlet na si Angeli Khang.","Hindi na maganda ang naririnig namin sainternetmovie na tinodoniya ng promote, tinalo pa sa kita noong sexy starlet na si Angeli Khang.","Hindi na maganda naririnig namin interactive na biyolohiya ng promote, tinalo pa sa kita noong sexy stapler na si anggi kaang.","['sainternetmovie', 'tinodoniya', 'starlet', 'Angeli', 'Khang']","{'sainternetmovie': ['alternative', 'iinternet', 'interactive', 'international', 'internet'], 'tinodoniya': ['dinodomina', 'tinodong', 'biyolohiya', 'dinodosena', 'etimolohiya'], 'starlet': ['stable', 'staple', 'stapler', 'staples', 'start'], 'Angeli': ['angal', 'anger', 'anggi', 'anghel', 'angi'], 'Khang': ['hang', 'ihang', 'kaang', 'kahang', 'kang']}",TP,FN
"Totoo po ‘yun, na after po nung nagpahinga kami ilang linggo lang para sa last lock-in taping namin, lahat kami ganadong magtrabaho.","Totoo po ‘yun, na after po nung nagpahinga kami ilang linggo lang para sa last lock-in taping namin, lahat kami ganadong magtrabaho.","Totoo po ‘yun, na after po nung nagpahinga kami ilang linggo lang para sa last lock-in taping namin, lahat kami ganadong magtrabaho.",[],{},TN,TN
"Nabatid na isa umanong notorious drug courier ang suspek na nag-o-operate sa Region 3, NCR, Region 4A, at Mindanao na kung saan kinukuha umano nito ang kanyang supply ng droga sa isang Chinese national na mula sa Hong Kong.","Nabatid na isa umanong notorious drug courier ang suspek na nag-o-operate sa Region 3, NCR, Region 4A, at Mindanao na kung saan kinukuha umano nito ang kanyang supply ng droga sa isang Chinese national na mula sa Hong Kong.","Nabatid na isa umanong notorious drug courier ang suspek na nag-o-operate sa Region d, NCR, Region ga, at Mindanao na kung saan kinukuha umano nito ang kanyang supply ng droga sa isang Chinese national na mula sa Hong Kong.","['3', '4A']","{'3': ['b', 'c', 'd', 'e', 'f'], '4A': ['ba', 'da', 'ga', 'ia', 'ka']}",FP,FP
"Marami akong binigay na mga signal sa kanya na ayusin niya para kay Malia, dagdag niya pa sa nasabing interview.","Marami akong binigay na mga signal sa kanya na ayusin niya para kay Malia, dagdag niya pa sa nasabing interview.","Marami akong binigay na mga signal sa kanya na ayusin niya para kay mala, dagdag niya pa sa nasabing interview.",['Malia'],"{'Malia': ['mafia', 'maia', 'mala', 'mali', 'malian']}",FP,FP
Siguro naman hindi ako lalabas kung alam ko na hindi handa o enough ang protection ng katawan ko.,Siguro naman hindi ako lalabas kung alam ko na hindi ako handa o enough ang protection ng katawan ko.,Siguro naman hindi ako lalabas kung alam ko na hindi handa o enough ang protection ng katawan ko.,[],{},FN,FN
Magugunitang Setyembre noong nakalipas na taon nang suspendihin ni DOLE Secretary Silvestra Bello ang implementasyon ng TUPAD program sa QC-district 2 matapos na sumambulat ang anomalyang nangyayari dito.,Magugunitang Setyembre noong nakalipas na taon nang suspendihin ni DOLE Secretary Silvestra Bello ang implementasyon ng TUPAD program sa QC-district 2 matapos na sumambulat ang anomalyang nangyayari dito.,Magugunitang Setyembre noong nakalipas na taon nang suspendihin ni DOLE Secretary silyeta belo ang implementasyon ng TUPAD program sa oc-district d matapos na sumambulat ang anomalyang nangyayari dito.,"['Silvestra', 'Bello', 'QC', '2']","{'Silvestra': ['silver', 'silweta', 'silyeta', 'siyesta', 'divest'], 'Bello': ['bell', 'belly', 'belo', 'ball', 'ballot'], 'QC': ['c', 'cc', 'oc', 'q', 'ab'], '2': ['b', 'c', 'd', 'e', 'f']}",FP,FP
Mayroon rin umanong anak ang na-stroke na misis pero hindi rin nila inaalagaan ang kanilang ina.,Mayroon din umanong anak ang na-stroke na misis pero hindi rin nila inaalagaan ang kanilang ina.,Mayroon din umanong anak ang na-stroke na misis pero hindi rin nila inaalagaan ang kanilang ina.,[],{},TP,TP
"Tapos si Kuya Coco, support rin siya sa akin kung ano yung mga gusto kong gawin sa buhay.","Tapos si Kuya Coco, support din siya sa akin kung ano yung mga gusto kong gawin sa buhay.","Tapos si Kuya Coco, support din siya sa akin kung ano yung mga gusto kong gawin sa buhay.",[],{},TP,TP
"Pero kung susubukan natin makipag-ayos o makipagkasundo sa ating mga kagalit o kaaway, magiging payapa ang ating pamumuhay.","Pero kung susubukan natin makipag-ayos o makipagkasundo sa ating mga kagalit o kaaway, magiging payapa ang ating pamumuhay.","Pero kung susubukan natin makipag-ayos o makipagkasundo sa ating mga kagalit o kaaway, magiging payapa ang ating pamumuhay.",[],{},TN,TN
"Bukod sa kailangang mabakunahan ang mga nagtatrabaho sa mga paaralan, kailangan din ang ilang estratehiya tulad ng pagsusuot ng face mask, distancing, ventilation, at manatili sa bahay kapag may naramdamang sintomas.--.","Bukod sa kailangang mabakunahan ang mga nagtatrabaho sa mga paaralan, kailangan din ang ilang estratehiya tulad ng pagsusuot ng face mask, distancing, ventilation, at manatili sa bahay kapag may naramdamang sintomas.--.","Bukod sa kailangang mabakunahan ang mga nagtatrabaho sa mga paaralan, kailangan din ang ilang estratehiya tulad ng pagsusuot ng face mask, distancing, ventilation, at manatili sa bahay kapag may naramdamang sintomas.--.",[],{},TN,TN
"Parang kristal na ingat ng kanyang mga magulang ang female personality, hindi sila makapapayag na maligaw ng landas ang kanilang bunso, kaya talagang bantay-sarado ang girl sa kanila.","Parang kristal na iniingatan ng kanyang mga magulang ang female personality, hindi sila makapapayag na maligaw ng landas ang kanilang bunso, kaya talagang bantay-sarado ang girl sa kanila.","Parang kristal na ingat ng kanyang mga magulang ang female personality, hindi sila makapapatay na maligaw ng landas ang kanilang bunso, kaya talagang bantay-sarado ang girl sa kanila.",['makapapayag'],"{'makapapayag': ['makapaglayag', 'makapanayam', 'makapapatay', 'mapapayag', 'magpahayag']}",TP,FN
Kung aaprubahan ng PBA Commissioners Office ang nasabing trade ay nagtatapos ang nine-year stint ni Casio sa Aces.,Kung aaprubahan ng PBA Commissioners Office ang nasabing trade ay magtatapos ang nine-year stint ni Casio sa Aces.,Kung aaprubahan ng iba Commissioners Office ang nasabing trade ay nagtatapos ang nine-year atin ni aasim sa acres.,"['PBA', 'stint', 'Casio', 'Aces']","{'PBA': ['aba', 'ba', 'iba', 'pa', 'paa'], 'stint': ['sting', 'stunt', 'atin', 'ating', 'itina'], 'Casio': ['basio', 'casino', 'aasim', 'aasin', 'aaso'], 'Aces': ['acces', 'ace', 'acres', 'acts', 'ages']}",TP,FN
Hindi din daw napag-uusapan sa bahay ng aktor ang tungkol sa trabaho.,Hindi rin daw napag-uusapan sa bahay ng aktor ang tungkol sa trabaho.,Hindi rin daw napag-uusapan sa bahay ng aktor ang tungkol sa trabaho.,[],{},TP,TP
"Nabatid na nakaranas ng lagnat, ubo, sipon at kahirapan sa paghinga ang mga bilanggong nahawa at sa ngayon ay inilipat sa isolation facility ng institusyon.","Nabatid na nakaranas ng lagnat, ubo, sipon at kahirapan sa paghinga ang mga bilanggong nahawa at sa ngayon ay inilipat sa isolation facility ng institusyon.","Nabatid na nakaranas ng lagnat, ubo, sipon at kahirapan sa paghinga ang mga bilanggong nahawa at sa ngayon ay inilipat sa isolation facility ng institusyon.",[],{},TN,TN
Hindi magbibigay ng pahayag si Aguilar pero sinabi umano nito sa mga pulis na hindi siya ang nag-import ng carrots.,Hindi nagbigay ng pahayag si Aguilar pero sinabi umano nito sa mga pulis na hindi siya ang nag-import ng carrots.,Hindi magbibigay ng pahayag si agihap pero sinabi umano nito sa mga pulis na hindi siya ang nag-import ng carrots.,['Aguilar'],"{'Aguilar': ['agila', 'aalila', 'agihap', 'agilang', 'agimat']}",TP,FN
But looking you parang mas maayos ka single minsan di din masama ang piliin ang sarili kay sa pagmamahal na gusto natin galing sa ibang tao but then nasa sayo pa rin ang choice.,But looking you parang mas maayos ka single minsan di rin masama ang piliin ang sarili kay sa pagmamahal na gusto natin galing sa ibang tao but then nasa sayo pa rin ang choice.,But looking you parang mas maayos ka single minsan di rin masama ang piliin ang sarili kay sa pagmamahal na gusto natin galing sa ibang tao but then nasa sayo pa rin ang choice.,[],{},TP,TP
Sinabi ng mga barangay officials na ang mga biktima at mga suspek ay matagal nang magkaaway at may mga nakabimbin pang argumento kabilang ang religious case ng mga ito sa barangay.,Sinabi ng mga barangay officials na ang mga biktima at mga suspek ay matagal nang magkaaway at may mga nakabimbin pang argumento kabilang ang religious case ng mga ito sa barangay.,Sinabi ng mga barangay officials na ang mga biktima at mga suspek ay matagal nang magkaaway at may mga nakabimbin pang argumento kabilang ang religious case ng mga ito sa barangay.,[],{},TN,TN
Nilinaw kahapon ni MMDA Chairman Benhur Abalos na sakop lamang ng number co ding ang mga pribadong behikulo.,Nilinaw kahapon ni MMDA Chairman Benhur Abalos na sakop lamang ng number coding ang mga pribadong behikulo.,Nilinaw kahapon ni MMDA Chairman Benhur Abalos na sakop lamang ng number co ding ang mga pribadong behikulo.,[],{},FN,FN
Naninindigan ang kanyang kampo na panay bogus ang mga-reklamong ito.,Naninindigan ang kanyang kampo na panay bogus ang mga reklamong ito.,Naninindigan ang kanyang kampo na panay bogus ang mga-reklamong ito.,[],{},FN,FN
Hindi pa naman inilalabas ang pangalan ng iba pang biktima hanggang hindi sila positibong kinilala ng kanilang mga kamag-anak.,Hindi pa naman inilalabas ang pangalan ng iba pang biktima hanggang hindi sila positibong kinikilala ng kanilang mga kamag-anak.,Hindi pa naman inilalabas ang pangalan ng iba pang biktima hanggang hindi sila positibong kinilala ng kanilang mga kamag-anak.,[],{},FN,FN
Ang lalaking pasyente na nakatira sa Quezon City ay umalis umano ng bansa at lumipad sa Dubai para sa negosyo noong December 27.,Ang lalaking pasyente na nakatira sa Quezon City ay umalis umano ng bansa at lumipad sa Dubai para sa negosyo noong December 27.,Ang lalaking pasyente na nakatira sa Quezon City ay umalis umano ng bansa at lumipad sa bubas para sa negosyo noong decker ag.,"['Dubai', 'December', '27']","{'Dubai': ['dubli', 'bai', 'bubas', 'dabaw', 'diban'], 'December': ['deber', 'deceased', 'decker', 'dedeliber', 'deemed'], '27': ['ab', 'ad', 'ag', 'ah', 'ak']}",FP,FP
Hinikayat din naman niya ang mga pasahero na kaagad i-report sa kanilang tanggapan kung may nalalaman silang mga abusadong drivers na naniningil ng sobra-sobrang pasahero.,Hinikayat din naman niya ang mga pasahero na kaagad na i-report sa kanilang tanggapan kung may nalalaman silang mga abusadong drivers na naniningil ng sobra-sobrang pasahero.,Hinikayat din naman niya ang mga pasahero na kaagad i-report sa kanilang tanggapan kung may nalalaman silang mga abusadong drivers na naniningil ng sobra-sobrang pasahero.,[],{},FN,FN
"Ginawa naming September 1 dapat sa Friday na kasi wala kaming inaantay na magandang balita para sa mga health workers, ayon kay Robert Mendoza, pangulo ng AHW.","Ginawa naming September 1 dapat sa Friday na kasi wala kaming inaantay na magandang balita para sa mga health workers, ayon kay Robert Mendoza, pangulo ng AHW.","Ginawa naming seater d dapat sa rida na kasi wala kaming inaantay na magandang balita para sa mga health workers, ayon kay prober bendita, pangulo ng arw.","['September', '1', 'Friday', 'Robert', 'Mendoza', 'AHW']","{'September': ['member', 'premier', 'seater', 'seeker', 'semester'], '1': ['b', 'c', 'd', 'e', 'f'], 'Friday': ['arimay', 'fridge', 'rida', 'alibay', 'amiray'], 'Robert': ['covert', 'kober', 'prober', 'probers', 'robber'], 'Mendoza': ['pendola', 'benda', 'bendita', 'bentosa', 'endo'], 'AHW': ['aaw', 'ah', 'arw', 'aw', 'aag']}",FP,FP
Tatanggap rin ang St.,Tatanggap din ang St.,Tatanggap din ang St.,[],{},TP,TP
"Nabatid na bumuo ang working mom ng isang routine kung saan ang kanyang oras ay nakalaan sa trabaho, pagaaral at pamilya.","Nabatid na bumuo ang working mom ng isang routine kung saan ang kanyang oras ay nakalaan sa trabaho, pag-aaral at pamilya.","Nabatid na bumuo ang working mom ng isang routine kung saan ang kanyang oras ay nakalaan sa trabaho, ipangaaral at pamilya.",['pagaaral'],"{'pagaaral': ['palaaral', 'aaaral', 'ipangaaral', 'magpaaral', 'nagpaaral']}",TP,FN
Pero never naman raw niyang pasukin ang pulitika.,Pero never naman daw niyang pasukin ang pulitika.,Pero never naman daw niyang pasukin ang pulitika.,[],{},TP,TP
"Wika pa ng mambabatas, hindi ito makabubuti sa mental health ng mga empleyado at makakaapekto na din sa pakikiisa nila sa kanilang pamilya.","Wika pa ng mambabatas, hindi ito makabubuti sa mental health ng mga empleyado at makakaapekto na rin sa pakikiisa nila sa kanilang pamilya.","Wika pa ng mambabatas, hindi ito makabubuti sa mental health ng mga empleyado at makakaapekto na rin sa pakikiisa nila sa kanilang pamilya.",[],{},TP,TP
"Nabuksan ang paksang ito sa pakikipagdayalogo nina Lacson at running mate na si Senate President Tito Sotto sa mga residente ng Daet, Camarines Norte na kanilang binisita para mangampanya nitong Miyerkules.","Nabuksan ang paksang ito sa pakikipagdayalogo nina Lacson at running mate na si Senate President Tito Sotto sa mga residente ng Daet, Camarines Norte na kanilang binisita para mangampanya nitong Miyerkules.","Nabuksan ang paksang ito sa pakikipagdayalogo nina ason at running mate na si Senate President Tito boto sa mga residente ng diet, kamarin Norte na kanilang binisita para mangampanya nitong Miyerkules.","['Lacson', 'Sotto', 'Daet', 'Camarines']","{'Lacson': ['lason', 'arson', 'ason', 'kalson', 'labon'], 'Sotto': ['lotto', 'motto', 'boto', 'bottom', 'ditto'], 'Daet': ['dait', 'dapt', 'diet', 'duet', 'aat'], 'Camarines': ['marines', 'calories', 'kamarin', 'kamaring', 'magazines']}",FP,FP
"Hindi pa nagbigay ng pahayagLBG, GMA News.","Hindi pa siya nagbigay ng pahayagLBG, GMA News.","Hindi pa nagbigay ng pahayag, gia News.","['pahayagLBG', 'GMA']","{'pahayagLBG': ['pahayagang', 'pahalagang', 'pahayag', 'pahayagan', 'papayagang'], 'GMA': ['ama', 'ga', 'gia', 'goma', 'gra']}",TP,FN
Ito ang kinatatakutan nang pamilya ni Vhong sa Taguig City Jail dahil may mga natatanggap daw na mga message ang asawa ni Vhong na si Tanya.,Ito ang kinatatakutan ng pamilya ni Vhong sa Taguig City Jail dahil may mga natatanggap daw na mga message ang asawa ni Vhong na si Tanya.,Ito ang kinatatakutan ng pamilya ni Vhong sa Taguig City Jail dahil may mga natatanggap daw na mga message ang asawa ni Vhong na si Tanya.,[],{},TP,TP
Ang bibili nang maaga ay makakapanood din ng dalawang shows sa espesyal na presyong P999 o US$19.99.,Ang bibili nang maaga ay makakapanood din ng dalawang shows sa espesyal na presyong P999 o US$19.99.,Ang bibili nang maaga ay makakapagod din ng dalawang shows sa espesyal na presyong p3 o US$ag.ag.,"['makakapanood', 'P999', '19', '99']","{'makakapanood': ['makakapanuod', 'nakakapanood', 'makakapagod', 'makakatanod', 'makapanood'], 'P999': ['p', 'p25', 'p3', 'p57', 'p75'], '19': ['ab', 'ad', 'ag', 'ah', 'ak'], '99': ['ab', 'ad', 'ag', 'ah', 'ak']}",FP,FP
"Ayon kay Roque, basta may kasamang nakatatanda, ang bata ay puwede nang magpunta sa mga sumusunod na lugar.","Ayon kay Roque, basta may kasamang nakatatanda, ang bata ay puwede nang magpunta sa mga sumusunod na lugar.","Ayon kay Roque, basta may kasamang nakatatanda, ang bata ay puwede nang magpunta sa mga sumusunod na lugar.",[],{},TN,TN
Sabi ko sa kanya eh mas pipiliin kong lumigaya kaysa kumita ng pera.,Sabi ko sa kanya eh mas pipiliin kong lumigaya kaysa kumita ng pera.,Sabi ko sa kanya eh mas pipiliin kong lumigaya kaysa kumita ng pera.,[],{},TN,TN
Dati daw nitong naikuwento na may nagbabala sa kaniya na mag-ingat.,Dati raw nitong naikuwento na may nagbabala sa kaniya na mag-ingat.,Dati raw nitong naikuwento na may nagbabala sa kaniya na mag-ingat.,[],{},TP,TP
Iayos yong planting season na hindi tatama roon sa maraming bagyo.,Iayos yong planting season na hindi tatama roon sa maraming bagyo.,Iayos yong planting season na hindi tatama roon sa maraming bagyo.,[],{},TN,TN
Panay nga daw ang pasyal ng aktor at hanggang Feb.,Panay nga raw ang pasyal ng aktor at hanggang Feb.,Panay nga raw ang pasyal ng aktor at hanggang Feb.,[],{},TP,TP
Nagawa din niyang maitigil ang sasakyan sa gitna ng kalsada gamit ang handbrake.,Nagawa rin niyang maitigil ang sasakyan sa gitna ng kalsada gamit ang handbrake.,Nagawa rin niyang matitigil ang sasakyan sa gitna ng kalsada gamit ang antraks.,"['maitigil', 'handbrake']","{'maitigil': ['magtigil', 'matigil', 'matitigil', 'itigil', 'ititigil'], 'handbrake': ['handak', 'handmade', 'antraks', 'bandera', 'banderado']}",TP,FN
Last year lang raw ito nangyari nang nahuli siya ng yaya niya sa kanyang kuwarto.,Last year lang daw ito nangyari nang nahuli siya ng yaya niya sa kanyang kuwarto.,Last year lang daw ito nangyari nang nahuli siya ng yaya niya sa kanyang kuwarto.,[],{},TP,TP
Hindi daw ito ang unang pagkakataon na nag-abroad sila.,Hindi raw ito ang unang pagkakataon na nag-abroad sila.,Hindi raw ito ang unang pagkakataon na nag-abroad sila.,[],{},TP,TP
Nawala akong naramdaman.,Wala akong naramdaman.,Nawala akong naramdaman.,[],{},FN,FN
"Gagamutin din sa ospital ang driver ng pickup truckna si Benjamin Labay Malang, 53, at mga kasamang sina Nelson Adil, 26, at Norhaina Mamadra Datumanong; pawang naninirahan saBrgy.","Ginagamot din sa ospital ang driver ng pickup truckna si Benjamin Labay Malang, 53, at mga kasamang sina Nelson Adil, 26, at Norhaina Mamadra Datumanong; pawang naninirahan saBrgy.","Gagamutin din sa ospital ang driver ng pickup truckman si banasin Labay Malang, ad, at mga kasamang sina kalson aal, ag, at morpina maaadwa alumanang; pawang naninirahan sablay.","['truckna', 'Benjamin', '53', 'Nelson', 'Adil', '26', 'Norhaina', 'Mamadra', 'Datumanong', 'saBrgy']","{'truckna': ['truck', 'trucking', 'truckman', 'trucks', 'blackna'], 'Benjamin': ['balamin', 'banalin', 'banasin', 'banatin', 'bangalin'], '53': ['p3', 'ab', 'ad', 'ag', 'ah'], 'Nelson': ['celpon', 'felon', 'kalson', 'leson', 'lesson'], 'Adil': ['adik', 'amil', 'aal', 'aamil', 'abril'], '26': ['ab', 'ad', 'ag', 'ah', 'ak'], 'Norhaina': ['koralina', 'kortina', 'morpina', 'naghain', 'naghaing'], 'Mamadra': ['kamada', 'kamara', 'maaadwa', 'maaadya', 'maadwa'], 'Datumanong': ['diumanong', 'tumanong', 'alumanang', 'alumnong', 'antemanong'], 'saBrgy': ['brgy', 'sabay', 'sablay', 'sabog', 'saboy']}",TP,FN
"Ayon pa sa pulisya, sinabi ng mga suspek na inaangkat nila ang droga sa katimugan at ihahatid sa Maynila.","Ayon pa sa pulisya, sinabi ng mga suspek na inaangkat nila ang droga sa katimugan at ihahatid sa Maynila.","Ayon pa sa pulisya, sinabi ng mga suspek na inaangkat nila ang droga sa katimugan at ihahatid sa Maynila.",[],{},TN,TN
"Madalas siyang makakakita ngayon, may kasamang gays sa isang casino at tinuturuan daw ng mga kasama na magsugal.","Madalas siyang nakikita ngayon, may kasamang gays sa isang casino at tinuturuan daw ng mga kasama na magsugal.","mamalas siyang makakakita ngayon, may kasamang gas sa isang casino at tinuturuan daw ng mga kasama na magsugal.","['Maralas', 'gays']","{'Maralas': ['madalas', 'makalas', 'mamalas', 'marahas', 'maranas'], 'gays': ['days', 'gaps', 'gas', 'gay', 'gaya']}",TP,FN
Talagang magkakabit na ang showbiz at politics.,Talagang magkakabit na ang showbiz at politics.,Talagang magkakabit na ang showbiz at politics.,[],{},TN,TN
Kasi choosy pa nga daw ito sa bumibili ng kanyang vacation house sa Bataan.,Kasi choosy pa nga raw ito sa bumibili ng kanyang vacation house sa Bataan.,Kasi choosy pa nga raw ito sa bumibili ng kanyang vacation house sa Bataan.,[],{},TP,TP
Inamin naman ng aktres na natuwa siyang muling makasama si Mark at nagulat siya na gumaling na ring umarte ang aktor.,Inamin naman ng aktres na natuwa siyang muling makasama si Mark at nagulat siya na gumaling na ring umarte ang aktor.,Inamin naman ng aktres na natuwa siyang muling makasama si Mark at nagulat siya na gumaling na ring umarte ang aktor.,[],{},TN,TN
"Yung tatlo ko pong anak magugulo po, ma iingay, ganoon po.","Yung tatlo ko pong anak magugulo po, maiingay, ganoon po.","Yung tatlo ko pong anak magugulo po, ma iingay, ganoon po.",[],{},FN,FN
Hindi sukat akalain ng isang lalaking kawani sa planta ng isang malaking kompanya na ang pag-sideline niya bilang habal-habal driver ang maging dahilan ng kanyang kamatayan matapos pagbabarilin ng tatlong hindi pa kilalang suspek sa Cagayan de Oro City.,Hindi sukat akalain ng isang lalaking kawani sa planta ng isang malaking kompanya na ang pag-sideline niya bilang habal-habal driver ang maging dahilan ng kanyang kamatayan matapos pagbabarilin ng tatlong hindi pa kilalang suspek sa Cagayan de Oro City.,Hindi sukat akalain ng isang lalaking kawani sa planta ng isang malaking kompanya na ang pag-sideline niya bilang habal-habal driver ang maging dahilan ng kanyang kamatayan matapos pagbabarilin ng tatlong hindi pa kilalang suspek sa Cagayan de Oro City.,[],{},TN,TN
"Magsisimla na po ang pagbabakuna sa general population itong buwan ng Oktubre, banggit ng tagapagsalita ng presidente kanina.","Magsisimla na po ang pagbabakuna sa general population itong buwan ng Oktubre, banggit ng tagapagsalita ng presidente kanina.","magsisimula na po ang pagbabakuna sa general population itong buwan ng Oktubre, banggit ng tagapagsalita ng presidente kanina.",['Magsisimla'],"{'Magsisimla': ['magsisima', 'magsisimba', 'magsisimula', 'magsisiga', 'magsisiklab']}",FP,FP
"Oo, kaagad na sagot ni Gil nang tanungin kung totoo bang nililigawan niya si Lexi, na katabi niya sa programa.","Oo, kaagad na sagot ni Gil nang tanungin kung totoo bang nililigawan niya si Lexi, na katabi niya sa programa.","Oo, kaagad na sagot ni gia nang tanungin kung totoo bang nililigawan niya si ex, na katabi niya sa programa.","['Gil', 'Lexi']","{'Gil': ['bil', 'gal', 'gia', 'gig', 'gile'], 'Lexi': ['alex', 'deli', 'ex', 'exit', 'flex']}",FP,FP
"Tinignan tinignan namin kung ano 'yung mga nasira, 'yung mga tulay.","Tinignan namin kung ano 'yung mga nasira, 'yung mga tulay.","Tinignan tinignan namin kung ano 'yung mga nasira, 'yung mga tulay.",[],{},FN,FN
"Batay sa ulat, umakyat umano ang biktima, para magkumpuni, sa itaas ng water tank sa bahay ng kanyang amo na si Mark Camus, nang aksidente umanong mahawakan niya ang livewire ng kuryente na naging dahilan para ito ay mangisay at mahulog sa lupa.","Batay sa ulat, umakyat umano ang biktima, para magkumpuni, sa itaas ng water tank sa bahay ng kanyang amo na si Mark Camus, nang aksidente umanong mahawakan niya ang livewire ng kuryente na naging dahilan para ito ay mangisay at mahulog sa lupa.","Batay sa ulat, umakyat umano ang biktima, para magkumpuni, sa itaas ng water tank sa bahay ng kanyang amo na si Mark cams, nang aksidente umanong mahawakan niya ang lifeline ng kuryente na naging dahilan para ito ay mangisay at mahulog sa lupa.","['Camus', 'livewire']","{'Camus': ['camps', 'campus', 'cams', 'aamis', 'aamu'], 'livewire': ['likewise', 'liesure', 'lifeline', 'lifetime', 'liver']}",FP,FP
"So pa rang mas masaya ngayon,â pagbabahagi ni Joko.","So parang mas masaya ngayon,â pagbabahagi ni Joko.","So pa rang mas masaya ngayon,d pagbabahagi ni loko.","['â', 'Joko']","{'â': ['b', 'c', 'd', 'e', 'f'], 'Joko': ['joke', 'koko', 'loko', 'aako', 'ako']}",TP,FN
"Sa ulat, dakong alas-7ng gabi habang magkakasabay na tumatawid sa kalsada ang mga biktima nang bigla silang salpukin ng rumaragasang tractor head na minamaneho ni Sigua.","Sa ulat, dakong alas-7ng gabi habang magkakasabay na tumatawid sa kalsada ang mga biktima nang bigla silang salpukin ng rumaragasang tractor head na minamaneho ni Sigua.","Sa ulat, dakong alas-ing gabi habang magkakasabay na tumatawid sa kalsada ang mga biktima nang bigla silang salpukin ng rumaragasang tractor head na minamaneho ni sigsa.","['7ng', 'Sigua']","{'7ng': ['ang', 'eng', 'ing', 'mng', 'ng'], 'Sigua': ['siga', 'sigla', 'sigsa', 'sigun', 'sigwa']}",FP,FP
Napansin rin ng mga awtoridad na pabagu-bago ang mga pahayag nito.,Napansin din ng mga awtoridad na pabagu-bago ang mga pahayag nito.,Napansin din ng mga awtoridad na pabagu-bago ang mga pahayag nito.,[],{},TP,TP
"Ihihinto din ang indoor dining, ibig sabihin ay ang al fresco dining lamang ang papayagan, hinihimok ang iba na magpa-deliver at mag-take out na lamang.","Ihihinto rin ang indoor dining, ibig sabihin ay ang al fresco dining lamang ang papayagan, hinihimok ang iba na magpa-deliver at mag-take out na lamang.","Ihihinto rin ang indoor dining, ibig sabihin ay ang al fresco dining lamang ang papayagan, hinihimok ang iba na magpa-deliver at mag-take out na lamang.",[],{},TP,TP
"Naglagay rin ang ??OKBet??, ang nangungunang Pinoy gaming platform sa bansa, ng ispesyal na booth kung saan namahagi ng mga regalo at papremyo tulad ng mga t-shirts at lanyards para sa mga masuwerteng manonood gayundin ang meet-and-greet sa mga players players.","Naglagay rin ang ??OKBet??, ang nangungunang Pinoy gaming platform sa bansa, ng ispesyal na booth kung saan namahagi ng mga regalo at papremyo tulad ng mga t-shirts at lanyards para sa mga masuwerteng manonood gayundin ang meet-and-greet sa mga players.","Naglagay rin ang ??OKBet??, ang nangungunang Pinoy gaming platform sa bansa, ng ispesyal na booth kung saan namahagi ng mga regalo at papremyo tulad ng mga t-shirts at lanyards para sa mga masuwerteng manonood gayundin ang meet-and-greet sa mga players.","['OKBet', 'lanyards']","{'OKBet': ['bet', 'oben', 'oke', 'okey', 'okre'], 'lanyards': ['awards', 'bankcards', 'banyas', 'hazards', 'landas']}",TP,TP
"Siyempre, magbibigay ka ng advice kung hihingi ng advice sa yo, di ba?","Siyempre, magbibigay ka ng advice kung hihingi ng advice sa yo, di ba?","Siyempre, magbibigay ka ng advice kung hihingi ng advice sa yo, di ba?",[],{},TN,TN
Tapos nanalo siya sa kasunod na eleksiyon at tumatakbo sana para sa kanyang ikalawang full term.,Tapos nanalo siya sa kasunod na eleksiyon at tumatakbo sana para sa kanyang ikalawang full term.,Tapos nanalo siya sa kasunod na eleksiyon at tumatakbo sana para sa kanyang ikalawang full term.,[],{},TN,TN
"Sa lakas ng pagsabog, nabasag ang salamin ng mga bus at nag-iwan rin ng uka sa sahig.","Sa lakas ng pagsabog, nabasag ang salamin ng mga bus at nag-iwan din ng uka sa sahig.","Sa lakas ng pagsabog, nabasag ang salamin ng mga bus at nag-iwan din ng uka sa sahig.",[],{},TP,TP
Sinabi pa ng grupo na nais nilang matigil ang masamang gawain dahil may malaking problema na ayaw pagusapan ang malakihan at bultobultong paghuhukay ng lupa at buhangin upang ipadala sa China at mga kalapit pang bansa tulad ng Hong Kong.,Sinabi pa ng grupo na nais nilang matigil ang masamang gawain dahil may malaking problema na ayaw pag-usapan ang malakihan at bultobultong paghuhukay ng lupa at buhangin upang ipadala sa China at mga kalapit pang bansa tulad ng Hong Kong.,Sinabi pa ng grupo na nais nilang matigil ang masamang gawain dahil may malaking problema na ayaw paghusayan ang malakihan at bulutong paghuhukay ng lupa at buhangin upang iparada sa China at mga kalapit pang bansa tulad ng Hong Kong.,"['pagusapan', 'bultobultong', 'iparala']","{'pagusapan': ['napagusapan', 'pagdusahan', 'paghusayan', 'pagsapa', 'pagsapang'], 'bultobultong': ['bubulong', 'bulakbulerong', 'bulutong', 'bumobotong', 'bumubulong'], 'iparala': ['ipadala', 'ipanala', 'iparada', 'ipatala', 'ibabala']}",TP,FN
"Hindi siya buhay ng isang pelikula lang , aniya JL.","Hindi siya buhay ng isang pelikula lang, aniya JL.","Hindi siya buhay ng isang pelikula lang , aniya il.",['JL'],"{'JL': ['al', 'el', 'il', 'j', 'jr']}",TP,FN
"Dating kasal ang aktor kay Song Hye Ko pero nagdiborsiyo sila dalawang taon lang matapos ang kanilang pag-iisang dibdib noong 2019 FRJ, GMA Integrated News.","Dating kasal ang aktor kay Song Hye Ko pero nagdiborsiyo sila dalawang taon lang matapos ang kanilang pag-iisang dibdib noong 2019 FRJ, GMA Integrated News.","Dating kasal ang aktor kay Song he Ko pero nagdiborsiyo sila dalawang taon lang matapos ang kanilang pag-iisang dibdib noong aako ari, gia Integrated News.","['Hye', '2019', 'FRJ', 'GMA']","{'Hye': ['bye', 'eye', 'he', 'hype', 'ace'], '2019': ['aaba', 'aag', 'aako', 'aal', 'aala'], 'FRJ': ['ar', 'are', 'ari', 'arm', 'art'], 'GMA': ['ama', 'ga', 'gia', 'goma', 'gra']}",FP,FP
"Samantala, nanalo naman ng tig-P24,000.00.","Samantala, nanalo naman ng tig-P24,000.00.","Samantala, nanalo naman ng tig-p3,aam.ag.","['P24', '000', '00']","{'P24': ['p25', 'p', 'p3', 'p57', 'p75'], '000': ['aag', 'aal', 'aam', 'aat', 'aaw'], '00': ['ab', 'ad', 'ag', 'ah', 'ak']}",FP,FP
Nasa kalagitnaan na ng kalye ang motorsiklo na sakay ng biktima nang biglang sumulpot ang humaharurot na motorsiklo mula sa highway at sinalpok ang mga biktima.,Nasa kalagitnaan na ng kalye ang motorsiklo na sinasakyan ng biktima nang biglang sumulpot ang humaharurot na motorsiklo mula sa highway at sinalpok ang mga biktima.,Nasa kalagitnaan na ng kalye ang motorsiklo na sakay ng biktima nang biglang sumulpot ang humaharurot na motorsiklo mula sa highway at sinalpok ang mga biktima.,[],{},FN,FN
Sinabi ni Ope?ña sa mga imbestigador na napansin niya na ang Metrobank ATM machine na nakalagay sa loob ng supermarket na binabantayan ng mga guwardya ay natanggal sa orihinal nitong posisyon.,Sinabi ni Ope?ña sa mga imbestigador na napansin niya na ang Metrobank ATM machine na nakalagay sa loob ng supermarket na binabantayan ng mga guwardya ay natanggal sa orihinal nitong posisyon.,Sinabi ni Ope?ga sa mga imbestigador na napansin niya na ang aaprobang arm machine na nakalagay sa loob ng supermarket na binabantayan ng mga guwardya ay natanggal sa orihinal nitong posisyon.,"['ña', 'Metrobank', 'ATM']","{'ña': ['ba', 'da', 'ga', 'ia', 'ka'], 'Metrobank': ['matronang', 'metrong', 'aaprobang', 'aprobang', 'databank'], 'ATM': ['aam', 'am', 'arm', 'at', 'ata']}",FP,FP
May paniniwala daw na kapag nagwagayway ka ng walis tingting o itak ay lalayo ang buhawi.,May paniniwala raw na kapag nagwagayway ka ng walis tingting o itak ay lalayo ang buhawi.,May paniniwala raw na kapag nagwagayway ka ng walis tingting o itak ay lalayo ang buhawi.,[],{},TP,TP
"Pagtulak ko lumabas na lahat, dagdag ni Apple.","Pagtulak ko lumabas na lahat, dagdag ni Apple.","Pagtulak ko lumabas na lahat, dagdag ni Apple.",[],{},TN,TN
"Nang makakita ng isang ilog na may balsa na maaaring hatakin gamit ang lubid, tumigil ang dalawa at nakita ang isang dalaga na namimingwit para bigyan ng premyo.","Nang makakita ng isang ilog na may balsa na maaaring hatakin gamit ang lubid, tumigil ang dalawa at nakita ang isang dalaga na namimingwit para bigyan ng premyo.","Nang makakita ng isang ilog na may balsa na maaaring hatakin gamit ang lubid, tumigil ang dalawa at nakita ang isang dalaga na namimingwit para bigyan ng premyo.",[],{},TN,TN
Nagdagdag si Bobby Portis ng season-high 24 points bukod sa 15 rebounds para sa ikatlong sinundan na ratsada ng Milwaukee (9-8) na nasa No.,Nagdagdag si Bobby Portis ng season-high 24 points bukod sa 15 rebounds para sa ikatlong sunod na ratsada ng Milwaukee (9-8) na nasa No.,Nagdagdag si baboy pagtis ng season-high ag points bukod sa ag rebond para sa ikatlong sinundan na ratsada ng malwares (d-d) na nasa No.,"['Bobby', 'Portis', '24', '15', 'rebounds', 'Milwaukee', '9', '8']","{'Bobby': ['boboy', 'lobby', 'baboy', 'baby', 'boba'], 'Portis': ['ports', 'aortic', 'pagtis', 'pantis', 'paris'], '24': ['ab', 'ad', 'ag', 'ah', 'ak'], '15': ['ab', 'ad', 'ag', 'ah', 'ak'], 'rebounds': ['rebound', 'bounds', 'rebond', 'refunds', 'rounds'], 'Milwaukee': ['filmaker', 'malware', 'malwares', 'milyahe', 'mistake'], '9': ['b', 'c', 'd', 'e', 'f'], '8': ['b', 'c', 'd', 'e', 'f']}",TP,FN
"Pero last Monday, April 11, nag-tweet si Zeinab ng makahulugang mensahe na, ??Lord inaalay ko na sa inyo lahat.?","Pero last Monday, April 11, nag-tweet si Zeinab ng makahulugang mensahe na, ??Lord inaalay ko na sa inyo lahat.?","Pero last inday, April ag, nag-tweet si amina ng makahulugang mensahe na, ??Lord inaalay ko na sa inyo lahat.?","['Monday', '11', 'Zeinab']","{'Monday': ['banday', 'ginday', 'inday', 'kinday', 'kunday'], '11': ['ab', 'ad', 'ag', 'ah', 'ak'], 'Zeinab': ['binab', 'linab', 'amina', 'aninag', 'aninaw']}",FP,FP
Nagmungkahi na kami ng ng extension.,Nagmungkahi na kami ng extension.,Nagmungkahi na kami ng ng extension.,[],{},FN,FN
Patuloy naman raw minamanmanan ng regional directors ng DepEd ang sitwasyon sa mga eskwelahan sa buong Pilipinas sa ngayon.,Patuloy naman daw minamanmanan ng regional directors ng DepEd ang sitwasyon sa mga eskwelahan sa buong Pilipinas sa ngayon.,Patuloy naman daw minamanmanan ng regional directors ng DepEd ang sitwasyon sa mga eskwelahan sa buong Pilipinas sa ngayon.,[],{},TP,TP
"Sa kabila nito, iginigiit ni BBM na ""hindi muna ito kinokolekta sa kanila"" dahil hindi pa raw malinaw kung magkano ang sisingilin sa kanila.","Sa kabila nito, iginigiit ni BBM na ""hindi muna ito kinokolekta sa kanila"" dahil hindi pa raw malinaw kung magkano ang sisingilin sa kanila.","Sa kabila nito, iginigiit ni BBM na ""hindi muna ito kinokolekta sa kanila"" dahil hindi pa raw malinaw kung magkano ang sisingilin sa kanila.",[],{},TN,TN
"Batay bagong Pulse Asia survey, si Pacquiao ay pumang-apat sa nakuhang walong puntos habang panglima naman si Lacson na may dalawang porsiyento.","Batay sa bagong Pulse Asia survey, si Pacquiao ay pumang-apat sa nakuhang walong puntos habang panglima naman si Lacson na may dalawang porsiyento.","Batay sa bagong Pulse Asia survey, si Pacquiao ay pumang-apat sa nakuhang walong puntos habang panglima naman si Lacson na may dalawang porsiyento.",[],{},TP,TP
"Ayon sa dating ""Unang Hirit"" host na si Rhea Santos, na nagtatrabaho na rin sa abroad.","Ayon sa dating ""Unang Hirit"" host na si Rhea Santos, na nagtatrabaho na rin sa abroad.","Ayon sa dating ""Unang Hirit"" host na si area tantos, na nagtatrabaho na rin sa abroad.","['Rhea', 'Santos']","{'Rhea': ['rea', 'ahead', 'area', 'cha', 'che'], 'Santos': ['santo', 'santol', 'tantos', 'aantok', 'aantot']}",FP,FP
"La hat ng opinyong ibinigay mo, âyun talaga siya.","Lahat ng opinyong ibinigay mo, âyun talaga siya.","La hat ng opinyong ibinigay mo, dyun talaga siya.",['â'],"{'â': ['b', 'c', 'd', 'e', 'f']}",TP,FN
"Kz, naging pangrelax ang online gaming.","Kz, naging pang-relax ang online gaming.","kg, naging kangrena ang online gaming.","['Kz', 'pangrelax']","{'Kz': ['k', 'ka', 'kg', 'kh', 'km'], 'pangrelax': ['pagrelax', 'magrelax', 'kangrena', 'pagrelis', 'pangalan']}",TP,FN
"Sabi ng kaibigan kong civil engineer, i-design lang raw na hindi popondohan ng tubig ang concrete na bubong, dugtong pa ni Pangilinan.","Sabi ng kaibigan kong civil engineer, i-design lang daw na hindi popondohan ng tubig ang concrete na bubong, dugtong pa ni Pangilinan.","Sabi ng kaibigan kong civil engineer, i-design lang daw na hindi popondohan ng tubig ang concrete na bubong, dugtong pa ni Pangilinan.",[],{},TP,TP
"Cotabato CITY, Philippines —Tatlong tricycle drivers ang nasawi nang pagbabarilin ng dalawang lalaki na sakay ng motorsiklo sa Brgy.","Cotabato CITY, Philippines —Tatlong tricycle drivers ang nasawi nang pagbabarilin ng dalawang lalaki na sakay ng motorsiklo sa Brgy.","Cotabato CITY, Philippines —Tatlong tricycle drivers ang nasawi nang pagbabarilin ng dalawang lalaki na sakay ng motorsiklo sa Brgy.",[],{},TN,TN
"Nobody forced me into this, aniya pa na in all fairness ay ??natameme?? naman ang ibang bashers kahapon nang lumabas na sa social media dahil ang gandang lumabas ng pictorial kahit hindi the usual na perfect body ang model.","Nobody forced me into this, aniya pa na in all fairness ay ??natameme?? naman ang ibang bashers kahapon nang lumabas na sa social media dahil ang gandang lumabas ng pictorial kahit hindi the usual na perfect body ang model.","body forced me into this, aniya pa na in all fairness ay ??nameke?? naman ang ibang bankers kahapon nang lumabas na sa social media dahil ang gandang lumabas ng dictatorial kahit hindi the usual na perfect body ang model.","['Nobody', 'natameme', 'bashers', 'pictorial']","{'Nobody': ['anybody', 'boboy', 'body', 'koboy', 'nood'], 'natameme': ['academe', 'katamine', 'nameke', 'namemeke', 'natamaan'], 'bashers': ['backers', 'ballers', 'bankers', 'banners', 'barkers'], 'pictorial': ['sectorial', 'bacterial', 'dictatorial', 'directorial', 'editorial']}",FP,FP
"Patay ang dalawang babae habang malubha namang nasugatan ang dalawa nilang kasamahan, ng salpukin ng isang truck ang kanilang sinasakyang kotse sa Brgy.","Patay ang dalawang babae habang malubha namang nasugatan ang dalawa nilang kasamahan, nang salpukin ng isang truck ang kanilang sinasakyang kotse sa Brgy.","Patay ang dalawang babae habang malubha namang nasugatan ang dalawa nilang kasamahan, ng salpukin ng isang truck ang kanilang sinasakyang kotse sa Brgy.",[],{},FN,FN
Sinabi din ng duktor na dapat tiyakin na malinis ang tinutulugan para maiwasan ang mga katulad na insidente.,Sinabi rin ng duktor na dapat tiyakin na malinis ang tinutulugan para maiwasan ang mga katulad na insidente.,Sinabi rin ng duktor na dapat tiyakin na malinis ang tinutulugan para maiwasan ang mga katulad na insidente.,[],{},TP,TP
"Ayon sa dalawa, pareho silang kain ng sinigang.","Ayon sa dalawa, pareho silang kumakain ng sinigang.","Ayon sa dalawa, pareho silang kain ng sinigang.",[],{},FN,FN
Totoo ang sinabi ni KC na kadalasan ay sa pagpapalaki ng ina humuhugot ng respeto at pagmamahal sa nakahiwalay-na ama ang isang anak.,Totoo ang sinabi ni KC na kadalasan ay sa pagpapalaki ng ina humuhugot ng respeto at pagmamahal sa nakahiwalay na ama ang isang anak.,Totoo ang sinabi ni k na karahasan ay sa pagpapalaki ng ina humuhugot ng respeto at pagmamahal sa nakahiwalay-na ama ang isang anak.,"['KC', 'karalasan']","{'KC': ['c', 'cc', 'k', 'ka', 'kg'], 'karalasan': ['kadalasan', 'kamalasan', 'karahasan', 'karanasan', 'katalasan']}",TP,FN
Malaki ang pasasalamat ng binata dahil tuluy-tuloy ang mga mga trabahong kanyang natatanggap.,Malaki ang pasasalamat ng binata dahil tuluy-tuloy ang mga trabahong kanyang natatanggap.,Malaki ang pasasalamat ng binata dahil tuluy-tuloy ang mga mga trabahong kanyang natatanggap.,[],{},FN,FN
Pero kinakailangan po may ligal na basehan.,Pero kinakailangan po may ligal na basehan.,Pero kinakailangan po may ligal na basehan.,[],{},TN,TN
"Ginawa naming September 1 dapat sa Friday na kasi wala kaming inaantay na magandang balita para sa mga health workers, ayon kay Robert Mendoza, pangulo ng AHW.","Ginawa naming September 1 dapat sa Friday na kasi wala kaming inaantay na magandang balita para sa mga health workers, ayon kay Robert Mendoza, pangulo ng AHW.","Ginawa naming seater d dapat sa rida na kasi wala kaming inaantay na magandang balita para sa mga health workers, ayon kay prober bendita, pangulo ng arw.","['September', '1', 'Friday', 'Robert', 'Mendoza', 'AHW']","{'September': ['member', 'premier', 'seater', 'seeker', 'semester'], '1': ['b', 'c', 'd', 'e', 'f'], 'Friday': ['arimay', 'fridge', 'rida', 'alibay', 'amiray'], 'Robert': ['covert', 'kober', 'prober', 'probers', 'robber'], 'Mendoza': ['pendola', 'benda', 'bendita', 'bentosa', 'endo'], 'AHW': ['aaw', 'ah', 'arw', 'aw', 'aag']}",FP,FP
Dahil tumaas aniya ang presyo ng daw materials sa international market at maging ang logistics at distribution costs kaya may mga papayagan na magtaas magtaas ng presyo.,Dahil tumaas aniya ang presyo ng daw materials sa international market at maging ang logistics at distribution costs kaya may mga papayagan na magtaas ng presyo.,Dahil tumaas aniya ang presyo ng daw materials sa international market at maging ang logistics at distribution costs kaya may mga papayagan na magtaas magtaas ng presyo.,[],{},FN,FN
"Nang paalis umano ng biktima ang suspek, doon na ito nanaksak at unang inatake ang security aide.","Nang paalis umano ng biktima ang suspek, doon na ito nanaksak at unang inatake ang security aide.","Nang paalis umano ng biktima ang suspek, doon na ito nanaksak at unang inatake ang security aide.",[],{},TN,TN
"North COTABATO - Dead-on-the-spot ang isang dalagita matapos salpukin ang sumakay nitong motorsiklo ng isang pickup habang binabagtas ang national highway sa Barangay Pulanglupa, Mlang ng lalawigang ito, kamakalawa ng hapon.","North COTABATO - Dead-on-the-spot ang isang dalagita matapos salpukin ang sinasakyan nitong motorsiklo ng isang pickup habang binabagtas ang national highway sa Barangay Pulanglupa, Mlang ng lalawigang ito, kamakalawa ng hapon.","North COTABATO - Dead-on-the-spot ang isang dalagita matapos salpukin ang sumakay nitong motorsiklo ng isang pickup habang binabagtas ang national highway sa Barangay bulanglang, lang ng lalawigang ito, kamakalawa ng hapon.","['Pulanglupa', 'Mlang']","{'Pulanglupa': ['panglupa', 'panlupa', 'bulanglang', 'mulangkap', 'paghupa'], 'Mlang': ['alang', 'ilang', 'lang', 'maang', 'malang']}",TP,FN
"Katatapos lang daw ng libing ng lola nito, at baka next week ay babalik na daw ng bansa ang beauty queen/actress.","Katatapos lang daw ng libing ng lola nito, at baka next week ay babalik na raw ng bansa ang beauty queen/actress.","Katatapos lang daw ng libing ng lola nito, at baka next week ay babalik na raw ng bansa ang beauty queen/actress.",[],{},TP,TP
Matatandaang hindi nabigyan ng panibagong-prangkisa ng Kongreso ang Kapamilya network noong isang taon.,Matatandaang hindi nabigyan ng panibagong prangkisa ng Kongreso ang Kapamilya network noong isang taon.,Matatandaang hindi nabigyan ng panibagong-prangkisa ng Kongreso ang Kapamilya network noong isang taon.,[],{},FN,FN
Sinabi ni Cabinet Secretary Karlo Alexei Nograles na nangako ang Pangulo na maglalaan ng P2 bilyon pondo sa mga gobernador na kinausap niya kamakalawa.,Sinabi ni Cabinet Secretary Karlo Alexei Nograles na nangako ang Pangulo na maglalaan ng P2 bilyon pondo sa mga gobernador na kinausap niya kamakalawa.,Sinabi ni Cabinet Secretary Karlo alegro corals na nangako ang Pangulo na maglalaan ng p3 bilyon pondo sa mga gobernador na kinausap niya kamakalawa.,"['Alexei', 'Nograles', 'P2']","{'Alexei': ['alex', 'ale', 'alegro', 'aleng', 'alerdyi'], 'Nograles': ['korales', 'comrades', 'corals', 'degrades', 'goggles'], 'P2': ['p', 'p25', 'p3', 'pa', 'pg']}",FP,FP
Hindi nakapalag ang tatlong suspek ng sumulpot ang mga pulis at posasan sila makaraang pagbentahan ang kanilang poseur buyer.,Hindi nakapalag ang tatlong suspek nang sumulpot ang mga pulis at posasan sila makaraang pagbentahan ang kanilang poseur buyer.,Hindi nakapalag ang tatlong suspek ng sumulpot ang mga pulis at posasan sila makaraang pagbentahan ang kanilang poseur buyer.,[],{},FN,FN
Inilahad rin ng Presidente ang matinding epekto ng iligal na droga sa mga Pilipino pati na kung paano wasakin ng droga ang isang pamilya.,Inilahad din ng Presidente ang matinding epekto ng iligal na droga sa mga Pilipino pati na kung paano wasakin ng droga ang isang pamilya.,Inilahad din ng Presidente ang matinding epekto ng iligal na droga sa mga Pilipino pati na kung paano wasakin ng droga ang isang pamilya.,[],{},TP,TP
"Base sa pagtaya ng mga mga industry sources, bababa ang diesel sa pagitan ng P2.10.","Base sa pagtaya ng mga industry sources, bababa ang diesel sa pagitan ng P2.10.","Base sa pagtaya ng mga mga industry sources, bababa ang diesel sa pagitan ng p3.ag.","['P2', '10']","{'P2': ['p', 'p25', 'p3', 'pa', 'pg'], '10': ['ab', 'ad', 'ag', 'ah', 'ak']}",TP,FN
"Una rito, inireklamo ng Pilipinas ang ginagawang panggigipit ng Chinese vessels sa mga sasakyang pandagat ng Pilipinas na nagsasagawa ng maritime patrol sa karagatang sakop ng Pilipinas.","Una rito, inireklamo ng Pilipinas ang ginagawang panggigipit ng Chinese vessels sa mga sasakyang pandagat ng Pilipinas na nagsasagawa ng maritime patrol sa karagatang sakop ng Pilipinas.","Una rito, inireklamo ng Pilipinas ang ginagawang panggigipit ng Chinese vessels sa mga sasakyang pandagat ng Pilipinas na nagsasagawa ng maritime patrol sa karagatang sakop ng Pilipinas.",[],{},TN,TN
May nakabinbing petisyon sa Commission on Elections (Comelec) para pagaralan at magpasya kung kaninong paksiyon ang kikilalanin ng Comelec.,May nakabinbing petisyon sa Commission on Elections (Comelec) para pag-aralan at magpasya kung kaninong paksiyon ang kikilalanin ng Comelec.,May nakabinbing petisyon sa Commission on Elections (Comelec) para pag-aralan at magpasya kung kaninong paksiyon ang kikilalanin ng Comelec.,[],{},TP,TP
Isinugod ng mga kapatid si Jaymark sa Gat Andres Bonifacio Memorial Medical Center ngunit idineklara siyang wala nang buhay nang dumating sa ospital.,Isinugod ng mga kapatid si Jaymark sa Gat Andres Bonifacio Memorial Medical Center ngunit idineklara siyang wala nang buhay nang dumating sa ospital.,Isinugod ng mga kapatid si amak sa bat Andres bonita Memorial Medical Center ngunit ideneklara siyang wala nang buhay nang dumating sa ospital.,"['Jaymark', 'Gat', 'Bonifacio', 'irineklara']","{'Jaymark': ['earmark', 'aamak', 'amak', 'damak', 'daycare'], 'Gat': ['aat', 'at', 'bat', 'cat', 'eat'], 'Bonifacio': ['benefactor', 'biniyatiko', 'bonita', 'bonitang', 'bonito'], 'irineklara': ['idineklara', 'dineklara', 'ideneklara', 'idideklara', 'idinekara']}",FP,FP
"Una nang humingi ng tawad ang akusado patungkol sa paggulong pa sa biktima kahit nabangga na, habang ipinaliliwanag na natakot at nag-""panic"" lang siya matapos ang insidente kaya humarurot paalis.","Una nang humingi ng tawad ang akusado patungkol sa paggulong pa sa biktima kahit nabangga na, habang ipinaliliwanag na natakot at nag-""panic"" lang siya matapos ang insidente kaya humarurot paalis.","Una nang humingi ng tawad ang akusado patungkol sa paggulong pa sa biktima kahit nabangga na, habang ipinaliliwanag na natakot at nag-""panic"" lang siya matapos ang insidente kaya humarurot paalis.",[],{},TN,TN
"Baka nga daw siya na ang recruiter ng talents na papayag gumawa ng sex videos, gaya ng ginawa niya noon.","Baka nga raw siya na ang recruiter ng talents na papayag gumawa ng sex videos, gaya ng ginawa niya noon.","Baka nga raw siya na ang recruiter ng talents na papayag gumawa ng sex videos, gaya ng ginawa niya noon.",[],{},TP,TP
"May ipinayo din si Mayor Isko, na naging artista rin at bahagi ng Thats Entertainment, sa kaniyang anak.","May ipinayo rin si Mayor Isko, na naging artista rin at bahagi ng Thats Entertainment, sa kaniyang anak.","May ipinayo rin si Mayor Isko, na naging artista rin at bahagi ng Thats Entertainment, sa kaniyang anak.",[],{},TP,TP
Nabatid kay Gobway na isisilbi ng Philippine Drug Enforcement Agency (PDEA) ang arrest warrant laban kay Sarri nang magpaputok ang mga tauhan nito at tinamaan ang dalawang sundalo.,Nabatid kay Gobway na isisilbi ng Philippine Drug Enforcement Agency (PDEA) ang arrest warrant laban kay Sarri nang magpaputok ang mga tauhan nito at tinamaan ang dalawang sundalo.,Nabatid kay gibay na isisilbi ng Philippine Drug Enforcement Agency (ada) ang arrest warrant laban kay aari nang magpaputok ang mga tauhan nito at tinamaan ang dalawang sundalo.,"['Gobway', 'PDEA', 'Sarri']","{'Gobway': ['gabay', 'gaway', 'gibay', 'norway', 'subway'], 'PDEA': ['idea', 'plea', 'ada', 'adya', 'apnea'], 'Sarri': ['sari', 'aaari', 'aari', 'agri', 'aparri']}",FP,FP
"Malaki ang tiwala ko na mai-execute niya nang maayos ang mga sensitibong eksena namin,” paliwanag niya.","Malaki ang tiwala ko na mai-execute niya nang maayos ang mga sensitibong eksena namin,” paliwanag niya.","Malaki ang tiwala ko na mai-execute niya nang maayos ang mga sensitibong eksena namin,” paliwanag niya.",[],{},TN,TN
Reyes kung-bakit hindi pa nasasampahan ng reklamo ang mga kasama sa party na nag-okupa ng Room 2207 sa nasabing hotel.,Reyes kung bakit hindi pa nasasampahan ng reklamo ang mga kasama sa party na nag-okupa ng Room 2207 sa nasabing hotel.,ayes kung-bakit hindi pa nasasampahan ng reklamo ang mga kasama sa party na nag-okupa ng Room aaba sa nasabing hotel.,"['Reyes', '2207']","{'Reyes': ['eyes', 'aretes', 'ayes', 'beses', 'diyes'], '2207': ['p25', 'p57', 'aaba', 'aag', 'aako']}",TP,FN
"Mahigit P1,000 ang kaniyang tinangay, ayon sa pulisya.","Mahigit P1,000 ang kaniyang tinangay, ayon sa pulisya.","Mahigit pa,aam ang kaniyang tinangay, ayon sa pulisya.","['P1', '000']","{'P1': ['p', 'p3', 'pa', 'pg', 'ph'], '000': ['aag', 'aal', 'aam', 'aat', 'aaw']}",FP,FP
"Marami kaming nakitang ganyan, makikita mo ang pictures noong bata pa, dugyot ang dating.","Marami kaming nakitang ganyan, makikita mo ang pictures noong bata pa, dugyot ang dating.","Marami kaming nakitang ganyan, makikita mo ang pictures noong bata pa, dugyot ang dating.",[],{},TN,TN
Una nang sinabi ng World Health Organization (WHO) na dapat munang iwasan ang pagkonsumo ngayon ng alcohol dahil na rin sa pagpapahina nito sa resistensya ng katawan sa gitna ng COVID-19 pandemic.,Una nang sinabi ng World Health Organization (WHO) na dapat munang iwasan ang pagkonsumo ngayon ng alcohol dahil na rin sa pagpapahina nito sa resistensya ng katawan sa gitna ng COVID-19 pandemic.,Una nang sinabi ng World Health Organization (WHO) na dapat munang iwasan ang pagkonsumo ngayon ng alcohol dahil na rin sa pagpapahina nito sa resistensya ng katawan sa gitna ng COVID-ag pandemic.,['19'],"{'19': ['ab', 'ad', 'ag', 'ah', 'ak']}",FP,FP
"In fairness, favorable ang mga komentong nakarating sa amin tungkol sa Pasadena show ng dalawa.","In fairness, favorable ang mga komentong nakarating sa amin tungkol sa Pasadena show ng dalawa.","In fairness, favorable ang mga komentong nakarating sa amin tungkol sa pasadong show ng dalawa.",['Pasadena'],"{'Pasadena': ['pasada', 'pasadang', 'pasadong', 'pasadya', 'pasagana']}",FP,FP
"Ayon kay P/Staff Sergeant Billy Olalo, may hawak nang kaso, ang âdi kilalang lalaki na may katamtamang pangangatawan at may taas na 5â4- 56 ay nadiskubre sa loob ng isang duffle bag sa loob ng comfort room ng isang apartment sa Avant Garden Subdivision sa Barangay San Roque ng nasabing lungsod nitong Linggo ng gabi.","Ayon kay P/Staff Sergeant Billy Olalo, may hawak ng kaso, ang âdi kilalang lalaki na may katamtamang pangangatawan at may taas na 5â4- 56 ay nadiskubre sa loob ng isang duffle bag sa loob ng comfort room ng isang apartment sa Avant Garden Subdivision sa Barangay San Roque ng nasabing lungsod nitong Linggo ng gabi.","Ayon kay P/Staff Sergeant bills opalo, may hawak nang kaso, ang ddi kilalang lalaki na may katamtamang pangangatawan at may taas na agd- ag ay nadeskubre sa loob ng isang muffler bag sa loob ng comfort room ng isang apartment sa aanit Garden Subdivision sa Barangay San Roque ng nasabing lungsod nitong Linggo ng gabi.","['Billy', 'Olalo', 'â', '5â', '4', '56', 'nariskubre', 'duffle', 'Avant']","{'Billy': ['belly', 'bill', 'bills', 'biloy', 'bily'], 'Olalo': ['lalo', 'obalo', 'opalo', 'ulalo', 'aalo'], 'â': ['b', 'c', 'd', 'e', 'f'], '5â': ['ab', 'ad', 'ag', 'ah', 'ak'], '4': ['b', 'c', 'd', 'e', 'f'], '56': ['ab', 'ad', 'ag', 'ah', 'ak'], 'nariskubre': ['nadiskubre', 'madiskubre', 'nadeskubre', 'nadikubre', 'nadiskubri'], 'duffle': ['duble', 'dumale', 'muffler', 'raffle', 'bubble'], 'Avant': ['aang', 'aani', 'aanit', 'aano', 'aanta']}",TP,FN
"May mga ilang artista rin na nagpa-manage sa kanila noon, pero hindi pa kasi uso iyan, kaya wala ring nangyari.","May mga ilang artista rin na nagpa-manage sa kanila noon, pero hindi pa kasi uso iyan, kaya wala ring nangyari.","May mga ilang artista rin na nagpa-manage sa kanila noon, pero hindi pa kasi uso iyan, kaya wala ring nangyari.",[],{},TN,TN
Kamakailan ay mainit na pinag-usapan ang pambubugbog ni Coco kay McCoy sa isang eksena sa serye.,Kamakailan ay mainit na pinag-usapan ang pambubugbog ni Coco kay McCoy sa isang eksena sa serye.,Kamakailan ay mainit na pinag-usapan ang pambubugbog ni Coco kay aagoy sa isang eksena sa serye.,['McCoy'],"{'McCoy': ['macos', 'aaboy', 'aagoy', 'aamoy', 'aapoy']}",FP,FP
"Ayon pa sa alkalde, ang hakbang ay hindi lamang makatitiyak ng balanced diet sa mga bata kundi malaking katipiran rin ito sa bahagi ng mga mag-aaral dahil mas mahal ang bumili ng lutong pagkain sa labas.","Ayon pa sa alkalde, ang hakbang ay hindi lamang makatitiyak ng balanced diet sa mga bata kundi malaking katipiran din ito sa bahagi ng mga mag-aaral dahil mas mahal ang bumili ng lutong pagkain sa labas.","Ayon pa sa alkalde, ang hakbang ay hindi lamang makatitiyak ng balanced diet sa mga bata kundi malaking katipiran din ito sa bahagi ng mga mag-aaral dahil mas mahal ang bumili ng lutong pagkain sa labas.",[],{},TP,TP
"Tumanggap ng tig-P250,000 cash ang 15 awardees mula sa Villar SIPAG.","Tumanggap ng tig-P250,000 cash ang 15 awardees mula sa Villar SIPAG.","Tumanggap ng tig-p75,aam cash ang ag awardees mula sa villas SIPAG.","['P250', '000', '15', 'Villar']","{'P250': ['p25', 'p57', 'p75', 'p', 'p3'], '000': ['aag', 'aal', 'aam', 'aat', 'aaw'], '15': ['ab', 'ad', 'ag', 'ah', 'ak'], 'Villar': ['pillar', 'villa', 'villas', 'bilyar', 'collar']}",FP,FP
"Jean Fajardo, nagsimula nang mag-ikot ang mga pulis sa pakikipag-ugnayan sa local COMELEC officers upang suyurin ang mga lugar na napaulat na may ilegal na nakapaskil na campaign posters.","Jean Fajardo, nagsimula nang mag-ikot ang mga pulis sa pakikipag-ugnayan sa local COMELEC officers upang suyurin ang mga lugar na napaulat na may ilegal na nakapaskil na campaign posters.","jeans aasado, nagsimula nang mag-ikot ang mga pulis sa pakikipag-ugnayan sa local COMELEC officers upang suyurin ang mga lugar na napaulat na may ilegal na nakapaskil na campaign posters.","['Jean', 'Fajardo']","{'Jean': ['dean', 'ean', 'jeans', 'lean', 'aban'], 'Fajardo': ['aararo', 'aarko', 'aasado', 'aaward', 'araro']}",FP,FP
Naramdaman raw nila nang oras na iyon na nagbunga ang pagod nila sa pag-asikaso sa pasyente.,Naramdaman daw nila nang oras na iyon na nagbunga ang pagod nila sa pag-asikaso sa pasyente.,Naramdaman daw nila nang oras na iyon na nagbunga ang pagod nila sa pag-asikaso sa pasyente.,[],{},TP,TP
"Maliban sa apat na ginto, humirit rin ang Pinoy kickboxing team ng isang pilak at anim na tanso.","Maliban sa apat na ginto, humirit din ang Pinoy kickboxing team ng isang pilak at anim na tanso.","Maliban sa apat na ginto, humirit din ang Pinoy kickboxing team ng isang pilak at anim na tanso.",[],{},TP,TP
Wala umanong ??exposure?? ang magkasintahan sa isang COVID-19 positive bago umalis ng bansa.,Wala umanong ??exposure?? ang magkasintahan sa isang COVID-19 positive bago umalis ng bansa.,Wala umanong ??exposure?? ang magkasintahan sa isang COVID-ag positive bago umalis ng bansa.,['19'],"{'19': ['ab', 'ad', 'ag', 'ah', 'ak']}",FP,FP
"Alalahanin lamang natin na kailangan natin na patuloy na lumaban sa mga pagsubok, manalig at humingi ng awa sa Panginoon.","Alalahanin lamang natin na kailangan natin na patuloy na lumaban sa mga pagsubok, manalig at humingi ng awa sa Panginoon.","Alalahanin lamang natin na kailangan natin na patuloy na lumaban sa mga pagsubok, manalig at humingi ng awa sa Panginoon.",[],{},TN,TN
Ayon sa aktres ay talagang nakaramdam siya ng pressure na tapusin ang pag-aaral dahil sa nag-iisang anak.,Ayon sa aktres ay talagang nakaramdam siya ng pressure na tapusin ang pag-aaral dahil sa nag-iisang anak.,Ayon sa aktres ay talagang nakaramdam siya ng pressure na tapusin ang pag-aaral dahil sa nag-iisang anak.,[],{},TN,TN
"Ayon kay Tiangco, nakababahala ito dahil naroon ang posibilidad na dumami pa ang kaso ng mahawaan dahil na din sa pagiging iresponsable ng iilang indibiduwal.","Ayon kay Tiangco, nakababahala ito dahil naroon ang posibilidad na dumami pa ang kaso ng mahawaan dahil na rin sa pagiging iresponsable ng iilang indibiduwal.","Ayon kay Tiangco, nakababahala ito dahil naroon ang posibilidad na dumami pa ang kaso ng mahawaan dahil na rin sa pagiging iresponsable ng iilang indibiduwal.",[],{},TP,TP
Dati na daw siyang nakaligtas sa isang aksidente sa kotse habang ginagawa ang kanyang career-defining movie.,Dati na raw siyang nakaligtas sa isang aksidente sa kotse habang ginagawa ang kanyang career-defining movie.,Dati na raw siyang nakaligtas sa isang aksidente sa kotse habang ginagawa ang kanyang career-defining movie.,[],{},TP,TP
Matagal tagal nang hindi nakagagawa ng proyekto ang aktres.,Matagal-tagal nang hindi nakagagawa ng proyekto ang aktres.,Matagal tagal nang hindi nakagagawa ng proyekto ang aktres.,[],{},FN,FN
At pagkaraan ay isinugod rin ito agad sa pinakamalapit na ospital.,At pagkaraan ay isinugod din ito agad sa pinakamalapit na ospital.,At pagkaraan ay isinugod din ito agad sa pinakamalapit na ospital.,[],{},TP,TP
"Batay aniya, sa kuha ng CCTV, galing sa Room 2207 na buhat-buhat ng mga inilalaki ang biktima at ipinapasok sa Room 2209.","Batay aniya, sa kuha ng CCTV, galing sa Room 2207 na buhat-buhat ng mga lalaki ang biktima at ipinapasok sa Room 2209.","Batay aniya, sa kuha ng CCTV, galing sa Room aaba na buhat-buhat ng mga inilalaki ang biktima at ipinapasok sa Room aag.","['2207', '2209']","{'2207': ['p25', 'p57', 'aaba', 'aag', 'aako'], '2209': ['p25', 'aaba', 'aag', 'aako', 'aal']}",TP,FN
"Magkaiba din ang role na gagampanan niya sa dalawang malaking proyekto, kaya naman challenge ito para sa kanya bilang actor kahit nga isa na siyang award winning na artista.","Magkaiba rin ang role na gagampanan niya sa dalawang malaking proyekto, kaya naman challenge ito para sa kanya bilang actor kahit nga isa na siyang award winning na artista.","Magkaiba rin ang role na gagampanan niya sa dalawang malaking proyekto, kaya naman challenge ito para sa kanya bilang actor kahit nga isa na siyang award winning na artista.",[],{},TP,TP
"Sa kabila nito, hindi pa raw tiyak kung may epekto ito sa pagkalat ng mas nakahahawang Delta variant,.","Sa kabila nito, hindi pa raw tiyak kung may epekto ito sa pagkalat ng mas nakahahawang Delta variant,.","Sa kabila nito, hindi pa raw tiyak kung may epekto ito sa pagkalat ng mas nakahahawang Delta variant,.",[],{},TN,TN
Nagulat raw noon si Erich pero mabilis naka-recover at dinedma ang bulong ni Angelica.,Nagulat daw noon si Erich pero mabilis naka-recover at dinedma ang bulong ni Angelica.,Nagulat daw noon si brick pero mabilis naka-recover at dilema ang bulong ni anemika.,"['Erich', 'dinedma', 'Angelica']","{'Erich': ['rich', 'arch', 'brick', 'each', 'epic'], 'dinedma': ['cinema', 'dedma', 'dilema', 'dilemma', 'dinadama'], 'Angelica': ['analisa', 'anemia', 'anemika', 'anghina', 'angina']}",TP,FN
"Siguro ang tinitignan lang natin unahin yung mga government hospital, ngayon naman kasi may initial survey na each of the government hospitals especially yung mga referral hospital natin in NCR and regional hospitals kung may lalabis doon sa mga nagpahayag na na ayaw magpabakuna at gustong magpabakuna then we can share naman, ani Tan.","Siguro ang tinitignan lang natin unahin yung mga government hospital, ngayon naman kasi may initial survey na each of the government hospitals especially yung mga referral hospital natin in NCR and regional hospitals kung may lalabis doon sa mga nagpahayag na ayaw magpabakuna at gustong magpabakuna then we can share naman, ani Tan.","Siguro ang tinitignan lang natin unahin yung mga government hospital, ngayon naman kasi may initial survey na each of the government hospitals especially yung mga referral hospital natin in NCR and regional hospitals kung may lalabis doon sa mga nagpahayag na na ayaw magpabakuna at gustong magpabakuna then we can share naman, ani Tan.",[],{},FN,FN
Ibig sabihin niyan may isang kumpanya nang magbabalik sa paggawa ng mga pelikulang seryoso.,Ibig sabihin niyan may isang kumpanya nang magbabalik sa paggawa ng mga pelikulang seryoso.,Ibig sabihin niyan may isang kumpanya nang magbabalik sa paggawa ng mga pelikulang seryoso.,[],{},TN,TN
"Sa naturang putukan, kapansin-pansin ang isang lumaki na nakasuot ng itim na damit na nakatayo at malapit sa driver side habang nangyayari ang barilan.","Sa naturang putukan, kapansin-pansin ang isang lalaki na nakasuot ng itim na damit na nakatayo at malapit sa driver side habang nangyayari ang barilan.","Sa naturang putukan, kapansin-pansin ang isang lumaki na nakasuot ng itim na damit na nakatayo at malapit sa driver side habang nangyayari ang barilan.",[],{},FN,FN
Nagtataka daw kasi ang asawa kung bakit parang masaya pa siya sa kabila ng mga nangyari ngunit yun pala ang paraan ng vlogger para maitago ang sakit na nararamdaman.,Nagtataka raw kasi ang asawa kung bakit parang masaya pa siya sa kabila ng mga nangyari ngunit yun pala ang paraan ng vlogger para maitago ang sakit na nararamdaman.,Nagtataka raw kasi ang asawa kung bakit parang masaya pa siya sa kabila ng mga nangyari ngunit yun pala ang paraan ng vlogger para maitago ang sakit na nararamdaman.,[],{},TP,TP
"Anong inisip mo nang ginawa mo yon, galit na tanong ng pinuno ng kapulisan habang nakaturo ang daliri niya-sa ulo ng pulis.","Anong inisip mo nang ginawa mo yon, galit na tanong ng pinuno ng kapulisan habang nakaturo ang daliri niya sa ulo ng pulis.","Anong inisip mo nang ginawa mo yon, galit na tanong ng pinuno ng kapulisan habang nakaturo ang daliri niya-sa ulo ng pulis.",[],{},FN,FN
"Kung magtutuloy-tuloy ang pagkontrol sa transmission, tayo po lahat ay nagho-hope that by Christmas time ay magkaroon tayo ng mas maluwag na classification and restriction sa mga kababayan, wika ni Vergeire.","Kung magtutuloy-tuloy ang pagkontrol sa transmission, tayo po lahat ay nagho-hope that by Christmas time ay magkaroon tayo ng mas maluwag na classification and restriction sa mga kababayan, wika ni Vergeire.","Kung magtutuloy-tuloy ang pagkontrol sa transmission, tayo po lahat ay nagho-hope that by Christmas time ay magkaroon tayo ng mas maluwag na classification and restriction sa mga kababayan, wika ni Vergeire.",[],{},TN,TN
"Bilang isang babae at ina, pinaniniwalaan ako sa tamang proteksiyon at karapatan ng lahat kababaihan sa ating lipunan.","Bilang isang babae at ina, naniniwala ako sa tamang proteksiyon at karapatan ng lahat kababaihan sa ating lipunan.","Bilang isang babae at ina, pinaniniwalaan ako sa tamang proteksiyon at karapatan ng lahat kababaihan sa ating lipunan.",[],{},FN,FN
"Kinilala ng pulisya ang nasawing si Eleazer Cameo, 62, may-asawa at residente ng Barangay Bulakin 2.","Kinilala ng pulisya ang nasawing si Eleazer Cameo, 62, may-asawa at residente ng Barangay Bulakin 2.","Kinilala ng pulisya ang nasawing si lazer aamen, ag, may-asawa at residente ng Barangay bulakan d.","['Eleazer', 'Cameo', '62', 'Bulakin', '2']","{'Eleazer': ['eleazar', 'clearer', 'lazer', 'leader', 'bearer'], 'Cameo': ['came', 'kameo', 'aamen', 'aamo', 'amen'], '62': ['ab', 'ad', 'ag', 'ah', 'ak'], 'Bulakin': ['balakin', 'bulagin', 'bulakan', 'bulasin', 'bulatin'], '2': ['b', 'c', 'd', 'e', 'f']}",FP,FP
"Ilang araw pa lang ng patayin ng Valenzuela PNP ang 18-anyos na may kapansanang si Erwin Arnigo habang ""nagsasagawa ng raid sa isang tupada"" at pinararatangang nangtangkang mang-agaw ng baril, kahit ganyan ang testimonya ng ilan.","Ilang araw pa lang nang patayin ng Valenzuela PNP ang 18-anyos na may kapansanang si Erwin Arnigo habang ""nagsasagawa ng raid sa isang tupada"" at pinararatangang nangtangkang mang-agaw ng baril, kahit ganyan ang testimonya ng ilan.","Ilang araw pa lang ng patayin ng aabentura pdp ang ag-anyos na may kapansanang si Erwin anggo habang ""nagsasagawa ng raid sa isang tupada"" at pinararatangang nangtangkang mang-agaw ng baril, kahit ganyan ang testimonya ng ilan.","['Valenzuela', 'PNP', '18', 'Arnigo']","{'Valenzuela': ['sarzuela', 'telenovela', 'aabentura', 'abentura', 'abenturera'], 'PNP': ['lpnp', 'pap', 'pdp', 'pep', 'png'], '18': ['ab', 'ad', 'ag', 'ah', 'ak'], 'Arnigo': ['aanito', 'abrigo', 'anggo', 'ango', 'aniko']}",TP,FN
Dati nang sumusuporta ang SMC sa Philippine sports kagaya ng pagdaraos ng Southeast Asian Games noong Disyembre ng 2019 kung saan hinirang na overall champion ang bansa.,Dati nang sumusuporta ang SMC sa Philippine sports kagaya ng pagdaraos ng Southeast Asian Games noong Disyembre ng 2019 kung saan hinirang na overall champion ang bansa.,Dati nang sumusuporta ang am sa Philippine sports kagaya ng pagdaraos ng Southeast asiman Games noong Disyembre ng aako kung saan hinirang na overall champion ang bansa.,"['SMC', 'Asian', '2019']","{'SMC': ['sec', 'sm', 'am', 'ama', 'amd'], 'Asian': ['arian', 'asias', 'asiman', 'asin', 'asinan'], '2019': ['aaba', 'aag', 'aako', 'aal', 'aala']}",FP,FP
"Habang bata ka, nag-iipon ka na.","Habang bata ka, nag-iipon ka na.","Habang bata ka, nag-iipon ka na.",[],{},TN,TN
"Sa kabila ng malakas na pag-ulan at pagbaha sa ilang lugar sa lungsod, tinupad pa din ni Moreno ang sinabi niya na umulan man o umaraw ay tuloy lang ang bakunahan, kahit pa weekends o holidays.","Sa kabila ng malakas na pag-ulan at pagbaha sa ilang lugar sa lungsod, tinupad pa rin ni Moreno ang sinabi niya na umulan man o umaraw ay tuloy lang ang bakunahan, kahit pa weekends o holidays.","Sa kabila ng malakas na pag-ulan at pagbaha sa ilang lugar sa lungsod, tinupad pa rin ni forego ang sinabi niya na umulan man o umaraw ay tuloy lang ang bakunahan, kahit pa weekends o holidays.",['Moreno'],"{'Moreno': ['morena', 'eoseno', 'forego', 'ipreno', 'koreo']}",TP,FN
"Gayunman, sinabi ng ng kinatawan ng isa sa mga complainant na mga dealer umano nila ang nagsumbong sa ilegal umanong pagre refill sa kanilang mga tangke.","Gayunman, sinabi ng ng kinatawan ng isa sa mga complainant na mga dealer umano nila ang nagsumbong sa ilegal umanong pagre-refill sa kanilang mga tangke.","Gayunman, sinabi ng ng kinatawan ng isa sa mga complainant na mga dealer umano nila ang nagsumbong sa ilegal umanong pagre refill sa kanilang mga tangke.",[],{},FN,FN
"Ngunit sa kasalukuyang sitwasyon, ang P6,500 kada buwan na natamo ng mga mga tricycle at jeepney driver sa kanilang ay halos wala ring naibigay na ginhawa sa kanila.","Ngunit sa kasalukuyang sitwasyon, ang P6,500 kada buwan na natamo ng mga tricycle at jeepney driver sa kanilang ay halos wala ring naibigay na ginhawa sa kanila.","Ngunit sa kasalukuyang sitwasyon, ang pa,aam kara buwan na natamo ng mga mga tricycle at jeepney driver sa kanilang ay halos wala ring naibigay na ginhawa sa kanila.","['P6', '500']","{'P6': ['p', 'p3', 'pa', 'pg', 'ph'], '500': ['aag', 'aal', 'aam', 'aat', 'aaw']}",TP,FN
Hinikayat rin ng FDA at DOH ang lahat ng health workers na magpabakuna dahil milyon-milyong tao na sa mundo ang nabakunahan.,Hinikayat din ng FDA at DOH ang lahat ng health workers na magpabakuna dahil milyon-milyong tao na sa mundo ang nabakunahan.,Hinikayat din ng FDA at DOH ang lahat ng health workers na magpabakuna dahil milyon-milyong tao na sa mundo ang nabakunahan.,[],{},TP,TP
"Kahit anong ingat mo, pwedeng pwede-ka tamaan ng COVID.","Kahit anong ingat mo, pwedeng pwede ka tamaan ng COVID.","Kahit anong ingat mo, pwedeng pwede-ka tamaan ng COVID.",[],{},FN,FN
Nauna ng kinumpirma ng DBM na P5 bilyon ang kabuuang tulong na ilalaan sa mga tsuper kung saan ang kalahati o P2.5.,Nauna nang kinumpirma ng DBM na P5 bilyon ang kabuuang tulong na ilalaan sa mga tsuper kung saan ang kalahati o P2.5.,Nauna ng kinumpirma ng dim na p3 bilyon ang kabuuang tulong na ilalaan sa mga tsuper kung saan ang kalahati o p3.d.,"['DBM', 'P5', 'P2', '5']","{'DBM': ['bbm', 'dam', 'dim', 'dom', 'aam'], 'P5': ['p', 'p25', 'p3', 'p57', 'p75'], 'P2': ['p', 'p25', 'p3', 'pa', 'pg'], '5': ['b', 'c', 'd', 'e', 'f']}",TP,FN
"Suportado ng Department of Health (DOH) ang panawagan ng ilang healthcare workers na itaas nang husto ang sweldo ng mga nurse, pero kinakailangan muna daw itong maisabatas.","Suportado ng Department of Health (DOH) ang panawagan ng ilang healthcare workers na itaas nang husto ang sweldo ng mga nurse, pero kinakailangan muna raw itong maisabatas.","Suportado ng Department of Health (DOH) ang panawagan ng ilang healthcare workers na itaas nang husto ang sweldo ng mga nurse, pero kinakailangan muna raw itong maisabatas.",[],{},TP,TP
"Na-mention din ni Jane na dream come true ang pagpasok niya sa long running teleserye dahil noon pag nanonood raw siya, iniisip niya kung anong role ang bagay sa kanya.","Na-mention din ni Jane na dream come true ang pagpasok niya sa long running teleserye dahil noon pag nanonood daw siya, iniisip niya kung anong role ang bagay sa kanya.","Na-mention din ni vane na dream come are ang pagpasok niya sa long running teleserye dahil noon pag nanonood daw siya, iniisip niya kung anong role ang bagay sa kanya.","['Jane', 'true']","{'Jane': ['june', 'lane', 'vane', 'aang', 'aani'], 'true': ['tree', 'truce', 'are', 'arte', 'blue']}",TP,FN
"Huwebes noong nakaraang linggo lang nang makaranas ang aktres na si Barbie Forteza ng parehong problema, noong bunuin niya ang haba ng pila bandang 4 a.m. para makapagparehistro bago ang eleksyon.","Huwebes noong nakaraang linggo lang nang makaranas ang aktres na si Barbie Forteza ng parehong problema, noong bunuin niya ang haba ng pila bandang 4 a.m. para makapagparehistro bago ang eleksyon.","Huwebes noong nakaraang linggo lang nang makaranas ang aktres na si Barbie force ng parehong problema, noong bunuin niya ang haba ng pila bandang d ag.m. para makapagparehistro bago ang eleksyon.","['Forteza', '4', 'a']","{'Forteza': ['kortesa', 'portera', 'force', 'forced', 'forces'], '4': ['b', 'c', 'd', 'e', 'f'], 'a': ['ab', 'ad', 'ag', 'ah', 'ak']}",FP,FP
Kulang din raw ang tauhan ni kapitan para magsagawa ng road clearing operations.,Kulang din daw ang tauhan ni kapitan para magsagawa ng road clearing operations.,Kulang din daw ang tauhan ni kapitan para magsagawa ng road clearing operations.,[],{},TP,TP
"Nag-aaway mga babae na pangalan Marites talaga, na ikinatawa ng ibang cabinet members na andun sa briefing sa Malaca?ñang.","Nag-aaway mga babae na pangalan Marites talaga, na ikinatawa ng ibang cabinet members na andun sa briefing sa Malaca?ñang.","Nag-aaway mga babae na pangalan Marites talaga, na ikinatawa ng ibang cabinet members na andun sa briefing sa malasa?bang.","['Malaca', 'ñang']","{'Malaca': ['malaga', 'malala', 'malasa', 'malata', 'malawa'], 'ñang': ['aang', 'ang', 'bang', 'cang', 'dang']}",FP,FP
"Maaaring ganundin sa Kapamilya channel, kaya nagresign na muna si Toni Gonzaga sa PBB.","Maaaring ganundin sa Kapamilya channel, kaya nag-resign na muna si Toni Gonzaga sa PBB.","Maaaring ganundin sa Kapamilya channel, kaya agresibo na muna si tone bongga sa aba.","['nagresign', 'Toni', 'Gonzaga', 'PBB']","{'nagresign': ['nagresibo', 'agrerian', 'agresibo', 'agresyon', 'magresibo'], 'Toni': ['tini', 'ton', 'tone', 'tong', 'tono'], 'Gonzaga': ['ginaga', 'banyaga', 'bongga', 'dinaga', 'gaga'], 'PBB': ['peb', 'ab', 'aba', 'abf', 'abo']}",TP,FN
"Dito talaga ako naggrow as an artist, as an actor.","Dito talaga ako nag-grow as an artist, as an actor.","Dito talaga ako nagro as an artist, as an actor.",['naggrow'],"{'naggrow': ['nagbro', 'nagpro', 'nagro', 'agro', 'kaguro']}",TP,FN
"Tapos, parang hindi din namin alam kung nagi-get ba nila yung connection talaga when screen lang yung nakikita.","Tapos, parang hindi rin namin alam kung nagi-get ba nila yung connection talaga when screen lang yung nakikita.","Tapos, parang hindi rin namin alam kung nagi-get ba nila yung connection talaga when screen lang yung nakikita.",[],{},TP,TP
Sa nakalipas na linggo na indikasyon ng patuloy na pagdami ng nahahawa sa virus.,Sa nakalipas na linggo na indikasyon ng patuloy na pagdami ng nahahawa sa virus.,Sa nakalipas na linggo na indikasyon ng patuloy na pagdami ng nahahawa sa virus.,[],{},TN,TN
"This coming week ay may taas presyo naman ang gasolina, kaya medyo nag-iisip ka naman kung paano makakatipid sa paglabas.","This coming week ay may taas presyo na naman ang gasolina, kaya medyo nag-iisip ka naman kung paano makakatipid sa paglabas.","This coming week ay may taas presyo naman ang gasolina, kaya medyo nag-iisip ka naman kung paano makakatipid sa paglabas.",[],{},FN,FN
Nasabik nga siya dahil nakita niya na nandun pa rin ang avid fans niya na gustung gusto siyang mapanood.,Nasabik nga siya dahil nakita niya na nandun pa rin ang avid fans niya na gustung-gusto siyang mapanood.,Nasabik nga siya dahil nakita niya na anden pa rin ang avid fans niya na gustung gusto siyang mapanood.,['nandun'],"{'nandun': ['andun', 'nandon', 'anden', 'andon', 'ganun']}",TP,FN
